solid OpenSCAD_Model
  facet normal 0 0 -1
    outer loop
      vertex -78.73484305292368 -35.1852762773633 16
      vertex -79.67490345239639 -33.448196813464165 16
      vertex -71.1548494156391 -30.978354290456362 16
    endloop
  endfacet
  facet normal 0 0 -1
    outer loop
      vertex -78.73484305292368 -35.1852762773633 16
      vertex -70.47835429045637 -31.65484941563911 16
      vertex -70 -31.75 16
    endloop
  endfacet
  facet normal 0 0 -1
    outer loop
      vertex -78.73484305292368 -35.1852762773633 16
      vertex -70 -31.75 16
      vertex -69.52164570954363 -31.65484941563911 16
    endloop
  endfacet
  facet normal -0.677281572679128 -0.7357239097034207 0
    outer loop
      vertex -78.73484305292368 -35.1852762773633 16
      vertex -77.28168895095587 -36.5229988694191 16
      vertex -78.73484305292368 -35.1852762773633 17.6
    endloop
  endfacet
  facet normal -0.4016954232867398 -0.9157733272543414 0
    outer loop
      vertex -77.28168895095587 -36.5229988694191 16
      vertex -75.47291292250156 -37.31640159338713 16
      vertex -77.28168895095587 -36.5229988694191 17.6
    endloop
  endfacet
  facet normal -0.8794737503525154 -0.4759473946150786 0
    outer loop
      vertex -78.73484305292368 -35.1852762773633 16
      vertex -79.67490345239639 -33.448196813464165 17.6
      vertex -79.67490345239639 -33.448196813464165 16
    endloop
  endfacet
  facet normal -0.12369263278963322 -0.9923205795475417 0
    outer loop
      vertex -75.47291292250156 -37.31640159338713 16
      vertex -74 -37.5 16
      vertex -75.47291292250156 -37.31640159338713 17.6
    endloop
  endfacet
  facet normal 0 0 -1
    outer loop
      vertex -79.67490345239639 -33.448196813464165 16
      vertex -80 -31.5 16
      vertex -71.1548494156391 -30.021645709543638 16
    endloop
  endfacet
  facet normal 0 0 -1
    outer loop
      vertex -79.67490345239639 -33.448196813464165 16
      vertex -71.25 -30.5 16
      vertex -71.1548494156391 -30.978354290456362 16
    endloop
  endfacet
  facet normal 0 0 -1
    outer loop
      vertex -78.73484305292368 -35.1852762773633 16
      vertex -70.88388347648319 -31.383883476483184 16
      vertex -70.47835429045637 -31.65484941563911 16
    endloop
  endfacet
  facet normal 0 0 -1
    outer loop
      vertex -78.73484305292368 -35.1852762773633 16
      vertex -71.1548494156391 -30.978354290456362 16
      vertex -70.88388347648319 -31.383883476483184 16
    endloop
  endfacet
  facet normal 0 0 -1
    outer loop
      vertex -79.67490345239639 -33.448196813464165 16
      vertex -71.1548494156391 -30.021645709543638 16
      vertex -71.25 -30.5 16
    endloop
  endfacet
  facet normal 0 0 -1
    outer loop
      vertex -80 -31.5 16
      vertex -70.88388347648319 -29.616116523516816 16
      vertex -71.1548494156391 -30.021645709543638 16
    endloop
  endfacet
  facet normal 0 0 -1
    outer loop
      vertex -80 -31.5 16
      vertex -70.47835429045637 -29.34515058436089 16
      vertex -70.88388347648319 -29.616116523516816 16
    endloop
  endfacet
  facet normal -0.9863613035587513 -0.16459458934570417 0
    outer loop
      vertex -79.67490345239639 -33.448196813464165 16
      vertex -80 -31.5 17.6
      vertex -80 -31.5 16
    endloop
  endfacet
  facet normal 0.19509032201612492 0.980785280403231 0
    outer loop
      vertex -70.47835429045637 -31.65484941563911 16
      vertex -70.47835429045637 -31.65484941563911 17.6
      vertex -70 -31.75 16
    endloop
  endfacet
  facet normal 0.5555702330196003 0.8314696123025466 0
    outer loop
      vertex -70.47835429045637 -31.65484941563911 16
      vertex -70.88388347648319 -31.383883476483184 16
      vertex -70.88388347648319 -31.383883476483184 17.6
    endloop
  endfacet
  facet normal 0.8314696123025543 0.5555702330195886 0
    outer loop
      vertex -70.88388347648319 -31.383883476483184 16
      vertex -71.1548494156391 -30.978354290456362 16
      vertex -71.1548494156391 -30.978354290456362 17.6
    endloop
  endfacet
  facet normal 0.9807852804032294 0.19509032201613336 0
    outer loop
      vertex -71.1548494156391 -30.978354290456362 16
      vertex -71.25 -30.5 16
      vertex -71.25 -30.5 17.6
    endloop
  endfacet
  facet normal 0.9807852804032294 -0.19509032201613336 0
    outer loop
      vertex -71.25 -30.5 16
      vertex -71.1548494156391 -30.021645709543638 16
      vertex -71.1548494156391 -30.021645709543638 17.6
    endloop
  endfacet
  facet normal 0.8314696123025543 -0.5555702330195886 0
    outer loop
      vertex -71.1548494156391 -30.021645709543638 16
      vertex -70.88388347648319 -29.616116523516816 16
      vertex -70.88388347648319 -29.616116523516816 17.6
    endloop
  endfacet
  facet normal 0.5555702330196003 -0.8314696123025466 0
    outer loop
      vertex -70.88388347648319 -29.616116523516816 16
      vertex -70.47835429045637 -29.34515058436089 16
      vertex -70.47835429045637 -29.34515058436089 17.6
    endloop
  endfacet
  facet normal 0.19509032201612492 -0.980785280403231 0
    outer loop
      vertex -70.47835429045637 -29.34515058436089 16
      vertex -70 -29.25 16
      vertex -70 -29.25 17.6
    endloop
  endfacet
  facet normal 0 0 -1
    outer loop
      vertex -77.28168895095587 -36.5229988694191 16
      vertex -44.3 -36.35 16
      vertex -75.47291292250156 -37.31640159338713 16
    endloop
  endfacet
  facet normal 0 0 -1
    outer loop
      vertex -78.73484305292368 -35.1852762773633 16
      vertex -44.3 -36.35 16
      vertex -77.28168895095587 -36.5229988694191 16
    endloop
  endfacet
  facet normal 0 0 -1
    outer loop
      vertex -78.73484305292368 -35.1852762773633 16
      vertex -69.52164570954363 -31.65484941563911 16
      vertex -56 -28.125 16
    endloop
  endfacet
  facet normal 0 0 -1
    outer loop
      vertex -78.73484305292368 -35.1852762773633 16
      vertex -56 -28.125 16
      vertex -54 -28.125 16
    endloop
  endfacet
  facet normal 0 0 -1
    outer loop
      vertex -78.73484305292368 -35.1852762773633 16
      vertex -54 -28.125 16
      vertex -49 -28.125 16
    endloop
  endfacet
  facet normal 0 0 -1
    outer loop
      vertex -69.52164570954363 -31.65484941563911 16
      vertex -69.11611652351681 -31.383883476483184 16
      vertex -56 -28.125 16
    endloop
  endfacet
  facet normal 0 0 -1
    outer loop
      vertex -69.11611652351681 -31.383883476483184 16
      vertex -68.8451505843609 -30.978354290456362 16
      vertex -56 -28.125 16
    endloop
  endfacet
  facet normal 0 0 -1
    outer loop
      vertex -68.8451505843609 -30.978354290456362 16
      vertex -56 -26.875 16
      vertex -56 -28.125 16
    endloop
  endfacet
  facet normal -0.19509032201612492 0.980785280403231 0
    outer loop
      vertex -70 -31.75 16
      vertex -70 -31.75 17.6
      vertex -69.52164570954363 -31.65484941563911 16
    endloop
  endfacet
  facet normal -0.5555702330196003 0.8314696123025466 0
    outer loop
      vertex -69.52164570954363 -31.65484941563911 16
      vertex -69.52164570954363 -31.65484941563911 17.6
      vertex -69.11611652351681 -31.383883476483184 16
    endloop
  endfacet
  facet normal -0.8314696123025543 0.5555702330195886 0
    outer loop
      vertex -69.11611652351681 -31.383883476483184 16
      vertex -69.11611652351681 -31.383883476483184 17.6
      vertex -68.8451505843609 -30.978354290456362 16
    endloop
  endfacet
  facet normal -0.9807852804032294 0.19509032201613336 0
    outer loop
      vertex -68.8451505843609 -30.978354290456362 16
      vertex -68.8451505843609 -30.978354290456362 17.6
      vertex -68.75 -30.5 16
    endloop
  endfacet
  facet normal -0.9807852804032294 -0.19509032201613336 0
    outer loop
      vertex -68.75 -30.5 16
      vertex -68.75 -30.5 17.6
      vertex -68.8451505843609 -30.021645709543638 16
    endloop
  endfacet
  facet normal -0.8314696123025543 -0.5555702330195886 0
    outer loop
      vertex -68.8451505843609 -30.021645709543638 16
      vertex -68.8451505843609 -30.021645709543638 17.6
      vertex -69.11611652351681 -29.616116523516816 16
    endloop
  endfacet
  facet normal -0.19509032201612492 -0.980785280403231 0
    outer loop
      vertex -69.52164570954363 -29.34515058436089 16
      vertex -69.52164570954363 -29.34515058436089 17.6
      vertex -70 -29.25 16
    endloop
  endfacet
  facet normal -0.5555702330196003 -0.8314696123025466 0
    outer loop
      vertex -69.52164570954363 -29.34515058436089 16
      vertex -69.11611652351681 -29.616116523516816 16
      vertex -69.11611652351681 -29.616116523516816 17.6
    endloop
  endfacet
  facet normal 0 0 -1
    outer loop
      vertex -80 -31.5 16
      vertex -33 -13.125 16
      vertex -70.47835429045637 -29.34515058436089 16
    endloop
  endfacet
  facet normal 0 0 -1
    outer loop
      vertex -78.73484305292368 -35.1852762773633 16
      vertex -44.3 -32.65 16
      vertex -44.3 -36.35 16
    endloop
  endfacet
  facet normal 0 0 -1
    outer loop
      vertex -75.47291292250156 -37.31640159338713 16
      vertex -4.47 -37.324999999999996 16
      vertex -74 -37.5 16
    endloop
  endfacet
  facet normal 0 0 -1
    outer loop
      vertex -75.47291292250156 -37.31640159338713 16
      vertex -44.3 -36.35 16
      vertex -35.7 -36.35 16
    endloop
  endfacet
  facet normal 0 0 -1
    outer loop
      vertex -78.73484305292368 -35.1852762773633 16
      vertex -49 -28.125 16
      vertex -47 -28.125 16
    endloop
  endfacet
  facet normal 0 0 -1
    outer loop
      vertex -78.73484305292368 -35.1852762773633 16
      vertex -7 -28.875 16
      vertex -44.3 -32.65 16
    endloop
  endfacet
  facet normal 0 0 -1
    outer loop
      vertex -70.47835429045637 -29.34515058436089 16
      vertex -31 -13.125 16
      vertex -70 -29.25 16
    endloop
  endfacet
  facet normal 0 0 -1
    outer loop
      vertex -68.8451505843609 -30.021645709543638 16
      vertex -69.11611652351681 -29.616116523516816 16
      vertex -28 -13.125 16
    endloop
  endfacet
  facet normal 0 0 -1
    outer loop
      vertex -69.52164570954363 -29.34515058436089 16
      vertex -28 -13.125 16
      vertex -69.11611652351681 -29.616116523516816 16
    endloop
  endfacet
  facet normal 0 0 -1
    outer loop
      vertex -69.52164570954363 -29.34515058436089 16
      vertex -70 -29.25 16
      vertex -28 -13.125 16
    endloop
  endfacet
  facet normal 0 0 -1
    outer loop
      vertex -54 -26.875 16
      vertex -49 -28.125 16
      vertex -54 -28.125 16
    endloop
  endfacet
  facet normal 0 0 -1
    outer loop
      vertex -54 -26.875 16
      vertex -49 -26.875 16
      vertex -49 -28.125 16
    endloop
  endfacet
  facet normal 0 0 -1
    outer loop
      vertex -68.8451505843609 -30.978354290456362 16
      vertex -68.75 -30.5 16
      vertex -26 -13.125 16
    endloop
  endfacet
  facet normal 0 0 -1
    outer loop
      vertex -68.75 -30.5 16
      vertex -68.8451505843609 -30.021645709543638 16
      vertex -26 -13.125 16
    endloop
  endfacet
  facet normal 0 0 -1
    outer loop
      vertex -80 -31.5 16
      vertex -38 -11.875 16
      vertex -38 -13.125 16
    endloop
  endfacet
  facet normal 0 0 -1
    outer loop
      vertex -80 -31.5 16
      vertex -38 -13.125 16
      vertex -36 -13.125 16
    endloop
  endfacet
  facet normal 0 0 -1
    outer loop
      vertex -68.8451505843609 -30.978354290456362 16
      vertex -13 -13.125 16
      vertex -56 -26.875 16
    endloop
  endfacet
  facet normal 0 0 -1
    outer loop
      vertex -78.73484305292368 -35.1852762773633 16
      vertex -47 -28.125 16
      vertex 5.1 -17.775 16
    endloop
  endfacet
  facet normal 0 0 -1
    outer loop
      vertex -80 -31.5 16
      vertex -36 -13.125 16
      vertex -33 -11.875 16
    endloop
  endfacet
  facet normal 0 0 -1
    outer loop
      vertex -80 -31.5 16
      vertex -33 -11.875 16
      vertex -33 -13.125 16
    endloop
  endfacet
  facet normal 0 0 -1
    outer loop
      vertex -56 -26.875 16
      vertex -11 -13.125 16
      vertex -54 -26.875 16
    endloop
  endfacet
  facet normal 0 0 -1
    outer loop
      vertex -68.8451505843609 -30.021645709543638 16
      vertex -28 -13.125 16
      vertex -26 -13.125 16
    endloop
  endfacet
  facet normal -0.677281572679128 -0.7357239097034207 0
    outer loop
      vertex -77.28168895095587 -36.5229988694191 16
      vertex -77.28168895095587 -36.5229988694191 17.6
      vertex -78.73484305292368 -35.1852762773633 17.6
    endloop
  endfacet
  facet normal -0.4016954232867398 -0.9157733272543414 0
    outer loop
      vertex -75.47291292250156 -37.31640159338713 16
      vertex -75.47291292250156 -37.31640159338713 17.6
      vertex -77.28168895095587 -36.5229988694191 17.6
    endloop
  endfacet
  facet normal -0.8794737503525154 -0.4759473946150786 0
    outer loop
      vertex -78.73484305292368 -35.1852762773633 16
      vertex -78.73484305292368 -35.1852762773633 17.6
      vertex -79.67490345239639 -33.448196813464165 17.6
    endloop
  endfacet
  facet normal -0.12369263278963322 -0.9923205795475417 0
    outer loop
      vertex -74 -37.5 16
      vertex -74 -37.5 17.6
      vertex -75.47291292250156 -37.31640159338713 17.6
    endloop
  endfacet
  facet normal 0 0 1
    outer loop
      vertex -78.73484305292368 -35.1852762773633 17.6
      vertex -71.1548494156391 -30.978354290456362 17.6
      vertex -79.67490345239639 -33.448196813464165 17.6
    endloop
  endfacet
  facet normal 0 0 1
    outer loop
      vertex -78.73484305292368 -35.1852762773633 17.6
      vertex -70 -31.75 17.6
      vertex -70.47835429045637 -31.65484941563911 17.6
    endloop
  endfacet
  facet normal 0 0 1
    outer loop
      vertex -78.73484305292368 -35.1852762773633 17.6
      vertex -69.52164570954363 -31.65484941563911 17.6
      vertex -70 -31.75 17.6
    endloop
  endfacet
  facet normal -0.9863613035587513 -0.16459458934570417 0
    outer loop
      vertex -79.67490345239639 -33.448196813464165 16
      vertex -79.67490345239639 -33.448196813464165 17.6
      vertex -80 -31.5 17.6
    endloop
  endfacet
  facet normal 0.19509032201612492 0.980785280403231 0
    outer loop
      vertex -70 -31.75 16
      vertex -70.47835429045637 -31.65484941563911 17.6
      vertex -70 -31.75 17.6
    endloop
  endfacet
  facet normal 0.8314696123025543 0.5555702330195886 0
    outer loop
      vertex -70.88388347648319 -31.383883476483184 16
      vertex -71.1548494156391 -30.978354290456362 17.6
      vertex -70.88388347648319 -31.383883476483184 17.6
    endloop
  endfacet
  facet normal 0.5555702330196003 0.8314696123025466 0
    outer loop
      vertex -70.47835429045637 -31.65484941563911 16
      vertex -70.88388347648319 -31.383883476483184 17.6
      vertex -70.47835429045637 -31.65484941563911 17.6
    endloop
  endfacet
  facet normal 0.9807852804032294 0.19509032201613336 0
    outer loop
      vertex -71.1548494156391 -30.978354290456362 16
      vertex -71.25 -30.5 17.6
      vertex -71.1548494156391 -30.978354290456362 17.6
    endloop
  endfacet
  facet normal 0.9807852804032294 -0.19509032201613336 0
    outer loop
      vertex -71.25 -30.5 16
      vertex -71.1548494156391 -30.021645709543638 17.6
      vertex -71.25 -30.5 17.6
    endloop
  endfacet
  facet normal 0.8314696123025543 -0.5555702330195886 0
    outer loop
      vertex -71.1548494156391 -30.021645709543638 16
      vertex -70.88388347648319 -29.616116523516816 17.6
      vertex -71.1548494156391 -30.021645709543638 17.6
    endloop
  endfacet
  facet normal 0.5555702330196003 -0.8314696123025466 0
    outer loop
      vertex -70.88388347648319 -29.616116523516816 16
      vertex -70.47835429045637 -29.34515058436089 17.6
      vertex -70.88388347648319 -29.616116523516816 17.6
    endloop
  endfacet
  facet normal 0.19509032201612492 -0.980785280403231 0
    outer loop
      vertex -70.47835429045637 -29.34515058436089 16
      vertex -70 -29.25 17.6
      vertex -70.47835429045637 -29.34515058436089 17.6
    endloop
  endfacet
  facet normal 0 0 1
    outer loop
      vertex -79.67490345239639 -33.448196813464165 17.6
      vertex -70.88388347648319 -29.616116523516816 17.6
      vertex -80 -31.5 17.6
    endloop
  endfacet
  facet normal 0 0 1
    outer loop
      vertex -79.67490345239639 -33.448196813464165 17.6
      vertex -71.1548494156391 -30.978354290456362 17.6
      vertex -71.25 -30.5 17.6
    endloop
  endfacet
  facet normal 0 0 1
    outer loop
      vertex -78.73484305292368 -35.1852762773633 17.6
      vertex -70.47835429045637 -31.65484941563911 17.6
      vertex -70.88388347648319 -31.383883476483184 17.6
    endloop
  endfacet
  facet normal 0 0 1
    outer loop
      vertex -78.73484305292368 -35.1852762773633 17.6
      vertex -70.88388347648319 -31.383883476483184 17.6
      vertex -71.1548494156391 -30.978354290456362 17.6
    endloop
  endfacet
  facet normal 0 0 1
    outer loop
      vertex -79.67490345239639 -33.448196813464165 17.6
      vertex -71.25 -30.5 17.6
      vertex -71.1548494156391 -30.021645709543638 17.6
    endloop
  endfacet
  facet normal 0 0 1
    outer loop
      vertex -79.67490345239639 -33.448196813464165 17.6
      vertex -71.1548494156391 -30.021645709543638 17.6
      vertex -70.88388347648319 -29.616116523516816 17.6
    endloop
  endfacet
  facet normal 0 0 1
    outer loop
      vertex -80 -31.5 17.6
      vertex -70.88388347648319 -29.616116523516816 17.6
      vertex -70.47835429045637 -29.34515058436089 17.6
    endloop
  endfacet
  facet normal -0.19509032201612492 0.980785280403231 0
    outer loop
      vertex -69.52164570954363 -31.65484941563911 16
      vertex -70 -31.75 17.6
      vertex -69.52164570954363 -31.65484941563911 17.6
    endloop
  endfacet
  facet normal -0.5555702330196003 0.8314696123025466 0
    outer loop
      vertex -69.11611652351681 -31.383883476483184 16
      vertex -69.52164570954363 -31.65484941563911 17.6
      vertex -69.11611652351681 -31.383883476483184 17.6
    endloop
  endfacet
  facet normal -0.8314696123025543 0.5555702330195886 0
    outer loop
      vertex -68.8451505843609 -30.978354290456362 16
      vertex -69.11611652351681 -31.383883476483184 17.6
      vertex -68.8451505843609 -30.978354290456362 17.6
    endloop
  endfacet
  facet normal -0.9807852804032294 0.19509032201613336 0
    outer loop
      vertex -68.75 -30.5 16
      vertex -68.8451505843609 -30.978354290456362 17.6
      vertex -68.75 -30.5 17.6
    endloop
  endfacet
  facet normal -0.9807852804032294 -0.19509032201613336 0
    outer loop
      vertex -68.8451505843609 -30.021645709543638 16
      vertex -68.75 -30.5 17.6
      vertex -68.8451505843609 -30.021645709543638 17.6
    endloop
  endfacet
  facet normal -0.5555702330196003 -0.8314696123025466 0
    outer loop
      vertex -69.52164570954363 -29.34515058436089 16
      vertex -69.11611652351681 -29.616116523516816 17.6
      vertex -69.52164570954363 -29.34515058436089 17.6
    endloop
  endfacet
  facet normal -0.8314696123025543 -0.5555702330195886 0
    outer loop
      vertex -69.11611652351681 -29.616116523516816 16
      vertex -68.8451505843609 -30.021645709543638 17.6
      vertex -69.11611652351681 -29.616116523516816 17.6
    endloop
  endfacet
  facet normal -0.19509032201612492 -0.980785280403231 0
    outer loop
      vertex -70 -29.25 16
      vertex -69.52164570954363 -29.34515058436089 17.6
      vertex -70 -29.25 17.6
    endloop
  endfacet
  facet normal 0 0 1
    outer loop
      vertex -78.73484305292368 -35.1852762773633 17.6
      vertex -56 -30.625 17.6
      vertex -56 -29.375 17.6
    endloop
  endfacet
  facet normal 0 0 1
    outer loop
      vertex -78.73484305292368 -35.1852762773633 17.6
      vertex -54 -30.625 17.6
      vertex -56 -30.625 17.6
    endloop
  endfacet
  facet normal 0 0 1
    outer loop
      vertex -78.73484305292368 -35.1852762773633 17.6
      vertex -49 -30.625 17.6
      vertex -54 -30.625 17.6
    endloop
  endfacet
  facet normal 0 0 1
    outer loop
      vertex -80 -31.5 17.6
      vertex -69.45 -19.55 17.6
      vertex -74.55 -19.55 17.6
    endloop
  endfacet
  facet normal 0 0 1
    outer loop
      vertex -80 -31.5 17.6
      vertex -74.55 -19.55 17.6
      vertex -74.55 -14.45 17.6
    endloop
  endfacet
  facet normal 0 0 1
    outer loop
      vertex -80 -31.5 17.6
      vertex -70.47835429045637 -29.34515058436089 17.6
      vertex -54.55 -19.55 17.6
    endloop
  endfacet
  facet normal 0 0 1
    outer loop
      vertex -80 -31.5 17.6
      vertex -54.55 -14.45 17.6
      vertex -69.45 -19.55 17.6
    endloop
  endfacet
  facet normal 0 0 1
    outer loop
      vertex -80 -31.5 17.6
      vertex -54.55 -19.55 17.6
      vertex -54.55 -14.45 17.6
    endloop
  endfacet
  facet normal 0 0 1
    outer loop
      vertex -78.73484305292368 -35.1852762773633 17.6
      vertex -47 -30.625 17.6
      vertex -49 -30.625 17.6
    endloop
  endfacet
  facet normal 0 0 1
    outer loop
      vertex -54 -29.375 17.6
      vertex -54 -30.625 17.6
      vertex -49 -30.625 17.6
    endloop
  endfacet
  facet normal 0 0 1
    outer loop
      vertex -54 -29.375 17.6
      vertex -49 -30.625 17.6
      vertex -49 -29.375 17.6
    endloop
  endfacet
  facet normal 0 0 1
    outer loop
      vertex -70.47835429045637 -29.34515058436089 17.6
      vertex -49.45 -19.55 17.6
      vertex -54.55 -19.55 17.6
    endloop
  endfacet
  facet normal 0 0 1
    outer loop
      vertex -78.73484305292368 -35.1852762773633 17.6
      vertex 24.116116523516816 0.8838834764831844 17.6
      vertex -69.52164570954363 -31.65484941563911 17.6
    endloop
  endfacet
  facet normal 0 0 -1
    outer loop
      vertex -80 -31.5 16
      vertex -52 3 16
      vertex -49.125 1 16
    endloop
  endfacet
  facet normal 0 0 -1
    outer loop
      vertex -80 -31.5 16
      vertex -52 13 16
      vertex -52 3 16
    endloop
  endfacet
  facet normal 0 0 -1
    outer loop
      vertex -80 -31.5 16
      vertex -38 -9.125 16
      vertex -38 -11.875 16
    endloop
  endfacet
  facet normal 0 0 -1
    outer loop
      vertex -80 -31.5 16
      vertex -38 -7.875 16
      vertex -38 -9.125 16
    endloop
  endfacet
  facet normal 0 0 -1
    outer loop
      vertex -80 -31.5 16
      vertex -49.125 -1 16
      vertex -47.875 -1 16
    endloop
  endfacet
  facet normal 0 0 -1
    outer loop
      vertex -80 -31.5 16
      vertex -49.125 1 16
      vertex -49.125 -1 16
    endloop
  endfacet
  facet normal 0 0 -1
    outer loop
      vertex -70.47835429045637 -29.34515058436089 16
      vertex -33 -13.125 16
      vertex -31 -13.125 16
    endloop
  endfacet
  facet normal 0 0 -1
    outer loop
      vertex -70 -29.25 16
      vertex -31 -13.125 16
      vertex -28 -13.125 16
    endloop
  endfacet
  facet normal 0 0 -1
    outer loop
      vertex -80 -31.5 16
      vertex -25.883883476483184 -0.8838834764831844 16
      vertex -38 -7.875 16
    endloop
  endfacet
  facet normal 0 0 -1
    outer loop
      vertex -80 -31.5 16
      vertex -26.15484941563911 -0.47835429045636224 16
      vertex -25.883883476483184 -0.8838834764831844 16
    endloop
  endfacet
  facet normal 0 0 -1
    outer loop
      vertex -80 -31.5 16
      vertex -26.25 0 16
      vertex -26.15484941563911 -0.47835429045636224 16
    endloop
  endfacet
  facet normal 0 0 -1
    outer loop
      vertex -80 -31.5 16
      vertex -47.875 -1 16
      vertex -41 4.375 16
    endloop
  endfacet
  facet normal 0 0 -1
    outer loop
      vertex -80 -31.5 16
      vertex -41 4.375 16
      vertex -26.25 0 16
    endloop
  endfacet
  facet normal -1 0 0
    outer loop
      vertex -80 -31.5 16
      vertex -80 -31.5 17.6
      vertex -80 31.5 17.6
    endloop
  endfacet
  facet normal 0 0 1
    outer loop
      vertex -80 -31.5 17.6
      vertex -74.55 -14.45 17.6
      vertex -73.55 7.55 17.6
    endloop
  endfacet
  facet normal 0 0 1
    outer loop
      vertex -54.55 -14.45 17.6
      vertex -69.45 -14.45 17.6
      vertex -69.45 -19.55 17.6
    endloop
  endfacet
  facet normal 0 0 1
    outer loop
      vertex -69.45 -14.45 17.6
      vertex -64.55 -6.55 17.6
      vertex -74.55 -14.45 17.6
    endloop
  endfacet
  facet normal 0 0 1
    outer loop
      vertex -69.45 -14.45 17.6
      vertex -54.55 -14.45 17.6
      vertex -64.55 -6.55 17.6
    endloop
  endfacet
  facet normal 0 0 1
    outer loop
      vertex -74.55 -14.45 17.6
      vertex -68.45 2.45 17.6
      vertex -73.55 2.45 17.6
    endloop
  endfacet
  facet normal 0 0 1
    outer loop
      vertex -73.55 7.55 17.6
      vertex -74.55 -14.45 17.6
      vertex -73.55 2.45 17.6
    endloop
  endfacet
  facet normal 0 0 1
    outer loop
      vertex -74.55 -14.45 17.6
      vertex -64.55 -6.55 17.6
      vertex -64.55 -1.4500000000000002 17.6
    endloop
  endfacet
  facet normal 0 0 1
    outer loop
      vertex -74.55 -14.45 17.6
      vertex -64.55 -1.4500000000000002 17.6
      vertex -68.45 2.45 17.6
    endloop
  endfacet
  facet normal 0 0 1
    outer loop
      vertex -49.45 -14.45 17.6
      vertex -59.45 -6.55 17.6
      vertex -54.55 -14.45 17.6
    endloop
  endfacet
  facet normal 0 0 1
    outer loop
      vertex -25.883883476483184 -0.8838834764831844 17.6
      vertex -49.45 -14.45 17.6
      vertex -49.45 -19.55 17.6
    endloop
  endfacet
  facet normal 0 0 1
    outer loop
      vertex -59.45 -6.55 17.6
      vertex -64.55 -6.55 17.6
      vertex -54.55 -14.45 17.6
    endloop
  endfacet
  facet normal 0 0 1
    outer loop
      vertex -59.45 -6.55 17.6
      vertex -55.55 2.45 17.6
      vertex -59.45 -1.4500000000000002 17.6
    endloop
  endfacet
  facet normal 0 0 1
    outer loop
      vertex -59.45 -6.55 17.6
      vertex -50.45 2.45 17.6
      vertex -55.55 2.45 17.6
    endloop
  endfacet
  facet normal 0 0 1
    outer loop
      vertex -26.15484941563911 0.47835429045636224 17.6
      vertex -59.45 -6.55 17.6
      vertex -49.45 -14.45 17.6
    endloop
  endfacet
  facet normal 0 0 1
    outer loop
      vertex -26.15484941563911 0.47835429045636224 17.6
      vertex -50.45 2.45 17.6
      vertex -59.45 -6.55 17.6
    endloop
  endfacet
  facet normal 0 0 -1
    outer loop
      vertex -75.47291292250156 -37.31640159338713 16
      vertex -35.7 -36.35 16
      vertex -4.47 -37.324999999999996 16
    endloop
  endfacet
  facet normal 0 0 -1
    outer loop
      vertex -4.47 -37.324999999999996 16
      vertex -35.7 -36.35 16
      vertex -35.7 -32.65 16
    endloop
  endfacet
  facet normal 0 -1 0
    outer loop
      vertex -74 -37.5 16
      vertex 74 -37.5 16
      vertex -74 -37.5 17.6
    endloop
  endfacet
  facet normal 0 0 -1
    outer loop
      vertex -44.3 -32.65 16
      vertex -7 -28.875 16
      vertex -35.7 -32.65 16
    endloop
  endfacet
  facet normal 0 0 -1
    outer loop
      vertex -78.73484305292368 -35.1852762773633 16
      vertex -4.2 -20.7 16
      vertex -7 -28.875 16
    endloop
  endfacet
  facet normal 0 0 -1
    outer loop
      vertex -54 -26.875 16
      vertex -11 -13.125 16
      vertex -49 -26.875 16
    endloop
  endfacet
  facet normal 0 0 -1
    outer loop
      vertex -11 -13.125 16
      vertex -47 -26.875 16
      vertex -49 -26.875 16
    endloop
  endfacet
  facet normal 0 0 -1
    outer loop
      vertex -68.8451505843609 -30.978354290456362 16
      vertex -23 -13.125 16
      vertex -21 -13.125 16
    endloop
  endfacet
  facet normal 0 0 -1
    outer loop
      vertex -68.8451505843609 -30.978354290456362 16
      vertex -21 -13.125 16
      vertex -18 -13.125 16
    endloop
  endfacet
  facet normal 0 0 -1
    outer loop
      vertex -11 -13.125 16
      vertex -47 -28.125 16
      vertex -47 -26.875 16
    endloop
  endfacet
  facet normal 0 0 -1
    outer loop
      vertex -68.8451505843609 -30.978354290456362 16
      vertex -18 -13.125 16
      vertex -16 -13.125 16
    endloop
  endfacet
  facet normal 0 0 -1
    outer loop
      vertex -68.8451505843609 -30.978354290456362 16
      vertex -16 -13.125 16
      vertex -13 -13.125 16
    endloop
  endfacet
  facet normal 0 0 -1
    outer loop
      vertex -78.73484305292368 -35.1852762773633 16
      vertex 5.1 -17.775 16
      vertex -4.2 -20.7 16
    endloop
  endfacet
  facet normal 0 0 -1
    outer loop
      vertex -4.47 -37.324999999999996 16
      vertex -35.7 -32.65 16
      vertex -7 -30.125 16
    endloop
  endfacet
  facet normal 0 0 -1
    outer loop
      vertex -35.7 -32.65 16
      vertex -7 -28.875 16
      vertex -7 -30.125 16
    endloop
  endfacet
  facet normal 0 0 -1
    outer loop
      vertex -74 -37.5 16
      vertex -4.47 -37.324999999999996 16
      vertex 74 -37.5 16
    endloop
  endfacet
  facet normal 0 0 -1
    outer loop
      vertex -4.47 -37.324999999999996 16
      vertex -7 -30.125 16
      vertex -5 -30.125 16
    endloop
  endfacet
  facet normal 0 0 -1
    outer loop
      vertex -4.47 -37.324999999999996 16
      vertex -5 -30.125 16
      vertex -4.47 -29.974999999999998 16
    endloop
  endfacet
  facet normal 0 0 -1
    outer loop
      vertex -4.47 -29.974999999999998 16
      vertex -5 -30.125 16
      vertex -5 -28.875 16
    endloop
  endfacet
  facet normal 0 0 -1
    outer loop
      vertex -4.47 -29.974999999999998 16
      vertex -5 -28.875 16
      vertex -4.2 -29.3 16
    endloop
  endfacet
  facet normal 0 0 -1
    outer loop
      vertex -4.47 -29.974999999999998 16
      vertex -4.2 -29.3 16
      vertex -3.05 -29.974999999999998 16
    endloop
  endfacet
  facet normal 0 0 -1
    outer loop
      vertex -4.2 -29.3 16
      vertex -3.05 -29.3 16
      vertex -3.05 -29.974999999999998 16
    endloop
  endfacet
  facet normal 0 0 -1
    outer loop
      vertex -47 -28.125 16
      vertex 3.55 -16.3 16
      vertex 5.1 -17.775 16
    endloop
  endfacet
  facet normal 0 0 -1
    outer loop
      vertex -47 -28.125 16
      vertex 3.55 -14.7 16
      vertex 3.55 -16.3 16
    endloop
  endfacet
  facet normal 0 0 -1
    outer loop
      vertex -4.2 -20.7 16
      vertex -5 -28.875 16
      vertex -7 -28.875 16
    endloop
  endfacet
  facet normal 0 0 -1
    outer loop
      vertex -4.2 -20.7 16
      vertex -4.2 -29.3 16
      vertex -5 -28.875 16
    endloop
  endfacet
  facet normal 0 0 1
    outer loop
      vertex -78.73484305292368 -35.1852762773633 17.6
      vertex -77.28168895095587 -36.5229988694191 17.6
      vertex 69.52164570954363 -31.65484941563911 17.6
    endloop
  endfacet
  facet normal 0 0 1
    outer loop
      vertex -75.47291292250156 -37.31640159338713 17.6
      vertex -74 -37.5 17.6
      vertex 79.0229988694191 -34.78168895095587 17.6
    endloop
  endfacet
  facet normal 0 0 1
    outer loop
      vertex -77.28168895095587 -36.5229988694191 17.6
      vertex -75.47291292250156 -37.31640159338713 17.6
      vertex 79.81640159338713 -32.972912922501564 17.6
    endloop
  endfacet
  facet normal 0 0 1
    outer loop
      vertex -78.73484305292368 -35.1852762773633 17.6
      vertex -56 -29.375 17.6
      vertex 25.478354290456362 -1.1548494156391085 17.6
    endloop
  endfacet
  facet normal 0 0 1
    outer loop
      vertex -69.52164570954363 -31.65484941563911 17.6
      vertex 24.116116523516816 0.8838834764831844 17.6
      vertex -69.11611652351681 -31.383883476483184 17.6
    endloop
  endfacet
  facet normal 0 0 1
    outer loop
      vertex 25.478354290456362 -1.1548494156391085 17.6
      vertex -56 -29.375 17.6
      vertex -54 -29.375 17.6
    endloop
  endfacet
  facet normal 0 0 1
    outer loop
      vertex -78.73484305292368 -35.1852762773633 17.6
      vertex 68.75 -30.5 17.6
      vertex -47 -30.625 17.6
    endloop
  endfacet
  facet normal 0 0 1
    outer loop
      vertex -47 -30.625 17.6
      vertex 59.45 -26.75 17.6
      vertex -47 -29.375 17.6
    endloop
  endfacet
  facet normal 0 0 1
    outer loop
      vertex 48.5 -10 17.6
      vertex -54 -29.375 17.6
      vertex -49 -29.375 17.6
    endloop
  endfacet
  facet normal 0 0 1
    outer loop
      vertex 48.5 -10 17.6
      vertex -49 -29.375 17.6
      vertex -47 -29.375 17.6
    endloop
  endfacet
  facet normal 0 0 -1
    outer loop
      vertex -68.8451505843609 -30.978354290456362 16
      vertex -26 -13.125 16
      vertex -23 -11.875 16
    endloop
  endfacet
  facet normal 0 0 -1
    outer loop
      vertex -68.8451505843609 -30.978354290456362 16
      vertex -23 -11.875 16
      vertex -23 -13.125 16
    endloop
  endfacet
  facet normal 0 0 -1
    outer loop
      vertex -38 -11.875 16
      vertex -38 -9.125 16
      vertex -36 -11.875 16
    endloop
  endfacet
  facet normal 0 0 -1
    outer loop
      vertex -38 -9.125 16
      vertex -36 -9.125 16
      vertex -36 -11.875 16
    endloop
  endfacet
  facet normal 0 0 -1
    outer loop
      vertex -36 -11.875 16
      vertex -28 -9.125 16
      vertex -36 -13.125 16
    endloop
  endfacet
  facet normal 0 0 -1
    outer loop
      vertex -36 -11.875 16
      vertex -36 -9.125 16
      vertex -33 -9.125 16
    endloop
  endfacet
  facet normal 0 0 -1
    outer loop
      vertex -36 -11.875 16
      vertex -33 -9.125 16
      vertex -31 -9.125 16
    endloop
  endfacet
  facet normal 0 0 -1
    outer loop
      vertex -28 -9.125 16
      vertex -33 -11.875 16
      vertex -36 -13.125 16
    endloop
  endfacet
  facet normal 0 0 -1
    outer loop
      vertex -36 -11.875 16
      vertex -31 -9.125 16
      vertex -28 -9.125 16
    endloop
  endfacet
  facet normal 0 0 -1
    outer loop
      vertex -56 -26.875 16
      vertex -13 -13.125 16
      vertex -11 -13.125 16
    endloop
  endfacet
  facet normal 0 0 -1
    outer loop
      vertex -28 -13.125 16
      vertex -31 -13.125 16
      vertex -31 -11.875 16
    endloop
  endfacet
  facet normal 0 0 -1
    outer loop
      vertex -28 -13.125 16
      vertex -31 -11.875 16
      vertex -28 -11.875 16
    endloop
  endfacet
  facet normal 0 0 -1
    outer loop
      vertex -31 -11.875 16
      vertex -33 -11.875 16
      vertex -26 -9.125 16
    endloop
  endfacet
  facet normal 0 0 -1
    outer loop
      vertex -33 -11.875 16
      vertex -28 -9.125 16
      vertex -26 -9.125 16
    endloop
  endfacet
  facet normal 0 0 -1
    outer loop
      vertex -31 -11.875 16
      vertex -21 -9.125 16
      vertex -28 -11.875 16
    endloop
  endfacet
  facet normal 0 0 -1
    outer loop
      vertex -31 -11.875 16
      vertex -26 -9.125 16
      vertex -23 -7.875 16
    endloop
  endfacet
  facet normal 0 0 -1
    outer loop
      vertex -31 -11.875 16
      vertex -23 -7.875 16
      vertex -23 -9.125 16
    endloop
  endfacet
  facet normal 0 0 -1
    outer loop
      vertex -26 -11.875 16
      vertex -23 -11.875 16
      vertex -26 -13.125 16
    endloop
  endfacet
  facet normal 0 0 -1
    outer loop
      vertex -28 -11.875 16
      vertex -18 -9.125 16
      vertex -26 -11.875 16
    endloop
  endfacet
  facet normal 0 0 -1
    outer loop
      vertex -31 -11.875 16
      vertex -23 -9.125 16
      vertex -21 -9.125 16
    endloop
  endfacet
  facet normal 0 0 -1
    outer loop
      vertex -26 -11.875 16
      vertex -16 -9.125 16
      vertex -23 -11.875 16
    endloop
  endfacet
  facet normal 0 0 -1
    outer loop
      vertex -28 -11.875 16
      vertex -21 -9.125 16
      vertex -18 -9.125 16
    endloop
  endfacet
  facet normal 0 0 -1
    outer loop
      vertex -36 -9.125 16
      vertex -36 -7.875 16
      vertex -33 -7.875 16
    endloop
  endfacet
  facet normal 0 0 -1
    outer loop
      vertex -36 -9.125 16
      vertex -33 -7.875 16
      vertex -33 -9.125 16
    endloop
  endfacet
  facet normal 0 0 -1
    outer loop
      vertex -24.521645709543638 -1.1548494156391085 16
      vertex -36 -7.875 16
      vertex -38 -7.875 16
    endloop
  endfacet
  facet normal 0 0 -1
    outer loop
      vertex -24.521645709543638 -1.1548494156391085 16
      vertex -33 -7.875 16
      vertex -36 -7.875 16
    endloop
  endfacet
  facet normal 0 0 -1
    outer loop
      vertex -31 -9.125 16
      vertex -31 -7.875 16
      vertex -28 -7.875 16
    endloop
  endfacet
  facet normal 0 0 -1
    outer loop
      vertex -31 -9.125 16
      vertex -28 -7.875 16
      vertex -28 -9.125 16
    endloop
  endfacet
  facet normal 0 0 -1
    outer loop
      vertex -24.521645709543638 -1.1548494156391085 16
      vertex -31 -7.875 16
      vertex -33 -7.875 16
    endloop
  endfacet
  facet normal 0 0 -1
    outer loop
      vertex -24.521645709543638 -1.1548494156391085 16
      vertex -28 -7.875 16
      vertex -31 -7.875 16
    endloop
  endfacet
  facet normal 0 0 -1
    outer loop
      vertex -24.521645709543638 -1.1548494156391085 16
      vertex -26 -7.875 16
      vertex -28 -7.875 16
    endloop
  endfacet
  facet normal 0 0 -1
    outer loop
      vertex -26 -7.875 16
      vertex -12.75 1 16
      vertex -26 -9.125 16
    endloop
  endfacet
  facet normal 0 0 -1
    outer loop
      vertex -12.75 1 16
      vertex -23 -7.875 16
      vertex -26 -9.125 16
    endloop
  endfacet
  facet normal 0 0 -1
    outer loop
      vertex -25.883883476483184 -0.8838834764831844 16
      vertex -25.478354290456362 -1.1548494156391085 16
      vertex -38 -7.875 16
    endloop
  endfacet
  facet normal 0 0 -1
    outer loop
      vertex -25.478354290456362 -1.1548494156391085 16
      vertex -25 -1.25 16
      vertex -38 -7.875 16
    endloop
  endfacet
  facet normal 0 0 -1
    outer loop
      vertex -25 -1.25 16
      vertex -24.521645709543638 -1.1548494156391085 16
      vertex -38 -7.875 16
    endloop
  endfacet
  facet normal 0 0 -1
    outer loop
      vertex -24.521645709543638 -1.1548494156391085 16
      vertex -12.75 1 16
      vertex -26 -7.875 16
    endloop
  endfacet
  facet normal 0 0 -1
    outer loop
      vertex -24.521645709543638 -1.1548494156391085 16
      vertex -24.116116523516816 -0.8838834764831844 16
      vertex -12.75 1 16
    endloop
  endfacet
  facet normal 0 0 -1
    outer loop
      vertex -24.116116523516816 -0.8838834764831844 16
      vertex -23.84515058436089 -0.47835429045636224 16
      vertex -12.75 1 16
    endloop
  endfacet
  facet normal 0.19509032201612814 0.9807852804032307 0
    outer loop
      vertex -25.478354290456362 -1.1548494156391085 16
      vertex -25.478354290456362 -1.1548494156391085 17.6
      vertex -25 -1.25 16
    endloop
  endfacet
  facet normal 0.5555702330196024 0.8314696123025451 0
    outer loop
      vertex -25.883883476483184 -0.8838834764831844 16
      vertex -25.883883476483184 -0.8838834764831844 17.6
      vertex -25.478354290456362 -1.1548494156391085 16
    endloop
  endfacet
  facet normal 0.8314696123025445 0.5555702330196035 0
    outer loop
      vertex -25.883883476483184 -0.8838834764831844 16
      vertex -26.15484941563911 -0.47835429045636224 16
      vertex -26.15484941563911 -0.47835429045636224 17.6
    endloop
  endfacet
  facet normal 0.9807852804032309 0.19509032201612644 0
    outer loop
      vertex -26.15484941563911 -0.47835429045636224 16
      vertex -26.25 0 16
      vertex -26.25 0 17.6
    endloop
  endfacet
  facet normal -0.19509032201612814 0.9807852804032307 0
    outer loop
      vertex -25 -1.25 16
      vertex -25 -1.25 17.6
      vertex -24.521645709543638 -1.1548494156391085 16
    endloop
  endfacet
  facet normal -0.5555702330196024 0.8314696123025451 0
    outer loop
      vertex -24.521645709543638 -1.1548494156391085 16
      vertex -24.521645709543638 -1.1548494156391085 17.6
      vertex -24.116116523516816 -0.8838834764831844 16
    endloop
  endfacet
  facet normal -0.8314696123025445 0.5555702330196035 0
    outer loop
      vertex -24.116116523516816 -0.8838834764831844 16
      vertex -24.116116523516816 -0.8838834764831844 17.6
      vertex -23.84515058436089 -0.47835429045636224 16
    endloop
  endfacet
  facet normal -0.9807852804032309 0.19509032201612644 0
    outer loop
      vertex -23.84515058436089 -0.47835429045636224 16
      vertex -23.84515058436089 -0.47835429045636224 17.6
      vertex -23.75 0 16
    endloop
  endfacet
  facet normal 0 0 -1
    outer loop
      vertex -11 -13.125 16
      vertex 3.55 -14.7 16
      vertex -47 -28.125 16
    endloop
  endfacet
  facet normal 0 0 -1
    outer loop
      vertex -21 -13.125 16
      vertex -18 -11.875 16
      vertex -18 -13.125 16
    endloop
  endfacet
  facet normal 0 0 -1
    outer loop
      vertex -16 -9.125 16
      vertex -21 -11.875 16
      vertex -23 -11.875 16
    endloop
  endfacet
  facet normal 0 0 -1
    outer loop
      vertex -21 -11.875 16
      vertex -13 -9.125 16
      vertex -21 -13.125 16
    endloop
  endfacet
  facet normal 0 0 -1
    outer loop
      vertex -26 -11.875 16
      vertex -18 -9.125 16
      vertex -16 -9.125 16
    endloop
  endfacet
  facet normal 0 0 -1
    outer loop
      vertex -21 -13.125 16
      vertex -13 -9.125 16
      vertex -18 -11.875 16
    endloop
  endfacet
  facet normal 0 0 -1
    outer loop
      vertex -18 -11.875 16
      vertex -13 -9.125 16
      vertex -16 -11.875 16
    endloop
  endfacet
  facet normal 0 0 -1
    outer loop
      vertex -21 -11.875 16
      vertex -16 -9.125 16
      vertex -13 -9.125 16
    endloop
  endfacet
  facet normal 0 0 -1
    outer loop
      vertex -13 -13.125 16
      vertex -16 -13.125 16
      vertex -16 -11.875 16
    endloop
  endfacet
  facet normal 0 0 -1
    outer loop
      vertex -13 -13.125 16
      vertex -16 -11.875 16
      vertex -13 -11.875 16
    endloop
  endfacet
  facet normal 0 0 -1
    outer loop
      vertex -16 -11.875 16
      vertex -13 -9.125 16
      vertex -11 -9.125 16
    endloop
  endfacet
  facet normal 0 0 -1
    outer loop
      vertex -16 -11.875 16
      vertex -3 -9.125 16
      vertex -13 -11.875 16
    endloop
  endfacet
  facet normal 0 0 -1
    outer loop
      vertex -16 -11.875 16
      vertex -11 -9.125 16
      vertex -8 -9.125 16
    endloop
  endfacet
  facet normal 0 0 -1
    outer loop
      vertex -11 -11.875 16
      vertex -8 -13.125 16
      vertex -11 -13.125 16
    endloop
  endfacet
  facet normal 0 0 -1
    outer loop
      vertex -11 -11.875 16
      vertex -8 -11.875 16
      vertex -8 -13.125 16
    endloop
  endfacet
  facet normal 0 0 -1
    outer loop
      vertex -11 -13.125 16
      vertex -8 -13.125 16
      vertex 3.55 -14.7 16
    endloop
  endfacet
  facet normal 0 0 -1
    outer loop
      vertex -13 -11.875 16
      vertex -3 -9.125 16
      vertex -11 -11.875 16
    endloop
  endfacet
  facet normal 0 0 -1
    outer loop
      vertex -16 -11.875 16
      vertex -8 -9.125 16
      vertex -6 -9.125 16
    endloop
  endfacet
  facet normal 0 0 -1
    outer loop
      vertex -16 -11.875 16
      vertex -6 -9.125 16
      vertex -3 -9.125 16
    endloop
  endfacet
  facet normal 0 0 -1
    outer loop
      vertex -11 -11.875 16
      vertex 2 -9.125 16
      vertex -8 -11.875 16
    endloop
  endfacet
  facet normal 0 0 -1
    outer loop
      vertex -6 -13.125 16
      vertex 3.55 -14.7 16
      vertex -8 -13.125 16
    endloop
  endfacet
  facet normal 0 0 -1
    outer loop
      vertex -6 -13.125 16
      vertex -3 -11.875 16
      vertex -3 -13.125 16
    endloop
  endfacet
  facet normal 0 0 -1
    outer loop
      vertex -6 -13.125 16
      vertex -6 -11.875 16
      vertex -3 -11.875 16
    endloop
  endfacet
  facet normal 0 0 -1
    outer loop
      vertex -8 -11.875 16
      vertex 4.875 -11.8 16
      vertex -6 -11.875 16
    endloop
  endfacet
  facet normal 0 0 -1
    outer loop
      vertex -6 -13.125 16
      vertex -3 -13.125 16
      vertex 3.55 -14.7 16
    endloop
  endfacet
  facet normal 0 0 -1
    outer loop
      vertex -1 -13.125 16
      vertex 3.55 -14.7 16
      vertex -3 -13.125 16
    endloop
  endfacet
  facet normal 0 0 -1
    outer loop
      vertex -3 -11.875 16
      vertex -6 -11.875 16
      vertex 4.875 -11.8 16
    endloop
  endfacet
  facet normal 0 0 -1
    outer loop
      vertex -11 -11.875 16
      vertex -3 -9.125 16
      vertex -1 -9.125 16
    endloop
  endfacet
  facet normal 0 0 -1
    outer loop
      vertex -11 -11.875 16
      vertex -1 -9.125 16
      vertex 2 -9.125 16
    endloop
  endfacet
  facet normal 0 0 -1
    outer loop
      vertex -8 -11.875 16
      vertex 2 -9.125 16
      vertex 4.875 -11.8 16
    endloop
  endfacet
  facet normal 0 0 -1
    outer loop
      vertex -18 -9.125 16
      vertex -21 -9.125 16
      vertex -21 -7.875 16
    endloop
  endfacet
  facet normal 0 0 -1
    outer loop
      vertex -18 -9.125 16
      vertex -21 -7.875 16
      vertex -18 -7.875 16
    endloop
  endfacet
  facet normal 0 0 -1
    outer loop
      vertex -23 -7.875 16
      vertex -11.5 -3.875 16
      vertex -21 -7.875 16
    endloop
  endfacet
  facet normal 0 0 -1
    outer loop
      vertex -21 -7.875 16
      vertex -11.5 -5.125 16
      vertex -18 -7.875 16
    endloop
  endfacet
  facet normal 0 0 -1
    outer loop
      vertex -13 -9.125 16
      vertex -16 -9.125 16
      vertex -13 -7.875 16
    endloop
  endfacet
  facet normal 0 0 -1
    outer loop
      vertex -16 -7.875 16
      vertex -18 -7.875 16
      vertex -9.5 -5.125 16
    endloop
  endfacet
  facet normal 0 0 -1
    outer loop
      vertex -18 -7.875 16
      vertex -11.5 -5.125 16
      vertex -9.5 -5.125 16
    endloop
  endfacet
  facet normal 0 0 -1
    outer loop
      vertex -11.5 -5.125 16
      vertex -21 -7.875 16
      vertex -11.5 -3.875 16
    endloop
  endfacet
  facet normal 0 0 -1
    outer loop
      vertex -23 -7.875 16
      vertex -12.75 1 16
      vertex -11.5 -3.875 16
    endloop
  endfacet
  facet normal 0 0 -1
    outer loop
      vertex -12.75 1 16
      vertex -9.5 -3.875 16
      vertex -11.5 -3.875 16
    endloop
  endfacet
  facet normal 0 0 -1
    outer loop
      vertex -11 -7.875 16
      vertex -8 -9.125 16
      vertex -11 -9.125 16
    endloop
  endfacet
  facet normal 0 0 -1
    outer loop
      vertex -11 -7.875 16
      vertex -8 -7.875 16
      vertex -8 -9.125 16
    endloop
  endfacet
  facet normal 0 0 -1
    outer loop
      vertex -16 -7.875 16
      vertex 7.338401525142869 1 16
      vertex -16 -9.125 16
    endloop
  endfacet
  facet normal 0 0 -1
    outer loop
      vertex 7.338401525142869 1 16
      vertex -13 -7.875 16
      vertex -16 -9.125 16
    endloop
  endfacet
  facet normal 0 0 -1
    outer loop
      vertex 7.338401525142869 1 16
      vertex -11 -7.875 16
      vertex -13 -7.875 16
    endloop
  endfacet
  facet normal 0 0 -1
    outer loop
      vertex -3 -9.125 16
      vertex -6 -9.125 16
      vertex -6 -7.875 16
    endloop
  endfacet
  facet normal 0 0 -1
    outer loop
      vertex -3 -9.125 16
      vertex -6 -7.875 16
      vertex -3 -7.875 16
    endloop
  endfacet
  facet normal 0 0 -1
    outer loop
      vertex -11 -7.875 16
      vertex 10 -3 16
      vertex -8 -7.875 16
    endloop
  endfacet
  facet normal 0 0 -1
    outer loop
      vertex -8 -7.875 16
      vertex 10 -3 16
      vertex -6 -7.875 16
    endloop
  endfacet
  facet normal 0 0 -1
    outer loop
      vertex -16 -7.875 16
      vertex -9.5 -5.125 16
      vertex 7.338401525142869 1 16
    endloop
  endfacet
  facet normal 0 0 -1
    outer loop
      vertex -9.5 -3.875 16
      vertex 7.338401525142869 1 16
      vertex -9.5 -5.125 16
    endloop
  endfacet
  facet normal 0 0 -1
    outer loop
      vertex -12.75 1 16
      vertex 7.338401525142869 1 16
      vertex -9.5 -3.875 16
    endloop
  endfacet
  facet normal 0 0 1
    outer loop
      vertex -70.47835429045637 -29.34515058436089 17.6
      vertex -70 -29.25 17.6
      vertex 69.52164570954363 29.34515058436089 17.6
    endloop
  endfacet
  facet normal 0 0 1
    outer loop
      vertex -69.52164570954363 -29.34515058436089 17.6
      vertex 69.52164570954363 29.34515058436089 17.6
      vertex -70 -29.25 17.6
    endloop
  endfacet
  facet normal 0 0 1
    outer loop
      vertex -25.883883476483184 -0.8838834764831844 17.6
      vertex -49.45 -19.55 17.6
      vertex -25.478354290456362 -1.1548494156391085 17.6
    endloop
  endfacet
  facet normal 0 0 1
    outer loop
      vertex -25.478354290456362 -1.1548494156391085 17.6
      vertex -49.45 -19.55 17.6
      vertex -25 -1.25 17.6
    endloop
  endfacet
  facet normal 0 0 1
    outer loop
      vertex -25 -1.25 17.6
      vertex -49.45 -19.55 17.6
      vertex -24.521645709543638 -1.1548494156391085 17.6
    endloop
  endfacet
  facet normal 0 0 1
    outer loop
      vertex -25.883883476483184 -0.8838834764831844 17.6
      vertex -26.15484941563911 -0.47835429045636224 17.6
      vertex -49.45 -14.45 17.6
    endloop
  endfacet
  facet normal 0 0 1
    outer loop
      vertex -26.15484941563911 -0.47835429045636224 17.6
      vertex -26.25 0 17.6
      vertex -49.45 -14.45 17.6
    endloop
  endfacet
  facet normal 0 0 1
    outer loop
      vertex -26.25 0 17.6
      vertex -26.15484941563911 0.47835429045636224 17.6
      vertex -49.45 -14.45 17.6
    endloop
  endfacet
  facet normal 0.19509032201612814 0.9807852804032307 0
    outer loop
      vertex -25 -1.25 16
      vertex -25.478354290456362 -1.1548494156391085 17.6
      vertex -25 -1.25 17.6
    endloop
  endfacet
  facet normal 0.8314696123025445 0.5555702330196035 0
    outer loop
      vertex -25.883883476483184 -0.8838834764831844 16
      vertex -26.15484941563911 -0.47835429045636224 17.6
      vertex -25.883883476483184 -0.8838834764831844 17.6
    endloop
  endfacet
  facet normal 0.5555702330196024 0.8314696123025451 0
    outer loop
      vertex -25.478354290456362 -1.1548494156391085 16
      vertex -25.883883476483184 -0.8838834764831844 17.6
      vertex -25.478354290456362 -1.1548494156391085 17.6
    endloop
  endfacet
  facet normal 0.9807852804032309 0.19509032201612644 0
    outer loop
      vertex -26.15484941563911 -0.47835429045636224 16
      vertex -26.25 0 17.6
      vertex -26.15484941563911 -0.47835429045636224 17.6
    endloop
  endfacet
  facet normal -0.19509032201612814 0.9807852804032307 0
    outer loop
      vertex -24.521645709543638 -1.1548494156391085 16
      vertex -25 -1.25 17.6
      vertex -24.521645709543638 -1.1548494156391085 17.6
    endloop
  endfacet
  facet normal -0.5555702330196024 0.8314696123025451 0
    outer loop
      vertex -24.116116523516816 -0.8838834764831844 16
      vertex -24.521645709543638 -1.1548494156391085 17.6
      vertex -24.116116523516816 -0.8838834764831844 17.6
    endloop
  endfacet
  facet normal -0.8314696123025445 0.5555702330196035 0
    outer loop
      vertex -23.84515058436089 -0.47835429045636224 16
      vertex -24.116116523516816 -0.8838834764831844 17.6
      vertex -23.84515058436089 -0.47835429045636224 17.6
    endloop
  endfacet
  facet normal -0.9807852804032309 0.19509032201612644 0
    outer loop
      vertex -23.84515058436089 -0.47835429045636224 17.6
      vertex -23.75 0 17.6
      vertex -23.75 0 16
    endloop
  endfacet
  facet normal 0 0 1
    outer loop
      vertex -69.11611652351681 -31.383883476483184 17.6
      vertex 80 31.5 17.6
      vertex -68.8451505843609 -30.978354290456362 17.6
    endloop
  endfacet
  facet normal 0 0 1
    outer loop
      vertex -68.8451505843609 -30.978354290456362 17.6
      vertex 80 31.5 17.6
      vertex -68.75 -30.5 17.6
    endloop
  endfacet
  facet normal 0 0 1
    outer loop
      vertex -68.75 -30.5 17.6
      vertex 80 31.5 17.6
      vertex -68.8451505843609 -30.021645709543638 17.6
    endloop
  endfacet
  facet normal 0 0 1
    outer loop
      vertex -68.8451505843609 -30.021645709543638 17.6
      vertex 80 31.5 17.6
      vertex -69.11611652351681 -29.616116523516816 17.6
    endloop
  endfacet
  facet normal 0 0 1
    outer loop
      vertex -78.73484305292368 -35.1852762773633 17.6
      vertex 24.521645709543638 -1.1548494156391085 17.6
      vertex 24.116116523516816 -0.8838834764831844 17.6
    endloop
  endfacet
  facet normal 0 0 1
    outer loop
      vertex -78.73484305292368 -35.1852762773633 17.6
      vertex 24.116116523516816 -0.8838834764831844 17.6
      vertex 23.84515058436089 -0.47835429045636224 17.6
    endloop
  endfacet
  facet normal 0 0 1
    outer loop
      vertex -78.73484305292368 -35.1852762773633 17.6
      vertex 23.84515058436089 -0.47835429045636224 17.6
      vertex 23.75 0 17.6
    endloop
  endfacet
  facet normal 0 0 1
    outer loop
      vertex -78.73484305292368 -35.1852762773633 17.6
      vertex 23.75 0 17.6
      vertex 23.84515058436089 0.47835429045636224 17.6
    endloop
  endfacet
  facet normal 0 0 1
    outer loop
      vertex -78.73484305292368 -35.1852762773633 17.6
      vertex 23.84515058436089 0.47835429045636224 17.6
      vertex 24.116116523516816 0.8838834764831844 17.6
    endloop
  endfacet
  facet normal 0 0 1
    outer loop
      vertex -78.73484305292368 -35.1852762773633 17.6
      vertex 25 -1.25 17.6
      vertex 24.521645709543638 -1.1548494156391085 17.6
    endloop
  endfacet
  facet normal 0 0 1
    outer loop
      vertex -78.73484305292368 -35.1852762773633 17.6
      vertex 25.478354290456362 -1.1548494156391085 17.6
      vertex 25 -1.25 17.6
    endloop
  endfacet
  facet normal 0 0 1
    outer loop
      vertex -69.11611652351681 -31.383883476483184 17.6
      vertex 24.116116523516816 0.8838834764831844 17.6
      vertex 24.521645709543638 1.1548494156391085 17.6
    endloop
  endfacet
  facet normal 0 0 1
    outer loop
      vertex -69.52164570954363 -29.34515058436089 17.6
      vertex -69.11611652351681 -29.616116523516816 17.6
      vertex 80 31.5 17.6
    endloop
  endfacet
  facet normal 0 0 1
    outer loop
      vertex -70.47835429045637 -29.34515058436089 17.6
      vertex 69.52164570954363 29.34515058436089 17.6
      vertex -49.45 -19.55 17.6
    endloop
  endfacet
  facet normal 0 0 -1
    outer loop
      vertex -80 -31.5 16
      vertex -80 31.5 16
      vertex -52 13 16
    endloop
  endfacet
  facet normal -1 0 0
    outer loop
      vertex -80 -31.5 16
      vertex -80 31.5 17.6
      vertex -80 31.5 16
    endloop
  endfacet
  facet normal 0 0 -1
    outer loop
      vertex -49.125 1 16
      vertex -52 3 16
      vertex -48 3 16
    endloop
  endfacet
  facet normal 0 0 -1
    outer loop
      vertex -49.125 1 16
      vertex -48 3 16
      vertex -47.875 1 16
    endloop
  endfacet
  facet normal 0 0 -1
    outer loop
      vertex -47.875 -1 16
      vertex -47.875 1 16
      vertex -43 4.375 16
    endloop
  endfacet
  facet normal 0 0 -1
    outer loop
      vertex -47.875 1 16
      vertex -48 3 16
      vertex -43 4.375 16
    endloop
  endfacet
  facet normal 0 0 -1
    outer loop
      vertex -47.875 -1 16
      vertex -43 4.375 16
      vertex -41 4.375 16
    endloop
  endfacet
  facet normal 0 0 -1
    outer loop
      vertex -48 3 16
      vertex -43 5.625 16
      vertex -43 4.375 16
    endloop
  endfacet
  facet normal 0 0 -1
    outer loop
      vertex -48 13 16
      vertex -43 5.625 16
      vertex -48 3 16
    endloop
  endfacet
  facet normal 0 0 -1
    outer loop
      vertex -43 5.625 16
      vertex -41.375 7 16
      vertex -41 5.625 16
    endloop
  endfacet
  facet normal 0 0 -1
    outer loop
      vertex -43 5.625 16
      vertex -42.625 7 16
      vertex -41.375 7 16
    endloop
  endfacet
  facet normal 0 0 -1
    outer loop
      vertex -48 13 16
      vertex -42.625 7 16
      vertex -43 5.625 16
    endloop
  endfacet
  facet normal 0 0 -1
    outer loop
      vertex -26.15484941563911 0.47835429045636224 16
      vertex -48 13 16
      vertex -50.492617686864776 14.5 16
    endloop
  endfacet
  facet normal 0 0 -1
    outer loop
      vertex -50.492617686864776 14.5 16
      vertex -52 13 16
      vertex -51.26 14.5 16
    endloop
  endfacet
  facet normal 0 0 -1
    outer loop
      vertex -52 13 16
      vertex -50.492617686864776 14.5 16
      vertex -48 13 16
    endloop
  endfacet
  facet normal 0 0 -1
    outer loop
      vertex -50.492617686864776 14.5 16
      vertex -50.01 14.5 16
      vertex -43 10.375 16
    endloop
  endfacet
  facet normal 0 0 -1
    outer loop
      vertex -50.01 16.5 16
      vertex -43 10.375 16
      vertex -50.01 14.5 16
    endloop
  endfacet
  facet normal 0 0 -1
    outer loop
      vertex -50.01 16.5 16
      vertex -43 11.625 16
      vertex -43 10.375 16
    endloop
  endfacet
  facet normal 0 0 -1
    outer loop
      vertex -48 13 16
      vertex -42.625 9 16
      vertex -42.625 7 16
    endloop
  endfacet
  facet normal 0 0 -1
    outer loop
      vertex -42.625 9 16
      vertex -48 13 16
      vertex -41.375 9 16
    endloop
  endfacet
  facet normal 0 0 -1
    outer loop
      vertex -41 11.625 16
      vertex -43 11.625 16
      vertex -50.01 16.5 16
    endloop
  endfacet
  facet normal 0 0 -1
    outer loop
      vertex -41 11.625 16
      vertex -47.45 16.5 16
      vertex -43 13.375 16
    endloop
  endfacet
  facet normal 0 0 -1
    outer loop
      vertex -41 11.625 16
      vertex -43 13.375 16
      vertex -41 13.375 16
    endloop
  endfacet
  facet normal 0 0 -1
    outer loop
      vertex -43 14.625 16
      vertex -47.45 16.5 16
      vertex -46.2 16.5 16
    endloop
  endfacet
  facet normal 0 0 -1
    outer loop
      vertex -43 14.625 16
      vertex -46.2 16.5 16
      vertex -46.2 18.5 16
    endloop
  endfacet
  facet normal 0 0 -1
    outer loop
      vertex -43 14.625 16
      vertex -43 13.375 16
      vertex -47.45 16.5 16
    endloop
  endfacet
  facet normal 0 0 -1
    outer loop
      vertex -43 14.625 16
      vertex -46.2 18.5 16
      vertex -41 14.625 16
    endloop
  endfacet
  facet normal 0 0 1
    outer loop
      vertex -80 -31.5 17.6
      vertex -73.55 7.55 17.6
      vertex -70 29.25 17.6
    endloop
  endfacet
  facet normal 0 0 1
    outer loop
      vertex -80 -31.5 17.6
      vertex -70.47835429045637 29.34515058436089 17.6
      vertex -70.88388347648319 29.616116523516816 17.6
    endloop
  endfacet
  facet normal 0 0 1
    outer loop
      vertex -80 -31.5 17.6
      vertex -70 29.25 17.6
      vertex -70.47835429045637 29.34515058436089 17.6
    endloop
  endfacet
  facet normal 0 0 1
    outer loop
      vertex -64.55 -1.4500000000000002 17.6
      vertex -59.45 11.45 17.6
      vertex -68.45 2.45 17.6
    endloop
  endfacet
  facet normal 0 0 1
    outer loop
      vertex -68.45 2.45 17.6
      vertex -64.55 11.45 17.6
      vertex -68.45 7.55 17.6
    endloop
  endfacet
  facet normal 0 0 1
    outer loop
      vertex -68.45 2.45 17.6
      vertex -59.45 11.45 17.6
      vertex -64.55 11.45 17.6
    endloop
  endfacet
  facet normal 0 0 1
    outer loop
      vertex -80 -31.5 17.6
      vertex -71.25 30.5 17.6
      vertex -80 31.5 17.6
    endloop
  endfacet
  facet normal 0 0 1
    outer loop
      vertex -80 -31.5 17.6
      vertex -70.88388347648319 29.616116523516816 17.6
      vertex -71.1548494156391 30.021645709543638 17.6
    endloop
  endfacet
  facet normal 0 0 1
    outer loop
      vertex -80 -31.5 17.6
      vertex -71.1548494156391 30.021645709543638 17.6
      vertex -71.25 30.5 17.6
    endloop
  endfacet
  facet normal 0 0 1
    outer loop
      vertex -70 29.25 17.6
      vertex -73.55 7.55 17.6
      vertex -68.45 7.55 17.6
    endloop
  endfacet
  facet normal 0 0 1
    outer loop
      vertex -68.45 7.55 17.6
      vertex -64.55 11.45 17.6
      vertex -64.55 16.55 17.6
    endloop
  endfacet
  facet normal 0 0 1
    outer loop
      vertex -69.11611652351681 29.616116523516816 17.6
      vertex -68.45 7.55 17.6
      vertex -64.55 16.55 17.6
    endloop
  endfacet
  facet normal 0 0 1
    outer loop
      vertex -64.55 -1.4500000000000002 17.6
      vertex -59.45 -1.4500000000000002 17.6
      vertex -55.55 7.55 17.6
    endloop
  endfacet
  facet normal 0 0 1
    outer loop
      vertex -59.45 -1.4500000000000002 17.6
      vertex -55.55 2.45 17.6
      vertex -55.55 7.55 17.6
    endloop
  endfacet
  facet normal 0 0 1
    outer loop
      vertex -64.55 -1.4500000000000002 17.6
      vertex -55.55 7.55 17.6
      vertex -59.45 11.45 17.6
    endloop
  endfacet
  facet normal 0 0 1
    outer loop
      vertex -59.45 11.45 17.6
      vertex -55.55 7.55 17.6
      vertex -50.45 7.55 17.6
    endloop
  endfacet
  facet normal 0 0 1
    outer loop
      vertex -26.15484941563911 0.47835429045636224 17.6
      vertex -50.45 7.55 17.6
      vertex -50.45 2.45 17.6
    endloop
  endfacet
  facet normal 0 0 1
    outer loop
      vertex -26.15484941563911 0.47835429045636224 17.6
      vertex -59.45 11.45 17.6
      vertex -50.45 7.55 17.6
    endloop
  endfacet
  facet normal 0 0 1
    outer loop
      vertex -69.11611652351681 29.616116523516816 17.6
      vertex -59.45 16.55 17.6
      vertex -26.15484941563911 0.47835429045636224 17.6
    endloop
  endfacet
  facet normal 0 0 1
    outer loop
      vertex -26.15484941563911 0.47835429045636224 17.6
      vertex -59.45 16.55 17.6
      vertex -59.45 11.45 17.6
    endloop
  endfacet
  facet normal 0 0 1
    outer loop
      vertex -69.11611652351681 29.616116523516816 17.6
      vertex -26.15484941563911 0.47835429045636224 17.6
      vertex -25.883883476483184 0.8838834764831844 17.6
    endloop
  endfacet
  facet normal 0 0 1
    outer loop
      vertex -69.11611652351681 29.616116523516816 17.6
      vertex -25.883883476483184 0.8838834764831844 17.6
      vertex -25.478354290456362 1.1548494156391085 17.6
    endloop
  endfacet
  facet normal 0 0 -1
    outer loop
      vertex -80 31.5 16
      vertex -51.26 14.5 16
      vertex -52 13 16
    endloop
  endfacet
  facet normal 0 0 -1
    outer loop
      vertex -70.47835429045637 29.34515058436089 16
      vertex -70 29.25 16
      vertex -41 11.625 16
    endloop
  endfacet
  facet normal 0 0 -1
    outer loop
      vertex -70 29.25 16
      vertex -69.52164570954363 29.34515058436089 16
      vertex -41 11.625 16
    endloop
  endfacet
  facet normal 0 0 -1
    outer loop
      vertex -80 31.5 16
      vertex -70.47835429045637 29.34515058436089 16
      vertex -51.26 14.5 16
    endloop
  endfacet
  facet normal 0 0 -1
    outer loop
      vertex -80 31.5 16
      vertex -70.88388347648319 29.616116523516816 16
      vertex -70.47835429045637 29.34515058436089 16
    endloop
  endfacet
  facet normal 0 0 -1
    outer loop
      vertex -80 31.5 16
      vertex -71.1548494156391 30.021645709543638 16
      vertex -70.88388347648319 29.616116523516816 16
    endloop
  endfacet
  facet normal 0 0 -1
    outer loop
      vertex -80 31.5 16
      vertex -71.25 30.5 16
      vertex -71.1548494156391 30.021645709543638 16
    endloop
  endfacet
  facet normal 0 0 -1
    outer loop
      vertex -80 31.5 16
      vertex -71.1548494156391 30.978354290456362 16
      vertex -71.25 30.5 16
    endloop
  endfacet
  facet normal 0 0 -1
    outer loop
      vertex -80 31.5 16
      vertex -70.88388347648319 31.383883476483184 16
      vertex -71.1548494156391 30.978354290456362 16
    endloop
  endfacet
  facet normal 0 0 -1
    outer loop
      vertex -80 31.5 16
      vertex -70.47835429045637 31.65484941563911 16
      vertex -70.88388347648319 31.383883476483184 16
    endloop
  endfacet
  facet normal 0 0 -1
    outer loop
      vertex -80 31.5 16
      vertex -70 31.75 16
      vertex -70.47835429045637 31.65484941563911 16
    endloop
  endfacet
  facet normal 0 0 -1
    outer loop
      vertex -80 31.5 16
      vertex -67.55 34.55 16
      vertex -70 31.75 16
    endloop
  endfacet
  facet normal -0.9923205795475417 0.12369263278963322 0
    outer loop
      vertex -80 31.5 16
      vertex -79.81640159338713 32.972912922501564 17.6
      vertex -79.81640159338713 32.972912922501564 16
    endloop
  endfacet
  facet normal 0.5555702330196003 0.8314696123025466 0
    outer loop
      vertex -70.88388347648319 29.616116523516816 16
      vertex -70.88388347648319 29.616116523516816 17.6
      vertex -70.47835429045637 29.34515058436089 16
    endloop
  endfacet
  facet normal 0.19509032201612492 0.980785280403231 0
    outer loop
      vertex -70.47835429045637 29.34515058436089 16
      vertex -70.47835429045637 29.34515058436089 17.6
      vertex -70 29.25 16
    endloop
  endfacet
  facet normal 0.8314696123025543 0.5555702330195886 0
    outer loop
      vertex -70.88388347648319 29.616116523516816 16
      vertex -71.1548494156391 30.021645709543638 16
      vertex -71.1548494156391 30.021645709543638 17.6
    endloop
  endfacet
  facet normal 0.9807852804032294 0.19509032201613336 0
    outer loop
      vertex -71.1548494156391 30.021645709543638 16
      vertex -71.25 30.5 16
      vertex -71.25 30.5 17.6
    endloop
  endfacet
  facet normal 0.9807852804032294 -0.19509032201613336 0
    outer loop
      vertex -71.25 30.5 16
      vertex -71.1548494156391 30.978354290456362 16
      vertex -71.1548494156391 30.978354290456362 17.6
    endloop
  endfacet
  facet normal 0.8314696123025543 -0.5555702330195886 0
    outer loop
      vertex -71.1548494156391 30.978354290456362 16
      vertex -70.88388347648319 31.383883476483184 16
      vertex -70.88388347648319 31.383883476483184 17.6
    endloop
  endfacet
  facet normal 0.5555702330196003 -0.8314696123025466 0
    outer loop
      vertex -70.88388347648319 31.383883476483184 16
      vertex -70.47835429045637 31.65484941563911 16
      vertex -70.47835429045637 31.65484941563911 17.6
    endloop
  endfacet
  facet normal 0.19509032201612492 -0.980785280403231 0
    outer loop
      vertex -70.47835429045637 31.65484941563911 16
      vertex -70 31.75 16
      vertex -70 31.75 17.6
    endloop
  endfacet
  facet normal 0 0 -1
    outer loop
      vertex -80 31.5 16
      vertex -79.81640159338713 32.972912922501564 16
      vertex -67.55 34.55 16
    endloop
  endfacet
  facet normal 0 0 -1
    outer loop
      vertex -79.81640159338713 32.972912922501564 16
      vertex -79.0229988694191 34.78168895095587 16
      vertex -67.55 34.55 16
    endloop
  endfacet
  facet normal 0 0 -1
    outer loop
      vertex -77.6852762773633 36.23484305292368 16
      vertex -75.94819681346416 37.17490345239639 16
      vertex -74 37.5 16
    endloop
  endfacet
  facet normal -0.9157733272543414 0.4016954232867398 0
    outer loop
      vertex -79.81640159338713 32.972912922501564 16
      vertex -79.0229988694191 34.78168895095587 17.6
      vertex -79.0229988694191 34.78168895095587 16
    endloop
  endfacet
  facet normal -0.7357239097034207 0.677281572679128 0
    outer loop
      vertex -79.0229988694191 34.78168895095587 16
      vertex -77.6852762773633 36.23484305292368 17.6
      vertex -77.6852762773633 36.23484305292368 16
    endloop
  endfacet
  facet normal -0.4759473946150786 0.8794737503525154 0
    outer loop
      vertex -77.6852762773633 36.23484305292368 16
      vertex -75.94819681346416 37.17490345239639 17.6
      vertex -75.94819681346416 37.17490345239639 16
    endloop
  endfacet
  facet normal -0.16459458934570417 0.9863613035587513 0
    outer loop
      vertex -75.94819681346416 37.17490345239639 16
      vertex -74 37.5 17.6
      vertex -74 37.5 16
    endloop
  endfacet
  facet normal 0 0 -1
    outer loop
      vertex -69.52164570954363 29.34515058436089 16
      vertex -69.11611652351681 29.616116523516816 16
      vertex -67.55 29.45 16
    endloop
  endfacet
  facet normal 0 0 -1
    outer loop
      vertex -69.11611652351681 29.616116523516816 16
      vertex -68.8451505843609 30.021645709543638 16
      vertex -67.55 29.45 16
    endloop
  endfacet
  facet normal 0 0 -1
    outer loop
      vertex -68.8451505843609 30.021645709543638 16
      vertex -68.75 30.5 16
      vertex -67.55 29.45 16
    endloop
  endfacet
  facet normal 0 0 -1
    outer loop
      vertex -68.8451505843609 30.978354290456362 16
      vertex -67.55 29.45 16
      vertex -68.75 30.5 16
    endloop
  endfacet
  facet normal 0 0 -1
    outer loop
      vertex -69.52164570954363 29.34515058436089 16
      vertex -67.55 29.45 16
      vertex -62.45 29.45 16
    endloop
  endfacet
  facet normal 0 0 -1
    outer loop
      vertex -68.8451505843609 30.978354290456362 16
      vertex -69.11611652351681 31.383883476483184 16
      vertex -67.55 29.45 16
    endloop
  endfacet
  facet normal 0 0 -1
    outer loop
      vertex -70 31.75 16
      vertex -67.55 34.55 16
      vertex -69.52164570954363 31.65484941563911 16
    endloop
  endfacet
  facet normal 0 0 -1
    outer loop
      vertex -69.11611652351681 31.383883476483184 16
      vertex -67.55 34.55 16
      vertex -67.55 29.45 16
    endloop
  endfacet
  facet normal 0 0 -1
    outer loop
      vertex -69.11611652351681 31.383883476483184 16
      vertex -69.52164570954363 31.65484941563911 16
      vertex -67.55 34.55 16
    endloop
  endfacet
  facet normal -0.19509032201612492 0.980785280403231 0
    outer loop
      vertex -70 29.25 16
      vertex -70 29.25 17.6
      vertex -69.52164570954363 29.34515058436089 16
    endloop
  endfacet
  facet normal -0.5555702330196003 0.8314696123025466 0
    outer loop
      vertex -69.52164570954363 29.34515058436089 16
      vertex -69.52164570954363 29.34515058436089 17.6
      vertex -69.11611652351681 29.616116523516816 16
    endloop
  endfacet
  facet normal -0.8314696123025543 0.5555702330195886 0
    outer loop
      vertex -69.11611652351681 29.616116523516816 16
      vertex -69.11611652351681 29.616116523516816 17.6
      vertex -68.8451505843609 30.021645709543638 16
    endloop
  endfacet
  facet normal -0.9807852804032294 0.19509032201613336 0
    outer loop
      vertex -68.8451505843609 30.021645709543638 16
      vertex -68.8451505843609 30.021645709543638 17.6
      vertex -68.75 30.5 16
    endloop
  endfacet
  facet normal -0.9807852804032294 -0.19509032201613336 0
    outer loop
      vertex -68.8451505843609 30.978354290456362 16
      vertex -68.75 30.5 16
      vertex -68.75 30.5 17.6
    endloop
  endfacet
  facet normal -0.8314696123025543 -0.5555702330195886 0
    outer loop
      vertex -68.8451505843609 30.978354290456362 16
      vertex -68.8451505843609 30.978354290456362 17.6
      vertex -69.11611652351681 31.383883476483184 16
    endloop
  endfacet
  facet normal -0.5555702330196003 -0.8314696123025466 0
    outer loop
      vertex -69.11611652351681 31.383883476483184 16
      vertex -69.11611652351681 31.383883476483184 17.6
      vertex -69.52164570954363 31.65484941563911 16
    endloop
  endfacet
  facet normal -0.19509032201612492 -0.980785280403231 0
    outer loop
      vertex -70 31.75 16
      vertex -69.52164570954363 31.65484941563911 16
      vertex -69.52164570954363 31.65484941563911 17.6
    endloop
  endfacet
  facet normal 0 0 -1
    outer loop
      vertex -70.47835429045637 29.34515058436089 16
      vertex -51.26 16.5 16
      vertex -51.26 14.5 16
    endloop
  endfacet
  facet normal 0 0 -1
    outer loop
      vertex -70.47835429045637 29.34515058436089 16
      vertex -50.01 16.5 16
      vertex -51.26 16.5 16
    endloop
  endfacet
  facet normal 0 0 -1
    outer loop
      vertex -70.47835429045637 29.34515058436089 16
      vertex -41 11.625 16
      vertex -50.01 16.5 16
    endloop
  endfacet
  facet normal 0 0 -1
    outer loop
      vertex -69.52164570954363 29.34515058436089 16
      vertex -47.45 16.5 16
      vertex -41 11.625 16
    endloop
  endfacet
  facet normal 0 0 -1
    outer loop
      vertex -69.52164570954363 29.34515058436089 16
      vertex -47.45 18.5 16
      vertex -47.45 16.5 16
    endloop
  endfacet
  facet normal 0 0 -1
    outer loop
      vertex -69.52164570954363 29.34515058436089 16
      vertex -46.2 18.5 16
      vertex -47.45 18.5 16
    endloop
  endfacet
  facet normal 0 0 -1
    outer loop
      vertex -69.52164570954363 29.34515058436089 16
      vertex -12.75 19 16
      vertex -46.2 18.5 16
    endloop
  endfacet
  facet normal 0 0 1
    outer loop
      vertex -70 29.25 17.6
      vertex -68.45 7.55 17.6
      vertex -69.52164570954363 29.34515058436089 17.6
    endloop
  endfacet
  facet normal 0 0 1
    outer loop
      vertex -69.52164570954363 29.34515058436089 17.6
      vertex -68.45 7.55 17.6
      vertex -69.11611652351681 29.616116523516816 17.6
    endloop
  endfacet
  facet normal 0 0 1
    outer loop
      vertex -69.11611652351681 29.616116523516816 17.6
      vertex -64.55 16.55 17.6
      vertex -59.45 16.55 17.6
    endloop
  endfacet
  facet normal -0.9923205795475417 0.12369263278963322 0
    outer loop
      vertex -80 31.5 16
      vertex -80 31.5 17.6
      vertex -79.81640159338713 32.972912922501564 17.6
    endloop
  endfacet
  facet normal 0.19509032201612492 0.980785280403231 0
    outer loop
      vertex -70 29.25 16
      vertex -70.47835429045637 29.34515058436089 17.6
      vertex -70 29.25 17.6
    endloop
  endfacet
  facet normal 0.8314696123025543 0.5555702330195886 0
    outer loop
      vertex -70.88388347648319 29.616116523516816 16
      vertex -71.1548494156391 30.021645709543638 17.6
      vertex -70.88388347648319 29.616116523516816 17.6
    endloop
  endfacet
  facet normal 0.5555702330196003 0.8314696123025466 0
    outer loop
      vertex -70.47835429045637 29.34515058436089 16
      vertex -70.88388347648319 29.616116523516816 17.6
      vertex -70.47835429045637 29.34515058436089 17.6
    endloop
  endfacet
  facet normal 0.9807852804032294 0.19509032201613336 0
    outer loop
      vertex -71.1548494156391 30.021645709543638 16
      vertex -71.25 30.5 17.6
      vertex -71.1548494156391 30.021645709543638 17.6
    endloop
  endfacet
  facet normal 0.9807852804032294 -0.19509032201613336 0
    outer loop
      vertex -71.25 30.5 16
      vertex -71.1548494156391 30.978354290456362 17.6
      vertex -71.25 30.5 17.6
    endloop
  endfacet
  facet normal 0.8314696123025543 -0.5555702330195886 0
    outer loop
      vertex -71.1548494156391 30.978354290456362 16
      vertex -70.88388347648319 31.383883476483184 17.6
      vertex -71.1548494156391 30.978354290456362 17.6
    endloop
  endfacet
  facet normal 0.5555702330196003 -0.8314696123025466 0
    outer loop
      vertex -70.88388347648319 31.383883476483184 16
      vertex -70.47835429045637 31.65484941563911 17.6
      vertex -70.88388347648319 31.383883476483184 17.6
    endloop
  endfacet
  facet normal 0.19509032201612492 -0.980785280403231 0
    outer loop
      vertex -70.47835429045637 31.65484941563911 16
      vertex -70 31.75 17.6
      vertex -70.47835429045637 31.65484941563911 17.6
    endloop
  endfacet
  facet normal 0 0 1
    outer loop
      vertex -80 31.5 17.6
      vertex -71.25 30.5 17.6
      vertex -71.1548494156391 30.978354290456362 17.6
    endloop
  endfacet
  facet normal 0 0 1
    outer loop
      vertex -80 31.5 17.6
      vertex -71.1548494156391 30.978354290456362 17.6
      vertex -70.88388347648319 31.383883476483184 17.6
    endloop
  endfacet
  facet normal 0 0 1
    outer loop
      vertex -80 31.5 17.6
      vertex -70.88388347648319 31.383883476483184 17.6
      vertex -70.47835429045637 31.65484941563911 17.6
    endloop
  endfacet
  facet normal 0 0 1
    outer loop
      vertex -80 31.5 17.6
      vertex -70.47835429045637 31.65484941563911 17.6
      vertex -70 31.75 17.6
    endloop
  endfacet
  facet normal -0.9157733272543414 0.4016954232867398 0
    outer loop
      vertex -79.81640159338713 32.972912922501564 16
      vertex -79.81640159338713 32.972912922501564 17.6
      vertex -79.0229988694191 34.78168895095587 17.6
    endloop
  endfacet
  facet normal -0.7357239097034207 0.677281572679128 0
    outer loop
      vertex -79.0229988694191 34.78168895095587 16
      vertex -79.0229988694191 34.78168895095587 17.6
      vertex -77.6852762773633 36.23484305292368 17.6
    endloop
  endfacet
  facet normal -0.4759473946150786 0.8794737503525154 0
    outer loop
      vertex -77.6852762773633 36.23484305292368 16
      vertex -77.6852762773633 36.23484305292368 17.6
      vertex -75.94819681346416 37.17490345239639 17.6
    endloop
  endfacet
  facet normal -0.16459458934570417 0.9863613035587513 0
    outer loop
      vertex -75.94819681346416 37.17490345239639 16
      vertex -75.94819681346416 37.17490345239639 17.6
      vertex -74 37.5 17.6
    endloop
  endfacet
  facet normal 0 0 1
    outer loop
      vertex -77.6852762773633 36.23484305292368 17.6
      vertex -74 37.5 17.6
      vertex -75.94819681346416 37.17490345239639 17.6
    endloop
  endfacet
  facet normal -0.19509032201612492 0.980785280403231 0
    outer loop
      vertex -69.52164570954363 29.34515058436089 16
      vertex -70 29.25 17.6
      vertex -69.52164570954363 29.34515058436089 17.6
    endloop
  endfacet
  facet normal -0.5555702330196003 0.8314696123025466 0
    outer loop
      vertex -69.11611652351681 29.616116523516816 16
      vertex -69.52164570954363 29.34515058436089 17.6
      vertex -69.11611652351681 29.616116523516816 17.6
    endloop
  endfacet
  facet normal -0.8314696123025543 0.5555702330195886 0
    outer loop
      vertex -68.8451505843609 30.021645709543638 16
      vertex -69.11611652351681 29.616116523516816 17.6
      vertex -68.8451505843609 30.021645709543638 17.6
    endloop
  endfacet
  facet normal -0.9807852804032294 0.19509032201613336 0
    outer loop
      vertex -68.75 30.5 16
      vertex -68.8451505843609 30.021645709543638 17.6
      vertex -68.75 30.5 17.6
    endloop
  endfacet
  facet normal -0.9807852804032294 -0.19509032201613336 0
    outer loop
      vertex -68.8451505843609 30.978354290456362 16
      vertex -68.75 30.5 17.6
      vertex -68.8451505843609 30.978354290456362 17.6
    endloop
  endfacet
  facet normal -0.5555702330196003 -0.8314696123025466 0
    outer loop
      vertex -69.52164570954363 31.65484941563911 16
      vertex -69.11611652351681 31.383883476483184 17.6
      vertex -69.52164570954363 31.65484941563911 17.6
    endloop
  endfacet
  facet normal -0.8314696123025543 -0.5555702330195886 0
    outer loop
      vertex -69.11611652351681 31.383883476483184 16
      vertex -68.8451505843609 30.978354290456362 17.6
      vertex -69.11611652351681 31.383883476483184 17.6
    endloop
  endfacet
  facet normal -0.19509032201612492 -0.980785280403231 0
    outer loop
      vertex -70 31.75 16
      vertex -69.52164570954363 31.65484941563911 17.6
      vertex -70 31.75 17.6
    endloop
  endfacet
  facet normal 0 0 -1
    outer loop
      vertex -26.25 0 16
      vertex -41 4.375 16
      vertex -41 5.625 16
    endloop
  endfacet
  facet normal 0 0 -1
    outer loop
      vertex -26.25 0 16
      vertex -41 5.625 16
      vertex -41.375 7 16
    endloop
  endfacet
  facet normal 0 0 -1
    outer loop
      vertex -26.25 0 16
      vertex -41.375 9 16
      vertex -26.15484941563911 0.47835429045636224 16
    endloop
  endfacet
  facet normal 0 0 -1
    outer loop
      vertex -26.15484941563911 0.47835429045636224 16
      vertex -41 10.375 16
      vertex -25.883883476483184 0.8838834764831844 16
    endloop
  endfacet
  facet normal 0 0 -1
    outer loop
      vertex -25.883883476483184 0.8838834764831844 16
      vertex -41 10.375 16
      vertex -25.478354290456362 1.1548494156391085 16
    endloop
  endfacet
  facet normal 0 0 -1
    outer loop
      vertex -25.478354290456362 1.1548494156391085 16
      vertex -41 10.375 16
      vertex -25 1.25 16
    endloop
  endfacet
  facet normal 0 0 -1
    outer loop
      vertex -26.25 0 16
      vertex -41.375 7 16
      vertex -41.375 9 16
    endloop
  endfacet
  facet normal 0 0 -1
    outer loop
      vertex -26.15484941563911 0.47835429045636224 16
      vertex -41.375 9 16
      vertex -48 13 16
    endloop
  endfacet
  facet normal 0 0 -1
    outer loop
      vertex -26.15484941563911 0.47835429045636224 16
      vertex -50.492617686864776 14.5 16
      vertex -43 10.375 16
    endloop
  endfacet
  facet normal 0 0 -1
    outer loop
      vertex -26.15484941563911 0.47835429045636224 16
      vertex -43 10.375 16
      vertex -41 10.375 16
    endloop
  endfacet
  facet normal 0 0 -1
    outer loop
      vertex -25 1.25 16
      vertex -41 10.375 16
      vertex -41 11.625 16
    endloop
  endfacet
  facet normal 0 0 -1
    outer loop
      vertex -23.84515058436089 -0.47835429045636224 16
      vertex -23.75 0 16
      vertex -12.75 1 16
    endloop
  endfacet
  facet normal 0 0 -1
    outer loop
      vertex -23.84515058436089 0.47835429045636224 16
      vertex -12.75 1 16
      vertex -23.75 0 16
    endloop
  endfacet
  facet normal 0 0 -1
    outer loop
      vertex -24.521645709543638 1.1548494156391085 16
      vertex -25 1.25 16
      vertex -12.75 1 16
    endloop
  endfacet
  facet normal 0 0 -1
    outer loop
      vertex -23.84515058436089 0.47835429045636224 16
      vertex -24.116116523516816 0.8838834764831844 16
      vertex -12.75 1 16
    endloop
  endfacet
  facet normal 0 0 -1
    outer loop
      vertex -24.521645709543638 1.1548494156391085 16
      vertex -12.75 1 16
      vertex -24.116116523516816 0.8838834764831844 16
    endloop
  endfacet
  facet normal 0.9807852804032309 -0.19509032201612644 0
    outer loop
      vertex -26.25 0 16
      vertex -26.15484941563911 0.47835429045636224 16
      vertex -26.15484941563911 0.47835429045636224 17.6
    endloop
  endfacet
  facet normal 0.8314696123025445 -0.5555702330196035 0
    outer loop
      vertex -26.15484941563911 0.47835429045636224 16
      vertex -25.883883476483184 0.8838834764831844 16
      vertex -25.883883476483184 0.8838834764831844 17.6
    endloop
  endfacet
  facet normal 0.5555702330196024 -0.8314696123025451 0
    outer loop
      vertex -25.883883476483184 0.8838834764831844 16
      vertex -25.478354290456362 1.1548494156391085 16
      vertex -25.478354290456362 1.1548494156391085 17.6
    endloop
  endfacet
  facet normal 0.19509032201612814 -0.9807852804032307 0
    outer loop
      vertex -25.478354290456362 1.1548494156391085 16
      vertex -25 1.25 16
      vertex -25 1.25 17.6
    endloop
  endfacet
  facet normal -0.9807852804032309 -0.19509032201612644 0
    outer loop
      vertex -23.84515058436089 0.47835429045636224 16
      vertex -23.75 0 16
      vertex -23.75 0 17.6
    endloop
  endfacet
  facet normal -0.8314696123025445 -0.5555702330196035 0
    outer loop
      vertex -23.84515058436089 0.47835429045636224 16
      vertex -23.84515058436089 0.47835429045636224 17.6
      vertex -24.116116523516816 0.8838834764831844 16
    endloop
  endfacet
  facet normal -0.5555702330196024 -0.8314696123025451 0
    outer loop
      vertex -24.521645709543638 1.1548494156391085 16
      vertex -24.116116523516816 0.8838834764831844 16
      vertex -24.116116523516816 0.8838834764831844 17.6
    endloop
  endfacet
  facet normal -0.19509032201612814 -0.9807852804032307 0
    outer loop
      vertex -24.521645709543638 1.1548494156391085 16
      vertex -24.521645709543638 1.1548494156391085 17.6
      vertex -25 1.25 16
    endloop
  endfacet
  facet normal 0 0 -1
    outer loop
      vertex -12.75 19 16
      vertex -41 11.625 16
      vertex -41 13.375 16
    endloop
  endfacet
  facet normal 0 0 -1
    outer loop
      vertex -12.75 19 16
      vertex -41 13.375 16
      vertex -41 14.625 16
    endloop
  endfacet
  facet normal 0 0 -1
    outer loop
      vertex -12.75 19 16
      vertex -41 14.625 16
      vertex -46.2 18.5 16
    endloop
  endfacet
  facet normal 0 0 -1
    outer loop
      vertex -25 1.25 16
      vertex -41 11.625 16
      vertex -12.75 19 16
    endloop
  endfacet
  facet normal 0 0 -1
    outer loop
      vertex -25 1.25 16
      vertex -12.75 19 16
      vertex -12.75 1 16
    endloop
  endfacet
  facet normal 0.9807852804032309 -0.19509032201612644 0
    outer loop
      vertex -26.25 0 16
      vertex -26.15484941563911 0.47835429045636224 17.6
      vertex -26.25 0 17.6
    endloop
  endfacet
  facet normal 0.8314696123025445 -0.5555702330196035 0
    outer loop
      vertex -26.15484941563911 0.47835429045636224 16
      vertex -25.883883476483184 0.8838834764831844 17.6
      vertex -26.15484941563911 0.47835429045636224 17.6
    endloop
  endfacet
  facet normal 0.5555702330196024 -0.8314696123025451 0
    outer loop
      vertex -25.883883476483184 0.8838834764831844 16
      vertex -25.478354290456362 1.1548494156391085 17.6
      vertex -25.883883476483184 0.8838834764831844 17.6
    endloop
  endfacet
  facet normal 0.19509032201612814 -0.9807852804032307 0
    outer loop
      vertex -25.478354290456362 1.1548494156391085 16
      vertex -25 1.25 17.6
      vertex -25.478354290456362 1.1548494156391085 17.6
    endloop
  endfacet
  facet normal -0.9807852804032309 -0.19509032201612644 0
    outer loop
      vertex -23.84515058436089 0.47835429045636224 16
      vertex -23.75 0 17.6
      vertex -23.84515058436089 0.47835429045636224 17.6
    endloop
  endfacet
  facet normal -0.5555702330196024 -0.8314696123025451 0
    outer loop
      vertex -24.521645709543638 1.1548494156391085 16
      vertex -24.116116523516816 0.8838834764831844 17.6
      vertex -24.521645709543638 1.1548494156391085 17.6
    endloop
  endfacet
  facet normal -0.8314696123025445 -0.5555702330196035 0
    outer loop
      vertex -24.116116523516816 0.8838834764831844 16
      vertex -23.84515058436089 0.47835429045636224 17.6
      vertex -24.116116523516816 0.8838834764831844 17.6
    endloop
  endfacet
  facet normal -0.19509032201612814 -0.9807852804032307 0
    outer loop
      vertex -25 1.25 16
      vertex -24.521645709543638 1.1548494156391085 17.6
      vertex -25 1.25 17.6
    endloop
  endfacet
  facet normal 0 0 1
    outer loop
      vertex -69.11611652351681 29.616116523516816 17.6
      vertex -25.478354290456362 1.1548494156391085 17.6
      vertex -25 1.25 17.6
    endloop
  endfacet
  facet normal 0 0 1
    outer loop
      vertex -69.11611652351681 29.616116523516816 17.6
      vertex -25 1.25 17.6
      vertex -24.521645709543638 1.1548494156391085 17.6
    endloop
  endfacet
  facet normal 0 0 1
    outer loop
      vertex -24.521645709543638 -1.1548494156391085 17.6
      vertex -49.45 -19.55 17.6
      vertex 69.11611652351681 31.383883476483184 17.6
    endloop
  endfacet
  facet normal 0 0 -1
    outer loop
      vertex -69.52164570954363 29.34515058436089 16
      vertex 12.75 19 16
      vertex -12.75 19 16
    endloop
  endfacet
  facet normal 0 0 -1
    outer loop
      vertex -69.52164570954363 29.34515058436089 16
      vertex -62.45 29.45 16
      vertex 62.45 29.45 16
    endloop
  endfacet
  facet normal 0 0 -1
    outer loop
      vertex -62.45 34.55 16
      vertex 62.45 29.45 16
      vertex -62.45 29.45 16
    endloop
  endfacet
  facet normal 0 0 -1
    outer loop
      vertex -79.0229988694191 34.78168895095587 16
      vertex -77.6852762773633 36.23484305292368 16
      vertex 74 37.5 16
    endloop
  endfacet
  facet normal 0 0 -1
    outer loop
      vertex -77.6852762773633 36.23484305292368 16
      vertex -74 37.5 16
      vertex 74 37.5 16
    endloop
  endfacet
  facet normal 0 0 -1
    outer loop
      vertex -79.0229988694191 34.78168895095587 16
      vertex 75.47291292250156 37.31640159338713 16
      vertex -67.55 34.55 16
    endloop
  endfacet
  facet normal 0 0 -1
    outer loop
      vertex 75.47291292250156 37.31640159338713 16
      vertex -62.45 34.55 16
      vertex -67.55 34.55 16
    endloop
  endfacet
  facet normal 0 1 0
    outer loop
      vertex -74 37.5 16
      vertex -74 37.5 17.6
      vertex 74 37.5 17.6
    endloop
  endfacet
  facet normal 0 0 1
    outer loop
      vertex -80 31.5 17.6
      vertex 77.28168895095587 36.5229988694191 17.6
      vertex -79.81640159338713 32.972912922501564 17.6
    endloop
  endfacet
  facet normal 0 0 1
    outer loop
      vertex -79.81640159338713 32.972912922501564 17.6
      vertex 75.47291292250156 37.31640159338713 17.6
      vertex -79.0229988694191 34.78168895095587 17.6
    endloop
  endfacet
  facet normal 0 0 1
    outer loop
      vertex -79.0229988694191 34.78168895095587 17.6
      vertex 74 37.5 17.6
      vertex -77.6852762773633 36.23484305292368 17.6
    endloop
  endfacet
  facet normal 0 0 1
    outer loop
      vertex -77.6852762773633 36.23484305292368 17.6
      vertex 74 37.5 17.6
      vertex -74 37.5 17.6
    endloop
  endfacet
  facet normal 0 0 1
    outer loop
      vertex -80 31.5 17.6
      vertex -70 31.75 17.6
      vertex 77.28168895095587 36.5229988694191 17.6
    endloop
  endfacet
  facet normal 0 0 1
    outer loop
      vertex -70 31.75 17.6
      vertex -69.52164570954363 31.65484941563911 17.6
      vertex 77.28168895095587 36.5229988694191 17.6
    endloop
  endfacet
  facet normal 0 0 1
    outer loop
      vertex -69.11611652351681 29.616116523516816 17.6
      vertex -24.521645709543638 1.1548494156391085 17.6
      vertex 69.11611652351681 31.383883476483184 17.6
    endloop
  endfacet
  facet normal 0 0 1
    outer loop
      vertex -69.11611652351681 29.616116523516816 17.6
      vertex 78.73484305292368 35.1852762773633 17.6
      vertex -68.8451505843609 30.021645709543638 17.6
    endloop
  endfacet
  facet normal 0 0 1
    outer loop
      vertex -68.8451505843609 30.021645709543638 17.6
      vertex 78.73484305292368 35.1852762773633 17.6
      vertex -68.75 30.5 17.6
    endloop
  endfacet
  facet normal 0 0 1
    outer loop
      vertex -68.8451505843609 30.978354290456362 17.6
      vertex -68.75 30.5 17.6
      vertex 78.73484305292368 35.1852762773633 17.6
    endloop
  endfacet
  facet normal 0 0 1
    outer loop
      vertex -68.8451505843609 30.978354290456362 17.6
      vertex 78.73484305292368 35.1852762773633 17.6
      vertex -69.11611652351681 31.383883476483184 17.6
    endloop
  endfacet
  facet normal 0 0 1
    outer loop
      vertex -69.11611652351681 31.383883476483184 17.6
      vertex 78.73484305292368 35.1852762773633 17.6
      vertex -69.52164570954363 31.65484941563911 17.6
    endloop
  endfacet
  facet normal 0 0 -1
    outer loop
      vertex -1.0499999999999998 -29.3 16
      vertex 3.7 -29.3 16
      vertex -1.0499999999999998 -29.974999999999998 16
    endloop
  endfacet
  facet normal 0 0 -1
    outer loop
      vertex 3.7 -29.3 16
      vertex 4.47 -29.974999999999998 16
      vertex -1.0499999999999998 -29.974999999999998 16
    endloop
  endfacet
  facet normal 0 0 -1
    outer loop
      vertex 4.47 -37.324999999999996 16
      vertex 4.47 -29.974999999999998 16
      vertex 12.45 -30.55 16
    endloop
  endfacet
  facet normal 0 0 -1
    outer loop
      vertex 4.47 -29.974999999999998 16
      vertex 7.699999999999999 -25.05 16
      vertex 12.45 -30.55 16
    endloop
  endfacet
  facet normal 0 0 -1
    outer loop
      vertex 3.7 -29.3 16
      vertex 3.7 -20.7 16
      vertex 4.5 -25.05 16
    endloop
  endfacet
  facet normal 0 0 -1
    outer loop
      vertex 3.7 -29.3 16
      vertex 7.699999999999999 -25.05 16
      vertex 4.47 -29.974999999999998 16
    endloop
  endfacet
  facet normal 0 0 -1
    outer loop
      vertex 3.7 -29.3 16
      vertex 4.5 -25.05 16
      vertex 7.699999999999999 -25.05 16
    endloop
  endfacet
  facet normal 0 0 -1
    outer loop
      vertex 7.699999999999999 -25.05 16
      vertex 9.5 -23.3 16
      vertex 12.45 -25.45 16
    endloop
  endfacet
  facet normal 0 0 -1
    outer loop
      vertex 3.7 -20.7 16
      vertex 4.5 -20.55 16
      vertex 4.5 -25.05 16
    endloop
  endfacet
  facet normal 0 0 -1
    outer loop
      vertex 5.1 -17.775 16
      vertex 3.7 -20.7 16
      vertex -4.2 -20.7 16
    endloop
  endfacet
  facet normal 0 0 -1
    outer loop
      vertex 3.7 -20.7 16
      vertex 5.1 -19.025 16
      vertex 4.5 -20.55 16
    endloop
  endfacet
  facet normal 0 0 -1
    outer loop
      vertex 5.1 -17.775 16
      vertex 5.1 -19.025 16
      vertex 3.7 -20.7 16
    endloop
  endfacet
  facet normal 0 0 -1
    outer loop
      vertex 7.699999999999999 -25.05 16
      vertex 7.699999999999999 -20.55 16
      vertex 9.5 -23.3 16
    endloop
  endfacet
  facet normal 0 0 -1
    outer loop
      vertex 7.699999999999999 -20.55 16
      vertex 9.5 -21.7 16
      vertex 9.5 -23.3 16
    endloop
  endfacet
  facet normal 0 0 -1
    outer loop
      vertex 7.699999999999999 -20.55 16
      vertex 12.399999999999999 -21.7 16
      vertex 9.5 -21.7 16
    endloop
  endfacet
  facet normal 0 0 -1
    outer loop
      vertex 4.5 -20.55 16
      vertex 5.1 -19.025 16
      vertex 7.699999999999999 -20.55 16
    endloop
  endfacet
  facet normal 0 0 -1
    outer loop
      vertex 12.45 -30.55 16
      vertex 7.699999999999999 -25.05 16
      vertex 12.45 -25.45 16
    endloop
  endfacet
  facet normal 0 0 -1
    outer loop
      vertex 12.45 -25.45 16
      vertex 9.5 -23.3 16
      vertex 12.399999999999999 -23.3 16
    endloop
  endfacet
  facet normal 0 0 -1
    outer loop
      vertex 12.45 -25.45 16
      vertex 12.399999999999999 -23.3 16
      vertex 17.55 -25.45 16
    endloop
  endfacet
  facet normal 0 0 -1
    outer loop
      vertex 17.55 -25.45 16
      vertex 12.399999999999999 -23.3 16
      vertex 12.399999999999999 -21.7 16
    endloop
  endfacet
  facet normal 0 0 -1
    outer loop
      vertex 17.55 -30.55 16
      vertex 17.55 -25.45 16
      vertex 22.45 -25.45 16
    endloop
  endfacet
  facet normal 0 0 -1
    outer loop
      vertex 17.55 -25.45 16
      vertex 12.399999999999999 -21.7 16
      vertex 22.45 -25.45 16
    endloop
  endfacet
  facet normal 0 0 -1
    outer loop
      vertex 7.699999999999999 -20.55 16
      vertex 5.1 -19.025 16
      vertex 19.775000000000002 -19.8 16
    endloop
  endfacet
  facet normal 0 0 -1
    outer loop
      vertex 7.1 -19.025 16
      vertex 19.775000000000002 -19.8 16
      vertex 5.1 -19.025 16
    endloop
  endfacet
  facet normal 0 0 -1
    outer loop
      vertex 7.699999999999999 -20.55 16
      vertex 19.775000000000002 -19.8 16
      vertex 12.399999999999999 -21.7 16
    endloop
  endfacet
  facet normal 0 0 -1
    outer loop
      vertex 7.1 -19.025 16
      vertex 19.775000000000002 -18.2 16
      vertex 19.775000000000002 -19.8 16
    endloop
  endfacet
  facet normal 0 0 -1
    outer loop
      vertex 74 -37.5 16
      vertex -4.47 -37.324999999999996 16
      vertex 4.47 -37.324999999999996 16
    endloop
  endfacet
  facet normal 0 0 -1
    outer loop
      vertex 4.47 -37.324999999999996 16
      vertex 12.45 -30.55 16
      vertex 52.75 -37 16
    endloop
  endfacet
  facet normal 0 0 -1
    outer loop
      vertex 17.55 -30.55 16
      vertex 22.45 -25.45 16
      vertex 22.45 -30.55 16
    endloop
  endfacet
  facet normal 0 0 -1
    outer loop
      vertex 52.75 -37 16
      vertex 12.45 -30.55 16
      vertex 17.55 -30.55 16
    endloop
  endfacet
  facet normal 0 0 -1
    outer loop
      vertex 52.75 -37 16
      vertex 17.55 -30.55 16
      vertex 22.45 -30.55 16
    endloop
  endfacet
  facet normal 0 0 -1
    outer loop
      vertex 52.75 -37 16
      vertex 22.45 -30.55 16
      vertex 27.55 -30.55 16
    endloop
  endfacet
  facet normal 0 0 -1
    outer loop
      vertex 52.75 -37 16
      vertex 27.55 -30.55 16
      vertex 39 -26.525 16
    endloop
  endfacet
  facet normal 0 0 -1
    outer loop
      vertex 22.45 -25.45 16
      vertex 37 -22.175 16
      vertex 27.55 -25.45 16
    endloop
  endfacet
  facet normal 0 0 -1
    outer loop
      vertex 12.399999999999999 -21.7 16
      vertex 19.775000000000002 -19.8 16
      vertex 28.4 -21.8 16
    endloop
  endfacet
  facet normal 0 0 -1
    outer loop
      vertex 12.399999999999999 -21.7 16
      vertex 37 -22.175 16
      vertex 22.45 -25.45 16
    endloop
  endfacet
  facet normal 0 0 -1
    outer loop
      vertex 12.399999999999999 -21.7 16
      vertex 28.4 -21.8 16
      vertex 37 -22.175 16
    endloop
  endfacet
  facet normal 0 0 -1
    outer loop
      vertex 28.4 -20.2 16
      vertex 28.4 -21.8 16
      vertex 19.775000000000002 -19.8 16
    endloop
  endfacet
  facet normal 0 0 -1
    outer loop
      vertex 19.775000000000002 -19.8 16
      vertex 22.675 -19.8 16
      vertex 38.199999999999996 -19.900000000000002 16
    endloop
  endfacet
  facet normal 0 0 -1
    outer loop
      vertex 28.4 -20.2 16
      vertex 19.775000000000002 -19.8 16
      vertex 38.199999999999996 -19.900000000000002 16
    endloop
  endfacet
  facet normal 0 0 -1
    outer loop
      vertex 27.55 -30.55 16
      vertex 27.55 -25.45 16
      vertex 37 -26.525 16
    endloop
  endfacet
  facet normal 0 0 -1
    outer loop
      vertex 27.55 -30.55 16
      vertex 37 -26.525 16
      vertex 39 -26.525 16
    endloop
  endfacet
  facet normal 0 0 -1
    outer loop
      vertex 27.55 -25.45 16
      vertex 37 -25.275 16
      vertex 37 -26.525 16
    endloop
  endfacet
  facet normal 0 0 -1
    outer loop
      vertex 27.55 -25.45 16
      vertex 37 -23.425 16
      vertex 37 -25.275 16
    endloop
  endfacet
  facet normal 0 0 -1
    outer loop
      vertex 27.55 -25.45 16
      vertex 37 -22.175 16
      vertex 37 -23.425 16
    endloop
  endfacet
  facet normal 0 0 -1
    outer loop
      vertex 39 -26.525 16
      vertex 39 -25.275 16
      vertex 40.35 -26.525 16
    endloop
  endfacet
  facet normal 0 0 -1
    outer loop
      vertex 37 -25.275 16
      vertex 37 -23.425 16
      vertex 39 -25.275 16
    endloop
  endfacet
  facet normal 0 0 -1
    outer loop
      vertex 40.35 -26.525 16
      vertex 39 -25.275 16
      vertex 40.35 -25.275 16
    endloop
  endfacet
  facet normal 0 0 -1
    outer loop
      vertex 40.35 -25.275 16
      vertex 39 -25.275 16
      vertex 39 -23.425 16
    endloop
  endfacet
  facet normal 0 0 -1
    outer loop
      vertex 37 -23.425 16
      vertex 39 -23.425 16
      vertex 39 -25.275 16
    endloop
  endfacet
  facet normal 0 0 -1
    outer loop
      vertex 31.6 -21.8 16
      vertex 37 -22.175 16
      vertex 28.4 -21.8 16
    endloop
  endfacet
  facet normal 0 0 -1
    outer loop
      vertex 32 -17 16
      vertex 38.199999999999996 -19.900000000000002 16
      vertex 22.675 -19.8 16
    endloop
  endfacet
  facet normal 0 0 -1
    outer loop
      vertex 28.4 -20.2 16
      vertex 38.199999999999996 -19.900000000000002 16
      vertex 31.6 -20.2 16
    endloop
  endfacet
  facet normal 0 0 -1
    outer loop
      vertex 31.6 -21.8 16
      vertex 31.6 -20.2 16
      vertex 38.199999999999996 -19.900000000000002 16
    endloop
  endfacet
  facet normal 0 0 -1
    outer loop
      vertex 31.6 -21.8 16
      vertex 38.199999999999996 -19.900000000000002 16
      vertex 37 -22.175 16
    endloop
  endfacet
  facet normal 0 0 -1
    outer loop
      vertex 37 -22.175 16
      vertex 38.199999999999996 -19.900000000000002 16
      vertex 39 -22.175 16
    endloop
  endfacet
  facet normal 0 0 -1
    outer loop
      vertex 41.4 -19.900000000000002 16
      vertex 39 -22.175 16
      vertex 38.199999999999996 -19.900000000000002 16
    endloop
  endfacet
  facet normal 0 0 1
    outer loop
      vertex -78.73484305292368 -35.1852762773633 17.6
      vertex 69.52164570954363 -31.65484941563911 17.6
      vertex 69.11611652351681 -31.383883476483184 17.6
    endloop
  endfacet
  facet normal 0 0 1
    outer loop
      vertex -78.73484305292368 -35.1852762773633 17.6
      vertex 69.11611652351681 -31.383883476483184 17.6
      vertex 68.8451505843609 -30.978354290456362 17.6
    endloop
  endfacet
  facet normal 0 0 1
    outer loop
      vertex -78.73484305292368 -35.1852762773633 17.6
      vertex 68.8451505843609 -30.978354290456362 17.6
      vertex 68.75 -30.5 17.6
    endloop
  endfacet
  facet normal 0 0 1
    outer loop
      vertex -47 -29.375 17.6
      vertex 53 -21.125 17.6
      vertex 53 -19.875 17.6
    endloop
  endfacet
  facet normal 0 0 1
    outer loop
      vertex -47 -29.375 17.6
      vertex 53 -19.875 17.6
      vertex 53 -17.125 17.6
    endloop
  endfacet
  facet normal 0 0 1
    outer loop
      vertex -47 -29.375 17.6
      vertex 53 -17.125 17.6
      vertex 53 -15.875 17.6
    endloop
  endfacet
  facet normal 0 -1 0
    outer loop
      vertex -74 -37.5 17.6
      vertex 74 -37.5 16
      vertex 74 -37.5 17.6
    endloop
  endfacet
  facet normal 0 0 1
    outer loop
      vertex -77.28168895095587 -36.5229988694191 17.6
      vertex 70 -31.75 17.6
      vertex 69.52164570954363 -31.65484941563911 17.6
    endloop
  endfacet
  facet normal 0 0 1
    outer loop
      vertex -77.28168895095587 -36.5229988694191 17.6
      vertex 80 -31.5 17.6
      vertex 70 -31.75 17.6
    endloop
  endfacet
  facet normal 0 0 1
    outer loop
      vertex -74 -37.5 17.6
      vertex 74 -37.5 17.6
      vertex 77.6852762773633 -36.23484305292368 17.6
    endloop
  endfacet
  facet normal 0 0 1
    outer loop
      vertex -74 -37.5 17.6
      vertex 77.6852762773633 -36.23484305292368 17.6
      vertex 79.0229988694191 -34.78168895095587 17.6
    endloop
  endfacet
  facet normal 0 0 1
    outer loop
      vertex -75.47291292250156 -37.31640159338713 17.6
      vertex 79.0229988694191 -34.78168895095587 17.6
      vertex 79.81640159338713 -32.972912922501564 17.6
    endloop
  endfacet
  facet normal 0 0 1
    outer loop
      vertex -77.28168895095587 -36.5229988694191 17.6
      vertex 79.81640159338713 -32.972912922501564 17.6
      vertex 80 -31.5 17.6
    endloop
  endfacet
  facet normal 0 0 1
    outer loop
      vertex 68.75 -30.5 17.6
      vertex 64.55 -26.75 17.6
      vertex -47 -30.625 17.6
    endloop
  endfacet
  facet normal 0 0 1
    outer loop
      vertex -47 -29.375 17.6
      vertex 59.45 -26.75 17.6
      vertex 59.45 -21.65 17.6
    endloop
  endfacet
  facet normal 0 0 1
    outer loop
      vertex -47 -29.375 17.6
      vertex 55 -21.125 17.6
      vertex 53 -21.125 17.6
    endloop
  endfacet
  facet normal 0 0 1
    outer loop
      vertex -47 -29.375 17.6
      vertex 59 -21.125 17.6
      vertex 55 -21.125 17.6
    endloop
  endfacet
  facet normal 0 0 1
    outer loop
      vertex -47 -29.375 17.6
      vertex 59.45 -21.65 17.6
      vertex 59 -21.125 17.6
    endloop
  endfacet
  facet normal 0 0 1
    outer loop
      vertex -47 -30.625 17.6
      vertex 64.55 -26.75 17.6
      vertex 59.45 -26.75 17.6
    endloop
  endfacet
  facet normal 0 0 -1
    outer loop
      vertex 3.55 -14.7 16
      vertex 4 -13.125 16
      vertex 6.45 -14.7 16
    endloop
  endfacet
  facet normal 0 0 -1
    outer loop
      vertex 6.45 -16.3 16
      vertex 7.1 -17.775 16
      vertex 5.1 -17.775 16
    endloop
  endfacet
  facet normal 0 0 -1
    outer loop
      vertex 6.45 -16.3 16
      vertex 5.1 -17.775 16
      vertex 3.55 -16.3 16
    endloop
  endfacet
  facet normal 0 0 -1
    outer loop
      vertex 6.45 -16.3 16
      vertex 6.45 -14.7 16
      vertex 7.1 -17.775 16
    endloop
  endfacet
  facet normal 0 0 -1
    outer loop
      vertex 7.1 -17.775 16
      vertex 6.45 -14.7 16
      vertex 9 -13.125 16
    endloop
  endfacet
  facet normal 0 0 -1
    outer loop
      vertex 7.1 -17.775 16
      vertex 9 -13.125 16
      vertex 12 -13.125 16
    endloop
  endfacet
  facet normal 0 0 -1
    outer loop
      vertex -1 -13.125 16
      vertex 2 -13.125 16
      vertex 3.55 -14.7 16
    endloop
  endfacet
  facet normal 0 0 -1
    outer loop
      vertex -1 -13.125 16
      vertex 2 -11.875 16
      vertex 2 -13.125 16
    endloop
  endfacet
  facet normal 0 0 -1
    outer loop
      vertex -1 -13.125 16
      vertex -1 -11.875 16
      vertex 2 -11.875 16
    endloop
  endfacet
  facet normal 0 0 -1
    outer loop
      vertex -3 -11.875 16
      vertex 4.875 -11.8 16
      vertex -1 -11.875 16
    endloop
  endfacet
  facet normal 0 0 -1
    outer loop
      vertex -1 -11.875 16
      vertex 4.875 -11.8 16
      vertex 2 -11.875 16
    endloop
  endfacet
  facet normal 0 0 -1
    outer loop
      vertex 3.55 -14.7 16
      vertex 2 -13.125 16
      vertex 4 -13.125 16
    endloop
  endfacet
  facet normal 0 0 -1
    outer loop
      vertex 2 -11.875 16
      vertex 4.875 -11.8 16
      vertex 4 -11.875 16
    endloop
  endfacet
  facet normal 0 0 -1
    outer loop
      vertex 4.875 -11.8 16
      vertex 2 -9.125 16
      vertex 4 -9.125 16
    endloop
  endfacet
  facet normal 0 0 -1
    outer loop
      vertex 4.875 -9.8 16
      vertex 4.875 -11.8 16
      vertex 4 -9.125 16
    endloop
  endfacet
  facet normal 0 0 -1
    outer loop
      vertex 6.45 -14.7 16
      vertex 4 -13.125 16
      vertex 7 -13.125 16
    endloop
  endfacet
  facet normal 0 0 -1
    outer loop
      vertex 6.45 -14.7 16
      vertex 7 -13.125 16
      vertex 9 -13.125 16
    endloop
  endfacet
  facet normal 0 0 -1
    outer loop
      vertex 4 -13.125 16
      vertex 7 -11.875 16
      vertex 7 -13.125 16
    endloop
  endfacet
  facet normal 0 0 -1
    outer loop
      vertex 4 -13.125 16
      vertex 4 -11.875 16
      vertex 7 -11.875 16
    endloop
  endfacet
  facet normal 0 0 -1
    outer loop
      vertex 4 -11.875 16
      vertex 4.875 -11.8 16
      vertex 6.125 -11.8 16
    endloop
  endfacet
  facet normal 0 0 -1
    outer loop
      vertex 7 -11.875 16
      vertex 4 -11.875 16
      vertex 6.125 -11.8 16
    endloop
  endfacet
  facet normal 0 0 -1
    outer loop
      vertex 7 -11.875 16
      vertex 6.125 -11.8 16
      vertex 9 -11.875 16
    endloop
  endfacet
  facet normal 0 0 -1
    outer loop
      vertex 4.875 -9.8 16
      vertex 4 -9.125 16
      vertex 6.125 -9.8 16
    endloop
  endfacet
  facet normal 0 0 -1
    outer loop
      vertex 6.125 -9.8 16
      vertex 7 -9.125 16
      vertex 6.125 -11.8 16
    endloop
  endfacet
  facet normal 0 0 -1
    outer loop
      vertex 6.125 -11.8 16
      vertex 7 -9.125 16
      vertex 9 -9.125 16
    endloop
  endfacet
  facet normal 0 0 -1
    outer loop
      vertex 7.1 -17.775 16
      vertex 19.775000000000002 -18.2 16
      vertex 7.1 -19.025 16
    endloop
  endfacet
  facet normal 0 0 -1
    outer loop
      vertex 7.1 -17.775 16
      vertex 12 -13.125 16
      vertex 14 -13.125 16
    endloop
  endfacet
  facet normal 0 0 -1
    outer loop
      vertex 7.1 -17.775 16
      vertex 14 -13.125 16
      vertex 17 -13.125 16
    endloop
  endfacet
  facet normal 0 0 -1
    outer loop
      vertex 7.1 -17.775 16
      vertex 28 -17 16
      vertex 19.775000000000002 -18.2 16
    endloop
  endfacet
  facet normal 0 0 -1
    outer loop
      vertex 28 -17 16
      vertex 7.1 -17.775 16
      vertex 17 -13.125 16
    endloop
  endfacet
  facet normal 0 0 -1
    outer loop
      vertex 9 -13.125 16
      vertex 12 -11.875 16
      vertex 12 -13.125 16
    endloop
  endfacet
  facet normal 0 0 -1
    outer loop
      vertex 9 -13.125 16
      vertex 9 -11.875 16
      vertex 12 -11.875 16
    endloop
  endfacet
  facet normal 0 0 -1
    outer loop
      vertex 9 -11.875 16
      vertex 6.125 -11.8 16
      vertex 17 -9.125 16
    endloop
  endfacet
  facet normal 0 0 -1
    outer loop
      vertex 6.125 -11.8 16
      vertex 9 -9.125 16
      vertex 17 -9.125 16
    endloop
  endfacet
  facet normal 0 0 -1
    outer loop
      vertex 9 -11.875 16
      vertex 17 -9.125 16
      vertex 12 -11.875 16
    endloop
  endfacet
  facet normal 0 0 -1
    outer loop
      vertex 12 -11.875 16
      vertex 17 -9.125 16
      vertex 14 -11.875 16
    endloop
  endfacet
  facet normal 0 0 -1
    outer loop
      vertex 14 -13.125 16
      vertex 17 -11.875 16
      vertex 17 -13.125 16
    endloop
  endfacet
  facet normal 0 0 -1
    outer loop
      vertex 14 -13.125 16
      vertex 14 -11.875 16
      vertex 17 -11.875 16
    endloop
  endfacet
  facet normal 0 0 -1
    outer loop
      vertex 17 -11.875 16
      vertex 14 -11.875 16
      vertex 17 -9.125 16
    endloop
  endfacet
  facet normal 0 0 -1
    outer loop
      vertex 17 -11.875 16
      vertex 17 -9.125 16
      vertex 19 -11.875 16
    endloop
  endfacet
  facet normal 0 0 -1
    outer loop
      vertex 2 -9.125 16
      vertex -1 -9.125 16
      vertex -1 -7.875 16
    endloop
  endfacet
  facet normal 0 0 -1
    outer loop
      vertex -1 -7.875 16
      vertex 2 -7.875 16
      vertex 2 -9.125 16
    endloop
  endfacet
  facet normal 0 0 -1
    outer loop
      vertex -6 -7.875 16
      vertex 10 -3 16
      vertex -3 -7.875 16
    endloop
  endfacet
  facet normal 0 0 -1
    outer loop
      vertex -3 -7.875 16
      vertex 11 -3.875 16
      vertex -1 -7.875 16
    endloop
  endfacet
  facet normal 0 0 -1
    outer loop
      vertex -1 -7.875 16
      vertex 11 -5.125 16
      vertex 2 -7.875 16
    endloop
  endfacet
  facet normal 0 0 -1
    outer loop
      vertex 6.125 -9.8 16
      vertex 4 -9.125 16
      vertex 7 -9.125 16
    endloop
  endfacet
  facet normal 0 0 -1
    outer loop
      vertex 4 -8.11983062635042 16
      vertex 7 -7.875 16
      vertex 4 -9.125 16
    endloop
  endfacet
  facet normal 0 0 -1
    outer loop
      vertex 4 -9.125 16
      vertex 7 -7.875 16
      vertex 7 -9.125 16
    endloop
  endfacet
  facet normal 0 0 -1
    outer loop
      vertex 4 -7.875 16
      vertex 13 -5.125 16
      vertex 4 -8.11983062635042 16
    endloop
  endfacet
  facet normal 0 0 -1
    outer loop
      vertex 2 -7.875 16
      vertex 13 -5.125 16
      vertex 4 -7.875 16
    endloop
  endfacet
  facet normal 0 0 -1
    outer loop
      vertex 11 -5.125 16
      vertex -1 -7.875 16
      vertex 11 -3.875 16
    endloop
  endfacet
  facet normal 0 0 -1
    outer loop
      vertex 2 -7.875 16
      vertex 11 -5.125 16
      vertex 13 -5.125 16
    endloop
  endfacet
  facet normal 0 0 -1
    outer loop
      vertex -11 -7.875 16
      vertex 10 -2 16
      vertex 10 -3 16
    endloop
  endfacet
  facet normal 0 0 -1
    outer loop
      vertex -11 -7.875 16
      vertex 11.4 -1.5 16
      vertex 10 -2 16
    endloop
  endfacet
  facet normal 0 0 -1
    outer loop
      vertex -11 -7.875 16
      vertex 11.4 -0.5 16
      vertex 11.4 -1.5 16
    endloop
  endfacet
  facet normal 0 0 -1
    outer loop
      vertex -11 -7.875 16
      vertex 12.75 1 16
      vertex 11.4 -0.5 16
    endloop
  endfacet
  facet normal 0 0 -1
    outer loop
      vertex -11 -7.875 16
      vertex 7.338401525142869 1 16
      vertex 12.75 1 16
    endloop
  endfacet
  facet normal 0 0 -1
    outer loop
      vertex -3 -7.875 16
      vertex 10 -3 16
      vertex 10.5 -3 16
    endloop
  endfacet
  facet normal 0 0 -1
    outer loop
      vertex 9 -9.125 16
      vertex 9 -7.875 16
      vertex 17 -7.875 16
    endloop
  endfacet
  facet normal 0 0 -1
    outer loop
      vertex 9 -9.125 16
      vertex 17 -7.875 16
      vertex 17 -9.125 16
    endloop
  endfacet
  facet normal 0 0 -1
    outer loop
      vertex 25.478354290456362 -1.1548494156391085 16
      vertex 7 -7.875 16
      vertex 4 -8.11983062635042 16
    endloop
  endfacet
  facet normal 0 0 -1
    outer loop
      vertex 25.478354290456362 -1.1548494156391085 16
      vertex 9 -7.875 16
      vertex 7 -7.875 16
    endloop
  endfacet
  facet normal 0 0 -1
    outer loop
      vertex 25 -1.25 16
      vertex 4 -8.11983062635042 16
      vertex 13 -5.125 16
    endloop
  endfacet
  facet normal 0 0 -1
    outer loop
      vertex 25.478354290456362 -1.1548494156391085 16
      vertex 17 -7.875 16
      vertex 9 -7.875 16
    endloop
  endfacet
  facet normal 0 0 -1
    outer loop
      vertex 24.116116523516816 0.8838834764831844 16
      vertex 11 -3.875 16
      vertex -3 -7.875 16
    endloop
  endfacet
  facet normal 0 0 -1
    outer loop
      vertex 24.521645709543638 1.1548494156391085 16
      vertex -3 -7.875 16
      vertex 10.5 -3 16
    endloop
  endfacet
  facet normal 0 0 -1
    outer loop
      vertex 10.5 -3 16
      vertex 10.5 -2 16
      vertex 11.4 -1.5 16
    endloop
  endfacet
  facet normal 0 0 -1
    outer loop
      vertex 10 -2 16
      vertex 11.4 -1.5 16
      vertex 10.5 -2 16
    endloop
  endfacet
  facet normal 0 0 -1
    outer loop
      vertex 10.5 -3 16
      vertex 11.4 -1.5 16
      vertex 11.9 -1.5 16
    endloop
  endfacet
  facet normal 0 0 -1
    outer loop
      vertex 23.75 0 16
      vertex 13 -3.875 16
      vertex 11 -3.875 16
    endloop
  endfacet
  facet normal 0 0 -1
    outer loop
      vertex 25 -1.25 16
      vertex 13 -5.125 16
      vertex 13 -3.875 16
    endloop
  endfacet
  facet normal 0 0 -1
    outer loop
      vertex 25 -1.25 16
      vertex 25.478354290456362 -1.1548494156391085 16
      vertex 4 -8.11983062635042 16
    endloop
  endfacet
  facet normal 0 0 -1
    outer loop
      vertex 24.116116523516816 0.8838834764831844 16
      vertex -3 -7.875 16
      vertex 24.521645709543638 1.1548494156391085 16
    endloop
  endfacet
  facet normal 0 0 -1
    outer loop
      vertex 24.521645709543638 1.1548494156391085 16
      vertex 10.5 -3 16
      vertex 11.9 -1.5 16
    endloop
  endfacet
  facet normal 0 0 -1
    outer loop
      vertex 24.521645709543638 1.1548494156391085 16
      vertex 11.9 -1.5 16
      vertex 11.9 -0.5 16
    endloop
  endfacet
  facet normal 0 0 -1
    outer loop
      vertex 23.75 0 16
      vertex 11 -3.875 16
      vertex 23.84515058436089 0.47835429045636224 16
    endloop
  endfacet
  facet normal 0 0 -1
    outer loop
      vertex 23.84515058436089 0.47835429045636224 16
      vertex 11 -3.875 16
      vertex 24.116116523516816 0.8838834764831844 16
    endloop
  endfacet
  facet normal 0 0 -1
    outer loop
      vertex 28 -17 16
      vertex 22.675 -18.2 16
      vertex 19.775000000000002 -18.2 16
    endloop
  endfacet
  facet normal 0 0 -1
    outer loop
      vertex 22.675 -18.2 16
      vertex 28 -17 16
      vertex 22.675 -19.8 16
    endloop
  endfacet
  facet normal 0 0 -1
    outer loop
      vertex 28 -17 16
      vertex 17 -13.125 16
      vertex 19 -13.125 16
    endloop
  endfacet
  facet normal 0 0 -1
    outer loop
      vertex 32 -17 16
      vertex 22.675 -19.8 16
      vertex 28 -17 16
    endloop
  endfacet
  facet normal 0 0 -1
    outer loop
      vertex 28 -17 16
      vertex 19 -13.125 16
      vertex 19 -11.875 16
    endloop
  endfacet
  facet normal 0 0 -1
    outer loop
      vertex 28 -17 16
      vertex 19 -11.875 16
      vertex 17 -9.125 16
    endloop
  endfacet
  facet normal 0 0 -1
    outer loop
      vertex 28 -17 16
      vertex 17 -9.125 16
      vertex 19 -9.125 16
    endloop
  endfacet
  facet normal 0 0 -1
    outer loop
      vertex 28 -13 16
      vertex 19 -9.125 16
      vertex 27.5 -7 16
    endloop
  endfacet
  facet normal 0 0 -1
    outer loop
      vertex 28 -17 16
      vertex 19 -9.125 16
      vertex 28 -13 16
    endloop
  endfacet
  facet normal 0 0 -1
    outer loop
      vertex 32 -17 16
      vertex 34 -14.375 16
      vertex 34 -15.625 16
    endloop
  endfacet
  facet normal 0 0 -1
    outer loop
      vertex 32 -17 16
      vertex 34 -15.625 16
      vertex 36 -15.625 16
    endloop
  endfacet
  facet normal 0 0 -1
    outer loop
      vertex 32 -13.266063356588905 16
      vertex 34 -14.375 16
      vertex 32 -17 16
    endloop
  endfacet
  facet normal 0 0 -1
    outer loop
      vertex 32 -17 16
      vertex 38.199999999999996 -18.3 16
      vertex 38.199999999999996 -19.900000000000002 16
    endloop
  endfacet
  facet normal 0 0 -1
    outer loop
      vertex 32 -17 16
      vertex 38.349999999999994 -16.8 16
      vertex 38.199999999999996 -18.3 16
    endloop
  endfacet
  facet normal 0 0 -1
    outer loop
      vertex 32 -17 16
      vertex 36 -15.625 16
      vertex 38.349999999999994 -16.8 16
    endloop
  endfacet
  facet normal 0 0 -1
    outer loop
      vertex 38.199999999999996 -18.3 16
      vertex 38.349999999999994 -16.8 16
      vertex 41.4 -18.3 16
    endloop
  endfacet
  facet normal 0 0 -1
    outer loop
      vertex 36 -15.625 16
      vertex 36 -14.375 16
      vertex 38.349999999999994 -15.2 16
    endloop
  endfacet
  facet normal 0 0 -1
    outer loop
      vertex 36 -15.625 16
      vertex 38.349999999999994 -15.2 16
      vertex 38.349999999999994 -16.8 16
    endloop
  endfacet
  facet normal 0 0 -1
    outer loop
      vertex 36 -14.375 16
      vertex 41.25 -15.2 16
      vertex 38.349999999999994 -15.2 16
    endloop
  endfacet
  facet normal 0 0 -1
    outer loop
      vertex 28 -13 16
      vertex 37 -12.125 16
      vertex 32 -13 16
    endloop
  endfacet
  facet normal 0 0 -1
    outer loop
      vertex 32 -13.266063356588905 16
      vertex 32 -13 16
      vertex 37 -12.125 16
    endloop
  endfacet
  facet normal 0 0 -1
    outer loop
      vertex 28 -13 16
      vertex 35 -12.125 16
      vertex 37 -12.125 16
    endloop
  endfacet
  facet normal 0 0 -1
    outer loop
      vertex 28 -13 16
      vertex 35 -10.875 16
      vertex 35 -12.125 16
    endloop
  endfacet
  facet normal 0 0 -1
    outer loop
      vertex 28 -13 16
      vertex 32.5 -7 16
      vertex 35 -10.875 16
    endloop
  endfacet
  facet normal 0 0 -1
    outer loop
      vertex 48.5 -10 16
      vertex 36 -14.375 16
      vertex 34 -14.375 16
    endloop
  endfacet
  facet normal 0 0 -1
    outer loop
      vertex 48.5 -10 16
      vertex 34 -14.375 16
      vertex 32 -13.266063356588905 16
    endloop
  endfacet
  facet normal 0 0 -1
    outer loop
      vertex 48.5 -10 16
      vertex 32 -13.266063356588905 16
      vertex 37 -12.125 16
    endloop
  endfacet
  facet normal 0 0 -1
    outer loop
      vertex 35 -10.875 16
      vertex 36.75 -8.3 16
      vertex 37 -10.875 16
    endloop
  endfacet
  facet normal 0 0 -1
    outer loop
      vertex 45.5 -10 16
      vertex 37 -12.125 16
      vertex 37 -10.875 16
    endloop
  endfacet
  facet normal 0 0 -1
    outer loop
      vertex 37 -10.875 16
      vertex 36.75 -8.3 16
      vertex 40.900000000000006 -9.6 16
    endloop
  endfacet
  facet normal 0 0 -1
    outer loop
      vertex 19 -9.125 16
      vertex 19 -7.875 16
      vertex 27.5 -7 16
    endloop
  endfacet
  facet normal 0 0 -1
    outer loop
      vertex 25.478354290456362 -1.1548494156391085 16
      vertex 19 -7.875 16
      vertex 17 -7.875 16
    endloop
  endfacet
  facet normal 0 0 -1
    outer loop
      vertex 25.478354290456362 -1.1548494156391085 16
      vertex 27.5 -7 16
      vertex 19 -7.875 16
    endloop
  endfacet
  facet normal 0 0 -1
    outer loop
      vertex 28 -13 16
      vertex 27.5 -7 16
      vertex 32.5 -7 16
    endloop
  endfacet
  facet normal 0 0 -1
    outer loop
      vertex 24.116116523516816 -0.8838834764831844 16
      vertex 24.521645709543638 -1.1548494156391085 16
      vertex 13 -3.875 16
    endloop
  endfacet
  facet normal 0 0 -1
    outer loop
      vertex 24.521645709543638 -1.1548494156391085 16
      vertex 25 -1.25 16
      vertex 13 -3.875 16
    endloop
  endfacet
  facet normal 0 0 -1
    outer loop
      vertex 24.116116523516816 -0.8838834764831844 16
      vertex 13 -3.875 16
      vertex 23.84515058436089 -0.47835429045636224 16
    endloop
  endfacet
  facet normal 0 0 -1
    outer loop
      vertex 23.84515058436089 -0.47835429045636224 16
      vertex 13 -3.875 16
      vertex 23.75 0 16
    endloop
  endfacet
  facet normal 0 0 -1
    outer loop
      vertex 27.5 -3 16
      vertex 27.5 -7 16
      vertex 27 -2.125 16
    endloop
  endfacet
  facet normal 0 0 -1
    outer loop
      vertex 25.478354290456362 -1.1548494156391085 16
      vertex 27 -2.125 16
      vertex 27.5 -7 16
    endloop
  endfacet
  facet normal 0 0 -1
    outer loop
      vertex 29 -2.125 16
      vertex 27.5 -3 16
      vertex 27 -2.125 16
    endloop
  endfacet
  facet normal 0 0 -1
    outer loop
      vertex 27.5 -3 16
      vertex 29 -2.125 16
      vertex 32.5 -3 16
    endloop
  endfacet
  facet normal 0 0 -1
    outer loop
      vertex 25.478354290456362 -1.1548494156391085 16
      vertex 25.883883476483184 -0.8838834764831844 16
      vertex 27 -2.125 16
    endloop
  endfacet
  facet normal 0 0 -1
    outer loop
      vertex 25.883883476483184 -0.8838834764831844 16
      vertex 26.15484941563911 -0.47835429045636224 16
      vertex 27 -2.125 16
    endloop
  endfacet
  facet normal 0 0 -1
    outer loop
      vertex 26.15484941563911 -0.47835429045636224 16
      vertex 27 -0.875 16
      vertex 27 -2.125 16
    endloop
  endfacet
  facet normal 0 0 -1
    outer loop
      vertex 26.15484941563911 -0.47835429045636224 16
      vertex 26.25 0 16
      vertex 27 -0.875 16
    endloop
  endfacet
  facet normal 0 0 -1
    outer loop
      vertex 26.15484941563911 0.47835429045636224 16
      vertex 27 -0.875 16
      vertex 26.25 0 16
    endloop
  endfacet
  facet normal 0.19509032201612814 0.9807852804032307 0
    outer loop
      vertex 24.521645709543638 -1.1548494156391085 16
      vertex 24.521645709543638 -1.1548494156391085 17.6
      vertex 25 -1.25 16
    endloop
  endfacet
  facet normal 0.5555702330196024 0.8314696123025451 0
    outer loop
      vertex 24.116116523516816 -0.8838834764831844 16
      vertex 24.116116523516816 -0.8838834764831844 17.6
      vertex 24.521645709543638 -1.1548494156391085 16
    endloop
  endfacet
  facet normal 0.8314696123025445 0.5555702330196035 0
    outer loop
      vertex 24.116116523516816 -0.8838834764831844 16
      vertex 23.84515058436089 -0.47835429045636224 16
      vertex 23.84515058436089 -0.47835429045636224 17.6
    endloop
  endfacet
  facet normal 0.9807852804032309 0.19509032201612644 0
    outer loop
      vertex 23.84515058436089 -0.47835429045636224 16
      vertex 23.75 0 16
      vertex 23.75 0 17.6
    endloop
  endfacet
  facet normal -0.19509032201612814 0.9807852804032307 0
    outer loop
      vertex 25 -1.25 16
      vertex 25 -1.25 17.6
      vertex 25.478354290456362 -1.1548494156391085 16
    endloop
  endfacet
  facet normal -0.5555702330196024 0.8314696123025451 0
    outer loop
      vertex 25.478354290456362 -1.1548494156391085 16
      vertex 25.478354290456362 -1.1548494156391085 17.6
      vertex 25.883883476483184 -0.8838834764831844 16
    endloop
  endfacet
  facet normal -0.8314696123025445 0.5555702330196035 0
    outer loop
      vertex 25.883883476483184 -0.8838834764831844 16
      vertex 25.883883476483184 -0.8838834764831844 17.6
      vertex 26.15484941563911 -0.47835429045636224 16
    endloop
  endfacet
  facet normal -0.9807852804032309 0.19509032201612644 0
    outer loop
      vertex 26.15484941563911 -0.47835429045636224 16
      vertex 26.15484941563911 -0.47835429045636224 17.6
      vertex 26.25 0 16
    endloop
  endfacet
  facet normal 0 0 -1
    outer loop
      vertex 35 -10.875 16
      vertex 32.5 -7 16
      vertex 36.75 -8.3 16
    endloop
  endfacet
  facet normal 0 0 -1
    outer loop
      vertex 32.5 -3 16
      vertex 36.75 -6.7 16
      vertex 32.5 -7 16
    endloop
  endfacet
  facet normal 0 0 -1
    outer loop
      vertex 32.5 -3 16
      vertex 35.3 -5.125 16
      vertex 36.75 -6.7 16
    endloop
  endfacet
  facet normal 0 0 -1
    outer loop
      vertex 36.75 -6.7 16
      vertex 36.75 -8.3 16
      vertex 32.5 -7 16
    endloop
  endfacet
  facet normal 0 0 -1
    outer loop
      vertex 36.75 -8.3 16
      vertex 39.650000000000006 -8.3 16
      vertex 40.900000000000006 -9.6 16
    endloop
  endfacet
  facet normal 0 0 -1
    outer loop
      vertex 36.75 -6.7 16
      vertex 35.3 -5.125 16
      vertex 37.3 -5.125 16
    endloop
  endfacet
  facet normal 0 0 -1
    outer loop
      vertex 36.75 -6.7 16
      vertex 37.3 -5.125 16
      vertex 39.650000000000006 -6.7 16
    endloop
  endfacet
  facet normal 0 0 -1
    outer loop
      vertex 39.650000000000006 -6.7 16
      vertex 37.3 -5.125 16
      vertex 37.3 -3.875 16
    endloop
  endfacet
  facet normal 0 0 -1
    outer loop
      vertex 39.650000000000006 -6.7 16
      vertex 37.3 -3.875 16
      vertex 40.900000000000006 -6.4 16
    endloop
  endfacet
  facet normal 0 0 -1
    outer loop
      vertex 35.3 -3.875 16
      vertex 32.5 -3 16
      vertex 29 -0.875 16
    endloop
  endfacet
  facet normal 0 0 -1
    outer loop
      vertex 32.5 -3 16
      vertex 35.3 -3.875 16
      vertex 35.3 -5.125 16
    endloop
  endfacet
  facet normal 0 0 -1
    outer loop
      vertex 35.3 -3.875 16
      vertex 29 -0.875 16
      vertex 35.3 -3.125 16
    endloop
  endfacet
  facet normal 0 0 -1
    outer loop
      vertex 32.5 -3 16
      vertex 29 -2.125 16
      vertex 29 -0.875 16
    endloop
  endfacet
  facet normal 0 0 -1
    outer loop
      vertex 27 -0.875 16
      vertex 35.3 -0.605 16
      vertex 29 -0.875 16
    endloop
  endfacet
  facet normal 0 0 -1
    outer loop
      vertex 29 -0.875 16
      vertex 35.3 -1.875 16
      vertex 35.3 -3.125 16
    endloop
  endfacet
  facet normal 0 0 -1
    outer loop
      vertex 35.3 -1.875 16
      vertex 29 -0.875 16
      vertex 35.3 -0.605 16
    endloop
  endfacet
  facet normal 0 0 -1
    outer loop
      vertex 35.3 -3.875 16
      vertex 35.3 -3.125 16
      vertex 37.3 -3.875 16
    endloop
  endfacet
  facet normal 0 0 -1
    outer loop
      vertex 35.3 -3.125 16
      vertex 37.3 -3.125 16
      vertex 37.3 -3.875 16
    endloop
  endfacet
  facet normal 0 0 -1
    outer loop
      vertex 40.900000000000006 -6.4 16
      vertex 37.3 -3.875 16
      vertex 37.3 -3.125 16
    endloop
  endfacet
  facet normal 0 0 -1
    outer loop
      vertex 35.3 -1.875 16
      vertex 35.3 -0.605 16
      vertex 37.3 -1.875 16
    endloop
  endfacet
  facet normal 0 0 -1
    outer loop
      vertex 37.3 -1.875 16
      vertex 35.3 -0.605 16
      vertex 37.3 -0.605 16
    endloop
  endfacet
  facet normal 0 0 1
    outer loop
      vertex 25.478354290456362 -1.1548494156391085 17.6
      vertex -54 -29.375 17.6
      vertex 45.5 -10 17.6
    endloop
  endfacet
  facet normal 0 0 1
    outer loop
      vertex 45.5 -10 17.6
      vertex -54 -29.375 17.6
      vertex 48.5 -10 17.6
    endloop
  endfacet
  facet normal 0 0 1
    outer loop
      vertex 48.5 -10 17.6
      vertex -47 -29.375 17.6
      vertex 53 -15.875 17.6
    endloop
  endfacet
  facet normal 0 0 1
    outer loop
      vertex -69.11611652351681 -31.383883476483184 17.6
      vertex 24.521645709543638 1.1548494156391085 17.6
      vertex 45.5 14 17.6
    endloop
  endfacet
  facet normal 0.19509032201612814 0.9807852804032307 0
    outer loop
      vertex 25 -1.25 16
      vertex 24.521645709543638 -1.1548494156391085 17.6
      vertex 25 -1.25 17.6
    endloop
  endfacet
  facet normal 0.8314696123025445 0.5555702330196035 0
    outer loop
      vertex 24.116116523516816 -0.8838834764831844 16
      vertex 23.84515058436089 -0.47835429045636224 17.6
      vertex 24.116116523516816 -0.8838834764831844 17.6
    endloop
  endfacet
  facet normal 0.5555702330196024 0.8314696123025451 0
    outer loop
      vertex 24.521645709543638 -1.1548494156391085 16
      vertex 24.116116523516816 -0.8838834764831844 17.6
      vertex 24.521645709543638 -1.1548494156391085 17.6
    endloop
  endfacet
  facet normal 0.9807852804032309 0.19509032201612644 0
    outer loop
      vertex 23.84515058436089 -0.47835429045636224 16
      vertex 23.75 0 17.6
      vertex 23.84515058436089 -0.47835429045636224 17.6
    endloop
  endfacet
  facet normal -0.19509032201612814 0.9807852804032307 0
    outer loop
      vertex 25.478354290456362 -1.1548494156391085 16
      vertex 25 -1.25 17.6
      vertex 25.478354290456362 -1.1548494156391085 17.6
    endloop
  endfacet
  facet normal -0.5555702330196024 0.8314696123025451 0
    outer loop
      vertex 25.883883476483184 -0.8838834764831844 16
      vertex 25.478354290456362 -1.1548494156391085 17.6
      vertex 25.883883476483184 -0.8838834764831844 17.6
    endloop
  endfacet
  facet normal -0.8314696123025445 0.5555702330196035 0
    outer loop
      vertex 26.15484941563911 -0.47835429045636224 16
      vertex 25.883883476483184 -0.8838834764831844 17.6
      vertex 26.15484941563911 -0.47835429045636224 17.6
    endloop
  endfacet
  facet normal -0.9807852804032309 0.19509032201612644 0
    outer loop
      vertex 26.15484941563911 -0.47835429045636224 17.6
      vertex 26.25 0 17.6
      vertex 26.25 0 16
    endloop
  endfacet
  facet normal 0 0 1
    outer loop
      vertex 25.478354290456362 -1.1548494156391085 17.6
      vertex 45.5 -10 17.6
      vertex 25.883883476483184 -0.8838834764831844 17.6
    endloop
  endfacet
  facet normal 0 0 1
    outer loop
      vertex 25.883883476483184 -0.8838834764831844 17.6
      vertex 45.5 -10 17.6
      vertex 26.15484941563911 -0.47835429045636224 17.6
    endloop
  endfacet
  facet normal 0 0 1
    outer loop
      vertex 26.15484941563911 -0.47835429045636224 17.6
      vertex 45.5 -10 17.6
      vertex 26.25 0 17.6
    endloop
  endfacet
  facet normal 0 0 -1
    outer loop
      vertex 4.47 -37.324999999999996 16
      vertex 52.75 -37 16
      vertex 67.25 -37 16
    endloop
  endfacet
  facet normal 0 0 -1
    outer loop
      vertex 74 -37.5 16
      vertex 4.47 -37.324999999999996 16
      vertex 67.25 -37 16
    endloop
  endfacet
  facet normal 0 0 -1
    outer loop
      vertex 52.75 -37 16
      vertex 39 -26.525 16
      vertex 40.35 -26.525 16
    endloop
  endfacet
  facet normal 0 0 -1
    outer loop
      vertex 52.75 -37 16
      vertex 40.35 -26.525 16
      vertex 42.35 -26.525 16
    endloop
  endfacet
  facet normal 0 0 -1
    outer loop
      vertex 52.75 -37 16
      vertex 42.35 -26.525 16
      vertex 48.599999999999994 -23 16
    endloop
  endfacet
  facet normal 0 0 -1
    outer loop
      vertex 40.35 -25.275 16
      vertex 39 -23.425 16
      vertex 42.35 -25.275 16
    endloop
  endfacet
  facet normal 0 0 -1
    outer loop
      vertex 42.35 -26.525 16
      vertex 42.35 -25.275 16
      vertex 47 -23 16
    endloop
  endfacet
  facet normal 0 0 -1
    outer loop
      vertex 42.35 -25.275 16
      vertex 39 -23.425 16
      vertex 47 -23 16
    endloop
  endfacet
  facet normal 0 0 -1
    outer loop
      vertex 42.35 -26.525 16
      vertex 47 -23 16
      vertex 48.599999999999994 -23 16
    endloop
  endfacet
  facet normal 0 0 -1
    outer loop
      vertex 39 -23.425 16
      vertex 39 -22.175 16
      vertex 47 -23 16
    endloop
  endfacet
  facet normal 0 0 -1
    outer loop
      vertex 39 -22.175 16
      vertex 47 -19.799999999999997 16
      vertex 47 -23 16
    endloop
  endfacet
  facet normal 0 0 -1
    outer loop
      vertex 41.4 -19.900000000000002 16
      vertex 47 -19.799999999999997 16
      vertex 39 -22.175 16
    endloop
  endfacet
  facet normal 0 0 -1
    outer loop
      vertex 41.4 -19.900000000000002 16
      vertex 41.4 -18.3 16
      vertex 44 -18.95 16
    endloop
  endfacet
  facet normal 0 0 -1
    outer loop
      vertex 41.4 -19.900000000000002 16
      vertex 44 -18.95 16
      vertex 47 -19.799999999999997 16
    endloop
  endfacet
  facet normal 0 0 -1
    outer loop
      vertex 52.75 -22 16
      vertex 48.599999999999994 -23 16
      vertex 48.599999999999994 -19.799999999999997 16
    endloop
  endfacet
  facet normal 0 0 -1
    outer loop
      vertex 48 -18.95 16
      vertex 47 -19.799999999999997 16
      vertex 44 -18.95 16
    endloop
  endfacet
  facet normal 0 0 -1
    outer loop
      vertex 52.75 -22 16
      vertex 48.599999999999994 -19.799999999999997 16
      vertex 48 -18.95 16
    endloop
  endfacet
  facet normal 0 0 -1
    outer loop
      vertex 48 -18.95 16
      vertex 48.599999999999994 -19.799999999999997 16
      vertex 47 -19.799999999999997 16
    endloop
  endfacet
  facet normal 0 0 -1
    outer loop
      vertex 52.75 -37 16
      vertex 48.599999999999994 -23 16
      vertex 52.75 -22 16
    endloop
  endfacet
  facet normal 0 0 -1
    outer loop
      vertex 69.11611652351681 -31.383883476483184 16
      vertex 67.25 -37 16
      vertex 68.8451505843609 -30.978354290456362 16
    endloop
  endfacet
  facet normal 0 0 -1
    outer loop
      vertex 69.52164570954363 -31.65484941563911 16
      vertex 67.25 -37 16
      vertex 69.11611652351681 -31.383883476483184 16
    endloop
  endfacet
  facet normal 0 0 -1
    outer loop
      vertex 68.8451505843609 -30.978354290456362 16
      vertex 67.25 -37 16
      vertex 68.75 -30.5 16
    endloop
  endfacet
  facet normal 0 0 -1
    outer loop
      vertex 69.52164570954363 -31.65484941563911 16
      vertex 70 -31.75 16
      vertex 67.25 -37 16
    endloop
  endfacet
  facet normal 0 0 -1
    outer loop
      vertex 68.75 -30.5 16
      vertex 67.25 -37 16
      vertex 67.25 -22 16
    endloop
  endfacet
  facet normal 0.19509032201612492 0.980785280403231 0
    outer loop
      vertex 69.52164570954363 -31.65484941563911 16
      vertex 69.52164570954363 -31.65484941563911 17.6
      vertex 70 -31.75 16
    endloop
  endfacet
  facet normal 0.5555702330196003 0.8314696123025466 0
    outer loop
      vertex 69.52164570954363 -31.65484941563911 16
      vertex 69.11611652351681 -31.383883476483184 16
      vertex 69.11611652351681 -31.383883476483184 17.6
    endloop
  endfacet
  facet normal 0.8314696123025543 0.5555702330195886 0
    outer loop
      vertex 69.11611652351681 -31.383883476483184 16
      vertex 68.8451505843609 -30.978354290456362 16
      vertex 68.8451505843609 -30.978354290456362 17.6
    endloop
  endfacet
  facet normal 0.9807852804032294 0.19509032201613336 0
    outer loop
      vertex 68.8451505843609 -30.978354290456362 16
      vertex 68.75 -30.5 16
      vertex 68.75 -30.5 17.6
    endloop
  endfacet
  facet normal 0.9807852804032294 -0.19509032201613336 0
    outer loop
      vertex 68.75 -30.5 16
      vertex 68.8451505843609 -30.021645709543638 16
      vertex 68.8451505843609 -30.021645709543638 17.6
    endloop
  endfacet
  facet normal 0.8314696123025543 -0.5555702330195886 0
    outer loop
      vertex 68.8451505843609 -30.021645709543638 16
      vertex 69.11611652351681 -29.616116523516816 16
      vertex 69.11611652351681 -29.616116523516816 17.6
    endloop
  endfacet
  facet normal 0.5555702330196003 -0.8314696123025466 0
    outer loop
      vertex 69.11611652351681 -29.616116523516816 16
      vertex 69.52164570954363 -29.34515058436089 16
      vertex 69.52164570954363 -29.34515058436089 17.6
    endloop
  endfacet
  facet normal 0.19509032201612492 -0.980785280403231 0
    outer loop
      vertex 69.52164570954363 -29.34515058436089 16
      vertex 70 -29.25 16
      vertex 70 -29.25 17.6
    endloop
  endfacet
  facet normal 0 0 -1
    outer loop
      vertex 74 -37.5 16
      vertex 67.25 -37 16
      vertex 77.6852762773633 -36.23484305292368 16
    endloop
  endfacet
  facet normal 0 0 -1
    outer loop
      vertex 77.6852762773633 -36.23484305292368 16
      vertex 67.25 -37 16
      vertex 79.0229988694191 -34.78168895095587 16
    endloop
  endfacet
  facet normal 0 0 -1
    outer loop
      vertex 70 -31.75 16
      vertex 80 -31.5 16
      vertex 67.25 -37 16
    endloop
  endfacet
  facet normal 0 0 -1
    outer loop
      vertex 74 -37.5 16
      vertex 77.6852762773633 -36.23484305292368 16
      vertex 75.94819681346416 -37.17490345239639 16
    endloop
  endfacet
  facet normal 0 0 -1
    outer loop
      vertex 79.0229988694191 -34.78168895095587 16
      vertex 67.25 -37 16
      vertex 79.81640159338713 -32.972912922501564 16
    endloop
  endfacet
  facet normal 0 0 -1
    outer loop
      vertex 79.81640159338713 -32.972912922501564 16
      vertex 67.25 -37 16
      vertex 80 -31.5 16
    endloop
  endfacet
  facet normal 0.16459458934570417 -0.9863613035587513 0
    outer loop
      vertex 74 -37.5 16
      vertex 75.94819681346416 -37.17490345239639 16
      vertex 74 -37.5 17.6
    endloop
  endfacet
  facet normal 0.4759473946150786 -0.8794737503525154 0
    outer loop
      vertex 75.94819681346416 -37.17490345239639 16
      vertex 77.6852762773633 -36.23484305292368 16
      vertex 75.94819681346416 -37.17490345239639 17.6
    endloop
  endfacet
  facet normal 0.7357239097034207 -0.677281572679128 0
    outer loop
      vertex 77.6852762773633 -36.23484305292368 16
      vertex 79.0229988694191 -34.78168895095587 16
      vertex 77.6852762773633 -36.23484305292368 17.6
    endloop
  endfacet
  facet normal 0.9157733272543414 -0.4016954232867398 0
    outer loop
      vertex 79.0229988694191 -34.78168895095587 16
      vertex 79.81640159338713 -32.972912922501564 16
      vertex 79.0229988694191 -34.78168895095587 17.6
    endloop
  endfacet
  facet normal 0 0 -1
    outer loop
      vertex 70 -31.75 16
      vertex 70.47835429045637 -31.65484941563911 16
      vertex 80 -31.5 16
    endloop
  endfacet
  facet normal 0 0 -1
    outer loop
      vertex 70.47835429045637 -31.65484941563911 16
      vertex 70.88388347648319 -31.383883476483184 16
      vertex 80 -31.5 16
    endloop
  endfacet
  facet normal 0 0 -1
    outer loop
      vertex 70.88388347648319 -31.383883476483184 16
      vertex 71.1548494156391 -30.978354290456362 16
      vertex 80 -31.5 16
    endloop
  endfacet
  facet normal 0 0 -1
    outer loop
      vertex 71.1548494156391 -30.978354290456362 16
      vertex 71.25 -30.5 16
      vertex 80 -31.5 16
    endloop
  endfacet
  facet normal -0.19509032201612492 0.980785280403231 0
    outer loop
      vertex 70 -31.75 16
      vertex 70 -31.75 17.6
      vertex 70.47835429045637 -31.65484941563911 16
    endloop
  endfacet
  facet normal -0.5555702330196003 0.8314696123025466 0
    outer loop
      vertex 70.47835429045637 -31.65484941563911 16
      vertex 70.47835429045637 -31.65484941563911 17.6
      vertex 70.88388347648319 -31.383883476483184 16
    endloop
  endfacet
  facet normal -0.8314696123025543 0.5555702330195886 0
    outer loop
      vertex 70.88388347648319 -31.383883476483184 16
      vertex 70.88388347648319 -31.383883476483184 17.6
      vertex 71.1548494156391 -30.978354290456362 16
    endloop
  endfacet
  facet normal -0.9807852804032294 0.19509032201613336 0
    outer loop
      vertex 71.1548494156391 -30.978354290456362 16
      vertex 71.1548494156391 -30.978354290456362 17.6
      vertex 71.25 -30.5 16
    endloop
  endfacet
  facet normal -0.9807852804032294 -0.19509032201613336 0
    outer loop
      vertex 71.25 -30.5 16
      vertex 71.25 -30.5 17.6
      vertex 71.1548494156391 -30.021645709543638 16
    endloop
  endfacet
  facet normal -0.8314696123025543 -0.5555702330195886 0
    outer loop
      vertex 71.1548494156391 -30.021645709543638 16
      vertex 71.1548494156391 -30.021645709543638 17.6
      vertex 70.88388347648319 -29.616116523516816 16
    endloop
  endfacet
  facet normal -0.19509032201612492 -0.980785280403231 0
    outer loop
      vertex 70.47835429045637 -29.34515058436089 16
      vertex 70.47835429045637 -29.34515058436089 17.6
      vertex 70 -29.25 16
    endloop
  endfacet
  facet normal -0.5555702330196003 -0.8314696123025466 0
    outer loop
      vertex 70.47835429045637 -29.34515058436089 16
      vertex 70.88388347648319 -29.616116523516816 16
      vertex 70.88388347648319 -29.616116523516816 17.6
    endloop
  endfacet
  facet normal 0.9923205795475417 -0.12369263278963322 0
    outer loop
      vertex 79.81640159338713 -32.972912922501564 16
      vertex 80 -31.5 16
      vertex 79.81640159338713 -32.972912922501564 17.6
    endloop
  endfacet
  facet normal 0 0 -1
    outer loop
      vertex 68.75 -30.5 16
      vertex 67.25 -22 16
      vertex 68.8451505843609 -30.021645709543638 16
    endloop
  endfacet
  facet normal 0 0 -1
    outer loop
      vertex 68.8451505843609 -30.021645709543638 16
      vertex 67.25 -22 16
      vertex 69.11611652351681 -29.616116523516816 16
    endloop
  endfacet
  facet normal 0 0 -1
    outer loop
      vertex 69.11611652351681 -29.616116523516816 16
      vertex 67.25 -22 16
      vertex 69.52164570954363 -29.34515058436089 16
    endloop
  endfacet
  facet normal 0 0 1
    outer loop
      vertex 55 -19.875 17.6
      vertex 55 -17.125 17.6
      vertex 53 -19.875 17.6
    endloop
  endfacet
  facet normal 0 0 1
    outer loop
      vertex 59 -19.875 17.6
      vertex 55 -19.875 17.6
      vertex 55 -21.125 17.6
    endloop
  endfacet
  facet normal 0 0 1
    outer loop
      vertex 59 -19.875 17.6
      vertex 55 -17.125 17.6
      vertex 55 -19.875 17.6
    endloop
  endfacet
  facet normal 0 0 1
    outer loop
      vertex 59 -19.875 17.6
      vertex 55 -21.125 17.6
      vertex 59 -21.125 17.6
    endloop
  endfacet
  facet normal 0 0 1
    outer loop
      vertex 61 -19.875 17.6
      vertex 55 -17.125 17.6
      vertex 59 -19.875 17.6
    endloop
  endfacet
  facet normal 0.19509032201612492 0.980785280403231 0
    outer loop
      vertex 70 -31.75 16
      vertex 69.52164570954363 -31.65484941563911 17.6
      vertex 70 -31.75 17.6
    endloop
  endfacet
  facet normal 0.8314696123025543 0.5555702330195886 0
    outer loop
      vertex 69.11611652351681 -31.383883476483184 16
      vertex 68.8451505843609 -30.978354290456362 17.6
      vertex 69.11611652351681 -31.383883476483184 17.6
    endloop
  endfacet
  facet normal 0.5555702330196003 0.8314696123025466 0
    outer loop
      vertex 69.52164570954363 -31.65484941563911 16
      vertex 69.11611652351681 -31.383883476483184 17.6
      vertex 69.52164570954363 -31.65484941563911 17.6
    endloop
  endfacet
  facet normal 0.9807852804032294 0.19509032201613336 0
    outer loop
      vertex 68.8451505843609 -30.978354290456362 16
      vertex 68.75 -30.5 17.6
      vertex 68.8451505843609 -30.978354290456362 17.6
    endloop
  endfacet
  facet normal 0.9807852804032294 -0.19509032201613336 0
    outer loop
      vertex 68.75 -30.5 16
      vertex 68.8451505843609 -30.021645709543638 17.6
      vertex 68.75 -30.5 17.6
    endloop
  endfacet
  facet normal 0.8314696123025543 -0.5555702330195886 0
    outer loop
      vertex 68.8451505843609 -30.021645709543638 16
      vertex 69.11611652351681 -29.616116523516816 17.6
      vertex 68.8451505843609 -30.021645709543638 17.6
    endloop
  endfacet
  facet normal 0.5555702330196003 -0.8314696123025466 0
    outer loop
      vertex 69.11611652351681 -29.616116523516816 16
      vertex 69.52164570954363 -29.34515058436089 17.6
      vertex 69.11611652351681 -29.616116523516816 17.6
    endloop
  endfacet
  facet normal 0.19509032201612492 -0.980785280403231 0
    outer loop
      vertex 69.52164570954363 -29.34515058436089 16
      vertex 70 -29.25 17.6
      vertex 69.52164570954363 -29.34515058436089 17.6
    endloop
  endfacet
  facet normal 0 0 1
    outer loop
      vertex 68.75 -30.5 17.6
      vertex 68.8451505843609 -30.021645709543638 17.6
      vertex 64.55 -26.75 17.6
    endloop
  endfacet
  facet normal 0 0 1
    outer loop
      vertex 68.8451505843609 -30.021645709543638 17.6
      vertex 69.11611652351681 -29.616116523516816 17.6
      vertex 64.55 -26.75 17.6
    endloop
  endfacet
  facet normal 0 0 1
    outer loop
      vertex 69.11611652351681 -29.616116523516816 17.6
      vertex 69.52164570954363 -29.34515058436089 17.6
      vertex 64.55 -26.75 17.6
    endloop
  endfacet
  facet normal 0.16459458934570417 -0.9863613035587513 0
    outer loop
      vertex 75.94819681346416 -37.17490345239639 16
      vertex 75.94819681346416 -37.17490345239639 17.6
      vertex 74 -37.5 17.6
    endloop
  endfacet
  facet normal 0.4759473946150786 -0.8794737503525154 0
    outer loop
      vertex 77.6852762773633 -36.23484305292368 16
      vertex 77.6852762773633 -36.23484305292368 17.6
      vertex 75.94819681346416 -37.17490345239639 17.6
    endloop
  endfacet
  facet normal 0.7357239097034207 -0.677281572679128 0
    outer loop
      vertex 79.0229988694191 -34.78168895095587 16
      vertex 79.0229988694191 -34.78168895095587 17.6
      vertex 77.6852762773633 -36.23484305292368 17.6
    endloop
  endfacet
  facet normal 0.9157733272543414 -0.4016954232867398 0
    outer loop
      vertex 79.81640159338713 -32.972912922501564 16
      vertex 79.81640159338713 -32.972912922501564 17.6
      vertex 79.0229988694191 -34.78168895095587 17.6
    endloop
  endfacet
  facet normal 0 0 1
    outer loop
      vertex 74 -37.5 17.6
      vertex 75.94819681346416 -37.17490345239639 17.6
      vertex 77.6852762773633 -36.23484305292368 17.6
    endloop
  endfacet
  facet normal -0.19509032201612492 0.980785280403231 0
    outer loop
      vertex 70.47835429045637 -31.65484941563911 16
      vertex 70 -31.75 17.6
      vertex 70.47835429045637 -31.65484941563911 17.6
    endloop
  endfacet
  facet normal -0.5555702330196003 0.8314696123025466 0
    outer loop
      vertex 70.88388347648319 -31.383883476483184 16
      vertex 70.47835429045637 -31.65484941563911 17.6
      vertex 70.88388347648319 -31.383883476483184 17.6
    endloop
  endfacet
  facet normal -0.8314696123025543 0.5555702330195886 0
    outer loop
      vertex 71.1548494156391 -30.978354290456362 16
      vertex 70.88388347648319 -31.383883476483184 17.6
      vertex 71.1548494156391 -30.978354290456362 17.6
    endloop
  endfacet
  facet normal -0.9807852804032294 0.19509032201613336 0
    outer loop
      vertex 71.25 -30.5 16
      vertex 71.1548494156391 -30.978354290456362 17.6
      vertex 71.25 -30.5 17.6
    endloop
  endfacet
  facet normal -0.9807852804032294 -0.19509032201613336 0
    outer loop
      vertex 71.1548494156391 -30.021645709543638 16
      vertex 71.25 -30.5 17.6
      vertex 71.1548494156391 -30.021645709543638 17.6
    endloop
  endfacet
  facet normal -0.5555702330196003 -0.8314696123025466 0
    outer loop
      vertex 70.47835429045637 -29.34515058436089 16
      vertex 70.88388347648319 -29.616116523516816 17.6
      vertex 70.47835429045637 -29.34515058436089 17.6
    endloop
  endfacet
  facet normal -0.8314696123025543 -0.5555702330195886 0
    outer loop
      vertex 70.88388347648319 -29.616116523516816 16
      vertex 71.1548494156391 -30.021645709543638 17.6
      vertex 70.88388347648319 -29.616116523516816 17.6
    endloop
  endfacet
  facet normal -0.19509032201612492 -0.980785280403231 0
    outer loop
      vertex 70 -29.25 16
      vertex 70.47835429045637 -29.34515058436089 17.6
      vertex 70 -29.25 17.6
    endloop
  endfacet
  facet normal 0.9923205795475417 -0.12369263278963322 0
    outer loop
      vertex 80 -31.5 16
      vertex 80 -31.5 17.6
      vertex 79.81640159338713 -32.972912922501564 17.6
    endloop
  endfacet
  facet normal 0 0 1
    outer loop
      vertex 70 -31.75 17.6
      vertex 80 -31.5 17.6
      vertex 70.47835429045637 -31.65484941563911 17.6
    endloop
  endfacet
  facet normal 0 0 1
    outer loop
      vertex 70.47835429045637 -31.65484941563911 17.6
      vertex 80 -31.5 17.6
      vertex 70.88388347648319 -31.383883476483184 17.6
    endloop
  endfacet
  facet normal 0 0 1
    outer loop
      vertex 70.88388347648319 -31.383883476483184 17.6
      vertex 80 -31.5 17.6
      vertex 71.1548494156391 -30.978354290456362 17.6
    endloop
  endfacet
  facet normal 0 0 1
    outer loop
      vertex 71.1548494156391 -30.978354290456362 17.6
      vertex 80 -31.5 17.6
      vertex 71.25 -30.5 17.6
    endloop
  endfacet
  facet normal 0 0 1
    outer loop
      vertex 69.52164570954363 -29.34515058436089 17.6
      vertex 67 -21.125 17.6
      vertex 64.55 -26.75 17.6
    endloop
  endfacet
  facet normal 0 0 1
    outer loop
      vertex 69.52164570954363 -29.34515058436089 17.6
      vertex 71 -19.875 17.6
      vertex 67 -21.125 17.6
    endloop
  endfacet
  facet normal 0 0 1
    outer loop
      vertex 59 -21.125 17.6
      vertex 59.45 -21.65 17.6
      vertex 64.55 -21.65 17.6
    endloop
  endfacet
  facet normal 0 0 1
    outer loop
      vertex 59 -21.125 17.6
      vertex 64.55 -21.65 17.6
      vertex 61 -21.125 17.6
    endloop
  endfacet
  facet normal 0 0 1
    outer loop
      vertex 64.55 -26.75 17.6
      vertex 65 -21.125 17.6
      vertex 64.55 -21.65 17.6
    endloop
  endfacet
  facet normal 0 0 1
    outer loop
      vertex 61 -21.125 17.6
      vertex 64.55 -21.65 17.6
      vertex 61 -19.875 17.6
    endloop
  endfacet
  facet normal 0 0 1
    outer loop
      vertex 61 -19.875 17.6
      vertex 65 -19.875 17.6
      vertex 61 -17.125 17.6
    endloop
  endfacet
  facet normal 0 0 1
    outer loop
      vertex 61 -19.875 17.6
      vertex 64.55 -21.65 17.6
      vertex 65 -21.125 17.6
    endloop
  endfacet
  facet normal 0 0 1
    outer loop
      vertex 61 -19.875 17.6
      vertex 65 -21.125 17.6
      vertex 65 -19.875 17.6
    endloop
  endfacet
  facet normal 0 0 1
    outer loop
      vertex 64.55 -26.75 17.6
      vertex 67 -21.125 17.6
      vertex 65 -21.125 17.6
    endloop
  endfacet
  facet normal 0 0 1
    outer loop
      vertex 67 -19.875 17.6
      vertex 67 -17.125 17.6
      vertex 65 -19.875 17.6
    endloop
  endfacet
  facet normal 0 0 1
    outer loop
      vertex 71 -19.875 17.6
      vertex 67 -19.875 17.6
      vertex 67 -21.125 17.6
    endloop
  endfacet
  facet normal 0 0 1
    outer loop
      vertex 67 -19.875 17.6
      vertex 71 -19.875 17.6
      vertex 71 -17.125 17.6
    endloop
  endfacet
  facet normal 0 0 1
    outer loop
      vertex 71.25 -30.5 17.6
      vertex 71 -21.125 17.6
      vertex 71.1548494156391 -30.021645709543638 17.6
    endloop
  endfacet
  facet normal 0 0 1
    outer loop
      vertex 69.52164570954363 -29.34515058436089 17.6
      vertex 70 -29.25 17.6
      vertex 71 -21.125 17.6
    endloop
  endfacet
  facet normal 0 0 1
    outer loop
      vertex 70.47835429045637 -29.34515058436089 17.6
      vertex 71 -21.125 17.6
      vertex 70 -29.25 17.6
    endloop
  endfacet
  facet normal 0 0 1
    outer loop
      vertex 70.47835429045637 -29.34515058436089 17.6
      vertex 70.88388347648319 -29.616116523516816 17.6
      vertex 71 -21.125 17.6
    endloop
  endfacet
  facet normal 0 0 1
    outer loop
      vertex 71.1548494156391 -30.021645709543638 17.6
      vertex 71 -21.125 17.6
      vertex 70.88388347648319 -29.616116523516816 17.6
    endloop
  endfacet
  facet normal 0 0 1
    outer loop
      vertex 71.25 -30.5 17.6
      vertex 80 -31.5 17.6
      vertex 71 -21.125 17.6
    endloop
  endfacet
  facet normal 0 0 1
    outer loop
      vertex 69.52164570954363 -29.34515058436089 17.6
      vertex 71 -21.125 17.6
      vertex 71 -19.875 17.6
    endloop
  endfacet
  facet normal 0 0 1
    outer loop
      vertex 80 -31.5 17.6
      vertex 73 -21.125 17.6
      vertex 71 -21.125 17.6
    endloop
  endfacet
  facet normal 0 0 1
    outer loop
      vertex 73 -19.875 17.6
      vertex 71 -17.125 17.6
      vertex 71 -19.875 17.6
    endloop
  endfacet
  facet normal 0 0 -1
    outer loop
      vertex 41.25 -16.8 16
      vertex 41.4 -18.3 16
      vertex 38.349999999999994 -16.8 16
    endloop
  endfacet
  facet normal 0 0 -1
    outer loop
      vertex 44 -14.95 16
      vertex 41.4 -18.3 16
      vertex 41.25 -16.8 16
    endloop
  endfacet
  facet normal 0 0 -1
    outer loop
      vertex 44 -14.95 16
      vertex 44 -18.95 16
      vertex 41.4 -18.3 16
    endloop
  endfacet
  facet normal 0 0 -1
    outer loop
      vertex 44 -14.95 16
      vertex 41.25 -16.8 16
      vertex 41.25 -15.2 16
    endloop
  endfacet
  facet normal 0 0 -1
    outer loop
      vertex 44 -14.95 16
      vertex 41.25 -15.2 16
      vertex 36 -14.375 16
    endloop
  endfacet
  facet normal 0 0 -1
    outer loop
      vertex 52.75 -22 16
      vertex 48 -18.95 16
      vertex 48 -14.95 16
    endloop
  endfacet
  facet normal 0 0 -1
    outer loop
      vertex 48.5 -10 16
      vertex 52.75 -22 16
      vertex 48 -14.95 16
    endloop
  endfacet
  facet normal 0 0 -1
    outer loop
      vertex 48.5 -10 16
      vertex 44 -14.95 16
      vertex 36 -14.375 16
    endloop
  endfacet
  facet normal 0 0 -1
    outer loop
      vertex 37 -10.875 16
      vertex 40.900000000000006 -9.6 16
      vertex 42.5 -9.6 16
    endloop
  endfacet
  facet normal 0 0 -1
    outer loop
      vertex 45.5 -10 16
      vertex 37 -10.875 16
      vertex 42.5 -9.6 16
    endloop
  endfacet
  facet normal 0 0 -1
    outer loop
      vertex 45.5 -10 16
      vertex 48.5 -10 16
      vertex 37 -12.125 16
    endloop
  endfacet
  facet normal 0 0 -1
    outer loop
      vertex 48.5 -10 16
      vertex 48 -14.95 16
      vertex 44 -14.95 16
    endloop
  endfacet
  facet normal 0 1 0
    outer loop
      vertex 45.5 -10 16
      vertex 45.5 -10 17.6
      vertex 48.5 -10 16
    endloop
  endfacet
  facet normal 0 0 -1
    outer loop
      vertex 48.5 -10 16
      vertex 53.25 -11 16
      vertex 52.75 -22 16
    endloop
  endfacet
  facet normal 0 0 -1
    outer loop
      vertex 52.75 -22 16
      vertex 53.25 -11 16
      vertex 56.75 -11 16
    endloop
  endfacet
  facet normal 0 0 -1
    outer loop
      vertex 52.75 -22 16
      vertex 56.75 -11 16
      vertex 67.25 -22 16
    endloop
  endfacet
  facet normal 0 0 -1
    outer loop
      vertex 40.900000000000006 -9.6 16
      vertex 39.650000000000006 -8.3 16
      vertex 39.650000000000006 -6.7 16
    endloop
  endfacet
  facet normal 0 0 -1
    outer loop
      vertex 40.900000000000006 -9.6 16
      vertex 39.650000000000006 -6.7 16
      vertex 40.900000000000006 -6.4 16
    endloop
  endfacet
  facet normal 0 0 -1
    outer loop
      vertex 45.5 -10 16
      vertex 42.5 -9.6 16
      vertex 42.5 -6.4 16
    endloop
  endfacet
  facet normal 0 0 -1
    outer loop
      vertex 45.5 -10 16
      vertex 42.5 -6.4 16
      vertex 45.5 14 16
    endloop
  endfacet
  facet normal -1 0 0
    outer loop
      vertex 48.5 -10 16
      vertex 48.5 -10 17.6
      vertex 48.5 14 16
    endloop
  endfacet
  facet normal 0 0 -1
    outer loop
      vertex 48.5 -10 16
      vertex 48.5 14 16
      vertex 53.25 -11 16
    endloop
  endfacet
  facet normal 0 0 -1
    outer loop
      vertex 71.25 -30.5 16
      vertex 71.1548494156391 -30.021645709543638 16
      vertex 80 31.5 16
    endloop
  endfacet
  facet normal 0 0 -1
    outer loop
      vertex 71.1548494156391 -30.021645709543638 16
      vertex 70.88388347648319 -29.616116523516816 16
      vertex 80 31.5 16
    endloop
  endfacet
  facet normal 0 0 -1
    outer loop
      vertex 71.25 -30.5 16
      vertex 80 31.5 16
      vertex 80 -31.5 16
    endloop
  endfacet
  facet normal 1 0 0
    outer loop
      vertex 80 -31.5 16
      vertex 80 31.5 16
      vertex 80 -31.5 17.6
    endloop
  endfacet
  facet normal 0 0 -1
    outer loop
      vertex 80 31.5 16
      vertex 67.25 -22 16
      vertex 56.75 -11 16
    endloop
  endfacet
  facet normal 0 0 -1
    outer loop
      vertex 69.52164570954363 -29.34515058436089 16
      vertex 80 31.5 16
      vertex 70 -29.25 16
    endloop
  endfacet
  facet normal 0 0 -1
    outer loop
      vertex 70.47835429045637 -29.34515058436089 16
      vertex 70 -29.25 16
      vertex 80 31.5 16
    endloop
  endfacet
  facet normal 0 0 -1
    outer loop
      vertex 70.47835429045637 -29.34515058436089 16
      vertex 80 31.5 16
      vertex 70.88388347648319 -29.616116523516816 16
    endloop
  endfacet
  facet normal 0 0 -1
    outer loop
      vertex 69.52164570954363 -29.34515058436089 16
      vertex 67.25 -22 16
      vertex 80 31.5 16
    endloop
  endfacet
  facet normal 0 1 0
    outer loop
      vertex 48.5 -10 16
      vertex 45.5 -10 17.6
      vertex 48.5 -10 17.6
    endloop
  endfacet
  facet normal 0 0 1
    outer loop
      vertex 53 -19.875 17.6
      vertex 55 -17.125 17.6
      vertex 53 -17.125 17.6
    endloop
  endfacet
  facet normal 0 0 1
    outer loop
      vertex 61 -19.875 17.6
      vertex 59 -17.125 17.6
      vertex 55 -17.125 17.6
    endloop
  endfacet
  facet normal 0 0 1
    outer loop
      vertex 55 -17.125 17.6
      vertex 59 -17.125 17.6
      vertex 59 -15.875 17.6
    endloop
  endfacet
  facet normal 0 0 1
    outer loop
      vertex 55 -17.125 17.6
      vertex 59 -15.875 17.6
      vertex 55 -15.875 17.6
    endloop
  endfacet
  facet normal 0 0 1
    outer loop
      vertex 48.5 -10 17.6
      vertex 53 -15.875 17.6
      vertex 55 -15.875 17.6
    endloop
  endfacet
  facet normal 0 0 1
    outer loop
      vertex 48.5 -10 17.6
      vertex 55 -15.875 17.6
      vertex 59.45 -7.55 17.6
    endloop
  endfacet
  facet normal 0 0 1
    outer loop
      vertex 55 -15.875 17.6
      vertex 59 -15.875 17.6
      vertex 59.45 -7.55 17.6
    endloop
  endfacet
  facet normal 0 0 1
    outer loop
      vertex 59 -15.875 17.6
      vertex 61 -15.875 17.6
      vertex 59.45 -7.55 17.6
    endloop
  endfacet
  facet normal 1 0 0
    outer loop
      vertex 45.5 -10 16
      vertex 45.5 14 17.6
      vertex 45.5 -10 17.6
    endloop
  endfacet
  facet normal 0 0 1
    outer loop
      vertex 48.5 -10 17.6
      vertex 59.45 -7.55 17.6
      vertex 59.45 -2.45 17.6
    endloop
  endfacet
  facet normal 0 0 1
    outer loop
      vertex 48.5 -10 17.6
      vertex 55.55 2.45 17.6
      vertex 50.45 2.45 17.6
    endloop
  endfacet
  facet normal 0 0 1
    outer loop
      vertex 61 -19.875 17.6
      vertex 61 -17.125 17.6
      vertex 59 -17.125 17.6
    endloop
  endfacet
  facet normal 0 0 1
    outer loop
      vertex 61 -17.125 17.6
      vertex 65 -17.125 17.6
      vertex 61 -15.875 17.6
    endloop
  endfacet
  facet normal 0 0 1
    outer loop
      vertex 65 -19.875 17.6
      vertex 65 -17.125 17.6
      vertex 61 -17.125 17.6
    endloop
  endfacet
  facet normal 0 0 1
    outer loop
      vertex 61 -15.875 17.6
      vertex 65 -17.125 17.6
      vertex 65 -15.875 17.6
    endloop
  endfacet
  facet normal 0 0 1
    outer loop
      vertex 65 -19.875 17.6
      vertex 67 -17.125 17.6
      vertex 65 -17.125 17.6
    endloop
  endfacet
  facet normal 0 0 1
    outer loop
      vertex 67 -19.875 17.6
      vertex 71 -17.125 17.6
      vertex 67 -17.125 17.6
    endloop
  endfacet
  facet normal 0 0 1
    outer loop
      vertex 67 -17.125 17.6
      vertex 71 -17.125 17.6
      vertex 67 -15.875 17.6
    endloop
  endfacet
  facet normal 0 0 1
    outer loop
      vertex 67 -15.875 17.6
      vertex 71 -17.125 17.6
      vertex 71 -15.875 17.6
    endloop
  endfacet
  facet normal 0 0 1
    outer loop
      vertex 61 -15.875 17.6
      vertex 65 -15.875 17.6
      vertex 64.55 -7.55 17.6
    endloop
  endfacet
  facet normal 0 0 1
    outer loop
      vertex 61 -15.875 17.6
      vertex 64.55 -7.55 17.6
      vertex 59.45 -7.55 17.6
    endloop
  endfacet
  facet normal 0 0 1
    outer loop
      vertex 67 -15.875 17.6
      vertex 64.55 -7.55 17.6
      vertex 65 -15.875 17.6
    endloop
  endfacet
  facet normal 0 0 1
    outer loop
      vertex 67 -15.875 17.6
      vertex 71 -15.875 17.6
      vertex 64.55 -7.55 17.6
    endloop
  endfacet
  facet normal 0 0 1
    outer loop
      vertex 73 -15.875 17.6
      vertex 64.55 -7.55 17.6
      vertex 71 -15.875 17.6
    endloop
  endfacet
  facet normal 0 0 1
    outer loop
      vertex 73 -19.875 17.6
      vertex 73 -17.125 17.6
      vertex 71 -17.125 17.6
    endloop
  endfacet
  facet normal 0 0 1
    outer loop
      vertex 64.55 -7.55 17.6
      vertex 69.45 2.45 17.6
      vertex 64.55 -2.45 17.6
    endloop
  endfacet
  facet normal 0 0 1
    outer loop
      vertex 64.55 -7.55 17.6
      vertex 74.55 2.45 17.6
      vertex 69.45 2.45 17.6
    endloop
  endfacet
  facet normal 0 0 1
    outer loop
      vertex 73 -15.875 17.6
      vertex 74.55 2.45 17.6
      vertex 64.55 -7.55 17.6
    endloop
  endfacet
  facet normal 0 0 1
    outer loop
      vertex 80 -31.5 17.6
      vertex 80 31.5 17.6
      vertex 73 -21.125 17.6
    endloop
  endfacet
  facet normal 0 0 1
    outer loop
      vertex 80 31.5 17.6
      vertex 73 -19.875 17.6
      vertex 73 -21.125 17.6
    endloop
  endfacet
  facet normal 0 0 1
    outer loop
      vertex 80 31.5 17.6
      vertex 73 -17.125 17.6
      vertex 73 -19.875 17.6
    endloop
  endfacet
  facet normal 0 0 1
    outer loop
      vertex 80 31.5 17.6
      vertex 73 -15.875 17.6
      vertex 73 -17.125 17.6
    endloop
  endfacet
  facet normal 0 0 -1
    outer loop
      vertex 12.75 1 16
      vertex 11.9 -0.5 16
      vertex 11.4 -0.5 16
    endloop
  endfacet
  facet normal 0 0 -1
    outer loop
      vertex 24.521645709543638 1.1548494156391085 16
      vertex 11.9 -0.5 16
      vertex 12.75 1 16
    endloop
  endfacet
  facet normal 0 0 -1
    outer loop
      vertex 12.75 1 16
      vertex 13.375 14.2 16
      vertex 14.625 14.2 16
    endloop
  endfacet
  facet normal 0 0 -1
    outer loop
      vertex 12.75 1 16
      vertex 13.375 16.2 16
      vertex 13.375 14.2 16
    endloop
  endfacet
  facet normal 0 0 -1
    outer loop
      vertex 12.75 1 16
      vertex 14.625 14.2 16
      vertex 15.575 14.2 16
    endloop
  endfacet
  facet normal 0 0 -1
    outer loop
      vertex 12.75 1 16
      vertex 12.75 19 16
      vertex 13.375 16.2 16
    endloop
  endfacet
  facet normal 0 0 -1
    outer loop
      vertex 12.75 1 16
      vertex 15.575 14.2 16
      vertex 16.825 14.2 16
    endloop
  endfacet
  facet normal 0 0 -1
    outer loop
      vertex 15.575 16.2 16
      vertex 14.625 14.2 16
      vertex 14.625 16.2 16
    endloop
  endfacet
  facet normal 0 0 -1
    outer loop
      vertex 12.75 19 16
      vertex 14.625 16.2 16
      vertex 13.375 16.2 16
    endloop
  endfacet
  facet normal 0 0 -1
    outer loop
      vertex 12.75 19 16
      vertex 15.575 16.2 16
      vertex 14.625 16.2 16
    endloop
  endfacet
  facet normal 0 0 -1
    outer loop
      vertex 15.575 16.2 16
      vertex 15.575 14.2 16
      vertex 14.625 14.2 16
    endloop
  endfacet
  facet normal 0 0 -1
    outer loop
      vertex 12.75 19 16
      vertex 16.825 16.2 16
      vertex 15.575 16.2 16
    endloop
  endfacet
  facet normal 0 0 -1
    outer loop
      vertex 26.15484941563911 0.47835429045636224 16
      vertex 29 1.875 16
      vertex 27 -0.875 16
    endloop
  endfacet
  facet normal 0 0 -1
    outer loop
      vertex 26.15484941563911 0.47835429045636224 16
      vertex 25.883883476483184 0.8838834764831844 16
      vertex 29 1.875 16
    endloop
  endfacet
  facet normal 0 0 -1
    outer loop
      vertex 25.478354290456362 1.1548494156391085 16
      vertex 29 1.875 16
      vertex 25.883883476483184 0.8838834764831844 16
    endloop
  endfacet
  facet normal 0 0 -1
    outer loop
      vertex 27 -0.875 16
      vertex 29 1.875 16
      vertex 31 1.875 16
    endloop
  endfacet
  facet normal 0 0 -1
    outer loop
      vertex 25.478354290456362 1.1548494156391085 16
      vertex 29 3.125 16
      vertex 29 1.875 16
    endloop
  endfacet
  facet normal 0.9807852804032309 -0.19509032201612644 0
    outer loop
      vertex 23.75 0 16
      vertex 23.84515058436089 0.47835429045636224 16
      vertex 23.84515058436089 0.47835429045636224 17.6
    endloop
  endfacet
  facet normal 0.8314696123025445 -0.5555702330196035 0
    outer loop
      vertex 23.84515058436089 0.47835429045636224 16
      vertex 24.116116523516816 0.8838834764831844 16
      vertex 24.116116523516816 0.8838834764831844 17.6
    endloop
  endfacet
  facet normal 0.5555702330196024 -0.8314696123025451 0
    outer loop
      vertex 24.116116523516816 0.8838834764831844 16
      vertex 24.521645709543638 1.1548494156391085 16
      vertex 24.521645709543638 1.1548494156391085 17.6
    endloop
  endfacet
  facet normal 0.19509032201612814 -0.9807852804032307 0
    outer loop
      vertex 24.521645709543638 1.1548494156391085 16
      vertex 25 1.25 16
      vertex 25 1.25 17.6
    endloop
  endfacet
  facet normal -0.9807852804032309 -0.19509032201612644 0
    outer loop
      vertex 26.15484941563911 0.47835429045636224 16
      vertex 26.25 0 16
      vertex 26.25 0 17.6
    endloop
  endfacet
  facet normal -0.8314696123025445 -0.5555702330196035 0
    outer loop
      vertex 26.15484941563911 0.47835429045636224 16
      vertex 26.15484941563911 0.47835429045636224 17.6
      vertex 25.883883476483184 0.8838834764831844 16
    endloop
  endfacet
  facet normal -0.5555702330196024 -0.8314696123025451 0
    outer loop
      vertex 25.478354290456362 1.1548494156391085 16
      vertex 25.883883476483184 0.8838834764831844 16
      vertex 25.883883476483184 0.8838834764831844 17.6
    endloop
  endfacet
  facet normal -0.19509032201612814 -0.9807852804032307 0
    outer loop
      vertex 25.478354290456362 1.1548494156391085 16
      vertex 25.478354290456362 1.1548494156391085 17.6
      vertex 25 1.25 16
    endloop
  endfacet
  facet normal 0 0 -1
    outer loop
      vertex 24.521645709543638 1.1548494156391085 16
      vertex 12.75 1 16
      vertex 45.5 14 16
    endloop
  endfacet
  facet normal 0 0 -1
    outer loop
      vertex 27 -0.875 16
      vertex 31 1.875 16
      vertex 35.3 -0.605 16
    endloop
  endfacet
  facet normal 0 0 -1
    outer loop
      vertex 31 1.875 16
      vertex 31 3.125 16
      vertex 35.3 0.645 16
    endloop
  endfacet
  facet normal 0 0 -1
    outer loop
      vertex 31 1.875 16
      vertex 35.3 0.645 16
      vertex 35.3 -0.605 16
    endloop
  endfacet
  facet normal 0 0 -1
    outer loop
      vertex 24.521645709543638 1.1548494156391085 16
      vertex 45.5 14 16
      vertex 25 1.25 16
    endloop
  endfacet
  facet normal 0 0 -1
    outer loop
      vertex 25.478354290456362 1.1548494156391085 16
      vertex 25 1.25 16
      vertex 45.5 14 16
    endloop
  endfacet
  facet normal 0 0 -1
    outer loop
      vertex 25.478354290456362 1.1548494156391085 16
      vertex 45.5 14 16
      vertex 29 3.125 16
    endloop
  endfacet
  facet normal 0 0 -1
    outer loop
      vertex 45.5 14 16
      vertex 31 3.125 16
      vertex 29 3.125 16
    endloop
  endfacet
  facet normal 0 0 -1
    outer loop
      vertex 45.5 14 16
      vertex 35.3 0.645 16
      vertex 31 3.125 16
    endloop
  endfacet
  facet normal 0 0 -1
    outer loop
      vertex 45.5 14 16
      vertex 37.3 0.645 16
      vertex 35.3 0.645 16
    endloop
  endfacet
  facet normal 0 0 -1
    outer loop
      vertex 67.55 29.45 16
      vertex 12.75 1 16
      vertex 16.825 14.2 16
    endloop
  endfacet
  facet normal 0 0 1
    outer loop
      vertex -69.11611652351681 -31.383883476483184 17.6
      vertex 45.5 14 17.6
      vertex 80 31.5 17.6
    endloop
  endfacet
  facet normal 0 0 1
    outer loop
      vertex -24.521645709543638 -1.1548494156391085 17.6
      vertex 69.11611652351681 31.383883476483184 17.6
      vertex -24.116116523516816 -0.8838834764831844 17.6
    endloop
  endfacet
  facet normal 0 0 1
    outer loop
      vertex -24.116116523516816 -0.8838834764831844 17.6
      vertex 69.11611652351681 31.383883476483184 17.6
      vertex -23.84515058436089 -0.47835429045636224 17.6
    endloop
  endfacet
  facet normal 0 0 1
    outer loop
      vertex -23.84515058436089 -0.47835429045636224 17.6
      vertex 69.11611652351681 31.383883476483184 17.6
      vertex -23.75 0 17.6
    endloop
  endfacet
  facet normal 0 0 1
    outer loop
      vertex -23.84515058436089 0.47835429045636224 17.6
      vertex -23.75 0 17.6
      vertex 69.11611652351681 31.383883476483184 17.6
    endloop
  endfacet
  facet normal 0 0 1
    outer loop
      vertex -23.84515058436089 0.47835429045636224 17.6
      vertex 69.11611652351681 31.383883476483184 17.6
      vertex -24.116116523516816 0.8838834764831844 17.6
    endloop
  endfacet
  facet normal 0 0 1
    outer loop
      vertex -24.521645709543638 1.1548494156391085 17.6
      vertex -24.116116523516816 0.8838834764831844 17.6
      vertex 69.11611652351681 31.383883476483184 17.6
    endloop
  endfacet
  facet normal 0.9807852804032309 -0.19509032201612644 0
    outer loop
      vertex 23.75 0 16
      vertex 23.84515058436089 0.47835429045636224 17.6
      vertex 23.75 0 17.6
    endloop
  endfacet
  facet normal 0.8314696123025445 -0.5555702330196035 0
    outer loop
      vertex 23.84515058436089 0.47835429045636224 16
      vertex 24.116116523516816 0.8838834764831844 17.6
      vertex 23.84515058436089 0.47835429045636224 17.6
    endloop
  endfacet
  facet normal 0.5555702330196024 -0.8314696123025451 0
    outer loop
      vertex 24.116116523516816 0.8838834764831844 16
      vertex 24.521645709543638 1.1548494156391085 17.6
      vertex 24.116116523516816 0.8838834764831844 17.6
    endloop
  endfacet
  facet normal 0.19509032201612814 -0.9807852804032307 0
    outer loop
      vertex 24.521645709543638 1.1548494156391085 16
      vertex 25 1.25 17.6
      vertex 24.521645709543638 1.1548494156391085 17.6
    endloop
  endfacet
  facet normal -0.9807852804032309 -0.19509032201612644 0
    outer loop
      vertex 26.15484941563911 0.47835429045636224 16
      vertex 26.25 0 17.6
      vertex 26.15484941563911 0.47835429045636224 17.6
    endloop
  endfacet
  facet normal -0.5555702330196024 -0.8314696123025451 0
    outer loop
      vertex 25.478354290456362 1.1548494156391085 16
      vertex 25.883883476483184 0.8838834764831844 17.6
      vertex 25.478354290456362 1.1548494156391085 17.6
    endloop
  endfacet
  facet normal -0.8314696123025445 -0.5555702330196035 0
    outer loop
      vertex 25.883883476483184 0.8838834764831844 16
      vertex 26.15484941563911 0.47835429045636224 17.6
      vertex 25.883883476483184 0.8838834764831844 17.6
    endloop
  endfacet
  facet normal -0.19509032201612814 -0.9807852804032307 0
    outer loop
      vertex 25 1.25 16
      vertex 25.478354290456362 1.1548494156391085 17.6
      vertex 25 1.25 17.6
    endloop
  endfacet
  facet normal 0 0 1
    outer loop
      vertex 45.5 -10 17.6
      vertex 45.5 14 17.6
      vertex 26.25 0 17.6
    endloop
  endfacet
  facet normal 0 0 1
    outer loop
      vertex 24.521645709543638 1.1548494156391085 17.6
      vertex 25 1.25 17.6
      vertex 45.5 14 17.6
    endloop
  endfacet
  facet normal 0 0 1
    outer loop
      vertex 25.478354290456362 1.1548494156391085 17.6
      vertex 45.5 14 17.6
      vertex 25 1.25 17.6
    endloop
  endfacet
  facet normal 0 0 1
    outer loop
      vertex 25.478354290456362 1.1548494156391085 17.6
      vertex 25.883883476483184 0.8838834764831844 17.6
      vertex 45.5 14 17.6
    endloop
  endfacet
  facet normal 0 0 1
    outer loop
      vertex 26.15484941563911 0.47835429045636224 17.6
      vertex 26.25 0 17.6
      vertex 45.5 14 17.6
    endloop
  endfacet
  facet normal 0 0 1
    outer loop
      vertex 26.15484941563911 0.47835429045636224 17.6
      vertex 45.5 14 17.6
      vertex 25.883883476483184 0.8838834764831844 17.6
    endloop
  endfacet
  facet normal 0 0 1
    outer loop
      vertex -69.52164570954363 -29.34515058436089 17.6
      vertex 70 29.25 17.6
      vertex 69.52164570954363 29.34515058436089 17.6
    endloop
  endfacet
  facet normal 0 0 1
    outer loop
      vertex -69.52164570954363 -29.34515058436089 17.6
      vertex 70.47835429045637 29.34515058436089 17.6
      vertex 70 29.25 17.6
    endloop
  endfacet
  facet normal 0 0 1
    outer loop
      vertex -69.52164570954363 -29.34515058436089 17.6
      vertex 80 31.5 17.6
      vertex 70.47835429045637 29.34515058436089 17.6
    endloop
  endfacet
  facet normal 0 0 1
    outer loop
      vertex 69.11611652351681 29.616116523516816 17.6
      vertex -49.45 -19.55 17.6
      vertex 69.52164570954363 29.34515058436089 17.6
    endloop
  endfacet
  facet normal 0 0 1
    outer loop
      vertex 69.11611652351681 29.616116523516816 17.6
      vertex 68.8451505843609 30.021645709543638 17.6
      vertex -49.45 -19.55 17.6
    endloop
  endfacet
  facet normal 0 0 1
    outer loop
      vertex 68.8451505843609 30.021645709543638 17.6
      vertex 68.75 30.5 17.6
      vertex -49.45 -19.55 17.6
    endloop
  endfacet
  facet normal 0 0 1
    outer loop
      vertex 68.75 30.5 17.6
      vertex 68.8451505843609 30.978354290456362 17.6
      vertex -49.45 -19.55 17.6
    endloop
  endfacet
  facet normal 0 0 1
    outer loop
      vertex 68.8451505843609 30.978354290456362 17.6
      vertex 69.11611652351681 31.383883476483184 17.6
      vertex -49.45 -19.55 17.6
    endloop
  endfacet
  facet normal 0 0 -1
    outer loop
      vertex -69.52164570954363 29.34515058436089 16
      vertex 62.45 29.45 16
      vertex 12.75 19 16
    endloop
  endfacet
  facet normal 0 0 -1
    outer loop
      vertex 16.825 16.2 16
      vertex 67.55 29.45 16
      vertex 16.825 14.2 16
    endloop
  endfacet
  facet normal 0 0 -1
    outer loop
      vertex 62.45 29.45 16
      vertex 16.825 16.2 16
      vertex 12.75 19 16
    endloop
  endfacet
  facet normal 0 0 -1
    outer loop
      vertex 62.45 29.45 16
      vertex -62.45 34.55 16
      vertex 62.45 34.55 16
    endloop
  endfacet
  facet normal 0 0 -1
    outer loop
      vertex -79.0229988694191 34.78168895095587 16
      vertex 74 37.5 16
      vertex 75.47291292250156 37.31640159338713 16
    endloop
  endfacet
  facet normal 0 0 -1
    outer loop
      vertex 78.73484305292368 35.1852762773633 16
      vertex 62.45 34.55 16
      vertex -62.45 34.55 16
    endloop
  endfacet
  facet normal 0 1 0
    outer loop
      vertex -74 37.5 16
      vertex 74 37.5 17.6
      vertex 74 37.5 16
    endloop
  endfacet
  facet normal 0 0 -1
    outer loop
      vertex 77.28168895095587 36.5229988694191 16
      vertex 78.73484305292368 35.1852762773633 16
      vertex -62.45 34.55 16
    endloop
  endfacet
  facet normal 0 0 -1
    outer loop
      vertex 75.47291292250156 37.31640159338713 16
      vertex 77.28168895095587 36.5229988694191 16
      vertex -62.45 34.55 16
    endloop
  endfacet
  facet normal 0 0 1
    outer loop
      vertex -69.11611652351681 29.616116523516816 17.6
      vertex 69.11611652351681 31.383883476483184 17.6
      vertex 69.52164570954363 31.65484941563911 17.6
    endloop
  endfacet
  facet normal 0 0 1
    outer loop
      vertex -69.11611652351681 29.616116523516816 17.6
      vertex 69.52164570954363 31.65484941563911 17.6
      vertex 70 31.75 17.6
    endloop
  endfacet
  facet normal 0 0 1
    outer loop
      vertex -69.11611652351681 29.616116523516816 17.6
      vertex 70 31.75 17.6
      vertex 78.73484305292368 35.1852762773633 17.6
    endloop
  endfacet
  facet normal 0 0 1
    outer loop
      vertex -79.81640159338713 32.972912922501564 17.6
      vertex 77.28168895095587 36.5229988694191 17.6
      vertex 75.47291292250156 37.31640159338713 17.6
    endloop
  endfacet
  facet normal 0 0 1
    outer loop
      vertex -79.0229988694191 34.78168895095587 17.6
      vertex 75.47291292250156 37.31640159338713 17.6
      vertex 74 37.5 17.6
    endloop
  endfacet
  facet normal 0 0 1
    outer loop
      vertex -69.52164570954363 31.65484941563911 17.6
      vertex 78.73484305292368 35.1852762773633 17.6
      vertex 77.28168895095587 36.5229988694191 17.6
    endloop
  endfacet
  facet normal 0 0 -1
    outer loop
      vertex 45.5 14 16
      vertex 40.900000000000006 -6.4 16
      vertex 37.3 -3.125 16
    endloop
  endfacet
  facet normal 0 0 -1
    outer loop
      vertex 45.5 14 16
      vertex 42.5 -6.4 16
      vertex 40.900000000000006 -6.4 16
    endloop
  endfacet
  facet normal 0 0 -1
    outer loop
      vertex 45.5 14 16
      vertex 37.3 -3.125 16
      vertex 37.3 -1.875 16
    endloop
  endfacet
  facet normal 0 0 -1
    outer loop
      vertex 45.5 14 16
      vertex 37.3 -1.875 16
      vertex 37.3 -0.605 16
    endloop
  endfacet
  facet normal 0 0 -1
    outer loop
      vertex 45.5 14 16
      vertex 37.3 -0.605 16
      vertex 37.3 0.645 16
    endloop
  endfacet
  facet normal 1 0 0
    outer loop
      vertex 45.5 -10 16
      vertex 45.5 14 16
      vertex 45.5 14 17.6
    endloop
  endfacet
  facet normal 0 0 -1
    outer loop
      vertex 48.5 14 16
      vertex 53.25 15 16
      vertex 53.25 -11 16
    endloop
  endfacet
  facet normal 0 -1 0
    outer loop
      vertex 45.5 14 16
      vertex 48.5 14 16
      vertex 48.5 14 17.6
    endloop
  endfacet
  facet normal 0 0 -1
    outer loop
      vertex 45.5 14 16
      vertex 12.75 1 16
      vertex 80 31.5 16
    endloop
  endfacet
  facet normal 0 0 -1
    outer loop
      vertex 80 31.5 16
      vertex 56.75 -11 16
      vertex 56.75 15 16
    endloop
  endfacet
  facet normal 0 0 1
    outer loop
      vertex 48.5 -10 17.6
      vertex 50.45 2.45 17.6
      vertex 50.45 7.55 17.6
    endloop
  endfacet
  facet normal 0 0 1
    outer loop
      vertex 48.5 -10 17.6
      vertex 50.45 7.55 17.6
      vertex 48.5 14 17.6
    endloop
  endfacet
  facet normal -1 0 0
    outer loop
      vertex 48.5 -10 17.6
      vertex 48.5 14 17.6
      vertex 48.5 14 16
    endloop
  endfacet
  facet normal 0 0 1
    outer loop
      vertex 48.5 -10 17.6
      vertex 64.55 12.45 17.6
      vertex 55.55 2.45 17.6
    endloop
  endfacet
  facet normal 0 0 1
    outer loop
      vertex 55.55 2.45 17.6
      vertex 64.55 12.45 17.6
      vertex 55.55 7.55 17.6
    endloop
  endfacet
  facet normal 0 -1 0
    outer loop
      vertex 45.5 14 16
      vertex 48.5 14 17.6
      vertex 45.5 14 17.6
    endloop
  endfacet
  facet normal 0 0 1
    outer loop
      vertex 48.5 14 17.6
      vertex 50.45 7.55 17.6
      vertex 55.55 7.55 17.6
    endloop
  endfacet
  facet normal 0 0 1
    outer loop
      vertex 48.5 14 17.6
      vertex 55.55 7.55 17.6
      vertex 59.45 12.45 17.6
    endloop
  endfacet
  facet normal 0 0 1
    outer loop
      vertex 55.55 7.55 17.6
      vertex 64.55 12.45 17.6
      vertex 59.45 12.45 17.6
    endloop
  endfacet
  facet normal 0 0 1
    outer loop
      vertex 48.5 14 17.6
      vertex 59.45 12.45 17.6
      vertex 59.45 17.55 17.6
    endloop
  endfacet
  facet normal 0 0 1
    outer loop
      vertex 64.55 -2.45 17.6
      vertex 69.45 7.55 17.6
      vertex 59.45 -2.45 17.6
    endloop
  endfacet
  facet normal 0 0 1
    outer loop
      vertex 64.55 -2.45 17.6
      vertex 69.45 2.45 17.6
      vertex 69.45 7.55 17.6
    endloop
  endfacet
  facet normal 0 0 1
    outer loop
      vertex 48.5 -10 17.6
      vertex 59.45 -2.45 17.6
      vertex 80 31.5 17.6
    endloop
  endfacet
  facet normal 0 0 1
    outer loop
      vertex 80 31.5 17.6
      vertex 74.55 2.45 17.6
      vertex 73 -15.875 17.6
    endloop
  endfacet
  facet normal 0 0 1
    outer loop
      vertex 48.5 -10 17.6
      vertex 80 31.5 17.6
      vertex 64.55 12.45 17.6
    endloop
  endfacet
  facet normal 0 0 1
    outer loop
      vertex 80 31.5 17.6
      vertex 59.45 -2.45 17.6
      vertex 69.45 7.55 17.6
    endloop
  endfacet
  facet normal 1 0 0
    outer loop
      vertex 80 -31.5 17.6
      vertex 80 31.5 16
      vertex 80 31.5 17.6
    endloop
  endfacet
  facet normal 0 0 1
    outer loop
      vertex 80 31.5 17.6
      vertex 74.55 7.55 17.6
      vertex 74.55 2.45 17.6
    endloop
  endfacet
  facet normal 0 0 1
    outer loop
      vertex 80 31.5 17.6
      vertex 69.45 7.55 17.6
      vertex 74.55 7.55 17.6
    endloop
  endfacet
  facet normal 0 0 -1
    outer loop
      vertex 69.11611652351681 29.616116523516816 16
      vertex 12.75 1 16
      vertex 67.55 29.45 16
    endloop
  endfacet
  facet normal 0 0 -1
    outer loop
      vertex 16.825 16.2 16
      vertex 62.45 29.45 16
      vertex 67.55 29.45 16
    endloop
  endfacet
  facet normal 0 0 -1
    outer loop
      vertex 69.52164570954363 29.34515058436089 16
      vertex 70 29.25 16
      vertex 12.75 1 16
    endloop
  endfacet
  facet normal 0 0 -1
    outer loop
      vertex 70 29.25 16
      vertex 70.47835429045637 29.34515058436089 16
      vertex 12.75 1 16
    endloop
  endfacet
  facet normal 0 0 -1
    outer loop
      vertex 69.11611652351681 29.616116523516816 16
      vertex 69.52164570954363 29.34515058436089 16
      vertex 12.75 1 16
    endloop
  endfacet
  facet normal 0 0 -1
    outer loop
      vertex 70.47835429045637 29.34515058436089 16
      vertex 80 31.5 16
      vertex 12.75 1 16
    endloop
  endfacet
  facet normal 0 0 -1
    outer loop
      vertex 45.5 14 16
      vertex 80 31.5 16
      vertex 48.5 14 16
    endloop
  endfacet
  facet normal 0 0 -1
    outer loop
      vertex 48.5 14 16
      vertex 80 31.5 16
      vertex 53.25 15 16
    endloop
  endfacet
  facet normal 0 0 -1
    outer loop
      vertex 80 31.5 16
      vertex 56.75 15 16
      vertex 53.25 15 16
    endloop
  endfacet
  facet normal 0 0 -1
    outer loop
      vertex 69.11611652351681 29.616116523516816 16
      vertex 67.55 29.45 16
      vertex 67.55 31.712419778182205 16
    endloop
  endfacet
  facet normal 0 0 -1
    outer loop
      vertex 69.11611652351681 29.616116523516816 16
      vertex 67.55 31.712419778182205 16
      vertex 68.8451505843609 30.021645709543638 16
    endloop
  endfacet
  facet normal 0 0 -1
    outer loop
      vertex 68.8451505843609 30.021645709543638 16
      vertex 67.55 31.712419778182205 16
      vertex 68.75 30.5 16
    endloop
  endfacet
  facet normal 0 0 -1
    outer loop
      vertex 68.75 30.5 16
      vertex 67.55 31.712419778182205 16
      vertex 68.8451505843609 30.978354290456362 16
    endloop
  endfacet
  facet normal 0 0 -1
    outer loop
      vertex 68.8451505843609 30.978354290456362 16
      vertex 67.55 31.712419778182205 16
      vertex 69.11611652351681 31.383883476483184 16
    endloop
  endfacet
  facet normal 0 0 -1
    outer loop
      vertex 69.11611652351681 31.383883476483184 16
      vertex 67.55 31.712419778182205 16
      vertex 69.52164570954363 31.65484941563911 16
    endloop
  endfacet
  facet normal 0 0 -1
    outer loop
      vertex 70 31.75 16
      vertex 67.55 31.712419778182205 16
      vertex 67.55 34.55 16
    endloop
  endfacet
  facet normal 0 0 -1
    outer loop
      vertex 69.52164570954363 31.65484941563911 16
      vertex 67.55 31.712419778182205 16
      vertex 70 31.75 16
    endloop
  endfacet
  facet normal 0.5555702330196003 0.8314696123025466 0
    outer loop
      vertex 69.11611652351681 29.616116523516816 16
      vertex 69.11611652351681 29.616116523516816 17.6
      vertex 69.52164570954363 29.34515058436089 16
    endloop
  endfacet
  facet normal 0.19509032201612492 0.980785280403231 0
    outer loop
      vertex 69.52164570954363 29.34515058436089 16
      vertex 69.52164570954363 29.34515058436089 17.6
      vertex 70 29.25 16
    endloop
  endfacet
  facet normal 0.8314696123025543 0.5555702330195886 0
    outer loop
      vertex 69.11611652351681 29.616116523516816 16
      vertex 68.8451505843609 30.021645709543638 16
      vertex 68.8451505843609 30.021645709543638 17.6
    endloop
  endfacet
  facet normal 0.9807852804032294 0.19509032201613336 0
    outer loop
      vertex 68.8451505843609 30.021645709543638 16
      vertex 68.75 30.5 16
      vertex 68.75 30.5 17.6
    endloop
  endfacet
  facet normal 0.9807852804032294 -0.19509032201613336 0
    outer loop
      vertex 68.75 30.5 16
      vertex 68.8451505843609 30.978354290456362 16
      vertex 68.8451505843609 30.978354290456362 17.6
    endloop
  endfacet
  facet normal 0.8314696123025543 -0.5555702330195886 0
    outer loop
      vertex 68.8451505843609 30.978354290456362 16
      vertex 69.11611652351681 31.383883476483184 16
      vertex 69.11611652351681 31.383883476483184 17.6
    endloop
  endfacet
  facet normal 0.5555702330196003 -0.8314696123025466 0
    outer loop
      vertex 69.11611652351681 31.383883476483184 16
      vertex 69.52164570954363 31.65484941563911 16
      vertex 69.52164570954363 31.65484941563911 17.6
    endloop
  endfacet
  facet normal 0.19509032201612492 -0.980785280403231 0
    outer loop
      vertex 69.52164570954363 31.65484941563911 16
      vertex 70 31.75 16
      vertex 70 31.75 17.6
    endloop
  endfacet
  facet normal 0 0 -1
    outer loop
      vertex 78.73484305292368 35.1852762773633 16
      vertex 67.55 34.55 16
      vertex 62.45 34.55 16
    endloop
  endfacet
  facet normal 0 0 -1
    outer loop
      vertex 70.47835429045637 29.34515058436089 16
      vertex 70.88388347648319 29.616116523516816 16
      vertex 80 31.5 16
    endloop
  endfacet
  facet normal 0 0 -1
    outer loop
      vertex 70.88388347648319 29.616116523516816 16
      vertex 71.1548494156391 30.021645709543638 16
      vertex 80 31.5 16
    endloop
  endfacet
  facet normal 0 0 -1
    outer loop
      vertex 71.1548494156391 30.021645709543638 16
      vertex 71.25 30.5 16
      vertex 79.67490345239639 33.448196813464165 16
    endloop
  endfacet
  facet normal 0 0 -1
    outer loop
      vertex 71.1548494156391 30.978354290456362 16
      vertex 70.88388347648319 31.383883476483184 16
      vertex 78.73484305292368 35.1852762773633 16
    endloop
  endfacet
  facet normal 0 0 -1
    outer loop
      vertex 70.88388347648319 31.383883476483184 16
      vertex 70.47835429045637 31.65484941563911 16
      vertex 78.73484305292368 35.1852762773633 16
    endloop
  endfacet
  facet normal 0 0 -1
    outer loop
      vertex 71.1548494156391 30.978354290456362 16
      vertex 79.67490345239639 33.448196813464165 16
      vertex 71.25 30.5 16
    endloop
  endfacet
  facet normal 0 0 -1
    outer loop
      vertex 71.1548494156391 30.021645709543638 16
      vertex 79.67490345239639 33.448196813464165 16
      vertex 80 31.5 16
    endloop
  endfacet
  facet normal -0.19509032201612492 0.980785280403231 0
    outer loop
      vertex 70 29.25 16
      vertex 70 29.25 17.6
      vertex 70.47835429045637 29.34515058436089 16
    endloop
  endfacet
  facet normal -0.5555702330196003 0.8314696123025466 0
    outer loop
      vertex 70.47835429045637 29.34515058436089 16
      vertex 70.47835429045637 29.34515058436089 17.6
      vertex 70.88388347648319 29.616116523516816 16
    endloop
  endfacet
  facet normal -0.8314696123025543 0.5555702330195886 0
    outer loop
      vertex 70.88388347648319 29.616116523516816 16
      vertex 70.88388347648319 29.616116523516816 17.6
      vertex 71.1548494156391 30.021645709543638 16
    endloop
  endfacet
  facet normal -0.9807852804032294 0.19509032201613336 0
    outer loop
      vertex 71.1548494156391 30.021645709543638 16
      vertex 71.1548494156391 30.021645709543638 17.6
      vertex 71.25 30.5 16
    endloop
  endfacet
  facet normal -0.9807852804032294 -0.19509032201613336 0
    outer loop
      vertex 71.1548494156391 30.978354290456362 16
      vertex 71.25 30.5 16
      vertex 71.25 30.5 17.6
    endloop
  endfacet
  facet normal -0.8314696123025543 -0.5555702330195886 0
    outer loop
      vertex 71.1548494156391 30.978354290456362 16
      vertex 71.1548494156391 30.978354290456362 17.6
      vertex 70.88388347648319 31.383883476483184 16
    endloop
  endfacet
  facet normal -0.5555702330196003 -0.8314696123025466 0
    outer loop
      vertex 70.88388347648319 31.383883476483184 16
      vertex 70.88388347648319 31.383883476483184 17.6
      vertex 70.47835429045637 31.65484941563911 16
    endloop
  endfacet
  facet normal -0.19509032201612492 -0.980785280403231 0
    outer loop
      vertex 70 31.75 16
      vertex 70.47835429045637 31.65484941563911 16
      vertex 70.47835429045637 31.65484941563911 17.6
    endloop
  endfacet
  facet normal 0.9863613035587513 0.16459458934570417 0
    outer loop
      vertex 80 31.5 16
      vertex 79.67490345239639 33.448196813464165 16
      vertex 80 31.5 17.6
    endloop
  endfacet
  facet normal 0 0 -1
    outer loop
      vertex 70 31.75 16
      vertex 67.55 34.55 16
      vertex 78.73484305292368 35.1852762773633 16
    endloop
  endfacet
  facet normal 0 0 -1
    outer loop
      vertex 70 31.75 16
      vertex 78.73484305292368 35.1852762773633 16
      vertex 70.47835429045637 31.65484941563911 16
    endloop
  endfacet
  facet normal 0 0 -1
    outer loop
      vertex 71.1548494156391 30.978354290456362 16
      vertex 78.73484305292368 35.1852762773633 16
      vertex 79.67490345239639 33.448196813464165 16
    endloop
  endfacet
  facet normal 0.12369263278963322 0.9923205795475417 0
    outer loop
      vertex 74 37.5 16
      vertex 75.47291292250156 37.31640159338713 17.6
      vertex 75.47291292250156 37.31640159338713 16
    endloop
  endfacet
  facet normal 0.8794737503525154 0.4759473946150786 0
    outer loop
      vertex 79.67490345239639 33.448196813464165 16
      vertex 78.73484305292368 35.1852762773633 16
      vertex 79.67490345239639 33.448196813464165 17.6
    endloop
  endfacet
  facet normal 0.4016954232867398 0.9157733272543414 0
    outer loop
      vertex 75.47291292250156 37.31640159338713 16
      vertex 77.28168895095587 36.5229988694191 17.6
      vertex 77.28168895095587 36.5229988694191 16
    endloop
  endfacet
  facet normal 0.677281572679128 0.7357239097034207 0
    outer loop
      vertex 77.28168895095587 36.5229988694191 16
      vertex 78.73484305292368 35.1852762773633 17.6
      vertex 78.73484305292368 35.1852762773633 16
    endloop
  endfacet
  facet normal 0 0 1
    outer loop
      vertex 45.5 14 17.6
      vertex 48.5 14 17.6
      vertex 80 31.5 17.6
    endloop
  endfacet
  facet normal 0 0 1
    outer loop
      vertex 48.5 14 17.6
      vertex 59.45 17.55 17.6
      vertex 80 31.5 17.6
    endloop
  endfacet
  facet normal 0 0 1
    outer loop
      vertex 80 31.5 17.6
      vertex 64.55 17.55 17.6
      vertex 64.55 12.45 17.6
    endloop
  endfacet
  facet normal 0 0 1
    outer loop
      vertex 80 31.5 17.6
      vertex 59.45 17.55 17.6
      vertex 64.55 17.55 17.6
    endloop
  endfacet
  facet normal 0.19509032201612492 0.980785280403231 0
    outer loop
      vertex 70 29.25 16
      vertex 69.52164570954363 29.34515058436089 17.6
      vertex 70 29.25 17.6
    endloop
  endfacet
  facet normal 0.8314696123025543 0.5555702330195886 0
    outer loop
      vertex 69.11611652351681 29.616116523516816 16
      vertex 68.8451505843609 30.021645709543638 17.6
      vertex 69.11611652351681 29.616116523516816 17.6
    endloop
  endfacet
  facet normal 0.5555702330196003 0.8314696123025466 0
    outer loop
      vertex 69.52164570954363 29.34515058436089 16
      vertex 69.11611652351681 29.616116523516816 17.6
      vertex 69.52164570954363 29.34515058436089 17.6
    endloop
  endfacet
  facet normal 0.9807852804032294 0.19509032201613336 0
    outer loop
      vertex 68.8451505843609 30.021645709543638 16
      vertex 68.75 30.5 17.6
      vertex 68.8451505843609 30.021645709543638 17.6
    endloop
  endfacet
  facet normal 0.9807852804032294 -0.19509032201613336 0
    outer loop
      vertex 68.75 30.5 16
      vertex 68.8451505843609 30.978354290456362 17.6
      vertex 68.75 30.5 17.6
    endloop
  endfacet
  facet normal 0.8314696123025543 -0.5555702330195886 0
    outer loop
      vertex 68.8451505843609 30.978354290456362 16
      vertex 69.11611652351681 31.383883476483184 17.6
      vertex 68.8451505843609 30.978354290456362 17.6
    endloop
  endfacet
  facet normal 0.5555702330196003 -0.8314696123025466 0
    outer loop
      vertex 69.11611652351681 31.383883476483184 16
      vertex 69.52164570954363 31.65484941563911 17.6
      vertex 69.11611652351681 31.383883476483184 17.6
    endloop
  endfacet
  facet normal 0.19509032201612492 -0.980785280403231 0
    outer loop
      vertex 69.52164570954363 31.65484941563911 16
      vertex 70 31.75 17.6
      vertex 69.52164570954363 31.65484941563911 17.6
    endloop
  endfacet
  facet normal -0.19509032201612492 0.980785280403231 0
    outer loop
      vertex 70.47835429045637 29.34515058436089 16
      vertex 70 29.25 17.6
      vertex 70.47835429045637 29.34515058436089 17.6
    endloop
  endfacet
  facet normal -0.5555702330196003 0.8314696123025466 0
    outer loop
      vertex 70.88388347648319 29.616116523516816 16
      vertex 70.47835429045637 29.34515058436089 17.6
      vertex 70.88388347648319 29.616116523516816 17.6
    endloop
  endfacet
  facet normal -0.8314696123025543 0.5555702330195886 0
    outer loop
      vertex 71.1548494156391 30.021645709543638 16
      vertex 70.88388347648319 29.616116523516816 17.6
      vertex 71.1548494156391 30.021645709543638 17.6
    endloop
  endfacet
  facet normal -0.9807852804032294 0.19509032201613336 0
    outer loop
      vertex 71.25 30.5 16
      vertex 71.1548494156391 30.021645709543638 17.6
      vertex 71.25 30.5 17.6
    endloop
  endfacet
  facet normal -0.9807852804032294 -0.19509032201613336 0
    outer loop
      vertex 71.1548494156391 30.978354290456362 16
      vertex 71.25 30.5 17.6
      vertex 71.1548494156391 30.978354290456362 17.6
    endloop
  endfacet
  facet normal -0.5555702330196003 -0.8314696123025466 0
    outer loop
      vertex 70.47835429045637 31.65484941563911 16
      vertex 70.88388347648319 31.383883476483184 17.6
      vertex 70.47835429045637 31.65484941563911 17.6
    endloop
  endfacet
  facet normal -0.8314696123025543 -0.5555702330195886 0
    outer loop
      vertex 70.88388347648319 31.383883476483184 16
      vertex 71.1548494156391 30.978354290456362 17.6
      vertex 70.88388347648319 31.383883476483184 17.6
    endloop
  endfacet
  facet normal -0.19509032201612492 -0.980785280403231 0
    outer loop
      vertex 70 31.75 16
      vertex 70.47835429045637 31.65484941563911 17.6
      vertex 70 31.75 17.6
    endloop
  endfacet
  facet normal 0.9863613035587513 0.16459458934570417 0
    outer loop
      vertex 79.67490345239639 33.448196813464165 16
      vertex 79.67490345239639 33.448196813464165 17.6
      vertex 80 31.5 17.6
    endloop
  endfacet
  facet normal 0 0 1
    outer loop
      vertex 70.47835429045637 29.34515058436089 17.6
      vertex 80 31.5 17.6
      vertex 70.88388347648319 29.616116523516816 17.6
    endloop
  endfacet
  facet normal 0 0 1
    outer loop
      vertex 70.88388347648319 29.616116523516816 17.6
      vertex 79.67490345239639 33.448196813464165 17.6
      vertex 71.1548494156391 30.021645709543638 17.6
    endloop
  endfacet
  facet normal 0 0 1
    outer loop
      vertex 71.1548494156391 30.021645709543638 17.6
      vertex 79.67490345239639 33.448196813464165 17.6
      vertex 71.25 30.5 17.6
    endloop
  endfacet
  facet normal 0 0 1
    outer loop
      vertex 71.1548494156391 30.978354290456362 17.6
      vertex 78.73484305292368 35.1852762773633 17.6
      vertex 70.88388347648319 31.383883476483184 17.6
    endloop
  endfacet
  facet normal 0 0 1
    outer loop
      vertex 70.88388347648319 31.383883476483184 17.6
      vertex 78.73484305292368 35.1852762773633 17.6
      vertex 70.47835429045637 31.65484941563911 17.6
    endloop
  endfacet
  facet normal 0 0 1
    outer loop
      vertex 71.1548494156391 30.978354290456362 17.6
      vertex 71.25 30.5 17.6
      vertex 79.67490345239639 33.448196813464165 17.6
    endloop
  endfacet
  facet normal 0 0 1
    outer loop
      vertex 70.88388347648319 29.616116523516816 17.6
      vertex 80 31.5 17.6
      vertex 79.67490345239639 33.448196813464165 17.6
    endloop
  endfacet
  facet normal 0.12369263278963322 0.9923205795475417 0
    outer loop
      vertex 74 37.5 16
      vertex 74 37.5 17.6
      vertex 75.47291292250156 37.31640159338713 17.6
    endloop
  endfacet
  facet normal 0.8794737503525154 0.4759473946150786 0
    outer loop
      vertex 78.73484305292368 35.1852762773633 16
      vertex 78.73484305292368 35.1852762773633 17.6
      vertex 79.67490345239639 33.448196813464165 17.6
    endloop
  endfacet
  facet normal 0.4016954232867398 0.9157733272543414 0
    outer loop
      vertex 75.47291292250156 37.31640159338713 16
      vertex 75.47291292250156 37.31640159338713 17.6
      vertex 77.28168895095587 36.5229988694191 17.6
    endloop
  endfacet
  facet normal 0.677281572679128 0.7357239097034207 0
    outer loop
      vertex 77.28168895095587 36.5229988694191 16
      vertex 77.28168895095587 36.5229988694191 17.6
      vertex 78.73484305292368 35.1852762773633 17.6
    endloop
  endfacet
  facet normal 0 0 1
    outer loop
      vertex 70 31.75 17.6
      vertex 70.47835429045637 31.65484941563911 17.6
      vertex 78.73484305292368 35.1852762773633 17.6
    endloop
  endfacet
  facet normal 0 0 1
    outer loop
      vertex 71.1548494156391 30.978354290456362 17.6
      vertex 79.67490345239639 33.448196813464165 17.6
      vertex 78.73484305292368 35.1852762773633 17.6
    endloop
  endfacet
  facet normal 0 0 -1
    outer loop
      vertex 38.199999999999996 -19.900000000000002 14.4
      vertex 38.199999999999996 -18.3 14.4
      vertex 41.4 -18.3 14.4
    endloop
  endfacet
  facet normal 0 0 -1
    outer loop
      vertex 38.199999999999996 -19.900000000000002 14.4
      vertex 41.4 -18.3 14.4
      vertex 41.4 -19.900000000000002 14.4
    endloop
  endfacet
  facet normal -1 0 0
    outer loop
      vertex 38.199999999999996 -19.900000000000002 14.4
      vertex 38.199999999999996 -18.3 16
      vertex 38.199999999999996 -18.3 14.4
    endloop
  endfacet
  facet normal -1 0 0
    outer loop
      vertex 38.199999999999996 -19.900000000000002 14.4
      vertex 38.199999999999996 -19.900000000000002 16
      vertex 38.199999999999996 -18.3 16
    endloop
  endfacet
  facet normal 0 -1 0
    outer loop
      vertex 38.199999999999996 -19.900000000000002 14.4
      vertex 41.4 -19.900000000000002 16
      vertex 38.199999999999996 -19.900000000000002 16
    endloop
  endfacet
  facet normal 0 1 0
    outer loop
      vertex 38.199999999999996 -18.3 14.4
      vertex 38.199999999999996 -18.3 16
      vertex 41.4 -18.3 14.4
    endloop
  endfacet
  facet normal 0 -1 0
    outer loop
      vertex 38.199999999999996 -19.900000000000002 14.4
      vertex 41.4 -19.900000000000002 14.4
      vertex 41.4 -19.900000000000002 16
    endloop
  endfacet
  facet normal 1 0 0
    outer loop
      vertex 41.4 -19.900000000000002 14.4
      vertex 41.4 -18.3 14.4
      vertex 41.4 -19.900000000000002 16
    endloop
  endfacet
  facet normal 1 0 0
    outer loop
      vertex 41.4 -18.3 14.4
      vertex 41.4 -18.3 16
      vertex 41.4 -19.900000000000002 16
    endloop
  endfacet
  facet normal 0 1 0
    outer loop
      vertex 41.4 -18.3 14.4
      vertex 38.199999999999996 -18.3 16
      vertex 41.4 -18.3 16
    endloop
  endfacet
  facet normal 0 0 -1
    outer loop
      vertex -13 -13.125 14.75
      vertex -11 -11.875 14.75
      vertex -11 -13.125 14.75
    endloop
  endfacet
  facet normal 0 0 -1
    outer loop
      vertex -13 -13.125 14.75
      vertex -13 -11.875 14.75
      vertex -11 -11.875 14.75
    endloop
  endfacet
  facet normal -1 0 0
    outer loop
      vertex -13 -13.125 14.75
      vertex -13 -11.875 16
      vertex -13 -11.875 14.75
    endloop
  endfacet
  facet normal 0 -1 0
    outer loop
      vertex -13 -13.125 14.75
      vertex -11 -13.125 14.75
      vertex -11 -13.125 16
    endloop
  endfacet
  facet normal 0 1 0
    outer loop
      vertex -13 -11.875 14.75
      vertex -13 -11.875 16
      vertex -11 -11.875 14.75
    endloop
  endfacet
  facet normal 1 0 0
    outer loop
      vertex -11 -13.125 14.75
      vertex -11 -11.875 14.75
      vertex -11 -13.125 16
    endloop
  endfacet
  facet normal -1 0 0
    outer loop
      vertex -13 -13.125 14.75
      vertex -13 -13.125 16
      vertex -13 -11.875 16
    endloop
  endfacet
  facet normal 0 -1 0
    outer loop
      vertex -13 -13.125 14.75
      vertex -11 -13.125 16
      vertex -13 -13.125 16
    endloop
  endfacet
  facet normal 0 1 0
    outer loop
      vertex -11 -11.875 14.75
      vertex -13 -11.875 16
      vertex -11 -11.875 16
    endloop
  endfacet
  facet normal 1 0 0
    outer loop
      vertex -11 -11.875 14.75
      vertex -11 -11.875 16
      vertex -11 -13.125 16
    endloop
  endfacet
  facet normal 0 0 -1
    outer loop
      vertex -8 -13.125 14.75
      vertex -6 -11.875 14.75
      vertex -6 -13.125 14.75
    endloop
  endfacet
  facet normal 0 0 -1
    outer loop
      vertex -8 -13.125 14.75
      vertex -8 -11.875 14.75
      vertex -6 -11.875 14.75
    endloop
  endfacet
  facet normal -1 0 0
    outer loop
      vertex -8 -13.125 14.75
      vertex -8 -11.875 16
      vertex -8 -11.875 14.75
    endloop
  endfacet
  facet normal 0 -1 0
    outer loop
      vertex -8 -13.125 14.75
      vertex -6 -13.125 14.75
      vertex -6 -13.125 16
    endloop
  endfacet
  facet normal 0 1 0
    outer loop
      vertex -8 -11.875 14.75
      vertex -8 -11.875 16
      vertex -6 -11.875 14.75
    endloop
  endfacet
  facet normal 1 0 0
    outer loop
      vertex -6 -13.125 14.75
      vertex -6 -11.875 14.75
      vertex -6 -13.125 16
    endloop
  endfacet
  facet normal -1 0 0
    outer loop
      vertex -8 -13.125 14.75
      vertex -8 -13.125 16
      vertex -8 -11.875 16
    endloop
  endfacet
  facet normal 0 -1 0
    outer loop
      vertex -8 -13.125 14.75
      vertex -6 -13.125 16
      vertex -8 -13.125 16
    endloop
  endfacet
  facet normal 0 1 0
    outer loop
      vertex -6 -11.875 14.75
      vertex -8 -11.875 16
      vertex -6 -11.875 16
    endloop
  endfacet
  facet normal 1 0 0
    outer loop
      vertex -6 -11.875 14.75
      vertex -6 -11.875 16
      vertex -6 -13.125 16
    endloop
  endfacet
  facet normal 0 0 -1
    outer loop
      vertex -3 -13.125 14.75
      vertex -1 -11.875 14.75
      vertex -1 -13.125 14.75
    endloop
  endfacet
  facet normal 0 0 -1
    outer loop
      vertex -3 -13.125 14.75
      vertex -3 -11.875 14.75
      vertex -1 -11.875 14.75
    endloop
  endfacet
  facet normal -1 0 0
    outer loop
      vertex -3 -13.125 14.75
      vertex -3 -11.875 16
      vertex -3 -11.875 14.75
    endloop
  endfacet
  facet normal 0 -1 0
    outer loop
      vertex -3 -13.125 14.75
      vertex -1 -13.125 14.75
      vertex -1 -13.125 16
    endloop
  endfacet
  facet normal 0 1 0
    outer loop
      vertex -3 -11.875 14.75
      vertex -3 -11.875 16
      vertex -1 -11.875 14.75
    endloop
  endfacet
  facet normal 1 0 0
    outer loop
      vertex -1 -13.125 14.75
      vertex -1 -11.875 14.75
      vertex -1 -13.125 16
    endloop
  endfacet
  facet normal -1 0 0
    outer loop
      vertex -3 -13.125 14.75
      vertex -3 -13.125 16
      vertex -3 -11.875 16
    endloop
  endfacet
  facet normal 0 -1 0
    outer loop
      vertex -3 -13.125 14.75
      vertex -1 -13.125 16
      vertex -3 -13.125 16
    endloop
  endfacet
  facet normal 0 1 0
    outer loop
      vertex -1 -11.875 14.75
      vertex -3 -11.875 16
      vertex -1 -11.875 16
    endloop
  endfacet
  facet normal 1 0 0
    outer loop
      vertex -1 -11.875 14.75
      vertex -1 -11.875 16
      vertex -1 -13.125 16
    endloop
  endfacet
  facet normal 0 0 -1
    outer loop
      vertex 2 -13.125 14.75
      vertex 4 -11.875 14.75
      vertex 4 -13.125 14.75
    endloop
  endfacet
  facet normal 0 0 -1
    outer loop
      vertex 2 -13.125 14.75
      vertex 2 -11.875 14.75
      vertex 4 -11.875 14.75
    endloop
  endfacet
  facet normal -1 0 0
    outer loop
      vertex 2 -13.125 14.75
      vertex 2 -11.875 16
      vertex 2 -11.875 14.75
    endloop
  endfacet
  facet normal 0 -1 0
    outer loop
      vertex 2 -13.125 14.75
      vertex 4 -13.125 14.75
      vertex 4 -13.125 16
    endloop
  endfacet
  facet normal 0 1 0
    outer loop
      vertex 2 -11.875 14.75
      vertex 2 -11.875 16
      vertex 4 -11.875 14.75
    endloop
  endfacet
  facet normal 1 0 0
    outer loop
      vertex 4 -13.125 14.75
      vertex 4 -11.875 14.75
      vertex 4 -13.125 16
    endloop
  endfacet
  facet normal -1 0 0
    outer loop
      vertex 2 -13.125 14.75
      vertex 2 -13.125 16
      vertex 2 -11.875 16
    endloop
  endfacet
  facet normal 0 -1 0
    outer loop
      vertex 2 -13.125 14.75
      vertex 4 -13.125 16
      vertex 2 -13.125 16
    endloop
  endfacet
  facet normal 0 1 0
    outer loop
      vertex 4 -11.875 14.75
      vertex 2 -11.875 16
      vertex 4 -11.875 16
    endloop
  endfacet
  facet normal 1 0 0
    outer loop
      vertex 4 -11.875 14.75
      vertex 4 -11.875 16
      vertex 4 -13.125 16
    endloop
  endfacet
  facet normal 0 0 -1
    outer loop
      vertex 7 -13.125 14.75
      vertex 9 -11.875 14.75
      vertex 9 -13.125 14.75
    endloop
  endfacet
  facet normal 0 0 -1
    outer loop
      vertex 7 -13.125 14.75
      vertex 7 -11.875 14.75
      vertex 9 -11.875 14.75
    endloop
  endfacet
  facet normal -1 0 0
    outer loop
      vertex 7 -13.125 14.75
      vertex 7 -11.875 16
      vertex 7 -11.875 14.75
    endloop
  endfacet
  facet normal 0 -1 0
    outer loop
      vertex 7 -13.125 14.75
      vertex 9 -13.125 14.75
      vertex 9 -13.125 16
    endloop
  endfacet
  facet normal 0 1 0
    outer loop
      vertex 7 -11.875 14.75
      vertex 7 -11.875 16
      vertex 9 -11.875 14.75
    endloop
  endfacet
  facet normal 1 0 0
    outer loop
      vertex 9 -13.125 14.75
      vertex 9 -11.875 14.75
      vertex 9 -13.125 16
    endloop
  endfacet
  facet normal -1 0 0
    outer loop
      vertex 7 -13.125 14.75
      vertex 7 -13.125 16
      vertex 7 -11.875 16
    endloop
  endfacet
  facet normal 0 -1 0
    outer loop
      vertex 7 -13.125 14.75
      vertex 9 -13.125 16
      vertex 7 -13.125 16
    endloop
  endfacet
  facet normal 0 1 0
    outer loop
      vertex 9 -11.875 14.75
      vertex 7 -11.875 16
      vertex 9 -11.875 16
    endloop
  endfacet
  facet normal 1 0 0
    outer loop
      vertex 9 -11.875 14.75
      vertex 9 -11.875 16
      vertex 9 -13.125 16
    endloop
  endfacet
  facet normal 0 0 -1
    outer loop
      vertex 12 -13.125 14.75
      vertex 14 -11.875 14.75
      vertex 14 -13.125 14.75
    endloop
  endfacet
  facet normal 0 0 -1
    outer loop
      vertex 12 -13.125 14.75
      vertex 12 -11.875 14.75
      vertex 14 -11.875 14.75
    endloop
  endfacet
  facet normal -1 0 0
    outer loop
      vertex 12 -13.125 14.75
      vertex 12 -11.875 16
      vertex 12 -11.875 14.75
    endloop
  endfacet
  facet normal 0 -1 0
    outer loop
      vertex 12 -13.125 14.75
      vertex 14 -13.125 14.75
      vertex 14 -13.125 16
    endloop
  endfacet
  facet normal 0 1 0
    outer loop
      vertex 12 -11.875 14.75
      vertex 12 -11.875 16
      vertex 14 -11.875 14.75
    endloop
  endfacet
  facet normal 1 0 0
    outer loop
      vertex 14 -13.125 14.75
      vertex 14 -11.875 14.75
      vertex 14 -13.125 16
    endloop
  endfacet
  facet normal -1 0 0
    outer loop
      vertex 12 -13.125 14.75
      vertex 12 -13.125 16
      vertex 12 -11.875 16
    endloop
  endfacet
  facet normal 0 -1 0
    outer loop
      vertex 12 -13.125 14.75
      vertex 14 -13.125 16
      vertex 12 -13.125 16
    endloop
  endfacet
  facet normal 0 1 0
    outer loop
      vertex 14 -11.875 14.75
      vertex 12 -11.875 16
      vertex 14 -11.875 16
    endloop
  endfacet
  facet normal 1 0 0
    outer loop
      vertex 14 -11.875 14.75
      vertex 14 -11.875 16
      vertex 14 -13.125 16
    endloop
  endfacet
  facet normal 0 0 -1
    outer loop
      vertex 17 -13.125 14.75
      vertex 19 -11.875 14.75
      vertex 19 -13.125 14.75
    endloop
  endfacet
  facet normal 0 0 -1
    outer loop
      vertex 17 -13.125 14.75
      vertex 17 -11.875 14.75
      vertex 19 -11.875 14.75
    endloop
  endfacet
  facet normal -1 0 0
    outer loop
      vertex 17 -13.125 14.75
      vertex 17 -11.875 16
      vertex 17 -11.875 14.75
    endloop
  endfacet
  facet normal 0 -1 0
    outer loop
      vertex 17 -13.125 14.75
      vertex 19 -13.125 14.75
      vertex 19 -13.125 16
    endloop
  endfacet
  facet normal 0 1 0
    outer loop
      vertex 17 -11.875 14.75
      vertex 17 -11.875 16
      vertex 19 -11.875 14.75
    endloop
  endfacet
  facet normal 1 0 0
    outer loop
      vertex 19 -13.125 14.75
      vertex 19 -11.875 14.75
      vertex 19 -13.125 16
    endloop
  endfacet
  facet normal -1 0 0
    outer loop
      vertex 17 -13.125 14.75
      vertex 17 -13.125 16
      vertex 17 -11.875 16
    endloop
  endfacet
  facet normal 0 -1 0
    outer loop
      vertex 17 -13.125 14.75
      vertex 19 -13.125 16
      vertex 17 -13.125 16
    endloop
  endfacet
  facet normal 0 1 0
    outer loop
      vertex 19 -11.875 14.75
      vertex 17 -11.875 16
      vertex 19 -11.875 16
    endloop
  endfacet
  facet normal 1 0 0
    outer loop
      vertex 19 -11.875 14.75
      vertex 19 -11.875 16
      vertex 19 -13.125 16
    endloop
  endfacet
  facet normal 0 0 -1
    outer loop
      vertex 29 1.875 14.75
      vertex 29 3.125 14.75
      vertex 31 3.125 14.75
    endloop
  endfacet
  facet normal 0 0 -1
    outer loop
      vertex 29 1.875 14.75
      vertex 31 3.125 14.75
      vertex 31 1.875 14.75
    endloop
  endfacet
  facet normal -1 0 0
    outer loop
      vertex 29 1.875 14.75
      vertex 29 3.125 16
      vertex 29 3.125 14.75
    endloop
  endfacet
  facet normal 0 1 0
    outer loop
      vertex 29 3.125 14.75
      vertex 29 3.125 16
      vertex 31 3.125 14.75
    endloop
  endfacet
  facet normal -1 0 0
    outer loop
      vertex 29 1.875 14.75
      vertex 29 1.875 16
      vertex 29 3.125 16
    endloop
  endfacet
  facet normal 0 -1 0
    outer loop
      vertex 29 1.875 14.75
      vertex 31 1.875 16
      vertex 29 1.875 16
    endloop
  endfacet
  facet normal 0 -1 0
    outer loop
      vertex 29 1.875 14.75
      vertex 31 1.875 14.75
      vertex 31 1.875 16
    endloop
  endfacet
  facet normal 1 0 0
    outer loop
      vertex 31 1.875 14.75
      vertex 31 3.125 14.75
      vertex 31 1.875 16
    endloop
  endfacet
  facet normal 1 0 0
    outer loop
      vertex 31 3.125 14.75
      vertex 31 3.125 16
      vertex 31 1.875 16
    endloop
  endfacet
  facet normal 0 1 0
    outer loop
      vertex 31 3.125 14.75
      vertex 29 3.125 16
      vertex 31 3.125 16
    endloop
  endfacet
  facet normal 0 0 -1
    outer loop
      vertex 35 -12.125 14.75
      vertex 35 -10.875 14.75
      vertex 37 -10.875 14.75
    endloop
  endfacet
  facet normal 0 0 -1
    outer loop
      vertex 35 -12.125 14.75
      vertex 37 -10.875 14.75
      vertex 37 -12.125 14.75
    endloop
  endfacet
  facet normal 0 -1 0
    outer loop
      vertex 35 -12.125 14.75
      vertex 37 -12.125 14.75
      vertex 37 -12.125 16
    endloop
  endfacet
  facet normal -1 0 0
    outer loop
      vertex 35 -12.125 14.75
      vertex 35 -10.875 16
      vertex 35 -10.875 14.75
    endloop
  endfacet
  facet normal 0 1 0
    outer loop
      vertex 35 -10.875 14.75
      vertex 35 -10.875 16
      vertex 37 -10.875 14.75
    endloop
  endfacet
  facet normal 1 0 0
    outer loop
      vertex 37 -12.125 14.75
      vertex 37 -10.875 14.75
      vertex 37 -12.125 16
    endloop
  endfacet
  facet normal 0 -1 0
    outer loop
      vertex 35 -12.125 14.75
      vertex 37 -12.125 16
      vertex 35 -12.125 16
    endloop
  endfacet
  facet normal -1 0 0
    outer loop
      vertex 35 -12.125 14.75
      vertex 35 -12.125 16
      vertex 35 -10.875 16
    endloop
  endfacet
  facet normal 1 0 0
    outer loop
      vertex 37 -10.875 14.75
      vertex 37 -10.875 16
      vertex 37 -12.125 16
    endloop
  endfacet
  facet normal 0 1 0
    outer loop
      vertex 37 -10.875 14.75
      vertex 35 -10.875 16
      vertex 37 -10.875 16
    endloop
  endfacet
  facet normal 0 0 -1
    outer loop
      vertex 28.4 -21.8 14.4
      vertex 28.4 -20.2 14.4
      vertex 31.6 -20.2 14.4
    endloop
  endfacet
  facet normal 0 0 -1
    outer loop
      vertex 28.4 -21.8 14.4
      vertex 31.6 -20.2 14.4
      vertex 31.6 -21.8 14.4
    endloop
  endfacet
  facet normal -1 0 0
    outer loop
      vertex 28.4 -21.8 14.4
      vertex 28.4 -20.2 16
      vertex 28.4 -20.2 14.4
    endloop
  endfacet
  facet normal 0 1 0
    outer loop
      vertex 28.4 -20.2 14.4
      vertex 28.4 -20.2 16
      vertex 31.6 -20.2 14.4
    endloop
  endfacet
  facet normal -1 0 0
    outer loop
      vertex 28.4 -21.8 14.4
      vertex 28.4 -21.8 16
      vertex 28.4 -20.2 16
    endloop
  endfacet
  facet normal 0 -1 0
    outer loop
      vertex 28.4 -21.8 14.4
      vertex 31.6 -21.8 16
      vertex 28.4 -21.8 16
    endloop
  endfacet
  facet normal 0 -1 0
    outer loop
      vertex 28.4 -21.8 14.4
      vertex 31.6 -21.8 14.4
      vertex 31.6 -21.8 16
    endloop
  endfacet
  facet normal 1 0 0
    outer loop
      vertex 31.6 -21.8 14.4
      vertex 31.6 -20.2 14.4
      vertex 31.6 -21.8 16
    endloop
  endfacet
  facet normal 0 1 0
    outer loop
      vertex 31.6 -20.2 14.4
      vertex 28.4 -20.2 16
      vertex 31.6 -20.2 16
    endloop
  endfacet
  facet normal 1 0 0
    outer loop
      vertex 31.6 -20.2 14.4
      vertex 31.6 -20.2 16
      vertex 31.6 -21.8 16
    endloop
  endfacet
  facet normal 0 0 -1
    outer loop
      vertex -43 13.375 14.75
      vertex -41 14.625 14.75
      vertex -41 13.375 14.75
    endloop
  endfacet
  facet normal 0 0 -1
    outer loop
      vertex -43 13.375 14.75
      vertex -43 14.625 14.75
      vertex -41 14.625 14.75
    endloop
  endfacet
  facet normal 0 -1 0
    outer loop
      vertex -43 13.375 14.75
      vertex -41 13.375 14.75
      vertex -41 13.375 16
    endloop
  endfacet
  facet normal 1 0 0
    outer loop
      vertex -41 13.375 14.75
      vertex -41 14.625 14.75
      vertex -41 13.375 16
    endloop
  endfacet
  facet normal -1 0 0
    outer loop
      vertex -43 13.375 14.75
      vertex -43 13.375 16
      vertex -43 14.625 16
    endloop
  endfacet
  facet normal 0 -1 0
    outer loop
      vertex -43 13.375 14.75
      vertex -41 13.375 16
      vertex -43 13.375 16
    endloop
  endfacet
  facet normal -1 0 0
    outer loop
      vertex -43 13.375 14.75
      vertex -43 14.625 16
      vertex -43 14.625 14.75
    endloop
  endfacet
  facet normal 0 1 0
    outer loop
      vertex -43 14.625 14.75
      vertex -43 14.625 16
      vertex -41 14.625 14.75
    endloop
  endfacet
  facet normal 0 1 0
    outer loop
      vertex -41 14.625 14.75
      vertex -43 14.625 16
      vertex -41 14.625 16
    endloop
  endfacet
  facet normal 1 0 0
    outer loop
      vertex -41 14.625 14.75
      vertex -41 14.625 16
      vertex -41 13.375 16
    endloop
  endfacet
  facet normal 0 0 -1
    outer loop
      vertex -47.45 16.5 14.75
      vertex -46.2 18.5 14.75
      vertex -46.2 16.5 14.75
    endloop
  endfacet
  facet normal 0 0 -1
    outer loop
      vertex -47.45 16.5 14.75
      vertex -47.45 18.5 14.75
      vertex -46.2 18.5 14.75
    endloop
  endfacet
  facet normal 0 -1 0
    outer loop
      vertex -47.45 16.5 14.75
      vertex -46.2 16.5 14.75
      vertex -46.2 16.5 16
    endloop
  endfacet
  facet normal 1 0 0
    outer loop
      vertex -46.2 16.5 14.75
      vertex -46.2 18.5 14.75
      vertex -46.2 16.5 16
    endloop
  endfacet
  facet normal -1 0 0
    outer loop
      vertex -47.45 16.5 14.75
      vertex -47.45 18.5 16
      vertex -47.45 18.5 14.75
    endloop
  endfacet
  facet normal 0 1 0
    outer loop
      vertex -47.45 18.5 14.75
      vertex -47.45 18.5 16
      vertex -46.2 18.5 14.75
    endloop
  endfacet
  facet normal 0 -1 0
    outer loop
      vertex -47.45 16.5 14.75
      vertex -46.2 16.5 16
      vertex -47.45 16.5 16
    endloop
  endfacet
  facet normal -1 0 0
    outer loop
      vertex -47.45 16.5 14.75
      vertex -47.45 16.5 16
      vertex -47.45 18.5 16
    endloop
  endfacet
  facet normal 0 1 0
    outer loop
      vertex -46.2 18.5 14.75
      vertex -47.45 18.5 16
      vertex -46.2 18.5 16
    endloop
  endfacet
  facet normal 1 0 0
    outer loop
      vertex -46.2 18.5 14.75
      vertex -46.2 18.5 16
      vertex -46.2 16.5 16
    endloop
  endfacet
  facet normal 0 0 -1
    outer loop
      vertex -42.625 7 14.75
      vertex -41.375 9 14.75
      vertex -41.375 7 14.75
    endloop
  endfacet
  facet normal 0 0 -1
    outer loop
      vertex -42.625 7 14.75
      vertex -42.625 9 14.75
      vertex -41.375 9 14.75
    endloop
  endfacet
  facet normal 0 -1 0
    outer loop
      vertex -42.625 7 14.75
      vertex -41.375 7 14.75
      vertex -41.375 7 16
    endloop
  endfacet
  facet normal -1 0 0
    outer loop
      vertex -42.625 7 14.75
      vertex -42.625 9 16
      vertex -42.625 9 14.75
    endloop
  endfacet
  facet normal 1 0 0
    outer loop
      vertex -41.375 7 14.75
      vertex -41.375 9 14.75
      vertex -41.375 7 16
    endloop
  endfacet
  facet normal 0 1 0
    outer loop
      vertex -42.625 9 14.75
      vertex -42.625 9 16
      vertex -41.375 9 14.75
    endloop
  endfacet
  facet normal 0 -1 0
    outer loop
      vertex -42.625 7 14.75
      vertex -41.375 7 16
      vertex -42.625 7 16
    endloop
  endfacet
  facet normal -1 0 0
    outer loop
      vertex -42.625 7 14.75
      vertex -42.625 7 16
      vertex -42.625 9 16
    endloop
  endfacet
  facet normal 1 0 0
    outer loop
      vertex -41.375 9 14.75
      vertex -41.375 9 16
      vertex -41.375 7 16
    endloop
  endfacet
  facet normal 0 1 0
    outer loop
      vertex -41.375 9 14.75
      vertex -42.625 9 16
      vertex -41.375 9 16
    endloop
  endfacet
  facet normal 0 0 -1
    outer loop
      vertex -51.26 14.5 14.75
      vertex -50.01 16.5 14.75
      vertex -50.01 14.5 14.75
    endloop
  endfacet
  facet normal 0 0 -1
    outer loop
      vertex -51.26 14.5 14.75
      vertex -51.26 16.5 14.75
      vertex -50.01 16.5 14.75
    endloop
  endfacet
  facet normal 0 -1 0
    outer loop
      vertex -51.26 14.5 14.75
      vertex -50.01 14.5 14.75
      vertex -50.01 14.5 16
    endloop
  endfacet
  facet normal 1 0 0
    outer loop
      vertex -50.01 14.5 14.75
      vertex -50.01 16.5 14.75
      vertex -50.01 14.5 16
    endloop
  endfacet
  facet normal -1 0 0
    outer loop
      vertex -51.26 14.5 14.75
      vertex -51.26 16.5 16
      vertex -51.26 16.5 14.75
    endloop
  endfacet
  facet normal 0 1 0
    outer loop
      vertex -51.26 16.5 14.75
      vertex -51.26 16.5 16
      vertex -50.01 16.5 14.75
    endloop
  endfacet
  facet normal -1 0 0
    outer loop
      vertex -51.26 14.5 14.75
      vertex -51.26 14.5 16
      vertex -51.26 16.5 16
    endloop
  endfacet
  facet normal 0 -1 0
    outer loop
      vertex -51.26 14.5 14.75
      vertex -50.492617686864776 14.5 16
      vertex -51.26 14.5 16
    endloop
  endfacet
  facet normal 0 -1 0
    outer loop
      vertex -51.26 14.5 14.75
      vertex -50.01 14.5 16
      vertex -50.492617686864776 14.5 16
    endloop
  endfacet
  facet normal 1 0 0
    outer loop
      vertex -50.01 16.5 14.75
      vertex -50.01 16.5 16
      vertex -50.01 14.5 16
    endloop
  endfacet
  facet normal 0 1 0
    outer loop
      vertex -50.01 16.5 14.75
      vertex -51.26 16.5 16
      vertex -50.01 16.5 16
    endloop
  endfacet
  facet normal 0 0 -1
    outer loop
      vertex -49.125 -1 14.75
      vertex -47.875 1 14.75
      vertex -47.875 -1 14.75
    endloop
  endfacet
  facet normal 0 -1 0
    outer loop
      vertex -49.125 -1 14.75
      vertex -47.875 -1 14.75
      vertex -47.875 -1 16
    endloop
  endfacet
  facet normal 1 0 0
    outer loop
      vertex -47.875 -1 14.75
      vertex -47.875 1 14.75
      vertex -47.875 -1 16
    endloop
  endfacet
  facet normal -1 0 0
    outer loop
      vertex -49.125 -1 14.75
      vertex -49.125 -1 16
      vertex -49.125 1 16
    endloop
  endfacet
  facet normal 0 -1 0
    outer loop
      vertex -49.125 -1 14.75
      vertex -47.875 -1 16
      vertex -49.125 -1 16
    endloop
  endfacet
  facet normal 0 0 -1
    outer loop
      vertex -49.125 -1 14.75
      vertex -49.125 1 14.75
      vertex -47.875 1 14.75
    endloop
  endfacet
  facet normal -1 0 0
    outer loop
      vertex -49.125 -1 14.75
      vertex -49.125 1 16
      vertex -49.125 1 14.75
    endloop
  endfacet
  facet normal 0 1 0
    outer loop
      vertex -49.125 1 14.75
      vertex -49.125 1 16
      vertex -47.875 1 14.75
    endloop
  endfacet
  facet normal 1 0 0
    outer loop
      vertex -47.875 1 14.75
      vertex -47.875 1 16
      vertex -47.875 -1 16
    endloop
  endfacet
  facet normal 0 1 0
    outer loop
      vertex -47.875 1 14.75
      vertex -49.125 1 16
      vertex -47.875 1 16
    endloop
  endfacet
  facet normal 0 0 -1
    outer loop
      vertex 27 -2.125 14.75
      vertex 27 -0.875 14.75
      vertex 29 -0.875 14.75
    endloop
  endfacet
  facet normal 0 0 -1
    outer loop
      vertex 27 -2.125 14.75
      vertex 29 -0.875 14.75
      vertex 29 -2.125 14.75
    endloop
  endfacet
  facet normal -1 0 0
    outer loop
      vertex 27 -2.125 14.75
      vertex 27 -0.875 16
      vertex 27 -0.875 14.75
    endloop
  endfacet
  facet normal 0 -1 0
    outer loop
      vertex 27 -2.125 14.75
      vertex 29 -2.125 14.75
      vertex 29 -2.125 16
    endloop
  endfacet
  facet normal 1 0 0
    outer loop
      vertex 29 -2.125 14.75
      vertex 29 -0.875 14.75
      vertex 29 -2.125 16
    endloop
  endfacet
  facet normal 0 1 0
    outer loop
      vertex 27 -0.875 14.75
      vertex 27 -0.875 16
      vertex 29 -0.875 14.75
    endloop
  endfacet
  facet normal -1 0 0
    outer loop
      vertex 27 -2.125 14.75
      vertex 27 -2.125 16
      vertex 27 -0.875 16
    endloop
  endfacet
  facet normal 0 -1 0
    outer loop
      vertex 27 -2.125 14.75
      vertex 29 -2.125 16
      vertex 27 -2.125 16
    endloop
  endfacet
  facet normal 1 0 0
    outer loop
      vertex 29 -0.875 14.75
      vertex 29 -0.875 16
      vertex 29 -2.125 16
    endloop
  endfacet
  facet normal 0 1 0
    outer loop
      vertex 29 -0.875 14.75
      vertex 27 -0.875 16
      vertex 29 -0.875 16
    endloop
  endfacet
  facet normal 0 0 -1
    outer loop
      vertex 37 -23.425 14.75
      vertex 39 -22.175 14.75
      vertex 39 -23.425 14.75
    endloop
  endfacet
  facet normal 0 0 -1
    outer loop
      vertex 37 -23.425 14.75
      vertex 37 -22.175 14.75
      vertex 39 -22.175 14.75
    endloop
  endfacet
  facet normal -1 0 0
    outer loop
      vertex 37 -23.425 14.75
      vertex 37 -22.175 16
      vertex 37 -22.175 14.75
    endloop
  endfacet
  facet normal 0 -1 0
    outer loop
      vertex 37 -23.425 14.75
      vertex 39 -23.425 14.75
      vertex 39 -23.425 16
    endloop
  endfacet
  facet normal 1 0 0
    outer loop
      vertex 39 -23.425 14.75
      vertex 39 -22.175 14.75
      vertex 39 -23.425 16
    endloop
  endfacet
  facet normal 0 1 0
    outer loop
      vertex 37 -22.175 14.75
      vertex 37 -22.175 16
      vertex 39 -22.175 14.75
    endloop
  endfacet
  facet normal -1 0 0
    outer loop
      vertex 37 -23.425 14.75
      vertex 37 -23.425 16
      vertex 37 -22.175 16
    endloop
  endfacet
  facet normal 0 -1 0
    outer loop
      vertex 37 -23.425 14.75
      vertex 39 -23.425 16
      vertex 37 -23.425 16
    endloop
  endfacet
  facet normal 1 0 0
    outer loop
      vertex 39 -22.175 14.75
      vertex 39 -22.175 16
      vertex 39 -23.425 16
    endloop
  endfacet
  facet normal 0 1 0
    outer loop
      vertex 39 -22.175 14.75
      vertex 37 -22.175 16
      vertex 39 -22.175 16
    endloop
  endfacet
  facet normal 0 0 -1
    outer loop
      vertex -11.5 -5.125 14.75
      vertex -9.5 -3.875 14.75
      vertex -9.5 -5.125 14.75
    endloop
  endfacet
  facet normal 0 0 -1
    outer loop
      vertex -11.5 -5.125 14.75
      vertex -11.5 -3.875 14.75
      vertex -9.5 -3.875 14.75
    endloop
  endfacet
  facet normal 0 -1 0
    outer loop
      vertex -11.5 -5.125 14.75
      vertex -9.5 -5.125 14.75
      vertex -9.5 -5.125 16
    endloop
  endfacet
  facet normal -1 0 0
    outer loop
      vertex -11.5 -5.125 14.75
      vertex -11.5 -5.125 16
      vertex -11.5 -3.875 16
    endloop
  endfacet
  facet normal 0 -1 0
    outer loop
      vertex -11.5 -5.125 14.75
      vertex -9.5 -5.125 16
      vertex -11.5 -5.125 16
    endloop
  endfacet
  facet normal -1 0 0
    outer loop
      vertex -11.5 -5.125 14.75
      vertex -11.5 -3.875 16
      vertex -11.5 -3.875 14.75
    endloop
  endfacet
  facet normal 0 1 0
    outer loop
      vertex -11.5 -3.875 14.75
      vertex -11.5 -3.875 16
      vertex -9.5 -3.875 14.75
    endloop
  endfacet
  facet normal 0 1 0
    outer loop
      vertex -9.5 -3.875 14.75
      vertex -11.5 -3.875 16
      vertex -9.5 -3.875 16
    endloop
  endfacet
  facet normal 1 0 0
    outer loop
      vertex -9.5 -5.125 14.75
      vertex -9.5 -3.875 14.75
      vertex -9.5 -5.125 16
    endloop
  endfacet
  facet normal 1 0 0
    outer loop
      vertex -9.5 -3.875 14.75
      vertex -9.5 -3.875 16
      vertex -9.5 -5.125 16
    endloop
  endfacet
  facet normal 0 0 -1
    outer loop
      vertex 47 -23 14.4
      vertex 48.599999999999994 -19.799999999999997 14.4
      vertex 48.599999999999994 -23 14.4
    endloop
  endfacet
  facet normal 0 0 -1
    outer loop
      vertex 47 -23 14.4
      vertex 47 -19.799999999999997 14.4
      vertex 48.599999999999994 -19.799999999999997 14.4
    endloop
  endfacet
  facet normal 0 -1 0
    outer loop
      vertex 47 -23 14.4
      vertex 48.599999999999994 -23 14.4
      vertex 48.599999999999994 -23 16
    endloop
  endfacet
  facet normal 1 0 0
    outer loop
      vertex 48.599999999999994 -23 14.4
      vertex 48.599999999999994 -19.799999999999997 14.4
      vertex 48.599999999999994 -23 16
    endloop
  endfacet
  facet normal -1 0 0
    outer loop
      vertex 47 -23 14.4
      vertex 47 -19.799999999999997 16
      vertex 47 -19.799999999999997 14.4
    endloop
  endfacet
  facet normal 0 1 0
    outer loop
      vertex 47 -19.799999999999997 14.4
      vertex 47 -19.799999999999997 16
      vertex 48.599999999999994 -19.799999999999997 14.4
    endloop
  endfacet
  facet normal -1 0 0
    outer loop
      vertex 47 -23 14.4
      vertex 47 -23 16
      vertex 47 -19.799999999999997 16
    endloop
  endfacet
  facet normal 0 -1 0
    outer loop
      vertex 47 -23 14.4
      vertex 48.599999999999994 -23 16
      vertex 47 -23 16
    endloop
  endfacet
  facet normal 1 0 0
    outer loop
      vertex 48.599999999999994 -19.799999999999997 14.4
      vertex 48.599999999999994 -19.799999999999997 16
      vertex 48.599999999999994 -23 16
    endloop
  endfacet
  facet normal 0 1 0
    outer loop
      vertex 48.599999999999994 -19.799999999999997 14.4
      vertex 47 -19.799999999999997 16
      vertex 48.599999999999994 -19.799999999999997 16
    endloop
  endfacet
  facet normal 0 0 -1
    outer loop
      vertex 15.575 14.2 14.75
      vertex 16.825 16.2 14.75
      vertex 16.825 14.2 14.75
    endloop
  endfacet
  facet normal 0 0 -1
    outer loop
      vertex 15.575 14.2 14.75
      vertex 15.575 16.2 14.75
      vertex 16.825 16.2 14.75
    endloop
  endfacet
  facet normal 0 -1 0
    outer loop
      vertex 15.575 14.2 14.75
      vertex 16.825 14.2 14.75
      vertex 16.825 14.2 16
    endloop
  endfacet
  facet normal 1 0 0
    outer loop
      vertex 16.825 14.2 14.75
      vertex 16.825 16.2 14.75
      vertex 16.825 14.2 16
    endloop
  endfacet
  facet normal -1 0 0
    outer loop
      vertex 15.575 14.2 14.75
      vertex 15.575 16.2 16
      vertex 15.575 16.2 14.75
    endloop
  endfacet
  facet normal 0 1 0
    outer loop
      vertex 15.575 16.2 14.75
      vertex 15.575 16.2 16
      vertex 16.825 16.2 14.75
    endloop
  endfacet
  facet normal 0 -1 0
    outer loop
      vertex 15.575 14.2 14.75
      vertex 16.825 14.2 16
      vertex 15.575 14.2 16
    endloop
  endfacet
  facet normal -1 0 0
    outer loop
      vertex 15.575 14.2 14.75
      vertex 15.575 14.2 16
      vertex 15.575 16.2 16
    endloop
  endfacet
  facet normal 1 0 0
    outer loop
      vertex 16.825 16.2 14.75
      vertex 16.825 16.2 16
      vertex 16.825 14.2 16
    endloop
  endfacet
  facet normal 0 1 0
    outer loop
      vertex 16.825 16.2 14.75
      vertex 15.575 16.2 16
      vertex 16.825 16.2 16
    endloop
  endfacet
  facet normal 0 0 -1
    outer loop
      vertex 35.3 -0.605 14.75
      vertex 37.3 0.645 14.75
      vertex 37.3 -0.605 14.75
    endloop
  endfacet
  facet normal 0 -1 0
    outer loop
      vertex 35.3 -0.605 14.75
      vertex 37.3 -0.605 14.75
      vertex 37.3 -0.605 16
    endloop
  endfacet
  facet normal 1 0 0
    outer loop
      vertex 37.3 -0.605 14.75
      vertex 37.3 0.645 14.75
      vertex 37.3 -0.605 16
    endloop
  endfacet
  facet normal 0 -1 0
    outer loop
      vertex 35.3 -0.605 14.75
      vertex 37.3 -0.605 16
      vertex 35.3 -0.605 16
    endloop
  endfacet
  facet normal -1 0 0
    outer loop
      vertex 35.3 -0.605 14.75
      vertex 35.3 -0.605 16
      vertex 35.3 0.645 16
    endloop
  endfacet
  facet normal 0 0 -1
    outer loop
      vertex 35.3 -0.605 14.75
      vertex 35.3 0.645 14.75
      vertex 37.3 0.645 14.75
    endloop
  endfacet
  facet normal -1 0 0
    outer loop
      vertex 35.3 -0.605 14.75
      vertex 35.3 0.645 16
      vertex 35.3 0.645 14.75
    endloop
  endfacet
  facet normal 0 1 0
    outer loop
      vertex 35.3 0.645 14.75
      vertex 35.3 0.645 16
      vertex 37.3 0.645 14.75
    endloop
  endfacet
  facet normal 1 0 0
    outer loop
      vertex 37.3 0.645 14.75
      vertex 37.3 0.645 16
      vertex 37.3 -0.605 16
    endloop
  endfacet
  facet normal 0 1 0
    outer loop
      vertex 37.3 0.645 14.75
      vertex 35.3 0.645 16
      vertex 37.3 0.645 16
    endloop
  endfacet
  facet normal 0 0 -1
    outer loop
      vertex 34 -15.625 14.75
      vertex 34 -14.375 14.75
      vertex 36 -14.375 14.75
    endloop
  endfacet
  facet normal 0 0 -1
    outer loop
      vertex 34 -15.625 14.75
      vertex 36 -14.375 14.75
      vertex 36 -15.625 14.75
    endloop
  endfacet
  facet normal -1 0 0
    outer loop
      vertex 34 -15.625 14.75
      vertex 34 -14.375 16
      vertex 34 -14.375 14.75
    endloop
  endfacet
  facet normal 0 1 0
    outer loop
      vertex 34 -14.375 14.75
      vertex 34 -14.375 16
      vertex 36 -14.375 14.75
    endloop
  endfacet
  facet normal 0 -1 0
    outer loop
      vertex 34 -15.625 14.75
      vertex 36 -15.625 14.75
      vertex 36 -15.625 16
    endloop
  endfacet
  facet normal 1 0 0
    outer loop
      vertex 36 -15.625 14.75
      vertex 36 -14.375 14.75
      vertex 36 -15.625 16
    endloop
  endfacet
  facet normal 0 -1 0
    outer loop
      vertex 34 -15.625 14.75
      vertex 36 -15.625 16
      vertex 34 -15.625 16
    endloop
  endfacet
  facet normal -1 0 0
    outer loop
      vertex 34 -15.625 14.75
      vertex 34 -15.625 16
      vertex 34 -14.375 16
    endloop
  endfacet
  facet normal 1 0 0
    outer loop
      vertex 36 -14.375 14.75
      vertex 36 -14.375 16
      vertex 36 -15.625 16
    endloop
  endfacet
  facet normal 0 1 0
    outer loop
      vertex 36 -14.375 14.75
      vertex 34 -14.375 16
      vertex 36 -14.375 16
    endloop
  endfacet
  facet normal 0 0 -1
    outer loop
      vertex 11 -5.125 14.75
      vertex 13 -3.875 14.75
      vertex 13 -5.125 14.75
    endloop
  endfacet
  facet normal 0 0 -1
    outer loop
      vertex 11 -5.125 14.75
      vertex 11 -3.875 14.75
      vertex 13 -3.875 14.75
    endloop
  endfacet
  facet normal 0 -1 0
    outer loop
      vertex 11 -5.125 14.75
      vertex 13 -5.125 14.75
      vertex 13 -5.125 16
    endloop
  endfacet
  facet normal 1 0 0
    outer loop
      vertex 13 -5.125 14.75
      vertex 13 -3.875 14.75
      vertex 13 -5.125 16
    endloop
  endfacet
  facet normal -1 0 0
    outer loop
      vertex 11 -5.125 14.75
      vertex 11 -5.125 16
      vertex 11 -3.875 16
    endloop
  endfacet
  facet normal 0 -1 0
    outer loop
      vertex 11 -5.125 14.75
      vertex 13 -5.125 16
      vertex 11 -5.125 16
    endloop
  endfacet
  facet normal -1 0 0
    outer loop
      vertex 11 -5.125 14.75
      vertex 11 -3.875 16
      vertex 11 -3.875 14.75
    endloop
  endfacet
  facet normal 0 1 0
    outer loop
      vertex 11 -3.875 14.75
      vertex 11 -3.875 16
      vertex 13 -3.875 14.75
    endloop
  endfacet
  facet normal 0 1 0
    outer loop
      vertex 13 -3.875 14.75
      vertex 11 -3.875 16
      vertex 13 -3.875 16
    endloop
  endfacet
  facet normal 1 0 0
    outer loop
      vertex 13 -3.875 14.75
      vertex 13 -3.875 16
      vertex 13 -5.125 16
    endloop
  endfacet
  facet normal 0 0 -1
    outer loop
      vertex -38 -13.125 14.75
      vertex -36 -11.875 14.75
      vertex -36 -13.125 14.75
    endloop
  endfacet
  facet normal 0 0 -1
    outer loop
      vertex -38 -13.125 14.75
      vertex -38 -11.875 14.75
      vertex -36 -11.875 14.75
    endloop
  endfacet
  facet normal -1 0 0
    outer loop
      vertex -38 -13.125 14.75
      vertex -38 -11.875 16
      vertex -38 -11.875 14.75
    endloop
  endfacet
  facet normal 0 -1 0
    outer loop
      vertex -38 -13.125 14.75
      vertex -36 -13.125 14.75
      vertex -36 -13.125 16
    endloop
  endfacet
  facet normal 0 1 0
    outer loop
      vertex -38 -11.875 14.75
      vertex -38 -11.875 16
      vertex -36 -11.875 14.75
    endloop
  endfacet
  facet normal 1 0 0
    outer loop
      vertex -36 -13.125 14.75
      vertex -36 -11.875 14.75
      vertex -36 -13.125 16
    endloop
  endfacet
  facet normal -1 0 0
    outer loop
      vertex -38 -13.125 14.75
      vertex -38 -13.125 16
      vertex -38 -11.875 16
    endloop
  endfacet
  facet normal 0 -1 0
    outer loop
      vertex -38 -13.125 14.75
      vertex -36 -13.125 16
      vertex -38 -13.125 16
    endloop
  endfacet
  facet normal 0 1 0
    outer loop
      vertex -36 -11.875 14.75
      vertex -38 -11.875 16
      vertex -36 -11.875 16
    endloop
  endfacet
  facet normal 1 0 0
    outer loop
      vertex -36 -11.875 14.75
      vertex -36 -11.875 16
      vertex -36 -13.125 16
    endloop
  endfacet
  facet normal 0 0 -1
    outer loop
      vertex -33 -13.125 14.75
      vertex -31 -11.875 14.75
      vertex -31 -13.125 14.75
    endloop
  endfacet
  facet normal 0 0 -1
    outer loop
      vertex -33 -13.125 14.75
      vertex -33 -11.875 14.75
      vertex -31 -11.875 14.75
    endloop
  endfacet
  facet normal -1 0 0
    outer loop
      vertex -33 -13.125 14.75
      vertex -33 -11.875 16
      vertex -33 -11.875 14.75
    endloop
  endfacet
  facet normal 0 -1 0
    outer loop
      vertex -33 -13.125 14.75
      vertex -31 -13.125 14.75
      vertex -31 -13.125 16
    endloop
  endfacet
  facet normal 0 1 0
    outer loop
      vertex -33 -11.875 14.75
      vertex -33 -11.875 16
      vertex -31 -11.875 14.75
    endloop
  endfacet
  facet normal 1 0 0
    outer loop
      vertex -31 -13.125 14.75
      vertex -31 -11.875 14.75
      vertex -31 -13.125 16
    endloop
  endfacet
  facet normal -1 0 0
    outer loop
      vertex -33 -13.125 14.75
      vertex -33 -13.125 16
      vertex -33 -11.875 16
    endloop
  endfacet
  facet normal 0 -1 0
    outer loop
      vertex -33 -13.125 14.75
      vertex -31 -13.125 16
      vertex -33 -13.125 16
    endloop
  endfacet
  facet normal 0 1 0
    outer loop
      vertex -31 -11.875 14.75
      vertex -33 -11.875 16
      vertex -31 -11.875 16
    endloop
  endfacet
  facet normal 1 0 0
    outer loop
      vertex -31 -11.875 14.75
      vertex -31 -11.875 16
      vertex -31 -13.125 16
    endloop
  endfacet
  facet normal 0 0 -1
    outer loop
      vertex -28 -13.125 14.75
      vertex -26 -11.875 14.75
      vertex -26 -13.125 14.75
    endloop
  endfacet
  facet normal 0 0 -1
    outer loop
      vertex -28 -13.125 14.75
      vertex -28 -11.875 14.75
      vertex -26 -11.875 14.75
    endloop
  endfacet
  facet normal -1 0 0
    outer loop
      vertex -28 -13.125 14.75
      vertex -28 -11.875 16
      vertex -28 -11.875 14.75
    endloop
  endfacet
  facet normal 0 -1 0
    outer loop
      vertex -28 -13.125 14.75
      vertex -26 -13.125 14.75
      vertex -26 -13.125 16
    endloop
  endfacet
  facet normal 0 1 0
    outer loop
      vertex -28 -11.875 14.75
      vertex -28 -11.875 16
      vertex -26 -11.875 14.75
    endloop
  endfacet
  facet normal 1 0 0
    outer loop
      vertex -26 -13.125 14.75
      vertex -26 -11.875 14.75
      vertex -26 -13.125 16
    endloop
  endfacet
  facet normal -1 0 0
    outer loop
      vertex -28 -13.125 14.75
      vertex -28 -13.125 16
      vertex -28 -11.875 16
    endloop
  endfacet
  facet normal 0 -1 0
    outer loop
      vertex -28 -13.125 14.75
      vertex -26 -13.125 16
      vertex -28 -13.125 16
    endloop
  endfacet
  facet normal 0 1 0
    outer loop
      vertex -26 -11.875 14.75
      vertex -28 -11.875 16
      vertex -26 -11.875 16
    endloop
  endfacet
  facet normal 1 0 0
    outer loop
      vertex -26 -11.875 14.75
      vertex -26 -11.875 16
      vertex -26 -13.125 16
    endloop
  endfacet
  facet normal 0 0 -1
    outer loop
      vertex -23 -13.125 14.75
      vertex -21 -11.875 14.75
      vertex -21 -13.125 14.75
    endloop
  endfacet
  facet normal 0 0 -1
    outer loop
      vertex -23 -13.125 14.75
      vertex -23 -11.875 14.75
      vertex -21 -11.875 14.75
    endloop
  endfacet
  facet normal -1 0 0
    outer loop
      vertex -23 -13.125 14.75
      vertex -23 -11.875 16
      vertex -23 -11.875 14.75
    endloop
  endfacet
  facet normal 0 -1 0
    outer loop
      vertex -23 -13.125 14.75
      vertex -21 -13.125 14.75
      vertex -21 -13.125 16
    endloop
  endfacet
  facet normal 0 1 0
    outer loop
      vertex -23 -11.875 14.75
      vertex -23 -11.875 16
      vertex -21 -11.875 14.75
    endloop
  endfacet
  facet normal 1 0 0
    outer loop
      vertex -21 -13.125 14.75
      vertex -21 -11.875 14.75
      vertex -21 -13.125 16
    endloop
  endfacet
  facet normal -1 0 0
    outer loop
      vertex -23 -13.125 14.75
      vertex -23 -13.125 16
      vertex -23 -11.875 16
    endloop
  endfacet
  facet normal 0 -1 0
    outer loop
      vertex -23 -13.125 14.75
      vertex -21 -13.125 16
      vertex -23 -13.125 16
    endloop
  endfacet
  facet normal 0 1 0
    outer loop
      vertex -21 -11.875 14.75
      vertex -23 -11.875 16
      vertex -21 -11.875 16
    endloop
  endfacet
  facet normal 1 0 0
    outer loop
      vertex -21 -11.875 14.75
      vertex -21 -11.875 16
      vertex -21 -13.125 16
    endloop
  endfacet
  facet normal 0 0 -1
    outer loop
      vertex -18 -13.125 14.75
      vertex -16 -11.875 14.75
      vertex -16 -13.125 14.75
    endloop
  endfacet
  facet normal 0 0 -1
    outer loop
      vertex -18 -13.125 14.75
      vertex -18 -11.875 14.75
      vertex -16 -11.875 14.75
    endloop
  endfacet
  facet normal -1 0 0
    outer loop
      vertex -18 -13.125 14.75
      vertex -18 -11.875 16
      vertex -18 -11.875 14.75
    endloop
  endfacet
  facet normal 0 -1 0
    outer loop
      vertex -18 -13.125 14.75
      vertex -16 -13.125 14.75
      vertex -16 -13.125 16
    endloop
  endfacet
  facet normal 0 1 0
    outer loop
      vertex -18 -11.875 14.75
      vertex -18 -11.875 16
      vertex -16 -11.875 14.75
    endloop
  endfacet
  facet normal 1 0 0
    outer loop
      vertex -16 -13.125 14.75
      vertex -16 -11.875 14.75
      vertex -16 -13.125 16
    endloop
  endfacet
  facet normal -1 0 0
    outer loop
      vertex -18 -13.125 14.75
      vertex -18 -13.125 16
      vertex -18 -11.875 16
    endloop
  endfacet
  facet normal 0 -1 0
    outer loop
      vertex -18 -13.125 14.75
      vertex -16 -13.125 16
      vertex -18 -13.125 16
    endloop
  endfacet
  facet normal 0 1 0
    outer loop
      vertex -16 -11.875 14.75
      vertex -18 -11.875 16
      vertex -16 -11.875 16
    endloop
  endfacet
  facet normal 1 0 0
    outer loop
      vertex -16 -11.875 14.75
      vertex -16 -11.875 16
      vertex -16 -13.125 16
    endloop
  endfacet
  facet normal -1 0 0
    outer loop
      vertex 19.775000000000002 -19.8 14.8
      vertex 19.775000000000002 -19.8 16
      vertex 19.775000000000002 -18.2 16
    endloop
  endfacet
  facet normal 0 0 -1
    outer loop
      vertex 19.775000000000002 -19.8 14.8
      vertex 22.675 -18.2 14.8
      vertex 22.675 -19.8 14.8
    endloop
  endfacet
  facet normal 0 -1 0
    outer loop
      vertex 19.775000000000002 -19.8 14.8
      vertex 22.675 -19.8 14.8
      vertex 22.675 -19.8 16
    endloop
  endfacet
  facet normal 1 0 0
    outer loop
      vertex 22.675 -19.8 14.8
      vertex 22.675 -18.2 14.8
      vertex 22.675 -19.8 16
    endloop
  endfacet
  facet normal 0 -1 0
    outer loop
      vertex 19.775000000000002 -19.8 14.8
      vertex 22.675 -19.8 16
      vertex 19.775000000000002 -19.8 16
    endloop
  endfacet
  facet normal -1 0 0
    outer loop
      vertex 19.775000000000002 -19.8 14.8
      vertex 19.775000000000002 -18.2 16
      vertex 19.775000000000002 -18.2 14.8
    endloop
  endfacet
  facet normal 0 0 -1
    outer loop
      vertex 19.775000000000002 -19.8 14.8
      vertex 19.775000000000002 -18.2 14.8
      vertex 22.675 -18.2 14.8
    endloop
  endfacet
  facet normal 0 1 0
    outer loop
      vertex 19.775000000000002 -18.2 14.8
      vertex 19.775000000000002 -18.2 16
      vertex 22.675 -18.2 14.8
    endloop
  endfacet
  facet normal 0 1 0
    outer loop
      vertex 22.675 -18.2 14.8
      vertex 19.775000000000002 -18.2 16
      vertex 22.675 -18.2 16
    endloop
  endfacet
  facet normal 1 0 0
    outer loop
      vertex 22.675 -18.2 14.8
      vertex 22.675 -18.2 16
      vertex 22.675 -19.8 16
    endloop
  endfacet
  facet normal 0 0 -1
    outer loop
      vertex 4.5 -25.05 14.4
      vertex 7.699999999999999 -20.55 14.4
      vertex 7.699999999999999 -25.05 14.4
    endloop
  endfacet
  facet normal 0 0 -1
    outer loop
      vertex 4.5 -25.05 14.4
      vertex 4.5 -20.55 14.4
      vertex 7.699999999999999 -20.55 14.4
    endloop
  endfacet
  facet normal 0 -1 0
    outer loop
      vertex 4.5 -25.05 14.4
      vertex 7.699999999999999 -25.05 14.4
      vertex 7.699999999999999 -25.05 16
    endloop
  endfacet
  facet normal 1 0 0
    outer loop
      vertex 7.699999999999999 -25.05 14.4
      vertex 7.699999999999999 -20.55 14.4
      vertex 7.699999999999999 -25.05 16
    endloop
  endfacet
  facet normal -1 0 0
    outer loop
      vertex 4.5 -25.05 14.4
      vertex 4.5 -25.05 16
      vertex 4.5 -20.55 16
    endloop
  endfacet
  facet normal 0 -1 0
    outer loop
      vertex 4.5 -25.05 14.4
      vertex 7.699999999999999 -25.05 16
      vertex 4.5 -25.05 16
    endloop
  endfacet
  facet normal -1 0 0
    outer loop
      vertex 4.5 -25.05 14.4
      vertex 4.5 -20.55 16
      vertex 4.5 -20.55 14.4
    endloop
  endfacet
  facet normal 0 1 0
    outer loop
      vertex 4.5 -20.55 14.4
      vertex 4.5 -20.55 16
      vertex 7.699999999999999 -20.55 14.4
    endloop
  endfacet
  facet normal 1 0 0
    outer loop
      vertex 7.699999999999999 -20.55 14.4
      vertex 7.699999999999999 -20.55 16
      vertex 7.699999999999999 -25.05 16
    endloop
  endfacet
  facet normal 0 1 0
    outer loop
      vertex 7.699999999999999 -20.55 14.4
      vertex 4.5 -20.55 16
      vertex 7.699999999999999 -20.55 16
    endloop
  endfacet
  facet normal 0 0 -1
    outer loop
      vertex -4.47 -37.324999999999996 12.8
      vertex -4.47 -29.974999999999998 12.8
      vertex 4.47 -29.974999999999998 12.8
    endloop
  endfacet
  facet normal 0 1 0
    outer loop
      vertex -4.47 -29.974999999999998 12.8
      vertex -3.05 -29.974999999999998 15.3
      vertex 4.47 -29.974999999999998 12.8
    endloop
  endfacet
  facet normal -1 0 0
    outer loop
      vertex -4.47 -37.324999999999996 12.8
      vertex -4.47 -29.974999999999998 16
      vertex -4.47 -29.974999999999998 12.8
    endloop
  endfacet
  facet normal 0 1 0
    outer loop
      vertex -4.47 -29.974999999999998 12.8
      vertex -3.05 -29.974999999999998 16
      vertex -3.05 -29.974999999999998 15.3
    endloop
  endfacet
  facet normal 0 -1 0
    outer loop
      vertex -4.47 -37.324999999999996 12.8
      vertex 4.47 -37.324999999999996 16
      vertex -4.47 -37.324999999999996 16
    endloop
  endfacet
  facet normal -1 0 0
    outer loop
      vertex -4.47 -37.324999999999996 12.8
      vertex -4.47 -37.324999999999996 16
      vertex -4.47 -29.974999999999998 16
    endloop
  endfacet
  facet normal 0 1 0
    outer loop
      vertex -4.47 -29.974999999999998 12.8
      vertex -4.47 -29.974999999999998 16
      vertex -3.05 -29.974999999999998 16
    endloop
  endfacet
  facet normal 0 0 -1
    outer loop
      vertex -4.47 -37.324999999999996 12.8
      vertex 4.47 -29.974999999999998 12.8
      vertex 4.47 -37.324999999999996 12.8
    endloop
  endfacet
  facet normal 0 -1 0
    outer loop
      vertex -4.47 -37.324999999999996 12.8
      vertex 4.47 -37.324999999999996 12.8
      vertex 4.47 -37.324999999999996 16
    endloop
  endfacet
  facet normal 1 0 0
    outer loop
      vertex 4.47 -37.324999999999996 12.8
      vertex 4.47 -29.974999999999998 12.8
      vertex 4.47 -37.324999999999996 16
    endloop
  endfacet
  facet normal 0 1 0
    outer loop
      vertex -3.05 -29.974999999999998 15.3
      vertex -1.0499999999999998 -29.974999999999998 15.3
      vertex 4.47 -29.974999999999998 12.8
    endloop
  endfacet
  facet normal 0 1 0
    outer loop
      vertex -1.0499999999999998 -29.974999999999998 15.3
      vertex 4.47 -29.974999999999998 16
      vertex 4.47 -29.974999999999998 12.8
    endloop
  endfacet
  facet normal 1 0 0
    outer loop
      vertex 4.47 -29.974999999999998 12.8
      vertex 4.47 -29.974999999999998 16
      vertex 4.47 -37.324999999999996 16
    endloop
  endfacet
  facet normal 0 1 0
    outer loop
      vertex -1.0499999999999998 -29.974999999999998 15.3
      vertex -1.0499999999999998 -29.974999999999998 16
      vertex 4.47 -29.974999999999998 16
    endloop
  endfacet
  facet normal 0 0 -1
    outer loop
      vertex -4.2 -29.3 10.5
      vertex -4.2 -20.7 10.5
      vertex 3.7 -20.7 10.5
    endloop
  endfacet
  facet normal -1 0 0
    outer loop
      vertex -4.2 -29.3 10.5
      vertex -4.2 -20.7 16
      vertex -4.2 -20.7 10.5
    endloop
  endfacet
  facet normal 0 1 0
    outer loop
      vertex -4.2 -20.7 10.5
      vertex -4.2 -20.7 16
      vertex 3.7 -20.7 10.5
    endloop
  endfacet
  facet normal 0 -1 0
    outer loop
      vertex -4.2 -29.3 10.5
      vertex -1.0499999999999998 -29.3 15.3
      vertex -3.05 -29.3 15.3
    endloop
  endfacet
  facet normal 0 -1 0
    outer loop
      vertex -4.2 -29.3 10.5
      vertex -3.05 -29.3 15.3
      vertex -4.2 -29.3 16
    endloop
  endfacet
  facet normal 0 -1 0
    outer loop
      vertex -4.2 -29.3 10.5
      vertex 3.7 -29.3 16
      vertex -1.0499999999999998 -29.3 15.3
    endloop
  endfacet
  facet normal -1 0 0
    outer loop
      vertex -4.2 -29.3 10.5
      vertex -4.2 -29.3 16
      vertex -4.2 -20.7 16
    endloop
  endfacet
  facet normal 0 -1 0
    outer loop
      vertex -3.05 -29.3 15.3
      vertex -3.05 -29.3 16
      vertex -4.2 -29.3 16
    endloop
  endfacet
  facet normal 0 -1 0
    outer loop
      vertex -4.2 -29.3 10.5
      vertex 3.7 -29.3 10.5
      vertex 3.7 -29.3 16
    endloop
  endfacet
  facet normal 0 0 -1
    outer loop
      vertex -4.2 -29.3 10.5
      vertex 3.7 -20.7 10.5
      vertex 3.7 -29.3 10.5
    endloop
  endfacet
  facet normal 1 0 0
    outer loop
      vertex 3.7 -29.3 10.5
      vertex 3.7 -20.7 10.5
      vertex 3.7 -29.3 16
    endloop
  endfacet
  facet normal 1 0 0
    outer loop
      vertex 3.7 -20.7 10.5
      vertex 3.7 -20.7 16
      vertex 3.7 -29.3 16
    endloop
  endfacet
  facet normal 0 1 0
    outer loop
      vertex 3.7 -20.7 10.5
      vertex -4.2 -20.7 16
      vertex 3.7 -20.7 16
    endloop
  endfacet
  facet normal 0 -1 0
    outer loop
      vertex -1.0499999999999998 -29.3 15.3
      vertex 3.7 -29.3 16
      vertex -1.0499999999999998 -29.3 16
    endloop
  endfacet
  facet normal 0 -1 0
    outer loop
      vertex 53.25 -11 14
      vertex 56.75 -11 14
      vertex 56.75 -11 16
    endloop
  endfacet
  facet normal 0 0 -1
    outer loop
      vertex 53.25 -11 14
      vertex 56.75 15 14
      vertex 56.75 -11 14
    endloop
  endfacet
  facet normal 1 0 0
    outer loop
      vertex 56.75 -11 14
      vertex 56.75 15 14
      vertex 56.75 -11 16
    endloop
  endfacet
  facet normal 0 -1 0
    outer loop
      vertex 53.25 -11 14
      vertex 56.75 -11 16
      vertex 53.25 -11 16
    endloop
  endfacet
  facet normal -1 0 0
    outer loop
      vertex 53.25 -11 14
      vertex 53.25 -11 16
      vertex 53.25 15 16
    endloop
  endfacet
  facet normal 0 0 -1
    outer loop
      vertex 53.25 -11 14
      vertex 53.25 15 14
      vertex 56.75 15 14
    endloop
  endfacet
  facet normal -1 0 0
    outer loop
      vertex 53.25 -11 14
      vertex 53.25 15 16
      vertex 53.25 15 14
    endloop
  endfacet
  facet normal 0 1 0
    outer loop
      vertex 53.25 15 14
      vertex 53.25 15 16
      vertex 56.75 15 14
    endloop
  endfacet
  facet normal 1 0 0
    outer loop
      vertex 56.75 15 14
      vertex 56.75 15 16
      vertex 56.75 -11 16
    endloop
  endfacet
  facet normal 0 1 0
    outer loop
      vertex 56.75 15 14
      vertex 53.25 15 16
      vertex 56.75 15 16
    endloop
  endfacet
  facet normal 0 0 -1
    outer loop
      vertex 28 -17 14
      vertex 28 -13 14
      vertex 32 -13 14
    endloop
  endfacet
  facet normal -1 0 0
    outer loop
      vertex 28 -17 14
      vertex 28 -13 16
      vertex 28 -13 14
    endloop
  endfacet
  facet normal 0 1 0
    outer loop
      vertex 28 -13 14
      vertex 28 -13 16
      vertex 32 -13 14
    endloop
  endfacet
  facet normal 0 0 -1
    outer loop
      vertex 28 -17 14
      vertex 32 -13 14
      vertex 32 -17 14
    endloop
  endfacet
  facet normal 0 -1 0
    outer loop
      vertex 28 -17 14
      vertex 32 -17 14
      vertex 32 -17 16
    endloop
  endfacet
  facet normal 1 0 0
    outer loop
      vertex 32 -17 14
      vertex 32 -13 14
      vertex 32 -17 16
    endloop
  endfacet
  facet normal 0 -1 0
    outer loop
      vertex 28 -17 14
      vertex 32 -17 16
      vertex 28 -17 16
    endloop
  endfacet
  facet normal -1 0 0
    outer loop
      vertex 28 -17 14
      vertex 28 -17 16
      vertex 28 -13 16
    endloop
  endfacet
  facet normal 1 0 0
    outer loop
      vertex 32 -13 14
      vertex 32 -13.266063356588905 16
      vertex 32 -17 16
    endloop
  endfacet
  facet normal 0 1 0
    outer loop
      vertex 32 -13 14
      vertex 28 -13 16
      vertex 32 -13 16
    endloop
  endfacet
  facet normal 1 0 0
    outer loop
      vertex 32 -13 14
      vertex 32 -13 16
      vertex 32 -13.266063356588905 16
    endloop
  endfacet
  facet normal 0 -1 0
    outer loop
      vertex 44 -18.95 13
      vertex 48 -18.95 13
      vertex 48 -18.95 16
    endloop
  endfacet
  facet normal 0 0 -1
    outer loop
      vertex 44 -18.95 13
      vertex 48 -14.95 13
      vertex 48 -18.95 13
    endloop
  endfacet
  facet normal 0 0 -1
    outer loop
      vertex 44 -18.95 13
      vertex 44 -14.95 13
      vertex 48 -14.95 13
    endloop
  endfacet
  facet normal -1 0 0
    outer loop
      vertex 44 -18.95 13
      vertex 44 -14.95 16
      vertex 44 -14.95 13
    endloop
  endfacet
  facet normal 1 0 0
    outer loop
      vertex 48 -18.95 13
      vertex 48 -14.95 13
      vertex 48 -18.95 16
    endloop
  endfacet
  facet normal 0 1 0
    outer loop
      vertex 44 -14.95 13
      vertex 44 -14.95 16
      vertex 48 -14.95 13
    endloop
  endfacet
  facet normal 0 -1 0
    outer loop
      vertex 44 -18.95 13
      vertex 48 -18.95 16
      vertex 44 -18.95 16
    endloop
  endfacet
  facet normal -1 0 0
    outer loop
      vertex 44 -18.95 13
      vertex 44 -18.95 16
      vertex 44 -14.95 16
    endloop
  endfacet
  facet normal 0 1 0
    outer loop
      vertex 48 -14.95 13
      vertex 44 -14.95 16
      vertex 48 -14.95 16
    endloop
  endfacet
  facet normal 1 0 0
    outer loop
      vertex 48 -14.95 13
      vertex 48 -14.95 16
      vertex 48 -18.95 16
    endloop
  endfacet
  facet normal 0 0 -1
    outer loop
      vertex 3.55 -16.3 14.8
      vertex 3.55 -14.7 14.8
      vertex 6.45 -14.7 14.8
    endloop
  endfacet
  facet normal -1 0 0
    outer loop
      vertex 3.55 -16.3 14.8
      vertex 3.55 -14.7 16
      vertex 3.55 -14.7 14.8
    endloop
  endfacet
  facet normal 0 1 0
    outer loop
      vertex 3.55 -14.7 14.8
      vertex 3.55 -14.7 16
      vertex 6.45 -14.7 14.8
    endloop
  endfacet
  facet normal 0 0 -1
    outer loop
      vertex 3.55 -16.3 14.8
      vertex 6.45 -14.7 14.8
      vertex 6.45 -16.3 14.8
    endloop
  endfacet
  facet normal 0 -1 0
    outer loop
      vertex 3.55 -16.3 14.8
      vertex 6.45 -16.3 14.8
      vertex 6.45 -16.3 16
    endloop
  endfacet
  facet normal 1 0 0
    outer loop
      vertex 6.45 -16.3 14.8
      vertex 6.45 -14.7 14.8
      vertex 6.45 -16.3 16
    endloop
  endfacet
  facet normal -1 0 0
    outer loop
      vertex 3.55 -16.3 14.8
      vertex 3.55 -16.3 16
      vertex 3.55 -14.7 16
    endloop
  endfacet
  facet normal 0 -1 0
    outer loop
      vertex 3.55 -16.3 14.8
      vertex 6.45 -16.3 16
      vertex 3.55 -16.3 16
    endloop
  endfacet
  facet normal 0 1 0
    outer loop
      vertex 6.45 -14.7 14.8
      vertex 3.55 -14.7 16
      vertex 6.45 -14.7 16
    endloop
  endfacet
  facet normal 1 0 0
    outer loop
      vertex 6.45 -14.7 14.8
      vertex 6.45 -14.7 16
      vertex 6.45 -16.3 16
    endloop
  endfacet
  facet normal 0 0 -1
    outer loop
      vertex 36.75 -8.3 14.8
      vertex 39.650000000000006 -6.7 14.8
      vertex 39.650000000000006 -8.3 14.8
    endloop
  endfacet
  facet normal 0 0 -1
    outer loop
      vertex 36.75 -8.3 14.8
      vertex 36.75 -6.7 14.8
      vertex 39.650000000000006 -6.7 14.8
    endloop
  endfacet
  facet normal -1 0 0
    outer loop
      vertex 36.75 -8.3 14.8
      vertex 36.75 -6.7 16
      vertex 36.75 -6.7 14.8
    endloop
  endfacet
  facet normal 0 -1 0
    outer loop
      vertex 36.75 -8.3 14.8
      vertex 39.650000000000006 -8.3 14.8
      vertex 39.650000000000006 -8.3 16
    endloop
  endfacet
  facet normal 1 0 0
    outer loop
      vertex 39.650000000000006 -8.3 14.8
      vertex 39.650000000000006 -6.7 14.8
      vertex 39.650000000000006 -8.3 16
    endloop
  endfacet
  facet normal 0 1 0
    outer loop
      vertex 36.75 -6.7 14.8
      vertex 36.75 -6.7 16
      vertex 39.650000000000006 -6.7 14.8
    endloop
  endfacet
  facet normal -1 0 0
    outer loop
      vertex 36.75 -8.3 14.8
      vertex 36.75 -8.3 16
      vertex 36.75 -6.7 16
    endloop
  endfacet
  facet normal 0 -1 0
    outer loop
      vertex 36.75 -8.3 14.8
      vertex 39.650000000000006 -8.3 16
      vertex 36.75 -8.3 16
    endloop
  endfacet
  facet normal 1 0 0
    outer loop
      vertex 39.650000000000006 -6.7 14.8
      vertex 39.650000000000006 -6.7 16
      vertex 39.650000000000006 -8.3 16
    endloop
  endfacet
  facet normal 0 1 0
    outer loop
      vertex 39.650000000000006 -6.7 14.8
      vertex 36.75 -6.7 16
      vertex 39.650000000000006 -6.7 16
    endloop
  endfacet
  facet normal 0 0 -1
    outer loop
      vertex -7 -30.125 15.3
      vertex -5 -28.875 15.3
      vertex -5 -30.125 15.3
    endloop
  endfacet
  facet normal 0 0 -1
    outer loop
      vertex -7 -30.125 15.3
      vertex -7 -28.875 15.3
      vertex -5 -28.875 15.3
    endloop
  endfacet
  facet normal 0 -1 0
    outer loop
      vertex -7 -30.125 15.3
      vertex -5 -30.125 15.3
      vertex -5 -30.125 16
    endloop
  endfacet
  facet normal -1 0 0
    outer loop
      vertex -7 -30.125 15.3
      vertex -7 -28.875 16
      vertex -7 -28.875 15.3
    endloop
  endfacet
  facet normal 0 1 0
    outer loop
      vertex -7 -28.875 15.3
      vertex -7 -28.875 16
      vertex -5 -28.875 15.3
    endloop
  endfacet
  facet normal 0 -1 0
    outer loop
      vertex -7 -30.125 15.3
      vertex -5 -30.125 16
      vertex -7 -30.125 16
    endloop
  endfacet
  facet normal -1 0 0
    outer loop
      vertex -7 -30.125 15.3
      vertex -7 -30.125 16
      vertex -7 -28.875 16
    endloop
  endfacet
  facet normal 0 1 0
    outer loop
      vertex -5 -28.875 15.3
      vertex -7 -28.875 16
      vertex -5 -28.875 16
    endloop
  endfacet
  facet normal 1 0 0
    outer loop
      vertex -5 -30.125 15.3
      vertex -5 -28.875 15.3
      vertex -5 -30.125 16
    endloop
  endfacet
  facet normal 1 0 0
    outer loop
      vertex -5 -28.875 15.3
      vertex -5 -28.875 16
      vertex -5 -30.125 16
    endloop
  endfacet
  facet normal 0 0 -1
    outer loop
      vertex -8 -9.125 15.3
      vertex -8 -7.875 15.3
      vertex -6 -7.875 15.3
    endloop
  endfacet
  facet normal 0 0 -1
    outer loop
      vertex -8 -9.125 15.3
      vertex -6 -7.875 15.3
      vertex -6 -9.125 15.3
    endloop
  endfacet
  facet normal -1 0 0
    outer loop
      vertex -8 -9.125 15.3
      vertex -8 -7.875 16
      vertex -8 -7.875 15.3
    endloop
  endfacet
  facet normal 0 -1 0
    outer loop
      vertex -8 -9.125 15.3
      vertex -6 -9.125 15.3
      vertex -6 -9.125 16
    endloop
  endfacet
  facet normal 1 0 0
    outer loop
      vertex -6 -9.125 15.3
      vertex -6 -7.875 15.3
      vertex -6 -9.125 16
    endloop
  endfacet
  facet normal 0 1 0
    outer loop
      vertex -8 -7.875 15.3
      vertex -8 -7.875 16
      vertex -6 -7.875 15.3
    endloop
  endfacet
  facet normal -1 0 0
    outer loop
      vertex -8 -9.125 15.3
      vertex -8 -9.125 16
      vertex -8 -7.875 16
    endloop
  endfacet
  facet normal 0 -1 0
    outer loop
      vertex -8 -9.125 15.3
      vertex -6 -9.125 16
      vertex -8 -9.125 16
    endloop
  endfacet
  facet normal 1 0 0
    outer loop
      vertex -6 -7.875 15.3
      vertex -6 -7.875 16
      vertex -6 -9.125 16
    endloop
  endfacet
  facet normal 0 1 0
    outer loop
      vertex -6 -7.875 15.3
      vertex -8 -7.875 16
      vertex -6 -7.875 16
    endloop
  endfacet
  facet normal 0 0 -1
    outer loop
      vertex -3 -9.125 15.3
      vertex -3 -7.875 15.3
      vertex -1 -7.875 15.3
    endloop
  endfacet
  facet normal 0 0 -1
    outer loop
      vertex -3 -9.125 15.3
      vertex -1 -7.875 15.3
      vertex -1 -9.125 15.3
    endloop
  endfacet
  facet normal -1 0 0
    outer loop
      vertex -3 -9.125 15.3
      vertex -3 -7.875 16
      vertex -3 -7.875 15.3
    endloop
  endfacet
  facet normal 0 -1 0
    outer loop
      vertex -3 -9.125 15.3
      vertex -1 -9.125 15.3
      vertex -1 -9.125 16
    endloop
  endfacet
  facet normal 1 0 0
    outer loop
      vertex -1 -9.125 15.3
      vertex -1 -7.875 15.3
      vertex -1 -9.125 16
    endloop
  endfacet
  facet normal 0 1 0
    outer loop
      vertex -3 -7.875 15.3
      vertex -3 -7.875 16
      vertex -1 -7.875 15.3
    endloop
  endfacet
  facet normal -1 0 0
    outer loop
      vertex -3 -9.125 15.3
      vertex -3 -9.125 16
      vertex -3 -7.875 16
    endloop
  endfacet
  facet normal 0 -1 0
    outer loop
      vertex -3 -9.125 15.3
      vertex -1 -9.125 16
      vertex -3 -9.125 16
    endloop
  endfacet
  facet normal 1 0 0
    outer loop
      vertex -1 -7.875 15.3
      vertex -1 -7.875 16
      vertex -1 -9.125 16
    endloop
  endfacet
  facet normal 0 1 0
    outer loop
      vertex -1 -7.875 15.3
      vertex -3 -7.875 16
      vertex -1 -7.875 16
    endloop
  endfacet
  facet normal 0 0 -1
    outer loop
      vertex 2 -9.125 15.3
      vertex 2 -7.875 15.3
      vertex 4 -7.875 15.3
    endloop
  endfacet
  facet normal 0 0 -1
    outer loop
      vertex 2 -9.125 15.3
      vertex 4 -7.875 15.3
      vertex 4 -9.125 15.3
    endloop
  endfacet
  facet normal -1 0 0
    outer loop
      vertex 2 -9.125 15.3
      vertex 2 -7.875 16
      vertex 2 -7.875 15.3
    endloop
  endfacet
  facet normal 0 -1 0
    outer loop
      vertex 2 -9.125 15.3
      vertex 4 -9.125 15.3
      vertex 4 -9.125 16
    endloop
  endfacet
  facet normal 1 0 0
    outer loop
      vertex 4 -9.125 15.3
      vertex 4 -7.875 15.3
      vertex 4 -9.125 16
    endloop
  endfacet
  facet normal 0 1 0
    outer loop
      vertex 2 -7.875 15.3
      vertex 2 -7.875 16
      vertex 4 -7.875 15.3
    endloop
  endfacet
  facet normal -1 0 0
    outer loop
      vertex 2 -9.125 15.3
      vertex 2 -9.125 16
      vertex 2 -7.875 16
    endloop
  endfacet
  facet normal 0 -1 0
    outer loop
      vertex 2 -9.125 15.3
      vertex 4 -9.125 16
      vertex 2 -9.125 16
    endloop
  endfacet
  facet normal 1 0 0
    outer loop
      vertex 4 -7.875 15.3
      vertex 4 -8.11983062635042 16
      vertex 4 -9.125 16
    endloop
  endfacet
  facet normal 0 1 0
    outer loop
      vertex 4 -7.875 15.3
      vertex 2 -7.875 16
      vertex 4 -7.875 16
    endloop
  endfacet
  facet normal 1 0 0
    outer loop
      vertex 4 -7.875 15.3
      vertex 4 -7.875 16
      vertex 4 -8.11983062635042 16
    endloop
  endfacet
  facet normal 0 0 -1
    outer loop
      vertex 7 -9.125 15.3
      vertex 7 -7.875 15.3
      vertex 9 -7.875 15.3
    endloop
  endfacet
  facet normal 0 0 -1
    outer loop
      vertex 7 -9.125 15.3
      vertex 9 -7.875 15.3
      vertex 9 -9.125 15.3
    endloop
  endfacet
  facet normal -1 0 0
    outer loop
      vertex 7 -9.125 15.3
      vertex 7 -7.875 16
      vertex 7 -7.875 15.3
    endloop
  endfacet
  facet normal 0 -1 0
    outer loop
      vertex 7 -9.125 15.3
      vertex 9 -9.125 15.3
      vertex 9 -9.125 16
    endloop
  endfacet
  facet normal 1 0 0
    outer loop
      vertex 9 -9.125 15.3
      vertex 9 -7.875 15.3
      vertex 9 -9.125 16
    endloop
  endfacet
  facet normal 0 1 0
    outer loop
      vertex 7 -7.875 15.3
      vertex 7 -7.875 16
      vertex 9 -7.875 15.3
    endloop
  endfacet
  facet normal -1 0 0
    outer loop
      vertex 7 -9.125 15.3
      vertex 7 -9.125 16
      vertex 7 -7.875 16
    endloop
  endfacet
  facet normal 0 -1 0
    outer loop
      vertex 7 -9.125 15.3
      vertex 9 -9.125 16
      vertex 7 -9.125 16
    endloop
  endfacet
  facet normal 1 0 0
    outer loop
      vertex 9 -7.875 15.3
      vertex 9 -7.875 16
      vertex 9 -9.125 16
    endloop
  endfacet
  facet normal 0 1 0
    outer loop
      vertex 9 -7.875 15.3
      vertex 7 -7.875 16
      vertex 9 -7.875 16
    endloop
  endfacet
  facet normal 0 0 -1
    outer loop
      vertex 17 -9.125 15.3
      vertex 17 -7.875 15.3
      vertex 19 -7.875 15.3
    endloop
  endfacet
  facet normal 0 0 -1
    outer loop
      vertex 17 -9.125 15.3
      vertex 19 -7.875 15.3
      vertex 19 -9.125 15.3
    endloop
  endfacet
  facet normal -1 0 0
    outer loop
      vertex 17 -9.125 15.3
      vertex 17 -7.875 16
      vertex 17 -7.875 15.3
    endloop
  endfacet
  facet normal 0 -1 0
    outer loop
      vertex 17 -9.125 15.3
      vertex 19 -9.125 15.3
      vertex 19 -9.125 16
    endloop
  endfacet
  facet normal 1 0 0
    outer loop
      vertex 19 -9.125 15.3
      vertex 19 -7.875 15.3
      vertex 19 -9.125 16
    endloop
  endfacet
  facet normal 0 1 0
    outer loop
      vertex 17 -7.875 15.3
      vertex 17 -7.875 16
      vertex 19 -7.875 15.3
    endloop
  endfacet
  facet normal -1 0 0
    outer loop
      vertex 17 -9.125 15.3
      vertex 17 -9.125 16
      vertex 17 -7.875 16
    endloop
  endfacet
  facet normal 0 -1 0
    outer loop
      vertex 17 -9.125 15.3
      vertex 19 -9.125 16
      vertex 17 -9.125 16
    endloop
  endfacet
  facet normal 1 0 0
    outer loop
      vertex 19 -7.875 15.3
      vertex 19 -7.875 16
      vertex 19 -9.125 16
    endloop
  endfacet
  facet normal 0 1 0
    outer loop
      vertex 19 -7.875 15.3
      vertex 17 -7.875 16
      vertex 19 -7.875 16
    endloop
  endfacet
  facet normal 0 0 -1
    outer loop
      vertex -56 -28.125 15.3
      vertex -56 -26.875 15.3
      vertex -54 -26.875 15.3
    endloop
  endfacet
  facet normal 0 0 -1
    outer loop
      vertex -56 -28.125 15.3
      vertex -54 -26.875 15.3
      vertex -54 -28.125 15.3
    endloop
  endfacet
  facet normal -1 0 0
    outer loop
      vertex -56 -28.125 15.3
      vertex -56 -26.875 16
      vertex -56 -26.875 15.3
    endloop
  endfacet
  facet normal 0 1 0
    outer loop
      vertex -56 -26.875 15.3
      vertex -56 -26.875 16
      vertex -54 -26.875 15.3
    endloop
  endfacet
  facet normal -1 0 0
    outer loop
      vertex -56 -28.125 15.3
      vertex -56 -28.125 16
      vertex -56 -26.875 16
    endloop
  endfacet
  facet normal 0 -1 0
    outer loop
      vertex -56 -28.125 15.3
      vertex -54 -28.125 16
      vertex -56 -28.125 16
    endloop
  endfacet
  facet normal 0 -1 0
    outer loop
      vertex -56 -28.125 15.3
      vertex -54 -28.125 15.3
      vertex -54 -28.125 16
    endloop
  endfacet
  facet normal 1 0 0
    outer loop
      vertex -54 -28.125 15.3
      vertex -54 -26.875 15.3
      vertex -54 -28.125 16
    endloop
  endfacet
  facet normal 1 0 0
    outer loop
      vertex -54 -26.875 15.3
      vertex -54 -26.875 16
      vertex -54 -28.125 16
    endloop
  endfacet
  facet normal 0 1 0
    outer loop
      vertex -54 -26.875 15.3
      vertex -56 -26.875 16
      vertex -54 -26.875 16
    endloop
  endfacet
  facet normal 0 0 -1
    outer loop
      vertex -49 -28.125 15.3
      vertex -47 -26.875 15.3
      vertex -47 -28.125 15.3
    endloop
  endfacet
  facet normal 0 0 -1
    outer loop
      vertex -49 -28.125 15.3
      vertex -49 -26.875 15.3
      vertex -47 -26.875 15.3
    endloop
  endfacet
  facet normal -1 0 0
    outer loop
      vertex -49 -28.125 15.3
      vertex -49 -26.875 16
      vertex -49 -26.875 15.3
    endloop
  endfacet
  facet normal 0 -1 0
    outer loop
      vertex -49 -28.125 15.3
      vertex -47 -28.125 15.3
      vertex -47 -28.125 16
    endloop
  endfacet
  facet normal 0 1 0
    outer loop
      vertex -49 -26.875 15.3
      vertex -49 -26.875 16
      vertex -47 -26.875 15.3
    endloop
  endfacet
  facet normal 1 0 0
    outer loop
      vertex -47 -28.125 15.3
      vertex -47 -26.875 15.3
      vertex -47 -28.125 16
    endloop
  endfacet
  facet normal -1 0 0
    outer loop
      vertex -49 -28.125 15.3
      vertex -49 -28.125 16
      vertex -49 -26.875 16
    endloop
  endfacet
  facet normal 0 -1 0
    outer loop
      vertex -49 -28.125 15.3
      vertex -47 -28.125 16
      vertex -49 -28.125 16
    endloop
  endfacet
  facet normal 0 1 0
    outer loop
      vertex -47 -26.875 15.3
      vertex -49 -26.875 16
      vertex -47 -26.875 16
    endloop
  endfacet
  facet normal 1 0 0
    outer loop
      vertex -47 -26.875 15.3
      vertex -47 -26.875 16
      vertex -47 -28.125 16
    endloop
  endfacet
  facet normal 0 0 -1
    outer loop
      vertex -3.05 -29.974999999999998 15.3
      vertex -3.05 -29.3 15.3
      vertex -1.0499999999999998 -29.3 15.3
    endloop
  endfacet
  facet normal 0 0 -1
    outer loop
      vertex -3.05 -29.974999999999998 15.3
      vertex -1.0499999999999998 -29.3 15.3
      vertex -1.0499999999999998 -29.974999999999998 15.3
    endloop
  endfacet
  facet normal -1 0 0
    outer loop
      vertex -3.05 -29.974999999999998 15.3
      vertex -3.05 -29.974999999999998 16
      vertex -3.05 -29.3 15.3
    endloop
  endfacet
  facet normal 1 0 0
    outer loop
      vertex -1.0499999999999998 -29.974999999999998 15.3
      vertex -1.0499999999999998 -29.3 15.3
      vertex -1.0499999999999998 -29.3 16
    endloop
  endfacet
  facet normal -1 0 0
    outer loop
      vertex -3.05 -29.3 15.3
      vertex -3.05 -29.974999999999998 16
      vertex -3.05 -29.3 16
    endloop
  endfacet
  facet normal 1 0 0
    outer loop
      vertex -1.0499999999999998 -29.974999999999998 15.3
      vertex -1.0499999999999998 -29.3 16
      vertex -1.0499999999999998 -29.974999999999998 16
    endloop
  endfacet
  facet normal 0 0 -1
    outer loop
      vertex -43 10.375 15.3
      vertex -41 11.625 15.3
      vertex -41 10.375 15.3
    endloop
  endfacet
  facet normal 0 0 -1
    outer loop
      vertex -43 10.375 15.3
      vertex -43 11.625 15.3
      vertex -41 11.625 15.3
    endloop
  endfacet
  facet normal -1 0 0
    outer loop
      vertex -43 10.375 15.3
      vertex -43 11.625 16
      vertex -43 11.625 15.3
    endloop
  endfacet
  facet normal 0 -1 0
    outer loop
      vertex -43 10.375 15.3
      vertex -41 10.375 15.3
      vertex -41 10.375 16
    endloop
  endfacet
  facet normal 0 1 0
    outer loop
      vertex -43 11.625 15.3
      vertex -43 11.625 16
      vertex -41 11.625 15.3
    endloop
  endfacet
  facet normal 1 0 0
    outer loop
      vertex -41 10.375 15.3
      vertex -41 11.625 15.3
      vertex -41 10.375 16
    endloop
  endfacet
  facet normal -1 0 0
    outer loop
      vertex -43 10.375 15.3
      vertex -43 10.375 16
      vertex -43 11.625 16
    endloop
  endfacet
  facet normal 0 -1 0
    outer loop
      vertex -43 10.375 15.3
      vertex -41 10.375 16
      vertex -43 10.375 16
    endloop
  endfacet
  facet normal 0 1 0
    outer loop
      vertex -41 11.625 15.3
      vertex -43 11.625 16
      vertex -41 11.625 16
    endloop
  endfacet
  facet normal 1 0 0
    outer loop
      vertex -41 11.625 15.3
      vertex -41 11.625 16
      vertex -41 10.375 16
    endloop
  endfacet
  facet normal 0 -1 0
    outer loop
      vertex -43 4.375 15.3
      vertex -41 4.375 15.3
      vertex -41 4.375 16
    endloop
  endfacet
  facet normal 0 -1 0
    outer loop
      vertex -43 4.375 15.3
      vertex -41 4.375 16
      vertex -43 4.375 16
    endloop
  endfacet
  facet normal 0 0 -1
    outer loop
      vertex -43 4.375 15.3
      vertex -43 5.625 15.3
      vertex -41 5.625 15.3
    endloop
  endfacet
  facet normal 0 0 -1
    outer loop
      vertex -43 4.375 15.3
      vertex -41 5.625 15.3
      vertex -41 4.375 15.3
    endloop
  endfacet
  facet normal -1 0 0
    outer loop
      vertex -43 4.375 15.3
      vertex -43 5.625 16
      vertex -43 5.625 15.3
    endloop
  endfacet
  facet normal 0 1 0
    outer loop
      vertex -43 5.625 15.3
      vertex -43 5.625 16
      vertex -41 5.625 15.3
    endloop
  endfacet
  facet normal 1 0 0
    outer loop
      vertex -41 4.375 15.3
      vertex -41 5.625 15.3
      vertex -41 4.375 16
    endloop
  endfacet
  facet normal -1 0 0
    outer loop
      vertex -43 4.375 15.3
      vertex -43 4.375 16
      vertex -43 5.625 16
    endloop
  endfacet
  facet normal 0 1 0
    outer loop
      vertex -41 5.625 15.3
      vertex -43 5.625 16
      vertex -41 5.625 16
    endloop
  endfacet
  facet normal 1 0 0
    outer loop
      vertex -41 5.625 15.3
      vertex -41 5.625 16
      vertex -41 4.375 16
    endloop
  endfacet
  facet normal 0 0 -1
    outer loop
      vertex 10 -3 15.6
      vertex 10.5 -2 15.6
      vertex 10.5 -3 15.6
    endloop
  endfacet
  facet normal 0 -1 0
    outer loop
      vertex 10 -3 15.6
      vertex 10.5 -3 15.6
      vertex 10.5 -3 16
    endloop
  endfacet
  facet normal 1 0 0
    outer loop
      vertex 10.5 -3 15.6
      vertex 10.5 -2 15.6
      vertex 10.5 -3 16
    endloop
  endfacet
  facet normal 0 -1 0
    outer loop
      vertex 10 -3 15.6
      vertex 10.5 -3 16
      vertex 10 -3 16
    endloop
  endfacet
  facet normal -1 0 0
    outer loop
      vertex 10 -3 15.6
      vertex 10 -3 16
      vertex 10 -2 16
    endloop
  endfacet
  facet normal 0 0 -1
    outer loop
      vertex 10 -3 15.6
      vertex 10 -2 15.6
      vertex 10.5 -2 15.6
    endloop
  endfacet
  facet normal -1 0 0
    outer loop
      vertex 10 -3 15.6
      vertex 10 -2 16
      vertex 10 -2 15.6
    endloop
  endfacet
  facet normal 0 1 0
    outer loop
      vertex 10 -2 15.6
      vertex 10 -2 16
      vertex 10.5 -2 15.6
    endloop
  endfacet
  facet normal 1 0 0
    outer loop
      vertex 10.5 -2 15.6
      vertex 10.5 -2 16
      vertex 10.5 -3 16
    endloop
  endfacet
  facet normal 0 1 0
    outer loop
      vertex 10.5 -2 15.6
      vertex 10 -2 16
      vertex 10.5 -2 16
    endloop
  endfacet
  facet normal 0 0 -1
    outer loop
      vertex 11.4 -1.5 15.6
      vertex 11.9 -0.5 15.6
      vertex 11.9 -1.5 15.6
    endloop
  endfacet
  facet normal 0 0 -1
    outer loop
      vertex 11.4 -1.5 15.6
      vertex 11.4 -0.5 15.6
      vertex 11.9 -0.5 15.6
    endloop
  endfacet
  facet normal 0 -1 0
    outer loop
      vertex 11.4 -1.5 15.6
      vertex 11.9 -1.5 15.6
      vertex 11.9 -1.5 16
    endloop
  endfacet
  facet normal 0 -1 0
    outer loop
      vertex 11.4 -1.5 15.6
      vertex 11.9 -1.5 16
      vertex 11.4 -1.5 16
    endloop
  endfacet
  facet normal -1 0 0
    outer loop
      vertex 11.4 -1.5 15.6
      vertex 11.4 -0.5 16
      vertex 11.4 -0.5 15.6
    endloop
  endfacet
  facet normal 1 0 0
    outer loop
      vertex 11.9 -1.5 15.6
      vertex 11.9 -0.5 15.6
      vertex 11.9 -1.5 16
    endloop
  endfacet
  facet normal 0 1 0
    outer loop
      vertex 11.4 -0.5 15.6
      vertex 11.4 -0.5 16
      vertex 11.9 -0.5 15.6
    endloop
  endfacet
  facet normal -1 0 0
    outer loop
      vertex 11.4 -1.5 15.6
      vertex 11.4 -1.5 16
      vertex 11.4 -0.5 16
    endloop
  endfacet
  facet normal 1 0 0
    outer loop
      vertex 11.9 -0.5 15.6
      vertex 11.9 -0.5 16
      vertex 11.9 -1.5 16
    endloop
  endfacet
  facet normal 0 1 0
    outer loop
      vertex 11.9 -0.5 15.6
      vertex 11.4 -0.5 16
      vertex 11.9 -0.5 16
    endloop
  endfacet
  facet normal 0 0 -1
    outer loop
      vertex 4.875 -11.8 15.3
      vertex 6.125 -9.8 15.3
      vertex 6.125 -11.8 15.3
    endloop
  endfacet
  facet normal 0 0 -1
    outer loop
      vertex 4.875 -11.8 15.3
      vertex 4.875 -9.8 15.3
      vertex 6.125 -9.8 15.3
    endloop
  endfacet
  facet normal -1 0 0
    outer loop
      vertex 4.875 -11.8 15.3
      vertex 4.875 -9.8 16
      vertex 4.875 -9.8 15.3
    endloop
  endfacet
  facet normal -1 0 0
    outer loop
      vertex 4.875 -11.8 15.3
      vertex 4.875 -11.8 16
      vertex 4.875 -9.8 16
    endloop
  endfacet
  facet normal 0 -1 0
    outer loop
      vertex 4.875 -11.8 15.3
      vertex 6.125 -11.8 15.3
      vertex 6.125 -11.8 16
    endloop
  endfacet
  facet normal 0 -1 0
    outer loop
      vertex 4.875 -11.8 15.3
      vertex 6.125 -11.8 16
      vertex 4.875 -11.8 16
    endloop
  endfacet
  facet normal 1 0 0
    outer loop
      vertex 6.125 -11.8 15.3
      vertex 6.125 -9.8 15.3
      vertex 6.125 -11.8 16
    endloop
  endfacet
  facet normal 0 1 0
    outer loop
      vertex 4.875 -9.8 15.3
      vertex 4.875 -9.8 16
      vertex 6.125 -9.8 15.3
    endloop
  endfacet
  facet normal 1 0 0
    outer loop
      vertex 6.125 -9.8 15.3
      vertex 6.125 -9.8 16
      vertex 6.125 -11.8 16
    endloop
  endfacet
  facet normal 0 1 0
    outer loop
      vertex 6.125 -9.8 15.3
      vertex 4.875 -9.8 16
      vertex 6.125 -9.8 16
    endloop
  endfacet
  facet normal 0 0 -1
    outer loop
      vertex 37 -26.525 15.3
      vertex 39 -25.275 15.3
      vertex 39 -26.525 15.3
    endloop
  endfacet
  facet normal 0 0 -1
    outer loop
      vertex 37 -26.525 15.3
      vertex 37 -25.275 15.3
      vertex 39 -25.275 15.3
    endloop
  endfacet
  facet normal 0 -1 0
    outer loop
      vertex 37 -26.525 15.3
      vertex 39 -26.525 15.3
      vertex 39 -26.525 16
    endloop
  endfacet
  facet normal 1 0 0
    outer loop
      vertex 39 -26.525 15.3
      vertex 39 -25.275 15.3
      vertex 39 -26.525 16
    endloop
  endfacet
  facet normal -1 0 0
    outer loop
      vertex 37 -26.525 15.3
      vertex 37 -26.525 16
      vertex 37 -25.275 16
    endloop
  endfacet
  facet normal 0 -1 0
    outer loop
      vertex 37 -26.525 15.3
      vertex 39 -26.525 16
      vertex 37 -26.525 16
    endloop
  endfacet
  facet normal -1 0 0
    outer loop
      vertex 37 -26.525 15.3
      vertex 37 -25.275 16
      vertex 37 -25.275 15.3
    endloop
  endfacet
  facet normal 0 1 0
    outer loop
      vertex 37 -25.275 15.3
      vertex 37 -25.275 16
      vertex 39 -25.275 15.3
    endloop
  endfacet
  facet normal 0 1 0
    outer loop
      vertex 39 -25.275 15.3
      vertex 37 -25.275 16
      vertex 39 -25.275 16
    endloop
  endfacet
  facet normal 1 0 0
    outer loop
      vertex 39 -25.275 15.3
      vertex 39 -25.275 16
      vertex 39 -26.525 16
    endloop
  endfacet
  facet normal 0 0 -1
    outer loop
      vertex 40.35 -26.525 15.3
      vertex 42.35 -25.275 15.3
      vertex 42.35 -26.525 15.3
    endloop
  endfacet
  facet normal 0 0 -1
    outer loop
      vertex 40.35 -26.525 15.3
      vertex 40.35 -25.275 15.3
      vertex 42.35 -25.275 15.3
    endloop
  endfacet
  facet normal 0 -1 0
    outer loop
      vertex 40.35 -26.525 15.3
      vertex 42.35 -26.525 15.3
      vertex 42.35 -26.525 16
    endloop
  endfacet
  facet normal 1 0 0
    outer loop
      vertex 42.35 -26.525 15.3
      vertex 42.35 -25.275 15.3
      vertex 42.35 -26.525 16
    endloop
  endfacet
  facet normal 0 -1 0
    outer loop
      vertex 40.35 -26.525 15.3
      vertex 42.35 -26.525 16
      vertex 40.35 -26.525 16
    endloop
  endfacet
  facet normal -1 0 0
    outer loop
      vertex 40.35 -26.525 15.3
      vertex 40.35 -26.525 16
      vertex 40.35 -25.275 16
    endloop
  endfacet
  facet normal -1 0 0
    outer loop
      vertex 40.35 -26.525 15.3
      vertex 40.35 -25.275 16
      vertex 40.35 -25.275 15.3
    endloop
  endfacet
  facet normal 0 1 0
    outer loop
      vertex 40.35 -25.275 15.3
      vertex 40.35 -25.275 16
      vertex 42.35 -25.275 15.3
    endloop
  endfacet
  facet normal 0 1 0
    outer loop
      vertex 42.35 -25.275 15.3
      vertex 40.35 -25.275 16
      vertex 42.35 -25.275 16
    endloop
  endfacet
  facet normal 1 0 0
    outer loop
      vertex 42.35 -25.275 15.3
      vertex 42.35 -25.275 16
      vertex 42.35 -26.525 16
    endloop
  endfacet
  facet normal 0 -1 0
    outer loop
      vertex 40.900000000000006 -9.6 15.4
      vertex 42.5 -9.6 15.4
      vertex 42.5 -9.6 16
    endloop
  endfacet
  facet normal 0 -1 0
    outer loop
      vertex 40.900000000000006 -9.6 15.4
      vertex 42.5 -9.6 16
      vertex 40.900000000000006 -9.6 16
    endloop
  endfacet
  facet normal 0 0 -1
    outer loop
      vertex 40.900000000000006 -9.6 15.4
      vertex 42.5 -6.4 15.4
      vertex 42.5 -9.6 15.4
    endloop
  endfacet
  facet normal 0 0 -1
    outer loop
      vertex 40.900000000000006 -9.6 15.4
      vertex 40.900000000000006 -6.4 15.4
      vertex 42.5 -6.4 15.4
    endloop
  endfacet
  facet normal -1 0 0
    outer loop
      vertex 40.900000000000006 -9.6 15.4
      vertex 40.900000000000006 -6.4 16
      vertex 40.900000000000006 -6.4 15.4
    endloop
  endfacet
  facet normal 1 0 0
    outer loop
      vertex 42.5 -9.6 15.4
      vertex 42.5 -6.4 15.4
      vertex 42.5 -9.6 16
    endloop
  endfacet
  facet normal -1 0 0
    outer loop
      vertex 40.900000000000006 -9.6 15.4
      vertex 40.900000000000006 -9.6 16
      vertex 40.900000000000006 -6.4 16
    endloop
  endfacet
  facet normal 1 0 0
    outer loop
      vertex 42.5 -6.4 15.4
      vertex 42.5 -6.4 16
      vertex 42.5 -9.6 16
    endloop
  endfacet
  facet normal 0 1 0
    outer loop
      vertex 40.900000000000006 -6.4 15.4
      vertex 40.900000000000006 -6.4 16
      vertex 42.5 -6.4 15.4
    endloop
  endfacet
  facet normal 0 1 0
    outer loop
      vertex 42.5 -6.4 15.4
      vertex 40.900000000000006 -6.4 16
      vertex 42.5 -6.4 16
    endloop
  endfacet
  facet normal 0 0 -1
    outer loop
      vertex 13.375 14.2 15.3
      vertex 14.625 16.2 15.3
      vertex 14.625 14.2 15.3
    endloop
  endfacet
  facet normal 0 0 -1
    outer loop
      vertex 13.375 14.2 15.3
      vertex 13.375 16.2 15.3
      vertex 14.625 16.2 15.3
    endloop
  endfacet
  facet normal 0 -1 0
    outer loop
      vertex 13.375 14.2 15.3
      vertex 14.625 14.2 15.3
      vertex 14.625 14.2 16
    endloop
  endfacet
  facet normal 1 0 0
    outer loop
      vertex 14.625 14.2 15.3
      vertex 14.625 16.2 15.3
      vertex 14.625 14.2 16
    endloop
  endfacet
  facet normal -1 0 0
    outer loop
      vertex 13.375 14.2 15.3
      vertex 13.375 16.2 16
      vertex 13.375 16.2 15.3
    endloop
  endfacet
  facet normal 0 1 0
    outer loop
      vertex 13.375 16.2 15.3
      vertex 13.375 16.2 16
      vertex 14.625 16.2 15.3
    endloop
  endfacet
  facet normal -1 0 0
    outer loop
      vertex 13.375 14.2 15.3
      vertex 13.375 14.2 16
      vertex 13.375 16.2 16
    endloop
  endfacet
  facet normal 0 -1 0
    outer loop
      vertex 13.375 14.2 15.3
      vertex 14.625 14.2 16
      vertex 13.375 14.2 16
    endloop
  endfacet
  facet normal 1 0 0
    outer loop
      vertex 14.625 16.2 15.3
      vertex 14.625 16.2 16
      vertex 14.625 14.2 16
    endloop
  endfacet
  facet normal 0 1 0
    outer loop
      vertex 14.625 16.2 15.3
      vertex 13.375 16.2 16
      vertex 14.625 16.2 16
    endloop
  endfacet
  facet normal 0 0 -1
    outer loop
      vertex 35.3 -3.125 15.3
      vertex 37.3 -1.875 15.3
      vertex 37.3 -3.125 15.3
    endloop
  endfacet
  facet normal 0 0 -1
    outer loop
      vertex 35.3 -3.125 15.3
      vertex 35.3 -1.875 15.3
      vertex 37.3 -1.875 15.3
    endloop
  endfacet
  facet normal 0 -1 0
    outer loop
      vertex 35.3 -3.125 15.3
      vertex 37.3 -3.125 15.3
      vertex 37.3 -3.125 16
    endloop
  endfacet
  facet normal 1 0 0
    outer loop
      vertex 37.3 -3.125 15.3
      vertex 37.3 -1.875 15.3
      vertex 37.3 -3.125 16
    endloop
  endfacet
  facet normal 0 -1 0
    outer loop
      vertex 35.3 -3.125 15.3
      vertex 37.3 -3.125 16
      vertex 35.3 -3.125 16
    endloop
  endfacet
  facet normal -1 0 0
    outer loop
      vertex 35.3 -3.125 15.3
      vertex 35.3 -3.125 16
      vertex 35.3 -1.875 16
    endloop
  endfacet
  facet normal -1 0 0
    outer loop
      vertex 35.3 -3.125 15.3
      vertex 35.3 -1.875 16
      vertex 35.3 -1.875 15.3
    endloop
  endfacet
  facet normal 0 1 0
    outer loop
      vertex 35.3 -1.875 15.3
      vertex 35.3 -1.875 16
      vertex 37.3 -1.875 15.3
    endloop
  endfacet
  facet normal 0 1 0
    outer loop
      vertex 37.3 -1.875 15.3
      vertex 35.3 -1.875 16
      vertex 37.3 -1.875 16
    endloop
  endfacet
  facet normal 1 0 0
    outer loop
      vertex 37.3 -1.875 15.3
      vertex 37.3 -1.875 16
      vertex 37.3 -3.125 16
    endloop
  endfacet
  facet normal 0 0 -1
    outer loop
      vertex 35.3 -5.125 15.3
      vertex 37.3 -3.875 15.3
      vertex 37.3 -5.125 15.3
    endloop
  endfacet
  facet normal 0 -1 0
    outer loop
      vertex 35.3 -5.125 15.3
      vertex 37.3 -5.125 15.3
      vertex 37.3 -5.125 16
    endloop
  endfacet
  facet normal 1 0 0
    outer loop
      vertex 37.3 -5.125 15.3
      vertex 37.3 -3.875 15.3
      vertex 37.3 -5.125 16
    endloop
  endfacet
  facet normal -1 0 0
    outer loop
      vertex 35.3 -5.125 15.3
      vertex 35.3 -5.125 16
      vertex 35.3 -3.875 16
    endloop
  endfacet
  facet normal 0 -1 0
    outer loop
      vertex 35.3 -5.125 15.3
      vertex 37.3 -5.125 16
      vertex 35.3 -5.125 16
    endloop
  endfacet
  facet normal 0 0 -1
    outer loop
      vertex 35.3 -5.125 15.3
      vertex 35.3 -3.875 15.3
      vertex 37.3 -3.875 15.3
    endloop
  endfacet
  facet normal -1 0 0
    outer loop
      vertex 35.3 -5.125 15.3
      vertex 35.3 -3.875 16
      vertex 35.3 -3.875 15.3
    endloop
  endfacet
  facet normal 0 1 0
    outer loop
      vertex 35.3 -3.875 15.3
      vertex 35.3 -3.875 16
      vertex 37.3 -3.875 15.3
    endloop
  endfacet
  facet normal 1 0 0
    outer loop
      vertex 37.3 -3.875 15.3
      vertex 37.3 -3.875 16
      vertex 37.3 -5.125 16
    endloop
  endfacet
  facet normal 0 1 0
    outer loop
      vertex 37.3 -3.875 15.3
      vertex 35.3 -3.875 16
      vertex 37.3 -3.875 16
    endloop
  endfacet
  facet normal 0 -1 0
    outer loop
      vertex 5.1 -19.025 15.3
      vertex 7.1 -19.025 15.3
      vertex 7.1 -19.025 16
    endloop
  endfacet
  facet normal 0 -1 0
    outer loop
      vertex 5.1 -19.025 15.3
      vertex 7.1 -19.025 16
      vertex 5.1 -19.025 16
    endloop
  endfacet
  facet normal 0 0 -1
    outer loop
      vertex 5.1 -19.025 15.3
      vertex 5.1 -17.775 15.3
      vertex 7.1 -17.775 15.3
    endloop
  endfacet
  facet normal 0 0 -1
    outer loop
      vertex 5.1 -19.025 15.3
      vertex 7.1 -17.775 15.3
      vertex 7.1 -19.025 15.3
    endloop
  endfacet
  facet normal -1 0 0
    outer loop
      vertex 5.1 -19.025 15.3
      vertex 5.1 -17.775 16
      vertex 5.1 -17.775 15.3
    endloop
  endfacet
  facet normal 0 1 0
    outer loop
      vertex 5.1 -17.775 15.3
      vertex 5.1 -17.775 16
      vertex 7.1 -17.775 15.3
    endloop
  endfacet
  facet normal 1 0 0
    outer loop
      vertex 7.1 -19.025 15.3
      vertex 7.1 -17.775 15.3
      vertex 7.1 -19.025 16
    endloop
  endfacet
  facet normal -1 0 0
    outer loop
      vertex 5.1 -19.025 15.3
      vertex 5.1 -19.025 16
      vertex 5.1 -17.775 16
    endloop
  endfacet
  facet normal 1 0 0
    outer loop
      vertex 7.1 -17.775 15.3
      vertex 7.1 -17.775 16
      vertex 7.1 -19.025 16
    endloop
  endfacet
  facet normal 0 1 0
    outer loop
      vertex 7.1 -17.775 15.3
      vertex 5.1 -17.775 16
      vertex 7.1 -17.775 16
    endloop
  endfacet
  facet normal 0 0 -1
    outer loop
      vertex -38 -9.125 15.3
      vertex -38 -7.875 15.3
      vertex -36 -7.875 15.3
    endloop
  endfacet
  facet normal 0 0 -1
    outer loop
      vertex -38 -9.125 15.3
      vertex -36 -7.875 15.3
      vertex -36 -9.125 15.3
    endloop
  endfacet
  facet normal -1 0 0
    outer loop
      vertex -38 -9.125 15.3
      vertex -38 -7.875 16
      vertex -38 -7.875 15.3
    endloop
  endfacet
  facet normal 0 -1 0
    outer loop
      vertex -38 -9.125 15.3
      vertex -36 -9.125 15.3
      vertex -36 -9.125 16
    endloop
  endfacet
  facet normal 1 0 0
    outer loop
      vertex -36 -9.125 15.3
      vertex -36 -7.875 15.3
      vertex -36 -9.125 16
    endloop
  endfacet
  facet normal 0 1 0
    outer loop
      vertex -38 -7.875 15.3
      vertex -38 -7.875 16
      vertex -36 -7.875 15.3
    endloop
  endfacet
  facet normal -1 0 0
    outer loop
      vertex -38 -9.125 15.3
      vertex -38 -9.125 16
      vertex -38 -7.875 16
    endloop
  endfacet
  facet normal 0 -1 0
    outer loop
      vertex -38 -9.125 15.3
      vertex -36 -9.125 16
      vertex -38 -9.125 16
    endloop
  endfacet
  facet normal 1 0 0
    outer loop
      vertex -36 -7.875 15.3
      vertex -36 -7.875 16
      vertex -36 -9.125 16
    endloop
  endfacet
  facet normal 0 1 0
    outer loop
      vertex -36 -7.875 15.3
      vertex -38 -7.875 16
      vertex -36 -7.875 16
    endloop
  endfacet
  facet normal 0 0 -1
    outer loop
      vertex -33 -9.125 15.3
      vertex -33 -7.875 15.3
      vertex -31 -7.875 15.3
    endloop
  endfacet
  facet normal 0 0 -1
    outer loop
      vertex -33 -9.125 15.3
      vertex -31 -7.875 15.3
      vertex -31 -9.125 15.3
    endloop
  endfacet
  facet normal -1 0 0
    outer loop
      vertex -33 -9.125 15.3
      vertex -33 -7.875 16
      vertex -33 -7.875 15.3
    endloop
  endfacet
  facet normal 0 -1 0
    outer loop
      vertex -33 -9.125 15.3
      vertex -31 -9.125 15.3
      vertex -31 -9.125 16
    endloop
  endfacet
  facet normal 1 0 0
    outer loop
      vertex -31 -9.125 15.3
      vertex -31 -7.875 15.3
      vertex -31 -9.125 16
    endloop
  endfacet
  facet normal 0 1 0
    outer loop
      vertex -33 -7.875 15.3
      vertex -33 -7.875 16
      vertex -31 -7.875 15.3
    endloop
  endfacet
  facet normal -1 0 0
    outer loop
      vertex -33 -9.125 15.3
      vertex -33 -9.125 16
      vertex -33 -7.875 16
    endloop
  endfacet
  facet normal 0 -1 0
    outer loop
      vertex -33 -9.125 15.3
      vertex -31 -9.125 16
      vertex -33 -9.125 16
    endloop
  endfacet
  facet normal 1 0 0
    outer loop
      vertex -31 -7.875 15.3
      vertex -31 -7.875 16
      vertex -31 -9.125 16
    endloop
  endfacet
  facet normal 0 1 0
    outer loop
      vertex -31 -7.875 15.3
      vertex -33 -7.875 16
      vertex -31 -7.875 16
    endloop
  endfacet
  facet normal 0 0 -1
    outer loop
      vertex -28 -9.125 15.3
      vertex -28 -7.875 15.3
      vertex -26 -7.875 15.3
    endloop
  endfacet
  facet normal 0 0 -1
    outer loop
      vertex -28 -9.125 15.3
      vertex -26 -7.875 15.3
      vertex -26 -9.125 15.3
    endloop
  endfacet
  facet normal -1 0 0
    outer loop
      vertex -28 -9.125 15.3
      vertex -28 -7.875 16
      vertex -28 -7.875 15.3
    endloop
  endfacet
  facet normal 0 -1 0
    outer loop
      vertex -28 -9.125 15.3
      vertex -26 -9.125 15.3
      vertex -26 -9.125 16
    endloop
  endfacet
  facet normal 1 0 0
    outer loop
      vertex -26 -9.125 15.3
      vertex -26 -7.875 15.3
      vertex -26 -9.125 16
    endloop
  endfacet
  facet normal 0 1 0
    outer loop
      vertex -28 -7.875 15.3
      vertex -28 -7.875 16
      vertex -26 -7.875 15.3
    endloop
  endfacet
  facet normal -1 0 0
    outer loop
      vertex -28 -9.125 15.3
      vertex -28 -9.125 16
      vertex -28 -7.875 16
    endloop
  endfacet
  facet normal 0 -1 0
    outer loop
      vertex -28 -9.125 15.3
      vertex -26 -9.125 16
      vertex -28 -9.125 16
    endloop
  endfacet
  facet normal 1 0 0
    outer loop
      vertex -26 -7.875 15.3
      vertex -26 -7.875 16
      vertex -26 -9.125 16
    endloop
  endfacet
  facet normal 0 1 0
    outer loop
      vertex -26 -7.875 15.3
      vertex -28 -7.875 16
      vertex -26 -7.875 16
    endloop
  endfacet
  facet normal 0 0 -1
    outer loop
      vertex -23 -9.125 15.3
      vertex -23 -7.875 15.3
      vertex -21 -7.875 15.3
    endloop
  endfacet
  facet normal 0 0 -1
    outer loop
      vertex -23 -9.125 15.3
      vertex -21 -7.875 15.3
      vertex -21 -9.125 15.3
    endloop
  endfacet
  facet normal -1 0 0
    outer loop
      vertex -23 -9.125 15.3
      vertex -23 -7.875 16
      vertex -23 -7.875 15.3
    endloop
  endfacet
  facet normal 0 -1 0
    outer loop
      vertex -23 -9.125 15.3
      vertex -21 -9.125 15.3
      vertex -21 -9.125 16
    endloop
  endfacet
  facet normal 1 0 0
    outer loop
      vertex -21 -9.125 15.3
      vertex -21 -7.875 15.3
      vertex -21 -9.125 16
    endloop
  endfacet
  facet normal 0 1 0
    outer loop
      vertex -23 -7.875 15.3
      vertex -23 -7.875 16
      vertex -21 -7.875 15.3
    endloop
  endfacet
  facet normal -1 0 0
    outer loop
      vertex -23 -9.125 15.3
      vertex -23 -9.125 16
      vertex -23 -7.875 16
    endloop
  endfacet
  facet normal 0 -1 0
    outer loop
      vertex -23 -9.125 15.3
      vertex -21 -9.125 16
      vertex -23 -9.125 16
    endloop
  endfacet
  facet normal 1 0 0
    outer loop
      vertex -21 -7.875 15.3
      vertex -21 -7.875 16
      vertex -21 -9.125 16
    endloop
  endfacet
  facet normal 0 1 0
    outer loop
      vertex -21 -7.875 15.3
      vertex -23 -7.875 16
      vertex -21 -7.875 16
    endloop
  endfacet
  facet normal 0 0 -1
    outer loop
      vertex -18 -9.125 15.3
      vertex -18 -7.875 15.3
      vertex -16 -7.875 15.3
    endloop
  endfacet
  facet normal 0 0 -1
    outer loop
      vertex -18 -9.125 15.3
      vertex -16 -7.875 15.3
      vertex -16 -9.125 15.3
    endloop
  endfacet
  facet normal -1 0 0
    outer loop
      vertex -18 -9.125 15.3
      vertex -18 -7.875 16
      vertex -18 -7.875 15.3
    endloop
  endfacet
  facet normal 0 -1 0
    outer loop
      vertex -18 -9.125 15.3
      vertex -16 -9.125 15.3
      vertex -16 -9.125 16
    endloop
  endfacet
  facet normal 1 0 0
    outer loop
      vertex -16 -9.125 15.3
      vertex -16 -7.875 15.3
      vertex -16 -9.125 16
    endloop
  endfacet
  facet normal 0 1 0
    outer loop
      vertex -18 -7.875 15.3
      vertex -18 -7.875 16
      vertex -16 -7.875 15.3
    endloop
  endfacet
  facet normal -1 0 0
    outer loop
      vertex -18 -9.125 15.3
      vertex -18 -9.125 16
      vertex -18 -7.875 16
    endloop
  endfacet
  facet normal 0 -1 0
    outer loop
      vertex -18 -9.125 15.3
      vertex -16 -9.125 16
      vertex -18 -9.125 16
    endloop
  endfacet
  facet normal 1 0 0
    outer loop
      vertex -16 -7.875 15.3
      vertex -16 -7.875 16
      vertex -16 -9.125 16
    endloop
  endfacet
  facet normal 0 1 0
    outer loop
      vertex -16 -7.875 15.3
      vertex -18 -7.875 16
      vertex -16 -7.875 16
    endloop
  endfacet
  facet normal 0 0 -1
    outer loop
      vertex -13 -9.125 15.3
      vertex -13 -7.875 15.3
      vertex -11 -7.875 15.3
    endloop
  endfacet
  facet normal 0 0 -1
    outer loop
      vertex -13 -9.125 15.3
      vertex -11 -7.875 15.3
      vertex -11 -9.125 15.3
    endloop
  endfacet
  facet normal -1 0 0
    outer loop
      vertex -13 -9.125 15.3
      vertex -13 -7.875 16
      vertex -13 -7.875 15.3
    endloop
  endfacet
  facet normal 0 -1 0
    outer loop
      vertex -13 -9.125 15.3
      vertex -11 -9.125 15.3
      vertex -11 -9.125 16
    endloop
  endfacet
  facet normal 1 0 0
    outer loop
      vertex -11 -9.125 15.3
      vertex -11 -7.875 15.3
      vertex -11 -9.125 16
    endloop
  endfacet
  facet normal 0 1 0
    outer loop
      vertex -13 -7.875 15.3
      vertex -13 -7.875 16
      vertex -11 -7.875 15.3
    endloop
  endfacet
  facet normal -1 0 0
    outer loop
      vertex -13 -9.125 15.3
      vertex -13 -9.125 16
      vertex -13 -7.875 16
    endloop
  endfacet
  facet normal 0 -1 0
    outer loop
      vertex -13 -9.125 15.3
      vertex -11 -9.125 16
      vertex -13 -9.125 16
    endloop
  endfacet
  facet normal 1 0 0
    outer loop
      vertex -11 -7.875 15.3
      vertex -11 -7.875 16
      vertex -11 -9.125 16
    endloop
  endfacet
  facet normal 0 1 0
    outer loop
      vertex -11 -7.875 15.3
      vertex -13 -7.875 16
      vertex -11 -7.875 16
    endloop
  endfacet
  facet normal 0 0 -1
    outer loop
      vertex -67.55 29.45 14.5
      vertex -62.45 34.55 14.5
      vertex -62.45 29.45 14.5
    endloop
  endfacet
  facet normal 0 0 -1
    outer loop
      vertex -67.55 29.45 14.5
      vertex -67.55 34.55 14.5
      vertex -62.45 34.55 14.5
    endloop
  endfacet
  facet normal 0 -1 0
    outer loop
      vertex -67.55 29.45 14.5
      vertex -62.45 29.45 14.5
      vertex -62.45 29.45 16
    endloop
  endfacet
  facet normal 1 0 0
    outer loop
      vertex -62.45 29.45 14.5
      vertex -62.45 34.55 14.5
      vertex -62.45 29.45 16
    endloop
  endfacet
  facet normal 0 -1 0
    outer loop
      vertex -67.55 29.45 14.5
      vertex -62.45 29.45 16
      vertex -67.55 29.45 16
    endloop
  endfacet
  facet normal -1 0 0
    outer loop
      vertex -67.55 29.45 14.5
      vertex -67.55 29.45 16
      vertex -67.55 34.55 16
    endloop
  endfacet
  facet normal -1 0 0
    outer loop
      vertex -67.55 29.45 14.5
      vertex -67.55 34.55 16
      vertex -67.55 34.55 14.5
    endloop
  endfacet
  facet normal 0 1 0
    outer loop
      vertex -67.55 34.55 14.5
      vertex -67.55 34.55 16
      vertex -62.45 34.55 14.5
    endloop
  endfacet
  facet normal 0 1 0
    outer loop
      vertex -62.45 34.55 14.5
      vertex -67.55 34.55 16
      vertex -62.45 34.55 16
    endloop
  endfacet
  facet normal 1 0 0
    outer loop
      vertex -62.45 34.55 14.5
      vertex -62.45 34.55 16
      vertex -62.45 29.45 16
    endloop
  endfacet
  facet normal 0 0 -1
    outer loop
      vertex 62.45 29.45 14.5
      vertex 67.55 34.55 14.5
      vertex 67.55 29.45 14.5
    endloop
  endfacet
  facet normal 0 0 -1
    outer loop
      vertex 62.45 29.45 14.5
      vertex 62.45 34.55 14.5
      vertex 67.55 34.55 14.5
    endloop
  endfacet
  facet normal 0 -1 0
    outer loop
      vertex 62.45 29.45 14.5
      vertex 67.55 29.45 14.5
      vertex 67.55 29.45 16
    endloop
  endfacet
  facet normal 1 0 0
    outer loop
      vertex 67.55 29.45 14.5
      vertex 67.55 34.55 14.5
      vertex 67.55 29.45 16
    endloop
  endfacet
  facet normal 0 -1 0
    outer loop
      vertex 62.45 29.45 14.5
      vertex 67.55 29.45 16
      vertex 62.45 29.45 16
    endloop
  endfacet
  facet normal -1 0 0
    outer loop
      vertex 62.45 29.45 14.5
      vertex 62.45 29.45 16
      vertex 62.45 34.55 16
    endloop
  endfacet
  facet normal 1 0 0
    outer loop
      vertex 67.55 34.55 14.5
      vertex 67.55 31.712419778182205 16
      vertex 67.55 29.45 16
    endloop
  endfacet
  facet normal -1 0 0
    outer loop
      vertex 62.45 29.45 14.5
      vertex 62.45 34.55 16
      vertex 62.45 34.55 14.5
    endloop
  endfacet
  facet normal 0 1 0
    outer loop
      vertex 62.45 34.55 14.5
      vertex 62.45 34.55 16
      vertex 67.55 34.55 14.5
    endloop
  endfacet
  facet normal 0 1 0
    outer loop
      vertex 67.55 34.55 14.5
      vertex 62.45 34.55 16
      vertex 67.55 34.55 16
    endloop
  endfacet
  facet normal 1 0 0
    outer loop
      vertex 67.55 34.55 14.5
      vertex 67.55 34.55 16
      vertex 67.55 31.712419778182205 16
    endloop
  endfacet
  facet normal 0 0 -1
    outer loop
      vertex 22.45 -30.55 14.5
      vertex 27.55 -25.45 14.5
      vertex 27.55 -30.55 14.5
    endloop
  endfacet
  facet normal 0 0 -1
    outer loop
      vertex 22.45 -30.55 14.5
      vertex 22.45 -25.45 14.5
      vertex 27.55 -25.45 14.5
    endloop
  endfacet
  facet normal 0 -1 0
    outer loop
      vertex 22.45 -30.55 14.5
      vertex 27.55 -30.55 14.5
      vertex 27.55 -30.55 16
    endloop
  endfacet
  facet normal 1 0 0
    outer loop
      vertex 27.55 -30.55 14.5
      vertex 27.55 -25.45 14.5
      vertex 27.55 -30.55 16
    endloop
  endfacet
  facet normal 0 -1 0
    outer loop
      vertex 22.45 -30.55 14.5
      vertex 27.55 -30.55 16
      vertex 22.45 -30.55 16
    endloop
  endfacet
  facet normal -1 0 0
    outer loop
      vertex 22.45 -30.55 14.5
      vertex 22.45 -30.55 16
      vertex 22.45 -25.45 16
    endloop
  endfacet
  facet normal -1 0 0
    outer loop
      vertex 22.45 -30.55 14.5
      vertex 22.45 -25.45 16
      vertex 22.45 -25.45 14.5
    endloop
  endfacet
  facet normal 0 1 0
    outer loop
      vertex 22.45 -25.45 14.5
      vertex 22.45 -25.45 16
      vertex 27.55 -25.45 14.5
    endloop
  endfacet
  facet normal 1 0 0
    outer loop
      vertex 27.55 -25.45 14.5
      vertex 27.55 -25.45 16
      vertex 27.55 -30.55 16
    endloop
  endfacet
  facet normal 0 1 0
    outer loop
      vertex 27.55 -25.45 14.5
      vertex 22.45 -25.45 16
      vertex 27.55 -25.45 16
    endloop
  endfacet
  facet normal 0 0 -1
    outer loop
      vertex 12.45 -30.55 14.5
      vertex 17.55 -25.45 14.5
      vertex 17.55 -30.55 14.5
    endloop
  endfacet
  facet normal 0 0 -1
    outer loop
      vertex 12.45 -30.55 14.5
      vertex 12.45 -25.45 14.5
      vertex 17.55 -25.45 14.5
    endloop
  endfacet
  facet normal 0 -1 0
    outer loop
      vertex 12.45 -30.55 14.5
      vertex 17.55 -30.55 14.5
      vertex 17.55 -30.55 16
    endloop
  endfacet
  facet normal 1 0 0
    outer loop
      vertex 17.55 -30.55 14.5
      vertex 17.55 -25.45 14.5
      vertex 17.55 -30.55 16
    endloop
  endfacet
  facet normal 0 -1 0
    outer loop
      vertex 12.45 -30.55 14.5
      vertex 17.55 -30.55 16
      vertex 12.45 -30.55 16
    endloop
  endfacet
  facet normal -1 0 0
    outer loop
      vertex 12.45 -30.55 14.5
      vertex 12.45 -30.55 16
      vertex 12.45 -25.45 16
    endloop
  endfacet
  facet normal -1 0 0
    outer loop
      vertex 12.45 -30.55 14.5
      vertex 12.45 -25.45 16
      vertex 12.45 -25.45 14.5
    endloop
  endfacet
  facet normal 0 1 0
    outer loop
      vertex 12.45 -25.45 14.5
      vertex 12.45 -25.45 16
      vertex 17.55 -25.45 14.5
    endloop
  endfacet
  facet normal 1 0 0
    outer loop
      vertex 17.55 -25.45 14.5
      vertex 17.55 -25.45 16
      vertex 17.55 -30.55 16
    endloop
  endfacet
  facet normal 0 1 0
    outer loop
      vertex 17.55 -25.45 14.5
      vertex 12.45 -25.45 16
      vertex 17.55 -25.45 16
    endloop
  endfacet
  facet normal 0 0 -1
    outer loop
      vertex -44.3 -36.35 14
      vertex -44.3 -32.65 14
      vertex -35.7 -32.65 14
    endloop
  endfacet
  facet normal -1 0 0
    outer loop
      vertex -44.3 -36.35 14
      vertex -44.3 -32.65 16
      vertex -44.3 -32.65 14
    endloop
  endfacet
  facet normal 0 1 0
    outer loop
      vertex -44.3 -32.65 14
      vertex -44.3 -32.65 16
      vertex -35.7 -32.65 14
    endloop
  endfacet
  facet normal 0 0 -1
    outer loop
      vertex -44.3 -36.35 14
      vertex -35.7 -32.65 14
      vertex -35.7 -36.35 14
    endloop
  endfacet
  facet normal 0 -1 0
    outer loop
      vertex -44.3 -36.35 14
      vertex -35.7 -36.35 14
      vertex -35.7 -36.35 16
    endloop
  endfacet
  facet normal 1 0 0
    outer loop
      vertex -35.7 -36.35 14
      vertex -35.7 -32.65 14
      vertex -35.7 -36.35 16
    endloop
  endfacet
  facet normal 0 -1 0
    outer loop
      vertex -44.3 -36.35 14
      vertex -35.7 -36.35 16
      vertex -44.3 -36.35 16
    endloop
  endfacet
  facet normal -1 0 0
    outer loop
      vertex -44.3 -36.35 14
      vertex -44.3 -36.35 16
      vertex -44.3 -32.65 16
    endloop
  endfacet
  facet normal 1 0 0
    outer loop
      vertex -35.7 -32.65 14
      vertex -35.7 -32.65 16
      vertex -35.7 -36.35 16
    endloop
  endfacet
  facet normal 0 1 0
    outer loop
      vertex -35.7 -32.65 14
      vertex -44.3 -32.65 16
      vertex -35.7 -32.65 16
    endloop
  endfacet
  facet normal 0 0 -1
    outer loop
      vertex -12.75 1 12.9
      vertex -12.75 19 12.9
      vertex 12.75 19 12.9
    endloop
  endfacet
  facet normal -1 0 0
    outer loop
      vertex -12.75 1 12.9
      vertex -12.75 19 16
      vertex -12.75 19 12.9
    endloop
  endfacet
  facet normal 0 1 0
    outer loop
      vertex -12.75 19 12.9
      vertex -12.75 19 16
      vertex 12.75 19 12.9
    endloop
  endfacet
  facet normal -1 0 0
    outer loop
      vertex -12.75 1 12.9
      vertex -12.75 1 16
      vertex -12.75 19 16
    endloop
  endfacet
  facet normal 0 -1 0
    outer loop
      vertex -12.75 1 12.9
      vertex 7.338401525142869 1 16
      vertex -12.75 1 16
    endloop
  endfacet
  facet normal 0 0 -1
    outer loop
      vertex -12.75 1 12.9
      vertex 12.75 19 12.9
      vertex 12.75 1 12.9
    endloop
  endfacet
  facet normal 0 -1 0
    outer loop
      vertex -12.75 1 12.9
      vertex 12.75 1 12.9
      vertex 12.75 1 16
    endloop
  endfacet
  facet normal 1 0 0
    outer loop
      vertex 12.75 1 12.9
      vertex 12.75 19 12.9
      vertex 12.75 1 16
    endloop
  endfacet
  facet normal 0 -1 0
    outer loop
      vertex -12.75 1 12.9
      vertex 12.75 1 16
      vertex 7.338401525142869 1 16
    endloop
  endfacet
  facet normal 1 0 0
    outer loop
      vertex 12.75 19 12.9
      vertex 12.75 19 16
      vertex 12.75 1 16
    endloop
  endfacet
  facet normal 0 1 0
    outer loop
      vertex 12.75 19 12.9
      vertex -12.75 19 16
      vertex 12.75 19 16
    endloop
  endfacet
  facet normal 0 0 -1
    outer loop
      vertex 27.5 -7 14.4
      vertex 27.5 -3 14.4
      vertex 32.5 -3 14.4
    endloop
  endfacet
  facet normal 0 0 -1
    outer loop
      vertex 27.5 -7 14.4
      vertex 32.5 -3 14.4
      vertex 32.5 -7 14.4
    endloop
  endfacet
  facet normal 0 -1 0
    outer loop
      vertex 27.5 -7 14.4
      vertex 32.5 -7 16
      vertex 27.5 -7 16
    endloop
  endfacet
  facet normal -1 0 0
    outer loop
      vertex 27.5 -7 14.4
      vertex 27.5 -7 16
      vertex 27.5 -3 16
    endloop
  endfacet
  facet normal -1 0 0
    outer loop
      vertex 27.5 -7 14.4
      vertex 27.5 -3 16
      vertex 27.5 -3 14.4
    endloop
  endfacet
  facet normal 0 1 0
    outer loop
      vertex 27.5 -3 14.4
      vertex 27.5 -3 16
      vertex 32.5 -3 14.4
    endloop
  endfacet
  facet normal 0 -1 0
    outer loop
      vertex 27.5 -7 14.4
      vertex 32.5 -7 14.4
      vertex 32.5 -7 16
    endloop
  endfacet
  facet normal 1 0 0
    outer loop
      vertex 32.5 -7 14.4
      vertex 32.5 -3 14.4
      vertex 32.5 -7 16
    endloop
  endfacet
  facet normal 0 1 0
    outer loop
      vertex 32.5 -3 14.4
      vertex 27.5 -3 16
      vertex 32.5 -3 16
    endloop
  endfacet
  facet normal 1 0 0
    outer loop
      vertex 32.5 -3 14.4
      vertex 32.5 -3 16
      vertex 32.5 -7 16
    endloop
  endfacet
  facet normal 0 0 -1
    outer loop
      vertex 38.349999999999994 -16.8 14.7
      vertex 38.349999999999994 -15.2 14.7
      vertex 41.25 -15.2 14.7
    endloop
  endfacet
  facet normal 0 0 -1
    outer loop
      vertex 38.349999999999994 -16.8 14.7
      vertex 41.25 -15.2 14.7
      vertex 41.25 -16.8 14.7
    endloop
  endfacet
  facet normal -1 0 0
    outer loop
      vertex 38.349999999999994 -16.8 14.7
      vertex 38.349999999999994 -15.2 16
      vertex 38.349999999999994 -15.2 14.7
    endloop
  endfacet
  facet normal 0 1 0
    outer loop
      vertex 38.349999999999994 -15.2 14.7
      vertex 38.349999999999994 -15.2 16
      vertex 41.25 -15.2 14.7
    endloop
  endfacet
  facet normal 0 -1 0
    outer loop
      vertex 38.349999999999994 -16.8 14.7
      vertex 41.25 -16.8 16
      vertex 38.349999999999994 -16.8 16
    endloop
  endfacet
  facet normal -1 0 0
    outer loop
      vertex 38.349999999999994 -16.8 14.7
      vertex 38.349999999999994 -16.8 16
      vertex 38.349999999999994 -15.2 16
    endloop
  endfacet
  facet normal 0 -1 0
    outer loop
      vertex 38.349999999999994 -16.8 14.7
      vertex 41.25 -16.8 14.7
      vertex 41.25 -16.8 16
    endloop
  endfacet
  facet normal 1 0 0
    outer loop
      vertex 41.25 -16.8 14.7
      vertex 41.25 -15.2 14.7
      vertex 41.25 -16.8 16
    endloop
  endfacet
  facet normal 1 0 0
    outer loop
      vertex 41.25 -15.2 14.7
      vertex 41.25 -15.2 16
      vertex 41.25 -16.8 16
    endloop
  endfacet
  facet normal 0 1 0
    outer loop
      vertex 41.25 -15.2 14.7
      vertex 38.349999999999994 -15.2 16
      vertex 41.25 -15.2 16
    endloop
  endfacet
  facet normal 0 0 -1
    outer loop
      vertex 9.5 -23.3 14.7
      vertex 12.399999999999999 -21.7 14.7
      vertex 12.399999999999999 -23.3 14.7
    endloop
  endfacet
  facet normal 0 0 -1
    outer loop
      vertex 9.5 -23.3 14.7
      vertex 9.5 -21.7 14.7
      vertex 12.399999999999999 -21.7 14.7
    endloop
  endfacet
  facet normal -1 0 0
    outer loop
      vertex 9.5 -23.3 14.7
      vertex 9.5 -21.7 16
      vertex 9.5 -21.7 14.7
    endloop
  endfacet
  facet normal -1 0 0
    outer loop
      vertex 9.5 -23.3 14.7
      vertex 9.5 -23.3 16
      vertex 9.5 -21.7 16
    endloop
  endfacet
  facet normal 0 -1 0
    outer loop
      vertex 9.5 -23.3 14.7
      vertex 12.399999999999999 -23.3 14.7
      vertex 12.399999999999999 -23.3 16
    endloop
  endfacet
  facet normal 1 0 0
    outer loop
      vertex 12.399999999999999 -23.3 14.7
      vertex 12.399999999999999 -21.7 14.7
      vertex 12.399999999999999 -23.3 16
    endloop
  endfacet
  facet normal 0 1 0
    outer loop
      vertex 9.5 -21.7 14.7
      vertex 9.5 -21.7 16
      vertex 12.399999999999999 -21.7 14.7
    endloop
  endfacet
  facet normal 0 -1 0
    outer loop
      vertex 9.5 -23.3 14.7
      vertex 12.399999999999999 -23.3 16
      vertex 9.5 -23.3 16
    endloop
  endfacet
  facet normal 0 1 0
    outer loop
      vertex 12.399999999999999 -21.7 14.7
      vertex 9.5 -21.7 16
      vertex 12.399999999999999 -21.7 16
    endloop
  endfacet
  facet normal 1 0 0
    outer loop
      vertex 12.399999999999999 -21.7 14.7
      vertex 12.399999999999999 -21.7 16
      vertex 12.399999999999999 -23.3 16
    endloop
  endfacet
  facet normal 0 0 -1
    outer loop
      vertex -52 3 14.25
      vertex -48 13 14.25
      vertex -48 3 14.25
    endloop
  endfacet
  facet normal 0 0 -1
    outer loop
      vertex -52 3 14.25
      vertex -52 13 14.25
      vertex -48 13 14.25
    endloop
  endfacet
  facet normal 0 -1 0
    outer loop
      vertex -52 3 14.25
      vertex -48 3 16
      vertex -52 3 16
    endloop
  endfacet
  facet normal -1 0 0
    outer loop
      vertex -52 3 14.25
      vertex -52 3 16
      vertex -52 13 16
    endloop
  endfacet
  facet normal 0 -1 0
    outer loop
      vertex -52 3 14.25
      vertex -48 3 14.25
      vertex -48 3 16
    endloop
  endfacet
  facet normal 1 0 0
    outer loop
      vertex -48 3 14.25
      vertex -48 13 14.25
      vertex -48 3 16
    endloop
  endfacet
  facet normal -1 0 0
    outer loop
      vertex -52 3 14.25
      vertex -52 13 16
      vertex -52 13 14.25
    endloop
  endfacet
  facet normal 0 1 0
    outer loop
      vertex -52 13 14.25
      vertex -52 13 16
      vertex -48 13 14.25
    endloop
  endfacet
  facet normal 1 0 0
    outer loop
      vertex -48 13 14.25
      vertex -48 13 16
      vertex -48 3 16
    endloop
  endfacet
  facet normal 0 1 0
    outer loop
      vertex -48 13 14.25
      vertex -52 13 16
      vertex -48 13 16
    endloop
  endfacet
  facet normal 0 0 -1
    outer loop
      vertex 52.75 -37 14.1
      vertex 52.75 -22 14.1
      vertex 67.25 -22 14.1
    endloop
  endfacet
  facet normal -1 0 0
    outer loop
      vertex 52.75 -37 14.1
      vertex 52.75 -22 16
      vertex 52.75 -22 14.1
    endloop
  endfacet
  facet normal 0 1 0
    outer loop
      vertex 52.75 -22 14.1
      vertex 52.75 -22 16
      vertex 67.25 -22 14.1
    endloop
  endfacet
  facet normal 0 -1 0
    outer loop
      vertex 52.75 -37 14.1
      vertex 67.25 -37 14.1
      vertex 67.25 -37 16
    endloop
  endfacet
  facet normal 0 0 -1
    outer loop
      vertex 52.75 -37 14.1
      vertex 67.25 -22 14.1
      vertex 67.25 -37 14.1
    endloop
  endfacet
  facet normal 1 0 0
    outer loop
      vertex 67.25 -37 14.1
      vertex 67.25 -22 14.1
      vertex 67.25 -37 16
    endloop
  endfacet
  facet normal 0 -1 0
    outer loop
      vertex 52.75 -37 14.1
      vertex 67.25 -37 16
      vertex 52.75 -37 16
    endloop
  endfacet
  facet normal -1 0 0
    outer loop
      vertex 52.75 -37 14.1
      vertex 52.75 -37 16
      vertex 52.75 -22 16
    endloop
  endfacet
  facet normal 1 0 0
    outer loop
      vertex 67.25 -22 14.1
      vertex 67.25 -22 16
      vertex 67.25 -37 16
    endloop
  endfacet
  facet normal 0 1 0
    outer loop
      vertex 67.25 -22 14.1
      vertex 52.75 -22 16
      vertex 67.25 -22 16
    endloop
  endfacet
  facet normal -1 0 0
    outer loop
      vertex -56 -29.375 18.4
      vertex -56 -29.375 17.6
      vertex -56 -30.625 17.6
    endloop
  endfacet
  facet normal 0 1 0
    outer loop
      vertex -56 -29.375 18.4
      vertex -54 -29.375 17.6
      vertex -56 -29.375 17.6
    endloop
  endfacet
  facet normal 0 -1 0
    outer loop
      vertex -54 -30.625 18.4
      vertex -56 -30.625 17.6
      vertex -54 -30.625 17.6
    endloop
  endfacet
  facet normal 1 0 0
    outer loop
      vertex -54 -30.625 18.4
      vertex -54 -30.625 17.6
      vertex -54 -29.375 17.6
    endloop
  endfacet
  facet normal 0 -1 0
    outer loop
      vertex -56 -30.625 18.4
      vertex -56 -30.625 17.6
      vertex -54 -30.625 18.4
    endloop
  endfacet
  facet normal -1 0 0
    outer loop
      vertex -56 -30.625 18.4
      vertex -56 -29.375 18.4
      vertex -56 -30.625 17.6
    endloop
  endfacet
  facet normal 0 0 1
    outer loop
      vertex -56 -30.625 18.4
      vertex -54 -30.625 18.4
      vertex -56 -29.375 18.4
    endloop
  endfacet
  facet normal 0 1 0
    outer loop
      vertex -56 -29.375 18.4
      vertex -54 -29.375 18.4
      vertex -54 -29.375 17.6
    endloop
  endfacet
  facet normal 1 0 0
    outer loop
      vertex -54 -30.625 18.4
      vertex -54 -29.375 17.6
      vertex -54 -29.375 18.4
    endloop
  endfacet
  facet normal 0 0 1
    outer loop
      vertex -56 -29.375 18.4
      vertex -54 -30.625 18.4
      vertex -54 -29.375 18.4
    endloop
  endfacet
  facet normal 0 -1 0
    outer loop
      vertex -47 -30.625 18.4
      vertex -49 -30.625 17.6
      vertex -47 -30.625 17.6
    endloop
  endfacet
  facet normal -1 0 0
    outer loop
      vertex -49 -29.375 18.4
      vertex -49 -29.375 17.6
      vertex -49 -30.625 17.6
    endloop
  endfacet
  facet normal 0 1 0
    outer loop
      vertex -49 -29.375 18.4
      vertex -47 -29.375 17.6
      vertex -49 -29.375 17.6
    endloop
  endfacet
  facet normal 1 0 0
    outer loop
      vertex -47 -30.625 18.4
      vertex -47 -30.625 17.6
      vertex -47 -29.375 17.6
    endloop
  endfacet
  facet normal 0 -1 0
    outer loop
      vertex -49 -30.625 18.4
      vertex -49 -30.625 17.6
      vertex -47 -30.625 18.4
    endloop
  endfacet
  facet normal -1 0 0
    outer loop
      vertex -49 -30.625 18.4
      vertex -49 -29.375 18.4
      vertex -49 -30.625 17.6
    endloop
  endfacet
  facet normal 0 1 0
    outer loop
      vertex -49 -29.375 18.4
      vertex -47 -29.375 18.4
      vertex -47 -29.375 17.6
    endloop
  endfacet
  facet normal 1 0 0
    outer loop
      vertex -47 -30.625 18.4
      vertex -47 -29.375 17.6
      vertex -47 -29.375 18.4
    endloop
  endfacet
  facet normal 0 0 1
    outer loop
      vertex -49 -30.625 18.4
      vertex -47 -30.625 18.4
      vertex -49 -29.375 18.4
    endloop
  endfacet
  facet normal 0 0 1
    outer loop
      vertex -47 -30.625 18.4
      vertex -47 -29.375 18.4
      vertex -49 -29.375 18.4
    endloop
  endfacet
  facet normal 0 -1 0
    outer loop
      vertex 55 -21.125 18.4
      vertex 53 -21.125 17.6
      vertex 55 -21.125 17.6
    endloop
  endfacet
  facet normal -1 0 0
    outer loop
      vertex 53 -19.875 18.4
      vertex 53 -19.875 17.6
      vertex 53 -21.125 17.6
    endloop
  endfacet
  facet normal 0 1 0
    outer loop
      vertex 53 -19.875 18.4
      vertex 55 -19.875 17.6
      vertex 53 -19.875 17.6
    endloop
  endfacet
  facet normal 1 0 0
    outer loop
      vertex 55 -21.125 18.4
      vertex 55 -21.125 17.6
      vertex 55 -19.875 17.6
    endloop
  endfacet
  facet normal 0 -1 0
    outer loop
      vertex 53 -21.125 18.4
      vertex 53 -21.125 17.6
      vertex 55 -21.125 18.4
    endloop
  endfacet
  facet normal -1 0 0
    outer loop
      vertex 53 -21.125 18.4
      vertex 53 -19.875 18.4
      vertex 53 -21.125 17.6
    endloop
  endfacet
  facet normal 0 1 0
    outer loop
      vertex 53 -19.875 18.4
      vertex 55 -19.875 18.4
      vertex 55 -19.875 17.6
    endloop
  endfacet
  facet normal 0 0 1
    outer loop
      vertex 53 -21.125 18.4
      vertex 55 -21.125 18.4
      vertex 53 -19.875 18.4
    endloop
  endfacet
  facet normal 0 0 1
    outer loop
      vertex 53 -19.875 18.4
      vertex 55 -21.125 18.4
      vertex 55 -19.875 18.4
    endloop
  endfacet
  facet normal 1 0 0
    outer loop
      vertex 55 -21.125 18.4
      vertex 55 -19.875 17.6
      vertex 55 -19.875 18.4
    endloop
  endfacet
  facet normal -1 0 0
    outer loop
      vertex 59 -19.875 18.4
      vertex 59 -19.875 17.6
      vertex 59 -21.125 17.6
    endloop
  endfacet
  facet normal 0 1 0
    outer loop
      vertex 59 -19.875 18.4
      vertex 61 -19.875 17.6
      vertex 59 -19.875 17.6
    endloop
  endfacet
  facet normal 0 -1 0
    outer loop
      vertex 59 -21.125 18.4
      vertex 59 -21.125 17.6
      vertex 61 -21.125 18.4
    endloop
  endfacet
  facet normal -1 0 0
    outer loop
      vertex 59 -21.125 18.4
      vertex 59 -19.875 18.4
      vertex 59 -21.125 17.6
    endloop
  endfacet
  facet normal 0 0 1
    outer loop
      vertex 59 -21.125 18.4
      vertex 61 -21.125 18.4
      vertex 59 -19.875 18.4
    endloop
  endfacet
  facet normal 0 -1 0
    outer loop
      vertex 61 -21.125 18.4
      vertex 59 -21.125 17.6
      vertex 61 -21.125 17.6
    endloop
  endfacet
  facet normal 1 0 0
    outer loop
      vertex 61 -21.125 18.4
      vertex 61 -21.125 17.6
      vertex 61 -19.875 17.6
    endloop
  endfacet
  facet normal 1 0 0
    outer loop
      vertex 61 -21.125 18.4
      vertex 61 -19.875 17.6
      vertex 61 -19.875 18.4
    endloop
  endfacet
  facet normal 0 1 0
    outer loop
      vertex 59 -19.875 18.4
      vertex 61 -19.875 18.4
      vertex 61 -19.875 17.6
    endloop
  endfacet
  facet normal 0 0 1
    outer loop
      vertex 59 -19.875 18.4
      vertex 61 -21.125 18.4
      vertex 61 -19.875 18.4
    endloop
  endfacet
  facet normal 0 -1 0
    outer loop
      vertex 67 -21.125 18.4
      vertex 65 -21.125 17.6
      vertex 67 -21.125 17.6
    endloop
  endfacet
  facet normal -1 0 0
    outer loop
      vertex 65 -19.875 18.4
      vertex 65 -19.875 17.6
      vertex 65 -21.125 17.6
    endloop
  endfacet
  facet normal 1 0 0
    outer loop
      vertex 67 -21.125 18.4
      vertex 67 -21.125 17.6
      vertex 67 -19.875 17.6
    endloop
  endfacet
  facet normal 0 1 0
    outer loop
      vertex 65 -19.875 18.4
      vertex 67 -19.875 17.6
      vertex 65 -19.875 17.6
    endloop
  endfacet
  facet normal 0 -1 0
    outer loop
      vertex 65 -21.125 18.4
      vertex 65 -21.125 17.6
      vertex 67 -21.125 18.4
    endloop
  endfacet
  facet normal -1 0 0
    outer loop
      vertex 65 -21.125 18.4
      vertex 65 -19.875 18.4
      vertex 65 -21.125 17.6
    endloop
  endfacet
  facet normal 1 0 0
    outer loop
      vertex 67 -21.125 18.4
      vertex 67 -19.875 17.6
      vertex 67 -19.875 18.4
    endloop
  endfacet
  facet normal 0 1 0
    outer loop
      vertex 65 -19.875 18.4
      vertex 67 -19.875 18.4
      vertex 67 -19.875 17.6
    endloop
  endfacet
  facet normal 0 0 1
    outer loop
      vertex 65 -21.125 18.4
      vertex 67 -21.125 18.4
      vertex 65 -19.875 18.4
    endloop
  endfacet
  facet normal 0 0 1
    outer loop
      vertex 65 -19.875 18.4
      vertex 67 -21.125 18.4
      vertex 67 -19.875 18.4
    endloop
  endfacet
  facet normal 0 -1 0
    outer loop
      vertex 73 -21.125 18.4
      vertex 71 -21.125 17.6
      vertex 73 -21.125 17.6
    endloop
  endfacet
  facet normal -1 0 0
    outer loop
      vertex 71 -19.875 18.4
      vertex 71 -19.875 17.6
      vertex 71 -21.125 17.6
    endloop
  endfacet
  facet normal 0 1 0
    outer loop
      vertex 71 -19.875 18.4
      vertex 73 -19.875 17.6
      vertex 71 -19.875 17.6
    endloop
  endfacet
  facet normal 1 0 0
    outer loop
      vertex 73 -21.125 18.4
      vertex 73 -21.125 17.6
      vertex 73 -19.875 17.6
    endloop
  endfacet
  facet normal 0 -1 0
    outer loop
      vertex 71 -21.125 18.4
      vertex 71 -21.125 17.6
      vertex 73 -21.125 18.4
    endloop
  endfacet
  facet normal -1 0 0
    outer loop
      vertex 71 -21.125 18.4
      vertex 71 -19.875 18.4
      vertex 71 -21.125 17.6
    endloop
  endfacet
  facet normal 0 1 0
    outer loop
      vertex 71 -19.875 18.4
      vertex 73 -19.875 18.4
      vertex 73 -19.875 17.6
    endloop
  endfacet
  facet normal 1 0 0
    outer loop
      vertex 73 -21.125 18.4
      vertex 73 -19.875 17.6
      vertex 73 -19.875 18.4
    endloop
  endfacet
  facet normal 0 0 1
    outer loop
      vertex 71 -21.125 18.4
      vertex 73 -21.125 18.4
      vertex 71 -19.875 18.4
    endloop
  endfacet
  facet normal 0 0 1
    outer loop
      vertex 71 -19.875 18.4
      vertex 73 -21.125 18.4
      vertex 73 -19.875 18.4
    endloop
  endfacet
  facet normal 0 -1 0
    outer loop
      vertex 55 -17.125 18.3
      vertex 53 -17.125 17.6
      vertex 55 -17.125 17.6
    endloop
  endfacet
  facet normal -1 0 0
    outer loop
      vertex 53 -15.875 18.3
      vertex 53 -15.875 17.6
      vertex 53 -17.125 17.6
    endloop
  endfacet
  facet normal 0 1 0
    outer loop
      vertex 53 -15.875 18.3
      vertex 55 -15.875 17.6
      vertex 53 -15.875 17.6
    endloop
  endfacet
  facet normal 1 0 0
    outer loop
      vertex 55 -17.125 18.3
      vertex 55 -17.125 17.6
      vertex 55 -15.875 17.6
    endloop
  endfacet
  facet normal 0 -1 0
    outer loop
      vertex 53 -17.125 18.3
      vertex 53 -17.125 17.6
      vertex 55 -17.125 18.3
    endloop
  endfacet
  facet normal -1 0 0
    outer loop
      vertex 53 -17.125 18.3
      vertex 53 -15.875 18.3
      vertex 53 -17.125 17.6
    endloop
  endfacet
  facet normal 0 0 1
    outer loop
      vertex 53 -17.125 18.3
      vertex 55 -17.125 18.3
      vertex 53 -15.875 18.3
    endloop
  endfacet
  facet normal 0 1 0
    outer loop
      vertex 53 -15.875 18.3
      vertex 55 -15.875 18.3
      vertex 55 -15.875 17.6
    endloop
  endfacet
  facet normal 0 0 1
    outer loop
      vertex 55 -17.125 18.3
      vertex 55 -15.875 18.3
      vertex 53 -15.875 18.3
    endloop
  endfacet
  facet normal 1 0 0
    outer loop
      vertex 55 -17.125 18.3
      vertex 55 -15.875 17.6
      vertex 55 -15.875 18.3
    endloop
  endfacet
  facet normal -1 0 0
    outer loop
      vertex 59 -15.875 18.3
      vertex 59 -15.875 17.6
      vertex 59 -17.125 17.6
    endloop
  endfacet
  facet normal 0 1 0
    outer loop
      vertex 59 -15.875 18.3
      vertex 61 -15.875 17.6
      vertex 59 -15.875 17.6
    endloop
  endfacet
  facet normal 0 -1 0
    outer loop
      vertex 59 -17.125 18.3
      vertex 59 -17.125 17.6
      vertex 61 -17.125 18.3
    endloop
  endfacet
  facet normal -1 0 0
    outer loop
      vertex 59 -17.125 18.3
      vertex 59 -15.875 18.3
      vertex 59 -17.125 17.6
    endloop
  endfacet
  facet normal 0 0 1
    outer loop
      vertex 59 -17.125 18.3
      vertex 61 -17.125 18.3
      vertex 59 -15.875 18.3
    endloop
  endfacet
  facet normal 0 -1 0
    outer loop
      vertex 61 -17.125 18.3
      vertex 59 -17.125 17.6
      vertex 61 -17.125 17.6
    endloop
  endfacet
  facet normal 1 0 0
    outer loop
      vertex 61 -17.125 18.3
      vertex 61 -17.125 17.6
      vertex 61 -15.875 17.6
    endloop
  endfacet
  facet normal 0 1 0
    outer loop
      vertex 59 -15.875 18.3
      vertex 61 -15.875 18.3
      vertex 61 -15.875 17.6
    endloop
  endfacet
  facet normal 1 0 0
    outer loop
      vertex 61 -17.125 18.3
      vertex 61 -15.875 17.6
      vertex 61 -15.875 18.3
    endloop
  endfacet
  facet normal 0 0 1
    outer loop
      vertex 59 -15.875 18.3
      vertex 61 -17.125 18.3
      vertex 61 -15.875 18.3
    endloop
  endfacet
  facet normal 0 -1 0
    outer loop
      vertex 67 -17.125 18.3
      vertex 65 -17.125 17.6
      vertex 67 -17.125 17.6
    endloop
  endfacet
  facet normal 1 0 0
    outer loop
      vertex 67 -17.125 18.3
      vertex 67 -17.125 17.6
      vertex 67 -15.875 17.6
    endloop
  endfacet
  facet normal -1 0 0
    outer loop
      vertex 65 -15.875 18.3
      vertex 65 -15.875 17.6
      vertex 65 -17.125 17.6
    endloop
  endfacet
  facet normal 0 1 0
    outer loop
      vertex 65 -15.875 18.3
      vertex 67 -15.875 17.6
      vertex 65 -15.875 17.6
    endloop
  endfacet
  facet normal 0 -1 0
    outer loop
      vertex 65 -17.125 18.3
      vertex 65 -17.125 17.6
      vertex 67 -17.125 18.3
    endloop
  endfacet
  facet normal -1 0 0
    outer loop
      vertex 65 -17.125 18.3
      vertex 65 -15.875 18.3
      vertex 65 -17.125 17.6
    endloop
  endfacet
  facet normal 0 0 1
    outer loop
      vertex 65 -17.125 18.3
      vertex 67 -17.125 18.3
      vertex 65 -15.875 18.3
    endloop
  endfacet
  facet normal 0 1 0
    outer loop
      vertex 65 -15.875 18.3
      vertex 67 -15.875 18.3
      vertex 67 -15.875 17.6
    endloop
  endfacet
  facet normal 1 0 0
    outer loop
      vertex 67 -17.125 18.3
      vertex 67 -15.875 17.6
      vertex 67 -15.875 18.3
    endloop
  endfacet
  facet normal 0 0 1
    outer loop
      vertex 65 -15.875 18.3
      vertex 67 -17.125 18.3
      vertex 67 -15.875 18.3
    endloop
  endfacet
  facet normal 0 -1 0
    outer loop
      vertex 73 -17.125 18.3
      vertex 71 -17.125 17.6
      vertex 73 -17.125 17.6
    endloop
  endfacet
  facet normal 1 0 0
    outer loop
      vertex 73 -17.125 18.3
      vertex 73 -17.125 17.6
      vertex 73 -15.875 17.6
    endloop
  endfacet
  facet normal -1 0 0
    outer loop
      vertex 71 -15.875 18.3
      vertex 71 -15.875 17.6
      vertex 71 -17.125 17.6
    endloop
  endfacet
  facet normal 0 1 0
    outer loop
      vertex 71 -15.875 18.3
      vertex 73 -15.875 17.6
      vertex 71 -15.875 17.6
    endloop
  endfacet
  facet normal -1 0 0
    outer loop
      vertex 71 -17.125 18.3
      vertex 71 -15.875 18.3
      vertex 71 -17.125 17.6
    endloop
  endfacet
  facet normal 0 -1 0
    outer loop
      vertex 71 -17.125 18.3
      vertex 71 -17.125 17.6
      vertex 73 -17.125 18.3
    endloop
  endfacet
  facet normal 0 0 1
    outer loop
      vertex 71 -17.125 18.3
      vertex 73 -17.125 18.3
      vertex 71 -15.875 18.3
    endloop
  endfacet
  facet normal 0 1 0
    outer loop
      vertex 71 -15.875 18.3
      vertex 73 -15.875 18.3
      vertex 73 -15.875 17.6
    endloop
  endfacet
  facet normal 1 0 0
    outer loop
      vertex 73 -17.125 18.3
      vertex 73 -15.875 17.6
      vertex 73 -15.875 18.3
    endloop
  endfacet
  facet normal 0 0 1
    outer loop
      vertex 73 -17.125 18.3
      vertex 73 -15.875 18.3
      vertex 71 -15.875 18.3
    endloop
  endfacet
  facet normal 0 -1 0
    outer loop
      vertex -59.45 11.45 19.1
      vertex -64.55 11.45 17.6
      vertex -59.45 11.45 17.6
    endloop
  endfacet
  facet normal 0 -1 0
    outer loop
      vertex -64.55 11.45 19.1
      vertex -64.55 11.45 17.6
      vertex -59.45 11.45 19.1
    endloop
  endfacet
  facet normal -1 0 0
    outer loop
      vertex -64.55 11.45 19.1
      vertex -64.55 16.55 19.1
      vertex -64.55 11.45 17.6
    endloop
  endfacet
  facet normal 0 0 1
    outer loop
      vertex -64.55 11.45 19.1
      vertex -59.45 11.45 19.1
      vertex -64.55 16.55 19.1
    endloop
  endfacet
  facet normal -1 0 0
    outer loop
      vertex -64.55 16.55 19.1
      vertex -64.55 16.55 17.6
      vertex -64.55 11.45 17.6
    endloop
  endfacet
  facet normal 0 1 0
    outer loop
      vertex -64.55 16.55 19.1
      vertex -59.45 16.55 17.6
      vertex -64.55 16.55 17.6
    endloop
  endfacet
  facet normal 0 0 1
    outer loop
      vertex -59.45 11.45 19.1
      vertex -59.45 16.55 19.1
      vertex -64.55 16.55 19.1
    endloop
  endfacet
  facet normal 0 1 0
    outer loop
      vertex -64.55 16.55 19.1
      vertex -59.45 16.55 19.1
      vertex -59.45 16.55 17.6
    endloop
  endfacet
  facet normal 1 0 0
    outer loop
      vertex -59.45 11.45 19.1
      vertex -59.45 11.45 17.6
      vertex -59.45 16.55 17.6
    endloop
  endfacet
  facet normal 1 0 0
    outer loop
      vertex -59.45 11.45 19.1
      vertex -59.45 16.55 17.6
      vertex -59.45 16.55 19.1
    endloop
  endfacet
  facet normal 0 -1 0
    outer loop
      vertex -49.45 -19.55 19.1
      vertex -54.55 -19.55 17.6
      vertex -49.45 -19.55 17.6
    endloop
  endfacet
  facet normal 0 -1 0
    outer loop
      vertex -54.55 -19.55 19.1
      vertex -54.55 -19.55 17.6
      vertex -49.45 -19.55 19.1
    endloop
  endfacet
  facet normal -1 0 0
    outer loop
      vertex -54.55 -14.45 19.1
      vertex -54.55 -14.45 17.6
      vertex -54.55 -19.55 17.6
    endloop
  endfacet
  facet normal 0 1 0
    outer loop
      vertex -54.55 -14.45 19.1
      vertex -49.45 -14.45 17.6
      vertex -54.55 -14.45 17.6
    endloop
  endfacet
  facet normal -1 0 0
    outer loop
      vertex -54.55 -19.55 19.1
      vertex -54.55 -14.45 19.1
      vertex -54.55 -19.55 17.6
    endloop
  endfacet
  facet normal 0 0 1
    outer loop
      vertex -54.55 -19.55 19.1
      vertex -49.45 -19.55 19.1
      vertex -54.55 -14.45 19.1
    endloop
  endfacet
  facet normal 0 1 0
    outer loop
      vertex -54.55 -14.45 19.1
      vertex -49.45 -14.45 19.1
      vertex -49.45 -14.45 17.6
    endloop
  endfacet
  facet normal 0 0 1
    outer loop
      vertex -49.45 -19.55 19.1
      vertex -49.45 -14.45 19.1
      vertex -54.55 -14.45 19.1
    endloop
  endfacet
  facet normal 1 0 0
    outer loop
      vertex -49.45 -19.55 19.1
      vertex -49.45 -19.55 17.6
      vertex -49.45 -14.45 17.6
    endloop
  endfacet
  facet normal 1 0 0
    outer loop
      vertex -49.45 -19.55 19.1
      vertex -49.45 -14.45 17.6
      vertex -49.45 -14.45 19.1
    endloop
  endfacet
  facet normal -1 0 0
    outer loop
      vertex 59.45 -26.75 19.1
      vertex 59.45 -21.65 19.1
      vertex 59.45 -26.75 17.6
    endloop
  endfacet
  facet normal -1 0 0
    outer loop
      vertex 59.45 -21.65 19.1
      vertex 59.45 -21.65 17.6
      vertex 59.45 -26.75 17.6
    endloop
  endfacet
  facet normal 0 -1 0
    outer loop
      vertex 64.55 -26.75 19.1
      vertex 59.45 -26.75 17.6
      vertex 64.55 -26.75 17.6
    endloop
  endfacet
  facet normal 1 0 0
    outer loop
      vertex 64.55 -26.75 19.1
      vertex 64.55 -26.75 17.6
      vertex 64.55 -21.65 17.6
    endloop
  endfacet
  facet normal 0 -1 0
    outer loop
      vertex 59.45 -26.75 19.1
      vertex 59.45 -26.75 17.6
      vertex 64.55 -26.75 19.1
    endloop
  endfacet
  facet normal 0 0 1
    outer loop
      vertex 59.45 -26.75 19.1
      vertex 64.55 -26.75 19.1
      vertex 59.45 -21.65 19.1
    endloop
  endfacet
  facet normal 0 1 0
    outer loop
      vertex 59.45 -21.65 19.1
      vertex 64.55 -21.65 17.6
      vertex 59.45 -21.65 17.6
    endloop
  endfacet
  facet normal 1 0 0
    outer loop
      vertex 64.55 -26.75 19.1
      vertex 64.55 -21.65 17.6
      vertex 64.55 -21.65 19.1
    endloop
  endfacet
  facet normal 0 1 0
    outer loop
      vertex 59.45 -21.65 19.1
      vertex 64.55 -21.65 19.1
      vertex 64.55 -21.65 17.6
    endloop
  endfacet
  facet normal 0 0 1
    outer loop
      vertex 64.55 -26.75 19.1
      vertex 64.55 -21.65 19.1
      vertex 59.45 -21.65 19.1
    endloop
  endfacet
  facet normal 0 -1 0
    outer loop
      vertex -59.45 -6.55 19.1
      vertex -64.55 -6.55 17.6
      vertex -59.45 -6.55 17.6
    endloop
  endfacet
  facet normal 0 -1 0
    outer loop
      vertex -64.55 -6.55 19.1
      vertex -64.55 -6.55 17.6
      vertex -59.45 -6.55 19.1
    endloop
  endfacet
  facet normal -1 0 0
    outer loop
      vertex -64.55 -6.55 19.1
      vertex -64.55 -1.4500000000000002 19.1
      vertex -64.55 -6.55 17.6
    endloop
  endfacet
  facet normal 0 0 1
    outer loop
      vertex -64.55 -6.55 19.1
      vertex -59.45 -6.55 19.1
      vertex -64.55 -1.4500000000000002 19.1
    endloop
  endfacet
  facet normal -1 0 0
    outer loop
      vertex -64.55 -1.4500000000000002 19.1
      vertex -64.55 -1.4500000000000002 17.6
      vertex -64.55 -6.55 17.6
    endloop
  endfacet
  facet normal 0 1 0
    outer loop
      vertex -64.55 -1.4500000000000002 19.1
      vertex -59.45 -1.4500000000000002 17.6
      vertex -64.55 -1.4500000000000002 17.6
    endloop
  endfacet
  facet normal 0 0 1
    outer loop
      vertex -59.45 -6.55 19.1
      vertex -59.45 -1.4500000000000002 19.1
      vertex -64.55 -1.4500000000000002 19.1
    endloop
  endfacet
  facet normal 0 1 0
    outer loop
      vertex -64.55 -1.4500000000000002 19.1
      vertex -59.45 -1.4500000000000002 19.1
      vertex -59.45 -1.4500000000000002 17.6
    endloop
  endfacet
  facet normal 1 0 0
    outer loop
      vertex -59.45 -6.55 19.1
      vertex -59.45 -6.55 17.6
      vertex -59.45 -1.4500000000000002 17.6
    endloop
  endfacet
  facet normal 1 0 0
    outer loop
      vertex -59.45 -6.55 19.1
      vertex -59.45 -1.4500000000000002 17.6
      vertex -59.45 -1.4500000000000002 19.1
    endloop
  endfacet
  facet normal 0 -1 0
    outer loop
      vertex -68.45 2.45 19.1
      vertex -73.55 2.45 17.6
      vertex -68.45 2.45 17.6
    endloop
  endfacet
  facet normal -1 0 0
    outer loop
      vertex -73.55 2.45 19.1
      vertex -73.55 7.55 19.1
      vertex -73.55 2.45 17.6
    endloop
  endfacet
  facet normal 0 -1 0
    outer loop
      vertex -73.55 2.45 19.1
      vertex -73.55 2.45 17.6
      vertex -68.45 2.45 19.1
    endloop
  endfacet
  facet normal 0 0 1
    outer loop
      vertex -73.55 2.45 19.1
      vertex -68.45 2.45 19.1
      vertex -73.55 7.55 19.1
    endloop
  endfacet
  facet normal -1 0 0
    outer loop
      vertex -73.55 7.55 19.1
      vertex -73.55 7.55 17.6
      vertex -73.55 2.45 17.6
    endloop
  endfacet
  facet normal 0 1 0
    outer loop
      vertex -73.55 7.55 19.1
      vertex -68.45 7.55 17.6
      vertex -73.55 7.55 17.6
    endloop
  endfacet
  facet normal 0 0 1
    outer loop
      vertex -68.45 2.45 19.1
      vertex -68.45 7.55 19.1
      vertex -73.55 7.55 19.1
    endloop
  endfacet
  facet normal 0 1 0
    outer loop
      vertex -73.55 7.55 19.1
      vertex -68.45 7.55 19.1
      vertex -68.45 7.55 17.6
    endloop
  endfacet
  facet normal 1 0 0
    outer loop
      vertex -68.45 2.45 19.1
      vertex -68.45 2.45 17.6
      vertex -68.45 7.55 17.6
    endloop
  endfacet
  facet normal 1 0 0
    outer loop
      vertex -68.45 2.45 19.1
      vertex -68.45 7.55 17.6
      vertex -68.45 7.55 19.1
    endloop
  endfacet
  facet normal 0 -1 0
    outer loop
      vertex -50.45 2.45 19.1
      vertex -55.55 2.45 17.6
      vertex -50.45 2.45 17.6
    endloop
  endfacet
  facet normal 1 0 0
    outer loop
      vertex -50.45 2.45 19.1
      vertex -50.45 2.45 17.6
      vertex -50.45 7.55 17.6
    endloop
  endfacet
  facet normal -1 0 0
    outer loop
      vertex -55.55 2.45 19.1
      vertex -55.55 7.55 19.1
      vertex -55.55 2.45 17.6
    endloop
  endfacet
  facet normal 0 -1 0
    outer loop
      vertex -55.55 2.45 19.1
      vertex -55.55 2.45 17.6
      vertex -50.45 2.45 19.1
    endloop
  endfacet
  facet normal 0 0 1
    outer loop
      vertex -55.55 2.45 19.1
      vertex -50.45 2.45 19.1
      vertex -55.55 7.55 19.1
    endloop
  endfacet
  facet normal -1 0 0
    outer loop
      vertex -55.55 7.55 19.1
      vertex -55.55 7.55 17.6
      vertex -55.55 2.45 17.6
    endloop
  endfacet
  facet normal 0 1 0
    outer loop
      vertex -55.55 7.55 19.1
      vertex -50.45 7.55 17.6
      vertex -55.55 7.55 17.6
    endloop
  endfacet
  facet normal 1 0 0
    outer loop
      vertex -50.45 2.45 19.1
      vertex -50.45 7.55 17.6
      vertex -50.45 7.55 19.1
    endloop
  endfacet
  facet normal 0 0 1
    outer loop
      vertex -50.45 2.45 19.1
      vertex -50.45 7.55 19.1
      vertex -55.55 7.55 19.1
    endloop
  endfacet
  facet normal 0 1 0
    outer loop
      vertex -55.55 7.55 19.1
      vertex -50.45 7.55 19.1
      vertex -50.45 7.55 17.6
    endloop
  endfacet
  facet normal -1 0 0
    outer loop
      vertex 59.45 17.55 19.1
      vertex 59.45 17.55 17.6
      vertex 59.45 12.45 17.6
    endloop
  endfacet
  facet normal -1 0 0
    outer loop
      vertex 59.45 12.45 19.1
      vertex 59.45 17.55 19.1
      vertex 59.45 12.45 17.6
    endloop
  endfacet
  facet normal 0 -1 0
    outer loop
      vertex 64.55 12.45 19.1
      vertex 59.45 12.45 17.6
      vertex 64.55 12.45 17.6
    endloop
  endfacet
  facet normal 0 -1 0
    outer loop
      vertex 59.45 12.45 19.1
      vertex 59.45 12.45 17.6
      vertex 64.55 12.45 19.1
    endloop
  endfacet
  facet normal 1 0 0
    outer loop
      vertex 64.55 12.45 19.1
      vertex 64.55 12.45 17.6
      vertex 64.55 17.55 17.6
    endloop
  endfacet
  facet normal 0 1 0
    outer loop
      vertex 59.45 17.55 19.1
      vertex 64.55 17.55 17.6
      vertex 59.45 17.55 17.6
    endloop
  endfacet
  facet normal 1 0 0
    outer loop
      vertex 64.55 12.45 19.1
      vertex 64.55 17.55 17.6
      vertex 64.55 17.55 19.1
    endloop
  endfacet
  facet normal 0 0 1
    outer loop
      vertex 59.45 12.45 19.1
      vertex 64.55 12.45 19.1
      vertex 59.45 17.55 19.1
    endloop
  endfacet
  facet normal 0 0 1
    outer loop
      vertex 64.55 12.45 19.1
      vertex 64.55 17.55 19.1
      vertex 59.45 17.55 19.1
    endloop
  endfacet
  facet normal 0 1 0
    outer loop
      vertex 59.45 17.55 19.1
      vertex 64.55 17.55 19.1
      vertex 64.55 17.55 17.6
    endloop
  endfacet
  facet normal -1 0 0
    outer loop
      vertex 69.45 2.45 19.1
      vertex 69.45 7.55 19.1
      vertex 69.45 2.45 17.6
    endloop
  endfacet
  facet normal -1 0 0
    outer loop
      vertex 69.45 7.55 19.1
      vertex 69.45 7.55 17.6
      vertex 69.45 2.45 17.6
    endloop
  endfacet
  facet normal 0 -1 0
    outer loop
      vertex 74.55 2.45 19.1
      vertex 69.45 2.45 17.6
      vertex 74.55 2.45 17.6
    endloop
  endfacet
  facet normal 1 0 0
    outer loop
      vertex 74.55 2.45 19.1
      vertex 74.55 2.45 17.6
      vertex 74.55 7.55 17.6
    endloop
  endfacet
  facet normal 0 -1 0
    outer loop
      vertex 69.45 2.45 19.1
      vertex 69.45 2.45 17.6
      vertex 74.55 2.45 19.1
    endloop
  endfacet
  facet normal 0 0 1
    outer loop
      vertex 69.45 2.45 19.1
      vertex 74.55 2.45 19.1
      vertex 69.45 7.55 19.1
    endloop
  endfacet
  facet normal 0 1 0
    outer loop
      vertex 69.45 7.55 19.1
      vertex 74.55 7.55 17.6
      vertex 69.45 7.55 17.6
    endloop
  endfacet
  facet normal 1 0 0
    outer loop
      vertex 74.55 2.45 19.1
      vertex 74.55 7.55 17.6
      vertex 74.55 7.55 19.1
    endloop
  endfacet
  facet normal 0 0 1
    outer loop
      vertex 74.55 2.45 19.1
      vertex 74.55 7.55 19.1
      vertex 69.45 7.55 19.1
    endloop
  endfacet
  facet normal 0 1 0
    outer loop
      vertex 69.45 7.55 19.1
      vertex 74.55 7.55 19.1
      vertex 74.55 7.55 17.6
    endloop
  endfacet
  facet normal -1 0 0
    outer loop
      vertex 59.45 -7.55 19.1
      vertex 59.45 -2.45 19.1
      vertex 59.45 -7.55 17.6
    endloop
  endfacet
  facet normal -1 0 0
    outer loop
      vertex 59.45 -2.45 19.1
      vertex 59.45 -2.45 17.6
      vertex 59.45 -7.55 17.6
    endloop
  endfacet
  facet normal 0 -1 0
    outer loop
      vertex 64.55 -7.55 19.1
      vertex 59.45 -7.55 17.6
      vertex 64.55 -7.55 17.6
    endloop
  endfacet
  facet normal 1 0 0
    outer loop
      vertex 64.55 -7.55 19.1
      vertex 64.55 -7.55 17.6
      vertex 64.55 -2.45 17.6
    endloop
  endfacet
  facet normal 0 -1 0
    outer loop
      vertex 59.45 -7.55 19.1
      vertex 59.45 -7.55 17.6
      vertex 64.55 -7.55 19.1
    endloop
  endfacet
  facet normal 0 0 1
    outer loop
      vertex 59.45 -7.55 19.1
      vertex 64.55 -7.55 19.1
      vertex 59.45 -2.45 19.1
    endloop
  endfacet
  facet normal 0 1 0
    outer loop
      vertex 59.45 -2.45 19.1
      vertex 64.55 -2.45 17.6
      vertex 59.45 -2.45 17.6
    endloop
  endfacet
  facet normal 1 0 0
    outer loop
      vertex 64.55 -7.55 19.1
      vertex 64.55 -2.45 17.6
      vertex 64.55 -2.45 19.1
    endloop
  endfacet
  facet normal 0 1 0
    outer loop
      vertex 59.45 -2.45 19.1
      vertex 64.55 -2.45 19.1
      vertex 64.55 -2.45 17.6
    endloop
  endfacet
  facet normal 0 0 1
    outer loop
      vertex 64.55 -7.55 19.1
      vertex 64.55 -2.45 19.1
      vertex 59.45 -2.45 19.1
    endloop
  endfacet
  facet normal 0 -1 0
    outer loop
      vertex 55.55 2.45 19.1
      vertex 50.45 2.45 17.6
      vertex 55.55 2.45 17.6
    endloop
  endfacet
  facet normal 1 0 0
    outer loop
      vertex 55.55 2.45 19.1
      vertex 55.55 2.45 17.6
      vertex 55.55 7.55 17.6
    endloop
  endfacet
  facet normal 0 -1 0
    outer loop
      vertex 50.45 2.45 19.1
      vertex 50.45 2.45 17.6
      vertex 55.55 2.45 19.1
    endloop
  endfacet
  facet normal -1 0 0
    outer loop
      vertex 50.45 2.45 19.1
      vertex 50.45 7.55 19.1
      vertex 50.45 2.45 17.6
    endloop
  endfacet
  facet normal 0 0 1
    outer loop
      vertex 50.45 2.45 19.1
      vertex 55.55 2.45 19.1
      vertex 50.45 7.55 19.1
    endloop
  endfacet
  facet normal -1 0 0
    outer loop
      vertex 50.45 7.55 19.1
      vertex 50.45 7.55 17.6
      vertex 50.45 2.45 17.6
    endloop
  endfacet
  facet normal 0 1 0
    outer loop
      vertex 50.45 7.55 19.1
      vertex 55.55 7.55 17.6
      vertex 50.45 7.55 17.6
    endloop
  endfacet
  facet normal 0 0 1
    outer loop
      vertex 55.55 2.45 19.1
      vertex 55.55 7.55 19.1
      vertex 50.45 7.55 19.1
    endloop
  endfacet
  facet normal 0 1 0
    outer loop
      vertex 50.45 7.55 19.1
      vertex 55.55 7.55 19.1
      vertex 55.55 7.55 17.6
    endloop
  endfacet
  facet normal 1 0 0
    outer loop
      vertex 55.55 2.45 19.1
      vertex 55.55 7.55 17.6
      vertex 55.55 7.55 19.1
    endloop
  endfacet
  facet normal 0 -1 0
    outer loop
      vertex -69.45 -19.55 19.1
      vertex -74.55 -19.55 17.6
      vertex -69.45 -19.55 17.6
    endloop
  endfacet
  facet normal 0 -1 0
    outer loop
      vertex -74.55 -19.55 19.1
      vertex -74.55 -19.55 17.6
      vertex -69.45 -19.55 19.1
    endloop
  endfacet
  facet normal -1 0 0
    outer loop
      vertex -74.55 -14.45 19.1
      vertex -74.55 -14.45 17.6
      vertex -74.55 -19.55 17.6
    endloop
  endfacet
  facet normal 0 1 0
    outer loop
      vertex -74.55 -14.45 19.1
      vertex -69.45 -14.45 17.6
      vertex -74.55 -14.45 17.6
    endloop
  endfacet
  facet normal -1 0 0
    outer loop
      vertex -74.55 -19.55 19.1
      vertex -74.55 -14.45 19.1
      vertex -74.55 -19.55 17.6
    endloop
  endfacet
  facet normal 0 0 1
    outer loop
      vertex -74.55 -19.55 19.1
      vertex -69.45 -19.55 19.1
      vertex -74.55 -14.45 19.1
    endloop
  endfacet
  facet normal 0 1 0
    outer loop
      vertex -74.55 -14.45 19.1
      vertex -69.45 -14.45 19.1
      vertex -69.45 -14.45 17.6
    endloop
  endfacet
  facet normal 0 0 1
    outer loop
      vertex -69.45 -19.55 19.1
      vertex -69.45 -14.45 19.1
      vertex -74.55 -14.45 19.1
    endloop
  endfacet
  facet normal 1 0 0
    outer loop
      vertex -69.45 -19.55 19.1
      vertex -69.45 -19.55 17.6
      vertex -69.45 -14.45 17.6
    endloop
  endfacet
  facet normal 1 0 0
    outer loop
      vertex -69.45 -19.55 19.1
      vertex -69.45 -14.45 17.6
      vertex -69.45 -14.45 19.1
    endloop
  endfacet
endsolid OpenSCAD_Model
