solid OpenSCAD_Model
  facet normal 0 -1 0
    outer loop
      vertex -41.43852011114359 -42.8660722576129 12.653341262042522
      vertex -41.19879022240639 -42.8660722576129 12.615371777117252
      vertex -41.41277374327183 -42.8660722576129 12.695355503261089
    endloop
  endfacet
  facet normal 0 -1 0
    outer loop
      vertex -41.41277374327183 -42.8660722576129 12.695355503261089
      vertex -41.19879022240639 -42.8660722576129 12.615371777117252
      vertex -41.1952073648572 -42.8660722576129 12.66089637428522
    endloop
  endfacet
  facet normal -0.15643446772731498 0 -0.9876883401695453
    outer loop
      vertex -41.43852011114359 -42.8660722576129 12.653341262042522
      vertex -41.43852011114359 -42.71 12.653341262042522
      vertex -41.19879022240639 -42.8660722576129 12.615371777117252
    endloop
  endfacet
  facet normal -0.15643446772731498 0 -0.9876883401695453
    outer loop
      vertex -41.43852011114359 -42.71 12.653341262042522
      vertex -41.19879022240639 -42.71 12.615371777117252
      vertex -41.19879022240639 -42.8660722576129 12.615371777117252
    endloop
  endfacet
  facet normal 0 -1 0
    outer loop
      vertex -41.19879022240639 -42.8660722576129 12.615371777117252
      vertex -38.80499458312988 -42.8660722576129 12.615371777117252
      vertex -41.1952073648572 -42.8660722576129 12.66089637428522
    endloop
  endfacet
  facet normal 0 0 -1
    outer loop
      vertex -41.19879022240639 -42.8660722576129 12.615371777117252
      vertex -41.19879022240639 -42.71 12.615371777117252
      vertex -38.80499458312988 -42.8660722576129 12.615371777117252
    endloop
  endfacet
  facet normal 0 -1 0
    outer loop
      vertex -41.98462822288275 -42.8660722576129 13.404994590580463
      vertex -41.43852011114359 -42.8660722576129 12.653341262042522
      vertex -41.41277374327183 -42.8660722576129 12.695355503261089
    endloop
  endfacet
  facet normal -0.8090169932286987 0 -0.5877852538701492
    outer loop
      vertex -41.98462822288275 -42.71 13.404994590580463
      vertex -41.43852011114359 -42.71 12.653341262042522
      vertex -41.43852011114359 -42.8660722576129 12.653341262042522
    endloop
  endfacet
  facet normal 0 -1 0
    outer loop
      vertex -41.98462822288275 -42.8660722576129 13.404994590580463
      vertex -41.41277374327183 -42.8660722576129 12.695355503261089
      vertex -41.93910362571478 -42.8660722576129 13.419786436855793
    endloop
  endfacet
  facet normal -0.8090169932286987 0 -0.5877852538701492
    outer loop
      vertex -41.98462822288275 -42.8660722576129 13.404994590580463
      vertex -41.98462822288275 -42.71 13.404994590580463
      vertex -41.43852011114359 -42.8660722576129 12.653341262042522
    endloop
  endfacet
  facet normal 0 -1 0
    outer loop
      vertex -41.98462822288275 -42.8660722576129 13.404994590580463
      vertex -41.93910362571478 -42.8660722576129 13.419786436855793
      vertex -41.93910362571478 -42.8660722576129 14.795207364857196
    endloop
  endfacet
  facet normal -1 0 0
    outer loop
      vertex -41.98462822288275 -42.8660722576129 13.404994590580463
      vertex -41.98462822288275 -42.71 14.798790214955806
      vertex -41.98462822288275 -42.71 13.404994590580463
    endloop
  endfacet
  facet normal 0 -1 0
    outer loop
      vertex -41.98462822288275 -42.8660722576129 13.404994590580463
      vertex -41.93910362571478 -42.8660722576129 14.795207364857196
      vertex -41.98462822288275 -42.8660722576129 14.798790214955806
    endloop
  endfacet
  facet normal -1 0 0
    outer loop
      vertex -41.98462822288275 -42.8660722576129 13.404994590580463
      vertex -41.98462822288275 -42.8660722576129 14.798790214955806
      vertex -41.98462822288275 -42.71 14.798790214955806
    endloop
  endfacet
  facet normal 0 -1 0
    outer loop
      vertex -41.98462822288275 -42.8660722576129 14.798790214955806
      vertex -41.93910362571478 -42.8660722576129 14.795207364857196
      vertex -41.90464449673891 -42.8660722576129 15.012773743271827
    endloop
  endfacet
  facet normal 0 -1 0
    outer loop
      vertex -41.98462822288275 -42.8660722576129 14.798790214955806
      vertex -41.90464449673891 -42.8660722576129 15.012773743271827
      vertex -41.94665873795748 -42.8660722576129 15.038520111143589
    endloop
  endfacet
  facet normal -0.9876883409207404 0 0.15643446298445585
    outer loop
      vertex -41.98462822288275 -42.8660722576129 14.798790214955806
      vertex -41.94665873795748 -42.71 15.038520111143589
      vertex -41.98462822288275 -42.71 14.798790214955806
    endloop
  endfacet
  facet normal -0.9876883409207404 0 0.15643446298445585
    outer loop
      vertex -41.98462822288275 -42.8660722576129 14.798790214955806
      vertex -41.94665873795748 -42.8660722576129 15.038520111143589
      vertex -41.94665873795748 -42.71 15.038520111143589
    endloop
  endfacet
  facet normal 0 -1 0
    outer loop
      vertex -41.94665873795748 -42.8660722576129 15.038520111143589
      vertex -41.90464449673891 -42.8660722576129 15.012773743271827
      vertex -41.18021357059479 -42.8660722576129 15.539103625714779
    endloop
  endfacet
  facet normal -0.5877852576834979 0 0.8090169904581388
    outer loop
      vertex -41.94665873795748 -42.8660722576129 15.038520111143589
      vertex -41.19500541687012 -42.71 15.584628222882747
      vertex -41.94665873795748 -42.71 15.038520111143589
    endloop
  endfacet
  facet normal 0 -1 0
    outer loop
      vertex -41.94665873795748 -42.8660722576129 15.038520111143589
      vertex -41.18021357059479 -42.8660722576129 15.539103625714779
      vertex -41.19500541687012 -42.8660722576129 15.584628222882747
    endloop
  endfacet
  facet normal -0.5877852576834979 0 0.8090169904581388
    outer loop
      vertex -41.94665873795748 -42.8660722576129 15.038520111143589
      vertex -41.19500541687012 -42.8660722576129 15.584628222882747
      vertex -41.19500541687012 -42.71 15.584628222882747
    endloop
  endfacet
  facet normal 0 -1 0
    outer loop
      vertex -41.18021357059479 -42.8660722576129 15.539103625714779
      vertex -38.8047926351428 -42.8660722576129 15.539103625714779
      vertex -41.19500541687012 -42.8660722576129 15.584628222882747
    endloop
  endfacet
  facet normal 0 0 1
    outer loop
      vertex -41.19500541687012 -42.8660722576129 15.584628222882747
      vertex -38.80120977759361 -42.71 15.584628222882747
      vertex -41.19500541687012 -42.71 15.584628222882747
    endloop
  endfacet
  facet normal 0 -1 0
    outer loop
      vertex -41.1952073648572 -42.8660722576129 12.66089637428522
      vertex -38.80499458312988 -42.8660722576129 12.615371777117252
      vertex -38.81978642940521 -42.8660722576129 12.66089637428522
    endloop
  endfacet
  facet normal 0 0 -1
    outer loop
      vertex -41.19879022240639 -42.71 12.615371777117252
      vertex -38.80499458312988 -42.71 12.615371777117252
      vertex -38.80499458312988 -42.8660722576129 12.615371777117252
    endloop
  endfacet
  facet normal 0 -1 0
    outer loop
      vertex -38.80499458312988 -42.8660722576129 12.615371777117252
      vertex -38.05334126204252 -42.8660722576129 13.16147988885641
      vertex -38.81978642940521 -42.8660722576129 12.66089637428522
    endloop
  endfacet
  facet normal 0.5877852576834979 0 -0.8090169904581388
    outer loop
      vertex -38.80499458312988 -42.8660722576129 12.615371777117252
      vertex -38.80499458312988 -42.71 12.615371777117252
      vertex -38.05334126204252 -42.8660722576129 13.16147988885641
    endloop
  endfacet
  facet normal 0 -1 0
    outer loop
      vertex -38.81978642940521 -42.8660722576129 12.66089637428522
      vertex -38.05334126204252 -42.8660722576129 13.16147988885641
      vertex -38.09535550326109 -42.8660722576129 13.187226256728172
    endloop
  endfacet
  facet normal 0.5877852576834979 0 -0.8090169904581388
    outer loop
      vertex -38.80499458312988 -42.71 12.615371777117252
      vertex -38.05334126204252 -42.71 13.16147988885641
      vertex -38.05334126204252 -42.8660722576129 13.16147988885641
    endloop
  endfacet
  facet normal 0 -1 0
    outer loop
      vertex -38.09535550326109 -42.8660722576129 13.187226256728172
      vertex -38.05334126204252 -42.8660722576129 13.16147988885641
      vertex -38.01537177711725 -42.8660722576129 13.401209785044193
    endloop
  endfacet
  facet normal 0 -1 0
    outer loop
      vertex -38.09535550326109 -42.8660722576129 13.187226256728172
      vertex -38.01537177711725 -42.8660722576129 13.401209785044193
      vertex -38.06089637428522 -42.8660722576129 13.404792635142803
    endloop
  endfacet
  facet normal 0.9876883409207404 0 -0.15643446298445585
    outer loop
      vertex -38.05334126204252 -42.8660722576129 13.16147988885641
      vertex -38.05334126204252 -42.71 13.16147988885641
      vertex -38.01537177711725 -42.8660722576129 13.401209785044193
    endloop
  endfacet
  facet normal 0.9876883409207404 0 -0.15643446298445585
    outer loop
      vertex -38.05334126204252 -42.71 13.16147988885641
      vertex -38.01537177711725 -42.71 13.401209785044193
      vertex -38.01537177711725 -42.8660722576129 13.401209785044193
    endloop
  endfacet
  facet normal 0 -1 0
    outer loop
      vertex -38.06089637428522 -42.8660722576129 13.404792635142803
      vertex -38.01537177711725 -42.8660722576129 13.401209785044193
      vertex -38.01537177711725 -42.8660722576129 14.795005409419536
    endloop
  endfacet
  facet normal 1 0 0
    outer loop
      vertex -38.01537177711725 -42.8660722576129 13.401209785044193
      vertex -38.01537177711725 -42.71 13.401209785044193
      vertex -38.01537177711725 -42.8660722576129 14.795005409419536
    endloop
  endfacet
  facet normal 0 -1 0
    outer loop
      vertex -41.19500541687012 -42.8660722576129 15.584628222882747
      vertex -38.8047926351428 -42.8660722576129 15.539103625714779
      vertex -38.80120977759361 -42.8660722576129 15.584628222882747
    endloop
  endfacet
  facet normal 0 0 1
    outer loop
      vertex -41.19500541687012 -42.8660722576129 15.584628222882747
      vertex -38.80120977759361 -42.8660722576129 15.584628222882747
      vertex -38.80120977759361 -42.71 15.584628222882747
    endloop
  endfacet
  facet normal 0 -1 0
    outer loop
      vertex -38.06089637428522 -42.8660722576129 14.780213563144207
      vertex -38.01537177711725 -42.8660722576129 14.795005409419536
      vertex -38.58722625672817 -42.8660722576129 15.50464449673891
    endloop
  endfacet
  facet normal 0.8090169932286987 0 0.5877852538701492
    outer loop
      vertex -38.01537177711725 -42.8660722576129 14.795005409419536
      vertex -38.01537177711725 -42.71 14.795005409419536
      vertex -38.56147988885641 -42.8660722576129 15.546658737957477
    endloop
  endfacet
  facet normal 0 -1 0
    outer loop
      vertex -38.06089637428522 -42.8660722576129 13.404792635142803
      vertex -38.01537177711725 -42.8660722576129 14.795005409419536
      vertex -38.06089637428522 -42.8660722576129 14.780213563144207
    endloop
  endfacet
  facet normal 1 0 0
    outer loop
      vertex -38.01537177711725 -42.71 13.401209785044193
      vertex -38.01537177711725 -42.71 14.795005409419536
      vertex -38.01537177711725 -42.8660722576129 14.795005409419536
    endloop
  endfacet
  facet normal 0 -1 0
    outer loop
      vertex -38.01537177711725 -42.8660722576129 14.795005409419536
      vertex -38.56147988885641 -42.8660722576129 15.546658737957477
      vertex -38.58722625672817 -42.8660722576129 15.50464449673891
    endloop
  endfacet
  facet normal 0.8090169932286987 0 0.5877852538701492
    outer loop
      vertex -38.01537177711725 -42.71 14.795005409419536
      vertex -38.56147988885641 -42.71 15.546658737957477
      vertex -38.56147988885641 -42.8660722576129 15.546658737957477
    endloop
  endfacet
  facet normal 0 -1 0
    outer loop
      vertex -38.8047926351428 -42.8660722576129 15.539103625714779
      vertex -38.58722625672817 -42.8660722576129 15.50464449673891
      vertex -38.80120977759361 -42.8660722576129 15.584628222882747
    endloop
  endfacet
  facet normal 0 -1 0
    outer loop
      vertex -38.80120977759361 -42.8660722576129 15.584628222882747
      vertex -38.58722625672817 -42.8660722576129 15.50464449673891
      vertex -38.56147988885641 -42.8660722576129 15.546658737957477
    endloop
  endfacet
  facet normal 0.15643446772731498 0 0.9876883401695453
    outer loop
      vertex -38.80120977759361 -42.8660722576129 15.584628222882747
      vertex -38.56147988885641 -42.8660722576129 15.546658737957477
      vertex -38.56147988885641 -42.71 15.546658737957477
    endloop
  endfacet
  facet normal 0.15643446772731498 0 0.9876883401695453
    outer loop
      vertex -38.80120977759361 -42.8660722576129 15.584628222882747
      vertex -38.56147988885641 -42.71 15.546658737957477
      vertex -38.80120977759361 -42.71 15.584628222882747
    endloop
  endfacet
  facet normal -0.15643446458510485 0 -0.9876883406672226
    outer loop
      vertex -41.41277374327183 -43.01614674589207 12.695355503261089
      vertex -41.41277374327183 -42.8660722576129 12.695355503261089
      vertex -41.1952073648572 -43.01614674589207 12.66089637428522
    endloop
  endfacet
  facet normal 0 -1 0
    outer loop
      vertex -41.41277374327183 -43.01614674589207 12.695355503261089
      vertex -41.18938913196325 -43.01614674589207 12.734824313223362
      vertex -41.3709639236331 -43.01614674589207 12.763582935929298
    endloop
  endfacet
  facet normal -0.15643446458510485 0 -0.9876883406672226
    outer loop
      vertex -41.41277374327183 -42.8660722576129 12.695355503261089
      vertex -41.1952073648572 -42.8660722576129 12.66089637428522
      vertex -41.1952073648572 -43.01614674589207 12.66089637428522
    endloop
  endfacet
  facet normal 0 -1 0
    outer loop
      vertex -41.41277374327183 -43.01614674589207 12.695355503261089
      vertex -41.1952073648572 -43.01614674589207 12.66089637428522
      vertex -38.84380707144737 -43.01614674589207 12.734824313223362
    endloop
  endfacet
  facet normal 0 -1 0
    outer loop
      vertex -41.41277374327183 -43.01614674589207 12.695355503261089
      vertex -38.84380707144737 -43.01614674589207 12.734824313223362
      vertex -41.18938913196325 -43.01614674589207 12.734824313223362
    endloop
  endfacet
  facet normal 0 0 -1
    outer loop
      vertex -41.1952073648572 -43.01614674589207 12.66089637428522
      vertex -41.1952073648572 -42.8660722576129 12.66089637428522
      vertex -38.81978642940521 -43.01614674589207 12.66089637428522
    endloop
  endfacet
  facet normal -0.8090169940649345 0 -0.5877852527191694
    outer loop
      vertex -41.93910362571478 -42.8660722576129 13.419786436855793
      vertex -41.41277374327183 -42.8660722576129 12.695355503261089
      vertex -41.41277374327183 -43.01614674589207 12.695355503261089
    endloop
  endfacet
  facet normal 0 -1 0
    outer loop
      vertex -41.93910362571478 -43.01614674589207 13.419786436855793
      vertex -41.41277374327183 -43.01614674589207 12.695355503261089
      vertex -41.3709639236331 -43.01614674589207 12.763582935929298
    endloop
  endfacet
  facet normal -0.8090169940649345 0 -0.5877852527191694
    outer loop
      vertex -41.93910362571478 -43.01614674589207 13.419786436855793
      vertex -41.93910362571478 -42.8660722576129 13.419786436855793
      vertex -41.41277374327183 -43.01614674589207 12.695355503261089
    endloop
  endfacet
  facet normal 0 -1 0
    outer loop
      vertex -41.93910362571478 -43.01614674589207 13.419786436855793
      vertex -41.3709639236331 -43.01614674589207 12.763582935929298
      vertex -41.86517568677664 -43.01614674589207 13.443807071447372
    endloop
  endfacet
  facet normal 0 -1 0
    outer loop
      vertex -41.93910362571478 -43.01614674589207 13.419786436855793
      vertex -41.86517568677664 -43.01614674589207 13.443807071447372
      vertex -41.93910362571478 -43.01614674589207 14.795207364857196
    endloop
  endfacet
  facet normal -1 0 0
    outer loop
      vertex -41.93910362571478 -43.01614674589207 13.419786436855793
      vertex -41.93910362571478 -42.8660722576129 14.795207364857196
      vertex -41.93910362571478 -42.8660722576129 13.419786436855793
    endloop
  endfacet
  facet normal -1 0 0
    outer loop
      vertex -41.93910362571478 -43.01614674589207 13.419786436855793
      vertex -41.93910362571478 -43.01614674589207 14.795207364857196
      vertex -41.93910362571478 -42.8660722576129 14.795207364857196
    endloop
  endfacet
  facet normal 0 -1 0
    outer loop
      vertex -41.86517568677664 -43.01614674589207 13.443807071447372
      vertex -41.86517568677664 -43.01614674589207 14.789389124512672
      vertex -41.93910362571478 -43.01614674589207 14.795207364857196
    endloop
  endfacet
  facet normal 0 -1 0
    outer loop
      vertex -41.93910362571478 -43.01614674589207 14.795207364857196
      vertex -41.86517568677664 -43.01614674589207 14.789389124512672
      vertex -41.8364170640707 -43.01614674589207 14.970963923633098
    endloop
  endfacet
  facet normal -0.9876883406672226 0 0.15643446458510485
    outer loop
      vertex -41.93910362571478 -43.01614674589207 14.795207364857196
      vertex -41.90464449673891 -42.8660722576129 15.012773743271827
      vertex -41.93910362571478 -42.8660722576129 14.795207364857196
    endloop
  endfacet
  facet normal 0 -1 0
    outer loop
      vertex -41.93910362571478 -43.01614674589207 14.795207364857196
      vertex -41.8364170640707 -43.01614674589207 14.970963923633098
      vertex -41.90464449673891 -43.01614674589207 15.012773743271827
    endloop
  endfacet
  facet normal -0.9876883406672226 0 0.15643446458510485
    outer loop
      vertex -41.93910362571478 -43.01614674589207 14.795207364857196
      vertex -41.90464449673891 -43.01614674589207 15.012773743271827
      vertex -41.90464449673891 -42.8660722576129 15.012773743271827
    endloop
  endfacet
  facet normal 0 -1 0
    outer loop
      vertex -41.8364170640707 -43.01614674589207 14.970963923633098
      vertex -41.18021357059479 -43.01614674589207 15.539103625714779
      vertex -41.90464449673891 -43.01614674589207 15.012773743271827
    endloop
  endfacet
  facet normal -0.5877852566758145 0 0.8090169911902634
    outer loop
      vertex -41.90464449673891 -43.01614674589207 15.012773743271827
      vertex -41.18021357059479 -42.8660722576129 15.539103625714779
      vertex -41.90464449673891 -42.8660722576129 15.012773743271827
    endloop
  endfacet
  facet normal -0.5877852566758145 0 0.8090169911902634
    outer loop
      vertex -41.90464449673891 -43.01614674589207 15.012773743271827
      vertex -41.18021357059479 -43.01614674589207 15.539103625714779
      vertex -41.18021357059479 -42.8660722576129 15.539103625714779
    endloop
  endfacet
  facet normal 0 -1 0
    outer loop
      vertex -41.8364170640707 -43.01614674589207 14.970963923633098
      vertex -41.15619292855263 -43.01614674589207 15.465175686776638
      vertex -41.18021357059479 -43.01614674589207 15.539103625714779
    endloop
  endfacet
  facet normal 0 -1 0
    outer loop
      vertex -41.18021357059479 -43.01614674589207 15.539103625714779
      vertex -41.15619292855263 -43.01614674589207 15.465175686776638
      vertex -38.8047926351428 -43.01614674589207 15.539103625714779
    endloop
  endfacet
  facet normal 0 0 1
    outer loop
      vertex -41.18021357059479 -43.01614674589207 15.539103625714779
      vertex -38.8047926351428 -42.8660722576129 15.539103625714779
      vertex -41.18021357059479 -42.8660722576129 15.539103625714779
    endloop
  endfacet
  facet normal 0 -1 0
    outer loop
      vertex -41.1952073648572 -43.01614674589207 12.66089637428522
      vertex -38.81978642940521 -43.01614674589207 12.66089637428522
      vertex -38.84380707144737 -43.01614674589207 12.734824313223362
    endloop
  endfacet
  facet normal 0 0 -1
    outer loop
      vertex -41.1952073648572 -42.8660722576129 12.66089637428522
      vertex -38.81978642940521 -42.8660722576129 12.66089637428522
      vertex -38.81978642940521 -43.01614674589207 12.66089637428522
    endloop
  endfacet
  facet normal 0 -1 0
    outer loop
      vertex -38.84380707144737 -43.01614674589207 12.734824313223362
      vertex -38.81978642940521 -43.01614674589207 12.66089637428522
      vertex -38.1635829359293 -43.01614674589207 13.229036076366901
    endloop
  endfacet
  facet normal 0.5877852566758145 0 -0.8090169911902634
    outer loop
      vertex -38.81978642940521 -43.01614674589207 12.66089637428522
      vertex -38.81978642940521 -42.8660722576129 12.66089637428522
      vertex -38.09535550326109 -43.01614674589207 13.187226256728172
    endloop
  endfacet
  facet normal 0 -1 0
    outer loop
      vertex -38.81978642940521 -43.01614674589207 12.66089637428522
      vertex -38.09535550326109 -43.01614674589207 13.187226256728172
      vertex -38.1635829359293 -43.01614674589207 13.229036076366901
    endloop
  endfacet
  facet normal 0.5877852566758145 0 -0.8090169911902634
    outer loop
      vertex -38.81978642940521 -42.8660722576129 12.66089637428522
      vertex -38.09535550326109 -42.8660722576129 13.187226256728172
      vertex -38.09535550326109 -43.01614674589207 13.187226256728172
    endloop
  endfacet
  facet normal 0 -1 0
    outer loop
      vertex -38.09535550326109 -43.01614674589207 13.187226256728172
      vertex -38.06089637428522 -43.01614674589207 13.404792635142803
      vertex -38.1635829359293 -43.01614674589207 13.229036076366901
    endloop
  endfacet
  facet normal 0.9876883406672226 0 -0.15643446458510485
    outer loop
      vertex -38.09535550326109 -43.01614674589207 13.187226256728172
      vertex -38.09535550326109 -42.8660722576129 13.187226256728172
      vertex -38.06089637428522 -43.01614674589207 13.404792635142803
    endloop
  endfacet
  facet normal 0 -1 0
    outer loop
      vertex -38.1635829359293 -43.01614674589207 13.229036076366901
      vertex -38.06089637428522 -43.01614674589207 13.404792635142803
      vertex -38.13482431322336 -43.01614674589207 13.410610875487327
    endloop
  endfacet
  facet normal 0.9876883406672226 0 -0.15643446458510485
    outer loop
      vertex -38.09535550326109 -42.8660722576129 13.187226256728172
      vertex -38.06089637428522 -42.8660722576129 13.404792635142803
      vertex -38.06089637428522 -43.01614674589207 13.404792635142803
    endloop
  endfacet
  facet normal 0 -1 0
    outer loop
      vertex -38.13482431322336 -43.01614674589207 13.410610875487327
      vertex -38.06089637428522 -43.01614674589207 13.404792635142803
      vertex -38.13482431322336 -43.01614674589207 14.756192928552627
    endloop
  endfacet
  facet normal 1 0 0
    outer loop
      vertex -38.06089637428522 -43.01614674589207 13.404792635142803
      vertex -38.06089637428522 -42.8660722576129 13.404792635142803
      vertex -38.06089637428522 -43.01614674589207 14.780213563144207
    endloop
  endfacet
  facet normal 0 0 1
    outer loop
      vertex -41.18021357059479 -43.01614674589207 15.539103625714779
      vertex -38.8047926351428 -43.01614674589207 15.539103625714779
      vertex -38.8047926351428 -42.8660722576129 15.539103625714779
    endloop
  endfacet
  facet normal 0 -1 0
    outer loop
      vertex -41.15619292855263 -43.01614674589207 15.465175686776638
      vertex -38.81061086803675 -43.01614674589207 15.465175686776638
      vertex -38.58722625672817 -43.01614674589207 15.50464449673891
    endloop
  endfacet
  facet normal 0 -1 0
    outer loop
      vertex -41.15619292855263 -43.01614674589207 15.465175686776638
      vertex -38.58722625672817 -43.01614674589207 15.50464449673891
      vertex -38.8047926351428 -43.01614674589207 15.539103625714779
    endloop
  endfacet
  facet normal 0 -1 0
    outer loop
      vertex -38.13482431322336 -43.01614674589207 14.756192928552627
      vertex -38.06089637428522 -43.01614674589207 14.780213563144207
      vertex -38.6290360763669 -43.01614674589207 15.436417064070701
    endloop
  endfacet
  facet normal 0.8090169940649345 0 0.5877852527191694
    outer loop
      vertex -38.06089637428522 -43.01614674589207 14.780213563144207
      vertex -38.06089637428522 -42.8660722576129 14.780213563144207
      vertex -38.58722625672817 -43.01614674589207 15.50464449673891
    endloop
  endfacet
  facet normal 0 -1 0
    outer loop
      vertex -38.06089637428522 -43.01614674589207 13.404792635142803
      vertex -38.06089637428522 -43.01614674589207 14.780213563144207
      vertex -38.13482431322336 -43.01614674589207 14.756192928552627
    endloop
  endfacet
  facet normal 1 0 0
    outer loop
      vertex -38.06089637428522 -42.8660722576129 13.404792635142803
      vertex -38.06089637428522 -42.8660722576129 14.780213563144207
      vertex -38.06089637428522 -43.01614674589207 14.780213563144207
    endloop
  endfacet
  facet normal 0 -1 0
    outer loop
      vertex -38.06089637428522 -43.01614674589207 14.780213563144207
      vertex -38.58722625672817 -43.01614674589207 15.50464449673891
      vertex -38.6290360763669 -43.01614674589207 15.436417064070701
    endloop
  endfacet
  facet normal 0.8090169940649345 0 0.5877852527191694
    outer loop
      vertex -38.06089637428522 -42.8660722576129 14.780213563144207
      vertex -38.58722625672817 -42.8660722576129 15.50464449673891
      vertex -38.58722625672817 -43.01614674589207 15.50464449673891
    endloop
  endfacet
  facet normal 0 -1 0
    outer loop
      vertex -38.81061086803675 -43.01614674589207 15.465175686776638
      vertex -38.6290360763669 -43.01614674589207 15.436417064070701
      vertex -38.58722625672817 -43.01614674589207 15.50464449673891
    endloop
  endfacet
  facet normal 0.15643446458510485 0 0.9876883406672226
    outer loop
      vertex -38.8047926351428 -43.01614674589207 15.539103625714779
      vertex -38.58722625672817 -43.01614674589207 15.50464449673891
      vertex -38.58722625672817 -42.8660722576129 15.50464449673891
    endloop
  endfacet
  facet normal 0.15643446458510485 0 0.9876883406672226
    outer loop
      vertex -38.8047926351428 -43.01614674589207 15.539103625714779
      vertex -38.58722625672817 -42.8660722576129 15.50464449673891
      vertex -38.8047926351428 -42.8660722576129 15.539103625714779
    endloop
  endfacet
  facet normal -0.15643447008275924 0 -0.9876883397964797
    outer loop
      vertex -41.3709639236331 -43.15445618641568 12.763582935929298
      vertex -41.18938913196325 -43.01614674589207 12.734824313223362
      vertex -41.18938913196325 -43.15445618641568 12.734824313223362
    endloop
  endfacet
  facet normal 0 0 -1
    outer loop
      vertex -41.18938913196325 -43.15445618641568 12.734824313223362
      vertex -41.18938913196325 -43.01614674589207 12.734824313223362
      vertex -38.84380707144737 -43.01614674589207 12.734824313223362
    endloop
  endfacet
  facet normal 0 -1 0
    outer loop
      vertex -41.3709639236331 -43.15445618641568 12.763582935929298
      vertex -41.1815590262413 -43.15445618641568 12.834314575791359
      vertex -41.31469736993313 -43.15445618641568 12.855401618778705
    endloop
  endfacet
  facet normal 0 -1 0
    outer loop
      vertex -41.86517568677664 -43.15445618641568 13.443807071447372
      vertex -41.3709639236331 -43.15445618641568 12.763582935929298
      vertex -41.31469736993313 -43.15445618641568 12.855401618778705
    endloop
  endfacet
  facet normal -0.8090169943104862 0 -0.5877852523811963
    outer loop
      vertex -41.86517568677664 -43.15445618641568 13.443807071447372
      vertex -41.3709639236331 -43.01614674589207 12.763582935929298
      vertex -41.3709639236331 -43.15445618641568 12.763582935929298
    endloop
  endfacet
  facet normal 0 -1 0
    outer loop
      vertex -41.86517568677664 -43.15445618641568 13.443807071447372
      vertex -41.31469736993313 -43.15445618641568 12.855401618778705
      vertex -41.76568542420864 -43.15445618641568 13.476133419573307
    endloop
  endfacet
  facet normal -0.15643447008275924 0 -0.9876883397964797
    outer loop
      vertex -41.3709639236331 -43.15445618641568 12.763582935929298
      vertex -41.3709639236331 -43.01614674589207 12.763582935929298
      vertex -41.18938913196325 -43.01614674589207 12.734824313223362
    endloop
  endfacet
  facet normal -0.8090169943104862 0 -0.5877852523811963
    outer loop
      vertex -41.86517568677664 -43.15445618641568 13.443807071447372
      vertex -41.86517568677664 -43.01614674589207 13.443807071447372
      vertex -41.3709639236331 -43.01614674589207 12.763582935929298
    endloop
  endfacet
  facet normal 0 -1 0
    outer loop
      vertex -41.86517568677664 -43.15445618641568 13.443807071447372
      vertex -41.76568542420864 -43.15445618641568 13.476133419573307
      vertex -41.86517568677664 -43.15445618641568 14.789389124512672
    endloop
  endfacet
  facet normal -1 0 0
    outer loop
      vertex -41.86517568677664 -43.15445618641568 13.443807071447372
      vertex -41.86517568677664 -43.15445618641568 14.789389124512672
      vertex -41.86517568677664 -43.01614674589207 13.443807071447372
    endloop
  endfacet
  facet normal 0 -1 0
    outer loop
      vertex -41.3709639236331 -43.15445618641568 12.763582935929298
      vertex -41.18938913196325 -43.15445618641568 12.734824313223362
      vertex -38.876133412122726 -43.15445618641568 12.834314575791359
    endloop
  endfacet
  facet normal 0 -1 0
    outer loop
      vertex -41.3709639236331 -43.15445618641568 12.763582935929298
      vertex -38.876133412122726 -43.15445618641568 12.834314575791359
      vertex -41.1815590262413 -43.15445618641568 12.834314575791359
    endloop
  endfacet
  facet normal 0 -1 0
    outer loop
      vertex -41.76568542420864 -43.15445618641568 13.476133419573307
      vertex -41.76568542420864 -43.15445618641568 14.781559026241302
      vertex -41.86517568677664 -43.15445618641568 14.789389124512672
    endloop
  endfacet
  facet normal -0.9876883407882688 0 0.15643446382084875
    outer loop
      vertex -41.86517568677664 -43.15445618641568 14.789389124512672
      vertex -41.8364170640707 -43.15445618641568 14.970963923633098
      vertex -41.86517568677664 -43.01614674589207 14.789389124512672
    endloop
  endfacet
  facet normal 0 -1 0
    outer loop
      vertex -41.86517568677664 -43.15445618641568 14.789389124512672
      vertex -41.76568542420864 -43.15445618641568 14.781559026241302
      vertex -41.744598381221294 -43.15445618641568 14.914697369933128
    endloop
  endfacet
  facet normal 0 -1 0
    outer loop
      vertex -41.86517568677664 -43.15445618641568 14.789389124512672
      vertex -41.744598381221294 -43.15445618641568 14.914697369933128
      vertex -41.8364170640707 -43.15445618641568 14.970963923633098
    endloop
  endfacet
  facet normal -1 0 0
    outer loop
      vertex -41.86517568677664 -43.01614674589207 13.443807071447372
      vertex -41.86517568677664 -43.15445618641568 14.789389124512672
      vertex -41.86517568677664 -43.01614674589207 14.789389124512672
    endloop
  endfacet
  facet normal -0.9876883407882688 0 0.15643446382084875
    outer loop
      vertex -41.8364170640707 -43.15445618641568 14.970963923633098
      vertex -41.8364170640707 -43.01614674589207 14.970963923633098
      vertex -41.86517568677664 -43.01614674589207 14.789389124512672
    endloop
  endfacet
  facet normal 0 -1 0
    outer loop
      vertex -41.8364170640707 -43.15445618641568 14.970963923633098
      vertex -41.744598381221294 -43.15445618641568 14.914697369933128
      vertex -41.15619292855263 -43.15445618641568 15.465175686776638
    endloop
  endfacet
  facet normal -0.5877852523811963 0 0.8090169943104862
    outer loop
      vertex -41.8364170640707 -43.15445618641568 14.970963923633098
      vertex -41.15619292855263 -43.15445618641568 15.465175686776638
      vertex -41.8364170640707 -43.01614674589207 14.970963923633098
    endloop
  endfacet
  facet normal 0 -1 0
    outer loop
      vertex -41.744598381221294 -43.15445618641568 14.914697369933128
      vertex -41.123866587877274 -43.15445618641568 15.36568542420864
      vertex -41.15619292855263 -43.15445618641568 15.465175686776638
    endloop
  endfacet
  facet normal -0.5877852523811963 0 0.8090169943104862
    outer loop
      vertex -41.8364170640707 -43.01614674589207 14.970963923633098
      vertex -41.15619292855263 -43.15445618641568 15.465175686776638
      vertex -41.15619292855263 -43.01614674589207 15.465175686776638
    endloop
  endfacet
  facet normal 0 -1 0
    outer loop
      vertex -41.123866587877274 -43.15445618641568 15.36568542420864
      vertex -38.81061086803675 -43.15445618641568 15.465175686776638
      vertex -41.15619292855263 -43.15445618641568 15.465175686776638
    endloop
  endfacet
  facet normal 0 0 1
    outer loop
      vertex -41.15619292855263 -43.15445618641568 15.465175686776638
      vertex -38.81061086803675 -43.15445618641568 15.465175686776638
      vertex -41.15619292855263 -43.01614674589207 15.465175686776638
    endloop
  endfacet
  facet normal 0 0 -1
    outer loop
      vertex -41.18938913196325 -43.15445618641568 12.734824313223362
      vertex -38.84380707144737 -43.01614674589207 12.734824313223362
      vertex -38.84380707144737 -43.15445618641568 12.734824313223362
    endloop
  endfacet
  facet normal 0 -1 0
    outer loop
      vertex -41.18938913196325 -43.15445618641568 12.734824313223362
      vertex -38.84380707144737 -43.15445618641568 12.734824313223362
      vertex -38.876133412122726 -43.15445618641568 12.834314575791359
    endloop
  endfacet
  facet normal 0 -1 0
    outer loop
      vertex -38.84380707144737 -43.15445618641568 12.734824313223362
      vertex -38.255401618778706 -43.15445618641568 13.285302630066871
      vertex -38.876133412122726 -43.15445618641568 12.834314575791359
    endloop
  endfacet
  facet normal 0 -1 0
    outer loop
      vertex -38.84380707144737 -43.15445618641568 12.734824313223362
      vertex -38.1635829359293 -43.15445618641568 13.229036076366901
      vertex -38.255401618778706 -43.15445618641568 13.285302630066871
    endloop
  endfacet
  facet normal 0.5877852523811963 0 -0.8090169943104862
    outer loop
      vertex -38.84380707144737 -43.15445618641568 12.734824313223362
      vertex -38.1635829359293 -43.01614674589207 13.229036076366901
      vertex -38.1635829359293 -43.15445618641568 13.229036076366901
    endloop
  endfacet
  facet normal 0 -1 0
    outer loop
      vertex -38.255401618778706 -43.15445618641568 13.285302630066871
      vertex -38.1635829359293 -43.15445618641568 13.229036076366901
      vertex -38.13482431322336 -43.15445618641568 13.410610875487327
    endloop
  endfacet
  facet normal 0 -1 0
    outer loop
      vertex -38.255401618778706 -43.15445618641568 13.285302630066871
      vertex -38.13482431322336 -43.15445618641568 13.410610875487327
      vertex -38.23431457579136 -43.15445618641568 13.418440973758697
    endloop
  endfacet
  facet normal 0.9876883407882688 0 -0.15643446382084875
    outer loop
      vertex -38.1635829359293 -43.15445618641568 13.229036076366901
      vertex -38.13482431322336 -43.01614674589207 13.410610875487327
      vertex -38.13482431322336 -43.15445618641568 13.410610875487327
    endloop
  endfacet
  facet normal 0.5877852523811963 0 -0.8090169943104862
    outer loop
      vertex -38.84380707144737 -43.15445618641568 12.734824313223362
      vertex -38.84380707144737 -43.01614674589207 12.734824313223362
      vertex -38.1635829359293 -43.01614674589207 13.229036076366901
    endloop
  endfacet
  facet normal 0.9876883407882688 0 -0.15643446382084875
    outer loop
      vertex -38.1635829359293 -43.15445618641568 13.229036076366901
      vertex -38.1635829359293 -43.01614674589207 13.229036076366901
      vertex -38.13482431322336 -43.01614674589207 13.410610875487327
    endloop
  endfacet
  facet normal 0 -1 0
    outer loop
      vertex -38.23431457579136 -43.15445618641568 13.418440973758697
      vertex -38.13482431322336 -43.15445618641568 13.410610875487327
      vertex -38.23431457579136 -43.15445618641568 14.723866580426693
    endloop
  endfacet
  facet normal 0 -1 0
    outer loop
      vertex -38.13482431322336 -43.15445618641568 13.410610875487327
      vertex -38.13482431322336 -43.15445618641568 14.756192928552627
      vertex -38.23431457579136 -43.15445618641568 14.723866580426693
    endloop
  endfacet
  facet normal 1 0 0
    outer loop
      vertex -38.13482431322336 -43.15445618641568 13.410610875487327
      vertex -38.13482431322336 -43.01614674589207 13.410610875487327
      vertex -38.13482431322336 -43.01614674589207 14.756192928552627
    endloop
  endfacet
  facet normal 0 -1 0
    outer loop
      vertex -41.123866587877274 -43.15445618641568 15.36568542420864
      vertex -38.8184409737587 -43.15445618641568 15.36568542420864
      vertex -38.6290360763669 -43.15445618641568 15.436417064070701
    endloop
  endfacet
  facet normal 0 -1 0
    outer loop
      vertex -41.123866587877274 -43.15445618641568 15.36568542420864
      vertex -38.6290360763669 -43.15445618641568 15.436417064070701
      vertex -38.81061086803675 -43.15445618641568 15.465175686776638
    endloop
  endfacet
  facet normal 0 0 1
    outer loop
      vertex -41.15619292855263 -43.01614674589207 15.465175686776638
      vertex -38.81061086803675 -43.15445618641568 15.465175686776638
      vertex -38.81061086803675 -43.01614674589207 15.465175686776638
    endloop
  endfacet
  facet normal 0.15643447008275924 0 0.9876883397964797
    outer loop
      vertex -38.81061086803675 -43.15445618641568 15.465175686776638
      vertex -38.6290360763669 -43.15445618641568 15.436417064070701
      vertex -38.81061086803675 -43.01614674589207 15.465175686776638
    endloop
  endfacet
  facet normal 1 0 0
    outer loop
      vertex -38.13482431322336 -43.15445618641568 13.410610875487327
      vertex -38.13482431322336 -43.01614674589207 14.756192928552627
      vertex -38.13482431322336 -43.15445618641568 14.756192928552627
    endloop
  endfacet
  facet normal 0 -1 0
    outer loop
      vertex -38.23431457579136 -43.15445618641568 14.723866580426693
      vertex -38.13482431322336 -43.15445618641568 14.756192928552627
      vertex -38.68530263006687 -43.15445618641568 15.344598381221294
    endloop
  endfacet
  facet normal 0.8090169943104862 0 0.5877852523811963
    outer loop
      vertex -38.13482431322336 -43.15445618641568 14.756192928552627
      vertex -38.13482431322336 -43.01614674589207 14.756192928552627
      vertex -38.6290360763669 -43.01614674589207 15.436417064070701
    endloop
  endfacet
  facet normal 0 -1 0
    outer loop
      vertex -38.13482431322336 -43.15445618641568 14.756192928552627
      vertex -38.6290360763669 -43.15445618641568 15.436417064070701
      vertex -38.68530263006687 -43.15445618641568 15.344598381221294
    endloop
  endfacet
  facet normal 0.8090169943104862 0 0.5877852523811963
    outer loop
      vertex -38.13482431322336 -43.15445618641568 14.756192928552627
      vertex -38.6290360763669 -43.01614674589207 15.436417064070701
      vertex -38.6290360763669 -43.15445618641568 15.436417064070701
    endloop
  endfacet
  facet normal 0 -1 0
    outer loop
      vertex -38.8184409737587 -43.15445618641568 15.36568542420864
      vertex -38.68530263006687 -43.15445618641568 15.344598381221294
      vertex -38.6290360763669 -43.15445618641568 15.436417064070701
    endloop
  endfacet
  facet normal 0.15643447008275924 0 0.9876883397964797
    outer loop
      vertex -38.6290360763669 -43.15445618641568 15.436417064070701
      vertex -38.6290360763669 -43.01614674589207 15.436417064070701
      vertex -38.81061086803675 -43.01614674589207 15.465175686776638
    endloop
  endfacet
  facet normal -0.15643447181389547 0 -0.9876883395222946
    outer loop
      vertex -41.31469736993313 -43.27568542494924 12.855401618778705
      vertex -41.31469736993313 -43.15445618641568 12.855401618778705
      vertex -41.1815590262413 -43.15445618641568 12.834314575791359
    endloop
  endfacet
  facet normal -0.80901699281754 0 -0.5877852544360604
    outer loop
      vertex -41.76568542420864 -43.27568542494924 13.476133419573307
      vertex -41.31469736993313 -43.15445618641568 12.855401618778705
      vertex -41.31469736993313 -43.27568542494924 12.855401618778705
    endloop
  endfacet
  facet normal 0 -1 0
    outer loop
      vertex -41.31469736993313 -43.27568542494924 12.855401618778705
      vertex -41.246136374771595 -43.27568542494924 12.96728299409151
      vertex -41.644456185400486 -43.27568542494924 13.515523186326027
    endloop
  endfacet
  facet normal 0 -1 0
    outer loop
      vertex -41.76568542420864 -43.27568542494924 13.476133419573307
      vertex -41.31469736993313 -43.27568542494924 12.855401618778705
      vertex -41.644456185400486 -43.27568542494924 13.515523186326027
    endloop
  endfacet
  facet normal -0.80901699281754 0 -0.5877852544360604
    outer loop
      vertex -41.76568542420864 -43.27568542494924 13.476133419573307
      vertex -41.76568542420864 -43.15445618641568 13.476133419573307
      vertex -41.31469736993313 -43.15445618641568 12.855401618778705
    endloop
  endfacet
  facet normal -1 0 0
    outer loop
      vertex -41.76568542420864 -43.27568542494924 13.476133419573307
      vertex -41.76568542420864 -43.27568542494924 14.781559026241302
      vertex -41.76568542420864 -43.15445618641568 13.476133419573307
    endloop
  endfacet
  facet normal 0 -1 0
    outer loop
      vertex -41.76568542420864 -43.27568542494924 13.476133419573307
      vertex -41.644456185400486 -43.27568542494924 13.515523186326027
      vertex -41.644456185400486 -43.27568542494924 14.772018110752105
    endloop
  endfacet
  facet normal -0.15643447181389547 0 -0.9876883395222946
    outer loop
      vertex -41.31469736993313 -43.27568542494924 12.855401618778705
      vertex -41.1815590262413 -43.15445618641568 12.834314575791359
      vertex -41.1815590262413 -43.27568542494924 12.834314575791359
    endloop
  endfacet
  facet normal 0 -1 0
    outer loop
      vertex -41.31469736993313 -43.27568542494924 12.855401618778705
      vertex -41.1815590262413 -43.27568542494924 12.834314575791359
      vertex -41.172018110752106 -43.27568542494924 12.955543814599514
    endloop
  endfacet
  facet normal 0 -1 0
    outer loop
      vertex -41.31469736993313 -43.27568542494924 12.855401618778705
      vertex -41.172018110752106 -43.27568542494924 12.955543814599514
      vertex -41.246136374771595 -43.27568542494924 12.96728299409151
    endloop
  endfacet
  facet normal 0 0 -1
    outer loop
      vertex -41.1815590262413 -43.27568542494924 12.834314575791359
      vertex -41.1815590262413 -43.15445618641568 12.834314575791359
      vertex -38.876133412122726 -43.15445618641568 12.834314575791359
    endloop
  endfacet
  facet normal 0 -1 0
    outer loop
      vertex -41.1815590262413 -43.27568542494924 12.834314575791359
      vertex -38.876133412122726 -43.27568542494924 12.834314575791359
      vertex -41.172018110752106 -43.27568542494924 12.955543814599514
    endloop
  endfacet
  facet normal 0 -1 0
    outer loop
      vertex -41.76568542420864 -43.27568542494924 13.476133419573307
      vertex -41.644456185400486 -43.27568542494924 14.772018110752105
      vertex -41.76568542420864 -43.27568542494924 14.781559026241302
    endloop
  endfacet
  facet normal -1 0 0
    outer loop
      vertex -41.76568542420864 -43.15445618641568 13.476133419573307
      vertex -41.76568542420864 -43.27568542494924 14.781559026241302
      vertex -41.76568542420864 -43.15445618641568 14.781559026241302
    endloop
  endfacet
  facet normal -0.9876883395222946 0 0.15643447181389547
    outer loop
      vertex -41.76568542420864 -43.27568542494924 14.781559026241302
      vertex -41.744598381221294 -43.27568542494924 14.914697369933128
      vertex -41.76568542420864 -43.15445618641568 14.781559026241302
    endloop
  endfacet
  facet normal -0.9876883395222946 0 0.15643447181389547
    outer loop
      vertex -41.76568542420864 -43.15445618641568 14.781559026241302
      vertex -41.744598381221294 -43.27568542494924 14.914697369933128
      vertex -41.744598381221294 -43.15445618641568 14.914697369933128
    endloop
  endfacet
  facet normal 0 -1 0
    outer loop
      vertex -41.76568542420864 -43.27568542494924 14.781559026241302
      vertex -41.644456185400486 -43.27568542494924 14.772018110752105
      vertex -41.63271700590849 -43.27568542494924 14.846136374771595
    endloop
  endfacet
  facet normal 0 -1 0
    outer loop
      vertex -41.76568542420864 -43.27568542494924 14.781559026241302
      vertex -41.63271700590849 -43.27568542494924 14.846136374771595
      vertex -41.744598381221294 -43.27568542494924 14.914697369933128
    endloop
  endfacet
  facet normal 0 -1 0
    outer loop
      vertex -41.744598381221294 -43.27568542494924 14.914697369933128
      vertex -41.63271700590849 -43.27568542494924 14.846136374771595
      vertex -41.084476821124554 -43.27568542494924 15.244456185400486
    endloop
  endfacet
  facet normal -0.5877852590537008 0 0.809016989462628
    outer loop
      vertex -41.744598381221294 -43.27568542494924 14.914697369933128
      vertex -41.123866587877274 -43.27568542494924 15.36568542420864
      vertex -41.744598381221294 -43.15445618641568 14.914697369933128
    endloop
  endfacet
  facet normal -0.5877852590537008 0 0.809016989462628
    outer loop
      vertex -41.744598381221294 -43.15445618641568 14.914697369933128
      vertex -41.123866587877274 -43.27568542494924 15.36568542420864
      vertex -41.123866587877274 -43.15445618641568 15.36568542420864
    endloop
  endfacet
  facet normal 0 -1 0
    outer loop
      vertex -41.744598381221294 -43.27568542494924 14.914697369933128
      vertex -41.084476821124554 -43.27568542494924 15.244456185400486
      vertex -41.123866587877274 -43.27568542494924 15.36568542420864
    endloop
  endfacet
  facet normal 0 -1 0
    outer loop
      vertex -41.123866587877274 -43.27568542494924 15.36568542420864
      vertex -41.084476821124554 -43.27568542494924 15.244456185400486
      vertex -38.827981889247894 -43.27568542494924 15.244456185400486
    endloop
  endfacet
  facet normal 0 0 1
    outer loop
      vertex -41.123866587877274 -43.27568542494924 15.36568542420864
      vertex -38.8184409737587 -43.27568542494924 15.36568542420864
      vertex -41.123866587877274 -43.15445618641568 15.36568542420864
    endloop
  endfacet
  facet normal 0 0 -1
    outer loop
      vertex -41.1815590262413 -43.27568542494924 12.834314575791359
      vertex -38.876133412122726 -43.15445618641568 12.834314575791359
      vertex -38.876133412122726 -43.27568542494924 12.834314575791359
    endloop
  endfacet
  facet normal 0 -1 0
    outer loop
      vertex -41.172018110752106 -43.27568542494924 12.955543814599514
      vertex -38.876133412122726 -43.27568542494924 12.834314575791359
      vertex -38.915523178875446 -43.27568542494924 12.955543814599514
    endloop
  endfacet
  facet normal 0 -1 0
    outer loop
      vertex -38.915523178875446 -43.27568542494924 12.955543814599514
      vertex -38.876133412122726 -43.27568542494924 12.834314575791359
      vertex -38.255401618778706 -43.27568542494924 13.285302630066871
    endloop
  endfacet
  facet normal 0.5877852590537008 0 -0.809016989462628
    outer loop
      vertex -38.876133412122726 -43.27568542494924 12.834314575791359
      vertex -38.876133412122726 -43.15445618641568 12.834314575791359
      vertex -38.255401618778706 -43.15445618641568 13.285302630066871
    endloop
  endfacet
  facet normal 0.5877852590537008 0 -0.809016989462628
    outer loop
      vertex -38.876133412122726 -43.27568542494924 12.834314575791359
      vertex -38.255401618778706 -43.15445618641568 13.285302630066871
      vertex -38.255401618778706 -43.27568542494924 13.285302630066871
    endloop
  endfacet
  facet normal 0 -1 0
    outer loop
      vertex -38.915523178875446 -43.27568542494924 12.955543814599514
      vertex -38.255401618778706 -43.27568542494924 13.285302630066871
      vertex -38.36728299409151 -43.27568542494924 13.353863625228405
    endloop
  endfacet
  facet normal 0.9876883395222946 0 -0.15643447181389547
    outer loop
      vertex -38.255401618778706 -43.27568542494924 13.285302630066871
      vertex -38.255401618778706 -43.15445618641568 13.285302630066871
      vertex -38.23431457579136 -43.15445618641568 13.418440973758697
    endloop
  endfacet
  facet normal 0 -1 0
    outer loop
      vertex -38.36728299409151 -43.27568542494924 13.353863625228405
      vertex -38.255401618778706 -43.27568542494924 13.285302630066871
      vertex -38.23431457579136 -43.27568542494924 13.418440973758697
    endloop
  endfacet
  facet normal 0 -1 0
    outer loop
      vertex -38.36728299409151 -43.27568542494924 13.353863625228405
      vertex -38.23431457579136 -43.27568542494924 13.418440973758697
      vertex -38.355543814599514 -43.27568542494924 13.427981889247894
    endloop
  endfacet
  facet normal 0.9876883395222946 0 -0.15643447181389547
    outer loop
      vertex -38.255401618778706 -43.27568542494924 13.285302630066871
      vertex -38.23431457579136 -43.15445618641568 13.418440973758697
      vertex -38.23431457579136 -43.27568542494924 13.418440973758697
    endloop
  endfacet
  facet normal 0 -1 0
    outer loop
      vertex -38.355543814599514 -43.27568542494924 13.427981889247894
      vertex -38.23431457579136 -43.27568542494924 13.418440973758697
      vertex -38.23431457579136 -43.27568542494924 14.723866580426693
    endloop
  endfacet
  facet normal 1 0 0
    outer loop
      vertex -38.23431457579136 -43.27568542494924 13.418440973758697
      vertex -38.23431457579136 -43.15445618641568 13.418440973758697
      vertex -38.23431457579136 -43.15445618641568 14.723866580426693
    endloop
  endfacet
  facet normal 0 -1 0
    outer loop
      vertex -38.355543814599514 -43.27568542494924 13.427981889247894
      vertex -38.23431457579136 -43.27568542494924 14.723866580426693
      vertex -38.355543814599514 -43.27568542494924 14.684476813673973
    endloop
  endfacet
  facet normal 1 0 0
    outer loop
      vertex -38.23431457579136 -43.27568542494924 13.418440973758697
      vertex -38.23431457579136 -43.15445618641568 14.723866580426693
      vertex -38.23431457579136 -43.27568542494924 14.723866580426693
    endloop
  endfacet
  facet normal 0 -1 0
    outer loop
      vertex -41.123866587877274 -43.27568542494924 15.36568542420864
      vertex -38.827981889247894 -43.27568542494924 15.244456185400486
      vertex -38.8184409737587 -43.27568542494924 15.36568542420864
    endloop
  endfacet
  facet normal 0 0 1
    outer loop
      vertex -41.123866587877274 -43.15445618641568 15.36568542420864
      vertex -38.8184409737587 -43.27568542494924 15.36568542420864
      vertex -38.8184409737587 -43.15445618641568 15.36568542420864
    endloop
  endfacet
  facet normal 0 -1 0
    outer loop
      vertex -38.827981889247894 -43.27568542494924 15.244456185400486
      vertex -38.753863625228405 -43.27568542494924 15.232717005908489
      vertex -38.68530263006687 -43.27568542494924 15.344598381221294
    endloop
  endfacet
  facet normal 0 -1 0
    outer loop
      vertex -38.827981889247894 -43.27568542494924 15.244456185400486
      vertex -38.68530263006687 -43.27568542494924 15.344598381221294
      vertex -38.8184409737587 -43.27568542494924 15.36568542420864
    endloop
  endfacet
  facet normal 0.15643447181389547 0 0.9876883395222946
    outer loop
      vertex -38.8184409737587 -43.27568542494924 15.36568542420864
      vertex -38.68530263006687 -43.27568542494924 15.344598381221294
      vertex -38.8184409737587 -43.15445618641568 15.36568542420864
    endloop
  endfacet
  facet normal 0 -1 0
    outer loop
      vertex -38.355543814599514 -43.27568542494924 14.684476813673973
      vertex -38.23431457579136 -43.27568542494924 14.723866580426693
      vertex -38.68530263006687 -43.27568542494924 15.344598381221294
    endloop
  endfacet
  facet normal 0.80901699281754 0 0.5877852544360604
    outer loop
      vertex -38.23431457579136 -43.27568542494924 14.723866580426693
      vertex -38.23431457579136 -43.15445618641568 14.723866580426693
      vertex -38.68530263006687 -43.15445618641568 15.344598381221294
    endloop
  endfacet
  facet normal 0 -1 0
    outer loop
      vertex -38.355543814599514 -43.27568542494924 14.684476813673973
      vertex -38.68530263006687 -43.27568542494924 15.344598381221294
      vertex -38.753863625228405 -43.27568542494924 15.232717005908489
    endloop
  endfacet
  facet normal 0.80901699281754 0 0.5877852544360604
    outer loop
      vertex -38.23431457579136 -43.27568542494924 14.723866580426693
      vertex -38.68530263006687 -43.15445618641568 15.344598381221294
      vertex -38.68530263006687 -43.27568542494924 15.344598381221294
    endloop
  endfacet
  facet normal 0.15643447181389547 0 0.9876883395222946
    outer loop
      vertex -38.8184409737587 -43.15445618641568 15.36568542420864
      vertex -38.68530263006687 -43.27568542494924 15.344598381221294
      vertex -38.68530263006687 -43.15445618641568 15.344598381221294
    endloop
  endfacet
  facet normal 0 -1 0
    outer loop
      vertex -41.246136374771595 -43.37517568984204 12.96728299409151
      vertex -41.16791569441557 -43.37517568984204 13.094927547872066
      vertex -41.644456185400486 -43.37517568984204 13.515523186326027
    endloop
  endfacet
  facet normal -0.8090169975967625 0 -0.5877852478580251
    outer loop
      vertex -41.246136374771595 -43.37517568984204 12.96728299409151
      vertex -41.644456185400486 -43.27568542494924 13.515523186326027
      vertex -41.246136374771595 -43.27568542494924 12.96728299409151
    endloop
  endfacet
  facet normal -0.8090169975967625 0 -0.5877852478580251
    outer loop
      vertex -41.246136374771595 -43.37517568984204 12.96728299409151
      vertex -41.644456185400486 -43.37517568984204 13.515523186326027
      vertex -41.644456185400486 -43.27568542494924 13.515523186326027
    endloop
  endfacet
  facet normal 0 -1 0
    outer loop
      vertex -41.16791569441557 -43.37517568984204 13.094927547872066
      vertex -41.50614674389362 -43.37517568984204 13.560462644696235
      vertex -41.644456185400486 -43.37517568984204 13.515523186326027
    endloop
  endfacet
  facet normal -1 0 0
    outer loop
      vertex -41.644456185400486 -43.37517568984204 13.515523186326027
      vertex -41.644456185400486 -43.27568542494924 14.772018110752105
      vertex -41.644456185400486 -43.27568542494924 13.515523186326027
    endloop
  endfacet
  facet normal 0 -1 0
    outer loop
      vertex -41.644456185400486 -43.37517568984204 13.515523186326027
      vertex -41.50614674389362 -43.37517568984204 13.560462644696235
      vertex -41.644456185400486 -43.37517568984204 14.772018110752105
    endloop
  endfacet
  facet normal -0.15643446149707135 0 -0.9876883411563191
    outer loop
      vertex -41.246136374771595 -43.37517568984204 12.96728299409151
      vertex -41.246136374771595 -43.27568542494924 12.96728299409151
      vertex -41.172018110752106 -43.37517568984204 12.955543814599514
    endloop
  endfacet
  facet normal -0.15643446149707135 0 -0.9876883411563191
    outer loop
      vertex -41.246136374771595 -43.27568542494924 12.96728299409151
      vertex -41.172018110752106 -43.27568542494924 12.955543814599514
      vertex -41.172018110752106 -43.37517568984204 12.955543814599514
    endloop
  endfacet
  facet normal 0 -1 0
    outer loop
      vertex -41.246136374771595 -43.37517568984204 12.96728299409151
      vertex -41.16113290935755 -43.37517568984204 13.093853256106376
      vertex -41.16791569441557 -43.37517568984204 13.094927547872066
    endloop
  endfacet
  facet normal 0 -1 0
    outer loop
      vertex -41.246136374771595 -43.37517568984204 12.96728299409151
      vertex -41.172018110752106 -43.37517568984204 12.955543814599514
      vertex -38.960462644696236 -43.37517568984204 13.093853256106376
    endloop
  endfacet
  facet normal 0 0 -1
    outer loop
      vertex -41.172018110752106 -43.37517568984204 12.955543814599514
      vertex -41.172018110752106 -43.27568542494924 12.955543814599514
      vertex -38.915523178875446 -43.37517568984204 12.955543814599514
    endloop
  endfacet
  facet normal 0 -1 0
    outer loop
      vertex -41.246136374771595 -43.37517568984204 12.96728299409151
      vertex -38.960462644696236 -43.37517568984204 13.093853256106376
      vertex -41.16113290935755 -43.37517568984204 13.093853256106376
    endloop
  endfacet
  facet normal -1 0 0
    outer loop
      vertex -41.644456185400486 -43.37517568984204 13.515523186326027
      vertex -41.644456185400486 -43.37517568984204 14.772018110752105
      vertex -41.644456185400486 -43.27568542494924 14.772018110752105
    endloop
  endfacet
  facet normal 0 -1 0
    outer loop
      vertex -41.50614674389362 -43.37517568984204 13.560462644696235
      vertex -41.50614674389362 -43.37517568984204 14.761132901906967
      vertex -41.644456185400486 -43.37517568984204 14.772018110752105
    endloop
  endfacet
  facet normal 0 -1 0
    outer loop
      vertex -41.644456185400486 -43.37517568984204 14.772018110752105
      vertex -41.50507245212793 -43.37517568984204 14.767915694415569
      vertex -41.63271700590849 -43.37517568984204 14.846136374771595
    endloop
  endfacet
  facet normal -0.9876883411563191 0 0.15643446149707135
    outer loop
      vertex -41.644456185400486 -43.37517568984204 14.772018110752105
      vertex -41.63271700590849 -43.37517568984204 14.846136374771595
      vertex -41.63271700590849 -43.27568542494924 14.846136374771595
    endloop
  endfacet
  facet normal -0.9876883411563191 0 0.15643446149707135
    outer loop
      vertex -41.644456185400486 -43.37517568984204 14.772018110752105
      vertex -41.63271700590849 -43.27568542494924 14.846136374771595
      vertex -41.644456185400486 -43.27568542494924 14.772018110752105
    endloop
  endfacet
  facet normal 0 -1 0
    outer loop
      vertex -41.644456185400486 -43.37517568984204 14.772018110752105
      vertex -41.50614674389362 -43.37517568984204 14.761132901906967
      vertex -41.50507245212793 -43.37517568984204 14.767915694415569
    endloop
  endfacet
  facet normal 0 -1 0
    outer loop
      vertex -41.63271700590849 -43.37517568984204 14.846136374771595
      vertex -41.50507245212793 -43.37517568984204 14.767915694415569
      vertex -41.084476821124554 -43.37517568984204 15.244456185400486
    endloop
  endfacet
  facet normal -0.5877852530862375 0 0.8090169937982439
    outer loop
      vertex -41.63271700590849 -43.37517568984204 14.846136374771595
      vertex -41.084476821124554 -43.27568542494924 15.244456185400486
      vertex -41.63271700590849 -43.27568542494924 14.846136374771595
    endloop
  endfacet
  facet normal -0.5877852530862375 0 0.8090169937982439
    outer loop
      vertex -41.63271700590849 -43.37517568984204 14.846136374771595
      vertex -41.084476821124554 -43.37517568984204 15.244456185400486
      vertex -41.084476821124554 -43.27568542494924 15.244456185400486
    endloop
  endfacet
  facet normal 0 -1 0
    outer loop
      vertex -41.50507245212793 -43.37517568984204 14.767915694415569
      vertex -41.039537355303764 -43.37517568984204 15.106146743893623
      vertex -41.084476821124554 -43.37517568984204 15.244456185400486
    endloop
  endfacet
  facet normal 0 -1 0
    outer loop
      vertex -41.039537355303764 -43.37517568984204 15.106146743893623
      vertex -38.827981889247894 -43.37517568984204 15.244456185400486
      vertex -41.084476821124554 -43.37517568984204 15.244456185400486
    endloop
  endfacet
  facet normal 0 0 1
    outer loop
      vertex -41.084476821124554 -43.37517568984204 15.244456185400486
      vertex -38.827981889247894 -43.27568542494924 15.244456185400486
      vertex -41.084476821124554 -43.27568542494924 15.244456185400486
    endloop
  endfacet
  facet normal 0 -1 0
    outer loop
      vertex -41.172018110752106 -43.37517568984204 12.955543814599514
      vertex -38.915523178875446 -43.37517568984204 12.955543814599514
      vertex -38.960462644696236 -43.37517568984204 13.093853256106376
    endloop
  endfacet
  facet normal 0 0 -1
    outer loop
      vertex -41.172018110752106 -43.27568542494924 12.955543814599514
      vertex -38.915523178875446 -43.27568542494924 12.955543814599514
      vertex -38.915523178875446 -43.37517568984204 12.955543814599514
    endloop
  endfacet
  facet normal 0 -1 0
    outer loop
      vertex -38.915523178875446 -43.37517568984204 12.955543814599514
      vertex -38.49492754787207 -43.37517568984204 13.43208430558443
      vertex -38.960462644696236 -43.37517568984204 13.093853256106376
    endloop
  endfacet
  facet normal 0.5877852530862375 0 -0.8090169937982439
    outer loop
      vertex -38.915523178875446 -43.37517568984204 12.955543814599514
      vertex -38.915523178875446 -43.27568542494924 12.955543814599514
      vertex -38.36728299409151 -43.37517568984204 13.353863625228405
    endloop
  endfacet
  facet normal 0.5877852530862375 0 -0.8090169937982439
    outer loop
      vertex -38.915523178875446 -43.27568542494924 12.955543814599514
      vertex -38.36728299409151 -43.27568542494924 13.353863625228405
      vertex -38.36728299409151 -43.37517568984204 13.353863625228405
    endloop
  endfacet
  facet normal 0 -1 0
    outer loop
      vertex -38.915523178875446 -43.37517568984204 12.955543814599514
      vertex -38.36728299409151 -43.37517568984204 13.353863625228405
      vertex -38.49492754787207 -43.37517568984204 13.43208430558443
    endloop
  endfacet
  facet normal 0 -1 0
    outer loop
      vertex -38.49492754787207 -43.37517568984204 13.43208430558443
      vertex -38.355543814599514 -43.37517568984204 13.427981889247894
      vertex -38.49385325610638 -43.37517568984204 13.438867098093032
    endloop
  endfacet
  facet normal 0 -1 0
    outer loop
      vertex -38.49492754787207 -43.37517568984204 13.43208430558443
      vertex -38.36728299409151 -43.37517568984204 13.353863625228405
      vertex -38.355543814599514 -43.37517568984204 13.427981889247894
    endloop
  endfacet
  facet normal 0.9876883411563191 0 -0.15643446149707135
    outer loop
      vertex -38.36728299409151 -43.37517568984204 13.353863625228405
      vertex -38.36728299409151 -43.27568542494924 13.353863625228405
      vertex -38.355543814599514 -43.37517568984204 13.427981889247894
    endloop
  endfacet
  facet normal 0.9876883411563191 0 -0.15643446149707135
    outer loop
      vertex -38.355543814599514 -43.37517568984204 13.427981889247894
      vertex -38.36728299409151 -43.27568542494924 13.353863625228405
      vertex -38.355543814599514 -43.27568542494924 13.427981889247894
    endloop
  endfacet
  facet normal 0 -1 0
    outer loop
      vertex -38.49385325610638 -43.37517568984204 13.438867098093032
      vertex -38.355543814599514 -43.37517568984204 13.427981889247894
      vertex -38.49385325610638 -43.37517568984204 14.639537355303764
    endloop
  endfacet
  facet normal 1 0 0
    outer loop
      vertex -38.355543814599514 -43.37517568984204 13.427981889247894
      vertex -38.355543814599514 -43.27568542494924 13.427981889247894
      vertex -38.355543814599514 -43.37517568984204 14.684476813673973
    endloop
  endfacet
  facet normal 0 -1 0
    outer loop
      vertex -38.355543814599514 -43.37517568984204 13.427981889247894
      vertex -38.355543814599514 -43.37517568984204 14.684476813673973
      vertex -38.49385325610638 -43.37517568984204 14.639537355303764
    endloop
  endfacet
  facet normal 1 0 0
    outer loop
      vertex -38.355543814599514 -43.27568542494924 13.427981889247894
      vertex -38.355543814599514 -43.27568542494924 14.684476813673973
      vertex -38.355543814599514 -43.37517568984204 14.684476813673973
    endloop
  endfacet
  facet normal 0 -1 0
    outer loop
      vertex -41.039537355303764 -43.37517568984204 15.106146743893623
      vertex -38.83886709064245 -43.37517568984204 15.106146743893623
      vertex -38.753863625228405 -43.37517568984204 15.232717005908489
    endloop
  endfacet
  facet normal 0 -1 0
    outer loop
      vertex -41.039537355303764 -43.37517568984204 15.106146743893623
      vertex -38.753863625228405 -43.37517568984204 15.232717005908489
      vertex -38.827981889247894 -43.37517568984204 15.244456185400486
    endloop
  endfacet
  facet normal 0 0 1
    outer loop
      vertex -41.084476821124554 -43.37517568984204 15.244456185400486
      vertex -38.827981889247894 -43.37517568984204 15.244456185400486
      vertex -38.827981889247894 -43.27568542494924 15.244456185400486
    endloop
  endfacet
  facet normal 0 -1 0
    outer loop
      vertex -38.83886709064245 -43.37517568984204 15.106146743893623
      vertex -38.83208430558443 -43.37517568984204 15.105072452127933
      vertex -38.753863625228405 -43.37517568984204 15.232717005908489
    endloop
  endfacet
  facet normal 0.15643446149707135 0 0.9876883411563191
    outer loop
      vertex -38.827981889247894 -43.37517568984204 15.244456185400486
      vertex -38.753863625228405 -43.27568542494924 15.232717005908489
      vertex -38.827981889247894 -43.27568542494924 15.244456185400486
    endloop
  endfacet
  facet normal 0.15643446149707135 0 0.9876883411563191
    outer loop
      vertex -38.827981889247894 -43.37517568984204 15.244456185400486
      vertex -38.753863625228405 -43.37517568984204 15.232717005908489
      vertex -38.753863625228405 -43.27568542494924 15.232717005908489
    endloop
  endfacet
  facet normal 0 -1 0
    outer loop
      vertex -38.49385325610638 -43.37517568984204 14.639537355303764
      vertex -38.355543814599514 -43.37517568984204 14.684476813673973
      vertex -38.83208430558443 -43.37517568984204 15.105072452127933
    endloop
  endfacet
  facet normal 0.8090169975967625 0 0.5877852478580251
    outer loop
      vertex -38.355543814599514 -43.37517568984204 14.684476813673973
      vertex -38.355543814599514 -43.27568542494924 14.684476813673973
      vertex -38.753863625228405 -43.37517568984204 15.232717005908489
    endloop
  endfacet
  facet normal 0 -1 0
    outer loop
      vertex -38.355543814599514 -43.37517568984204 14.684476813673973
      vertex -38.753863625228405 -43.37517568984204 15.232717005908489
      vertex -38.83208430558443 -43.37517568984204 15.105072452127933
    endloop
  endfacet
  facet normal 0.8090169975967625 0 0.5877852478580251
    outer loop
      vertex -38.355543814599514 -43.27568542494924 14.684476813673973
      vertex -38.753863625228405 -43.27568542494924 15.232717005908489
      vertex -38.753863625228405 -43.37517568984204 15.232717005908489
    endloop
  endfacet
  facet normal -0.8090169916014381 0 -0.587785256109881
    outer loop
      vertex -41.16791569441557 -43.44910362600903 13.094927547872066
      vertex -41.50614674389362 -43.44910362600903 13.560462644696235
      vertex -41.16791569441557 -43.37517568984204 13.094927547872066
    endloop
  endfacet
  facet normal 0 -1 0
    outer loop
      vertex -41.16791569441557 -43.44910362600903 13.094927547872066
      vertex -41.35607225447893 -43.44910362600903 13.60922480225563
      vertex -41.50614674389362 -43.44910362600903 13.560462644696235
    endloop
  endfacet
  facet normal -0.8090169916014381 0 -0.587785256109881
    outer loop
      vertex -41.16791569441557 -43.37517568984204 13.094927547872066
      vertex -41.50614674389362 -43.44910362600903 13.560462644696235
      vertex -41.50614674389362 -43.37517568984204 13.560462644696235
    endloop
  endfacet
  facet normal -1 0 0
    outer loop
      vertex -41.50614674389362 -43.44910362600903 13.560462644696235
      vertex -41.50614674389362 -43.44910362600903 14.761132901906967
      vertex -41.50614674389362 -43.37517568984204 13.560462644696235
    endloop
  endfacet
  facet normal 0 -1 0
    outer loop
      vertex -41.50614674389362 -43.44910362600903 13.560462644696235
      vertex -41.35607225447893 -43.44910362600903 13.60922480225563
      vertex -41.35607225447893 -43.44910362600903 14.69066841006279
    endloop
  endfacet
  facet normal -0.15643505462346155 0 -0.9876882472141474
    outer loop
      vertex -41.16791569441557 -43.44910362600903 13.094927547872066
      vertex -41.16113290935755 -43.37517568984204 13.093853256106376
      vertex -41.16113290935755 -43.44910362600903 13.093853256106376
    endloop
  endfacet
  facet normal -0.15643505462346155 0 -0.9876882472141474
    outer loop
      vertex -41.16791569441557 -43.44910362600903 13.094927547872066
      vertex -41.16791569441557 -43.37517568984204 13.094927547872066
      vertex -41.16113290935755 -43.37517568984204 13.093853256106376
    endloop
  endfacet
  facet normal 0 -1 0
    outer loop
      vertex -41.16791569441557 -43.44910362600903 13.094927547872066
      vertex -41.16113290935755 -43.44910362600903 13.093853256106376
      vertex -41.09066841751337 -43.44910362600903 13.243927745521068
    endloop
  endfacet
  facet normal 0 -1 0
    outer loop
      vertex -41.16791569441557 -43.44910362600903 13.094927547872066
      vertex -41.09066841751337 -43.44910362600903 13.243927745521068
      vertex -41.35607225447893 -43.44910362600903 13.60922480225563
    endloop
  endfacet
  facet normal 0 0 -1
    outer loop
      vertex -41.16113290935755 -43.44910362600903 13.093853256106376
      vertex -41.16113290935755 -43.37517568984204 13.093853256106376
      vertex -38.960462644696236 -43.37517568984204 13.093853256106376
    endloop
  endfacet
  facet normal 0 -1 0
    outer loop
      vertex -41.16113290935755 -43.44910362600903 13.093853256106376
      vertex -38.960462644696236 -43.44910362600903 13.093853256106376
      vertex -41.09066841751337 -43.44910362600903 13.243927745521068
    endloop
  endfacet
  facet normal 0 -1 0
    outer loop
      vertex -41.50614674389362 -43.44910362600903 13.560462644696235
      vertex -41.35607225447893 -43.44910362600903 14.69066841006279
      vertex -41.50614674389362 -43.44910362600903 14.761132901906967
    endloop
  endfacet
  facet normal -1 0 0
    outer loop
      vertex -41.50614674389362 -43.37517568984204 13.560462644696235
      vertex -41.50614674389362 -43.44910362600903 14.761132901906967
      vertex -41.50614674389362 -43.37517568984204 14.761132901906967
    endloop
  endfacet
  facet normal -0.9876882737644458 0 0.15643488699203037
    outer loop
      vertex -41.50614674389362 -43.44910362600903 14.761132901906967
      vertex -41.50507245212793 -43.44910362600903 14.767915694415569
      vertex -41.50614674389362 -43.37517568984204 14.761132901906967
    endloop
  endfacet
  facet normal -0.9876882737644458 0 0.15643488699203037
    outer loop
      vertex -41.50507245212793 -43.44910362600903 14.767915694415569
      vertex -41.50507245212793 -43.37517568984204 14.767915694415569
      vertex -41.50614674389362 -43.37517568984204 14.761132901906967
    endloop
  endfacet
  facet normal 0 -1 0
    outer loop
      vertex -41.50614674389362 -43.44910362600903 14.761132901906967
      vertex -40.99077520519495 -43.44910362600903 14.956072254478931
      vertex -41.50507245212793 -43.44910362600903 14.767915694415569
    endloop
  endfacet
  facet normal -0.5877852561098811 0 0.8090169916014384
    outer loop
      vertex -41.50507245212793 -43.44910362600903 14.767915694415569
      vertex -41.039537355303764 -43.44910362600903 15.106146743893623
      vertex -41.50507245212793 -43.37517568984204 14.767915694415569
    endloop
  endfacet
  facet normal 0 -1 0
    outer loop
      vertex -41.50614674389362 -43.44910362600903 14.761132901906967
      vertex -41.35607225447893 -43.44910362600903 14.69066841006279
      vertex -40.99077520519495 -43.44910362600903 14.956072254478931
    endloop
  endfacet
  facet normal 0 -1 0
    outer loop
      vertex -41.50507245212793 -43.44910362600903 14.767915694415569
      vertex -40.99077520519495 -43.44910362600903 14.956072254478931
      vertex -41.039537355303764 -43.44910362600903 15.106146743893623
    endloop
  endfacet
  facet normal -0.5877852561098811 0 0.8090169916014384
    outer loop
      vertex -41.50507245212793 -43.37517568984204 14.767915694415569
      vertex -41.039537355303764 -43.44910362600903 15.106146743893623
      vertex -41.039537355303764 -43.37517568984204 15.106146743893623
    endloop
  endfacet
  facet normal 0 -1 0
    outer loop
      vertex -40.99077520519495 -43.44910362600903 14.956072254478931
      vertex -38.90933158248663 -43.44910362600903 14.956072254478931
      vertex -41.039537355303764 -43.44910362600903 15.106146743893623
    endloop
  endfacet
  facet normal 0 0 1
    outer loop
      vertex -41.039537355303764 -43.44910362600903 15.106146743893623
      vertex -38.83886709064245 -43.44910362600903 15.106146743893623
      vertex -41.039537355303764 -43.37517568984204 15.106146743893623
    endloop
  endfacet
  facet normal 0 0 -1
    outer loop
      vertex -41.16113290935755 -43.44910362600903 13.093853256106376
      vertex -38.960462644696236 -43.37517568984204 13.093853256106376
      vertex -38.960462644696236 -43.44910362600903 13.093853256106376
    endloop
  endfacet
  facet normal 0 -1 0
    outer loop
      vertex -41.09066841751337 -43.44910362600903 13.243927745521068
      vertex -38.960462644696236 -43.44910362600903 13.093853256106376
      vertex -39.00922479480505 -43.44910362600903 13.243927745521068
    endloop
  endfacet
  facet normal 0 -1 0
    outer loop
      vertex -38.960462644696236 -43.44910362600903 13.093853256106376
      vertex -38.49492754787207 -43.44910362600903 13.43208430558443
      vertex -39.00922479480505 -43.44910362600903 13.243927745521068
    endloop
  endfacet
  facet normal 0.5877852561098811 0 -0.8090169916014384
    outer loop
      vertex -38.960462644696236 -43.44910362600903 13.093853256106376
      vertex -38.960462644696236 -43.37517568984204 13.093853256106376
      vertex -38.49492754787207 -43.37517568984204 13.43208430558443
    endloop
  endfacet
  facet normal 0.5877852561098811 0 -0.8090169916014384
    outer loop
      vertex -38.960462644696236 -43.44910362600903 13.093853256106376
      vertex -38.49492754787207 -43.37517568984204 13.43208430558443
      vertex -38.49492754787207 -43.44910362600903 13.43208430558443
    endloop
  endfacet
  facet normal 0 -1 0
    outer loop
      vertex -39.00922479480505 -43.44910362600903 13.243927745521068
      vertex -38.49385325610638 -43.44910362600903 13.438867098093032
      vertex -38.64392774552107 -43.44910362600903 13.50933158993721
    endloop
  endfacet
  facet normal 0 -1 0
    outer loop
      vertex -39.00922479480505 -43.44910362600903 13.243927745521068
      vertex -38.49492754787207 -43.44910362600903 13.43208430558443
      vertex -38.49385325610638 -43.44910362600903 13.438867098093032
    endloop
  endfacet
  facet normal 0.9876882737644458 0 -0.15643488699203037
    outer loop
      vertex -38.49492754787207 -43.44910362600903 13.43208430558443
      vertex -38.49385325610638 -43.37517568984204 13.438867098093032
      vertex -38.49385325610638 -43.44910362600903 13.438867098093032
    endloop
  endfacet
  facet normal 0.9876882737644458 0 -0.15643488699203037
    outer loop
      vertex -38.49492754787207 -43.44910362600903 13.43208430558443
      vertex -38.49492754787207 -43.37517568984204 13.43208430558443
      vertex -38.49385325610638 -43.37517568984204 13.438867098093032
    endloop
  endfacet
  facet normal 0 -1 0
    outer loop
      vertex -38.64392774552107 -43.44910362600903 13.50933158993721
      vertex -38.49385325610638 -43.44910362600903 13.438867098093032
      vertex -38.49385325610638 -43.44910362600903 14.639537355303764
    endloop
  endfacet
  facet normal 1 0 0
    outer loop
      vertex -38.49385325610638 -43.44910362600903 13.438867098093032
      vertex -38.49385325610638 -43.37517568984204 13.438867098093032
      vertex -38.49385325610638 -43.37517568984204 14.639537355303764
    endloop
  endfacet
  facet normal 0 -1 0
    outer loop
      vertex -38.64392774552107 -43.44910362600903 13.50933158993721
      vertex -38.49385325610638 -43.44910362600903 14.639537355303764
      vertex -38.64392774552107 -43.44910362600903 14.59077519774437
    endloop
  endfacet
  facet normal 1 0 0
    outer loop
      vertex -38.49385325610638 -43.44910362600903 13.438867098093032
      vertex -38.49385325610638 -43.37517568984204 14.639537355303764
      vertex -38.49385325610638 -43.44910362600903 14.639537355303764
    endloop
  endfacet
  facet normal 0 -1 0
    outer loop
      vertex -41.039537355303764 -43.44910362600903 15.106146743893623
      vertex -38.90933158248663 -43.44910362600903 14.956072254478931
      vertex -38.83886709064245 -43.44910362600903 15.106146743893623
    endloop
  endfacet
  facet normal 0 -1 0
    outer loop
      vertex -38.90933158248663 -43.44910362600903 14.956072254478931
      vertex -38.64392774552107 -43.44910362600903 14.59077519774437
      vertex -38.83208430558443 -43.44910362600903 15.105072452127933
    endloop
  endfacet
  facet normal 0 -1 0
    outer loop
      vertex -38.90933158248663 -43.44910362600903 14.956072254478931
      vertex -38.83208430558443 -43.44910362600903 15.105072452127933
      vertex -38.83886709064245 -43.44910362600903 15.106146743893623
    endloop
  endfacet
  facet normal 0 0 1
    outer loop
      vertex -41.039537355303764 -43.37517568984204 15.106146743893623
      vertex -38.83886709064245 -43.44910362600903 15.106146743893623
      vertex -38.83886709064245 -43.37517568984204 15.106146743893623
    endloop
  endfacet
  facet normal 0.15643505462346155 0 0.9876882472141474
    outer loop
      vertex -38.83886709064245 -43.44910362600903 15.106146743893623
      vertex -38.83208430558443 -43.44910362600903 15.105072452127933
      vertex -38.83886709064245 -43.37517568984204 15.106146743893623
    endloop
  endfacet
  facet normal 0.15643505462346155 0 0.9876882472141474
    outer loop
      vertex -38.83208430558443 -43.44910362600903 15.105072452127933
      vertex -38.83208430558443 -43.37517568984204 15.105072452127933
      vertex -38.83886709064245 -43.37517568984204 15.106146743893623
    endloop
  endfacet
  facet normal 0 -1 0
    outer loop
      vertex -38.64392774552107 -43.44910362600903 14.59077519774437
      vertex -38.49385325610638 -43.44910362600903 14.639537355303764
      vertex -38.83208430558443 -43.44910362600903 15.105072452127933
    endloop
  endfacet
  facet normal 0.8090169916014381 0 0.587785256109881
    outer loop
      vertex -38.49385325610638 -43.44910362600903 14.639537355303764
      vertex -38.49385325610638 -43.37517568984204 14.639537355303764
      vertex -38.83208430558443 -43.37517568984204 15.105072452127933
    endloop
  endfacet
  facet normal 0.8090169916014381 0 0.587785256109881
    outer loop
      vertex -38.49385325610638 -43.44910362600903 14.639537355303764
      vertex -38.83208430558443 -43.37517568984204 15.105072452127933
      vertex -38.83208430558443 -43.44910362600903 15.105072452127933
    endloop
  endfacet
  facet normal -0.8090170050193756 0 -0.5877852376416745
    outer loop
      vertex -41.35607225447893 -43.49462822432258 13.60922480225563
      vertex -41.35607225447893 -43.44910362600903 13.60922480225563
      vertex -41.09066841751337 -43.49462822432258 13.243927745521068
    endloop
  endfacet
  facet normal -1 0 0
    outer loop
      vertex -41.35607225447893 -43.49462822432258 13.60922480225563
      vertex -41.35607225447893 -43.44910362600903 14.69066841006279
      vertex -41.35607225447893 -43.44910362600903 13.60922480225563
    endloop
  endfacet
  facet normal 0 -1 0
    outer loop
      vertex -41.35607225447893 -43.49462822432258 13.60922480225563
      vertex -41.20000000298023 -43.49462822432258 13.659935756027698
      vertex -41.35607225447893 -43.49462822432258 14.69066841006279
    endloop
  endfacet
  facet normal -0.8090170050193756 0 -0.5877852376416745
    outer loop
      vertex -41.35607225447893 -43.44910362600903 13.60922480225563
      vertex -41.09066841751337 -43.44910362600903 13.243927745521068
      vertex -41.09066841751337 -43.49462822432258 13.243927745521068
    endloop
  endfacet
  facet normal 0 -1 0
    outer loop
      vertex -41.35607225447893 -43.49462822432258 13.60922480225563
      vertex -41.09066841751337 -43.49462822432258 13.243927745521068
      vertex -41.01114562153816 -43.49462822432258 13.399999997019767
    endloop
  endfacet
  facet normal 0 0 -1
    outer loop
      vertex -41.09066841751337 -43.49462822432258 13.243927745521068
      vertex -41.09066841751337 -43.44910362600903 13.243927745521068
      vertex -39.00922479480505 -43.49462822432258 13.243927745521068
    endloop
  endfacet
  facet normal 0 -1 0
    outer loop
      vertex -41.09066841751337 -43.49462822432258 13.243927745521068
      vertex -39.0599357560277 -43.49462822432258 13.399999997019767
      vertex -41.01114562153816 -43.49462822432258 13.399999997019767
    endloop
  endfacet
  facet normal 0 -1 0
    outer loop
      vertex -41.35607225447893 -43.49462822432258 13.60922480225563
      vertex -41.01114562153816 -43.49462822432258 13.399999997019767
      vertex -41.20000000298023 -43.49462822432258 13.659935756027698
    endloop
  endfacet
  facet normal -1 0 0
    outer loop
      vertex -41.35607225447893 -43.49462822432258 13.60922480225563
      vertex -41.35607225447893 -43.49462822432258 14.69066841006279
      vertex -41.35607225447893 -43.44910362600903 14.69066841006279
    endloop
  endfacet
  facet normal 0 -1 0
    outer loop
      vertex -41.20000000298023 -43.49462822432258 13.659935756027698
      vertex -41.20000000298023 -43.49462822432258 14.611145621538162
      vertex -41.35607225447893 -43.49462822432258 14.69066841006279
    endloop
  endfacet
  facet normal -0.5877852562880388 0 0.809016991471999
    outer loop
      vertex -41.35607225447893 -43.49462822432258 14.69066841006279
      vertex -40.99077520519495 -43.44910362600903 14.956072254478931
      vertex -41.35607225447893 -43.44910362600903 14.69066841006279
    endloop
  endfacet
  facet normal 0 -1 0
    outer loop
      vertex -41.35607225447893 -43.49462822432258 14.69066841006279
      vertex -41.20000000298023 -43.49462822432258 14.611145621538162
      vertex -40.99077520519495 -43.49462822432258 14.956072254478931
    endloop
  endfacet
  facet normal -0.5877852562880388 0 0.809016991471999
    outer loop
      vertex -41.35607225447893 -43.49462822432258 14.69066841006279
      vertex -40.99077520519495 -43.49462822432258 14.956072254478931
      vertex -40.99077520519495 -43.44910362600903 14.956072254478931
    endloop
  endfacet
  facet normal 0 -1 0
    outer loop
      vertex -41.20000000298023 -43.49462822432258 14.611145621538162
      vertex -40.9400642439723 -43.49462822432258 14.800000002980232
      vertex -40.99077520519495 -43.49462822432258 14.956072254478931
    endloop
  endfacet
  facet normal 0 -1 0
    outer loop
      vertex -40.99077520519495 -43.49462822432258 14.956072254478931
      vertex -40.9400642439723 -43.49462822432258 14.800000002980232
      vertex -38.90933158248663 -43.49462822432258 14.956072254478931
    endloop
  endfacet
  facet normal 0 0 1
    outer loop
      vertex -40.99077520519495 -43.49462822432258 14.956072254478931
      vertex -38.90933158248663 -43.44910362600903 14.956072254478931
      vertex -40.99077520519495 -43.44910362600903 14.956072254478931
    endloop
  endfacet
  facet normal 0 0 -1
    outer loop
      vertex -41.09066841751337 -43.44910362600903 13.243927745521068
      vertex -39.00922479480505 -43.44910362600903 13.243927745521068
      vertex -39.00922479480505 -43.49462822432258 13.243927745521068
    endloop
  endfacet
  facet normal 0 -1 0
    outer loop
      vertex -41.09066841751337 -43.49462822432258 13.243927745521068
      vertex -39.00922479480505 -43.49462822432258 13.243927745521068
      vertex -39.0599357560277 -43.49462822432258 13.399999997019767
    endloop
  endfacet
  facet normal 0 -1 0
    outer loop
      vertex -39.0599357560277 -43.49462822432258 13.399999997019767
      vertex -39.00922479480505 -43.49462822432258 13.243927745521068
      vertex -38.79999999701977 -43.49462822432258 13.588854378461837
    endloop
  endfacet
  facet normal 0.5877852562880388 0 -0.809016991471999
    outer loop
      vertex -39.00922479480505 -43.49462822432258 13.243927745521068
      vertex -39.00922479480505 -43.44910362600903 13.243927745521068
      vertex -38.64392774552107 -43.49462822432258 13.50933158993721
    endloop
  endfacet
  facet normal 0.5877852562880388 0 -0.809016991471999
    outer loop
      vertex -39.00922479480505 -43.44910362600903 13.243927745521068
      vertex -38.64392774552107 -43.44910362600903 13.50933158993721
      vertex -38.64392774552107 -43.49462822432258 13.50933158993721
    endloop
  endfacet
  facet normal 0 -1 0
    outer loop
      vertex -39.00922479480505 -43.49462822432258 13.243927745521068
      vertex -38.64392774552107 -43.49462822432258 13.50933158993721
      vertex -38.79999999701977 -43.49462822432258 13.588854378461837
    endloop
  endfacet
  facet normal 0 -1 0
    outer loop
      vertex -38.79999999701977 -43.49462822432258 13.588854378461837
      vertex -38.64392774552107 -43.49462822432258 13.50933158993721
      vertex -38.79999999701977 -43.49462822432258 14.540064243972301
    endloop
  endfacet
  facet normal 1 0 0
    outer loop
      vertex -38.64392774552107 -43.49462822432258 13.50933158993721
      vertex -38.64392774552107 -43.44910362600903 13.50933158993721
      vertex -38.64392774552107 -43.49462822432258 14.59077519774437
    endloop
  endfacet
  facet normal 0 -1 0
    outer loop
      vertex -38.64392774552107 -43.49462822432258 13.50933158993721
      vertex -38.64392774552107 -43.49462822432258 14.59077519774437
      vertex -38.79999999701977 -43.49462822432258 14.540064243972301
    endloop
  endfacet
  facet normal 1 0 0
    outer loop
      vertex -38.64392774552107 -43.44910362600903 13.50933158993721
      vertex -38.64392774552107 -43.44910362600903 14.59077519774437
      vertex -38.64392774552107 -43.49462822432258 14.59077519774437
    endloop
  endfacet
  facet normal 0 -1 0
    outer loop
      vertex -40.9400642439723 -43.49462822432258 14.800000002980232
      vertex -38.98885437846184 -43.49462822432258 14.800000002980232
      vertex -38.90933158248663 -43.49462822432258 14.956072254478931
    endloop
  endfacet
  facet normal 0 0 1
    outer loop
      vertex -40.99077520519495 -43.49462822432258 14.956072254478931
      vertex -38.90933158248663 -43.49462822432258 14.956072254478931
      vertex -38.90933158248663 -43.44910362600903 14.956072254478931
    endloop
  endfacet
  facet normal 0 -1 0
    outer loop
      vertex -38.98885437846184 -43.49462822432258 14.800000002980232
      vertex -38.79999999701977 -43.49462822432258 14.540064243972301
      vertex -38.64392774552107 -43.49462822432258 14.59077519774437
    endloop
  endfacet
  facet normal 0 -1 0
    outer loop
      vertex -38.98885437846184 -43.49462822432258 14.800000002980232
      vertex -38.64392774552107 -43.49462822432258 14.59077519774437
      vertex -38.90933158248663 -43.49462822432258 14.956072254478931
    endloop
  endfacet
  facet normal 0.8090170050193756 0 0.5877852376416745
    outer loop
      vertex -38.90933158248663 -43.49462822432258 14.956072254478931
      vertex -38.64392774552107 -43.44910362600903 14.59077519774437
      vertex -38.90933158248663 -43.44910362600903 14.956072254478931
    endloop
  endfacet
  facet normal 0.8090170050193756 0 0.5877852376416745
    outer loop
      vertex -38.90933158248663 -43.49462822432258 14.956072254478931
      vertex -38.64392774552107 -43.49462822432258 14.59077519774437
      vertex -38.64392774552107 -43.44910362600903 14.59077519774437
    endloop
  endfacet
  facet normal -0.809016997374276 0 -0.5877852481642516
    outer loop
      vertex -41.20000000298023 -43.51 13.659935756027698
      vertex -41.01114562153816 -43.49462822432258 13.399999997019767
      vertex -41.01114562153816 -43.51 13.399999997019767
    endloop
  endfacet
  facet normal 0 0 -1
    outer loop
      vertex -41.01114562153816 -43.51 13.399999997019767
      vertex -41.01114562153816 -43.49462822432258 13.399999997019767
      vertex -39.0599357560277 -43.49462822432258 13.399999997019767
    endloop
  endfacet
  facet normal -0.809016997374276 0 -0.5877852481642516
    outer loop
      vertex -41.20000000298023 -43.51 13.659935756027698
      vertex -41.20000000298023 -43.49462822432258 13.659935756027698
      vertex -41.01114562153816 -43.49462822432258 13.399999997019767
    endloop
  endfacet
  facet normal -1 0 0
    outer loop
      vertex -41.20000000298023 -43.51 13.659935756027698
      vertex -41.20000000298023 -43.51 14.611145621538162
      vertex -41.20000000298023 -43.49462822432258 13.659935756027698
    endloop
  endfacet
  facet normal -1 0 0
    outer loop
      vertex -41.20000000298023 -43.49462822432258 13.659935756027698
      vertex -41.20000000298023 -43.51 14.611145621538162
      vertex -41.20000000298023 -43.49462822432258 14.611145621538162
    endloop
  endfacet
  facet normal 0 -1 0
    outer loop
      vertex -41.20000000298023 -43.51 13.659935756027698
      vertex -41.01114562153816 -43.51 13.399999997019767
      vertex -38.79999999701977 -43.51 13.588854378461837
    endloop
  endfacet
  facet normal 0 -1 0
    outer loop
      vertex -41.20000000298023 -43.51 13.659935756027698
      vertex -38.79999999701977 -43.51 14.540064243972301
      vertex -41.20000000298023 -43.51 14.611145621538162
    endloop
  endfacet
  facet normal -0.5877852481642516 0 0.809016997374276
    outer loop
      vertex -41.20000000298023 -43.51 14.611145621538162
      vertex -40.9400642439723 -43.51 14.800000002980232
      vertex -41.20000000298023 -43.49462822432258 14.611145621538162
    endloop
  endfacet
  facet normal -0.5877852481642516 0 0.809016997374276
    outer loop
      vertex -41.20000000298023 -43.49462822432258 14.611145621538162
      vertex -40.9400642439723 -43.51 14.800000002980232
      vertex -40.9400642439723 -43.49462822432258 14.800000002980232
    endloop
  endfacet
  facet normal 0 -1 0
    outer loop
      vertex -41.20000000298023 -43.51 14.611145621538162
      vertex -38.98885437846184 -43.51 14.800000002980232
      vertex -40.9400642439723 -43.51 14.800000002980232
    endloop
  endfacet
  facet normal 0 0 1
    outer loop
      vertex -40.9400642439723 -43.51 14.800000002980232
      vertex -38.98885437846184 -43.51 14.800000002980232
      vertex -40.9400642439723 -43.49462822432258 14.800000002980232
    endloop
  endfacet
  facet normal 0 0 -1
    outer loop
      vertex -41.01114562153816 -43.51 13.399999997019767
      vertex -39.0599357560277 -43.49462822432258 13.399999997019767
      vertex -39.0599357560277 -43.51 13.399999997019767
    endloop
  endfacet
  facet normal 0 -1 0
    outer loop
      vertex -41.01114562153816 -43.51 13.399999997019767
      vertex -39.0599357560277 -43.51 13.399999997019767
      vertex -38.79999999701977 -43.51 13.588854378461837
    endloop
  endfacet
  facet normal 0.5877852481642516 0 -0.809016997374276
    outer loop
      vertex -39.0599357560277 -43.51 13.399999997019767
      vertex -39.0599357560277 -43.49462822432258 13.399999997019767
      vertex -38.79999999701977 -43.49462822432258 13.588854378461837
    endloop
  endfacet
  facet normal 0 -1 0
    outer loop
      vertex -41.20000000298023 -43.51 13.659935756027698
      vertex -38.79999999701977 -43.51 13.588854378461837
      vertex -38.79999999701977 -43.51 14.540064243972301
    endloop
  endfacet
  facet normal 0.5877852481642516 0 -0.809016997374276
    outer loop
      vertex -39.0599357560277 -43.51 13.399999997019767
      vertex -38.79999999701977 -43.49462822432258 13.588854378461837
      vertex -38.79999999701977 -43.51 13.588854378461837
    endloop
  endfacet
  facet normal 1 0 0
    outer loop
      vertex -38.79999999701977 -43.51 13.588854378461837
      vertex -38.79999999701977 -43.49462822432258 13.588854378461837
      vertex -38.79999999701977 -43.49462822432258 14.540064243972301
    endloop
  endfacet
  facet normal 1 0 0
    outer loop
      vertex -38.79999999701977 -43.51 13.588854378461837
      vertex -38.79999999701977 -43.49462822432258 14.540064243972301
      vertex -38.79999999701977 -43.51 14.540064243972301
    endloop
  endfacet
  facet normal 0 -1 0
    outer loop
      vertex -41.20000000298023 -43.51 14.611145621538162
      vertex -38.79999999701977 -43.51 14.540064243972301
      vertex -38.98885437846184 -43.51 14.800000002980232
    endloop
  endfacet
  facet normal 0 0 1
    outer loop
      vertex -40.9400642439723 -43.49462822432258 14.800000002980232
      vertex -38.98885437846184 -43.51 14.800000002980232
      vertex -38.98885437846184 -43.49462822432258 14.800000002980232
    endloop
  endfacet
  facet normal 0.809016997374276 0 0.5877852481642516
    outer loop
      vertex -38.98885437846184 -43.49462822432258 14.800000002980232
      vertex -38.79999999701977 -43.51 14.540064243972301
      vertex -38.79999999701977 -43.49462822432258 14.540064243972301
    endloop
  endfacet
  facet normal 0.809016997374276 0 0.5877852481642516
    outer loop
      vertex -38.98885437846184 -43.51 14.800000002980232
      vertex -38.79999999701977 -43.51 14.540064243972301
      vertex -38.98885437846184 -43.49462822432258 14.800000002980232
    endloop
  endfacet
  facet normal 0 -1 0
    outer loop
      vertex -41.44721359759569 -42.71 12.639154782891273
      vertex -41.20000000298023 -42.71 12.6
      vertex -41.43852011114359 -42.71 12.653341262042522
    endloop
  endfacet
  facet normal 0 -1 0
    outer loop
      vertex -41.43852011114359 -42.71 12.653341262042522
      vertex -41.20000000298023 -42.71 12.6
      vertex -41.19879022240639 -42.71 12.615371777117252
    endloop
  endfacet
  facet normal -0.15643444971321582 0 -0.9876883430226983
    outer loop
      vertex -41.44721359759569 -42.71 12.639154782891273
      vertex -41.20000000298023 -39.9 12.6
      vertex -41.20000000298023 -42.71 12.6
    endloop
  endfacet
  facet normal 0 -1 0
    outer loop
      vertex -41.20000000298023 -42.71 12.6
      vertex -38.80499458312988 -42.71 12.615371777117252
      vertex -41.19879022240639 -42.71 12.615371777117252
    endloop
  endfacet
  facet normal 0 -1 0
    outer loop
      vertex -42 -42.71 13.399999997019767
      vertex -41.44721359759569 -42.71 12.639154782891273
      vertex -41.43852011114359 -42.71 12.653341262042522
    endloop
  endfacet
  facet normal 0 -1 0
    outer loop
      vertex -42 -42.71 13.399999997019767
      vertex -41.43852011114359 -42.71 12.653341262042522
      vertex -41.98462822288275 -42.71 13.404994590580463
    endloop
  endfacet
  facet normal 0 -1 0
    outer loop
      vertex -42 -42.71 13.399999997019767
      vertex -41.98462822288275 -42.71 13.404994590580463
      vertex -41.98462822288275 -42.71 14.798790214955806
    endloop
  endfacet
  facet normal -0.8090169958359249 0 -0.5877852502816101
    outer loop
      vertex -42 -42.71 13.399999997019767
      vertex -41.44721359759569 -39.9 12.639154782891273
      vertex -41.44721359759569 -42.71 12.639154782891273
    endloop
  endfacet
  facet normal -1 0 0
    outer loop
      vertex -42 -42.71 13.399999997019767
      vertex -42 -42.71 14.800000002980232
      vertex -42 -39.9 13.399999997019767
    endloop
  endfacet
  facet normal -0.15643444971321582 0 -0.9876883430226983
    outer loop
      vertex -41.44721359759569 -42.71 12.639154782891273
      vertex -41.44721359759569 -39.9 12.639154782891273
      vertex -41.20000000298023 -39.9 12.6
    endloop
  endfacet
  facet normal 0 0 -1
    outer loop
      vertex -41.20000000298023 -42.71 12.6
      vertex -41.20000000298023 -39.9 12.6
      vertex -38.79999999701977 -39.9 12.6
    endloop
  endfacet
  facet normal -0.8090169958359249 0 -0.5877852502816101
    outer loop
      vertex -42 -42.71 13.399999997019767
      vertex -42 -39.9 13.399999997019767
      vertex -41.44721359759569 -39.9 12.639154782891273
    endloop
  endfacet
  facet normal 0 -1 0
    outer loop
      vertex -42 -42.71 13.399999997019767
      vertex -41.98462822288275 -42.71 14.798790214955806
      vertex -42 -42.71 14.800000002980232
    endloop
  endfacet
  facet normal 0 -1 0
    outer loop
      vertex -42 -42.71 14.800000002980232
      vertex -41.98462822288275 -42.71 14.798790214955806
      vertex -41.94665873795748 -42.71 15.038520111143589
    endloop
  endfacet
  facet normal 0 -1 0
    outer loop
      vertex -42 -42.71 14.800000002980232
      vertex -41.94665873795748 -42.71 15.038520111143589
      vertex -41.96084521710873 -42.71 15.047213597595691
    endloop
  endfacet
  facet normal 0 -1 0
    outer loop
      vertex -41.96084521710873 -42.71 15.047213597595691
      vertex -41.94665873795748 -42.71 15.038520111143589
      vertex -41.19500541687012 -42.71 15.584628222882747
    endloop
  endfacet
  facet normal 0 -1 0
    outer loop
      vertex -41.96084521710873 -42.71 15.047213597595691
      vertex -41.19500541687012 -42.71 15.584628222882747
      vertex -41.20000000298023 -42.71 15.6
    endloop
  endfacet
  facet normal -0.9876883430226983 0 0.15643444971321582
    outer loop
      vertex -42 -42.71 14.800000002980232
      vertex -41.96084521710873 -42.71 15.047213597595691
      vertex -42 -39.9 14.800000002980232
    endloop
  endfacet
  facet normal -0.5877852502816101 0 0.8090169958359249
    outer loop
      vertex -41.96084521710873 -42.71 15.047213597595691
      vertex -41.20000000298023 -42.71 15.6
      vertex -41.96084521710873 -39.9 15.047213597595691
    endloop
  endfacet
  facet normal 0 -1 0
    outer loop
      vertex -41.19500541687012 -42.71 15.584628222882747
      vertex -38.79999999701977 -42.71 15.6
      vertex -41.20000000298023 -42.71 15.6
    endloop
  endfacet
  facet normal 0 0 1
    outer loop
      vertex -41.20000000298023 -42.71 15.6
      vertex -38.79999999701977 -42.71 15.6
      vertex -41.20000000298023 -39.9 15.6
    endloop
  endfacet
  facet normal -1 0 0
    outer loop
      vertex -42 -42.71 14.800000002980232
      vertex -42 -39.9 14.800000002980232
      vertex -42 -39.9 13.399999997019767
    endloop
  endfacet
  facet normal -0.9876883430226983 0 0.15643444971321582
    outer loop
      vertex -41.96084521710873 -42.71 15.047213597595691
      vertex -41.96084521710873 -39.9 15.047213597595691
      vertex -42 -39.9 14.800000002980232
    endloop
  endfacet
  facet normal -0.5877852502816101 0 0.8090169958359249
    outer loop
      vertex -41.20000000298023 -42.71 15.6
      vertex -41.20000000298023 -39.9 15.6
      vertex -41.96084521710873 -39.9 15.047213597595691
    endloop
  endfacet
  facet normal 0 -1 0
    outer loop
      vertex -41.20000000298023 -42.71 12.6
      vertex -38.79999999701977 -42.71 12.6
      vertex -38.80499458312988 -42.71 12.615371777117252
    endloop
  endfacet
  facet normal 0 0 -1
    outer loop
      vertex -41.20000000298023 -42.71 12.6
      vertex -38.79999999701977 -39.9 12.6
      vertex -38.79999999701977 -42.71 12.6
    endloop
  endfacet
  facet normal 0 -1 0
    outer loop
      vertex -38.79999999701977 -42.71 12.6
      vertex -38.03915478289127 -42.71 13.152786402404308
      vertex -38.80499458312988 -42.71 12.615371777117252
    endloop
  endfacet
  facet normal 0 -1 0
    outer loop
      vertex -38.80499458312988 -42.71 12.615371777117252
      vertex -38.03915478289127 -42.71 13.152786402404308
      vertex -38.05334126204252 -42.71 13.16147988885641
    endloop
  endfacet
  facet normal 0 -1 0
    outer loop
      vertex -38.05334126204252 -42.71 13.16147988885641
      vertex -38.03915478289127 -42.71 13.152786402404308
      vertex -38 -42.71 13.399999997019767
    endloop
  endfacet
  facet normal 0 -1 0
    outer loop
      vertex -38.05334126204252 -42.71 13.16147988885641
      vertex -38 -42.71 13.399999997019767
      vertex -38.01537177711725 -42.71 13.401209785044193
    endloop
  endfacet
  facet normal 0 -1 0
    outer loop
      vertex -38.01537177711725 -42.71 13.401209785044193
      vertex -38 -42.71 13.399999997019767
      vertex -38 -42.71 14.800000002980232
    endloop
  endfacet
  facet normal 0.5877852502816101 0 -0.8090169958359249
    outer loop
      vertex -38.79999999701977 -42.71 12.6
      vertex -38.03915478289127 -39.9 13.152786402404308
      vertex -38.03915478289127 -42.71 13.152786402404308
    endloop
  endfacet
  facet normal 0.9876883430226983 0 -0.15643444971321582
    outer loop
      vertex -38.03915478289127 -42.71 13.152786402404308
      vertex -38 -39.9 13.399999997019767
      vertex -38 -42.71 13.399999997019767
    endloop
  endfacet
  facet normal 0.5877852502816101 0 -0.8090169958359249
    outer loop
      vertex -38.79999999701977 -42.71 12.6
      vertex -38.79999999701977 -39.9 12.6
      vertex -38.03915478289127 -39.9 13.152786402404308
    endloop
  endfacet
  facet normal 0.9876883430226983 0 -0.15643444971321582
    outer loop
      vertex -38.03915478289127 -42.71 13.152786402404308
      vertex -38.03915478289127 -39.9 13.152786402404308
      vertex -38 -39.9 13.399999997019767
    endloop
  endfacet
  facet normal 1 0 0
    outer loop
      vertex -38 -42.71 13.399999997019767
      vertex -38 -39.9 13.399999997019767
      vertex -38 -39.9 14.800000002980232
    endloop
  endfacet
  facet normal 0 -1 0
    outer loop
      vertex -41.19500541687012 -42.71 15.584628222882747
      vertex -38.80120977759361 -42.71 15.584628222882747
      vertex -38.79999999701977 -42.71 15.6
    endloop
  endfacet
  facet normal 0 -1 0
    outer loop
      vertex -38.01537177711725 -42.71 14.795005409419536
      vertex -38 -42.71 14.800000002980232
      vertex -38.56147988885641 -42.71 15.546658737957477
    endloop
  endfacet
  facet normal 0 -1 0
    outer loop
      vertex -38.01537177711725 -42.71 13.401209785044193
      vertex -38 -42.71 14.800000002980232
      vertex -38.01537177711725 -42.71 14.795005409419536
    endloop
  endfacet
  facet normal 0 -1 0
    outer loop
      vertex -38 -42.71 14.800000002980232
      vertex -38.55278640240431 -42.71 15.560845217108726
      vertex -38.56147988885641 -42.71 15.546658737957477
    endloop
  endfacet
  facet normal 0 -1 0
    outer loop
      vertex -38.80120977759361 -42.71 15.584628222882747
      vertex -38.56147988885641 -42.71 15.546658737957477
      vertex -38.79999999701977 -42.71 15.6
    endloop
  endfacet
  facet normal 0 -1 0
    outer loop
      vertex -38.56147988885641 -42.71 15.546658737957477
      vertex -38.55278640240431 -42.71 15.560845217108726
      vertex -38.79999999701977 -42.71 15.6
    endloop
  endfacet
  facet normal 1 0 0
    outer loop
      vertex -38 -42.71 13.399999997019767
      vertex -38 -39.9 14.800000002980232
      vertex -38 -42.71 14.800000002980232
    endloop
  endfacet
  facet normal 0.8090169958359249 0 0.5877852502816101
    outer loop
      vertex -38 -42.71 14.800000002980232
      vertex -38.55278640240431 -39.9 15.560845217108726
      vertex -38.55278640240431 -42.71 15.560845217108726
    endloop
  endfacet
  facet normal 0.15643444971321582 0 0.9876883430226983
    outer loop
      vertex -38.55278640240431 -42.71 15.560845217108726
      vertex -38.79999999701977 -39.9 15.6
      vertex -38.79999999701977 -42.71 15.6
    endloop
  endfacet
  facet normal 0 0 1
    outer loop
      vertex -38.79999999701977 -42.71 15.6
      vertex -38.79999999701977 -39.9 15.6
      vertex -41.20000000298023 -39.9 15.6
    endloop
  endfacet
  facet normal 0.8090169958359249 0 0.5877852502816101
    outer loop
      vertex -38 -42.71 14.800000002980232
      vertex -38 -39.9 14.800000002980232
      vertex -38.55278640240431 -39.9 15.560845217108726
    endloop
  endfacet
  facet normal 0.15643444971321582 0 0.9876883430226983
    outer loop
      vertex -38.55278640240431 -42.71 15.560845217108726
      vertex -38.55278640240431 -39.9 15.560845217108726
      vertex -38.79999999701977 -39.9 15.6
    endloop
  endfacet
  facet normal -1 0 0
    outer loop
      vertex -42.2 -36.5 14.3
      vertex -42.2 -38.699999999999996 14.3
      vertex -42.2 -38.699999999999996 15.8
    endloop
  endfacet
  facet normal 0 0 -1
    outer loop
      vertex -41 -36.5 14.3
      vertex -41 -38.699999999999996 14.3
      vertex -42.2 -38.699999999999996 14.3
    endloop
  endfacet
  facet normal 0 0 1
    outer loop
      vertex -42.2 -36.5 15.8
      vertex -42.2 -38.699999999999996 15.8
      vertex -41 -38.699999999999996 15.8
    endloop
  endfacet
  facet normal 0 0 -1
    outer loop
      vertex -42.2 -36.5 14.3
      vertex -41 -36.5 14.3
      vertex -42.2 -38.699999999999996 14.3
    endloop
  endfacet
  facet normal 0 1 0
    outer loop
      vertex -42.2 -36.5 14.3
      vertex -42.2 -36.5 15.8
      vertex -41 -36.5 14.3
    endloop
  endfacet
  facet normal -1 0 0
    outer loop
      vertex -42.2 -36.5 14.3
      vertex -42.2 -38.699999999999996 15.8
      vertex -42.2 -36.5 15.8
    endloop
  endfacet
  facet normal 0 0 1
    outer loop
      vertex -42.2 -36.5 15.8
      vertex -41 -38.699999999999996 15.8
      vertex -41 -36.5 15.8
    endloop
  endfacet
  facet normal 0 1 0
    outer loop
      vertex -41 -36.5 14.3
      vertex -42.2 -36.5 15.8
      vertex -41 -36.5 15.8
    endloop
  endfacet
  facet normal 1 0 0
    outer loop
      vertex -41 -36.5 15.8
      vertex -41 -38.699999999999996 15.8
      vertex -41 -38.699999999999996 14.3
    endloop
  endfacet
  facet normal 1 0 0
    outer loop
      vertex -41 -36.5 14.3
      vertex -41 -36.5 15.8
      vertex -41 -38.699999999999996 14.3
    endloop
  endfacet
  facet normal -1 0 0
    outer loop
      vertex -39 -36.5 14.3
      vertex -39 -38.699999999999996 14.3
      vertex -39 -38.699999999999996 15.8
    endloop
  endfacet
  facet normal -1 0 0
    outer loop
      vertex -39 -36.5 14.3
      vertex -39 -38.699999999999996 15.8
      vertex -39 -36.5 15.8
    endloop
  endfacet
  facet normal 0 0 -1
    outer loop
      vertex -37.8 -36.5 14.3
      vertex -37.8 -38.699999999999996 14.3
      vertex -39 -38.699999999999996 14.3
    endloop
  endfacet
  facet normal 0 0 1
    outer loop
      vertex -39 -36.5 15.8
      vertex -39 -38.699999999999996 15.8
      vertex -37.8 -38.699999999999996 15.8
    endloop
  endfacet
  facet normal 1 0 0
    outer loop
      vertex -37.8 -36.5 15.8
      vertex -37.8 -38.699999999999996 15.8
      vertex -37.8 -38.699999999999996 14.3
    endloop
  endfacet
  facet normal 0 0 -1
    outer loop
      vertex -39 -36.5 14.3
      vertex -37.8 -36.5 14.3
      vertex -39 -38.699999999999996 14.3
    endloop
  endfacet
  facet normal 0 1 0
    outer loop
      vertex -39 -36.5 14.3
      vertex -39 -36.5 15.8
      vertex -37.8 -36.5 14.3
    endloop
  endfacet
  facet normal 1 0 0
    outer loop
      vertex -37.8 -36.5 14.3
      vertex -37.8 -36.5 15.8
      vertex -37.8 -38.699999999999996 14.3
    endloop
  endfacet
  facet normal 0 0 1
    outer loop
      vertex -39 -36.5 15.8
      vertex -37.8 -38.699999999999996 15.8
      vertex -37.8 -36.5 15.8
    endloop
  endfacet
  facet normal 0 1 0
    outer loop
      vertex -37.8 -36.5 14.3
      vertex -39 -36.5 15.8
      vertex -37.8 -36.5 15.8
    endloop
  endfacet
  facet normal 0 -1 0
    outer loop
      vertex -45 -39.9 11.2
      vertex -41.20000000298023 -39.9 12.6
      vertex -41.44721359759569 -39.9 12.639154782891273
    endloop
  endfacet
  facet normal 0 -1 0
    outer loop
      vertex -45 -39.9 11.2
      vertex -41.44721359759569 -39.9 12.639154782891273
      vertex -42 -39.9 13.399999997019767
    endloop
  endfacet
  facet normal 0 -1 0
    outer loop
      vertex -45 -39.9 11.2
      vertex -42 -39.9 13.399999997019767
      vertex -45 -39.9 16
    endloop
  endfacet
  facet normal -1 0 0
    outer loop
      vertex -45 -39.9 11.2
      vertex -45 -38.699999999999996 16
      vertex -45 -38.699999999999996 11.2
    endloop
  endfacet
  facet normal 0 1 0
    outer loop
      vertex -45 -38.699999999999996 11.2
      vertex -42.2 -38.699999999999996 15.8
      vertex -42.2 -38.699999999999996 14.3
    endloop
  endfacet
  facet normal 0 0 -1
    outer loop
      vertex -45 -39.9 11.2
      vertex -45 -38.699999999999996 11.2
      vertex -35 -38.699999999999996 11.2
    endloop
  endfacet
  facet normal 0 -1 0
    outer loop
      vertex -45 -39.9 11.2
      vertex -35 -39.9 11.2
      vertex -41.20000000298023 -39.9 12.6
    endloop
  endfacet
  facet normal 0 1 0
    outer loop
      vertex -45 -38.699999999999996 11.2
      vertex -42.2 -38.699999999999996 14.3
      vertex -35 -38.699999999999996 11.2
    endloop
  endfacet
  facet normal -1 0 0
    outer loop
      vertex -45 -39.9 11.2
      vertex -45 -39.9 16
      vertex -45 -38.699999999999996 16
    endloop
  endfacet
  facet normal 0 1 0
    outer loop
      vertex -45 -38.699999999999996 11.2
      vertex -45 -38.699999999999996 16
      vertex -42.2 -38.699999999999996 15.8
    endloop
  endfacet
  facet normal 0 -1 0
    outer loop
      vertex -45 -39.9 16
      vertex -42 -39.9 13.399999997019767
      vertex -42 -39.9 14.800000002980232
    endloop
  endfacet
  facet normal 0 -1 0
    outer loop
      vertex -45 -39.9 16
      vertex -42 -39.9 14.800000002980232
      vertex -41.96084521710873 -39.9 15.047213597595691
    endloop
  endfacet
  facet normal 0 -1 0
    outer loop
      vertex -45 -39.9 16
      vertex -41.96084521710873 -39.9 15.047213597595691
      vertex -42 -39.9 15.99
    endloop
  endfacet
  facet normal 0 0 1
    outer loop
      vertex -45 -39.9 16
      vertex -42 -39.9 16
      vertex -45 -38.699999999999996 16
    endloop
  endfacet
  facet normal 0 -1 0
    outer loop
      vertex -45 -39.9 16
      vertex -42 -39.9 15.99
      vertex -42 -39.9 16
    endloop
  endfacet
  facet normal 0 0 1
    outer loop
      vertex -45 -38.699999999999996 16
      vertex -42 -39.9 16
      vertex -42 -38.7 16
    endloop
  endfacet
  facet normal 2.3684757858670005e-15 1 3.315866100213809e-14
    outer loop
      vertex -45 -38.699999999999996 16
      vertex -42 -38.7 16
      vertex -42.2 -38.699999999999996 15.8
    endloop
  endfacet
  facet normal 0 -1 0
    outer loop
      vertex -41.96084521710873 -39.9 15.047213597595691
      vertex -41.20000000298023 -39.9 15.6
      vertex -42 -39.9 15.99
    endloop
  endfacet
  facet normal 0 1 0
    outer loop
      vertex -41 -38.699999999999996 14.3
      vertex -41 -38.699999999999996 15.8
      vertex -39 -38.699999999999996 15.8
    endloop
  endfacet
  facet normal 0 -1 0
    outer loop
      vertex -41.20000000298023 -39.9 15.6
      vertex -38 -39.9 15.99
      vertex -42 -39.9 15.99
    endloop
  endfacet
  facet normal 0 1 3.5527136788005136e-14
    outer loop
      vertex -42.2 -38.699999999999996 15.8
      vertex -42 -38.7 16
      vertex -38 -38.7 16
    endloop
  endfacet
  facet normal 0 0 -1
    outer loop
      vertex -45 -39.9 11.2
      vertex -35 -38.699999999999996 11.2
      vertex -35 -39.9 11.2
    endloop
  endfacet
  facet normal 0 -1 0
    outer loop
      vertex -35 -39.9 11.2
      vertex -38.79999999701977 -39.9 12.6
      vertex -41.20000000298023 -39.9 12.6
    endloop
  endfacet
  facet normal 0 1 0
    outer loop
      vertex -35 -38.699999999999996 11.2
      vertex -42.2 -38.699999999999996 14.3
      vertex -41 -38.699999999999996 14.3
    endloop
  endfacet
  facet normal 0 1 0
    outer loop
      vertex -35 -38.699999999999996 11.2
      vertex -41 -38.699999999999996 14.3
      vertex -39 -38.699999999999996 14.3
    endloop
  endfacet
  facet normal 0 -1 0
    outer loop
      vertex -35 -39.9 11.2
      vertex -38.03915478289127 -39.9 13.152786402404308
      vertex -38.79999999701977 -39.9 12.6
    endloop
  endfacet
  facet normal 0 -1 0
    outer loop
      vertex -35 -39.9 11.2
      vertex -38 -39.9 13.399999997019767
      vertex -38.03915478289127 -39.9 13.152786402404308
    endloop
  endfacet
  facet normal 0 1 0
    outer loop
      vertex -35 -38.699999999999996 11.2
      vertex -39 -38.699999999999996 14.3
      vertex -37.8 -38.699999999999996 14.3
    endloop
  endfacet
  facet normal 1 0 0
    outer loop
      vertex -35 -39.9 11.2
      vertex -35 -38.699999999999996 11.2
      vertex -35 -39.9 16
    endloop
  endfacet
  facet normal 0 -1 0
    outer loop
      vertex -35 -39.9 11.2
      vertex -35 -39.9 16
      vertex -38 -39.9 13.399999997019767
    endloop
  endfacet
  facet normal 0 1 0
    outer loop
      vertex -35 -38.699999999999996 11.2
      vertex -37.8 -38.699999999999996 14.3
      vertex -35 -38.699999999999996 16
    endloop
  endfacet
  facet normal 0 -1 0
    outer loop
      vertex -41.20000000298023 -39.9 15.6
      vertex -38.79999999701977 -39.9 15.6
      vertex -38 -39.9 15.99
    endloop
  endfacet
  facet normal 0 1 0
    outer loop
      vertex -41 -38.699999999999996 14.3
      vertex -39 -38.699999999999996 15.8
      vertex -39 -38.699999999999996 14.3
    endloop
  endfacet
  facet normal 0 -1 0
    outer loop
      vertex -38.55278640240431 -39.9 15.560845217108726
      vertex -38 -39.9 14.800000002980232
      vertex -38 -39.9 15.99
    endloop
  endfacet
  facet normal 0 -1 0
    outer loop
      vertex -38 -39.9 15.99
      vertex -38.79999999701977 -39.9 15.6
      vertex -38.55278640240431 -39.9 15.560845217108726
    endloop
  endfacet
  facet normal 0 1 0
    outer loop
      vertex -35 -38.699999999999996 16
      vertex -41 -38.699999999999996 15.8
      vertex -42.2 -38.699999999999996 15.8
    endloop
  endfacet
  facet normal -2.3684757858670005e-15 1 8.526512829121236e-14
    outer loop
      vertex -38 -38.7 16
      vertex -35 -38.699999999999996 16
      vertex -42.2 -38.699999999999996 15.8
    endloop
  endfacet
  facet normal 0 1 0
    outer loop
      vertex -35 -38.699999999999996 16
      vertex -39 -38.699999999999996 15.8
      vertex -41 -38.699999999999996 15.8
    endloop
  endfacet
  facet normal 0 -1 0
    outer loop
      vertex -35 -39.9 16
      vertex -38 -39.9 14.800000002980232
      vertex -38 -39.9 13.399999997019767
    endloop
  endfacet
  facet normal 0 -1 0
    outer loop
      vertex -35 -39.9 16
      vertex -38 -39.9 15.99
      vertex -38 -39.9 14.800000002980232
    endloop
  endfacet
  facet normal 0 1 0
    outer loop
      vertex -35 -38.699999999999996 16
      vertex -37.8 -38.699999999999996 14.3
      vertex -37.8 -38.699999999999996 15.8
    endloop
  endfacet
  facet normal 1 0 0
    outer loop
      vertex -35 -39.9 16
      vertex -35 -38.699999999999996 11.2
      vertex -35 -38.699999999999996 16
    endloop
  endfacet
  facet normal 0 -1 0
    outer loop
      vertex -35 -39.9 16
      vertex -38 -39.9 16
      vertex -38 -39.9 15.99
    endloop
  endfacet
  facet normal 0 0 1
    outer loop
      vertex -35 -39.9 16
      vertex -38 -38.7 16
      vertex -38 -39.9 16
    endloop
  endfacet
  facet normal 0 1 0
    outer loop
      vertex -35 -38.699999999999996 16
      vertex -37.8 -38.699999999999996 15.8
      vertex -39 -38.699999999999996 15.8
    endloop
  endfacet
  facet normal 0 0 1
    outer loop
      vertex -35 -39.9 16
      vertex -35 -38.699999999999996 16
      vertex -38 -38.7 16
    endloop
  endfacet
  facet normal -1 0 0
    outer loop
      vertex -42 -41 15.99
      vertex -42 -39.9 16
      vertex -42 -39.9 15.99
    endloop
  endfacet
  facet normal -1 0 0
    outer loop
      vertex -42 -41 15.99
      vertex -42 -41 17.4
      vertex -42 -38.7 17.4
    endloop
  endfacet
  facet normal 0 -1 0
    outer loop
      vertex -42 -41 15.99
      vertex -38 -41 17.4
      vertex -42 -41 17.4
    endloop
  endfacet
  facet normal 0 0 -1
    outer loop
      vertex -42 -41 15.99
      vertex -42 -39.9 15.99
      vertex -38 -39.9 15.99
    endloop
  endfacet
  facet normal 0 0 1
    outer loop
      vertex -42 -41 17.4
      vertex -38 -41 17.4
      vertex -42 -38.7 17.4
    endloop
  endfacet
  facet normal -1 0 0
    outer loop
      vertex -42 -41 15.99
      vertex -42 -38.7 17.4
      vertex -42 -39.9 16
    endloop
  endfacet
  facet normal -1 0 0
    outer loop
      vertex -42 -38.7 17.4
      vertex -42 -38.7 16
      vertex -42 -39.9 16
    endloop
  endfacet
  facet normal 0 1 0
    outer loop
      vertex -42 -38.7 17.4
      vertex -38 -38.7 17.4
      vertex -42 -38.7 16
    endloop
  endfacet
  facet normal 0 -1 0
    outer loop
      vertex -42 -41 15.99
      vertex -38 -41 15.99
      vertex -38 -41 17.4
    endloop
  endfacet
  facet normal 0 0 -1
    outer loop
      vertex -42 -41 15.99
      vertex -38 -39.9 15.99
      vertex -38 -41 15.99
    endloop
  endfacet
  facet normal 1 0 0
    outer loop
      vertex -38 -41 15.99
      vertex -38 -39.9 16
      vertex -38 -41 17.4
    endloop
  endfacet
  facet normal 1 0 0
    outer loop
      vertex -38 -41 15.99
      vertex -38 -39.9 15.99
      vertex -38 -39.9 16
    endloop
  endfacet
  facet normal 0 0 1
    outer loop
      vertex -42 -38.7 17.4
      vertex -38 -41 17.4
      vertex -38 -38.7 17.4
    endloop
  endfacet
  facet normal 0 1 0
    outer loop
      vertex -38 -38.7 17.4
      vertex -38 -38.7 16
      vertex -42 -38.7 16
    endloop
  endfacet
  facet normal 1 0 0
    outer loop
      vertex -38 -41 17.4
      vertex -38 -39.9 16
      vertex -38 -38.7 16
    endloop
  endfacet
  facet normal 1 0 0
    outer loop
      vertex -38 -41 17.4
      vertex -38 -38.7 16
      vertex -38 -38.7 17.4
    endloop
  endfacet
endsolid OpenSCAD_Model
