solid OpenSCAD_Model
  facet normal -0.4338837419756008 0 -0.9009688665260582
    outer loop
      vertex -62.343421541154385 43.510000000000005 8.178822077810764
      vertex -63.8904013261199 43.8026354830242 8.92380828410387
      vertex -62.343421541154385 43.8026354830242 8.178822077810764
    endloop
  endfacet
  facet normal 0 1 0
    outer loop
      vertex -63.8904013261199 43.8026354830242 8.92380828410387
      vertex -62.323938988149166 43.8026354830242 8.264180697500706
      vertex -62.343421541154385 43.8026354830242 8.178822077810764
    endloop
  endfacet
  facet normal 0 0 -1
    outer loop
      vertex -62.343421541154385 43.510000000000005 8.178822077810764
      vertex -62.343421541154385 43.8026354830242 8.178822077810764
      vertex -52.654897063970566 43.510000000000005 8.178822077810764
    endloop
  endfacet
  facet normal 0 1 0
    outer loop
      vertex -62.323938988149166 43.8026354830242 8.264180697500706
      vertex -52.669400081038475 43.8026354830242 8.264180697500706
      vertex -62.343421541154385 43.8026354830242 8.178822077810764
    endloop
  endfacet
  facet normal -0.4338837419756008 0 -0.9009688665260582
    outer loop
      vertex -63.8904013261199 43.510000000000005 8.92380828410387
      vertex -63.8904013261199 43.8026354830242 8.92380828410387
      vertex -62.343421541154385 43.510000000000005 8.178822077810764
    endloop
  endfacet
  facet normal 0 1 0
    outer loop
      vertex -63.82151032239199 43.8026354830242 8.985373042523861
      vertex -62.323938988149166 43.8026354830242 8.264180697500706
      vertex -63.8904013261199 43.8026354830242 8.92380828410387
    endloop
  endfacet
  facet normal 0 0 -1
    outer loop
      vertex -62.343421541154385 43.8026354830242 8.178822077810764
      vertex -52.654897063970566 43.8026354830242 8.178822077810764
      vertex -52.654897063970566 43.510000000000005 8.178822077810764
    endloop
  endfacet
  facet normal 0 1 0
    outer loop
      vertex -62.343421541154385 43.8026354830242 8.178822077810764
      vertex -52.669400081038475 43.8026354830242 8.264180697500706
      vertex -52.654897063970566 43.8026354830242 8.178822077810764
    endloop
  endfacet
  facet normal 0.3302790624754387 0 -0.9438833301263165
    outer loop
      vertex -52.654897063970566 43.510000000000005 8.178822077810764
      vertex -52.654897063970566 43.8026354830242 8.178822077810764
      vertex -51.42380828410387 43.510000000000005 8.6095986738801
    endloop
  endfacet
  facet normal 0.3302790624754387 0 -0.9438833301263165
    outer loop
      vertex -51.42380828410387 43.510000000000005 8.6095986738801
      vertex -52.654897063970566 43.8026354830242 8.178822077810764
      vertex -51.42380828410387 43.8026354830242 8.6095986738801
    endloop
  endfacet
  facet normal 0 1 0
    outer loop
      vertex -52.669400081038475 43.8026354830242 8.264180697500706
      vertex -51.48537304252386 43.8026354830242 8.678489677608013
      vertex -52.654897063970566 43.8026354830242 8.178822077810764
    endloop
  endfacet
  facet normal 0 1 0
    outer loop
      vertex -52.654897063970566 43.8026354830242 8.178822077810764
      vertex -51.48537304252386 43.8026354830242 8.678489677608013
      vertex -51.42380828410387 43.8026354830242 8.6095986738801
    endloop
  endfacet
  facet normal 0.9009688673429452 0 -0.4338837402793173
    outer loop
      vertex -50.678822077810764 43.510000000000005 10.156578466296196
      vertex -51.42380828410387 43.510000000000005 8.6095986738801
      vertex -51.42380828410387 43.8026354830242 8.6095986738801
    endloop
  endfacet
  facet normal 0 1 0
    outer loop
      vertex -50.678822077810764 43.8026354830242 10.156578466296196
      vertex -51.42380828410387 43.8026354830242 8.6095986738801
      vertex -51.48537304252386 43.8026354830242 8.678489677608013
    endloop
  endfacet
  facet normal -0.9438833301263166 0 -0.33027906247543876
    outer loop
      vertex -64.32117792218924 43.8026354830242 10.154897063970566
      vertex -63.8904013261199 43.8026354830242 8.92380828410387
      vertex -63.8904013261199 43.510000000000005 8.92380828410387
    endloop
  endfacet
  facet normal 0 1 0
    outer loop
      vertex -64.32117792218924 43.8026354830242 10.154897063970566
      vertex -63.82151032239199 43.8026354830242 8.985373042523861
      vertex -63.8904013261199 43.8026354830242 8.92380828410387
    endloop
  endfacet
  facet normal -0.9438833301263166 0 -0.33027906247543876
    outer loop
      vertex -64.32117792218924 43.510000000000005 10.154897063970566
      vertex -64.32117792218924 43.8026354830242 10.154897063970566
      vertex -63.8904013261199 43.510000000000005 8.92380828410387
    endloop
  endfacet
  facet normal 0 1 0
    outer loop
      vertex -64.32117792218924 43.8026354830242 10.154897063970566
      vertex -64.2358193024993 43.8026354830242 10.169400088489056
      vertex -63.82151032239199 43.8026354830242 8.985373042523861
    endloop
  endfacet
  facet normal 0.9009688673429452 0 -0.4338837402793173
    outer loop
      vertex -50.678822077810764 43.510000000000005 10.156578466296196
      vertex -51.42380828410387 43.8026354830242 8.6095986738801
      vertex -50.678822077810764 43.8026354830242 10.156578466296196
    endloop
  endfacet
  facet normal 0 1 0
    outer loop
      vertex -50.764180697500706 43.8026354830242 10.176061011850834
      vertex -50.678822077810764 43.8026354830242 10.156578466296196
      vertex -51.48537304252386 43.8026354830242 8.678489677608013
    endloop
  endfacet
  facet normal -1 0 0
    outer loop
      vertex -64.32117792218924 43.8026354830242 13.843421533703804
      vertex -64.32117792218924 43.8026354830242 10.154897063970566
      vertex -64.32117792218924 43.510000000000005 10.154897063970566
    endloop
  endfacet
  facet normal 0 1 0
    outer loop
      vertex -64.32117792218924 43.8026354830242 13.843421533703804
      vertex -64.2358193024993 43.8026354830242 10.169400088489056
      vertex -64.32117792218924 43.8026354830242 10.154897063970566
    endloop
  endfacet
  facet normal 1 0 0
    outer loop
      vertex -50.678822077810764 43.510000000000005 13.845102936029434
      vertex -50.678822077810764 43.510000000000005 10.156578466296196
      vertex -50.678822077810764 43.8026354830242 10.156578466296196
    endloop
  endfacet
  facet normal 0 1 0
    outer loop
      vertex -50.764180697500706 43.8026354830242 13.830599911510944
      vertex -50.678822077810764 43.8026354830242 10.156578466296196
      vertex -50.764180697500706 43.8026354830242 10.176061011850834
    endloop
  endfacet
  facet normal -1 0 0
    outer loop
      vertex -64.32117792218924 43.510000000000005 13.843421533703804
      vertex -64.32117792218924 43.8026354830242 13.843421533703804
      vertex -64.32117792218924 43.510000000000005 10.154897063970566
    endloop
  endfacet
  facet normal 0 1 0
    outer loop
      vertex -64.32117792218924 43.8026354830242 13.843421533703804
      vertex -64.2358193024993 43.8026354830242 13.823938988149166
      vertex -64.2358193024993 43.8026354830242 10.169400088489056
    endloop
  endfacet
  facet normal 1 0 0
    outer loop
      vertex -50.678822077810764 43.510000000000005 13.845102936029434
      vertex -50.678822077810764 43.8026354830242 10.156578466296196
      vertex -50.678822077810764 43.8026354830242 13.845102936029434
    endloop
  endfacet
  facet normal 0 1 0
    outer loop
      vertex -50.764180697500706 43.8026354830242 13.830599911510944
      vertex -50.678822077810764 43.8026354830242 13.845102936029434
      vertex -50.678822077810764 43.8026354830242 10.156578466296196
    endloop
  endfacet
  facet normal -0.9009688673429452 0 0.4338837402793173
    outer loop
      vertex -63.57619171589613 43.8026354830242 15.3904013261199
      vertex -64.32117792218924 43.8026354830242 13.843421533703804
      vertex -64.32117792218924 43.510000000000005 13.843421533703804
    endloop
  endfacet
  facet normal 0 1 0
    outer loop
      vertex -63.51462695747614 43.8026354830242 15.321510322391987
      vertex -64.2358193024993 43.8026354830242 13.823938988149166
      vertex -64.32117792218924 43.8026354830242 13.843421533703804
    endloop
  endfacet
  facet normal 0.9438833301263166 0 0.33027906247543876
    outer loop
      vertex -51.1095986738801 43.510000000000005 15.07619171589613
      vertex -50.678822077810764 43.510000000000005 13.845102936029434
      vertex -50.678822077810764 43.8026354830242 13.845102936029434
    endloop
  endfacet
  facet normal 0 1 0
    outer loop
      vertex -51.17848967760801 43.8026354830242 15.014626957476139
      vertex -50.678822077810764 43.8026354830242 13.845102936029434
      vertex -50.764180697500706 43.8026354830242 13.830599911510944
    endloop
  endfacet
  facet normal 0.9438833301263166 0 0.33027906247543876
    outer loop
      vertex -51.1095986738801 43.510000000000005 15.07619171589613
      vertex -50.678822077810764 43.8026354830242 13.845102936029434
      vertex -51.1095986738801 43.8026354830242 15.07619171589613
    endloop
  endfacet
  facet normal 0 1 0
    outer loop
      vertex -51.1095986738801 43.8026354830242 15.07619171589613
      vertex -50.678822077810764 43.8026354830242 13.845102936029434
      vertex -51.17848967760801 43.8026354830242 15.014626957476139
    endloop
  endfacet
  facet normal -0.9009688673429452 0 0.4338837402793173
    outer loop
      vertex -63.57619171589613 43.510000000000005 15.3904013261199
      vertex -63.57619171589613 43.8026354830242 15.3904013261199
      vertex -64.32117792218924 43.510000000000005 13.843421533703804
    endloop
  endfacet
  facet normal 0 1 0
    outer loop
      vertex -63.57619171589613 43.8026354830242 15.3904013261199
      vertex -63.51462695747614 43.8026354830242 15.321510322391987
      vertex -64.32117792218924 43.8026354830242 13.843421533703804
    endloop
  endfacet
  facet normal -0.3302790624754387 0 0.9438833301263165
    outer loop
      vertex -63.57619171589613 43.510000000000005 15.3904013261199
      vertex -62.345102936029434 43.510000000000005 15.821177922189236
      vertex -62.345102936029434 43.8026354830242 15.821177922189236
    endloop
  endfacet
  facet normal -0.3302790624754387 0 0.9438833301263165
    outer loop
      vertex -63.57619171589613 43.510000000000005 15.3904013261199
      vertex -62.345102936029434 43.8026354830242 15.821177922189236
      vertex -63.57619171589613 43.8026354830242 15.3904013261199
    endloop
  endfacet
  facet normal 0 1 0
    outer loop
      vertex -63.57619171589613 43.8026354830242 15.3904013261199
      vertex -62.345102936029434 43.8026354830242 15.821177922189236
      vertex -63.51462695747614 43.8026354830242 15.321510322391987
    endloop
  endfacet
  facet normal 0 1 0
    outer loop
      vertex -63.51462695747614 43.8026354830242 15.321510322391987
      vertex -62.345102936029434 43.8026354830242 15.821177922189236
      vertex -62.330599918961525 43.8026354830242 15.735819302499294
    endloop
  endfacet
  facet normal 0 0 1
    outer loop
      vertex -62.345102936029434 43.510000000000005 15.821177922189236
      vertex -52.656578458845615 43.8026354830242 15.821177922189236
      vertex -62.345102936029434 43.8026354830242 15.821177922189236
    endloop
  endfacet
  facet normal 0 1 0
    outer loop
      vertex -62.345102936029434 43.8026354830242 15.821177922189236
      vertex -52.656578458845615 43.8026354830242 15.821177922189236
      vertex -62.330599918961525 43.8026354830242 15.735819302499294
    endloop
  endfacet
  facet normal 0 1 0
    outer loop
      vertex -52.676061011850834 43.8026354830242 15.735819302499294
      vertex -51.1095986738801 43.8026354830242 15.07619171589613
      vertex -51.17848967760801 43.8026354830242 15.014626957476139
    endloop
  endfacet
  facet normal 0 0 1
    outer loop
      vertex -62.345102936029434 43.510000000000005 15.821177922189236
      vertex -52.656578458845615 43.510000000000005 15.821177922189236
      vertex -52.656578458845615 43.8026354830242 15.821177922189236
    endloop
  endfacet
  facet normal 0 1 0
    outer loop
      vertex -62.330599918961525 43.8026354830242 15.735819302499294
      vertex -52.656578458845615 43.8026354830242 15.821177922189236
      vertex -52.676061011850834 43.8026354830242 15.735819302499294
    endloop
  endfacet
  facet normal 0.4338837419756008 0 0.9009688665260582
    outer loop
      vertex -52.656578458845615 43.510000000000005 15.821177922189236
      vertex -51.1095986738801 43.510000000000005 15.07619171589613
      vertex -51.1095986738801 43.8026354830242 15.07619171589613
    endloop
  endfacet
  facet normal 0 1 0
    outer loop
      vertex -52.656578458845615 43.8026354830242 15.821177922189236
      vertex -51.1095986738801 43.8026354830242 15.07619171589613
      vertex -52.676061011850834 43.8026354830242 15.735819302499294
    endloop
  endfacet
  facet normal 0.4338837419756008 0 0.9009688665260582
    outer loop
      vertex -52.656578458845615 43.510000000000005 15.821177922189236
      vertex -51.1095986738801 43.8026354830242 15.07619171589613
      vertex -52.656578458845615 43.8026354830242 15.821177922189236
    endloop
  endfacet
  facet normal -0.4338837419756008 0 -0.9009688665260582
    outer loop
      vertex 52.656578458845615 43.510000000000005 8.178822077810764
      vertex 51.1095986738801 43.8026354830242 8.92380828410387
      vertex 52.656578458845615 43.8026354830242 8.178822077810764
    endloop
  endfacet
  facet normal 0 1 0
    outer loop
      vertex 51.1095986738801 43.8026354830242 8.92380828410387
      vertex 52.676061011850834 43.8026354830242 8.264180697500706
      vertex 52.656578458845615 43.8026354830242 8.178822077810764
    endloop
  endfacet
  facet normal 0 0 -1
    outer loop
      vertex 52.656578458845615 43.510000000000005 8.178822077810764
      vertex 52.656578458845615 43.8026354830242 8.178822077810764
      vertex 62.345102936029434 43.510000000000005 8.178822077810764
    endloop
  endfacet
  facet normal 0 1 0
    outer loop
      vertex 52.676061011850834 43.8026354830242 8.264180697500706
      vertex 62.330599918961525 43.8026354830242 8.264180697500706
      vertex 52.656578458845615 43.8026354830242 8.178822077810764
    endloop
  endfacet
  facet normal -0.4338837419756008 0 -0.9009688665260582
    outer loop
      vertex 51.1095986738801 43.510000000000005 8.92380828410387
      vertex 51.1095986738801 43.8026354830242 8.92380828410387
      vertex 52.656578458845615 43.510000000000005 8.178822077810764
    endloop
  endfacet
  facet normal 0 1 0
    outer loop
      vertex 51.17848967760801 43.8026354830242 8.985373042523861
      vertex 52.676061011850834 43.8026354830242 8.264180697500706
      vertex 51.1095986738801 43.8026354830242 8.92380828410387
    endloop
  endfacet
  facet normal 0 0 -1
    outer loop
      vertex 52.656578458845615 43.8026354830242 8.178822077810764
      vertex 62.345102936029434 43.8026354830242 8.178822077810764
      vertex 62.345102936029434 43.510000000000005 8.178822077810764
    endloop
  endfacet
  facet normal 0 1 0
    outer loop
      vertex 52.656578458845615 43.8026354830242 8.178822077810764
      vertex 62.330599918961525 43.8026354830242 8.264180697500706
      vertex 62.345102936029434 43.8026354830242 8.178822077810764
    endloop
  endfacet
  facet normal 0.3302790624754387 0 -0.9438833301263165
    outer loop
      vertex 62.345102936029434 43.510000000000005 8.178822077810764
      vertex 62.345102936029434 43.8026354830242 8.178822077810764
      vertex 63.57619171589613 43.510000000000005 8.6095986738801
    endloop
  endfacet
  facet normal 0.3302790624754387 0 -0.9438833301263165
    outer loop
      vertex 63.57619171589613 43.510000000000005 8.6095986738801
      vertex 62.345102936029434 43.8026354830242 8.178822077810764
      vertex 63.57619171589613 43.8026354830242 8.6095986738801
    endloop
  endfacet
  facet normal 0 1 0
    outer loop
      vertex 62.330599918961525 43.8026354830242 8.264180697500706
      vertex 63.51462695747614 43.8026354830242 8.678489677608013
      vertex 62.345102936029434 43.8026354830242 8.178822077810764
    endloop
  endfacet
  facet normal 0 1 0
    outer loop
      vertex 62.345102936029434 43.8026354830242 8.178822077810764
      vertex 63.51462695747614 43.8026354830242 8.678489677608013
      vertex 63.57619171589613 43.8026354830242 8.6095986738801
    endloop
  endfacet
  facet normal 0.9009688673429452 0 -0.4338837402793173
    outer loop
      vertex 64.32117792218924 43.510000000000005 10.156578466296196
      vertex 63.57619171589613 43.510000000000005 8.6095986738801
      vertex 63.57619171589613 43.8026354830242 8.6095986738801
    endloop
  endfacet
  facet normal 0 1 0
    outer loop
      vertex 64.32117792218924 43.8026354830242 10.156578466296196
      vertex 63.57619171589613 43.8026354830242 8.6095986738801
      vertex 63.51462695747614 43.8026354830242 8.678489677608013
    endloop
  endfacet
  facet normal -0.9438833301263166 0 -0.33027906247543876
    outer loop
      vertex 50.678822077810764 43.8026354830242 10.154897063970566
      vertex 51.1095986738801 43.8026354830242 8.92380828410387
      vertex 51.1095986738801 43.510000000000005 8.92380828410387
    endloop
  endfacet
  facet normal 0 1 0
    outer loop
      vertex 50.678822077810764 43.8026354830242 10.154897063970566
      vertex 51.17848967760801 43.8026354830242 8.985373042523861
      vertex 51.1095986738801 43.8026354830242 8.92380828410387
    endloop
  endfacet
  facet normal -0.9438833301263166 0 -0.33027906247543876
    outer loop
      vertex 50.678822077810764 43.510000000000005 10.154897063970566
      vertex 50.678822077810764 43.8026354830242 10.154897063970566
      vertex 51.1095986738801 43.510000000000005 8.92380828410387
    endloop
  endfacet
  facet normal 0 1 0
    outer loop
      vertex 50.678822077810764 43.8026354830242 10.154897063970566
      vertex 50.764180697500706 43.8026354830242 10.169400088489056
      vertex 51.17848967760801 43.8026354830242 8.985373042523861
    endloop
  endfacet
  facet normal 0.9009688673429452 0 -0.4338837402793173
    outer loop
      vertex 64.32117792218924 43.510000000000005 10.156578466296196
      vertex 63.57619171589613 43.8026354830242 8.6095986738801
      vertex 64.32117792218924 43.8026354830242 10.156578466296196
    endloop
  endfacet
  facet normal 0 1 0
    outer loop
      vertex 64.2358193024993 43.8026354830242 10.176061011850834
      vertex 64.32117792218924 43.8026354830242 10.156578466296196
      vertex 63.51462695747614 43.8026354830242 8.678489677608013
    endloop
  endfacet
  facet normal -1 0 0
    outer loop
      vertex 50.678822077810764 43.8026354830242 13.843421533703804
      vertex 50.678822077810764 43.8026354830242 10.154897063970566
      vertex 50.678822077810764 43.510000000000005 10.154897063970566
    endloop
  endfacet
  facet normal 0 1 0
    outer loop
      vertex 50.678822077810764 43.8026354830242 13.843421533703804
      vertex 50.764180697500706 43.8026354830242 10.169400088489056
      vertex 50.678822077810764 43.8026354830242 10.154897063970566
    endloop
  endfacet
  facet normal 1 0 0
    outer loop
      vertex 64.32117792218924 43.510000000000005 13.845102936029434
      vertex 64.32117792218924 43.510000000000005 10.156578466296196
      vertex 64.32117792218924 43.8026354830242 10.156578466296196
    endloop
  endfacet
  facet normal 0 1 0
    outer loop
      vertex 64.2358193024993 43.8026354830242 13.830599911510944
      vertex 64.32117792218924 43.8026354830242 10.156578466296196
      vertex 64.2358193024993 43.8026354830242 10.176061011850834
    endloop
  endfacet
  facet normal -1 0 0
    outer loop
      vertex 50.678822077810764 43.510000000000005 13.843421533703804
      vertex 50.678822077810764 43.8026354830242 13.843421533703804
      vertex 50.678822077810764 43.510000000000005 10.154897063970566
    endloop
  endfacet
  facet normal 0 1 0
    outer loop
      vertex 50.678822077810764 43.8026354830242 13.843421533703804
      vertex 50.764180697500706 43.8026354830242 13.823938988149166
      vertex 50.764180697500706 43.8026354830242 10.169400088489056
    endloop
  endfacet
  facet normal 1 0 0
    outer loop
      vertex 64.32117792218924 43.510000000000005 13.845102936029434
      vertex 64.32117792218924 43.8026354830242 10.156578466296196
      vertex 64.32117792218924 43.8026354830242 13.845102936029434
    endloop
  endfacet
  facet normal 0 1 0
    outer loop
      vertex 64.2358193024993 43.8026354830242 13.830599911510944
      vertex 64.32117792218924 43.8026354830242 13.845102936029434
      vertex 64.32117792218924 43.8026354830242 10.156578466296196
    endloop
  endfacet
  facet normal -0.9009688673429452 0 0.4338837402793173
    outer loop
      vertex 51.42380828410387 43.8026354830242 15.3904013261199
      vertex 50.678822077810764 43.8026354830242 13.843421533703804
      vertex 50.678822077810764 43.510000000000005 13.843421533703804
    endloop
  endfacet
  facet normal 0 1 0
    outer loop
      vertex 51.48537304252386 43.8026354830242 15.321510322391987
      vertex 50.764180697500706 43.8026354830242 13.823938988149166
      vertex 50.678822077810764 43.8026354830242 13.843421533703804
    endloop
  endfacet
  facet normal 0.9438833301263166 0 0.33027906247543876
    outer loop
      vertex 63.8904013261199 43.510000000000005 15.07619171589613
      vertex 64.32117792218924 43.510000000000005 13.845102936029434
      vertex 64.32117792218924 43.8026354830242 13.845102936029434
    endloop
  endfacet
  facet normal 0 1 0
    outer loop
      vertex 63.82151032239199 43.8026354830242 15.014626957476139
      vertex 64.32117792218924 43.8026354830242 13.845102936029434
      vertex 64.2358193024993 43.8026354830242 13.830599911510944
    endloop
  endfacet
  facet normal 0.9438833301263166 0 0.33027906247543876
    outer loop
      vertex 63.8904013261199 43.510000000000005 15.07619171589613
      vertex 64.32117792218924 43.8026354830242 13.845102936029434
      vertex 63.8904013261199 43.8026354830242 15.07619171589613
    endloop
  endfacet
  facet normal 0 1 0
    outer loop
      vertex 63.8904013261199 43.8026354830242 15.07619171589613
      vertex 64.32117792218924 43.8026354830242 13.845102936029434
      vertex 63.82151032239199 43.8026354830242 15.014626957476139
    endloop
  endfacet
  facet normal -0.9009688673429452 0 0.4338837402793173
    outer loop
      vertex 51.42380828410387 43.510000000000005 15.3904013261199
      vertex 51.42380828410387 43.8026354830242 15.3904013261199
      vertex 50.678822077810764 43.510000000000005 13.843421533703804
    endloop
  endfacet
  facet normal 0 1 0
    outer loop
      vertex 51.42380828410387 43.8026354830242 15.3904013261199
      vertex 51.48537304252386 43.8026354830242 15.321510322391987
      vertex 50.678822077810764 43.8026354830242 13.843421533703804
    endloop
  endfacet
  facet normal -0.3302790624754387 0 0.9438833301263165
    outer loop
      vertex 51.42380828410387 43.510000000000005 15.3904013261199
      vertex 52.654897063970566 43.510000000000005 15.821177922189236
      vertex 52.654897063970566 43.8026354830242 15.821177922189236
    endloop
  endfacet
  facet normal -0.3302790624754387 0 0.9438833301263165
    outer loop
      vertex 51.42380828410387 43.510000000000005 15.3904013261199
      vertex 52.654897063970566 43.8026354830242 15.821177922189236
      vertex 51.42380828410387 43.8026354830242 15.3904013261199
    endloop
  endfacet
  facet normal 0 1 0
    outer loop
      vertex 51.42380828410387 43.8026354830242 15.3904013261199
      vertex 52.654897063970566 43.8026354830242 15.821177922189236
      vertex 51.48537304252386 43.8026354830242 15.321510322391987
    endloop
  endfacet
  facet normal 0 1 0
    outer loop
      vertex 51.48537304252386 43.8026354830242 15.321510322391987
      vertex 52.654897063970566 43.8026354830242 15.821177922189236
      vertex 52.669400081038475 43.8026354830242 15.735819302499294
    endloop
  endfacet
  facet normal 0 0 1
    outer loop
      vertex 52.654897063970566 43.510000000000005 15.821177922189236
      vertex 62.343421541154385 43.8026354830242 15.821177922189236
      vertex 52.654897063970566 43.8026354830242 15.821177922189236
    endloop
  endfacet
  facet normal 0 1 0
    outer loop
      vertex 52.654897063970566 43.8026354830242 15.821177922189236
      vertex 62.343421541154385 43.8026354830242 15.821177922189236
      vertex 52.669400081038475 43.8026354830242 15.735819302499294
    endloop
  endfacet
  facet normal 0 1 0
    outer loop
      vertex 62.323938988149166 43.8026354830242 15.735819302499294
      vertex 63.8904013261199 43.8026354830242 15.07619171589613
      vertex 63.82151032239199 43.8026354830242 15.014626957476139
    endloop
  endfacet
  facet normal 0 0 1
    outer loop
      vertex 52.654897063970566 43.510000000000005 15.821177922189236
      vertex 62.343421541154385 43.510000000000005 15.821177922189236
      vertex 62.343421541154385 43.8026354830242 15.821177922189236
    endloop
  endfacet
  facet normal 0 1 0
    outer loop
      vertex 52.669400081038475 43.8026354830242 15.735819302499294
      vertex 62.343421541154385 43.8026354830242 15.821177922189236
      vertex 62.323938988149166 43.8026354830242 15.735819302499294
    endloop
  endfacet
  facet normal 0.4338837419756008 0 0.9009688665260582
    outer loop
      vertex 62.343421541154385 43.510000000000005 15.821177922189236
      vertex 63.8904013261199 43.510000000000005 15.07619171589613
      vertex 63.8904013261199 43.8026354830242 15.07619171589613
    endloop
  endfacet
  facet normal 0 1 0
    outer loop
      vertex 62.343421541154385 43.8026354830242 15.821177922189236
      vertex 63.8904013261199 43.8026354830242 15.07619171589613
      vertex 62.323938988149166 43.8026354830242 15.735819302499294
    endloop
  endfacet
  facet normal 0.4338837419756008 0 0.9009688665260582
    outer loop
      vertex 62.343421541154385 43.510000000000005 15.821177922189236
      vertex 63.8904013261199 43.8026354830242 15.07619171589613
      vertex 62.343421541154385 43.8026354830242 15.821177922189236
    endloop
  endfacet
  facet normal -0.4338837394096409 0 -0.9009688677617596
    outer loop
      vertex -63.82151032239199 44.08402514854764 8.985373042523861
      vertex -62.323938988149166 44.08402514854764 8.264180697500706
      vertex -62.323938988149166 43.8026354830242 8.264180697500706
    endloop
  endfacet
  facet normal 0 1 0
    outer loop
      vertex -63.70963739603758 44.08402514854764 9.085348792374134
      vertex -62.29230106621981 44.08402514854764 8.40279558300972
      vertex -62.323938988149166 44.08402514854764 8.264180697500706
    endloop
  endfacet
  facet normal 0 0 -1
    outer loop
      vertex -62.323938988149166 43.8026354830242 8.264180697500706
      vertex -62.323938988149166 44.08402514854764 8.264180697500706
      vertex -52.669400081038475 43.8026354830242 8.264180697500706
    endloop
  endfacet
  facet normal 0 1 0
    outer loop
      vertex -62.29230106621981 44.08402514854764 8.40279558300972
      vertex -52.669400081038475 44.08402514854764 8.264180697500706
      vertex -62.323938988149166 44.08402514854764 8.264180697500706
    endloop
  endfacet
  facet normal -0.4338837394096409 0 -0.9009688677617596
    outer loop
      vertex -63.82151032239199 43.8026354830242 8.985373042523861
      vertex -63.82151032239199 44.08402514854764 8.985373042523861
      vertex -62.323938988149166 43.8026354830242 8.264180697500706
    endloop
  endfacet
  facet normal 0 1 0
    outer loop
      vertex -63.70963739603758 44.08402514854764 9.085348792374134
      vertex -62.323938988149166 44.08402514854764 8.264180697500706
      vertex -63.82151032239199 44.08402514854764 8.985373042523861
    endloop
  endfacet
  facet normal 0 0 -1
    outer loop
      vertex -62.323938988149166 44.08402514854764 8.264180697500706
      vertex -52.669400081038475 44.08402514854764 8.264180697500706
      vertex -52.669400081038475 43.8026354830242 8.264180697500706
    endloop
  endfacet
  facet normal 0 1 0
    outer loop
      vertex -62.29230106621981 44.08402514854764 8.40279558300972
      vertex -52.69295168668032 44.08402514854764 8.40279558300972
      vertex -52.669400081038475 44.08402514854764 8.264180697500706
    endloop
  endfacet
  facet normal 0.33027906218856606 0 -0.9438833302266977
    outer loop
      vertex -52.669400081038475 43.8026354830242 8.264180697500706
      vertex -52.669400081038475 44.08402514854764 8.264180697500706
      vertex -51.48537304252386 43.8026354830242 8.678489677608013
    endloop
  endfacet
  facet normal 0.33027906218856606 0 -0.9438833302266977
    outer loop
      vertex -52.669400081038475 44.08402514854764 8.264180697500706
      vertex -51.48537304252386 44.08402514854764 8.678489677608013
      vertex -51.48537304252386 43.8026354830242 8.678489677608013
    endloop
  endfacet
  facet normal 0 1 0
    outer loop
      vertex -52.69295168668032 44.08402514854764 8.40279558300972
      vertex -51.48537304252386 44.08402514854764 8.678489677608013
      vertex -52.669400081038475 44.08402514854764 8.264180697500706
    endloop
  endfacet
  facet normal 0 1 0
    outer loop
      vertex -52.69295168668032 44.08402514854764 8.40279558300972
      vertex -51.585348792374134 44.08402514854764 8.790362603962421
      vertex -51.48537304252386 44.08402514854764 8.678489677608013
    endloop
  endfacet
  facet normal -0.9438833308745991 0 -0.33027906033697035
    outer loop
      vertex -64.2358193024993 44.08402514854764 10.169400088489056
      vertex -63.82151032239199 44.08402514854764 8.985373042523861
      vertex -63.82151032239199 43.8026354830242 8.985373042523861
    endloop
  endfacet
  facet normal 0 1 0
    outer loop
      vertex -64.09720441699028 44.08402514854764 10.192951694130898
      vertex -63.70963739603758 44.08402514854764 9.085348792374134
      vertex -63.82151032239199 44.08402514854764 8.985373042523861
    endloop
  endfacet
  facet normal -0.9438833308745991 0 -0.33027906033697035
    outer loop
      vertex -64.2358193024993 43.8026354830242 10.169400088489056
      vertex -64.2358193024993 44.08402514854764 10.169400088489056
      vertex -63.82151032239199 43.8026354830242 8.985373042523861
    endloop
  endfacet
  facet normal 0 1 0
    outer loop
      vertex -64.2358193024993 44.08402514854764 10.169400088489056
      vertex -64.09720441699028 44.08402514854764 10.192951694130898
      vertex -63.82151032239199 44.08402514854764 8.985373042523861
    endloop
  endfacet
  facet normal 0.9009688677617596 0 -0.4338837394096409
    outer loop
      vertex -50.764180697500706 43.8026354830242 10.176061011850834
      vertex -51.48537304252386 43.8026354830242 8.678489677608013
      vertex -51.48537304252386 44.08402514854764 8.678489677608013
    endloop
  endfacet
  facet normal 0.9009688677617596 0 -0.4338837394096409
    outer loop
      vertex -50.764180697500706 43.8026354830242 10.176061011850834
      vertex -51.48537304252386 44.08402514854764 8.678489677608013
      vertex -50.764180697500706 44.08402514854764 10.176061011850834
    endloop
  endfacet
  facet normal 0 1 0
    outer loop
      vertex -50.764180697500706 44.08402514854764 10.176061011850834
      vertex -51.48537304252386 44.08402514854764 8.678489677608013
      vertex -51.585348792374134 44.08402514854764 8.790362603962421
    endloop
  endfacet
  facet normal 0 1 0
    outer loop
      vertex -50.90279558300972 44.08402514854764 10.207698941230774
      vertex -50.764180697500706 44.08402514854764 10.176061011850834
      vertex -51.585348792374134 44.08402514854764 8.790362603962421
    endloop
  endfacet
  facet normal -1 0 0
    outer loop
      vertex -64.2358193024993 44.08402514854764 13.823938988149166
      vertex -64.2358193024993 44.08402514854764 10.169400088489056
      vertex -64.2358193024993 43.8026354830242 10.169400088489056
    endloop
  endfacet
  facet normal 0 1 0
    outer loop
      vertex -64.09720441699028 44.08402514854764 13.792301058769226
      vertex -64.09720441699028 44.08402514854764 10.192951694130898
      vertex -64.2358193024993 44.08402514854764 10.169400088489056
    endloop
  endfacet
  facet normal 1 0 0
    outer loop
      vertex -50.764180697500706 43.8026354830242 13.830599911510944
      vertex -50.764180697500706 43.8026354830242 10.176061011850834
      vertex -50.764180697500706 44.08402514854764 10.176061011850834
    endloop
  endfacet
  facet normal 0 1 0
    outer loop
      vertex -50.764180697500706 44.08402514854764 13.830599911510944
      vertex -50.764180697500706 44.08402514854764 10.176061011850834
      vertex -50.90279558300972 44.08402514854764 10.207698941230774
    endloop
  endfacet
  facet normal -1 0 0
    outer loop
      vertex -64.2358193024993 43.8026354830242 13.823938988149166
      vertex -64.2358193024993 44.08402514854764 13.823938988149166
      vertex -64.2358193024993 43.8026354830242 10.169400088489056
    endloop
  endfacet
  facet normal 0 1 0
    outer loop
      vertex -64.2358193024993 44.08402514854764 13.823938988149166
      vertex -64.09720441699028 44.08402514854764 13.792301058769226
      vertex -64.2358193024993 44.08402514854764 10.169400088489056
    endloop
  endfacet
  facet normal 1 0 0
    outer loop
      vertex -50.764180697500706 43.8026354830242 13.830599911510944
      vertex -50.764180697500706 44.08402514854764 10.176061011850834
      vertex -50.764180697500706 44.08402514854764 13.830599911510944
    endloop
  endfacet
  facet normal 0 1 0
    outer loop
      vertex -50.90279558300972 44.08402514854764 13.807048305869102
      vertex -50.764180697500706 44.08402514854764 13.830599911510944
      vertex -50.90279558300972 44.08402514854764 10.207698941230774
    endloop
  endfacet
  facet normal -0.9009688677617596 0 0.4338837394096409
    outer loop
      vertex -63.51462695747614 44.08402514854764 15.321510322391987
      vertex -64.2358193024993 44.08402514854764 13.823938988149166
      vertex -64.2358193024993 43.8026354830242 13.823938988149166
    endloop
  endfacet
  facet normal 0 1 0
    outer loop
      vertex -63.414651207625866 44.08402514854764 15.209637396037579
      vertex -64.09720441699028 44.08402514854764 13.792301058769226
      vertex -64.2358193024993 44.08402514854764 13.823938988149166
    endloop
  endfacet
  facet normal 0.9438833308745991 0 0.33027906033697035
    outer loop
      vertex -51.17848967760801 43.8026354830242 15.014626957476139
      vertex -50.764180697500706 43.8026354830242 13.830599911510944
      vertex -50.764180697500706 44.08402514854764 13.830599911510944
    endloop
  endfacet
  facet normal 0.9438833308745991 0 0.33027906033697035
    outer loop
      vertex -51.17848967760801 43.8026354830242 15.014626957476139
      vertex -50.764180697500706 44.08402514854764 13.830599911510944
      vertex -51.17848967760801 44.08402514854764 15.014626957476139
    endloop
  endfacet
  facet normal 0 1 0
    outer loop
      vertex -51.17848967760801 44.08402514854764 15.014626957476139
      vertex -50.764180697500706 44.08402514854764 13.830599911510944
      vertex -50.90279558300972 44.08402514854764 13.807048305869102
    endloop
  endfacet
  facet normal 0 1 0
    outer loop
      vertex -51.17848967760801 44.08402514854764 15.014626957476139
      vertex -50.90279558300972 44.08402514854764 13.807048305869102
      vertex -51.29036260396242 44.08402514854764 14.914651207625866
    endloop
  endfacet
  facet normal -0.9009688677617596 0 0.4338837394096409
    outer loop
      vertex -63.51462695747614 43.8026354830242 15.321510322391987
      vertex -63.51462695747614 44.08402514854764 15.321510322391987
      vertex -64.2358193024993 43.8026354830242 13.823938988149166
    endloop
  endfacet
  facet normal 0 1 0
    outer loop
      vertex -63.51462695747614 44.08402514854764 15.321510322391987
      vertex -63.414651207625866 44.08402514854764 15.209637396037579
      vertex -64.2358193024993 44.08402514854764 13.823938988149166
    endloop
  endfacet
  facet normal -0.33027906218856606 0 0.9438833302266977
    outer loop
      vertex -63.51462695747614 43.8026354830242 15.321510322391987
      vertex -62.330599918961525 44.08402514854764 15.735819302499294
      vertex -63.51462695747614 44.08402514854764 15.321510322391987
    endloop
  endfacet
  facet normal -0.33027906218856606 0 0.9438833302266977
    outer loop
      vertex -63.51462695747614 43.8026354830242 15.321510322391987
      vertex -62.330599918961525 43.8026354830242 15.735819302499294
      vertex -62.330599918961525 44.08402514854764 15.735819302499294
    endloop
  endfacet
  facet normal 0 1 0
    outer loop
      vertex -63.51462695747614 44.08402514854764 15.321510322391987
      vertex -62.30704831331968 44.08402514854764 15.59720441699028
      vertex -63.414651207625866 44.08402514854764 15.209637396037579
    endloop
  endfacet
  facet normal 0 1 0
    outer loop
      vertex -63.51462695747614 44.08402514854764 15.321510322391987
      vertex -62.330599918961525 44.08402514854764 15.735819302499294
      vertex -62.30704831331968 44.08402514854764 15.59720441699028
    endloop
  endfacet
  facet normal 0 0 1
    outer loop
      vertex -62.330599918961525 43.8026354830242 15.735819302499294
      vertex -52.676061011850834 44.08402514854764 15.735819302499294
      vertex -62.330599918961525 44.08402514854764 15.735819302499294
    endloop
  endfacet
  facet normal 0 1 0
    outer loop
      vertex -62.330599918961525 44.08402514854764 15.735819302499294
      vertex -52.70769893378019 44.08402514854764 15.59720441699028
      vertex -62.30704831331968 44.08402514854764 15.59720441699028
    endloop
  endfacet
  facet normal 0.4338837394096409 0 0.9009688677617596
    outer loop
      vertex -52.676061011850834 43.8026354830242 15.735819302499294
      vertex -51.17848967760801 43.8026354830242 15.014626957476139
      vertex -51.17848967760801 44.08402514854764 15.014626957476139
    endloop
  endfacet
  facet normal 0 1 0
    outer loop
      vertex -52.676061011850834 44.08402514854764 15.735819302499294
      vertex -51.17848967760801 44.08402514854764 15.014626957476139
      vertex -51.29036260396242 44.08402514854764 14.914651207625866
    endloop
  endfacet
  facet normal 0 0 1
    outer loop
      vertex -62.330599918961525 43.8026354830242 15.735819302499294
      vertex -52.676061011850834 43.8026354830242 15.735819302499294
      vertex -52.676061011850834 44.08402514854764 15.735819302499294
    endloop
  endfacet
  facet normal 0 1 0
    outer loop
      vertex -62.330599918961525 44.08402514854764 15.735819302499294
      vertex -52.676061011850834 44.08402514854764 15.735819302499294
      vertex -52.70769893378019 44.08402514854764 15.59720441699028
    endloop
  endfacet
  facet normal 0.4338837394096409 0 0.9009688677617596
    outer loop
      vertex -52.676061011850834 43.8026354830242 15.735819302499294
      vertex -51.17848967760801 44.08402514854764 15.014626957476139
      vertex -52.676061011850834 44.08402514854764 15.735819302499294
    endloop
  endfacet
  facet normal 0 1 0
    outer loop
      vertex -52.676061011850834 44.08402514854764 15.735819302499294
      vertex -51.29036260396242 44.08402514854764 14.914651207625866
      vertex -52.70769893378019 44.08402514854764 15.59720441699028
    endloop
  endfacet
  facet normal -0.4338837394096409 0 -0.9009688677617596
    outer loop
      vertex 51.17848967760801 44.08402514854764 8.985373042523861
      vertex 52.676061011850834 44.08402514854764 8.264180697500706
      vertex 52.676061011850834 43.8026354830242 8.264180697500706
    endloop
  endfacet
  facet normal 0 1 0
    outer loop
      vertex 51.29036260396242 44.08402514854764 9.085348792374134
      vertex 52.70769893378019 44.08402514854764 8.40279558300972
      vertex 52.676061011850834 44.08402514854764 8.264180697500706
    endloop
  endfacet
  facet normal 0 0 -1
    outer loop
      vertex 52.676061011850834 43.8026354830242 8.264180697500706
      vertex 52.676061011850834 44.08402514854764 8.264180697500706
      vertex 62.330599918961525 43.8026354830242 8.264180697500706
    endloop
  endfacet
  facet normal 0 1 0
    outer loop
      vertex 52.70769893378019 44.08402514854764 8.40279558300972
      vertex 62.330599918961525 44.08402514854764 8.264180697500706
      vertex 52.676061011850834 44.08402514854764 8.264180697500706
    endloop
  endfacet
  facet normal -0.4338837394096409 0 -0.9009688677617596
    outer loop
      vertex 51.17848967760801 43.8026354830242 8.985373042523861
      vertex 51.17848967760801 44.08402514854764 8.985373042523861
      vertex 52.676061011850834 43.8026354830242 8.264180697500706
    endloop
  endfacet
  facet normal 0 1 0
    outer loop
      vertex 51.29036260396242 44.08402514854764 9.085348792374134
      vertex 52.676061011850834 44.08402514854764 8.264180697500706
      vertex 51.17848967760801 44.08402514854764 8.985373042523861
    endloop
  endfacet
  facet normal 0 0 -1
    outer loop
      vertex 52.676061011850834 44.08402514854764 8.264180697500706
      vertex 62.330599918961525 44.08402514854764 8.264180697500706
      vertex 62.330599918961525 43.8026354830242 8.264180697500706
    endloop
  endfacet
  facet normal 0 1 0
    outer loop
      vertex 52.70769893378019 44.08402514854764 8.40279558300972
      vertex 62.30704831331968 44.08402514854764 8.40279558300972
      vertex 62.330599918961525 44.08402514854764 8.264180697500706
    endloop
  endfacet
  facet normal 0.33027906218856606 0 -0.9438833302266977
    outer loop
      vertex 62.330599918961525 43.8026354830242 8.264180697500706
      vertex 62.330599918961525 44.08402514854764 8.264180697500706
      vertex 63.51462695747614 43.8026354830242 8.678489677608013
    endloop
  endfacet
  facet normal 0.33027906218856606 0 -0.9438833302266977
    outer loop
      vertex 62.330599918961525 44.08402514854764 8.264180697500706
      vertex 63.51462695747614 44.08402514854764 8.678489677608013
      vertex 63.51462695747614 43.8026354830242 8.678489677608013
    endloop
  endfacet
  facet normal 0 1 0
    outer loop
      vertex 62.30704831331968 44.08402514854764 8.40279558300972
      vertex 63.51462695747614 44.08402514854764 8.678489677608013
      vertex 62.330599918961525 44.08402514854764 8.264180697500706
    endloop
  endfacet
  facet normal 0 1 0
    outer loop
      vertex 62.30704831331968 44.08402514854764 8.40279558300972
      vertex 63.414651207625866 44.08402514854764 8.790362603962421
      vertex 63.51462695747614 44.08402514854764 8.678489677608013
    endloop
  endfacet
  facet normal -0.9438833308745991 0 -0.33027906033697035
    outer loop
      vertex 50.764180697500706 44.08402514854764 10.169400088489056
      vertex 51.17848967760801 44.08402514854764 8.985373042523861
      vertex 51.17848967760801 43.8026354830242 8.985373042523861
    endloop
  endfacet
  facet normal 0 1 0
    outer loop
      vertex 50.90279558300972 44.08402514854764 10.192951694130898
      vertex 51.29036260396242 44.08402514854764 9.085348792374134
      vertex 51.17848967760801 44.08402514854764 8.985373042523861
    endloop
  endfacet
  facet normal -0.9438833308745991 0 -0.33027906033697035
    outer loop
      vertex 50.764180697500706 43.8026354830242 10.169400088489056
      vertex 50.764180697500706 44.08402514854764 10.169400088489056
      vertex 51.17848967760801 43.8026354830242 8.985373042523861
    endloop
  endfacet
  facet normal 0 1 0
    outer loop
      vertex 50.764180697500706 44.08402514854764 10.169400088489056
      vertex 50.90279558300972 44.08402514854764 10.192951694130898
      vertex 51.17848967760801 44.08402514854764 8.985373042523861
    endloop
  endfacet
  facet normal 0.9009688677617596 0 -0.4338837394096409
    outer loop
      vertex 64.2358193024993 43.8026354830242 10.176061011850834
      vertex 63.51462695747614 43.8026354830242 8.678489677608013
      vertex 63.51462695747614 44.08402514854764 8.678489677608013
    endloop
  endfacet
  facet normal 0.9009688677617596 0 -0.4338837394096409
    outer loop
      vertex 64.2358193024993 43.8026354830242 10.176061011850834
      vertex 63.51462695747614 44.08402514854764 8.678489677608013
      vertex 64.2358193024993 44.08402514854764 10.176061011850834
    endloop
  endfacet
  facet normal 0 1 0
    outer loop
      vertex 64.2358193024993 44.08402514854764 10.176061011850834
      vertex 63.51462695747614 44.08402514854764 8.678489677608013
      vertex 63.414651207625866 44.08402514854764 8.790362603962421
    endloop
  endfacet
  facet normal 0 1 0
    outer loop
      vertex 64.09720441699028 44.08402514854764 10.207698941230774
      vertex 64.2358193024993 44.08402514854764 10.176061011850834
      vertex 63.414651207625866 44.08402514854764 8.790362603962421
    endloop
  endfacet
  facet normal -1 0 0
    outer loop
      vertex 50.764180697500706 44.08402514854764 13.823938988149166
      vertex 50.764180697500706 44.08402514854764 10.169400088489056
      vertex 50.764180697500706 43.8026354830242 10.169400088489056
    endloop
  endfacet
  facet normal 0 1 0
    outer loop
      vertex 50.90279558300972 44.08402514854764 13.792301058769226
      vertex 50.90279558300972 44.08402514854764 10.192951694130898
      vertex 50.764180697500706 44.08402514854764 10.169400088489056
    endloop
  endfacet
  facet normal 1 0 0
    outer loop
      vertex 64.2358193024993 43.8026354830242 13.830599911510944
      vertex 64.2358193024993 43.8026354830242 10.176061011850834
      vertex 64.2358193024993 44.08402514854764 10.176061011850834
    endloop
  endfacet
  facet normal 0 1 0
    outer loop
      vertex 64.2358193024993 44.08402514854764 13.830599911510944
      vertex 64.2358193024993 44.08402514854764 10.176061011850834
      vertex 64.09720441699028 44.08402514854764 10.207698941230774
    endloop
  endfacet
  facet normal -1 0 0
    outer loop
      vertex 50.764180697500706 43.8026354830242 13.823938988149166
      vertex 50.764180697500706 44.08402514854764 13.823938988149166
      vertex 50.764180697500706 43.8026354830242 10.169400088489056
    endloop
  endfacet
  facet normal 0 1 0
    outer loop
      vertex 50.764180697500706 44.08402514854764 13.823938988149166
      vertex 50.90279558300972 44.08402514854764 13.792301058769226
      vertex 50.764180697500706 44.08402514854764 10.169400088489056
    endloop
  endfacet
  facet normal 1 0 0
    outer loop
      vertex 64.2358193024993 43.8026354830242 13.830599911510944
      vertex 64.2358193024993 44.08402514854764 10.176061011850834
      vertex 64.2358193024993 44.08402514854764 13.830599911510944
    endloop
  endfacet
  facet normal 0 1 0
    outer loop
      vertex 64.09720441699028 44.08402514854764 13.807048305869102
      vertex 64.2358193024993 44.08402514854764 13.830599911510944
      vertex 64.09720441699028 44.08402514854764 10.207698941230774
    endloop
  endfacet
  facet normal -0.9009688677617596 0 0.4338837394096409
    outer loop
      vertex 51.48537304252386 44.08402514854764 15.321510322391987
      vertex 50.764180697500706 44.08402514854764 13.823938988149166
      vertex 50.764180697500706 43.8026354830242 13.823938988149166
    endloop
  endfacet
  facet normal 0 1 0
    outer loop
      vertex 51.585348792374134 44.08402514854764 15.209637396037579
      vertex 50.90279558300972 44.08402514854764 13.792301058769226
      vertex 50.764180697500706 44.08402514854764 13.823938988149166
    endloop
  endfacet
  facet normal 0.9438833308745991 0 0.33027906033697035
    outer loop
      vertex 63.82151032239199 43.8026354830242 15.014626957476139
      vertex 64.2358193024993 43.8026354830242 13.830599911510944
      vertex 64.2358193024993 44.08402514854764 13.830599911510944
    endloop
  endfacet
  facet normal 0.9438833308745991 0 0.33027906033697035
    outer loop
      vertex 63.82151032239199 43.8026354830242 15.014626957476139
      vertex 64.2358193024993 44.08402514854764 13.830599911510944
      vertex 63.82151032239199 44.08402514854764 15.014626957476139
    endloop
  endfacet
  facet normal 0 1 0
    outer loop
      vertex 63.82151032239199 44.08402514854764 15.014626957476139
      vertex 64.2358193024993 44.08402514854764 13.830599911510944
      vertex 64.09720441699028 44.08402514854764 13.807048305869102
    endloop
  endfacet
  facet normal 0 1 0
    outer loop
      vertex 63.82151032239199 44.08402514854764 15.014626957476139
      vertex 64.09720441699028 44.08402514854764 13.807048305869102
      vertex 63.70963739603758 44.08402514854764 14.914651207625866
    endloop
  endfacet
  facet normal -0.9009688677617596 0 0.4338837394096409
    outer loop
      vertex 51.48537304252386 43.8026354830242 15.321510322391987
      vertex 51.48537304252386 44.08402514854764 15.321510322391987
      vertex 50.764180697500706 43.8026354830242 13.823938988149166
    endloop
  endfacet
  facet normal 0 1 0
    outer loop
      vertex 51.48537304252386 44.08402514854764 15.321510322391987
      vertex 51.585348792374134 44.08402514854764 15.209637396037579
      vertex 50.764180697500706 44.08402514854764 13.823938988149166
    endloop
  endfacet
  facet normal -0.33027906218856606 0 0.9438833302266977
    outer loop
      vertex 51.48537304252386 43.8026354830242 15.321510322391987
      vertex 52.669400081038475 44.08402514854764 15.735819302499294
      vertex 51.48537304252386 44.08402514854764 15.321510322391987
    endloop
  endfacet
  facet normal -0.33027906218856606 0 0.9438833302266977
    outer loop
      vertex 51.48537304252386 43.8026354830242 15.321510322391987
      vertex 52.669400081038475 43.8026354830242 15.735819302499294
      vertex 52.669400081038475 44.08402514854764 15.735819302499294
    endloop
  endfacet
  facet normal 0 1 0
    outer loop
      vertex 51.48537304252386 44.08402514854764 15.321510322391987
      vertex 52.69295168668032 44.08402514854764 15.59720441699028
      vertex 51.585348792374134 44.08402514854764 15.209637396037579
    endloop
  endfacet
  facet normal 0 1 0
    outer loop
      vertex 51.48537304252386 44.08402514854764 15.321510322391987
      vertex 52.669400081038475 44.08402514854764 15.735819302499294
      vertex 52.69295168668032 44.08402514854764 15.59720441699028
    endloop
  endfacet
  facet normal 0 0 1
    outer loop
      vertex 52.669400081038475 43.8026354830242 15.735819302499294
      vertex 62.323938988149166 44.08402514854764 15.735819302499294
      vertex 52.669400081038475 44.08402514854764 15.735819302499294
    endloop
  endfacet
  facet normal 0 1 0
    outer loop
      vertex 52.669400081038475 44.08402514854764 15.735819302499294
      vertex 62.29230106621981 44.08402514854764 15.59720441699028
      vertex 52.69295168668032 44.08402514854764 15.59720441699028
    endloop
  endfacet
  facet normal 0.4338837394096409 0 0.9009688677617596
    outer loop
      vertex 62.323938988149166 43.8026354830242 15.735819302499294
      vertex 63.82151032239199 43.8026354830242 15.014626957476139
      vertex 63.82151032239199 44.08402514854764 15.014626957476139
    endloop
  endfacet
  facet normal 0 1 0
    outer loop
      vertex 62.323938988149166 44.08402514854764 15.735819302499294
      vertex 63.82151032239199 44.08402514854764 15.014626957476139
      vertex 63.70963739603758 44.08402514854764 14.914651207625866
    endloop
  endfacet
  facet normal 0 0 1
    outer loop
      vertex 52.669400081038475 43.8026354830242 15.735819302499294
      vertex 62.323938988149166 43.8026354830242 15.735819302499294
      vertex 62.323938988149166 44.08402514854764 15.735819302499294
    endloop
  endfacet
  facet normal 0 1 0
    outer loop
      vertex 52.669400081038475 44.08402514854764 15.735819302499294
      vertex 62.323938988149166 44.08402514854764 15.735819302499294
      vertex 62.29230106621981 44.08402514854764 15.59720441699028
    endloop
  endfacet
  facet normal 0.4338837394096409 0 0.9009688677617596
    outer loop
      vertex 62.323938988149166 43.8026354830242 15.735819302499294
      vertex 63.82151032239199 44.08402514854764 15.014626957476139
      vertex 62.323938988149166 44.08402514854764 15.735819302499294
    endloop
  endfacet
  facet normal 0 1 0
    outer loop
      vertex 62.323938988149166 44.08402514854764 15.735819302499294
      vertex 63.70963739603758 44.08402514854764 14.914651207625866
      vertex 62.29230106621981 44.08402514854764 15.59720441699028
    endloop
  endfacet
  facet normal -0.43388374252855627 0 -0.9009688662597689
    outer loop
      vertex -63.70963739603758 44.08402514854764 9.085348792374134
      vertex -62.29230106621981 44.3433553495294 8.40279558300972
      vertex -62.29230106621981 44.08402514854764 8.40279558300972
    endloop
  endfacet
  facet normal 0 0 -1
    outer loop
      vertex -62.29230106621981 44.08402514854764 8.40279558300972
      vertex -52.69295168668032 44.3433553495294 8.40279558300972
      vertex -52.69295168668032 44.08402514854764 8.40279558300972
    endloop
  endfacet
  facet normal 0.3302790663825906 0 -0.943883328759145
    outer loop
      vertex -52.69295168668032 44.08402514854764 8.40279558300972
      vertex -51.585348792374134 44.3433553495294 8.790362603962421
      vertex -51.585348792374134 44.08402514854764 8.790362603962421
    endloop
  endfacet
  facet normal 0 0 -1
    outer loop
      vertex -62.29230106621981 44.08402514854764 8.40279558300972
      vertex -62.29230106621981 44.3433553495294 8.40279558300972
      vertex -52.69295168668032 44.3433553495294 8.40279558300972
    endloop
  endfacet
  facet normal 0 1 0
    outer loop
      vertex -62.24972355365753 44.3433553495294 8.589339829981327
      vertex -52.69295168668032 44.3433553495294 8.40279558300972
      vertex -62.29230106621981 44.3433553495294 8.40279558300972
    endloop
  endfacet
  facet normal -0.43388374252855627 0 -0.9009688662597689
    outer loop
      vertex -63.70963739603758 44.08402514854764 9.085348792374134
      vertex -63.70963739603758 44.3433553495294 9.085348792374134
      vertex -62.29230106621981 44.3433553495294 8.40279558300972
    endloop
  endfacet
  facet normal 0 1 0
    outer loop
      vertex -63.55908177793026 44.3433553495294 9.219893522560596
      vertex -62.24972355365753 44.3433553495294 8.589339829981327
      vertex -62.29230106621981 44.3433553495294 8.40279558300972
    endloop
  endfacet
  facet normal 0 1 0
    outer loop
      vertex -63.55908177793026 44.3433553495294 9.219893522560596
      vertex -62.29230106621981 44.3433553495294 8.40279558300972
      vertex -63.70963739603758 44.3433553495294 9.085348792374134
    endloop
  endfacet
  facet normal 0 1 0
    outer loop
      vertex -62.24972355365753 44.3433553495294 8.589339829981327
      vertex -52.72464682161808 44.3433553495294 8.589339829981327
      vertex -52.69295168668032 44.3433553495294 8.40279558300972
    endloop
  endfacet
  facet normal 0.3302790663825906 0 -0.943883328759145
    outer loop
      vertex -52.69295168668032 44.08402514854764 8.40279558300972
      vertex -52.69295168668032 44.3433553495294 8.40279558300972
      vertex -51.585348792374134 44.3433553495294 8.790362603962421
    endloop
  endfacet
  facet normal 0 1 0
    outer loop
      vertex -52.72464682161808 44.3433553495294 8.589339829981327
      vertex -51.585348792374134 44.3433553495294 8.790362603962421
      vertex -52.69295168668032 44.3433553495294 8.40279558300972
    endloop
  endfacet
  facet normal 0 1 0
    outer loop
      vertex -52.72464682161808 44.3433553495294 8.589339829981327
      vertex -51.7198935225606 44.3433553495294 8.94091822206974
      vertex -51.585348792374134 44.3433553495294 8.790362603962421
    endloop
  endfacet
  facet normal -0.9438833294517514 0 -0.3302790644032355
    outer loop
      vertex -64.09720441699028 44.08402514854764 10.192951694130898
      vertex -63.70963739603758 44.3433553495294 9.085348792374134
      vertex -63.70963739603758 44.08402514854764 9.085348792374134
    endloop
  endfacet
  facet normal 0.9009688671513766 0 -0.43388374067711416
    outer loop
      vertex -50.90279558300972 44.08402514854764 10.207698941230774
      vertex -51.585348792374134 44.08402514854764 8.790362603962421
      vertex -50.90279558300972 44.3433553495294 10.207698941230774
    endloop
  endfacet
  facet normal -1 0 0
    outer loop
      vertex -64.09720441699028 44.08402514854764 13.792301058769226
      vertex -64.09720441699028 44.3433553495294 10.192951694130898
      vertex -64.09720441699028 44.08402514854764 10.192951694130898
    endloop
  endfacet
  facet normal 0 1 0
    outer loop
      vertex -63.91066017001867 44.3433553495294 10.22464682906866
      vertex -63.55908177793026 44.3433553495294 9.219893522560596
      vertex -63.70963739603758 44.3433553495294 9.085348792374134
    endloop
  endfacet
  facet normal -0.9438833294517514 0 -0.3302790644032355
    outer loop
      vertex -64.09720441699028 44.08402514854764 10.192951694130898
      vertex -64.09720441699028 44.3433553495294 10.192951694130898
      vertex -63.70963739603758 44.3433553495294 9.085348792374134
    endloop
  endfacet
  facet normal 0 1 0
    outer loop
      vertex -64.09720441699028 44.3433553495294 10.192951694130898
      vertex -63.91066017001867 44.3433553495294 10.22464682906866
      vertex -63.70963739603758 44.3433553495294 9.085348792374134
    endloop
  endfacet
  facet normal 0.9009688671513766 -1.3607050612769524e-16 -0.43388374067711416
    outer loop
      vertex -50.90279558300972 44.3433553495294 10.207698941230774
      vertex -51.585348792374134 44.08402514854764 8.790362603962421
      vertex -51.585348792374134 44.3433553495294 8.790362603962421
    endloop
  endfacet
  facet normal 0 1 0
    outer loop
      vertex -50.90279558300972 44.3433553495294 10.207698941230774
      vertex -51.585348792374134 44.3433553495294 8.790362603962421
      vertex -51.7198935225606 44.3433553495294 8.94091822206974
    endloop
  endfacet
  facet normal 0 1 0
    outer loop
      vertex -51.08933982998133 44.3433553495294 10.250276446342468
      vertex -50.90279558300972 44.3433553495294 10.207698941230774
      vertex -51.7198935225606 44.3433553495294 8.94091822206974
    endloop
  endfacet
  facet normal 0 1 0
    outer loop
      vertex -63.91066017001867 44.3433553495294 13.749723553657532
      vertex -63.91066017001867 44.3433553495294 10.22464682906866
      vertex -64.09720441699028 44.3433553495294 10.192951694130898
    endloop
  endfacet
  facet normal 1 0 0
    outer loop
      vertex -50.90279558300972 44.08402514854764 13.807048305869102
      vertex -50.90279558300972 44.08402514854764 10.207698941230774
      vertex -50.90279558300972 44.3433553495294 13.807048305869102
    endloop
  endfacet
  facet normal 1 0 0
    outer loop
      vertex -50.90279558300972 44.3433553495294 13.807048305869102
      vertex -50.90279558300972 44.08402514854764 10.207698941230774
      vertex -50.90279558300972 44.3433553495294 10.207698941230774
    endloop
  endfacet
  facet normal 0 1 0
    outer loop
      vertex -50.90279558300972 44.3433553495294 13.807048305869102
      vertex -50.90279558300972 44.3433553495294 10.207698941230774
      vertex -51.08933982998133 44.3433553495294 10.250276446342468
    endloop
  endfacet
  facet normal -1 0 0
    outer loop
      vertex -64.09720441699028 44.08402514854764 13.792301058769226
      vertex -64.09720441699028 44.3433553495294 13.792301058769226
      vertex -64.09720441699028 44.3433553495294 10.192951694130898
    endloop
  endfacet
  facet normal 0 1 0
    outer loop
      vertex -64.09720441699028 44.3433553495294 13.792301058769226
      vertex -63.91066017001867 44.3433553495294 13.749723553657532
      vertex -64.09720441699028 44.3433553495294 10.192951694130898
    endloop
  endfacet
  facet normal 0 1 0
    outer loop
      vertex -51.08933982998133 44.3433553495294 13.77535317093134
      vertex -50.90279558300972 44.3433553495294 13.807048305869102
      vertex -51.08933982998133 44.3433553495294 10.250276446342468
    endloop
  endfacet
  facet normal -0.9009688671513766 -1.3607050612769524e-16 0.43388374067711416
    outer loop
      vertex -63.414651207625866 44.08402514854764 15.209637396037579
      vertex -64.09720441699028 44.3433553495294 13.792301058769226
      vertex -64.09720441699028 44.08402514854764 13.792301058769226
    endloop
  endfacet
  facet normal 0.9438833294517514 0 0.3302790644032355
    outer loop
      vertex -51.29036260396242 44.08402514854764 14.914651207625866
      vertex -50.90279558300972 44.08402514854764 13.807048305869102
      vertex -51.29036260396242 44.3433553495294 14.914651207625866
    endloop
  endfacet
  facet normal -0.3302790663825906 0 0.943883328759145
    outer loop
      vertex -63.414651207625866 44.08402514854764 15.209637396037579
      vertex -62.30704831331968 44.08402514854764 15.59720441699028
      vertex -63.414651207625866 44.3433553495294 15.209637396037579
    endloop
  endfacet
  facet normal 0 0 1
    outer loop
      vertex -62.30704831331968 44.08402514854764 15.59720441699028
      vertex -52.70769893378019 44.08402514854764 15.59720441699028
      vertex -62.30704831331968 44.3433553495294 15.59720441699028
    endloop
  endfacet
  facet normal 0.43388374252855627 0 0.9009688662597689
    outer loop
      vertex -52.70769893378019 44.08402514854764 15.59720441699028
      vertex -51.29036260396242 44.08402514854764 14.914651207625866
      vertex -52.70769893378019 44.3433553495294 15.59720441699028
    endloop
  endfacet
  facet normal 0 1 0
    outer loop
      vertex -63.2801064774394 44.3433553495294 15.05908177793026
      vertex -63.91066017001867 44.3433553495294 13.749723553657532
      vertex -64.09720441699028 44.3433553495294 13.792301058769226
    endloop
  endfacet
  facet normal -0.9009688671513766 0 0.43388374067711416
    outer loop
      vertex -63.414651207625866 44.08402514854764 15.209637396037579
      vertex -63.414651207625866 44.3433553495294 15.209637396037579
      vertex -64.09720441699028 44.3433553495294 13.792301058769226
    endloop
  endfacet
  facet normal 0 1 0
    outer loop
      vertex -63.414651207625866 44.3433553495294 15.209637396037579
      vertex -63.2801064774394 44.3433553495294 15.05908177793026
      vertex -64.09720441699028 44.3433553495294 13.792301058769226
    endloop
  endfacet
  facet normal 0.9438833294517514 0 0.3302790644032355
    outer loop
      vertex -51.29036260396242 44.3433553495294 14.914651207625866
      vertex -50.90279558300972 44.08402514854764 13.807048305869102
      vertex -50.90279558300972 44.3433553495294 13.807048305869102
    endloop
  endfacet
  facet normal 0 1 0
    outer loop
      vertex -51.29036260396242 44.3433553495294 14.914651207625866
      vertex -50.90279558300972 44.3433553495294 13.807048305869102
      vertex -51.08933982998133 44.3433553495294 13.77535317093134
    endloop
  endfacet
  facet normal 0 1 0
    outer loop
      vertex -51.29036260396242 44.3433553495294 14.914651207625866
      vertex -51.08933982998133 44.3433553495294 13.77535317093134
      vertex -51.44091822206974 44.3433553495294 14.780106477439404
    endloop
  endfacet
  facet normal 0 1 0
    outer loop
      vertex -63.414651207625866 44.3433553495294 15.209637396037579
      vertex -62.27535317838192 44.3433553495294 15.410660170018673
      vertex -63.2801064774394 44.3433553495294 15.05908177793026
    endloop
  endfacet
  facet normal -0.3302790663825906 0 0.943883328759145
    outer loop
      vertex -63.414651207625866 44.3433553495294 15.209637396037579
      vertex -62.30704831331968 44.08402514854764 15.59720441699028
      vertex -62.30704831331968 44.3433553495294 15.59720441699028
    endloop
  endfacet
  facet normal 0 1 0
    outer loop
      vertex -63.414651207625866 44.3433553495294 15.209637396037579
      vertex -62.30704831331968 44.3433553495294 15.59720441699028
      vertex -62.27535317838192 44.3433553495294 15.410660170018673
    endloop
  endfacet
  facet normal 0 1 0
    outer loop
      vertex -62.30704831331968 44.3433553495294 15.59720441699028
      vertex -52.75027644634247 44.3433553495294 15.410660170018673
      vertex -62.27535317838192 44.3433553495294 15.410660170018673
    endloop
  endfacet
  facet normal 0.43388374252855627 0 0.9009688662597689
    outer loop
      vertex -52.70769893378019 44.3433553495294 15.59720441699028
      vertex -51.29036260396242 44.08402514854764 14.914651207625866
      vertex -51.29036260396242 44.3433553495294 14.914651207625866
    endloop
  endfacet
  facet normal 0 1 0
    outer loop
      vertex -52.70769893378019 44.3433553495294 15.59720441699028
      vertex -51.29036260396242 44.3433553495294 14.914651207625866
      vertex -51.44091822206974 44.3433553495294 14.780106477439404
    endloop
  endfacet
  facet normal 0 1 0
    outer loop
      vertex -52.70769893378019 44.3433553495294 15.59720441699028
      vertex -51.44091822206974 44.3433553495294 14.780106477439404
      vertex -52.75027644634247 44.3433553495294 15.410660170018673
    endloop
  endfacet
  facet normal 0 1 0
    outer loop
      vertex -62.30704831331968 44.3433553495294 15.59720441699028
      vertex -52.70769893378019 44.3433553495294 15.59720441699028
      vertex -52.75027644634247 44.3433553495294 15.410660170018673
    endloop
  endfacet
  facet normal 0 0 1
    outer loop
      vertex -62.30704831331968 44.3433553495294 15.59720441699028
      vertex -52.70769893378019 44.08402514854764 15.59720441699028
      vertex -52.70769893378019 44.3433553495294 15.59720441699028
    endloop
  endfacet
  facet normal -0.43388374252855627 0 -0.9009688662597689
    outer loop
      vertex 51.29036260396242 44.08402514854764 9.085348792374134
      vertex 52.70769893378019 44.3433553495294 8.40279558300972
      vertex 52.70769893378019 44.08402514854764 8.40279558300972
    endloop
  endfacet
  facet normal 0 0 -1
    outer loop
      vertex 52.70769893378019 44.08402514854764 8.40279558300972
      vertex 62.30704831331968 44.3433553495294 8.40279558300972
      vertex 62.30704831331968 44.08402514854764 8.40279558300972
    endloop
  endfacet
  facet normal 0.3302790663825906 0 -0.943883328759145
    outer loop
      vertex 62.30704831331968 44.08402514854764 8.40279558300972
      vertex 63.414651207625866 44.3433553495294 8.790362603962421
      vertex 63.414651207625866 44.08402514854764 8.790362603962421
    endloop
  endfacet
  facet normal 0 0 -1
    outer loop
      vertex 52.70769893378019 44.08402514854764 8.40279558300972
      vertex 52.70769893378019 44.3433553495294 8.40279558300972
      vertex 62.30704831331968 44.3433553495294 8.40279558300972
    endloop
  endfacet
  facet normal 0 1 0
    outer loop
      vertex 52.75027644634247 44.3433553495294 8.589339829981327
      vertex 62.30704831331968 44.3433553495294 8.40279558300972
      vertex 52.70769893378019 44.3433553495294 8.40279558300972
    endloop
  endfacet
  facet normal -0.43388374252855627 0 -0.9009688662597689
    outer loop
      vertex 51.29036260396242 44.08402514854764 9.085348792374134
      vertex 51.29036260396242 44.3433553495294 9.085348792374134
      vertex 52.70769893378019 44.3433553495294 8.40279558300972
    endloop
  endfacet
  facet normal 0 1 0
    outer loop
      vertex 51.44091822206974 44.3433553495294 9.219893522560596
      vertex 52.75027644634247 44.3433553495294 8.589339829981327
      vertex 52.70769893378019 44.3433553495294 8.40279558300972
    endloop
  endfacet
  facet normal 0 1 0
    outer loop
      vertex 51.44091822206974 44.3433553495294 9.219893522560596
      vertex 52.70769893378019 44.3433553495294 8.40279558300972
      vertex 51.29036260396242 44.3433553495294 9.085348792374134
    endloop
  endfacet
  facet normal 0 1 0
    outer loop
      vertex 52.75027644634247 44.3433553495294 8.589339829981327
      vertex 62.27535317838192 44.3433553495294 8.589339829981327
      vertex 62.30704831331968 44.3433553495294 8.40279558300972
    endloop
  endfacet
  facet normal 0.3302790663825906 0 -0.943883328759145
    outer loop
      vertex 62.30704831331968 44.08402514854764 8.40279558300972
      vertex 62.30704831331968 44.3433553495294 8.40279558300972
      vertex 63.414651207625866 44.3433553495294 8.790362603962421
    endloop
  endfacet
  facet normal 0 1 0
    outer loop
      vertex 62.27535317838192 44.3433553495294 8.589339829981327
      vertex 63.414651207625866 44.3433553495294 8.790362603962421
      vertex 62.30704831331968 44.3433553495294 8.40279558300972
    endloop
  endfacet
  facet normal 0 1 0
    outer loop
      vertex 62.27535317838192 44.3433553495294 8.589339829981327
      vertex 63.2801064774394 44.3433553495294 8.94091822206974
      vertex 63.414651207625866 44.3433553495294 8.790362603962421
    endloop
  endfacet
  facet normal -0.9438833294517514 0 -0.3302790644032355
    outer loop
      vertex 50.90279558300972 44.08402514854764 10.192951694130898
      vertex 51.29036260396242 44.3433553495294 9.085348792374134
      vertex 51.29036260396242 44.08402514854764 9.085348792374134
    endloop
  endfacet
  facet normal 0.9009688671513766 0 -0.43388374067711416
    outer loop
      vertex 64.09720441699028 44.08402514854764 10.207698941230774
      vertex 63.414651207625866 44.08402514854764 8.790362603962421
      vertex 64.09720441699028 44.3433553495294 10.207698941230774
    endloop
  endfacet
  facet normal -1 0 0
    outer loop
      vertex 50.90279558300972 44.08402514854764 13.792301058769226
      vertex 50.90279558300972 44.3433553495294 10.192951694130898
      vertex 50.90279558300972 44.08402514854764 10.192951694130898
    endloop
  endfacet
  facet normal 0 1 0
    outer loop
      vertex 51.08933982998133 44.3433553495294 10.22464682906866
      vertex 51.44091822206974 44.3433553495294 9.219893522560596
      vertex 51.29036260396242 44.3433553495294 9.085348792374134
    endloop
  endfacet
  facet normal -0.9438833294517514 0 -0.3302790644032355
    outer loop
      vertex 50.90279558300972 44.08402514854764 10.192951694130898
      vertex 50.90279558300972 44.3433553495294 10.192951694130898
      vertex 51.29036260396242 44.3433553495294 9.085348792374134
    endloop
  endfacet
  facet normal 0 1 0
    outer loop
      vertex 50.90279558300972 44.3433553495294 10.192951694130898
      vertex 51.08933982998133 44.3433553495294 10.22464682906866
      vertex 51.29036260396242 44.3433553495294 9.085348792374134
    endloop
  endfacet
  facet normal 0.9009688671513766 -1.3607050612769524e-16 -0.43388374067711416
    outer loop
      vertex 64.09720441699028 44.3433553495294 10.207698941230774
      vertex 63.414651207625866 44.08402514854764 8.790362603962421
      vertex 63.414651207625866 44.3433553495294 8.790362603962421
    endloop
  endfacet
  facet normal 0 1 0
    outer loop
      vertex 64.09720441699028 44.3433553495294 10.207698941230774
      vertex 63.414651207625866 44.3433553495294 8.790362603962421
      vertex 63.2801064774394 44.3433553495294 8.94091822206974
    endloop
  endfacet
  facet normal 0 1 0
    outer loop
      vertex 63.91066017001867 44.3433553495294 10.250276446342468
      vertex 64.09720441699028 44.3433553495294 10.207698941230774
      vertex 63.2801064774394 44.3433553495294 8.94091822206974
    endloop
  endfacet
  facet normal 0 1 0
    outer loop
      vertex 51.08933982998133 44.3433553495294 13.749723553657532
      vertex 51.08933982998133 44.3433553495294 10.22464682906866
      vertex 50.90279558300972 44.3433553495294 10.192951694130898
    endloop
  endfacet
  facet normal 1 0 0
    outer loop
      vertex 64.09720441699028 44.08402514854764 13.807048305869102
      vertex 64.09720441699028 44.08402514854764 10.207698941230774
      vertex 64.09720441699028 44.3433553495294 13.807048305869102
    endloop
  endfacet
  facet normal 1 0 0
    outer loop
      vertex 64.09720441699028 44.3433553495294 13.807048305869102
      vertex 64.09720441699028 44.08402514854764 10.207698941230774
      vertex 64.09720441699028 44.3433553495294 10.207698941230774
    endloop
  endfacet
  facet normal 0 1 0
    outer loop
      vertex 64.09720441699028 44.3433553495294 13.807048305869102
      vertex 64.09720441699028 44.3433553495294 10.207698941230774
      vertex 63.91066017001867 44.3433553495294 10.250276446342468
    endloop
  endfacet
  facet normal -1 0 0
    outer loop
      vertex 50.90279558300972 44.08402514854764 13.792301058769226
      vertex 50.90279558300972 44.3433553495294 13.792301058769226
      vertex 50.90279558300972 44.3433553495294 10.192951694130898
    endloop
  endfacet
  facet normal 0 1 0
    outer loop
      vertex 50.90279558300972 44.3433553495294 13.792301058769226
      vertex 51.08933982998133 44.3433553495294 13.749723553657532
      vertex 50.90279558300972 44.3433553495294 10.192951694130898
    endloop
  endfacet
  facet normal 0 1 0
    outer loop
      vertex 63.91066017001867 44.3433553495294 13.77535317093134
      vertex 64.09720441699028 44.3433553495294 13.807048305869102
      vertex 63.91066017001867 44.3433553495294 10.250276446342468
    endloop
  endfacet
  facet normal -0.9009688671513766 -1.3607050612769524e-16 0.43388374067711416
    outer loop
      vertex 51.585348792374134 44.08402514854764 15.209637396037579
      vertex 50.90279558300972 44.3433553495294 13.792301058769226
      vertex 50.90279558300972 44.08402514854764 13.792301058769226
    endloop
  endfacet
  facet normal 0.9438833294517514 0 0.3302790644032355
    outer loop
      vertex 63.70963739603758 44.08402514854764 14.914651207625866
      vertex 64.09720441699028 44.08402514854764 13.807048305869102
      vertex 63.70963739603758 44.3433553495294 14.914651207625866
    endloop
  endfacet
  facet normal -0.3302790663825906 0 0.943883328759145
    outer loop
      vertex 51.585348792374134 44.08402514854764 15.209637396037579
      vertex 52.69295168668032 44.08402514854764 15.59720441699028
      vertex 51.585348792374134 44.3433553495294 15.209637396037579
    endloop
  endfacet
  facet normal 0 0 1
    outer loop
      vertex 52.69295168668032 44.08402514854764 15.59720441699028
      vertex 62.29230106621981 44.08402514854764 15.59720441699028
      vertex 52.69295168668032 44.3433553495294 15.59720441699028
    endloop
  endfacet
  facet normal 0.43388374252855627 0 0.9009688662597689
    outer loop
      vertex 62.29230106621981 44.08402514854764 15.59720441699028
      vertex 63.70963739603758 44.08402514854764 14.914651207625866
      vertex 62.29230106621981 44.3433553495294 15.59720441699028
    endloop
  endfacet
  facet normal 0 1 0
    outer loop
      vertex 51.7198935225606 44.3433553495294 15.05908177793026
      vertex 51.08933982998133 44.3433553495294 13.749723553657532
      vertex 50.90279558300972 44.3433553495294 13.792301058769226
    endloop
  endfacet
  facet normal -0.9009688671513766 0 0.43388374067711416
    outer loop
      vertex 51.585348792374134 44.08402514854764 15.209637396037579
      vertex 51.585348792374134 44.3433553495294 15.209637396037579
      vertex 50.90279558300972 44.3433553495294 13.792301058769226
    endloop
  endfacet
  facet normal 0 1 0
    outer loop
      vertex 51.585348792374134 44.3433553495294 15.209637396037579
      vertex 51.7198935225606 44.3433553495294 15.05908177793026
      vertex 50.90279558300972 44.3433553495294 13.792301058769226
    endloop
  endfacet
  facet normal 0.9438833294517514 0 0.3302790644032355
    outer loop
      vertex 63.70963739603758 44.3433553495294 14.914651207625866
      vertex 64.09720441699028 44.08402514854764 13.807048305869102
      vertex 64.09720441699028 44.3433553495294 13.807048305869102
    endloop
  endfacet
  facet normal 0 1 0
    outer loop
      vertex 63.70963739603758 44.3433553495294 14.914651207625866
      vertex 64.09720441699028 44.3433553495294 13.807048305869102
      vertex 63.91066017001867 44.3433553495294 13.77535317093134
    endloop
  endfacet
  facet normal 0 1 0
    outer loop
      vertex 63.70963739603758 44.3433553495294 14.914651207625866
      vertex 63.91066017001867 44.3433553495294 13.77535317093134
      vertex 63.55908177793026 44.3433553495294 14.780106477439404
    endloop
  endfacet
  facet normal 0 1 0
    outer loop
      vertex 51.585348792374134 44.3433553495294 15.209637396037579
      vertex 52.72464682161808 44.3433553495294 15.410660170018673
      vertex 51.7198935225606 44.3433553495294 15.05908177793026
    endloop
  endfacet
  facet normal -0.3302790663825906 0 0.943883328759145
    outer loop
      vertex 51.585348792374134 44.3433553495294 15.209637396037579
      vertex 52.69295168668032 44.08402514854764 15.59720441699028
      vertex 52.69295168668032 44.3433553495294 15.59720441699028
    endloop
  endfacet
  facet normal 0 1 0
    outer loop
      vertex 51.585348792374134 44.3433553495294 15.209637396037579
      vertex 52.69295168668032 44.3433553495294 15.59720441699028
      vertex 52.72464682161808 44.3433553495294 15.410660170018673
    endloop
  endfacet
  facet normal 0 1 0
    outer loop
      vertex 52.69295168668032 44.3433553495294 15.59720441699028
      vertex 62.24972355365753 44.3433553495294 15.410660170018673
      vertex 52.72464682161808 44.3433553495294 15.410660170018673
    endloop
  endfacet
  facet normal 0.43388374252855627 0 0.9009688662597689
    outer loop
      vertex 62.29230106621981 44.3433553495294 15.59720441699028
      vertex 63.70963739603758 44.08402514854764 14.914651207625866
      vertex 63.70963739603758 44.3433553495294 14.914651207625866
    endloop
  endfacet
  facet normal 0 1 0
    outer loop
      vertex 62.29230106621981 44.3433553495294 15.59720441699028
      vertex 63.70963739603758 44.3433553495294 14.914651207625866
      vertex 63.55908177793026 44.3433553495294 14.780106477439404
    endloop
  endfacet
  facet normal 0 1 0
    outer loop
      vertex 62.29230106621981 44.3433553495294 15.59720441699028
      vertex 63.55908177793026 44.3433553495294 14.780106477439404
      vertex 62.24972355365753 44.3433553495294 15.410660170018673
    endloop
  endfacet
  facet normal 0 1 0
    outer loop
      vertex 52.69295168668032 44.3433553495294 15.59720441699028
      vertex 62.29230106621981 44.3433553495294 15.59720441699028
      vertex 62.24972355365753 44.3433553495294 15.410660170018673
    endloop
  endfacet
  facet normal 0 0 1
    outer loop
      vertex 52.69295168668032 44.3433553495294 15.59720441699028
      vertex 62.29230106621981 44.08402514854764 15.59720441699028
      vertex 62.29230106621981 44.3433553495294 15.59720441699028
    endloop
  endfacet
  facet normal 0 0 -1
    outer loop
      vertex -62.24972355365753 44.3433553495294 8.589339829981327
      vertex -62.24972355365753 44.57066017177982 8.589339829981327
      vertex -52.72464682161808 44.57066017177982 8.589339829981327
    endloop
  endfacet
  facet normal -0.43388374182246275 0 -0.9009688665998057
    outer loop
      vertex -63.55908177793026 44.3433553495294 9.219893522560596
      vertex -62.24972355365753 44.57066017177982 8.589339829981327
      vertex -62.24972355365753 44.3433553495294 8.589339829981327
    endloop
  endfacet
  facet normal 0 1 0
    outer loop
      vertex -63.55908177793026 44.57066017177982 9.219893522560596
      vertex -62.197842709720135 44.57066017177982 8.81664464622736
      vertex -62.24972355365753 44.57066017177982 8.589339829981327
    endloop
  endfacet
  facet normal -0.43388374182246275 0 -0.9009688665998057
    outer loop
      vertex -63.55908177793026 44.3433553495294 9.219893522560596
      vertex -63.55908177793026 44.57066017177982 9.219893522560596
      vertex -62.24972355365753 44.57066017177982 8.589339829981327
    endloop
  endfacet
  facet normal 0 1 0
    outer loop
      vertex -63.55908177793026 44.57066017177982 9.219893522560596
      vertex -63.37562922388315 44.57066017177982 9.38383674621582
      vertex -62.197842709720135 44.57066017177982 8.81664464622736
    endloop
  endfacet
  facet normal 0 1 0
    outer loop
      vertex -62.197842709720135 44.57066017177982 8.81664464622736
      vertex -52.7632674947381 44.57066017177982 8.81664464622736
      vertex -62.24972355365753 44.57066017177982 8.589339829981327
    endloop
  endfacet
  facet normal 0 0 -1
    outer loop
      vertex -62.24972355365753 44.3433553495294 8.589339829981327
      vertex -52.72464682161808 44.57066017177982 8.589339829981327
      vertex -52.72464682161808 44.3433553495294 8.589339829981327
    endloop
  endfacet
  facet normal 0 1 0
    outer loop
      vertex -62.24972355365753 44.57066017177982 8.589339829981327
      vertex -52.7632674947381 44.57066017177982 8.81664464622736
      vertex -52.72464682161808 44.57066017177982 8.589339829981327
    endloop
  endfacet
  facet normal 0.3302790677008186 0 -0.943883328297877
    outer loop
      vertex -52.72464682161808 44.3433553495294 8.589339829981327
      vertex -52.72464682161808 44.57066017177982 8.589339829981327
      vertex -51.7198935225606 44.57066017177982 8.94091822206974
    endloop
  endfacet
  facet normal 0.3302790677008186 0 -0.943883328297877
    outer loop
      vertex -52.72464682161808 44.3433553495294 8.589339829981327
      vertex -51.7198935225606 44.57066017177982 8.94091822206974
      vertex -51.7198935225606 44.3433553495294 8.94091822206974
    endloop
  endfacet
  facet normal 0 1 0
    outer loop
      vertex -52.7632674947381 44.57066017177982 8.81664464622736
      vertex -51.88383674621582 44.57066017177982 9.124370776116848
      vertex -52.72464682161808 44.57066017177982 8.589339829981327
    endloop
  endfacet
  facet normal 0 1 0
    outer loop
      vertex -52.72464682161808 44.57066017177982 8.589339829981327
      vertex -51.88383674621582 44.57066017177982 9.124370776116848
      vertex -51.7198935225606 44.57066017177982 8.94091822206974
    endloop
  endfacet
  facet normal -0.9438833290613807 0 -0.3302790655188508
    outer loop
      vertex -63.91066017001867 44.3433553495294 10.22464682906866
      vertex -63.55908177793026 44.57066017177982 9.219893522560596
      vertex -63.55908177793026 44.3433553495294 9.219893522560596
    endloop
  endfacet
  facet normal 0 1 0
    outer loop
      vertex -63.91066017001867 44.57066017177982 10.22464682906866
      vertex -63.37562922388315 44.57066017177982 9.38383674621582
      vertex -63.55908177793026 44.57066017177982 9.219893522560596
    endloop
  endfacet
  facet normal -0.9438833290613807 0 -0.3302790655188508
    outer loop
      vertex -63.91066017001867 44.3433553495294 10.22464682906866
      vertex -63.91066017001867 44.57066017177982 10.22464682906866
      vertex -63.55908177793026 44.57066017177982 9.219893522560596
    endloop
  endfacet
  facet normal 0 1 0
    outer loop
      vertex -63.91066017001867 44.57066017177982 10.22464682906866
      vertex -63.68335535377264 44.57066017177982 10.263267494738102
      vertex -63.37562922388315 44.57066017177982 9.38383674621582
    endloop
  endfacet
  facet normal 0.9009688665998057 0 -0.43388374182246275
    outer loop
      vertex -51.08933982998133 44.57066017177982 10.250276446342468
      vertex -51.7198935225606 44.3433553495294 8.94091822206974
      vertex -51.7198935225606 44.57066017177982 8.94091822206974
    endloop
  endfacet
  facet normal 0 1 0
    outer loop
      vertex -51.08933982998133 44.57066017177982 10.250276446342468
      vertex -51.7198935225606 44.57066017177982 8.94091822206974
      vertex -51.88383674621582 44.57066017177982 9.124370776116848
    endloop
  endfacet
  facet normal 0.9009688665998057 0 -0.43388374182246275
    outer loop
      vertex -51.08933982998133 44.3433553495294 10.250276446342468
      vertex -51.7198935225606 44.3433553495294 8.94091822206974
      vertex -51.08933982998133 44.57066017177982 10.250276446342468
    endloop
  endfacet
  facet normal 0 1 0
    outer loop
      vertex -51.31664464622736 44.57066017177982 10.302157297730446
      vertex -51.08933982998133 44.57066017177982 10.250276446342468
      vertex -51.88383674621582 44.57066017177982 9.124370776116848
    endloop
  endfacet
  facet normal -1 0 0
    outer loop
      vertex -63.91066017001867 44.3433553495294 13.749723553657532
      vertex -63.91066017001867 44.57066017177982 10.22464682906866
      vertex -63.91066017001867 44.3433553495294 10.22464682906866
    endloop
  endfacet
  facet normal 0 1 0
    outer loop
      vertex -63.91066017001867 44.57066017177982 13.749723553657532
      vertex -63.68335535377264 44.57066017177982 10.263267494738102
      vertex -63.91066017001867 44.57066017177982 10.22464682906866
    endloop
  endfacet
  facet normal 0 1 0
    outer loop
      vertex -51.31664464622736 44.57066017177982 13.736732505261898
      vertex -51.08933982998133 44.57066017177982 10.250276446342468
      vertex -51.31664464622736 44.57066017177982 10.302157297730446
    endloop
  endfacet
  facet normal 1 0 0
    outer loop
      vertex -51.08933982998133 44.57066017177982 13.77535317093134
      vertex -51.08933982998133 44.3433553495294 10.250276446342468
      vertex -51.08933982998133 44.57066017177982 10.250276446342468
    endloop
  endfacet
  facet normal -1 0 0
    outer loop
      vertex -63.91066017001867 44.3433553495294 13.749723553657532
      vertex -63.91066017001867 44.57066017177982 13.749723553657532
      vertex -63.91066017001867 44.57066017177982 10.22464682906866
    endloop
  endfacet
  facet normal 0 1 0
    outer loop
      vertex -63.91066017001867 44.57066017177982 13.749723553657532
      vertex -63.68335535377264 44.57066017177982 13.697842702269554
      vertex -63.68335535377264 44.57066017177982 10.263267494738102
    endloop
  endfacet
  facet normal 1 0 0
    outer loop
      vertex -51.08933982998133 44.3433553495294 13.77535317093134
      vertex -51.08933982998133 44.3433553495294 10.250276446342468
      vertex -51.08933982998133 44.57066017177982 13.77535317093134
    endloop
  endfacet
  facet normal 0 1 0
    outer loop
      vertex -51.31664464622736 44.57066017177982 13.736732505261898
      vertex -51.08933982998133 44.57066017177982 13.77535317093134
      vertex -51.08933982998133 44.57066017177982 10.250276446342468
    endloop
  endfacet
  facet normal 0 1 0
    outer loop
      vertex -63.11616325378418 44.57066017177982 14.875629223883152
      vertex -63.68335535377264 44.57066017177982 13.697842702269554
      vertex -63.91066017001867 44.57066017177982 13.749723553657532
    endloop
  endfacet
  facet normal -0.9009688665998057 0 0.43388374182246275
    outer loop
      vertex -63.2801064774394 44.3433553495294 15.05908177793026
      vertex -63.91066017001867 44.57066017177982 13.749723553657532
      vertex -63.91066017001867 44.3433553495294 13.749723553657532
    endloop
  endfacet
  facet normal -0.9009688665998057 0 0.43388374182246275
    outer loop
      vertex -63.2801064774394 44.3433553495294 15.05908177793026
      vertex -63.2801064774394 44.57066017177982 15.05908177793026
      vertex -63.91066017001867 44.57066017177982 13.749723553657532
    endloop
  endfacet
  facet normal 0 1 0
    outer loop
      vertex -63.2801064774394 44.57066017177982 15.05908177793026
      vertex -63.11616325378418 44.57066017177982 14.875629223883152
      vertex -63.91066017001867 44.57066017177982 13.749723553657532
    endloop
  endfacet
  facet normal 0 1 0
    outer loop
      vertex -51.62437077611685 44.57066017177982 14.61616325378418
      vertex -51.08933982998133 44.57066017177982 13.77535317093134
      vertex -51.31664464622736 44.57066017177982 13.736732505261898
    endloop
  endfacet
  facet normal 0.9438833290613807 0 0.3302790655188508
    outer loop
      vertex -51.44091822206974 44.57066017177982 14.780106477439404
      vertex -51.08933982998133 44.3433553495294 13.77535317093134
      vertex -51.08933982998133 44.57066017177982 13.77535317093134
    endloop
  endfacet
  facet normal 0.9438833290613807 0 0.3302790655188508
    outer loop
      vertex -51.44091822206974 44.3433553495294 14.780106477439404
      vertex -51.08933982998133 44.3433553495294 13.77535317093134
      vertex -51.44091822206974 44.57066017177982 14.780106477439404
    endloop
  endfacet
  facet normal 0 1 0
    outer loop
      vertex -51.62437077611685 44.57066017177982 14.61616325378418
      vertex -51.44091822206974 44.57066017177982 14.780106477439404
      vertex -51.08933982998133 44.57066017177982 13.77535317093134
    endloop
  endfacet
  facet normal -0.3302790677008186 0 0.943883328297877
    outer loop
      vertex -63.2801064774394 44.3433553495294 15.05908177793026
      vertex -62.27535317838192 44.3433553495294 15.410660170018673
      vertex -63.2801064774394 44.57066017177982 15.05908177793026
    endloop
  endfacet
  facet normal -0.3302790677008186 0 0.943883328297877
    outer loop
      vertex -63.2801064774394 44.57066017177982 15.05908177793026
      vertex -62.27535317838192 44.3433553495294 15.410660170018673
      vertex -62.27535317838192 44.57066017177982 15.410660170018673
    endloop
  endfacet
  facet normal 0 1 0
    outer loop
      vertex -63.2801064774394 44.57066017177982 15.05908177793026
      vertex -62.27535317838192 44.57066017177982 15.410660170018673
      vertex -63.11616325378418 44.57066017177982 14.875629223883152
    endloop
  endfacet
  facet normal 0 1 0
    outer loop
      vertex -63.11616325378418 44.57066017177982 14.875629223883152
      vertex -62.27535317838192 44.57066017177982 15.410660170018673
      vertex -62.2367325052619 44.57066017177982 15.18335535377264
    endloop
  endfacet
  facet normal 0 0 1
    outer loop
      vertex -62.27535317838192 44.3433553495294 15.410660170018673
      vertex -52.75027644634247 44.3433553495294 15.410660170018673
      vertex -62.27535317838192 44.57066017177982 15.410660170018673
    endloop
  endfacet
  facet normal 0 1 0
    outer loop
      vertex -62.27535317838192 44.57066017177982 15.410660170018673
      vertex -52.75027644634247 44.57066017177982 15.410660170018673
      vertex -62.2367325052619 44.57066017177982 15.18335535377264
    endloop
  endfacet
  facet normal 0 1 0
    outer loop
      vertex -62.2367325052619 44.57066017177982 15.18335535377264
      vertex -52.75027644634247 44.57066017177982 15.410660170018673
      vertex -52.802157290279865 44.57066017177982 15.18335535377264
    endloop
  endfacet
  facet normal 0.43388374182246275 0 0.9009688665998057
    outer loop
      vertex -52.75027644634247 44.57066017177982 15.410660170018673
      vertex -51.44091822206974 44.3433553495294 14.780106477439404
      vertex -51.44091822206974 44.57066017177982 14.780106477439404
    endloop
  endfacet
  facet normal 0 1 0
    outer loop
      vertex -52.802157290279865 44.57066017177982 15.18335535377264
      vertex -51.44091822206974 44.57066017177982 14.780106477439404
      vertex -51.62437077611685 44.57066017177982 14.61616325378418
    endloop
  endfacet
  facet normal 0.43388374182246275 0 0.9009688665998057
    outer loop
      vertex -52.75027644634247 44.3433553495294 15.410660170018673
      vertex -51.44091822206974 44.3433553495294 14.780106477439404
      vertex -52.75027644634247 44.57066017177982 15.410660170018673
    endloop
  endfacet
  facet normal 0 1 0
    outer loop
      vertex -52.75027644634247 44.57066017177982 15.410660170018673
      vertex -51.44091822206974 44.57066017177982 14.780106477439404
      vertex -52.802157290279865 44.57066017177982 15.18335535377264
    endloop
  endfacet
  facet normal 0 0 1
    outer loop
      vertex -62.27535317838192 44.57066017177982 15.410660170018673
      vertex -52.75027644634247 44.3433553495294 15.410660170018673
      vertex -52.75027644634247 44.57066017177982 15.410660170018673
    endloop
  endfacet
  facet normal 0 0 -1
    outer loop
      vertex 52.75027644634247 44.3433553495294 8.589339829981327
      vertex 52.75027644634247 44.57066017177982 8.589339829981327
      vertex 62.27535317838192 44.57066017177982 8.589339829981327
    endloop
  endfacet
  facet normal -0.43388374182246275 0 -0.9009688665998057
    outer loop
      vertex 51.44091822206974 44.3433553495294 9.219893522560596
      vertex 52.75027644634247 44.57066017177982 8.589339829981327
      vertex 52.75027644634247 44.3433553495294 8.589339829981327
    endloop
  endfacet
  facet normal 0 1 0
    outer loop
      vertex 51.44091822206974 44.57066017177982 9.219893522560596
      vertex 52.802157290279865 44.57066017177982 8.81664464622736
      vertex 52.75027644634247 44.57066017177982 8.589339829981327
    endloop
  endfacet
  facet normal -0.43388374182246275 0 -0.9009688665998057
    outer loop
      vertex 51.44091822206974 44.3433553495294 9.219893522560596
      vertex 51.44091822206974 44.57066017177982 9.219893522560596
      vertex 52.75027644634247 44.57066017177982 8.589339829981327
    endloop
  endfacet
  facet normal 0 1 0
    outer loop
      vertex 51.44091822206974 44.57066017177982 9.219893522560596
      vertex 51.62437077611685 44.57066017177982 9.38383674621582
      vertex 52.802157290279865 44.57066017177982 8.81664464622736
    endloop
  endfacet
  facet normal 0 1 0
    outer loop
      vertex 52.802157290279865 44.57066017177982 8.81664464622736
      vertex 62.2367325052619 44.57066017177982 8.81664464622736
      vertex 52.75027644634247 44.57066017177982 8.589339829981327
    endloop
  endfacet
  facet normal 0 0 -1
    outer loop
      vertex 52.75027644634247 44.3433553495294 8.589339829981327
      vertex 62.27535317838192 44.57066017177982 8.589339829981327
      vertex 62.27535317838192 44.3433553495294 8.589339829981327
    endloop
  endfacet
  facet normal 0 1 0
    outer loop
      vertex 52.75027644634247 44.57066017177982 8.589339829981327
      vertex 62.2367325052619 44.57066017177982 8.81664464622736
      vertex 62.27535317838192 44.57066017177982 8.589339829981327
    endloop
  endfacet
  facet normal 0.3302790677008186 0 -0.943883328297877
    outer loop
      vertex 62.27535317838192 44.3433553495294 8.589339829981327
      vertex 62.27535317838192 44.57066017177982 8.589339829981327
      vertex 63.2801064774394 44.57066017177982 8.94091822206974
    endloop
  endfacet
  facet normal 0.3302790677008186 0 -0.943883328297877
    outer loop
      vertex 62.27535317838192 44.3433553495294 8.589339829981327
      vertex 63.2801064774394 44.57066017177982 8.94091822206974
      vertex 63.2801064774394 44.3433553495294 8.94091822206974
    endloop
  endfacet
  facet normal 0 1 0
    outer loop
      vertex 62.2367325052619 44.57066017177982 8.81664464622736
      vertex 63.11616325378418 44.57066017177982 9.124370776116848
      vertex 62.27535317838192 44.57066017177982 8.589339829981327
    endloop
  endfacet
  facet normal 0 1 0
    outer loop
      vertex 62.27535317838192 44.57066017177982 8.589339829981327
      vertex 63.11616325378418 44.57066017177982 9.124370776116848
      vertex 63.2801064774394 44.57066017177982 8.94091822206974
    endloop
  endfacet
  facet normal -0.9438833290613807 0 -0.3302790655188508
    outer loop
      vertex 51.08933982998133 44.3433553495294 10.22464682906866
      vertex 51.44091822206974 44.57066017177982 9.219893522560596
      vertex 51.44091822206974 44.3433553495294 9.219893522560596
    endloop
  endfacet
  facet normal 0 1 0
    outer loop
      vertex 51.08933982998133 44.57066017177982 10.22464682906866
      vertex 51.62437077611685 44.57066017177982 9.38383674621582
      vertex 51.44091822206974 44.57066017177982 9.219893522560596
    endloop
  endfacet
  facet normal -0.9438833290613807 0 -0.3302790655188508
    outer loop
      vertex 51.08933982998133 44.3433553495294 10.22464682906866
      vertex 51.08933982998133 44.57066017177982 10.22464682906866
      vertex 51.44091822206974 44.57066017177982 9.219893522560596
    endloop
  endfacet
  facet normal 0 1 0
    outer loop
      vertex 51.08933982998133 44.57066017177982 10.22464682906866
      vertex 51.31664464622736 44.57066017177982 10.263267494738102
      vertex 51.62437077611685 44.57066017177982 9.38383674621582
    endloop
  endfacet
  facet normal 0.9009688665998057 0 -0.43388374182246275
    outer loop
      vertex 63.91066017001867 44.57066017177982 10.250276446342468
      vertex 63.2801064774394 44.3433553495294 8.94091822206974
      vertex 63.2801064774394 44.57066017177982 8.94091822206974
    endloop
  endfacet
  facet normal 0 1 0
    outer loop
      vertex 63.91066017001867 44.57066017177982 10.250276446342468
      vertex 63.2801064774394 44.57066017177982 8.94091822206974
      vertex 63.11616325378418 44.57066017177982 9.124370776116848
    endloop
  endfacet
  facet normal 0.9009688665998057 0 -0.43388374182246275
    outer loop
      vertex 63.91066017001867 44.3433553495294 10.250276446342468
      vertex 63.2801064774394 44.3433553495294 8.94091822206974
      vertex 63.91066017001867 44.57066017177982 10.250276446342468
    endloop
  endfacet
  facet normal 0 1 0
    outer loop
      vertex 63.68335535377264 44.57066017177982 10.302157297730446
      vertex 63.91066017001867 44.57066017177982 10.250276446342468
      vertex 63.11616325378418 44.57066017177982 9.124370776116848
    endloop
  endfacet
  facet normal -1 0 0
    outer loop
      vertex 51.08933982998133 44.3433553495294 13.749723553657532
      vertex 51.08933982998133 44.57066017177982 10.22464682906866
      vertex 51.08933982998133 44.3433553495294 10.22464682906866
    endloop
  endfacet
  facet normal 0 1 0
    outer loop
      vertex 51.08933982998133 44.57066017177982 13.749723553657532
      vertex 51.31664464622736 44.57066017177982 10.263267494738102
      vertex 51.08933982998133 44.57066017177982 10.22464682906866
    endloop
  endfacet
  facet normal 1 0 0
    outer loop
      vertex 63.91066017001867 44.57066017177982 13.77535317093134
      vertex 63.91066017001867 44.3433553495294 10.250276446342468
      vertex 63.91066017001867 44.57066017177982 10.250276446342468
    endloop
  endfacet
  facet normal 0 1 0
    outer loop
      vertex 63.68335535377264 44.57066017177982 13.736732505261898
      vertex 63.91066017001867 44.57066017177982 10.250276446342468
      vertex 63.68335535377264 44.57066017177982 10.302157297730446
    endloop
  endfacet
  facet normal -1 0 0
    outer loop
      vertex 51.08933982998133 44.3433553495294 13.749723553657532
      vertex 51.08933982998133 44.57066017177982 13.749723553657532
      vertex 51.08933982998133 44.57066017177982 10.22464682906866
    endloop
  endfacet
  facet normal 0 1 0
    outer loop
      vertex 51.08933982998133 44.57066017177982 13.749723553657532
      vertex 51.31664464622736 44.57066017177982 13.697842702269554
      vertex 51.31664464622736 44.57066017177982 10.263267494738102
    endloop
  endfacet
  facet normal 1 0 0
    outer loop
      vertex 63.91066017001867 44.3433553495294 13.77535317093134
      vertex 63.91066017001867 44.3433553495294 10.250276446342468
      vertex 63.91066017001867 44.57066017177982 13.77535317093134
    endloop
  endfacet
  facet normal 0 1 0
    outer loop
      vertex 63.68335535377264 44.57066017177982 13.736732505261898
      vertex 63.91066017001867 44.57066017177982 13.77535317093134
      vertex 63.91066017001867 44.57066017177982 10.250276446342468
    endloop
  endfacet
  facet normal 0 1 0
    outer loop
      vertex 51.88383674621582 44.57066017177982 14.875629223883152
      vertex 51.31664464622736 44.57066017177982 13.697842702269554
      vertex 51.08933982998133 44.57066017177982 13.749723553657532
    endloop
  endfacet
  facet normal -0.9009688665998057 0 0.43388374182246275
    outer loop
      vertex 51.7198935225606 44.3433553495294 15.05908177793026
      vertex 51.08933982998133 44.57066017177982 13.749723553657532
      vertex 51.08933982998133 44.3433553495294 13.749723553657532
    endloop
  endfacet
  facet normal -0.9009688665998057 0 0.43388374182246275
    outer loop
      vertex 51.7198935225606 44.3433553495294 15.05908177793026
      vertex 51.7198935225606 44.57066017177982 15.05908177793026
      vertex 51.08933982998133 44.57066017177982 13.749723553657532
    endloop
  endfacet
  facet normal 0 1 0
    outer loop
      vertex 51.7198935225606 44.57066017177982 15.05908177793026
      vertex 51.88383674621582 44.57066017177982 14.875629223883152
      vertex 51.08933982998133 44.57066017177982 13.749723553657532
    endloop
  endfacet
  facet normal 0.9438833290613807 0 0.3302790655188508
    outer loop
      vertex 63.55908177793026 44.57066017177982 14.780106477439404
      vertex 63.91066017001867 44.3433553495294 13.77535317093134
      vertex 63.91066017001867 44.57066017177982 13.77535317093134
    endloop
  endfacet
  facet normal 0 1 0
    outer loop
      vertex 63.37562922388315 44.57066017177982 14.61616325378418
      vertex 63.91066017001867 44.57066017177982 13.77535317093134
      vertex 63.68335535377264 44.57066017177982 13.736732505261898
    endloop
  endfacet
  facet normal 0.9438833290613807 0 0.3302790655188508
    outer loop
      vertex 63.55908177793026 44.3433553495294 14.780106477439404
      vertex 63.91066017001867 44.3433553495294 13.77535317093134
      vertex 63.55908177793026 44.57066017177982 14.780106477439404
    endloop
  endfacet
  facet normal 0 1 0
    outer loop
      vertex 63.37562922388315 44.57066017177982 14.61616325378418
      vertex 63.55908177793026 44.57066017177982 14.780106477439404
      vertex 63.91066017001867 44.57066017177982 13.77535317093134
    endloop
  endfacet
  facet normal -0.3302790677008186 0 0.943883328297877
    outer loop
      vertex 51.7198935225606 44.3433553495294 15.05908177793026
      vertex 52.72464682161808 44.3433553495294 15.410660170018673
      vertex 51.7198935225606 44.57066017177982 15.05908177793026
    endloop
  endfacet
  facet normal -0.3302790677008186 0 0.943883328297877
    outer loop
      vertex 51.7198935225606 44.57066017177982 15.05908177793026
      vertex 52.72464682161808 44.3433553495294 15.410660170018673
      vertex 52.72464682161808 44.57066017177982 15.410660170018673
    endloop
  endfacet
  facet normal 0 1 0
    outer loop
      vertex 51.7198935225606 44.57066017177982 15.05908177793026
      vertex 52.72464682161808 44.57066017177982 15.410660170018673
      vertex 51.88383674621582 44.57066017177982 14.875629223883152
    endloop
  endfacet
  facet normal 0 1 0
    outer loop
      vertex 51.88383674621582 44.57066017177982 14.875629223883152
      vertex 52.72464682161808 44.57066017177982 15.410660170018673
      vertex 52.7632674947381 44.57066017177982 15.18335535377264
    endloop
  endfacet
  facet normal 0 0 1
    outer loop
      vertex 52.72464682161808 44.3433553495294 15.410660170018673
      vertex 62.24972355365753 44.3433553495294 15.410660170018673
      vertex 52.72464682161808 44.57066017177982 15.410660170018673
    endloop
  endfacet
  facet normal 0 1 0
    outer loop
      vertex 52.72464682161808 44.57066017177982 15.410660170018673
      vertex 62.24972355365753 44.57066017177982 15.410660170018673
      vertex 52.7632674947381 44.57066017177982 15.18335535377264
    endloop
  endfacet
  facet normal 0 1 0
    outer loop
      vertex 52.7632674947381 44.57066017177982 15.18335535377264
      vertex 62.24972355365753 44.57066017177982 15.410660170018673
      vertex 62.197842709720135 44.57066017177982 15.18335535377264
    endloop
  endfacet
  facet normal 0.43388374182246275 0 0.9009688665998057
    outer loop
      vertex 62.24972355365753 44.57066017177982 15.410660170018673
      vertex 63.55908177793026 44.3433553495294 14.780106477439404
      vertex 63.55908177793026 44.57066017177982 14.780106477439404
    endloop
  endfacet
  facet normal 0 1 0
    outer loop
      vertex 62.197842709720135 44.57066017177982 15.18335535377264
      vertex 63.55908177793026 44.57066017177982 14.780106477439404
      vertex 63.37562922388315 44.57066017177982 14.61616325378418
    endloop
  endfacet
  facet normal 0.43388374182246275 0 0.9009688665998057
    outer loop
      vertex 62.24972355365753 44.3433553495294 15.410660170018673
      vertex 63.55908177793026 44.3433553495294 14.780106477439404
      vertex 62.24972355365753 44.57066017177982 15.410660170018673
    endloop
  endfacet
  facet normal 0 1 0
    outer loop
      vertex 62.24972355365753 44.57066017177982 15.410660170018673
      vertex 63.55908177793026 44.57066017177982 14.780106477439404
      vertex 62.197842709720135 44.57066017177982 15.18335535377264
    endloop
  endfacet
  facet normal 0 0 1
    outer loop
      vertex 52.72464682161808 44.57066017177982 15.410660170018673
      vertex 62.24972355365753 44.3433553495294 15.410660170018673
      vertex 62.24972355365753 44.57066017177982 15.410660170018673
    endloop
  endfacet
  facet normal -0.4338837443297356 0 -0.9009688653923668
    outer loop
      vertex -63.37562922388315 44.757204418453824 9.38383674621582
      vertex -62.197842709720135 44.757204418453824 8.81664464622736
      vertex -62.197842709720135 44.57066017177982 8.81664464622736
    endloop
  endfacet
  facet normal 0 1 0
    outer loop
      vertex -63.166329719126225 44.757204418453824 9.570878222584724
      vertex -62.13865228742361 44.757204418453824 9.075974851846695
      vertex -62.197842709720135 44.757204418453824 8.81664464622736
    endloop
  endfacet
  facet normal 0 0 -1
    outer loop
      vertex -62.197842709720135 44.57066017177982 8.81664464622736
      vertex -62.197842709720135 44.757204418453824 8.81664464622736
      vertex -52.7632674947381 44.57066017177982 8.81664464622736
    endloop
  endfacet
  facet normal 0 1 0
    outer loop
      vertex -62.13865228742361 44.757204418453824 9.075974851846695
      vertex -52.7632674947381 44.757204418453824 8.81664464622736
      vertex -62.197842709720135 44.757204418453824 8.81664464622736
    endloop
  endfacet
  facet normal 0 0 -1
    outer loop
      vertex -62.197842709720135 44.757204418453824 8.81664464622736
      vertex -52.7632674947381 44.757204418453824 8.81664464622736
      vertex -52.7632674947381 44.57066017177982 8.81664464622736
    endloop
  endfacet
  facet normal 0 1 0
    outer loop
      vertex -62.13865228742361 44.757204418453824 9.075974851846695
      vertex -52.807329438626766 44.757204418453824 9.075974851846695
      vertex -52.7632674947381 44.757204418453824 8.81664464622736
    endloop
  endfacet
  facet normal 0.33027906360293463 0 -0.9438833297317888
    outer loop
      vertex -52.7632674947381 44.57066017177982 8.81664464622736
      vertex -52.7632674947381 44.757204418453824 8.81664464622736
      vertex -51.88383674621582 44.57066017177982 9.124370776116848
    endloop
  endfacet
  facet normal 0.33027906360293463 0 -0.9438833297317888
    outer loop
      vertex -52.7632674947381 44.757204418453824 8.81664464622736
      vertex -51.88383674621582 44.757204418453824 9.124370776116848
      vertex -51.88383674621582 44.57066017177982 9.124370776116848
    endloop
  endfacet
  facet normal 0 1 0
    outer loop
      vertex -52.807329438626766 44.757204418453824 9.075974851846695
      vertex -51.88383674621582 44.757204418453824 9.124370776116848
      vertex -52.7632674947381 44.757204418453824 8.81664464622736
    endloop
  endfacet
  facet normal -0.4338837443297356 0 -0.9009688653923668
    outer loop
      vertex -63.37562922388315 44.57066017177982 9.38383674621582
      vertex -63.37562922388315 44.757204418453824 9.38383674621582
      vertex -62.197842709720135 44.57066017177982 8.81664464622736
    endloop
  endfacet
  facet normal 0 1 0
    outer loop
      vertex -63.37562922388315 44.757204418453824 9.38383674621582
      vertex -63.166329719126225 44.757204418453824 9.570878222584724
      vertex -62.197842709720135 44.757204418453824 8.81664464622736
    endloop
  endfacet
  facet normal -0.9438833297317888 0 -0.33027906360293463
    outer loop
      vertex -63.68335535377264 44.757204418453824 10.263267494738102
      vertex -63.37562922388315 44.757204418453824 9.38383674621582
      vertex -63.37562922388315 44.57066017177982 9.38383674621582
    endloop
  endfacet
  facet normal -0.9438833297317888 0 -0.33027906360293463
    outer loop
      vertex -63.68335535377264 44.57066017177982 10.263267494738102
      vertex -63.68335535377264 44.757204418453824 10.263267494738102
      vertex -63.37562922388315 44.57066017177982 9.38383674621582
    endloop
  endfacet
  facet normal 0 1 0
    outer loop
      vertex -63.424025148153305 44.757204418453824 10.307329446077347
      vertex -63.166329719126225 44.757204418453824 9.570878222584724
      vertex -63.37562922388315 44.757204418453824 9.38383674621582
    endloop
  endfacet
  facet normal 0 1 0
    outer loop
      vertex -63.68335535377264 44.757204418453824 10.263267494738102
      vertex -63.424025148153305 44.757204418453824 10.307329446077347
      vertex -63.37562922388315 44.757204418453824 9.38383674621582
    endloop
  endfacet
  facet normal 0 1 0
    outer loop
      vertex -52.807329438626766 44.757204418453824 9.075974851846695
      vertex -52.070878222584724 44.757204418453824 9.333670280873775
      vertex -51.88383674621582 44.757204418453824 9.124370776116848
    endloop
  endfacet
  facet normal 0.9009688664653182 2.27636331887985e-16 -0.433883742101729
    outer loop
      vertex -51.31664464622736 44.57066017177982 10.302157297730446
      vertex -51.88383674621582 44.57066017177982 9.124370776116848
      vertex -51.88383674621582 44.757204418453824 9.124370776116848
    endloop
  endfacet
  facet normal 0 1 0
    outer loop
      vertex -51.31664464622736 44.757204418453824 10.302157297730446
      vertex -51.88383674621582 44.757204418453824 9.124370776116848
      vertex -52.070878222584724 44.757204418453824 9.333670280873775
    endloop
  endfacet
  facet normal 0.9009688664653182 0 -0.433883742101729
    outer loop
      vertex -51.31664464622736 44.57066017177982 10.302157297730446
      vertex -51.88383674621582 44.757204418453824 9.124370776116848
      vertex -51.31664464622736 44.757204418453824 10.302157297730446
    endloop
  endfacet
  facet normal 0 1 0
    outer loop
      vertex -51.575974851846695 44.757204418453824 10.36134772002697
      vertex -51.31664464622736 44.757204418453824 10.302157297730446
      vertex -52.070878222584724 44.757204418453824 9.333670280873775
    endloop
  endfacet
  facet normal -1 0 0
    outer loop
      vertex -63.68335535377264 44.757204418453824 13.697842702269554
      vertex -63.68335535377264 44.757204418453824 10.263267494738102
      vertex -63.68335535377264 44.57066017177982 10.263267494738102
    endloop
  endfacet
  facet normal 0 1 0
    outer loop
      vertex -63.424025148153305 44.757204418453824 13.63865227997303
      vertex -63.424025148153305 44.757204418453824 10.307329446077347
      vertex -63.68335535377264 44.757204418453824 10.263267494738102
    endloop
  endfacet
  facet normal 1 0 0
    outer loop
      vertex -51.31664464622736 44.57066017177982 13.736732505261898
      vertex -51.31664464622736 44.57066017177982 10.302157297730446
      vertex -51.31664464622736 44.757204418453824 10.302157297730446
    endloop
  endfacet
  facet normal 0 1 0
    outer loop
      vertex -51.31664464622736 44.757204418453824 13.736732505261898
      vertex -51.31664464622736 44.757204418453824 10.302157297730446
      vertex -51.575974851846695 44.757204418453824 10.36134772002697
    endloop
  endfacet
  facet normal -1 0 0
    outer loop
      vertex -63.68335535377264 44.57066017177982 13.697842702269554
      vertex -63.68335535377264 44.757204418453824 13.697842702269554
      vertex -63.68335535377264 44.57066017177982 10.263267494738102
    endloop
  endfacet
  facet normal 0 1 0
    outer loop
      vertex -63.68335535377264 44.757204418453824 13.697842702269554
      vertex -63.424025148153305 44.757204418453824 13.63865227997303
      vertex -63.68335535377264 44.757204418453824 10.263267494738102
    endloop
  endfacet
  facet normal 1 0 0
    outer loop
      vertex -51.31664464622736 44.57066017177982 13.736732505261898
      vertex -51.31664464622736 44.757204418453824 10.302157297730446
      vertex -51.31664464622736 44.757204418453824 13.736732505261898
    endloop
  endfacet
  facet normal 0 1 0
    outer loop
      vertex -51.575974851846695 44.757204418453824 13.692670553922653
      vertex -51.31664464622736 44.757204418453824 13.736732505261898
      vertex -51.575974851846695 44.757204418453824 10.36134772002697
    endloop
  endfacet
  facet normal -0.9009688664653182 2.27636331887985e-16 0.433883742101729
    outer loop
      vertex -63.11616325378418 44.757204418453824 14.875629223883152
      vertex -63.68335535377264 44.757204418453824 13.697842702269554
      vertex -63.68335535377264 44.57066017177982 13.697842702269554
    endloop
  endfacet
  facet normal 0 1 0
    outer loop
      vertex -62.929121777415276 44.757204418453824 14.666329719126225
      vertex -63.424025148153305 44.757204418453824 13.63865227997303
      vertex -63.68335535377264 44.757204418453824 13.697842702269554
    endloop
  endfacet
  facet normal 0 1 0
    outer loop
      vertex -63.11616325378418 44.757204418453824 14.875629223883152
      vertex -62.929121777415276 44.757204418453824 14.666329719126225
      vertex -63.68335535377264 44.757204418453824 13.697842702269554
    endloop
  endfacet
  facet normal -0.9009688664653182 0 0.433883742101729
    outer loop
      vertex -63.11616325378418 44.57066017177982 14.875629223883152
      vertex -63.11616325378418 44.757204418453824 14.875629223883152
      vertex -63.68335535377264 44.57066017177982 13.697842702269554
    endloop
  endfacet
  facet normal 0.9438833297317888 0 0.33027906360293463
    outer loop
      vertex -51.62437077611685 44.57066017177982 14.61616325378418
      vertex -51.31664464622736 44.57066017177982 13.736732505261898
      vertex -51.31664464622736 44.757204418453824 13.736732505261898
    endloop
  endfacet
  facet normal 0 1 0
    outer loop
      vertex -51.62437077611685 44.757204418453824 14.61616325378418
      vertex -51.31664464622736 44.757204418453824 13.736732505261898
      vertex -51.575974851846695 44.757204418453824 13.692670553922653
    endloop
  endfacet
  facet normal 0.9438833297317888 0 0.33027906360293463
    outer loop
      vertex -51.62437077611685 44.57066017177982 14.61616325378418
      vertex -51.31664464622736 44.757204418453824 13.736732505261898
      vertex -51.62437077611685 44.757204418453824 14.61616325378418
    endloop
  endfacet
  facet normal 0 1 0
    outer loop
      vertex -51.833670280873775 44.757204418453824 14.429121777415276
      vertex -51.62437077611685 44.757204418453824 14.61616325378418
      vertex -51.575974851846695 44.757204418453824 13.692670553922653
    endloop
  endfacet
  facet normal -0.33027906360293463 0 0.9438833297317888
    outer loop
      vertex -63.11616325378418 44.57066017177982 14.875629223883152
      vertex -62.2367325052619 44.757204418453824 15.18335535377264
      vertex -63.11616325378418 44.757204418453824 14.875629223883152
    endloop
  endfacet
  facet normal 0 1 0
    outer loop
      vertex -63.11616325378418 44.757204418453824 14.875629223883152
      vertex -62.192670561373234 44.757204418453824 14.924025148153305
      vertex -62.929121777415276 44.757204418453824 14.666329719126225
    endloop
  endfacet
  facet normal 0 1 0
    outer loop
      vertex -63.11616325378418 44.757204418453824 14.875629223883152
      vertex -62.2367325052619 44.757204418453824 15.18335535377264
      vertex -62.192670561373234 44.757204418453824 14.924025148153305
    endloop
  endfacet
  facet normal -0.33027906360293463 0 0.9438833297317888
    outer loop
      vertex -63.11616325378418 44.57066017177982 14.875629223883152
      vertex -62.2367325052619 44.57066017177982 15.18335535377264
      vertex -62.2367325052619 44.757204418453824 15.18335535377264
    endloop
  endfacet
  facet normal 0 1 0
    outer loop
      vertex -62.2367325052619 44.757204418453824 15.18335535377264
      vertex -52.86134771257639 44.757204418453824 14.924025148153305
      vertex -62.192670561373234 44.757204418453824 14.924025148153305
    endloop
  endfacet
  facet normal 0 0 1
    outer loop
      vertex -62.2367325052619 44.57066017177982 15.18335535377264
      vertex -52.802157290279865 44.757204418453824 15.18335535377264
      vertex -62.2367325052619 44.757204418453824 15.18335535377264
    endloop
  endfacet
  facet normal 0 0 1
    outer loop
      vertex -62.2367325052619 44.57066017177982 15.18335535377264
      vertex -52.802157290279865 44.57066017177982 15.18335535377264
      vertex -52.802157290279865 44.757204418453824 15.18335535377264
    endloop
  endfacet
  facet normal 0 1 0
    outer loop
      vertex -62.2367325052619 44.757204418453824 15.18335535377264
      vertex -52.802157290279865 44.757204418453824 15.18335535377264
      vertex -52.86134771257639 44.757204418453824 14.924025148153305
    endloop
  endfacet
  facet normal 0.4338837443297356 0 0.9009688653923668
    outer loop
      vertex -52.802157290279865 44.57066017177982 15.18335535377264
      vertex -51.62437077611685 44.57066017177982 14.61616325378418
      vertex -51.62437077611685 44.757204418453824 14.61616325378418
    endloop
  endfacet
  facet normal 0.4338837443297356 0 0.9009688653923668
    outer loop
      vertex -52.802157290279865 44.57066017177982 15.18335535377264
      vertex -51.62437077611685 44.757204418453824 14.61616325378418
      vertex -52.802157290279865 44.757204418453824 15.18335535377264
    endloop
  endfacet
  facet normal 0 1 0
    outer loop
      vertex -52.802157290279865 44.757204418453824 15.18335535377264
      vertex -51.833670280873775 44.757204418453824 14.429121777415276
      vertex -52.86134771257639 44.757204418453824 14.924025148153305
    endloop
  endfacet
  facet normal 0 1 0
    outer loop
      vertex -52.802157290279865 44.757204418453824 15.18335535377264
      vertex -51.62437077611685 44.757204418453824 14.61616325378418
      vertex -51.833670280873775 44.757204418453824 14.429121777415276
    endloop
  endfacet
  facet normal -0.4338837443297356 0 -0.9009688653923668
    outer loop
      vertex 51.62437077611685 44.757204418453824 9.38383674621582
      vertex 52.802157290279865 44.757204418453824 8.81664464622736
      vertex 52.802157290279865 44.57066017177982 8.81664464622736
    endloop
  endfacet
  facet normal 0 1 0
    outer loop
      vertex 51.833670280873775 44.757204418453824 9.570878222584724
      vertex 52.86134771257639 44.757204418453824 9.075974851846695
      vertex 52.802157290279865 44.757204418453824 8.81664464622736
    endloop
  endfacet
  facet normal 0 0 -1
    outer loop
      vertex 52.802157290279865 44.57066017177982 8.81664464622736
      vertex 52.802157290279865 44.757204418453824 8.81664464622736
      vertex 62.2367325052619 44.57066017177982 8.81664464622736
    endloop
  endfacet
  facet normal 0 1 0
    outer loop
      vertex 52.86134771257639 44.757204418453824 9.075974851846695
      vertex 62.2367325052619 44.757204418453824 8.81664464622736
      vertex 52.802157290279865 44.757204418453824 8.81664464622736
    endloop
  endfacet
  facet normal 0 0 -1
    outer loop
      vertex 52.802157290279865 44.757204418453824 8.81664464622736
      vertex 62.2367325052619 44.757204418453824 8.81664464622736
      vertex 62.2367325052619 44.57066017177982 8.81664464622736
    endloop
  endfacet
  facet normal 0 1 0
    outer loop
      vertex 52.86134771257639 44.757204418453824 9.075974851846695
      vertex 62.192670561373234 44.757204418453824 9.075974851846695
      vertex 62.2367325052619 44.757204418453824 8.81664464622736
    endloop
  endfacet
  facet normal 0.33027906360293463 0 -0.9438833297317888
    outer loop
      vertex 62.2367325052619 44.57066017177982 8.81664464622736
      vertex 62.2367325052619 44.757204418453824 8.81664464622736
      vertex 63.11616325378418 44.57066017177982 9.124370776116848
    endloop
  endfacet
  facet normal 0.33027906360293463 0 -0.9438833297317888
    outer loop
      vertex 62.2367325052619 44.757204418453824 8.81664464622736
      vertex 63.11616325378418 44.757204418453824 9.124370776116848
      vertex 63.11616325378418 44.57066017177982 9.124370776116848
    endloop
  endfacet
  facet normal 0 1 0
    outer loop
      vertex 62.192670561373234 44.757204418453824 9.075974851846695
      vertex 63.11616325378418 44.757204418453824 9.124370776116848
      vertex 62.2367325052619 44.757204418453824 8.81664464622736
    endloop
  endfacet
  facet normal -0.4338837443297356 0 -0.9009688653923668
    outer loop
      vertex 51.62437077611685 44.57066017177982 9.38383674621582
      vertex 51.62437077611685 44.757204418453824 9.38383674621582
      vertex 52.802157290279865 44.57066017177982 8.81664464622736
    endloop
  endfacet
  facet normal 0 1 0
    outer loop
      vertex 51.62437077611685 44.757204418453824 9.38383674621582
      vertex 51.833670280873775 44.757204418453824 9.570878222584724
      vertex 52.802157290279865 44.757204418453824 8.81664464622736
    endloop
  endfacet
  facet normal -0.9438833297317888 0 -0.33027906360293463
    outer loop
      vertex 51.31664464622736 44.757204418453824 10.263267494738102
      vertex 51.62437077611685 44.757204418453824 9.38383674621582
      vertex 51.62437077611685 44.57066017177982 9.38383674621582
    endloop
  endfacet
  facet normal -0.9438833297317888 0 -0.33027906360293463
    outer loop
      vertex 51.31664464622736 44.57066017177982 10.263267494738102
      vertex 51.31664464622736 44.757204418453824 10.263267494738102
      vertex 51.62437077611685 44.57066017177982 9.38383674621582
    endloop
  endfacet
  facet normal 0 1 0
    outer loop
      vertex 51.575974851846695 44.757204418453824 10.307329446077347
      vertex 51.833670280873775 44.757204418453824 9.570878222584724
      vertex 51.62437077611685 44.757204418453824 9.38383674621582
    endloop
  endfacet
  facet normal 0 1 0
    outer loop
      vertex 51.31664464622736 44.757204418453824 10.263267494738102
      vertex 51.575974851846695 44.757204418453824 10.307329446077347
      vertex 51.62437077611685 44.757204418453824 9.38383674621582
    endloop
  endfacet
  facet normal 0 1 0
    outer loop
      vertex 62.192670561373234 44.757204418453824 9.075974851846695
      vertex 62.929121777415276 44.757204418453824 9.333670280873775
      vertex 63.11616325378418 44.757204418453824 9.124370776116848
    endloop
  endfacet
  facet normal 0.9009688664653182 2.27636331887985e-16 -0.433883742101729
    outer loop
      vertex 63.68335535377264 44.57066017177982 10.302157297730446
      vertex 63.11616325378418 44.57066017177982 9.124370776116848
      vertex 63.11616325378418 44.757204418453824 9.124370776116848
    endloop
  endfacet
  facet normal 0 1 0
    outer loop
      vertex 63.68335535377264 44.757204418453824 10.302157297730446
      vertex 63.11616325378418 44.757204418453824 9.124370776116848
      vertex 62.929121777415276 44.757204418453824 9.333670280873775
    endloop
  endfacet
  facet normal 0.9009688664653182 0 -0.433883742101729
    outer loop
      vertex 63.68335535377264 44.57066017177982 10.302157297730446
      vertex 63.11616325378418 44.757204418453824 9.124370776116848
      vertex 63.68335535377264 44.757204418453824 10.302157297730446
    endloop
  endfacet
  facet normal 0 1 0
    outer loop
      vertex 63.424025148153305 44.757204418453824 10.36134772002697
      vertex 63.68335535377264 44.757204418453824 10.302157297730446
      vertex 62.929121777415276 44.757204418453824 9.333670280873775
    endloop
  endfacet
  facet normal -1 0 0
    outer loop
      vertex 51.31664464622736 44.757204418453824 13.697842702269554
      vertex 51.31664464622736 44.757204418453824 10.263267494738102
      vertex 51.31664464622736 44.57066017177982 10.263267494738102
    endloop
  endfacet
  facet normal 0 1 0
    outer loop
      vertex 51.575974851846695 44.757204418453824 13.63865227997303
      vertex 51.575974851846695 44.757204418453824 10.307329446077347
      vertex 51.31664464622736 44.757204418453824 10.263267494738102
    endloop
  endfacet
  facet normal 1 0 0
    outer loop
      vertex 63.68335535377264 44.57066017177982 13.736732505261898
      vertex 63.68335535377264 44.57066017177982 10.302157297730446
      vertex 63.68335535377264 44.757204418453824 10.302157297730446
    endloop
  endfacet
  facet normal 0 1 0
    outer loop
      vertex 63.68335535377264 44.757204418453824 13.736732505261898
      vertex 63.68335535377264 44.757204418453824 10.302157297730446
      vertex 63.424025148153305 44.757204418453824 10.36134772002697
    endloop
  endfacet
  facet normal -1 0 0
    outer loop
      vertex 51.31664464622736 44.57066017177982 13.697842702269554
      vertex 51.31664464622736 44.757204418453824 13.697842702269554
      vertex 51.31664464622736 44.57066017177982 10.263267494738102
    endloop
  endfacet
  facet normal 0 1 0
    outer loop
      vertex 51.31664464622736 44.757204418453824 13.697842702269554
      vertex 51.575974851846695 44.757204418453824 13.63865227997303
      vertex 51.31664464622736 44.757204418453824 10.263267494738102
    endloop
  endfacet
  facet normal 1 0 0
    outer loop
      vertex 63.68335535377264 44.57066017177982 13.736732505261898
      vertex 63.68335535377264 44.757204418453824 10.302157297730446
      vertex 63.68335535377264 44.757204418453824 13.736732505261898
    endloop
  endfacet
  facet normal 0 1 0
    outer loop
      vertex 63.424025148153305 44.757204418453824 13.692670553922653
      vertex 63.68335535377264 44.757204418453824 13.736732505261898
      vertex 63.424025148153305 44.757204418453824 10.36134772002697
    endloop
  endfacet
  facet normal -0.9009688664653182 2.27636331887985e-16 0.433883742101729
    outer loop
      vertex 51.88383674621582 44.757204418453824 14.875629223883152
      vertex 51.31664464622736 44.757204418453824 13.697842702269554
      vertex 51.31664464622736 44.57066017177982 13.697842702269554
    endloop
  endfacet
  facet normal 0 1 0
    outer loop
      vertex 52.070878222584724 44.757204418453824 14.666329719126225
      vertex 51.575974851846695 44.757204418453824 13.63865227997303
      vertex 51.31664464622736 44.757204418453824 13.697842702269554
    endloop
  endfacet
  facet normal 0 1 0
    outer loop
      vertex 51.88383674621582 44.757204418453824 14.875629223883152
      vertex 52.070878222584724 44.757204418453824 14.666329719126225
      vertex 51.31664464622736 44.757204418453824 13.697842702269554
    endloop
  endfacet
  facet normal -0.9009688664653182 0 0.433883742101729
    outer loop
      vertex 51.88383674621582 44.57066017177982 14.875629223883152
      vertex 51.88383674621582 44.757204418453824 14.875629223883152
      vertex 51.31664464622736 44.57066017177982 13.697842702269554
    endloop
  endfacet
  facet normal 0 1 0
    outer loop
      vertex 63.37562922388315 44.757204418453824 14.61616325378418
      vertex 63.68335535377264 44.757204418453824 13.736732505261898
      vertex 63.424025148153305 44.757204418453824 13.692670553922653
    endloop
  endfacet
  facet normal 0.9438833297317888 0 0.33027906360293463
    outer loop
      vertex 63.37562922388315 44.57066017177982 14.61616325378418
      vertex 63.68335535377264 44.57066017177982 13.736732505261898
      vertex 63.68335535377264 44.757204418453824 13.736732505261898
    endloop
  endfacet
  facet normal 0.9438833297317888 0 0.33027906360293463
    outer loop
      vertex 63.37562922388315 44.57066017177982 14.61616325378418
      vertex 63.68335535377264 44.757204418453824 13.736732505261898
      vertex 63.37562922388315 44.757204418453824 14.61616325378418
    endloop
  endfacet
  facet normal 0 1 0
    outer loop
      vertex 63.166329719126225 44.757204418453824 14.429121777415276
      vertex 63.37562922388315 44.757204418453824 14.61616325378418
      vertex 63.424025148153305 44.757204418453824 13.692670553922653
    endloop
  endfacet
  facet normal -0.33027906360293463 0 0.9438833297317888
    outer loop
      vertex 51.88383674621582 44.57066017177982 14.875629223883152
      vertex 52.7632674947381 44.757204418453824 15.18335535377264
      vertex 51.88383674621582 44.757204418453824 14.875629223883152
    endloop
  endfacet
  facet normal 0 1 0
    outer loop
      vertex 51.88383674621582 44.757204418453824 14.875629223883152
      vertex 52.807329438626766 44.757204418453824 14.924025148153305
      vertex 52.070878222584724 44.757204418453824 14.666329719126225
    endloop
  endfacet
  facet normal 0 1 0
    outer loop
      vertex 51.88383674621582 44.757204418453824 14.875629223883152
      vertex 52.7632674947381 44.757204418453824 15.18335535377264
      vertex 52.807329438626766 44.757204418453824 14.924025148153305
    endloop
  endfacet
  facet normal -0.33027906360293463 0 0.9438833297317888
    outer loop
      vertex 51.88383674621582 44.57066017177982 14.875629223883152
      vertex 52.7632674947381 44.57066017177982 15.18335535377264
      vertex 52.7632674947381 44.757204418453824 15.18335535377264
    endloop
  endfacet
  facet normal 0 1 0
    outer loop
      vertex 52.7632674947381 44.757204418453824 15.18335535377264
      vertex 62.13865228742361 44.757204418453824 14.924025148153305
      vertex 52.807329438626766 44.757204418453824 14.924025148153305
    endloop
  endfacet
  facet normal 0 0 1
    outer loop
      vertex 52.7632674947381 44.57066017177982 15.18335535377264
      vertex 62.197842709720135 44.757204418453824 15.18335535377264
      vertex 52.7632674947381 44.757204418453824 15.18335535377264
    endloop
  endfacet
  facet normal 0 0 1
    outer loop
      vertex 52.7632674947381 44.57066017177982 15.18335535377264
      vertex 62.197842709720135 44.57066017177982 15.18335535377264
      vertex 62.197842709720135 44.757204418453824 15.18335535377264
    endloop
  endfacet
  facet normal 0 1 0
    outer loop
      vertex 52.7632674947381 44.757204418453824 15.18335535377264
      vertex 62.197842709720135 44.757204418453824 15.18335535377264
      vertex 62.13865228742361 44.757204418453824 14.924025148153305
    endloop
  endfacet
  facet normal 0.4338837443297356 0 0.9009688653923668
    outer loop
      vertex 62.197842709720135 44.57066017177982 15.18335535377264
      vertex 63.37562922388315 44.57066017177982 14.61616325378418
      vertex 63.37562922388315 44.757204418453824 14.61616325378418
    endloop
  endfacet
  facet normal 0.4338837443297356 0 0.9009688653923668
    outer loop
      vertex 62.197842709720135 44.57066017177982 15.18335535377264
      vertex 63.37562922388315 44.757204418453824 14.61616325378418
      vertex 62.197842709720135 44.757204418453824 15.18335535377264
    endloop
  endfacet
  facet normal 0 1 0
    outer loop
      vertex 62.197842709720135 44.757204418453824 15.18335535377264
      vertex 63.37562922388315 44.757204418453824 14.61616325378418
      vertex 63.166329719126225 44.757204418453824 14.429121777415276
    endloop
  endfacet
  facet normal 0 1 0
    outer loop
      vertex 62.197842709720135 44.757204418453824 15.18335535377264
      vertex 63.166329719126225 44.757204418453824 14.429121777415276
      vertex 62.13865228742361 44.757204418453824 14.924025148153305
    endloop
  endfacet
  facet normal 0 0 -1
    outer loop
      vertex -62.13865228742361 44.757204418453824 9.075974851846695
      vertex -62.13865228742361 44.89581929876693 9.075974851846695
      vertex -52.807329438626766 44.89581929876693 9.075974851846695
    endloop
  endfacet
  facet normal 0 0 -1
    outer loop
      vertex -62.13865228742361 44.757204418453824 9.075974851846695
      vertex -52.807329438626766 44.89581929876693 9.075974851846695
      vertex -52.807329438626766 44.757204418453824 9.075974851846695
    endloop
  endfacet
  facet normal 0 1 0
    outer loop
      vertex -62.13865228742361 44.89581929876693 9.075974851846695
      vertex -52.85513949394226 44.89581929876693 9.357364512979984
      vertex -52.807329438626766 44.89581929876693 9.075974851846695
    endloop
  endfacet
  facet normal 0.33027906551811853 0 -0.9438833290616369
    outer loop
      vertex -52.807329438626766 44.757204418453824 9.075974851846695
      vertex -52.807329438626766 44.89581929876693 9.075974851846695
      vertex -52.070878222584724 44.89581929876693 9.333670280873775
    endloop
  endfacet
  facet normal -0.4338837414722581 0 -0.9009688667684553
    outer loop
      vertex -63.166329719126225 44.757204418453824 9.570878222584724
      vertex -62.13865228742361 44.89581929876693 9.075974851846695
      vertex -62.13865228742361 44.757204418453824 9.075974851846695
    endloop
  endfacet
  facet normal -0.4338837414722581 0 -0.9009688667684553
    outer loop
      vertex -63.166329719126225 44.757204418453824 9.570878222584724
      vertex -63.166329719126225 44.89581929876693 9.570878222584724
      vertex -62.13865228742361 44.89581929876693 9.075974851846695
    endloop
  endfacet
  facet normal 0 1 0
    outer loop
      vertex -63.166329719126225 44.89581929876693 9.570878222584724
      vertex -62.07442692667246 44.89581929876693 9.357364512979984
      vertex -62.13865228742361 44.89581929876693 9.075974851846695
    endloop
  endfacet
  facet normal 0 1 0
    outer loop
      vertex -62.939226508140564 44.89581929876693 9.77383004873991
      vertex -62.07442692667246 44.89581929876693 9.357364512979984
      vertex -63.166329719126225 44.89581929876693 9.570878222584724
    endloop
  endfacet
  facet normal 0 1 0
    outer loop
      vertex -62.07442692667246 44.89581929876693 9.357364512979984
      vertex -52.85513949394226 44.89581929876693 9.357364512979984
      vertex -62.13865228742361 44.89581929876693 9.075974851846695
    endloop
  endfacet
  facet normal -0.9438833301032983 0 -0.3302790625412216
    outer loop
      vertex -63.424025148153305 44.757204418453824 10.307329446077347
      vertex -63.166329719126225 44.89581929876693 9.570878222584724
      vertex -63.166329719126225 44.757204418453824 9.570878222584724
    endloop
  endfacet
  facet normal 0 1 0
    outer loop
      vertex -63.424025148153305 44.89581929876693 10.307329446077347
      vertex -62.939226508140564 44.89581929876693 9.77383004873991
      vertex -63.166329719126225 44.89581929876693 9.570878222584724
    endloop
  endfacet
  facet normal -0.9438833301032983 0 -0.3302790625412216
    outer loop
      vertex -63.424025148153305 44.757204418453824 10.307329446077347
      vertex -63.424025148153305 44.89581929876693 10.307329446077347
      vertex -63.166329719126225 44.89581929876693 9.570878222584724
    endloop
  endfacet
  facet normal 0 1 0
    outer loop
      vertex -63.142635487020016 44.89581929876693 10.35513949394226
      vertex -62.939226508140564 44.89581929876693 9.77383004873991
      vertex -63.424025148153305 44.89581929876693 10.307329446077347
    endloop
  endfacet
  facet normal 0.33027906551811853 0 -0.9438833290616369
    outer loop
      vertex -52.807329438626766 44.757204418453824 9.075974851846695
      vertex -52.070878222584724 44.89581929876693 9.333670280873775
      vertex -52.070878222584724 44.757204418453824 9.333670280873775
    endloop
  endfacet
  facet normal 0 1 0
    outer loop
      vertex -52.85513949394226 44.89581929876693 9.357364512979984
      vertex -52.070878222584724 44.89581929876693 9.333670280873775
      vertex -52.807329438626766 44.89581929876693 9.075974851846695
    endloop
  endfacet
  facet normal 0 1 0
    outer loop
      vertex -52.85513949394226 44.89581929876693 9.357364512979984
      vertex -52.27383004873991 44.89581929876693 9.560773491859436
      vertex -52.070878222584724 44.89581929876693 9.333670280873775
    endloop
  endfacet
  facet normal 0.9009688679981289 0 -0.43388373891881465
    outer loop
      vertex -51.575974851846695 44.89581929876693 10.36134772002697
      vertex -52.070878222584724 44.757204418453824 9.333670280873775
      vertex -52.070878222584724 44.89581929876693 9.333670280873775
    endloop
  endfacet
  facet normal 0.9009688679981289 0 -0.43388373891881465
    outer loop
      vertex -51.575974851846695 44.757204418453824 10.36134772002697
      vertex -52.070878222584724 44.757204418453824 9.333670280873775
      vertex -51.575974851846695 44.89581929876693 10.36134772002697
    endloop
  endfacet
  facet normal 0 1 0
    outer loop
      vertex -51.857364512979984 44.89581929876693 10.425573080778122
      vertex -52.070878222584724 44.89581929876693 9.333670280873775
      vertex -52.27383004873991 44.89581929876693 9.560773491859436
    endloop
  endfacet
  facet normal 0 1 0
    outer loop
      vertex -51.857364512979984 44.89581929876693 10.425573080778122
      vertex -51.575974851846695 44.89581929876693 10.36134772002697
      vertex -52.070878222584724 44.89581929876693 9.333670280873775
    endloop
  endfacet
  facet normal -1 0 0
    outer loop
      vertex -63.424025148153305 44.757204418453824 13.63865227997303
      vertex -63.424025148153305 44.89581929876693 10.307329446077347
      vertex -63.424025148153305 44.757204418453824 10.307329446077347
    endloop
  endfacet
  facet normal 0 1 0
    outer loop
      vertex -63.424025148153305 44.89581929876693 13.63865227997303
      vertex -63.142635487020016 44.89581929876693 10.35513949394226
      vertex -63.424025148153305 44.89581929876693 10.307329446077347
    endloop
  endfacet
  facet normal 1 0 0
    outer loop
      vertex -51.575974851846695 44.89581929876693 13.692670553922653
      vertex -51.575974851846695 44.757204418453824 10.36134772002697
      vertex -51.575974851846695 44.89581929876693 10.36134772002697
    endloop
  endfacet
  facet normal 0 1 0
    outer loop
      vertex -51.857364512979984 44.89581929876693 13.64486050605774
      vertex -51.575974851846695 44.89581929876693 10.36134772002697
      vertex -51.857364512979984 44.89581929876693 10.425573080778122
    endloop
  endfacet
  facet normal -1 0 0
    outer loop
      vertex -63.424025148153305 44.757204418453824 13.63865227997303
      vertex -63.424025148153305 44.89581929876693 13.63865227997303
      vertex -63.424025148153305 44.89581929876693 10.307329446077347
    endloop
  endfacet
  facet normal 0 1 0
    outer loop
      vertex -63.424025148153305 44.89581929876693 13.63865227997303
      vertex -63.142635487020016 44.89581929876693 13.574426919221878
      vertex -63.142635487020016 44.89581929876693 10.35513949394226
    endloop
  endfacet
  facet normal 1 0 0
    outer loop
      vertex -51.575974851846695 44.757204418453824 13.692670553922653
      vertex -51.575974851846695 44.757204418453824 10.36134772002697
      vertex -51.575974851846695 44.89581929876693 13.692670553922653
    endloop
  endfacet
  facet normal 0 1 0
    outer loop
      vertex -51.575974851846695 44.89581929876693 13.692670553922653
      vertex -51.575974851846695 44.89581929876693 10.36134772002697
      vertex -51.857364512979984 44.89581929876693 13.64486050605774
    endloop
  endfacet
  facet normal -0.9009688679981289 0 0.43388373891881465
    outer loop
      vertex -62.929121777415276 44.757204418453824 14.666329719126225
      vertex -63.424025148153305 44.89581929876693 13.63865227997303
      vertex -63.424025148153305 44.757204418453824 13.63865227997303
    endloop
  endfacet
  facet normal 0 1 0
    outer loop
      vertex -62.929121777415276 44.89581929876693 14.666329719126225
      vertex -63.142635487020016 44.89581929876693 13.574426919221878
      vertex -63.424025148153305 44.89581929876693 13.63865227997303
    endloop
  endfacet
  facet normal 0 1 0
    outer loop
      vertex -62.929121777415276 44.89581929876693 14.666329719126225
      vertex -62.72616995126009 44.89581929876693 14.439226508140564
      vertex -63.142635487020016 44.89581929876693 13.574426919221878
    endloop
  endfacet
  facet normal -0.9009688679981289 0 0.43388373891881465
    outer loop
      vertex -62.929121777415276 44.757204418453824 14.666329719126225
      vertex -62.929121777415276 44.89581929876693 14.666329719126225
      vertex -63.424025148153305 44.89581929876693 13.63865227997303
    endloop
  endfacet
  facet normal 0 1 0
    outer loop
      vertex -62.929121777415276 44.89581929876693 14.666329719126225
      vertex -62.14486050605774 44.89581929876693 14.642635487020016
      vertex -62.72616995126009 44.89581929876693 14.439226508140564
    endloop
  endfacet
  facet normal 0 1 0
    outer loop
      vertex -52.060773491859436 44.89581929876693 14.22616995126009
      vertex -51.575974851846695 44.89581929876693 13.692670553922653
      vertex -51.857364512979984 44.89581929876693 13.64486050605774
    endloop
  endfacet
  facet normal 0.9438833301032983 0 0.3302790625412216
    outer loop
      vertex -51.833670280873775 44.89581929876693 14.429121777415276
      vertex -51.575974851846695 44.757204418453824 13.692670553922653
      vertex -51.575974851846695 44.89581929876693 13.692670553922653
    endloop
  endfacet
  facet normal 0 1 0
    outer loop
      vertex -51.833670280873775 44.89581929876693 14.429121777415276
      vertex -51.575974851846695 44.89581929876693 13.692670553922653
      vertex -52.060773491859436 44.89581929876693 14.22616995126009
    endloop
  endfacet
  facet normal 0 1 0
    outer loop
      vertex -62.14486050605774 44.89581929876693 14.642635487020016
      vertex -52.86134771257639 44.89581929876693 14.924025148153305
      vertex -52.92557307332754 44.89581929876693 14.642635487020016
    endloop
  endfacet
  facet normal 0.9438833301032983 0 0.3302790625412216
    outer loop
      vertex -51.833670280873775 44.757204418453824 14.429121777415276
      vertex -51.575974851846695 44.757204418453824 13.692670553922653
      vertex -51.833670280873775 44.89581929876693 14.429121777415276
    endloop
  endfacet
  facet normal 0 1 0
    outer loop
      vertex -52.92557307332754 44.89581929876693 14.642635487020016
      vertex -51.833670280873775 44.89581929876693 14.429121777415276
      vertex -52.060773491859436 44.89581929876693 14.22616995126009
    endloop
  endfacet
  facet normal 0.4338837414722581 0 0.9009688667684553
    outer loop
      vertex -52.86134771257639 44.89581929876693 14.924025148153305
      vertex -51.833670280873775 44.757204418453824 14.429121777415276
      vertex -51.833670280873775 44.89581929876693 14.429121777415276
    endloop
  endfacet
  facet normal 0 1 0
    outer loop
      vertex -52.86134771257639 44.89581929876693 14.924025148153305
      vertex -51.833670280873775 44.89581929876693 14.429121777415276
      vertex -52.92557307332754 44.89581929876693 14.642635487020016
    endloop
  endfacet
  facet normal -0.33027906551811853 0 0.9438833290616369
    outer loop
      vertex -62.929121777415276 44.757204418453824 14.666329719126225
      vertex -62.192670561373234 44.757204418453824 14.924025148153305
      vertex -62.929121777415276 44.89581929876693 14.666329719126225
    endloop
  endfacet
  facet normal -0.33027906551811853 0 0.9438833290616369
    outer loop
      vertex -62.929121777415276 44.89581929876693 14.666329719126225
      vertex -62.192670561373234 44.757204418453824 14.924025148153305
      vertex -62.192670561373234 44.89581929876693 14.924025148153305
    endloop
  endfacet
  facet normal 0 1 0
    outer loop
      vertex -62.929121777415276 44.89581929876693 14.666329719126225
      vertex -62.192670561373234 44.89581929876693 14.924025148153305
      vertex -62.14486050605774 44.89581929876693 14.642635487020016
    endloop
  endfacet
  facet normal 0 0 1
    outer loop
      vertex -62.192670561373234 44.757204418453824 14.924025148153305
      vertex -52.86134771257639 44.757204418453824 14.924025148153305
      vertex -62.192670561373234 44.89581929876693 14.924025148153305
    endloop
  endfacet
  facet normal 0 1 0
    outer loop
      vertex -62.192670561373234 44.89581929876693 14.924025148153305
      vertex -52.86134771257639 44.89581929876693 14.924025148153305
      vertex -62.14486050605774 44.89581929876693 14.642635487020016
    endloop
  endfacet
  facet normal 0 0 1
    outer loop
      vertex -62.192670561373234 44.89581929876693 14.924025148153305
      vertex -52.86134771257639 44.757204418453824 14.924025148153305
      vertex -52.86134771257639 44.89581929876693 14.924025148153305
    endloop
  endfacet
  facet normal 0.4338837414722581 0 0.9009688667684553
    outer loop
      vertex -52.86134771257639 44.757204418453824 14.924025148153305
      vertex -51.833670280873775 44.757204418453824 14.429121777415276
      vertex -52.86134771257639 44.89581929876693 14.924025148153305
    endloop
  endfacet
  facet normal 0 0 -1
    outer loop
      vertex 52.86134771257639 44.757204418453824 9.075974851846695
      vertex 52.86134771257639 44.89581929876693 9.075974851846695
      vertex 62.192670561373234 44.89581929876693 9.075974851846695
    endloop
  endfacet
  facet normal 0 0 -1
    outer loop
      vertex 52.86134771257639 44.757204418453824 9.075974851846695
      vertex 62.192670561373234 44.89581929876693 9.075974851846695
      vertex 62.192670561373234 44.757204418453824 9.075974851846695
    endloop
  endfacet
  facet normal 0 1 0
    outer loop
      vertex 52.86134771257639 44.89581929876693 9.075974851846695
      vertex 62.14486050605774 44.89581929876693 9.357364512979984
      vertex 62.192670561373234 44.89581929876693 9.075974851846695
    endloop
  endfacet
  facet normal 0.33027906551811853 0 -0.9438833290616369
    outer loop
      vertex 62.192670561373234 44.757204418453824 9.075974851846695
      vertex 62.192670561373234 44.89581929876693 9.075974851846695
      vertex 62.929121777415276 44.89581929876693 9.333670280873775
    endloop
  endfacet
  facet normal -0.4338837414722581 0 -0.9009688667684553
    outer loop
      vertex 51.833670280873775 44.757204418453824 9.570878222584724
      vertex 52.86134771257639 44.89581929876693 9.075974851846695
      vertex 52.86134771257639 44.757204418453824 9.075974851846695
    endloop
  endfacet
  facet normal -0.4338837414722581 0 -0.9009688667684553
    outer loop
      vertex 51.833670280873775 44.757204418453824 9.570878222584724
      vertex 51.833670280873775 44.89581929876693 9.570878222584724
      vertex 52.86134771257639 44.89581929876693 9.075974851846695
    endloop
  endfacet
  facet normal 0 1 0
    outer loop
      vertex 51.833670280873775 44.89581929876693 9.570878222584724
      vertex 52.92557307332754 44.89581929876693 9.357364512979984
      vertex 52.86134771257639 44.89581929876693 9.075974851846695
    endloop
  endfacet
  facet normal 0 1 0
    outer loop
      vertex 52.060773491859436 44.89581929876693 9.77383004873991
      vertex 52.92557307332754 44.89581929876693 9.357364512979984
      vertex 51.833670280873775 44.89581929876693 9.570878222584724
    endloop
  endfacet
  facet normal 0 1 0
    outer loop
      vertex 52.92557307332754 44.89581929876693 9.357364512979984
      vertex 62.14486050605774 44.89581929876693 9.357364512979984
      vertex 52.86134771257639 44.89581929876693 9.075974851846695
    endloop
  endfacet
  facet normal -0.9438833301032983 0 -0.3302790625412216
    outer loop
      vertex 51.575974851846695 44.757204418453824 10.307329446077347
      vertex 51.833670280873775 44.89581929876693 9.570878222584724
      vertex 51.833670280873775 44.757204418453824 9.570878222584724
    endloop
  endfacet
  facet normal 0 1 0
    outer loop
      vertex 51.575974851846695 44.89581929876693 10.307329446077347
      vertex 52.060773491859436 44.89581929876693 9.77383004873991
      vertex 51.833670280873775 44.89581929876693 9.570878222584724
    endloop
  endfacet
  facet normal -0.9438833301032983 0 -0.3302790625412216
    outer loop
      vertex 51.575974851846695 44.757204418453824 10.307329446077347
      vertex 51.575974851846695 44.89581929876693 10.307329446077347
      vertex 51.833670280873775 44.89581929876693 9.570878222584724
    endloop
  endfacet
  facet normal 0 1 0
    outer loop
      vertex 51.857364512979984 44.89581929876693 10.35513949394226
      vertex 52.060773491859436 44.89581929876693 9.77383004873991
      vertex 51.575974851846695 44.89581929876693 10.307329446077347
    endloop
  endfacet
  facet normal 0.33027906551811853 0 -0.9438833290616369
    outer loop
      vertex 62.192670561373234 44.757204418453824 9.075974851846695
      vertex 62.929121777415276 44.89581929876693 9.333670280873775
      vertex 62.929121777415276 44.757204418453824 9.333670280873775
    endloop
  endfacet
  facet normal 0 1 0
    outer loop
      vertex 62.14486050605774 44.89581929876693 9.357364512979984
      vertex 62.929121777415276 44.89581929876693 9.333670280873775
      vertex 62.192670561373234 44.89581929876693 9.075974851846695
    endloop
  endfacet
  facet normal 0 1 0
    outer loop
      vertex 62.14486050605774 44.89581929876693 9.357364512979984
      vertex 62.72616995126009 44.89581929876693 9.560773491859436
      vertex 62.929121777415276 44.89581929876693 9.333670280873775
    endloop
  endfacet
  facet normal 0.9009688679981289 0 -0.43388373891881465
    outer loop
      vertex 63.424025148153305 44.89581929876693 10.36134772002697
      vertex 62.929121777415276 44.757204418453824 9.333670280873775
      vertex 62.929121777415276 44.89581929876693 9.333670280873775
    endloop
  endfacet
  facet normal 0.9009688679981289 0 -0.43388373891881465
    outer loop
      vertex 63.424025148153305 44.757204418453824 10.36134772002697
      vertex 62.929121777415276 44.757204418453824 9.333670280873775
      vertex 63.424025148153305 44.89581929876693 10.36134772002697
    endloop
  endfacet
  facet normal 0 1 0
    outer loop
      vertex 63.142635487020016 44.89581929876693 10.425573080778122
      vertex 62.929121777415276 44.89581929876693 9.333670280873775
      vertex 62.72616995126009 44.89581929876693 9.560773491859436
    endloop
  endfacet
  facet normal 0 1 0
    outer loop
      vertex 63.142635487020016 44.89581929876693 10.425573080778122
      vertex 63.424025148153305 44.89581929876693 10.36134772002697
      vertex 62.929121777415276 44.89581929876693 9.333670280873775
    endloop
  endfacet
  facet normal -1 0 0
    outer loop
      vertex 51.575974851846695 44.757204418453824 13.63865227997303
      vertex 51.575974851846695 44.89581929876693 10.307329446077347
      vertex 51.575974851846695 44.757204418453824 10.307329446077347
    endloop
  endfacet
  facet normal 0 1 0
    outer loop
      vertex 51.575974851846695 44.89581929876693 13.63865227997303
      vertex 51.857364512979984 44.89581929876693 10.35513949394226
      vertex 51.575974851846695 44.89581929876693 10.307329446077347
    endloop
  endfacet
  facet normal 1 0 0
    outer loop
      vertex 63.424025148153305 44.89581929876693 13.692670553922653
      vertex 63.424025148153305 44.757204418453824 10.36134772002697
      vertex 63.424025148153305 44.89581929876693 10.36134772002697
    endloop
  endfacet
  facet normal 0 1 0
    outer loop
      vertex 63.142635487020016 44.89581929876693 13.64486050605774
      vertex 63.424025148153305 44.89581929876693 10.36134772002697
      vertex 63.142635487020016 44.89581929876693 10.425573080778122
    endloop
  endfacet
  facet normal -1 0 0
    outer loop
      vertex 51.575974851846695 44.757204418453824 13.63865227997303
      vertex 51.575974851846695 44.89581929876693 13.63865227997303
      vertex 51.575974851846695 44.89581929876693 10.307329446077347
    endloop
  endfacet
  facet normal 0 1 0
    outer loop
      vertex 51.575974851846695 44.89581929876693 13.63865227997303
      vertex 51.857364512979984 44.89581929876693 13.574426919221878
      vertex 51.857364512979984 44.89581929876693 10.35513949394226
    endloop
  endfacet
  facet normal 1 0 0
    outer loop
      vertex 63.424025148153305 44.757204418453824 13.692670553922653
      vertex 63.424025148153305 44.757204418453824 10.36134772002697
      vertex 63.424025148153305 44.89581929876693 13.692670553922653
    endloop
  endfacet
  facet normal 0 1 0
    outer loop
      vertex 63.424025148153305 44.89581929876693 13.692670553922653
      vertex 63.424025148153305 44.89581929876693 10.36134772002697
      vertex 63.142635487020016 44.89581929876693 13.64486050605774
    endloop
  endfacet
  facet normal -0.9009688679981289 0 0.43388373891881465
    outer loop
      vertex 52.070878222584724 44.757204418453824 14.666329719126225
      vertex 51.575974851846695 44.89581929876693 13.63865227997303
      vertex 51.575974851846695 44.757204418453824 13.63865227997303
    endloop
  endfacet
  facet normal 0 1 0
    outer loop
      vertex 52.070878222584724 44.89581929876693 14.666329719126225
      vertex 51.857364512979984 44.89581929876693 13.574426919221878
      vertex 51.575974851846695 44.89581929876693 13.63865227997303
    endloop
  endfacet
  facet normal 0 1 0
    outer loop
      vertex 52.070878222584724 44.89581929876693 14.666329719126225
      vertex 52.27383004873991 44.89581929876693 14.439226508140564
      vertex 51.857364512979984 44.89581929876693 13.574426919221878
    endloop
  endfacet
  facet normal -0.9009688679981289 0 0.43388373891881465
    outer loop
      vertex 52.070878222584724 44.757204418453824 14.666329719126225
      vertex 52.070878222584724 44.89581929876693 14.666329719126225
      vertex 51.575974851846695 44.89581929876693 13.63865227997303
    endloop
  endfacet
  facet normal 0 1 0
    outer loop
      vertex 52.070878222584724 44.89581929876693 14.666329719126225
      vertex 52.85513949394226 44.89581929876693 14.642635487020016
      vertex 52.27383004873991 44.89581929876693 14.439226508140564
    endloop
  endfacet
  facet normal 0 1 0
    outer loop
      vertex 62.939226508140564 44.89581929876693 14.22616995126009
      vertex 63.424025148153305 44.89581929876693 13.692670553922653
      vertex 63.142635487020016 44.89581929876693 13.64486050605774
    endloop
  endfacet
  facet normal 0.9438833301032983 0 0.3302790625412216
    outer loop
      vertex 63.166329719126225 44.89581929876693 14.429121777415276
      vertex 63.424025148153305 44.757204418453824 13.692670553922653
      vertex 63.424025148153305 44.89581929876693 13.692670553922653
    endloop
  endfacet
  facet normal 0 1 0
    outer loop
      vertex 63.166329719126225 44.89581929876693 14.429121777415276
      vertex 63.424025148153305 44.89581929876693 13.692670553922653
      vertex 62.939226508140564 44.89581929876693 14.22616995126009
    endloop
  endfacet
  facet normal 0 1 0
    outer loop
      vertex 52.85513949394226 44.89581929876693 14.642635487020016
      vertex 62.13865228742361 44.89581929876693 14.924025148153305
      vertex 62.07442692667246 44.89581929876693 14.642635487020016
    endloop
  endfacet
  facet normal 0.9438833301032983 0 0.3302790625412216
    outer loop
      vertex 63.166329719126225 44.757204418453824 14.429121777415276
      vertex 63.424025148153305 44.757204418453824 13.692670553922653
      vertex 63.166329719126225 44.89581929876693 14.429121777415276
    endloop
  endfacet
  facet normal 0 1 0
    outer loop
      vertex 62.07442692667246 44.89581929876693 14.642635487020016
      vertex 63.166329719126225 44.89581929876693 14.429121777415276
      vertex 62.939226508140564 44.89581929876693 14.22616995126009
    endloop
  endfacet
  facet normal 0.4338837414722581 0 0.9009688667684553
    outer loop
      vertex 62.13865228742361 44.89581929876693 14.924025148153305
      vertex 63.166329719126225 44.757204418453824 14.429121777415276
      vertex 63.166329719126225 44.89581929876693 14.429121777415276
    endloop
  endfacet
  facet normal 0 1 0
    outer loop
      vertex 62.13865228742361 44.89581929876693 14.924025148153305
      vertex 63.166329719126225 44.89581929876693 14.429121777415276
      vertex 62.07442692667246 44.89581929876693 14.642635487020016
    endloop
  endfacet
  facet normal -0.33027906551811853 0 0.9438833290616369
    outer loop
      vertex 52.070878222584724 44.757204418453824 14.666329719126225
      vertex 52.807329438626766 44.757204418453824 14.924025148153305
      vertex 52.070878222584724 44.89581929876693 14.666329719126225
    endloop
  endfacet
  facet normal -0.33027906551811853 0 0.9438833290616369
    outer loop
      vertex 52.070878222584724 44.89581929876693 14.666329719126225
      vertex 52.807329438626766 44.757204418453824 14.924025148153305
      vertex 52.807329438626766 44.89581929876693 14.924025148153305
    endloop
  endfacet
  facet normal 0 1 0
    outer loop
      vertex 52.070878222584724 44.89581929876693 14.666329719126225
      vertex 52.807329438626766 44.89581929876693 14.924025148153305
      vertex 52.85513949394226 44.89581929876693 14.642635487020016
    endloop
  endfacet
  facet normal 0 0 1
    outer loop
      vertex 52.807329438626766 44.757204418453824 14.924025148153305
      vertex 62.13865228742361 44.757204418453824 14.924025148153305
      vertex 52.807329438626766 44.89581929876693 14.924025148153305
    endloop
  endfacet
  facet normal 0 1 0
    outer loop
      vertex 52.807329438626766 44.89581929876693 14.924025148153305
      vertex 62.13865228742361 44.89581929876693 14.924025148153305
      vertex 52.85513949394226 44.89581929876693 14.642635487020016
    endloop
  endfacet
  facet normal 0 0 1
    outer loop
      vertex 52.807329438626766 44.89581929876693 14.924025148153305
      vertex 62.13865228742361 44.757204418453824 14.924025148153305
      vertex 62.13865228742361 44.89581929876693 14.924025148153305
    endloop
  endfacet
  facet normal 0.4338837414722581 0 0.9009688667684553
    outer loop
      vertex 62.13865228742361 44.757204418453824 14.924025148153305
      vertex 63.166329719126225 44.757204418453824 14.429121777415276
      vertex 62.13865228742361 44.89581929876693 14.924025148153305
    endloop
  endfacet
  facet normal -0.43388374501164184 0 -0.900968865063978
    outer loop
      vertex -62.939226508140564 44.98117792060485 9.77383004873991
      vertex -62.07442692667246 44.98117792060485 9.357364512979984
      vertex -62.07442692667246 44.89581929876693 9.357364512979984
    endloop
  endfacet
  facet normal -0.43388374501164184 0 -0.900968865063978
    outer loop
      vertex -62.939226508140564 44.89581929876693 9.77383004873991
      vertex -62.939226508140564 44.98117792060485 9.77383004873991
      vertex -62.07442692667246 44.89581929876693 9.357364512979984
    endloop
  endfacet
  facet normal 0 1 0
    outer loop
      vertex -62.70304707437754 44.98117792060485 9.984892912209034
      vertex -62.07442692667246 44.98117792060485 9.357364512979984
      vertex -62.939226508140564 44.98117792060485 9.77383004873991
    endloop
  endfacet
  facet normal 0 1 0
    outer loop
      vertex -62.70304707437754 44.98117792060485 9.984892912209034
      vertex -62.00763478130102 44.98117792060485 9.649999998509884
      vertex -62.07442692667246 44.98117792060485 9.357364512979984
    endloop
  endfacet
  facet normal 0 0 -1
    outer loop
      vertex -62.07442692667246 44.89581929876693 9.357364512979984
      vertex -62.07442692667246 44.98117792060485 9.357364512979984
      vertex -52.85513949394226 44.89581929876693 9.357364512979984
    endloop
  endfacet
  facet normal 0 1 0
    outer loop
      vertex -62.00763478130102 44.98117792060485 9.649999998509884
      vertex -52.85513949394226 44.98117792060485 9.357364512979984
      vertex -62.07442692667246 44.98117792060485 9.357364512979984
    endloop
  endfacet
  facet normal -0.9438833270197614 0 -0.33027907135346324
    outer loop
      vertex -63.142635487020016 44.98117792060485 10.35513949394226
      vertex -62.939226508140564 44.98117792060485 9.77383004873991
      vertex -62.939226508140564 44.89581929876693 9.77383004873991
    endloop
  endfacet
  facet normal 0 1 0
    outer loop
      vertex -63.142635487020016 44.98117792060485 10.35513949394226
      vertex -62.70304707437754 44.98117792060485 9.984892912209034
      vertex -62.939226508140564 44.98117792060485 9.77383004873991
    endloop
  endfacet
  facet normal -0.9438833270197614 0 -0.33027907135346324
    outer loop
      vertex -63.142635487020016 44.89581929876693 10.35513949394226
      vertex -63.142635487020016 44.98117792060485 10.35513949394226
      vertex -62.939226508140564 44.89581929876693 9.77383004873991
    endloop
  endfacet
  facet normal 0 1 0
    outer loop
      vertex -63.142635487020016 44.98117792060485 10.35513949394226
      vertex -62.850000001490116 44.98117792060485 10.404860250651836
      vertex -62.70304707437754 44.98117792060485 9.984892912209034
    endloop
  endfacet
  facet normal 0 0 -1
    outer loop
      vertex -62.07442692667246 44.98117792060485 9.357364512979984
      vertex -52.85513949394226 44.98117792060485 9.357364512979984
      vertex -52.85513949394226 44.89581929876693 9.357364512979984
    endloop
  endfacet
  facet normal 0 1 0
    outer loop
      vertex -62.00763478130102 44.98117792060485 9.649999998509884
      vertex -52.27383004873991 44.98117792060485 9.560773491859436
      vertex -52.85513949394226 44.98117792060485 9.357364512979984
    endloop
  endfacet
  facet normal 0 1 0
    outer loop
      vertex -62.00763478130102 44.98117792060485 9.649999998509884
      vertex -52.904860243201256 44.98117792060485 9.649999998509884
      vertex -52.27383004873991 44.98117792060485 9.560773491859436
    endloop
  endfacet
  facet normal 0.33027907135346324 0 -0.9438833270197614
    outer loop
      vertex -52.85513949394226 44.89581929876693 9.357364512979984
      vertex -52.85513949394226 44.98117792060485 9.357364512979984
      vertex -52.27383004873991 44.89581929876693 9.560773491859436
    endloop
  endfacet
  facet normal 0.33027907135346324 0 -0.9438833270197614
    outer loop
      vertex -52.85513949394226 44.98117792060485 9.357364512979984
      vertex -52.27383004873991 44.98117792060485 9.560773491859436
      vertex -52.27383004873991 44.89581929876693 9.560773491859436
    endloop
  endfacet
  facet normal 0 1 0
    outer loop
      vertex -52.904860243201256 44.98117792060485 9.649999998509884
      vertex -52.484892912209034 44.98117792060485 9.796952925622463
      vertex -52.27383004873991 44.98117792060485 9.560773491859436
    endloop
  endfacet
  facet normal 0.9009688665252504 0 -0.43388374197727836
    outer loop
      vertex -51.857364512979984 44.89581929876693 10.425573080778122
      vertex -52.27383004873991 44.89581929876693 9.560773491859436
      vertex -52.27383004873991 44.98117792060485 9.560773491859436
    endloop
  endfacet
  facet normal 0 1 0
    outer loop
      vertex -51.857364512979984 44.98117792060485 10.425573080778122
      vertex -52.27383004873991 44.98117792060485 9.560773491859436
      vertex -52.484892912209034 44.98117792060485 9.796952925622463
    endloop
  endfacet
  facet normal 0.9009688665252504 0 -0.43388374197727836
    outer loop
      vertex -51.857364512979984 44.89581929876693 10.425573080778122
      vertex -52.27383004873991 44.98117792060485 9.560773491859436
      vertex -51.857364512979984 44.98117792060485 10.425573080778122
    endloop
  endfacet
  facet normal 0 1 0
    outer loop
      vertex -52.149999998509884 44.98117792060485 10.492365226149559
      vertex -51.857364512979984 44.98117792060485 10.425573080778122
      vertex -52.484892912209034 44.98117792060485 9.796952925622463
    endloop
  endfacet
  facet normal -1 0 0
    outer loop
      vertex -63.142635487020016 44.98117792060485 13.574426919221878
      vertex -63.142635487020016 44.98117792060485 10.35513949394226
      vertex -63.142635487020016 44.89581929876693 10.35513949394226
    endloop
  endfacet
  facet normal 0 1 0
    outer loop
      vertex -62.850000001490116 44.98117792060485 13.507634773850441
      vertex -62.850000001490116 44.98117792060485 10.404860250651836
      vertex -63.142635487020016 44.98117792060485 10.35513949394226
    endloop
  endfacet
  facet normal -1 0 0
    outer loop
      vertex -63.142635487020016 44.89581929876693 13.574426919221878
      vertex -63.142635487020016 44.98117792060485 13.574426919221878
      vertex -63.142635487020016 44.89581929876693 10.35513949394226
    endloop
  endfacet
  facet normal 0 1 0
    outer loop
      vertex -63.142635487020016 44.98117792060485 13.574426919221878
      vertex -62.850000001490116 44.98117792060485 13.507634773850441
      vertex -63.142635487020016 44.98117792060485 10.35513949394226
    endloop
  endfacet
  facet normal 1 0 0
    outer loop
      vertex -51.857364512979984 44.89581929876693 13.64486050605774
      vertex -51.857364512979984 44.89581929876693 10.425573080778122
      vertex -51.857364512979984 44.98117792060485 10.425573080778122
    endloop
  endfacet
  facet normal 0 1 0
    outer loop
      vertex -51.857364512979984 44.98117792060485 13.64486050605774
      vertex -51.857364512979984 44.98117792060485 10.425573080778122
      vertex -52.149999998509884 44.98117792060485 10.492365226149559
    endloop
  endfacet
  facet normal 1 0 0
    outer loop
      vertex -51.857364512979984 44.89581929876693 13.64486050605774
      vertex -51.857364512979984 44.98117792060485 10.425573080778122
      vertex -51.857364512979984 44.98117792060485 13.64486050605774
    endloop
  endfacet
  facet normal 0 1 0
    outer loop
      vertex -52.149999998509884 44.98117792060485 13.595139749348164
      vertex -51.857364512979984 44.98117792060485 13.64486050605774
      vertex -52.149999998509884 44.98117792060485 10.492365226149559
    endloop
  endfacet
  facet normal 0 1 0
    outer loop
      vertex -62.515107087790966 44.98117792060485 14.203047074377537
      vertex -62.850000001490116 44.98117792060485 13.507634773850441
      vertex -63.142635487020016 44.98117792060485 13.574426919221878
    endloop
  endfacet
  facet normal -0.9009688665252504 0 0.43388374197727836
    outer loop
      vertex -62.72616995126009 44.98117792060485 14.439226508140564
      vertex -63.142635487020016 44.98117792060485 13.574426919221878
      vertex -63.142635487020016 44.89581929876693 13.574426919221878
    endloop
  endfacet
  facet normal -0.9009688665252504 0 0.43388374197727836
    outer loop
      vertex -62.72616995126009 44.89581929876693 14.439226508140564
      vertex -62.72616995126009 44.98117792060485 14.439226508140564
      vertex -63.142635487020016 44.89581929876693 13.574426919221878
    endloop
  endfacet
  facet normal 0 1 0
    outer loop
      vertex -62.72616995126009 44.98117792060485 14.439226508140564
      vertex -62.515107087790966 44.98117792060485 14.203047074377537
      vertex -63.142635487020016 44.98117792060485 13.574426919221878
    endloop
  endfacet
  facet normal 0 1 0
    outer loop
      vertex -62.72616995126009 44.98117792060485 14.439226508140564
      vertex -62.095139756798744 44.98117792060485 14.350000001490116
      vertex -62.515107087790966 44.98117792060485 14.203047074377537
    endloop
  endfacet
  facet normal -0.33027907135346324 0 0.9438833270197614
    outer loop
      vertex -62.72616995126009 44.89581929876693 14.439226508140564
      vertex -62.14486050605774 44.98117792060485 14.642635487020016
      vertex -62.72616995126009 44.98117792060485 14.439226508140564
    endloop
  endfacet
  facet normal -0.33027907135346324 0 0.9438833270197614
    outer loop
      vertex -62.72616995126009 44.89581929876693 14.439226508140564
      vertex -62.14486050605774 44.89581929876693 14.642635487020016
      vertex -62.14486050605774 44.98117792060485 14.642635487020016
    endloop
  endfacet
  facet normal 0 1 0
    outer loop
      vertex -62.72616995126009 44.98117792060485 14.439226508140564
      vertex -52.99236521869898 44.98117792060485 14.350000001490116
      vertex -62.095139756798744 44.98117792060485 14.350000001490116
    endloop
  endfacet
  facet normal 0 1 0
    outer loop
      vertex -62.72616995126009 44.98117792060485 14.439226508140564
      vertex -62.14486050605774 44.98117792060485 14.642635487020016
      vertex -52.99236521869898 44.98117792060485 14.350000001490116
    endloop
  endfacet
  facet normal 0 0 1
    outer loop
      vertex -62.14486050605774 44.89581929876693 14.642635487020016
      vertex -52.92557307332754 44.98117792060485 14.642635487020016
      vertex -62.14486050605774 44.98117792060485 14.642635487020016
    endloop
  endfacet
  facet normal 0 1 0
    outer loop
      vertex -52.29695292562246 44.98117792060485 14.015107087790966
      vertex -51.857364512979984 44.98117792060485 13.64486050605774
      vertex -52.149999998509884 44.98117792060485 13.595139749348164
    endloop
  endfacet
  facet normal 0.9438833270197614 0 0.33027907135346324
    outer loop
      vertex -52.060773491859436 44.89581929876693 14.22616995126009
      vertex -51.857364512979984 44.89581929876693 13.64486050605774
      vertex -51.857364512979984 44.98117792060485 13.64486050605774
    endloop
  endfacet
  facet normal 0.9438833270197614 0 0.33027907135346324
    outer loop
      vertex -52.060773491859436 44.89581929876693 14.22616995126009
      vertex -51.857364512979984 44.98117792060485 13.64486050605774
      vertex -52.060773491859436 44.98117792060485 14.22616995126009
    endloop
  endfacet
  facet normal 0 1 0
    outer loop
      vertex -52.060773491859436 44.98117792060485 14.22616995126009
      vertex -51.857364512979984 44.98117792060485 13.64486050605774
      vertex -52.29695292562246 44.98117792060485 14.015107087790966
    endloop
  endfacet
  facet normal 0 1 0
    outer loop
      vertex -62.14486050605774 44.98117792060485 14.642635487020016
      vertex -52.92557307332754 44.98117792060485 14.642635487020016
      vertex -52.99236521869898 44.98117792060485 14.350000001490116
    endloop
  endfacet
  facet normal 0 0 1
    outer loop
      vertex -62.14486050605774 44.89581929876693 14.642635487020016
      vertex -52.92557307332754 44.89581929876693 14.642635487020016
      vertex -52.92557307332754 44.98117792060485 14.642635487020016
    endloop
  endfacet
  facet normal 0 1 0
    outer loop
      vertex -52.92557307332754 44.98117792060485 14.642635487020016
      vertex -52.060773491859436 44.98117792060485 14.22616995126009
      vertex -52.29695292562246 44.98117792060485 14.015107087790966
    endloop
  endfacet
  facet normal 0.43388374501164184 0 0.900968865063978
    outer loop
      vertex -52.92557307332754 44.89581929876693 14.642635487020016
      vertex -52.060773491859436 44.89581929876693 14.22616995126009
      vertex -52.060773491859436 44.98117792060485 14.22616995126009
    endloop
  endfacet
  facet normal 0 1 0
    outer loop
      vertex -52.92557307332754 44.98117792060485 14.642635487020016
      vertex -52.29695292562246 44.98117792060485 14.015107087790966
      vertex -52.99236521869898 44.98117792060485 14.350000001490116
    endloop
  endfacet
  facet normal 0.43388374501164184 0 0.900968865063978
    outer loop
      vertex -52.92557307332754 44.89581929876693 14.642635487020016
      vertex -52.060773491859436 44.98117792060485 14.22616995126009
      vertex -52.92557307332754 44.98117792060485 14.642635487020016
    endloop
  endfacet
  facet normal -0.43388374501164184 0 -0.900968865063978
    outer loop
      vertex 52.060773491859436 44.98117792060485 9.77383004873991
      vertex 52.92557307332754 44.98117792060485 9.357364512979984
      vertex 52.92557307332754 44.89581929876693 9.357364512979984
    endloop
  endfacet
  facet normal -0.43388374501164184 0 -0.900968865063978
    outer loop
      vertex 52.060773491859436 44.89581929876693 9.77383004873991
      vertex 52.060773491859436 44.98117792060485 9.77383004873991
      vertex 52.92557307332754 44.89581929876693 9.357364512979984
    endloop
  endfacet
  facet normal 0 1 0
    outer loop
      vertex 52.29695292562246 44.98117792060485 9.984892912209034
      vertex 52.99236521869898 44.98117792060485 9.649999998509884
      vertex 52.92557307332754 44.98117792060485 9.357364512979984
    endloop
  endfacet
  facet normal 0 1 0
    outer loop
      vertex 52.29695292562246 44.98117792060485 9.984892912209034
      vertex 52.92557307332754 44.98117792060485 9.357364512979984
      vertex 52.060773491859436 44.98117792060485 9.77383004873991
    endloop
  endfacet
  facet normal 0 0 -1
    outer loop
      vertex 52.92557307332754 44.89581929876693 9.357364512979984
      vertex 52.92557307332754 44.98117792060485 9.357364512979984
      vertex 62.14486050605774 44.89581929876693 9.357364512979984
    endloop
  endfacet
  facet normal 0 1 0
    outer loop
      vertex 52.99236521869898 44.98117792060485 9.649999998509884
      vertex 62.14486050605774 44.98117792060485 9.357364512979984
      vertex 52.92557307332754 44.98117792060485 9.357364512979984
    endloop
  endfacet
  facet normal -0.9438833270197614 0 -0.33027907135346324
    outer loop
      vertex 51.857364512979984 44.98117792060485 10.35513949394226
      vertex 52.060773491859436 44.98117792060485 9.77383004873991
      vertex 52.060773491859436 44.89581929876693 9.77383004873991
    endloop
  endfacet
  facet normal 0 1 0
    outer loop
      vertex 51.857364512979984 44.98117792060485 10.35513949394226
      vertex 52.29695292562246 44.98117792060485 9.984892912209034
      vertex 52.060773491859436 44.98117792060485 9.77383004873991
    endloop
  endfacet
  facet normal -0.9438833270197614 0 -0.33027907135346324
    outer loop
      vertex 51.857364512979984 44.89581929876693 10.35513949394226
      vertex 51.857364512979984 44.98117792060485 10.35513949394226
      vertex 52.060773491859436 44.89581929876693 9.77383004873991
    endloop
  endfacet
  facet normal 0 1 0
    outer loop
      vertex 51.857364512979984 44.98117792060485 10.35513949394226
      vertex 52.149999998509884 44.98117792060485 10.404860250651836
      vertex 52.29695292562246 44.98117792060485 9.984892912209034
    endloop
  endfacet
  facet normal 0 0 -1
    outer loop
      vertex 52.92557307332754 44.98117792060485 9.357364512979984
      vertex 62.14486050605774 44.98117792060485 9.357364512979984
      vertex 62.14486050605774 44.89581929876693 9.357364512979984
    endloop
  endfacet
  facet normal 0 1 0
    outer loop
      vertex 52.99236521869898 44.98117792060485 9.649999998509884
      vertex 62.72616995126009 44.98117792060485 9.560773491859436
      vertex 62.14486050605774 44.98117792060485 9.357364512979984
    endloop
  endfacet
  facet normal 0 1 0
    outer loop
      vertex 52.99236521869898 44.98117792060485 9.649999998509884
      vertex 62.095139756798744 44.98117792060485 9.649999998509884
      vertex 62.72616995126009 44.98117792060485 9.560773491859436
    endloop
  endfacet
  facet normal 0.33027907135346324 0 -0.9438833270197614
    outer loop
      vertex 62.14486050605774 44.89581929876693 9.357364512979984
      vertex 62.14486050605774 44.98117792060485 9.357364512979984
      vertex 62.72616995126009 44.89581929876693 9.560773491859436
    endloop
  endfacet
  facet normal 0.33027907135346324 0 -0.9438833270197614
    outer loop
      vertex 62.14486050605774 44.98117792060485 9.357364512979984
      vertex 62.72616995126009 44.98117792060485 9.560773491859436
      vertex 62.72616995126009 44.89581929876693 9.560773491859436
    endloop
  endfacet
  facet normal 0 1 0
    outer loop
      vertex 62.095139756798744 44.98117792060485 9.649999998509884
      vertex 62.515107087790966 44.98117792060485 9.796952925622463
      vertex 62.72616995126009 44.98117792060485 9.560773491859436
    endloop
  endfacet
  facet normal 0.9009688665252504 0 -0.43388374197727836
    outer loop
      vertex 63.142635487020016 44.89581929876693 10.425573080778122
      vertex 62.72616995126009 44.89581929876693 9.560773491859436
      vertex 62.72616995126009 44.98117792060485 9.560773491859436
    endloop
  endfacet
  facet normal 0 1 0
    outer loop
      vertex 63.142635487020016 44.98117792060485 10.425573080778122
      vertex 62.72616995126009 44.98117792060485 9.560773491859436
      vertex 62.515107087790966 44.98117792060485 9.796952925622463
    endloop
  endfacet
  facet normal 0.9009688665252504 0 -0.43388374197727836
    outer loop
      vertex 63.142635487020016 44.89581929876693 10.425573080778122
      vertex 62.72616995126009 44.98117792060485 9.560773491859436
      vertex 63.142635487020016 44.98117792060485 10.425573080778122
    endloop
  endfacet
  facet normal 0 1 0
    outer loop
      vertex 62.850000001490116 44.98117792060485 10.492365226149559
      vertex 63.142635487020016 44.98117792060485 10.425573080778122
      vertex 62.515107087790966 44.98117792060485 9.796952925622463
    endloop
  endfacet
  facet normal -1 0 0
    outer loop
      vertex 51.857364512979984 44.98117792060485 13.574426919221878
      vertex 51.857364512979984 44.98117792060485 10.35513949394226
      vertex 51.857364512979984 44.89581929876693 10.35513949394226
    endloop
  endfacet
  facet normal 0 1 0
    outer loop
      vertex 52.149999998509884 44.98117792060485 13.507634773850441
      vertex 52.149999998509884 44.98117792060485 10.404860250651836
      vertex 51.857364512979984 44.98117792060485 10.35513949394226
    endloop
  endfacet
  facet normal -1 0 0
    outer loop
      vertex 51.857364512979984 44.89581929876693 13.574426919221878
      vertex 51.857364512979984 44.98117792060485 13.574426919221878
      vertex 51.857364512979984 44.89581929876693 10.35513949394226
    endloop
  endfacet
  facet normal 0 1 0
    outer loop
      vertex 51.857364512979984 44.98117792060485 13.574426919221878
      vertex 52.149999998509884 44.98117792060485 13.507634773850441
      vertex 51.857364512979984 44.98117792060485 10.35513949394226
    endloop
  endfacet
  facet normal 1 0 0
    outer loop
      vertex 63.142635487020016 44.89581929876693 13.64486050605774
      vertex 63.142635487020016 44.89581929876693 10.425573080778122
      vertex 63.142635487020016 44.98117792060485 10.425573080778122
    endloop
  endfacet
  facet normal 0 1 0
    outer loop
      vertex 63.142635487020016 44.98117792060485 13.64486050605774
      vertex 63.142635487020016 44.98117792060485 10.425573080778122
      vertex 62.850000001490116 44.98117792060485 10.492365226149559
    endloop
  endfacet
  facet normal 1 0 0
    outer loop
      vertex 63.142635487020016 44.89581929876693 13.64486050605774
      vertex 63.142635487020016 44.98117792060485 10.425573080778122
      vertex 63.142635487020016 44.98117792060485 13.64486050605774
    endloop
  endfacet
  facet normal 0 1 0
    outer loop
      vertex 62.850000001490116 44.98117792060485 13.595139749348164
      vertex 63.142635487020016 44.98117792060485 13.64486050605774
      vertex 62.850000001490116 44.98117792060485 10.492365226149559
    endloop
  endfacet
  facet normal 0 1 0
    outer loop
      vertex 52.484892912209034 44.98117792060485 14.203047074377537
      vertex 52.149999998509884 44.98117792060485 13.507634773850441
      vertex 51.857364512979984 44.98117792060485 13.574426919221878
    endloop
  endfacet
  facet normal -0.9009688665252504 0 0.43388374197727836
    outer loop
      vertex 52.27383004873991 44.98117792060485 14.439226508140564
      vertex 51.857364512979984 44.98117792060485 13.574426919221878
      vertex 51.857364512979984 44.89581929876693 13.574426919221878
    endloop
  endfacet
  facet normal -0.9009688665252504 0 0.43388374197727836
    outer loop
      vertex 52.27383004873991 44.89581929876693 14.439226508140564
      vertex 52.27383004873991 44.98117792060485 14.439226508140564
      vertex 51.857364512979984 44.89581929876693 13.574426919221878
    endloop
  endfacet
  facet normal 0 1 0
    outer loop
      vertex 52.27383004873991 44.98117792060485 14.439226508140564
      vertex 52.484892912209034 44.98117792060485 14.203047074377537
      vertex 51.857364512979984 44.98117792060485 13.574426919221878
    endloop
  endfacet
  facet normal 0 1 0
    outer loop
      vertex 52.27383004873991 44.98117792060485 14.439226508140564
      vertex 52.904860243201256 44.98117792060485 14.350000001490116
      vertex 52.484892912209034 44.98117792060485 14.203047074377537
    endloop
  endfacet
  facet normal -0.33027907135346324 0 0.9438833270197614
    outer loop
      vertex 52.27383004873991 44.89581929876693 14.439226508140564
      vertex 52.85513949394226 44.98117792060485 14.642635487020016
      vertex 52.27383004873991 44.98117792060485 14.439226508140564
    endloop
  endfacet
  facet normal -0.33027907135346324 0 0.9438833270197614
    outer loop
      vertex 52.27383004873991 44.89581929876693 14.439226508140564
      vertex 52.85513949394226 44.89581929876693 14.642635487020016
      vertex 52.85513949394226 44.98117792060485 14.642635487020016
    endloop
  endfacet
  facet normal 0 1 0
    outer loop
      vertex 52.27383004873991 44.98117792060485 14.439226508140564
      vertex 62.00763478130102 44.98117792060485 14.350000001490116
      vertex 52.904860243201256 44.98117792060485 14.350000001490116
    endloop
  endfacet
  facet normal 0 1 0
    outer loop
      vertex 52.27383004873991 44.98117792060485 14.439226508140564
      vertex 52.85513949394226 44.98117792060485 14.642635487020016
      vertex 62.00763478130102 44.98117792060485 14.350000001490116
    endloop
  endfacet
  facet normal 0 0 1
    outer loop
      vertex 52.85513949394226 44.89581929876693 14.642635487020016
      vertex 62.07442692667246 44.98117792060485 14.642635487020016
      vertex 52.85513949394226 44.98117792060485 14.642635487020016
    endloop
  endfacet
  facet normal 0 1 0
    outer loop
      vertex 62.70304707437754 44.98117792060485 14.015107087790966
      vertex 63.142635487020016 44.98117792060485 13.64486050605774
      vertex 62.850000001490116 44.98117792060485 13.595139749348164
    endloop
  endfacet
  facet normal 0.9438833270197614 0 0.33027907135346324
    outer loop
      vertex 62.939226508140564 44.89581929876693 14.22616995126009
      vertex 63.142635487020016 44.89581929876693 13.64486050605774
      vertex 63.142635487020016 44.98117792060485 13.64486050605774
    endloop
  endfacet
  facet normal 0.9438833270197614 0 0.33027907135346324
    outer loop
      vertex 62.939226508140564 44.89581929876693 14.22616995126009
      vertex 63.142635487020016 44.98117792060485 13.64486050605774
      vertex 62.939226508140564 44.98117792060485 14.22616995126009
    endloop
  endfacet
  facet normal 0 1 0
    outer loop
      vertex 62.939226508140564 44.98117792060485 14.22616995126009
      vertex 63.142635487020016 44.98117792060485 13.64486050605774
      vertex 62.70304707437754 44.98117792060485 14.015107087790966
    endloop
  endfacet
  facet normal 0 1 0
    outer loop
      vertex 52.85513949394226 44.98117792060485 14.642635487020016
      vertex 62.07442692667246 44.98117792060485 14.642635487020016
      vertex 62.00763478130102 44.98117792060485 14.350000001490116
    endloop
  endfacet
  facet normal 0 0 1
    outer loop
      vertex 52.85513949394226 44.89581929876693 14.642635487020016
      vertex 62.07442692667246 44.89581929876693 14.642635487020016
      vertex 62.07442692667246 44.98117792060485 14.642635487020016
    endloop
  endfacet
  facet normal 0 1 0
    outer loop
      vertex 62.07442692667246 44.98117792060485 14.642635487020016
      vertex 62.939226508140564 44.98117792060485 14.22616995126009
      vertex 62.70304707437754 44.98117792060485 14.015107087790966
    endloop
  endfacet
  facet normal 0 1 0
    outer loop
      vertex 62.07442692667246 44.98117792060485 14.642635487020016
      vertex 62.70304707437754 44.98117792060485 14.015107087790966
      vertex 62.00763478130102 44.98117792060485 14.350000001490116
    endloop
  endfacet
  facet normal 0.43388374501164184 0 0.900968865063978
    outer loop
      vertex 62.07442692667246 44.89581929876693 14.642635487020016
      vertex 62.939226508140564 44.89581929876693 14.22616995126009
      vertex 62.939226508140564 44.98117792060485 14.22616995126009
    endloop
  endfacet
  facet normal 0.43388374501164184 0 0.900968865063978
    outer loop
      vertex 62.07442692667246 44.89581929876693 14.642635487020016
      vertex 62.939226508140564 44.98117792060485 14.22616995126009
      vertex 62.07442692667246 44.98117792060485 14.642635487020016
    endloop
  endfacet
  facet normal 0 0 -1
    outer loop
      vertex -62.00763478130102 44.98117792060485 9.649999998509884
      vertex -62.00763478130102 45.010000000000005 9.649999998509884
      vertex -52.904860243201256 45.010000000000005 9.649999998509884
    endloop
  endfacet
  facet normal -0.43388374305797905 0 -0.9009688660048125
    outer loop
      vertex -62.70304707437754 44.98117792060485 9.984892912209034
      vertex -62.00763478130102 45.010000000000005 9.649999998509884
      vertex -62.00763478130102 44.98117792060485 9.649999998509884
    endloop
  endfacet
  facet normal -0.43388374305797905 0 -0.9009688660048125
    outer loop
      vertex -62.70304707437754 44.98117792060485 9.984892912209034
      vertex -62.70304707437754 45.010000000000005 9.984892912209034
      vertex -62.00763478130102 45.010000000000005 9.649999998509884
    endloop
  endfacet
  facet normal -0.9438833305690012 0 -0.33027906121031897
    outer loop
      vertex -62.850000001490116 44.98117792060485 10.404860250651836
      vertex -62.70304707437754 45.010000000000005 9.984892912209034
      vertex -62.70304707437754 44.98117792060485 9.984892912209034
    endloop
  endfacet
  facet normal -0.9438833305690012 0 -0.33027906121031897
    outer loop
      vertex -62.850000001490116 44.98117792060485 10.404860250651836
      vertex -62.850000001490116 45.010000000000005 10.404860250651836
      vertex -62.70304707437754 45.010000000000005 9.984892912209034
    endloop
  endfacet
  facet normal 0 1 0
    outer loop
      vertex -62.70304707437754 45.010000000000005 9.984892912209034
      vertex -52.904860243201256 45.010000000000005 9.649999998509884
      vertex -62.00763478130102 45.010000000000005 9.649999998509884
    endloop
  endfacet
  facet normal 0 1 0
    outer loop
      vertex -62.850000001490116 45.010000000000005 10.404860250651836
      vertex -52.484892912209034 45.010000000000005 9.796952925622463
      vertex -62.70304707437754 45.010000000000005 9.984892912209034
    endloop
  endfacet
  facet normal 0 0 -1
    outer loop
      vertex -62.00763478130102 44.98117792060485 9.649999998509884
      vertex -52.904860243201256 45.010000000000005 9.649999998509884
      vertex -52.904860243201256 44.98117792060485 9.649999998509884
    endloop
  endfacet
  facet normal 0.33027906643058075 0 -0.9438833287423527
    outer loop
      vertex -52.904860243201256 44.98117792060485 9.649999998509884
      vertex -52.904860243201256 45.010000000000005 9.649999998509884
      vertex -52.484892912209034 45.010000000000005 9.796952925622463
    endloop
  endfacet
  facet normal 0 1 0
    outer loop
      vertex -62.70304707437754 45.010000000000005 9.984892912209034
      vertex -52.484892912209034 45.010000000000005 9.796952925622463
      vertex -52.904860243201256 45.010000000000005 9.649999998509884
    endloop
  endfacet
  facet normal 0 1 0
    outer loop
      vertex -62.850000001490116 45.010000000000005 10.404860250651836
      vertex -52.149999998509884 45.010000000000005 10.492365226149559
      vertex -52.484892912209034 45.010000000000005 9.796952925622463
    endloop
  endfacet
  facet normal 0.33027906643058075 0 -0.9438833287423527
    outer loop
      vertex -52.904860243201256 44.98117792060485 9.649999998509884
      vertex -52.484892912209034 45.010000000000005 9.796952925622463
      vertex -52.484892912209034 44.98117792060485 9.796952925622463
    endloop
  endfacet
  facet normal 0.9009688678220188 0 -0.4338837392845108
    outer loop
      vertex -52.149999998509884 45.010000000000005 10.492365226149559
      vertex -52.484892912209034 44.98117792060485 9.796952925622463
      vertex -52.484892912209034 45.010000000000005 9.796952925622463
    endloop
  endfacet
  facet normal 0.9009688678220188 0 -0.4338837392845108
    outer loop
      vertex -52.149999998509884 44.98117792060485 10.492365226149559
      vertex -52.484892912209034 44.98117792060485 9.796952925622463
      vertex -52.149999998509884 45.010000000000005 10.492365226149559
    endloop
  endfacet
  facet normal -1 0 0
    outer loop
      vertex -62.850000001490116 44.98117792060485 13.507634773850441
      vertex -62.850000001490116 45.010000000000005 10.404860250651836
      vertex -62.850000001490116 44.98117792060485 10.404860250651836
    endloop
  endfacet
  facet normal 0 1 0
    outer loop
      vertex -62.850000001490116 45.010000000000005 13.507634773850441
      vertex -52.149999998509884 45.010000000000005 10.492365226149559
      vertex -62.850000001490116 45.010000000000005 10.404860250651836
    endloop
  endfacet
  facet normal -1 0 0
    outer loop
      vertex -62.850000001490116 44.98117792060485 13.507634773850441
      vertex -62.850000001490116 45.010000000000005 13.507634773850441
      vertex -62.850000001490116 45.010000000000005 10.404860250651836
    endloop
  endfacet
  facet normal 1 0 0
    outer loop
      vertex -52.149999998509884 45.010000000000005 13.595139749348164
      vertex -52.149999998509884 44.98117792060485 10.492365226149559
      vertex -52.149999998509884 45.010000000000005 10.492365226149559
    endloop
  endfacet
  facet normal 0 1 0
    outer loop
      vertex -62.850000001490116 45.010000000000005 13.507634773850441
      vertex -52.149999998509884 45.010000000000005 13.595139749348164
      vertex -52.149999998509884 45.010000000000005 10.492365226149559
    endloop
  endfacet
  facet normal 1 0 0
    outer loop
      vertex -52.149999998509884 44.98117792060485 13.595139749348164
      vertex -52.149999998509884 44.98117792060485 10.492365226149559
      vertex -52.149999998509884 45.010000000000005 13.595139749348164
    endloop
  endfacet
  facet normal -0.9009688678220188 0 0.4338837392845108
    outer loop
      vertex -62.515107087790966 44.98117792060485 14.203047074377537
      vertex -62.850000001490116 45.010000000000005 13.507634773850441
      vertex -62.850000001490116 44.98117792060485 13.507634773850441
    endloop
  endfacet
  facet normal -0.9009688678220188 0 0.4338837392845108
    outer loop
      vertex -62.515107087790966 44.98117792060485 14.203047074377537
      vertex -62.515107087790966 45.010000000000005 14.203047074377537
      vertex -62.850000001490116 45.010000000000005 13.507634773850441
    endloop
  endfacet
  facet normal 0 1 0
    outer loop
      vertex -62.515107087790966 45.010000000000005 14.203047074377537
      vertex -52.149999998509884 45.010000000000005 13.595139749348164
      vertex -62.850000001490116 45.010000000000005 13.507634773850441
    endloop
  endfacet
  facet normal -0.33027906643058075 0 0.9438833287423527
    outer loop
      vertex -62.515107087790966 44.98117792060485 14.203047074377537
      vertex -62.095139756798744 44.98117792060485 14.350000001490116
      vertex -62.515107087790966 45.010000000000005 14.203047074377537
    endloop
  endfacet
  facet normal -0.33027906643058075 0 0.9438833287423527
    outer loop
      vertex -62.515107087790966 45.010000000000005 14.203047074377537
      vertex -62.095139756798744 44.98117792060485 14.350000001490116
      vertex -62.095139756798744 45.010000000000005 14.350000001490116
    endloop
  endfacet
  facet normal 0 1 0
    outer loop
      vertex -62.515107087790966 45.010000000000005 14.203047074377537
      vertex -62.095139756798744 45.010000000000005 14.350000001490116
      vertex -52.29695292562246 45.010000000000005 14.015107087790966
    endloop
  endfacet
  facet normal 0 0 1
    outer loop
      vertex -62.095139756798744 44.98117792060485 14.350000001490116
      vertex -52.99236521869898 44.98117792060485 14.350000001490116
      vertex -62.095139756798744 45.010000000000005 14.350000001490116
    endloop
  endfacet
  facet normal 0 1 0
    outer loop
      vertex -62.515107087790966 45.010000000000005 14.203047074377537
      vertex -52.29695292562246 45.010000000000005 14.015107087790966
      vertex -52.149999998509884 45.010000000000005 13.595139749348164
    endloop
  endfacet
  facet normal 0.9438833305690012 0 0.33027906121031897
    outer loop
      vertex -52.29695292562246 45.010000000000005 14.015107087790966
      vertex -52.149999998509884 44.98117792060485 13.595139749348164
      vertex -52.149999998509884 45.010000000000005 13.595139749348164
    endloop
  endfacet
  facet normal 0.9438833305690012 0 0.33027906121031897
    outer loop
      vertex -52.29695292562246 44.98117792060485 14.015107087790966
      vertex -52.149999998509884 44.98117792060485 13.595139749348164
      vertex -52.29695292562246 45.010000000000005 14.015107087790966
    endloop
  endfacet
  facet normal 0.43388374305797905 0 0.9009688660048125
    outer loop
      vertex -52.99236521869898 45.010000000000005 14.350000001490116
      vertex -52.29695292562246 44.98117792060485 14.015107087790966
      vertex -52.29695292562246 45.010000000000005 14.015107087790966
    endloop
  endfacet
  facet normal 0 1 0
    outer loop
      vertex -62.095139756798744 45.010000000000005 14.350000001490116
      vertex -52.99236521869898 45.010000000000005 14.350000001490116
      vertex -52.29695292562246 45.010000000000005 14.015107087790966
    endloop
  endfacet
  facet normal 0 0 1
    outer loop
      vertex -62.095139756798744 45.010000000000005 14.350000001490116
      vertex -52.99236521869898 44.98117792060485 14.350000001490116
      vertex -52.99236521869898 45.010000000000005 14.350000001490116
    endloop
  endfacet
  facet normal 0.43388374305797905 0 0.9009688660048125
    outer loop
      vertex -52.99236521869898 44.98117792060485 14.350000001490116
      vertex -52.29695292562246 44.98117792060485 14.015107087790966
      vertex -52.99236521869898 45.010000000000005 14.350000001490116
    endloop
  endfacet
  facet normal 0 0 -1
    outer loop
      vertex 52.99236521869898 44.98117792060485 9.649999998509884
      vertex 52.99236521869898 45.010000000000005 9.649999998509884
      vertex 62.095139756798744 45.010000000000005 9.649999998509884
    endloop
  endfacet
  facet normal -0.43388374305797905 0 -0.9009688660048125
    outer loop
      vertex 52.29695292562246 44.98117792060485 9.984892912209034
      vertex 52.99236521869898 45.010000000000005 9.649999998509884
      vertex 52.99236521869898 44.98117792060485 9.649999998509884
    endloop
  endfacet
  facet normal -0.43388374305797905 0 -0.9009688660048125
    outer loop
      vertex 52.29695292562246 44.98117792060485 9.984892912209034
      vertex 52.29695292562246 45.010000000000005 9.984892912209034
      vertex 52.99236521869898 45.010000000000005 9.649999998509884
    endloop
  endfacet
  facet normal -0.9438833305690012 0 -0.33027906121031897
    outer loop
      vertex 52.149999998509884 44.98117792060485 10.404860250651836
      vertex 52.29695292562246 45.010000000000005 9.984892912209034
      vertex 52.29695292562246 44.98117792060485 9.984892912209034
    endloop
  endfacet
  facet normal -0.9438833305690012 0 -0.33027906121031897
    outer loop
      vertex 52.149999998509884 44.98117792060485 10.404860250651836
      vertex 52.149999998509884 45.010000000000005 10.404860250651836
      vertex 52.29695292562246 45.010000000000005 9.984892912209034
    endloop
  endfacet
  facet normal 0 1 0
    outer loop
      vertex 52.29695292562246 45.010000000000005 9.984892912209034
      vertex 62.095139756798744 45.010000000000005 9.649999998509884
      vertex 52.99236521869898 45.010000000000005 9.649999998509884
    endloop
  endfacet
  facet normal 0 1 0
    outer loop
      vertex 52.149999998509884 45.010000000000005 10.404860250651836
      vertex 62.515107087790966 45.010000000000005 9.796952925622463
      vertex 52.29695292562246 45.010000000000005 9.984892912209034
    endloop
  endfacet
  facet normal 0 0 -1
    outer loop
      vertex 52.99236521869898 44.98117792060485 9.649999998509884
      vertex 62.095139756798744 45.010000000000005 9.649999998509884
      vertex 62.095139756798744 44.98117792060485 9.649999998509884
    endloop
  endfacet
  facet normal 0.33027906643058075 0 -0.9438833287423527
    outer loop
      vertex 62.095139756798744 44.98117792060485 9.649999998509884
      vertex 62.095139756798744 45.010000000000005 9.649999998509884
      vertex 62.515107087790966 45.010000000000005 9.796952925622463
    endloop
  endfacet
  facet normal 0 1 0
    outer loop
      vertex 52.29695292562246 45.010000000000005 9.984892912209034
      vertex 62.515107087790966 45.010000000000005 9.796952925622463
      vertex 62.095139756798744 45.010000000000005 9.649999998509884
    endloop
  endfacet
  facet normal 0 1 0
    outer loop
      vertex 52.149999998509884 45.010000000000005 10.404860250651836
      vertex 62.850000001490116 45.010000000000005 10.492365226149559
      vertex 62.515107087790966 45.010000000000005 9.796952925622463
    endloop
  endfacet
  facet normal 0.33027906643058075 0 -0.9438833287423527
    outer loop
      vertex 62.095139756798744 44.98117792060485 9.649999998509884
      vertex 62.515107087790966 45.010000000000005 9.796952925622463
      vertex 62.515107087790966 44.98117792060485 9.796952925622463
    endloop
  endfacet
  facet normal 0.9009688678220188 0 -0.4338837392845108
    outer loop
      vertex 62.850000001490116 45.010000000000005 10.492365226149559
      vertex 62.515107087790966 44.98117792060485 9.796952925622463
      vertex 62.515107087790966 45.010000000000005 9.796952925622463
    endloop
  endfacet
  facet normal 0.9009688678220188 0 -0.4338837392845108
    outer loop
      vertex 62.850000001490116 44.98117792060485 10.492365226149559
      vertex 62.515107087790966 44.98117792060485 9.796952925622463
      vertex 62.850000001490116 45.010000000000005 10.492365226149559
    endloop
  endfacet
  facet normal -1 0 0
    outer loop
      vertex 52.149999998509884 44.98117792060485 13.507634773850441
      vertex 52.149999998509884 45.010000000000005 10.404860250651836
      vertex 52.149999998509884 44.98117792060485 10.404860250651836
    endloop
  endfacet
  facet normal 0 1 0
    outer loop
      vertex 52.149999998509884 45.010000000000005 13.507634773850441
      vertex 62.850000001490116 45.010000000000005 10.492365226149559
      vertex 52.149999998509884 45.010000000000005 10.404860250651836
    endloop
  endfacet
  facet normal -1 0 0
    outer loop
      vertex 52.149999998509884 44.98117792060485 13.507634773850441
      vertex 52.149999998509884 45.010000000000005 13.507634773850441
      vertex 52.149999998509884 45.010000000000005 10.404860250651836
    endloop
  endfacet
  facet normal 1 0 0
    outer loop
      vertex 62.850000001490116 45.010000000000005 13.595139749348164
      vertex 62.850000001490116 44.98117792060485 10.492365226149559
      vertex 62.850000001490116 45.010000000000005 10.492365226149559
    endloop
  endfacet
  facet normal 0 1 0
    outer loop
      vertex 52.149999998509884 45.010000000000005 13.507634773850441
      vertex 62.850000001490116 45.010000000000005 13.595139749348164
      vertex 62.850000001490116 45.010000000000005 10.492365226149559
    endloop
  endfacet
  facet normal 1 0 0
    outer loop
      vertex 62.850000001490116 44.98117792060485 13.595139749348164
      vertex 62.850000001490116 44.98117792060485 10.492365226149559
      vertex 62.850000001490116 45.010000000000005 13.595139749348164
    endloop
  endfacet
  facet normal -0.9009688678220188 0 0.4338837392845108
    outer loop
      vertex 52.484892912209034 44.98117792060485 14.203047074377537
      vertex 52.149999998509884 45.010000000000005 13.507634773850441
      vertex 52.149999998509884 44.98117792060485 13.507634773850441
    endloop
  endfacet
  facet normal -0.9009688678220188 0 0.4338837392845108
    outer loop
      vertex 52.484892912209034 44.98117792060485 14.203047074377537
      vertex 52.484892912209034 45.010000000000005 14.203047074377537
      vertex 52.149999998509884 45.010000000000005 13.507634773850441
    endloop
  endfacet
  facet normal 0 1 0
    outer loop
      vertex 52.484892912209034 45.010000000000005 14.203047074377537
      vertex 62.850000001490116 45.010000000000005 13.595139749348164
      vertex 52.149999998509884 45.010000000000005 13.507634773850441
    endloop
  endfacet
  facet normal -0.33027906643058075 0 0.9438833287423527
    outer loop
      vertex 52.484892912209034 44.98117792060485 14.203047074377537
      vertex 52.904860243201256 44.98117792060485 14.350000001490116
      vertex 52.484892912209034 45.010000000000005 14.203047074377537
    endloop
  endfacet
  facet normal -0.33027906643058075 0 0.9438833287423527
    outer loop
      vertex 52.484892912209034 45.010000000000005 14.203047074377537
      vertex 52.904860243201256 44.98117792060485 14.350000001490116
      vertex 52.904860243201256 45.010000000000005 14.350000001490116
    endloop
  endfacet
  facet normal 0 1 0
    outer loop
      vertex 52.484892912209034 45.010000000000005 14.203047074377537
      vertex 52.904860243201256 45.010000000000005 14.350000001490116
      vertex 62.70304707437754 45.010000000000005 14.015107087790966
    endloop
  endfacet
  facet normal 0 0 1
    outer loop
      vertex 52.904860243201256 44.98117792060485 14.350000001490116
      vertex 62.00763478130102 44.98117792060485 14.350000001490116
      vertex 52.904860243201256 45.010000000000005 14.350000001490116
    endloop
  endfacet
  facet normal 0 1 0
    outer loop
      vertex 52.484892912209034 45.010000000000005 14.203047074377537
      vertex 62.70304707437754 45.010000000000005 14.015107087790966
      vertex 62.850000001490116 45.010000000000005 13.595139749348164
    endloop
  endfacet
  facet normal 0.9438833305690012 0 0.33027906121031897
    outer loop
      vertex 62.70304707437754 45.010000000000005 14.015107087790966
      vertex 62.850000001490116 44.98117792060485 13.595139749348164
      vertex 62.850000001490116 45.010000000000005 13.595139749348164
    endloop
  endfacet
  facet normal 0.9438833305690012 0 0.33027906121031897
    outer loop
      vertex 62.70304707437754 44.98117792060485 14.015107087790966
      vertex 62.850000001490116 44.98117792060485 13.595139749348164
      vertex 62.70304707437754 45.010000000000005 14.015107087790966
    endloop
  endfacet
  facet normal 0.43388374305797905 0 0.9009688660048125
    outer loop
      vertex 62.00763478130102 45.010000000000005 14.350000001490116
      vertex 62.70304707437754 44.98117792060485 14.015107087790966
      vertex 62.70304707437754 45.010000000000005 14.015107087790966
    endloop
  endfacet
  facet normal 0 1 0
    outer loop
      vertex 52.904860243201256 45.010000000000005 14.350000001490116
      vertex 62.00763478130102 45.010000000000005 14.350000001490116
      vertex 62.70304707437754 45.010000000000005 14.015107087790966
    endloop
  endfacet
  facet normal 0 0 1
    outer loop
      vertex 52.904860243201256 45.010000000000005 14.350000001490116
      vertex 62.00763478130102 44.98117792060485 14.350000001490116
      vertex 62.00763478130102 45.010000000000005 14.350000001490116
    endloop
  endfacet
  facet normal 0.43388374305797905 0 0.9009688660048125
    outer loop
      vertex 62.00763478130102 44.98117792060485 14.350000001490116
      vertex 62.70304707437754 44.98117792060485 14.015107087790966
      vertex 62.00763478130102 45.010000000000005 14.350000001490116
    endloop
  endfacet
  facet normal -0.4338837392500884 0 -0.9009688678385959
    outer loop
      vertex -62.350000001490116 43.510000000000005 8.149999998509884
      vertex -62.350000001490116 39.85 8.149999998509884
      vertex -63.91366297006607 39.85 8.903020396828651
    endloop
  endfacet
  facet normal 0 0 -1
    outer loop
      vertex -52.649999998509884 43.510000000000005 8.149999998509884
      vertex -52.649999998509884 39.85 8.149999998509884
      vertex -62.350000001490116 39.85 8.149999998509884
    endloop
  endfacet
  facet normal 0.33027905998103807 0 -0.9438833309991451
    outer loop
      vertex -51.40302039682865 43.510000000000005 8.58633702993393
      vertex -51.40302039682865 39.85 8.58633702993393
      vertex -52.649999998509884 39.85 8.149999998509884
    endloop
  endfacet
  facet normal -0.9438833309991451 0 -0.33027905998103807
    outer loop
      vertex -63.91366297006607 43.510000000000005 8.903020396828651
      vertex -63.91366297006607 39.85 8.903020396828651
      vertex -64.35000000149012 39.85 10.149999998509884
    endloop
  endfacet
  facet normal 0.9009688678385959 0 -0.4338837392500884
    outer loop
      vertex -50.649999998509884 43.510000000000005 10.149999998509884
      vertex -50.649999998509884 39.85 10.149999998509884
      vertex -51.40302039682865 39.85 8.58633702993393
    endloop
  endfacet
  facet normal -1 0 0
    outer loop
      vertex -64.35000000149012 43.510000000000005 10.149999998509884
      vertex -64.35000000149012 39.85 10.149999998509884
      vertex -64.35000000149012 39.85 13.850000001490116
    endloop
  endfacet
  facet normal 1 0 0
    outer loop
      vertex -50.649999998509884 43.510000000000005 13.850000001490116
      vertex -50.649999998509884 39.85 13.850000001490116
      vertex -50.649999998509884 39.85 10.149999998509884
    endloop
  endfacet
  facet normal -0.9009688678385959 0 0.4338837392500884
    outer loop
      vertex -64.35000000149012 43.510000000000005 13.850000001490116
      vertex -64.35000000149012 39.85 13.850000001490116
      vertex -63.59697960317135 39.85 15.41366297006607
    endloop
  endfacet
  facet normal 0.9438833309991451 0 0.33027905998103807
    outer loop
      vertex -51.08633702993393 43.510000000000005 15.096979603171349
      vertex -51.08633702993393 39.85 15.096979603171349
      vertex -50.649999998509884 39.85 13.850000001490116
    endloop
  endfacet
  facet normal -0.33027905998103807 0 0.9438833309991451
    outer loop
      vertex -63.59697960317135 43.510000000000005 15.41366297006607
      vertex -63.59697960317135 39.85 15.41366297006607
      vertex -62.350000001490116 39.85 15.850000001490116
    endloop
  endfacet
  facet normal 0 0 1
    outer loop
      vertex -62.350000001490116 43.510000000000005 15.850000001490116
      vertex -62.350000001490116 39.85 15.850000001490116
      vertex -52.649999998509884 39.85 15.850000001490116
    endloop
  endfacet
  facet normal 0.4338837392500884 0 0.9009688678385959
    outer loop
      vertex -52.649999998509884 43.510000000000005 15.850000001490116
      vertex -52.649999998509884 39.85 15.850000001490116
      vertex -51.08633702993393 39.85 15.096979603171349
    endloop
  endfacet
  facet normal 0 0 -1
    outer loop
      vertex -62.350000001490116 43.510000000000005 8.149999998509884
      vertex -52.649999998509884 43.510000000000005 8.149999998509884
      vertex -62.350000001490116 39.85 8.149999998509884
    endloop
  endfacet
  facet normal -0.4338837392500884 0 -0.9009688678385959
    outer loop
      vertex -63.91366297006607 43.510000000000005 8.903020396828651
      vertex -62.350000001490116 43.510000000000005 8.149999998509884
      vertex -63.91366297006607 39.85 8.903020396828651
    endloop
  endfacet
  facet normal 0.33027905998103807 0 -0.9438833309991451
    outer loop
      vertex -52.649999998509884 43.510000000000005 8.149999998509884
      vertex -51.40302039682865 43.510000000000005 8.58633702993393
      vertex -52.649999998509884 39.85 8.149999998509884
    endloop
  endfacet
  facet normal 0.9009688678385959 8.739081352295541e-18 -0.4338837392500884
    outer loop
      vertex -50.649999998509884 43.510000000000005 10.149999998509884
      vertex -51.40302039682865 39.85 8.58633702993393
      vertex -51.40302039682865 43.510000000000005 8.58633702993393
    endloop
  endfacet
  facet normal -0.9438833309991451 0 -0.33027905998103807
    outer loop
      vertex -64.35000000149012 43.510000000000005 10.149999998509884
      vertex -63.91366297006607 43.510000000000005 8.903020396828651
      vertex -64.35000000149012 39.85 10.149999998509884
    endloop
  endfacet
  facet normal 1 0 0
    outer loop
      vertex -50.649999998509884 43.510000000000005 13.850000001490116
      vertex -50.649999998509884 39.85 10.149999998509884
      vertex -50.649999998509884 43.510000000000005 10.149999998509884
    endloop
  endfacet
  facet normal 0 1 0
    outer loop
      vertex -63.91366297006607 43.510000000000005 8.903020396828651
      vertex -62.343421541154385 43.510000000000005 8.178822077810764
      vertex -62.350000001490116 43.510000000000005 8.149999998509884
    endloop
  endfacet
  facet normal 0 1 0
    outer loop
      vertex -62.343421541154385 43.510000000000005 8.178822077810764
      vertex -52.649999998509884 43.510000000000005 8.149999998509884
      vertex -62.350000001490116 43.510000000000005 8.149999998509884
    endloop
  endfacet
  facet normal 0 1 0
    outer loop
      vertex -63.91366297006607 43.510000000000005 8.903020396828651
      vertex -63.8904013261199 43.510000000000005 8.92380828410387
      vertex -62.343421541154385 43.510000000000005 8.178822077810764
    endloop
  endfacet
  facet normal 0 1 0
    outer loop
      vertex -62.343421541154385 43.510000000000005 8.178822077810764
      vertex -52.654897063970566 43.510000000000005 8.178822077810764
      vertex -52.649999998509884 43.510000000000005 8.149999998509884
    endloop
  endfacet
  facet normal 0 1 0
    outer loop
      vertex -52.654897063970566 43.510000000000005 8.178822077810764
      vertex -51.40302039682865 43.510000000000005 8.58633702993393
      vertex -52.649999998509884 43.510000000000005 8.149999998509884
    endloop
  endfacet
  facet normal 0 1 0
    outer loop
      vertex -52.654897063970566 43.510000000000005 8.178822077810764
      vertex -51.42380828410387 43.510000000000005 8.6095986738801
      vertex -51.40302039682865 43.510000000000005 8.58633702993393
    endloop
  endfacet
  facet normal 0 1 0
    outer loop
      vertex -50.649999998509884 43.510000000000005 10.149999998509884
      vertex -51.40302039682865 43.510000000000005 8.58633702993393
      vertex -51.42380828410387 43.510000000000005 8.6095986738801
    endloop
  endfacet
  facet normal 0 1 0
    outer loop
      vertex -64.35000000149012 43.510000000000005 10.149999998509884
      vertex -63.8904013261199 43.510000000000005 8.92380828410387
      vertex -63.91366297006607 43.510000000000005 8.903020396828651
    endloop
  endfacet
  facet normal 0 1 0
    outer loop
      vertex -64.35000000149012 43.510000000000005 10.149999998509884
      vertex -64.32117792218924 43.510000000000005 10.154897063970566
      vertex -63.8904013261199 43.510000000000005 8.92380828410387
    endloop
  endfacet
  facet normal 0 1 0
    outer loop
      vertex -50.678822077810764 43.510000000000005 10.156578466296196
      vertex -50.649999998509884 43.510000000000005 10.149999998509884
      vertex -51.42380828410387 43.510000000000005 8.6095986738801
    endloop
  endfacet
  facet normal 0 1 0
    outer loop
      vertex -64.35000000149012 43.510000000000005 13.850000001490116
      vertex -64.32117792218924 43.510000000000005 10.154897063970566
      vertex -64.35000000149012 43.510000000000005 10.149999998509884
    endloop
  endfacet
  facet normal 0 1 0
    outer loop
      vertex -50.678822077810764 43.510000000000005 13.845102936029434
      vertex -50.649999998509884 43.510000000000005 10.149999998509884
      vertex -50.678822077810764 43.510000000000005 10.156578466296196
    endloop
  endfacet
  facet normal -1 0 0
    outer loop
      vertex -64.35000000149012 43.510000000000005 13.850000001490116
      vertex -64.35000000149012 43.510000000000005 10.149999998509884
      vertex -64.35000000149012 39.85 13.850000001490116
    endloop
  endfacet
  facet normal 0.9438833309991451 -1.1480428971797445e-17 0.33027905998103807
    outer loop
      vertex -51.08633702993393 43.510000000000005 15.096979603171349
      vertex -50.649999998509884 39.85 13.850000001490116
      vertex -50.649999998509884 43.510000000000005 13.850000001490116
    endloop
  endfacet
  facet normal -0.9009688678385959 0 0.4338837392500884
    outer loop
      vertex -63.59697960317135 43.510000000000005 15.41366297006607
      vertex -64.35000000149012 43.510000000000005 13.850000001490116
      vertex -63.59697960317135 39.85 15.41366297006607
    endloop
  endfacet
  facet normal -0.33027905998103807 1.1480428971797445e-17 0.9438833309991451
    outer loop
      vertex -63.59697960317135 43.510000000000005 15.41366297006607
      vertex -62.350000001490116 39.85 15.850000001490116
      vertex -62.350000001490116 43.510000000000005 15.850000001490116
    endloop
  endfacet
  facet normal 0 0 1
    outer loop
      vertex -62.350000001490116 43.510000000000005 15.850000001490116
      vertex -52.649999998509884 39.85 15.850000001490116
      vertex -52.649999998509884 43.510000000000005 15.850000001490116
    endloop
  endfacet
  facet normal 0.4338837392500884 -8.739081352295541e-18 0.9009688678385959
    outer loop
      vertex -52.649999998509884 43.510000000000005 15.850000001490116
      vertex -51.08633702993393 39.85 15.096979603171349
      vertex -51.08633702993393 43.510000000000005 15.096979603171349
    endloop
  endfacet
  facet normal 0 1 0
    outer loop
      vertex -64.35000000149012 43.510000000000005 13.850000001490116
      vertex -64.32117792218924 43.510000000000005 13.843421533703804
      vertex -64.32117792218924 43.510000000000005 10.154897063970566
    endloop
  endfacet
  facet normal 0 1 0
    outer loop
      vertex -50.678822077810764 43.510000000000005 13.845102936029434
      vertex -50.649999998509884 43.510000000000005 13.850000001490116
      vertex -50.649999998509884 43.510000000000005 10.149999998509884
    endloop
  endfacet
  facet normal 0 1 0
    outer loop
      vertex -63.57619171589613 43.510000000000005 15.3904013261199
      vertex -64.32117792218924 43.510000000000005 13.843421533703804
      vertex -64.35000000149012 43.510000000000005 13.850000001490116
    endloop
  endfacet
  facet normal 0 1 0
    outer loop
      vertex -51.1095986738801 43.510000000000005 15.07619171589613
      vertex -50.649999998509884 43.510000000000005 13.850000001490116
      vertex -50.678822077810764 43.510000000000005 13.845102936029434
    endloop
  endfacet
  facet normal 0 1 0
    outer loop
      vertex -51.1095986738801 43.510000000000005 15.07619171589613
      vertex -51.08633702993393 43.510000000000005 15.096979603171349
      vertex -50.649999998509884 43.510000000000005 13.850000001490116
    endloop
  endfacet
  facet normal 0 1 0
    outer loop
      vertex -63.59697960317135 43.510000000000005 15.41366297006607
      vertex -63.57619171589613 43.510000000000005 15.3904013261199
      vertex -64.35000000149012 43.510000000000005 13.850000001490116
    endloop
  endfacet
  facet normal 0 1 0
    outer loop
      vertex -63.59697960317135 43.510000000000005 15.41366297006607
      vertex -62.345102936029434 43.510000000000005 15.821177922189236
      vertex -63.57619171589613 43.510000000000005 15.3904013261199
    endloop
  endfacet
  facet normal 0 1 0
    outer loop
      vertex -63.59697960317135 43.510000000000005 15.41366297006607
      vertex -62.350000001490116 43.510000000000005 15.850000001490116
      vertex -62.345102936029434 43.510000000000005 15.821177922189236
    endloop
  endfacet
  facet normal 0 1 0
    outer loop
      vertex -62.350000001490116 43.510000000000005 15.850000001490116
      vertex -52.656578458845615 43.510000000000005 15.821177922189236
      vertex -62.345102936029434 43.510000000000005 15.821177922189236
    endloop
  endfacet
  facet normal 0 1 0
    outer loop
      vertex -62.350000001490116 43.510000000000005 15.850000001490116
      vertex -52.649999998509884 43.510000000000005 15.850000001490116
      vertex -52.656578458845615 43.510000000000005 15.821177922189236
    endloop
  endfacet
  facet normal 0 1 0
    outer loop
      vertex -52.656578458845615 43.510000000000005 15.821177922189236
      vertex -51.08633702993393 43.510000000000005 15.096979603171349
      vertex -51.1095986738801 43.510000000000005 15.07619171589613
    endloop
  endfacet
  facet normal 0 1 0
    outer loop
      vertex -52.649999998509884 43.510000000000005 15.850000001490116
      vertex -51.08633702993393 43.510000000000005 15.096979603171349
      vertex -52.656578458845615 43.510000000000005 15.821177922189236
    endloop
  endfacet
  facet normal -0.4338837392500884 0 -0.9009688678385959
    outer loop
      vertex 52.649999998509884 43.510000000000005 8.149999998509884
      vertex 52.649999998509884 39.85 8.149999998509884
      vertex 51.08633702993393 39.85 8.903020396828651
    endloop
  endfacet
  facet normal 0 0 -1
    outer loop
      vertex 62.350000001490116 43.510000000000005 8.149999998509884
      vertex 62.350000001490116 39.85 8.149999998509884
      vertex 52.649999998509884 39.85 8.149999998509884
    endloop
  endfacet
  facet normal 0.33027905998103807 0 -0.9438833309991451
    outer loop
      vertex 63.59697960317135 43.510000000000005 8.58633702993393
      vertex 63.59697960317135 39.85 8.58633702993393
      vertex 62.350000001490116 39.85 8.149999998509884
    endloop
  endfacet
  facet normal -0.9438833309991451 0 -0.33027905998103807
    outer loop
      vertex 51.08633702993393 43.510000000000005 8.903020396828651
      vertex 51.08633702993393 39.85 8.903020396828651
      vertex 50.649999998509884 39.85 10.149999998509884
    endloop
  endfacet
  facet normal 0.9009688678385959 0 -0.4338837392500884
    outer loop
      vertex 64.35000000149012 43.510000000000005 10.149999998509884
      vertex 64.35000000149012 39.85 10.149999998509884
      vertex 63.59697960317135 39.85 8.58633702993393
    endloop
  endfacet
  facet normal -1 0 0
    outer loop
      vertex 50.649999998509884 43.510000000000005 10.149999998509884
      vertex 50.649999998509884 39.85 10.149999998509884
      vertex 50.649999998509884 39.85 13.850000001490116
    endloop
  endfacet
  facet normal 1 0 0
    outer loop
      vertex 64.35000000149012 43.510000000000005 13.850000001490116
      vertex 64.35000000149012 39.85 13.850000001490116
      vertex 64.35000000149012 39.85 10.149999998509884
    endloop
  endfacet
  facet normal -0.9009688678385959 0 0.4338837392500884
    outer loop
      vertex 50.649999998509884 43.510000000000005 13.850000001490116
      vertex 50.649999998509884 39.85 13.850000001490116
      vertex 51.40302039682865 39.85 15.41366297006607
    endloop
  endfacet
  facet normal 0.9438833309991451 0 0.33027905998103807
    outer loop
      vertex 63.91366297006607 43.510000000000005 15.096979603171349
      vertex 63.91366297006607 39.85 15.096979603171349
      vertex 64.35000000149012 39.85 13.850000001490116
    endloop
  endfacet
  facet normal -0.33027905998103807 0 0.9438833309991451
    outer loop
      vertex 51.40302039682865 43.510000000000005 15.41366297006607
      vertex 51.40302039682865 39.85 15.41366297006607
      vertex 52.649999998509884 39.85 15.850000001490116
    endloop
  endfacet
  facet normal 0 0 1
    outer loop
      vertex 52.649999998509884 43.510000000000005 15.850000001490116
      vertex 52.649999998509884 39.85 15.850000001490116
      vertex 62.350000001490116 39.85 15.850000001490116
    endloop
  endfacet
  facet normal 0.4338837392500884 0 0.9009688678385959
    outer loop
      vertex 62.350000001490116 43.510000000000005 15.850000001490116
      vertex 62.350000001490116 39.85 15.850000001490116
      vertex 63.91366297006607 39.85 15.096979603171349
    endloop
  endfacet
  facet normal 0 0 -1
    outer loop
      vertex 52.649999998509884 43.510000000000005 8.149999998509884
      vertex 62.350000001490116 43.510000000000005 8.149999998509884
      vertex 52.649999998509884 39.85 8.149999998509884
    endloop
  endfacet
  facet normal -0.4338837392500884 0 -0.9009688678385959
    outer loop
      vertex 51.08633702993393 43.510000000000005 8.903020396828651
      vertex 52.649999998509884 43.510000000000005 8.149999998509884
      vertex 51.08633702993393 39.85 8.903020396828651
    endloop
  endfacet
  facet normal 0.33027905998103807 0 -0.9438833309991451
    outer loop
      vertex 62.350000001490116 43.510000000000005 8.149999998509884
      vertex 63.59697960317135 43.510000000000005 8.58633702993393
      vertex 62.350000001490116 39.85 8.149999998509884
    endloop
  endfacet
  facet normal 0.9009688678385959 8.739081352295541e-18 -0.4338837392500884
    outer loop
      vertex 64.35000000149012 43.510000000000005 10.149999998509884
      vertex 63.59697960317135 39.85 8.58633702993393
      vertex 63.59697960317135 43.510000000000005 8.58633702993393
    endloop
  endfacet
  facet normal -0.9438833309991451 0 -0.33027905998103807
    outer loop
      vertex 50.649999998509884 43.510000000000005 10.149999998509884
      vertex 51.08633702993393 43.510000000000005 8.903020396828651
      vertex 50.649999998509884 39.85 10.149999998509884
    endloop
  endfacet
  facet normal 1 0 0
    outer loop
      vertex 64.35000000149012 43.510000000000005 13.850000001490116
      vertex 64.35000000149012 39.85 10.149999998509884
      vertex 64.35000000149012 43.510000000000005 10.149999998509884
    endloop
  endfacet
  facet normal 0 1 0
    outer loop
      vertex 51.08633702993393 43.510000000000005 8.903020396828651
      vertex 52.656578458845615 43.510000000000005 8.178822077810764
      vertex 52.649999998509884 43.510000000000005 8.149999998509884
    endloop
  endfacet
  facet normal 0 1 0
    outer loop
      vertex 52.656578458845615 43.510000000000005 8.178822077810764
      vertex 62.350000001490116 43.510000000000005 8.149999998509884
      vertex 52.649999998509884 43.510000000000005 8.149999998509884
    endloop
  endfacet
  facet normal 0 1 0
    outer loop
      vertex 51.08633702993393 43.510000000000005 8.903020396828651
      vertex 51.1095986738801 43.510000000000005 8.92380828410387
      vertex 52.656578458845615 43.510000000000005 8.178822077810764
    endloop
  endfacet
  facet normal 0 1 0
    outer loop
      vertex 52.656578458845615 43.510000000000005 8.178822077810764
      vertex 62.345102936029434 43.510000000000005 8.178822077810764
      vertex 62.350000001490116 43.510000000000005 8.149999998509884
    endloop
  endfacet
  facet normal 0 1 0
    outer loop
      vertex 62.345102936029434 43.510000000000005 8.178822077810764
      vertex 63.59697960317135 43.510000000000005 8.58633702993393
      vertex 62.350000001490116 43.510000000000005 8.149999998509884
    endloop
  endfacet
  facet normal 0 1 0
    outer loop
      vertex 62.345102936029434 43.510000000000005 8.178822077810764
      vertex 63.57619171589613 43.510000000000005 8.6095986738801
      vertex 63.59697960317135 43.510000000000005 8.58633702993393
    endloop
  endfacet
  facet normal 0 1 0
    outer loop
      vertex 64.35000000149012 43.510000000000005 10.149999998509884
      vertex 63.59697960317135 43.510000000000005 8.58633702993393
      vertex 63.57619171589613 43.510000000000005 8.6095986738801
    endloop
  endfacet
  facet normal 0 1 0
    outer loop
      vertex 50.649999998509884 43.510000000000005 10.149999998509884
      vertex 51.1095986738801 43.510000000000005 8.92380828410387
      vertex 51.08633702993393 43.510000000000005 8.903020396828651
    endloop
  endfacet
  facet normal 0 1 0
    outer loop
      vertex 50.649999998509884 43.510000000000005 10.149999998509884
      vertex 50.678822077810764 43.510000000000005 10.154897063970566
      vertex 51.1095986738801 43.510000000000005 8.92380828410387
    endloop
  endfacet
  facet normal 0 1 0
    outer loop
      vertex 64.32117792218924 43.510000000000005 10.156578466296196
      vertex 64.35000000149012 43.510000000000005 10.149999998509884
      vertex 63.57619171589613 43.510000000000005 8.6095986738801
    endloop
  endfacet
  facet normal 0 1 0
    outer loop
      vertex 50.649999998509884 43.510000000000005 13.850000001490116
      vertex 50.678822077810764 43.510000000000005 10.154897063970566
      vertex 50.649999998509884 43.510000000000005 10.149999998509884
    endloop
  endfacet
  facet normal 0 1 0
    outer loop
      vertex 64.32117792218924 43.510000000000005 13.845102936029434
      vertex 64.35000000149012 43.510000000000005 10.149999998509884
      vertex 64.32117792218924 43.510000000000005 10.156578466296196
    endloop
  endfacet
  facet normal -1 0 0
    outer loop
      vertex 50.649999998509884 43.510000000000005 13.850000001490116
      vertex 50.649999998509884 43.510000000000005 10.149999998509884
      vertex 50.649999998509884 39.85 13.850000001490116
    endloop
  endfacet
  facet normal 0.9438833309991451 -1.1480428971797445e-17 0.33027905998103807
    outer loop
      vertex 63.91366297006607 43.510000000000005 15.096979603171349
      vertex 64.35000000149012 39.85 13.850000001490116
      vertex 64.35000000149012 43.510000000000005 13.850000001490116
    endloop
  endfacet
  facet normal -0.9009688678385959 0 0.4338837392500884
    outer loop
      vertex 51.40302039682865 43.510000000000005 15.41366297006607
      vertex 50.649999998509884 43.510000000000005 13.850000001490116
      vertex 51.40302039682865 39.85 15.41366297006607
    endloop
  endfacet
  facet normal -0.33027905998103807 1.1480428971797445e-17 0.9438833309991451
    outer loop
      vertex 51.40302039682865 43.510000000000005 15.41366297006607
      vertex 52.649999998509884 39.85 15.850000001490116
      vertex 52.649999998509884 43.510000000000005 15.850000001490116
    endloop
  endfacet
  facet normal 0 0 1
    outer loop
      vertex 52.649999998509884 43.510000000000005 15.850000001490116
      vertex 62.350000001490116 39.85 15.850000001490116
      vertex 62.350000001490116 43.510000000000005 15.850000001490116
    endloop
  endfacet
  facet normal 0.4338837392500884 -8.739081352295541e-18 0.9009688678385959
    outer loop
      vertex 62.350000001490116 43.510000000000005 15.850000001490116
      vertex 63.91366297006607 39.85 15.096979603171349
      vertex 63.91366297006607 43.510000000000005 15.096979603171349
    endloop
  endfacet
  facet normal 0 1 0
    outer loop
      vertex 50.649999998509884 43.510000000000005 13.850000001490116
      vertex 50.678822077810764 43.510000000000005 13.843421533703804
      vertex 50.678822077810764 43.510000000000005 10.154897063970566
    endloop
  endfacet
  facet normal 0 1 0
    outer loop
      vertex 64.32117792218924 43.510000000000005 13.845102936029434
      vertex 64.35000000149012 43.510000000000005 13.850000001490116
      vertex 64.35000000149012 43.510000000000005 10.149999998509884
    endloop
  endfacet
  facet normal 0 1 0
    outer loop
      vertex 51.42380828410387 43.510000000000005 15.3904013261199
      vertex 50.678822077810764 43.510000000000005 13.843421533703804
      vertex 50.649999998509884 43.510000000000005 13.850000001490116
    endloop
  endfacet
  facet normal 0 1 0
    outer loop
      vertex 63.8904013261199 43.510000000000005 15.07619171589613
      vertex 64.35000000149012 43.510000000000005 13.850000001490116
      vertex 64.32117792218924 43.510000000000005 13.845102936029434
    endloop
  endfacet
  facet normal 0 1 0
    outer loop
      vertex 63.8904013261199 43.510000000000005 15.07619171589613
      vertex 63.91366297006607 43.510000000000005 15.096979603171349
      vertex 64.35000000149012 43.510000000000005 13.850000001490116
    endloop
  endfacet
  facet normal 0 1 0
    outer loop
      vertex 51.40302039682865 43.510000000000005 15.41366297006607
      vertex 51.42380828410387 43.510000000000005 15.3904013261199
      vertex 50.649999998509884 43.510000000000005 13.850000001490116
    endloop
  endfacet
  facet normal 0 1 0
    outer loop
      vertex 51.40302039682865 43.510000000000005 15.41366297006607
      vertex 52.654897063970566 43.510000000000005 15.821177922189236
      vertex 51.42380828410387 43.510000000000005 15.3904013261199
    endloop
  endfacet
  facet normal 0 1 0
    outer loop
      vertex 51.40302039682865 43.510000000000005 15.41366297006607
      vertex 52.649999998509884 43.510000000000005 15.850000001490116
      vertex 52.654897063970566 43.510000000000005 15.821177922189236
    endloop
  endfacet
  facet normal 0 1 0
    outer loop
      vertex 52.649999998509884 43.510000000000005 15.850000001490116
      vertex 62.343421541154385 43.510000000000005 15.821177922189236
      vertex 52.654897063970566 43.510000000000005 15.821177922189236
    endloop
  endfacet
  facet normal 0 1 0
    outer loop
      vertex 52.649999998509884 43.510000000000005 15.850000001490116
      vertex 62.350000001490116 43.510000000000005 15.850000001490116
      vertex 62.343421541154385 43.510000000000005 15.821177922189236
    endloop
  endfacet
  facet normal 0 1 0
    outer loop
      vertex 62.343421541154385 43.510000000000005 15.821177922189236
      vertex 63.91366297006607 43.510000000000005 15.096979603171349
      vertex 63.8904013261199 43.510000000000005 15.07619171589613
    endloop
  endfacet
  facet normal 0 1 0
    outer loop
      vertex 62.350000001490116 43.510000000000005 15.850000001490116
      vertex 63.91366297006607 43.510000000000005 15.096979603171349
      vertex 62.343421541154385 43.510000000000005 15.821177922189236
    endloop
  endfacet
  facet normal 0 -1 0
    outer loop
      vertex -65.11366296559572 38.65 7.703020395338536
      vertex -63.54999999701977 38.65 6.949999997019768
      vertex -65.54999999701977 38.65 8.949999997019768
    endloop
  endfacet
  facet normal 0 -1 0
    outer loop
      vertex -63.54999999701977 38.65 6.949999997019768
      vertex -51.45000000298023 38.65 6.949999997019768
      vertex -65.54999999701977 38.65 8.949999997019768
    endloop
  endfacet
  facet normal -0.4338837392500884 -2.6654198124501364e-17 -0.9009688678385959
    outer loop
      vertex -65.11366296559572 38.65 7.703020395338536
      vertex -63.54999999701977 39.85 6.949999997019768
      vertex -63.54999999701977 38.65 6.949999997019768
    endloop
  endfacet
  facet normal 0 0 -1
    outer loop
      vertex -63.54999999701977 38.65 6.949999997019768
      vertex -51.45000000298023 39.85 6.949999997019768
      vertex -51.45000000298023 38.65 6.949999997019768
    endloop
  endfacet
  facet normal 0.33027905998103807 3.5015308363982164e-17 -0.9438833309991451
    outer loop
      vertex -51.45000000298023 38.65 6.949999997019768
      vertex -50.203020401299 39.85 7.386337028443814
      vertex -50.203020401299 38.65 7.386337028443814
    endloop
  endfacet
  facet normal -0.9438833309991451 0 -0.33027905998103807
    outer loop
      vertex -65.11366296559572 38.65 7.703020395338536
      vertex -65.54999999701977 38.65 8.949999997019768
      vertex -65.11366296559572 39.85 7.703020395338536
    endloop
  endfacet
  facet normal 0.9009688678385959 2.6654198124501364e-17 -0.4338837392500884
    outer loop
      vertex -50.203020401299 38.65 7.386337028443814
      vertex -49.45000000298023 39.85 8.949999997019768
      vertex -49.45000000298023 38.65 8.949999997019768
    endloop
  endfacet
  facet normal -0.4338837392500884 0 -0.9009688678385959
    outer loop
      vertex -65.11366296559572 38.65 7.703020395338536
      vertex -65.11366296559572 39.85 7.703020395338536
      vertex -63.54999999701977 39.85 6.949999997019768
    endloop
  endfacet
  facet normal 0 0 -1
    outer loop
      vertex -63.54999999701977 38.65 6.949999997019768
      vertex -63.54999999701977 39.85 6.949999997019768
      vertex -51.45000000298023 39.85 6.949999997019768
    endloop
  endfacet
  facet normal 0 1 0
    outer loop
      vertex -63.54999999701977 39.85 6.949999997019768
      vertex -62.350000001490116 39.85 8.149999998509884
      vertex -51.45000000298023 39.85 6.949999997019768
    endloop
  endfacet
  facet normal 0 1 0
    outer loop
      vertex -65.11366296559572 39.85 7.703020395338536
      vertex -65.54999999701977 39.85 8.949999997019768
      vertex -63.54999999701977 39.85 6.949999997019768
    endloop
  endfacet
  facet normal 0 1 0
    outer loop
      vertex -63.54999999701977 39.85 6.949999997019768
      vertex -63.91366297006607 39.85 8.903020396828651
      vertex -62.350000001490116 39.85 8.149999998509884
    endloop
  endfacet
  facet normal 0.33027905998103807 0 -0.9438833309991451
    outer loop
      vertex -51.45000000298023 38.65 6.949999997019768
      vertex -51.45000000298023 39.85 6.949999997019768
      vertex -50.203020401299 39.85 7.386337028443814
    endloop
  endfacet
  facet normal 0.9009688678385959 0 -0.4338837392500884
    outer loop
      vertex -50.203020401299 38.65 7.386337028443814
      vertex -50.203020401299 39.85 7.386337028443814
      vertex -49.45000000298023 39.85 8.949999997019768
    endloop
  endfacet
  facet normal 0 1 0
    outer loop
      vertex -51.45000000298023 39.85 6.949999997019768
      vertex -52.649999998509884 39.85 8.149999998509884
      vertex -50.203020401299 39.85 7.386337028443814
    endloop
  endfacet
  facet normal 0 1 0
    outer loop
      vertex -51.45000000298023 39.85 6.949999997019768
      vertex -62.350000001490116 39.85 8.149999998509884
      vertex -52.649999998509884 39.85 8.149999998509884
    endloop
  endfacet
  facet normal 0 1 0
    outer loop
      vertex -50.203020401299 39.85 7.386337028443814
      vertex -52.649999998509884 39.85 8.149999998509884
      vertex -51.40302039682865 39.85 8.58633702993393
    endloop
  endfacet
  facet normal -0.9438833309991451 0 -0.33027905998103807
    outer loop
      vertex -65.54999999701977 38.65 8.949999997019768
      vertex -65.54999999701977 39.85 8.949999997019768
      vertex -65.11366296559572 39.85 7.703020395338536
    endloop
  endfacet
  facet normal 0 1 0
    outer loop
      vertex -63.54999999701977 39.85 6.949999997019768
      vertex -65.54999999701977 39.85 8.949999997019768
      vertex -63.91366297006607 39.85 8.903020396828651
    endloop
  endfacet
  facet normal 0 1 0
    outer loop
      vertex -50.203020401299 39.85 7.386337028443814
      vertex -51.40302039682865 39.85 8.58633702993393
      vertex -49.45000000298023 39.85 8.949999997019768
    endloop
  endfacet
  facet normal 0 -1 0
    outer loop
      vertex -65.54999999701977 38.65 8.949999997019768
      vertex -51.45000000298023 38.65 6.949999997019768
      vertex -65.54999999701977 38.65 13.850000002980233
    endloop
  endfacet
  facet normal 0 -1 0
    outer loop
      vertex -65.54999999701977 38.65 13.850000002980233
      vertex -51.45000000298023 38.65 6.949999997019768
      vertex -50.203020401299 38.65 7.386337028443814
    endloop
  endfacet
  facet normal -1 0 0
    outer loop
      vertex -65.54999999701977 38.65 8.949999997019768
      vertex -65.54999999701977 38.65 13.850000002980233
      vertex -65.54999999701977 39.85 8.949999997019768
    endloop
  endfacet
  facet normal 0 -1 0
    outer loop
      vertex -64.796979598701 38.65 15.413662971556187
      vertex -50.203020401299 38.65 7.386337028443814
      vertex -49.45000000298023 38.65 8.949999997019768
    endloop
  endfacet
  facet normal 0 1 0
    outer loop
      vertex -65.54999999701977 39.85 8.949999997019768
      vertex -64.35000000149012 39.85 10.149999998509884
      vertex -63.91366297006607 39.85 8.903020396828651
    endloop
  endfacet
  facet normal 0 1 0
    outer loop
      vertex -49.45000000298023 39.85 8.949999997019768
      vertex -51.40302039682865 39.85 8.58633702993393
      vertex -50.649999998509884 39.85 10.149999998509884
    endloop
  endfacet
  facet normal 0 1 0
    outer loop
      vertex -65.54999999701977 39.85 8.949999997019768
      vertex -65.54999999701977 39.85 13.850000002980233
      vertex -64.35000000149012 39.85 10.149999998509884
    endloop
  endfacet
  facet normal 1 0 0
    outer loop
      vertex -49.45000000298023 38.65 8.949999997019768
      vertex -49.45000000298023 39.85 8.949999997019768
      vertex -49.45000000298023 39.85 13.850000002980233
    endloop
  endfacet
  facet normal 0 1 0
    outer loop
      vertex -49.45000000298023 39.85 8.949999997019768
      vertex -50.649999998509884 39.85 10.149999998509884
      vertex -49.45000000298023 39.85 13.850000002980233
    endloop
  endfacet
  facet normal 0 -1 0
    outer loop
      vertex -65.54999999701977 38.65 13.850000002980233
      vertex -50.203020401299 38.65 7.386337028443814
      vertex -64.796979598701 38.65 15.413662971556187
    endloop
  endfacet
  facet normal 1 0 0
    outer loop
      vertex -49.45000000298023 38.65 8.949999997019768
      vertex -49.45000000298023 39.85 13.850000002980233
      vertex -49.45000000298023 38.65 13.850000002980233
    endloop
  endfacet
  facet normal 0 -1 0
    outer loop
      vertex -64.796979598701 38.65 15.413662971556187
      vertex -49.45000000298023 38.65 8.949999997019768
      vertex -63.54999999701977 38.65 15.850000002980233
    endloop
  endfacet
  facet normal 0 -1 0
    outer loop
      vertex -63.54999999701977 38.65 15.850000002980233
      vertex -49.45000000298023 38.65 8.949999997019768
      vertex -49.45000000298023 38.65 13.850000002980233
    endloop
  endfacet
  facet normal -1 0 0
    outer loop
      vertex -65.54999999701977 38.65 13.850000002980233
      vertex -65.54999999701977 39.85 13.850000002980233
      vertex -65.54999999701977 39.85 8.949999997019768
    endloop
  endfacet
  facet normal 0 1 0
    outer loop
      vertex -65.54999999701977 39.85 13.850000002980233
      vertex -64.35000000149012 39.85 13.850000001490116
      vertex -64.35000000149012 39.85 10.149999998509884
    endloop
  endfacet
  facet normal 0 1 0
    outer loop
      vertex -49.45000000298023 39.85 13.850000002980233
      vertex -50.649999998509884 39.85 10.149999998509884
      vertex -50.649999998509884 39.85 13.850000001490116
    endloop
  endfacet
  facet normal -0.9009688678385959 0 0.4338837392500884
    outer loop
      vertex -65.54999999701977 38.65 13.850000002980233
      vertex -64.796979598701 38.65 15.413662971556187
      vertex -65.54999999701977 39.85 13.850000002980233
    endloop
  endfacet
  facet normal 0.9438833309991451 -3.5015308363982164e-17 0.33027905998103807
    outer loop
      vertex -49.45000000298023 38.65 13.850000002980233
      vertex -49.88633703440428 39.85 15.096979604661465
      vertex -49.88633703440428 38.65 15.096979604661465
    endloop
  endfacet
  facet normal -0.33027905998103807 0 0.9438833309991451
    outer loop
      vertex -64.796979598701 38.65 15.413662971556187
      vertex -63.54999999701977 38.65 15.850000002980233
      vertex -64.796979598701 39.85 15.413662971556187
    endloop
  endfacet
  facet normal 0 0 1
    outer loop
      vertex -63.54999999701977 38.65 15.850000002980233
      vertex -51.45000000298023 38.65 15.850000002980233
      vertex -63.54999999701977 39.85 15.850000002980233
    endloop
  endfacet
  facet normal 0 -1 0
    outer loop
      vertex -63.54999999701977 38.65 15.850000002980233
      vertex -49.45000000298023 38.65 13.850000002980233
      vertex -51.45000000298023 38.65 15.850000002980233
    endloop
  endfacet
  facet normal 0 -1 0
    outer loop
      vertex -49.45000000298023 38.65 13.850000002980233
      vertex -49.88633703440428 38.65 15.096979604661465
      vertex -51.45000000298023 38.65 15.850000002980233
    endloop
  endfacet
  facet normal 0.4338837392500884 0 0.9009688678385959
    outer loop
      vertex -51.45000000298023 38.65 15.850000002980233
      vertex -49.88633703440428 38.65 15.096979604661465
      vertex -51.45000000298023 39.85 15.850000002980233
    endloop
  endfacet
  facet normal 0 1 0
    outer loop
      vertex -65.54999999701977 39.85 13.850000002980233
      vertex -64.796979598701 39.85 15.413662971556187
      vertex -64.35000000149012 39.85 13.850000001490116
    endloop
  endfacet
  facet normal 0.9438833309991451 0 0.33027905998103807
    outer loop
      vertex -49.45000000298023 38.65 13.850000002980233
      vertex -49.45000000298023 39.85 13.850000002980233
      vertex -49.88633703440428 39.85 15.096979604661465
    endloop
  endfacet
  facet normal 0 1 0
    outer loop
      vertex -49.45000000298023 39.85 13.850000002980233
      vertex -50.649999998509884 39.85 13.850000001490116
      vertex -51.08633702993393 39.85 15.096979603171349
    endloop
  endfacet
  facet normal -0.9009688678385959 0 0.4338837392500884
    outer loop
      vertex -64.796979598701 38.65 15.413662971556187
      vertex -64.796979598701 39.85 15.413662971556187
      vertex -65.54999999701977 39.85 13.850000002980233
    endloop
  endfacet
  facet normal -0.33027905998103807 0 0.9438833309991451
    outer loop
      vertex -63.54999999701977 38.65 15.850000002980233
      vertex -63.54999999701977 39.85 15.850000002980233
      vertex -64.796979598701 39.85 15.413662971556187
    endloop
  endfacet
  facet normal 0 1 0
    outer loop
      vertex -64.796979598701 39.85 15.413662971556187
      vertex -63.59697960317135 39.85 15.41366297006607
      vertex -64.35000000149012 39.85 13.850000001490116
    endloop
  endfacet
  facet normal 0 1 0
    outer loop
      vertex -64.796979598701 39.85 15.413662971556187
      vertex -63.54999999701977 39.85 15.850000002980233
      vertex -63.59697960317135 39.85 15.41366297006607
    endloop
  endfacet
  facet normal 0 1 0
    outer loop
      vertex -63.54999999701977 39.85 15.850000002980233
      vertex -62.350000001490116 39.85 15.850000001490116
      vertex -63.59697960317135 39.85 15.41366297006607
    endloop
  endfacet
  facet normal 0 1 0
    outer loop
      vertex -63.54999999701977 39.85 15.850000002980233
      vertex -51.45000000298023 39.85 15.850000002980233
      vertex -62.350000001490116 39.85 15.850000001490116
    endloop
  endfacet
  facet normal 0 0 1
    outer loop
      vertex -63.54999999701977 39.85 15.850000002980233
      vertex -51.45000000298023 38.65 15.850000002980233
      vertex -51.45000000298023 39.85 15.850000002980233
    endloop
  endfacet
  facet normal 0.4338837392500884 0 0.9009688678385959
    outer loop
      vertex -49.88633703440428 38.65 15.096979604661465
      vertex -49.88633703440428 39.85 15.096979604661465
      vertex -51.45000000298023 39.85 15.850000002980233
    endloop
  endfacet
  facet normal 0 1 0
    outer loop
      vertex -49.45000000298023 39.85 13.850000002980233
      vertex -51.08633702993393 39.85 15.096979603171349
      vertex -51.45000000298023 39.85 15.850000002980233
    endloop
  endfacet
  facet normal 0 1 0
    outer loop
      vertex -49.45000000298023 39.85 13.850000002980233
      vertex -51.45000000298023 39.85 15.850000002980233
      vertex -49.88633703440428 39.85 15.096979604661465
    endloop
  endfacet
  facet normal 0 1 0
    outer loop
      vertex -51.45000000298023 39.85 15.850000002980233
      vertex -52.649999998509884 39.85 15.850000001490116
      vertex -62.350000001490116 39.85 15.850000001490116
    endloop
  endfacet
  facet normal 0 1 0
    outer loop
      vertex -51.45000000298023 39.85 15.850000002980233
      vertex -51.08633702993393 39.85 15.096979603171349
      vertex -52.649999998509884 39.85 15.850000001490116
    endloop
  endfacet
  facet normal 0 -1 0
    outer loop
      vertex 49.88633703440428 38.65 7.703020395338536
      vertex 51.45000000298023 38.65 6.949999997019768
      vertex 49.45000000298023 38.65 8.949999997019768
    endloop
  endfacet
  facet normal 0 -1 0
    outer loop
      vertex 51.45000000298023 38.65 6.949999997019768
      vertex 63.54999999701977 38.65 6.949999997019768
      vertex 49.45000000298023 38.65 8.949999997019768
    endloop
  endfacet
  facet normal -0.4338837392500884 -2.6654198124501364e-17 -0.9009688678385959
    outer loop
      vertex 49.88633703440428 38.65 7.703020395338536
      vertex 51.45000000298023 39.85 6.949999997019768
      vertex 51.45000000298023 38.65 6.949999997019768
    endloop
  endfacet
  facet normal 0 0 -1
    outer loop
      vertex 51.45000000298023 38.65 6.949999997019768
      vertex 63.54999999701977 39.85 6.949999997019768
      vertex 63.54999999701977 38.65 6.949999997019768
    endloop
  endfacet
  facet normal 0.33027905998103807 3.5015308363982164e-17 -0.9438833309991451
    outer loop
      vertex 63.54999999701977 38.65 6.949999997019768
      vertex 64.796979598701 39.85 7.386337028443814
      vertex 64.796979598701 38.65 7.386337028443814
    endloop
  endfacet
  facet normal -0.9438833309991451 0 -0.33027905998103807
    outer loop
      vertex 49.88633703440428 38.65 7.703020395338536
      vertex 49.45000000298023 38.65 8.949999997019768
      vertex 49.88633703440428 39.85 7.703020395338536
    endloop
  endfacet
  facet normal 0.9009688678385959 2.6654198124501364e-17 -0.4338837392500884
    outer loop
      vertex 64.796979598701 38.65 7.386337028443814
      vertex 65.54999999701977 39.85 8.949999997019768
      vertex 65.54999999701977 38.65 8.949999997019768
    endloop
  endfacet
  facet normal -0.4338837392500884 0 -0.9009688678385959
    outer loop
      vertex 49.88633703440428 38.65 7.703020395338536
      vertex 49.88633703440428 39.85 7.703020395338536
      vertex 51.45000000298023 39.85 6.949999997019768
    endloop
  endfacet
  facet normal 0 0 -1
    outer loop
      vertex 51.45000000298023 38.65 6.949999997019768
      vertex 51.45000000298023 39.85 6.949999997019768
      vertex 63.54999999701977 39.85 6.949999997019768
    endloop
  endfacet
  facet normal 0 1 0
    outer loop
      vertex 51.45000000298023 39.85 6.949999997019768
      vertex 52.649999998509884 39.85 8.149999998509884
      vertex 63.54999999701977 39.85 6.949999997019768
    endloop
  endfacet
  facet normal 0 1 0
    outer loop
      vertex 49.88633703440428 39.85 7.703020395338536
      vertex 49.45000000298023 39.85 8.949999997019768
      vertex 51.45000000298023 39.85 6.949999997019768
    endloop
  endfacet
  facet normal 0 1 0
    outer loop
      vertex 51.45000000298023 39.85 6.949999997019768
      vertex 51.08633702993393 39.85 8.903020396828651
      vertex 52.649999998509884 39.85 8.149999998509884
    endloop
  endfacet
  facet normal 0.33027905998103807 0 -0.9438833309991451
    outer loop
      vertex 63.54999999701977 38.65 6.949999997019768
      vertex 63.54999999701977 39.85 6.949999997019768
      vertex 64.796979598701 39.85 7.386337028443814
    endloop
  endfacet
  facet normal 0.9009688678385959 0 -0.4338837392500884
    outer loop
      vertex 64.796979598701 38.65 7.386337028443814
      vertex 64.796979598701 39.85 7.386337028443814
      vertex 65.54999999701977 39.85 8.949999997019768
    endloop
  endfacet
  facet normal 0 1 0
    outer loop
      vertex 63.54999999701977 39.85 6.949999997019768
      vertex 62.350000001490116 39.85 8.149999998509884
      vertex 64.796979598701 39.85 7.386337028443814
    endloop
  endfacet
  facet normal 0 1 0
    outer loop
      vertex 63.54999999701977 39.85 6.949999997019768
      vertex 52.649999998509884 39.85 8.149999998509884
      vertex 62.350000001490116 39.85 8.149999998509884
    endloop
  endfacet
  facet normal 0 1 0
    outer loop
      vertex 64.796979598701 39.85 7.386337028443814
      vertex 62.350000001490116 39.85 8.149999998509884
      vertex 63.59697960317135 39.85 8.58633702993393
    endloop
  endfacet
  facet normal -0.9438833309991451 0 -0.33027905998103807
    outer loop
      vertex 49.45000000298023 38.65 8.949999997019768
      vertex 49.45000000298023 39.85 8.949999997019768
      vertex 49.88633703440428 39.85 7.703020395338536
    endloop
  endfacet
  facet normal 0 1 0
    outer loop
      vertex 51.45000000298023 39.85 6.949999997019768
      vertex 49.45000000298023 39.85 8.949999997019768
      vertex 51.08633702993393 39.85 8.903020396828651
    endloop
  endfacet
  facet normal 0 1 0
    outer loop
      vertex 64.796979598701 39.85 7.386337028443814
      vertex 63.59697960317135 39.85 8.58633702993393
      vertex 65.54999999701977 39.85 8.949999997019768
    endloop
  endfacet
  facet normal 0 -1 0
    outer loop
      vertex 49.45000000298023 38.65 8.949999997019768
      vertex 63.54999999701977 38.65 6.949999997019768
      vertex 49.45000000298023 38.65 13.850000002980233
    endloop
  endfacet
  facet normal 0 -1 0
    outer loop
      vertex 49.45000000298023 38.65 13.850000002980233
      vertex 63.54999999701977 38.65 6.949999997019768
      vertex 64.796979598701 38.65 7.386337028443814
    endloop
  endfacet
  facet normal -1 0 0
    outer loop
      vertex 49.45000000298023 38.65 8.949999997019768
      vertex 49.45000000298023 38.65 13.850000002980233
      vertex 49.45000000298023 39.85 8.949999997019768
    endloop
  endfacet
  facet normal 0 -1 0
    outer loop
      vertex 50.203020401299 38.65 15.413662971556187
      vertex 64.796979598701 38.65 7.386337028443814
      vertex 65.54999999701977 38.65 8.949999997019768
    endloop
  endfacet
  facet normal 0 1 0
    outer loop
      vertex 49.45000000298023 39.85 8.949999997019768
      vertex 50.649999998509884 39.85 10.149999998509884
      vertex 51.08633702993393 39.85 8.903020396828651
    endloop
  endfacet
  facet normal 0 1 0
    outer loop
      vertex 65.54999999701977 39.85 8.949999997019768
      vertex 63.59697960317135 39.85 8.58633702993393
      vertex 64.35000000149012 39.85 10.149999998509884
    endloop
  endfacet
  facet normal 0 1 0
    outer loop
      vertex 49.45000000298023 39.85 8.949999997019768
      vertex 49.45000000298023 39.85 13.850000002980233
      vertex 50.649999998509884 39.85 10.149999998509884
    endloop
  endfacet
  facet normal 1 0 0
    outer loop
      vertex 65.54999999701977 38.65 8.949999997019768
      vertex 65.54999999701977 39.85 8.949999997019768
      vertex 65.54999999701977 39.85 13.850000002980233
    endloop
  endfacet
  facet normal 0 1 0
    outer loop
      vertex 65.54999999701977 39.85 8.949999997019768
      vertex 64.35000000149012 39.85 10.149999998509884
      vertex 65.54999999701977 39.85 13.850000002980233
    endloop
  endfacet
  facet normal 0 -1 0
    outer loop
      vertex 49.45000000298023 38.65 13.850000002980233
      vertex 64.796979598701 38.65 7.386337028443814
      vertex 50.203020401299 38.65 15.413662971556187
    endloop
  endfacet
  facet normal 1 0 0
    outer loop
      vertex 65.54999999701977 38.65 8.949999997019768
      vertex 65.54999999701977 39.85 13.850000002980233
      vertex 65.54999999701977 38.65 13.850000002980233
    endloop
  endfacet
  facet normal 0 -1 0
    outer loop
      vertex 50.203020401299 38.65 15.413662971556187
      vertex 65.54999999701977 38.65 8.949999997019768
      vertex 51.45000000298023 38.65 15.850000002980233
    endloop
  endfacet
  facet normal 0 -1 0
    outer loop
      vertex 51.45000000298023 38.65 15.850000002980233
      vertex 65.54999999701977 38.65 8.949999997019768
      vertex 65.54999999701977 38.65 13.850000002980233
    endloop
  endfacet
  facet normal -1 0 0
    outer loop
      vertex 49.45000000298023 38.65 13.850000002980233
      vertex 49.45000000298023 39.85 13.850000002980233
      vertex 49.45000000298023 39.85 8.949999997019768
    endloop
  endfacet
  facet normal 0 1 0
    outer loop
      vertex 49.45000000298023 39.85 13.850000002980233
      vertex 50.649999998509884 39.85 13.850000001490116
      vertex 50.649999998509884 39.85 10.149999998509884
    endloop
  endfacet
  facet normal 0 1 0
    outer loop
      vertex 65.54999999701977 39.85 13.850000002980233
      vertex 64.35000000149012 39.85 10.149999998509884
      vertex 64.35000000149012 39.85 13.850000001490116
    endloop
  endfacet
  facet normal -0.9009688678385959 0 0.4338837392500884
    outer loop
      vertex 49.45000000298023 38.65 13.850000002980233
      vertex 50.203020401299 38.65 15.413662971556187
      vertex 49.45000000298023 39.85 13.850000002980233
    endloop
  endfacet
  facet normal 0.9438833309991451 -3.5015308363982164e-17 0.33027905998103807
    outer loop
      vertex 65.54999999701977 38.65 13.850000002980233
      vertex 65.11366296559572 39.85 15.096979604661465
      vertex 65.11366296559572 38.65 15.096979604661465
    endloop
  endfacet
  facet normal -0.33027905998103807 0 0.9438833309991451
    outer loop
      vertex 50.203020401299 38.65 15.413662971556187
      vertex 51.45000000298023 38.65 15.850000002980233
      vertex 50.203020401299 39.85 15.413662971556187
    endloop
  endfacet
  facet normal 0 0 1
    outer loop
      vertex 51.45000000298023 38.65 15.850000002980233
      vertex 63.54999999701977 38.65 15.850000002980233
      vertex 51.45000000298023 39.85 15.850000002980233
    endloop
  endfacet
  facet normal 0 -1 0
    outer loop
      vertex 51.45000000298023 38.65 15.850000002980233
      vertex 65.54999999701977 38.65 13.850000002980233
      vertex 63.54999999701977 38.65 15.850000002980233
    endloop
  endfacet
  facet normal 0 -1 0
    outer loop
      vertex 65.54999999701977 38.65 13.850000002980233
      vertex 65.11366296559572 38.65 15.096979604661465
      vertex 63.54999999701977 38.65 15.850000002980233
    endloop
  endfacet
  facet normal 0.4338837392500884 0 0.9009688678385959
    outer loop
      vertex 63.54999999701977 38.65 15.850000002980233
      vertex 65.11366296559572 38.65 15.096979604661465
      vertex 63.54999999701977 39.85 15.850000002980233
    endloop
  endfacet
  facet normal 0 1 0
    outer loop
      vertex 49.45000000298023 39.85 13.850000002980233
      vertex 50.203020401299 39.85 15.413662971556187
      vertex 50.649999998509884 39.85 13.850000001490116
    endloop
  endfacet
  facet normal 0.9438833309991451 0 0.33027905998103807
    outer loop
      vertex 65.54999999701977 38.65 13.850000002980233
      vertex 65.54999999701977 39.85 13.850000002980233
      vertex 65.11366296559572 39.85 15.096979604661465
    endloop
  endfacet
  facet normal 0 1 0
    outer loop
      vertex 65.54999999701977 39.85 13.850000002980233
      vertex 64.35000000149012 39.85 13.850000001490116
      vertex 63.91366297006607 39.85 15.096979603171349
    endloop
  endfacet
  facet normal -0.9009688678385959 0 0.4338837392500884
    outer loop
      vertex 50.203020401299 38.65 15.413662971556187
      vertex 50.203020401299 39.85 15.413662971556187
      vertex 49.45000000298023 39.85 13.850000002980233
    endloop
  endfacet
  facet normal -0.33027905998103807 0 0.9438833309991451
    outer loop
      vertex 51.45000000298023 38.65 15.850000002980233
      vertex 51.45000000298023 39.85 15.850000002980233
      vertex 50.203020401299 39.85 15.413662971556187
    endloop
  endfacet
  facet normal 0 1 0
    outer loop
      vertex 50.203020401299 39.85 15.413662971556187
      vertex 51.40302039682865 39.85 15.41366297006607
      vertex 50.649999998509884 39.85 13.850000001490116
    endloop
  endfacet
  facet normal 0 1 0
    outer loop
      vertex 50.203020401299 39.85 15.413662971556187
      vertex 51.45000000298023 39.85 15.850000002980233
      vertex 51.40302039682865 39.85 15.41366297006607
    endloop
  endfacet
  facet normal 0 1 0
    outer loop
      vertex 51.45000000298023 39.85 15.850000002980233
      vertex 52.649999998509884 39.85 15.850000001490116
      vertex 51.40302039682865 39.85 15.41366297006607
    endloop
  endfacet
  facet normal 0 1 0
    outer loop
      vertex 51.45000000298023 39.85 15.850000002980233
      vertex 63.54999999701977 39.85 15.850000002980233
      vertex 52.649999998509884 39.85 15.850000001490116
    endloop
  endfacet
  facet normal 0 0 1
    outer loop
      vertex 51.45000000298023 39.85 15.850000002980233
      vertex 63.54999999701977 38.65 15.850000002980233
      vertex 63.54999999701977 39.85 15.850000002980233
    endloop
  endfacet
  facet normal 0.4338837392500884 0 0.9009688678385959
    outer loop
      vertex 65.11366296559572 38.65 15.096979604661465
      vertex 65.11366296559572 39.85 15.096979604661465
      vertex 63.54999999701977 39.85 15.850000002980233
    endloop
  endfacet
  facet normal 0 1 0
    outer loop
      vertex 65.54999999701977 39.85 13.850000002980233
      vertex 63.91366297006607 39.85 15.096979603171349
      vertex 63.54999999701977 39.85 15.850000002980233
    endloop
  endfacet
  facet normal 0 1 0
    outer loop
      vertex 65.54999999701977 39.85 13.850000002980233
      vertex 63.54999999701977 39.85 15.850000002980233
      vertex 65.11366296559572 39.85 15.096979604661465
    endloop
  endfacet
  facet normal 0 1 0
    outer loop
      vertex 63.54999999701977 39.85 15.850000002980233
      vertex 62.350000001490116 39.85 15.850000001490116
      vertex 52.649999998509884 39.85 15.850000001490116
    endloop
  endfacet
  facet normal 0 1 0
    outer loop
      vertex 63.54999999701977 39.85 15.850000002980233
      vertex 63.91366297006607 39.85 15.096979603171349
      vertex 62.350000001490116 39.85 15.850000001490116
    endloop
  endfacet
endsolid OpenSCAD_Model
