solid OpenSCAD_Model
  facet normal -0.7604059611633577 -0.6494480535248605 0
    outer loop
      vertex 59.0512507930398 12.051250793039799 27.11
      vertex 59.0512507930398 12.051250793039799 27.40263548302419
      vertex 58.62626877427101 12.548840798437595 27.11
    endloop
  endfacet
  facet normal 0 0 1
    outer loop
      vertex 59.0512507930398 12.051250793039799 27.40263548302419
      vertex 59.11179509013891 12.111795090138912 27.40263548302419
      vertex 58.69553888589144 12.599168486893177 27.40263548302419
    endloop
  endfacet
  facet normal -0.6494480535248605 -0.7604059611633577 0
    outer loop
      vertex 59.0512507930398 12.051250793039799 27.11
      vertex 59.548840798437595 11.626268774271011 27.40263548302419
      vertex 59.0512507930398 12.051250793039799 27.40263548302419
    endloop
  endfacet
  facet normal 0 0 1
    outer loop
      vertex 59.0512507930398 12.051250793039799 27.40263548302419
      vertex 59.548840798437595 11.626268774271011 27.40263548302419
      vertex 59.11179509013891 12.111795090138912 27.40263548302419
    endloop
  endfacet
  facet normal -0.9723699215732424 -0.2334453589593214 0
    outer loop
      vertex 57.881180472671986 14.347643055021763 27.11
      vertex 58.0339410752058 13.711349338293076 27.40263548302419
      vertex 57.881180472671986 14.347643055021763 27.40263548302419
    endloop
  endfacet
  facet normal -0.9969173342486084 -0.07845908917804555 0
    outer loop
      vertex 57.881180472671986 14.347643055021763 27.11
      vertex 57.881180472671986 14.347643055021763 27.40263548302419
      vertex 57.82983887195587 15 27.11
    endloop
  endfacet
  facet normal 0 0 1
    outer loop
      vertex 57.881180472671986 14.347643055021763 27.40263548302419
      vertex 57.96574888378382 14.361037366092205 27.40263548302419
      vertex 57.91546143591404 15 27.40263548302419
    endloop
  endfacet
  facet normal -0.9969173342486084 -0.07845908917804555 0
    outer loop
      vertex 57.881180472671986 14.347643055021763 27.40263548302419
      vertex 57.82983887195587 15 27.40263548302419
      vertex 57.82983887195587 15 27.11
    endloop
  endfacet
  facet normal 0 0 1
    outer loop
      vertex 57.881180472671986 14.347643055021763 27.40263548302419
      vertex 57.91546143591404 15 27.40263548302419
      vertex 57.82983887195587 15 27.40263548302419
    endloop
  endfacet
  facet normal -0.852640165466001 -0.5224985629014787 0
    outer loop
      vertex 58.28435921669006 13.106786489486694 27.11
      vertex 58.62626877427101 12.548840798437595 27.40263548302419
      vertex 58.28435921669006 13.106786489486694 27.40263548302419
    endloop
  endfacet
  facet normal 0 0 1
    outer loop
      vertex 58.28435921669006 13.106786489486694 27.40263548302419
      vertex 58.62626877427101 12.548840798437595 27.40263548302419
      vertex 58.36064945906401 13.145658358931541 27.40263548302419
    endloop
  endfacet
  facet normal -0.852640165466001 -0.5224985629014787 0
    outer loop
      vertex 58.28435921669006 13.106786489486694 27.11
      vertex 58.62626877427101 12.548840798437595 27.11
      vertex 58.62626877427101 12.548840798437595 27.40263548302419
    endloop
  endfacet
  facet normal 0 0 1
    outer loop
      vertex 58.36064945906401 13.145658358931541 27.40263548302419
      vertex 58.62626877427101 12.548840798437595 27.40263548302419
      vertex 58.69553888589144 12.599168486893177 27.40263548302419
    endloop
  endfacet
  facet normal -0.9238795269993623 -0.38268344567205237 0
    outer loop
      vertex 58.28435921669006 13.106786489486694 27.11
      vertex 58.28435921669006 13.106786489486694 27.40263548302419
      vertex 58.0339410752058 13.711349338293076 27.11
    endloop
  endfacet
  facet normal 0 0 1
    outer loop
      vertex 58.28435921669006 13.106786489486694 27.40263548302419
      vertex 58.36064945906401 13.145658358931541 27.40263548302419
      vertex 58.115372978150845 13.737808160483837 27.40263548302419
    endloop
  endfacet
  facet normal -0.9238795269993623 -0.38268344567205237 0
    outer loop
      vertex 58.28435921669006 13.106786489486694 27.40263548302419
      vertex 58.0339410752058 13.711349338293076 27.40263548302419
      vertex 58.0339410752058 13.711349338293076 27.11
    endloop
  endfacet
  facet normal 0 0 1
    outer loop
      vertex 58.28435921669006 13.106786489486694 27.40263548302419
      vertex 58.115372978150845 13.737808160483837 27.40263548302419
      vertex 58.0339410752058 13.711349338293076 27.40263548302419
    endloop
  endfacet
  facet normal -0.7604059611633577 -0.6494480535248605 0
    outer loop
      vertex 59.0512507930398 12.051250793039799 27.40263548302419
      vertex 58.62626877427101 12.548840798437595 27.40263548302419
      vertex 58.62626877427101 12.548840798437595 27.11
    endloop
  endfacet
  facet normal 0 0 1
    outer loop
      vertex 59.0512507930398 12.051250793039799 27.40263548302419
      vertex 58.69553888589144 12.599168486893177 27.40263548302419
      vertex 58.62626877427101 12.548840798437595 27.40263548302419
    endloop
  endfacet
  facet normal -0.9723699215732424 -0.2334453589593214 0
    outer loop
      vertex 57.881180472671986 14.347643055021763 27.11
      vertex 58.0339410752058 13.711349338293076 27.11
      vertex 58.0339410752058 13.711349338293076 27.40263548302419
    endloop
  endfacet
  facet normal 0 0 1
    outer loop
      vertex 58.0339410752058 13.711349338293076 27.40263548302419
      vertex 58.115372978150845 13.737808160483837 27.40263548302419
      vertex 57.96574888378382 14.361037366092205 27.40263548302419
    endloop
  endfacet
  facet normal 0 0 1
    outer loop
      vertex 57.881180472671986 14.347643055021763 27.40263548302419
      vertex 58.0339410752058 13.711349338293076 27.40263548302419
      vertex 57.96574888378382 14.361037366092205 27.40263548302419
    endloop
  endfacet
  facet normal -0.5224985629014787 -0.852640165466001 0
    outer loop
      vertex 59.548840798437595 11.626268774271011 27.11
      vertex 60.106786489486694 11.284359216690063 27.40263548302419
      vertex 59.548840798437595 11.626268774271011 27.40263548302419
    endloop
  endfacet
  facet normal 0 0 1
    outer loop
      vertex 59.548840798437595 11.626268774271011 27.40263548302419
      vertex 60.106786489486694 11.284359216690063 27.40263548302419
      vertex 59.59916848689318 11.695538885891438 27.40263548302419
    endloop
  endfacet
  facet normal -0.5224985629014787 -0.852640165466001 0
    outer loop
      vertex 59.548840798437595 11.626268774271011 27.11
      vertex 60.106786489486694 11.284359216690063 27.11
      vertex 60.106786489486694 11.284359216690063 27.40263548302419
    endloop
  endfacet
  facet normal 0 0 1
    outer loop
      vertex 59.59916848689318 11.695538885891438 27.40263548302419
      vertex 60.106786489486694 11.284359216690063 27.40263548302419
      vertex 60.14565835893154 11.360649459064007 27.40263548302419
    endloop
  endfacet
  facet normal -0.6494480535248605 -0.7604059611633577 0
    outer loop
      vertex 59.0512507930398 12.051250793039799 27.11
      vertex 59.548840798437595 11.626268774271011 27.11
      vertex 59.548840798437595 11.626268774271011 27.40263548302419
    endloop
  endfacet
  facet normal 0 0 1
    outer loop
      vertex 59.11179509013891 12.111795090138912 27.40263548302419
      vertex 59.548840798437595 11.626268774271011 27.40263548302419
      vertex 59.59916848689318 11.695538885891438 27.40263548302419
    endloop
  endfacet
  facet normal -0.38268344567205237 -0.9238795269993623 0
    outer loop
      vertex 60.106786489486694 11.284359216690063 27.11
      vertex 60.711349338293076 11.033941075205803 27.40263548302419
      vertex 60.106786489486694 11.284359216690063 27.40263548302419
    endloop
  endfacet
  facet normal 0 0 1
    outer loop
      vertex 60.106786489486694 11.284359216690063 27.40263548302419
      vertex 60.711349338293076 11.033941075205803 27.40263548302419
      vertex 60.14565835893154 11.360649459064007 27.40263548302419
    endloop
  endfacet
  facet normal -0.38268344567205237 -0.9238795269993623 0
    outer loop
      vertex 60.106786489486694 11.284359216690063 27.11
      vertex 60.711349338293076 11.033941075205803 27.11
      vertex 60.711349338293076 11.033941075205803 27.40263548302419
    endloop
  endfacet
  facet normal 0 0 1
    outer loop
      vertex 60.14565835893154 11.360649459064007 27.40263548302419
      vertex 60.711349338293076 11.033941075205803 27.40263548302419
      vertex 60.73780816048384 11.115372978150845 27.40263548302419
    endloop
  endfacet
  facet normal -0.2334453589593214 -0.9723699215732424 0
    outer loop
      vertex 61.34764305502176 10.881180472671986 27.11
      vertex 61.34764305502176 10.881180472671986 27.40263548302419
      vertex 60.711349338293076 11.033941075205803 27.11
    endloop
  endfacet
  facet normal -0.07845908917804555 -0.9969173342486084 0
    outer loop
      vertex 61.34764305502176 10.881180472671986 27.11
      vertex 62 10.829838871955872 27.40263548302419
      vertex 61.34764305502176 10.881180472671986 27.40263548302419
    endloop
  endfacet
  facet normal 0 0 1
    outer loop
      vertex 61.34764305502176 10.881180472671986 27.40263548302419
      vertex 62 10.829838871955872 27.40263548302419
      vertex 61.361037366092205 10.965748883783817 27.40263548302419
    endloop
  endfacet
  facet normal -0.07845908917804555 -0.9969173342486084 0
    outer loop
      vertex 61.34764305502176 10.881180472671986 27.11
      vertex 62 10.829838871955872 27.11
      vertex 62 10.829838871955872 27.40263548302419
    endloop
  endfacet
  facet normal 0 0 1
    outer loop
      vertex 61.361037366092205 10.965748883783817 27.40263548302419
      vertex 62 10.829838871955872 27.40263548302419
      vertex 62 10.91546143591404 27.40263548302419
    endloop
  endfacet
  facet normal -0.2334453589593214 -0.9723699215732424 0
    outer loop
      vertex 61.34764305502176 10.881180472671986 27.40263548302419
      vertex 60.711349338293076 11.033941075205803 27.40263548302419
      vertex 60.711349338293076 11.033941075205803 27.11
    endloop
  endfacet
  facet normal 0 0 1
    outer loop
      vertex 61.34764305502176 10.881180472671986 27.40263548302419
      vertex 60.73780816048384 11.115372978150845 27.40263548302419
      vertex 60.711349338293076 11.033941075205803 27.40263548302419
    endloop
  endfacet
  facet normal 0 0 1
    outer loop
      vertex 61.34764305502176 10.881180472671986 27.40263548302419
      vertex 61.361037366092205 10.965748883783817 27.40263548302419
      vertex 60.73780816048384 11.115372978150845 27.40263548302419
    endloop
  endfacet
  facet normal -0.9969173342486084 0.07845908917804555 0
    outer loop
      vertex 57.82983887195587 15 27.11
      vertex 57.82983887195587 15 27.40263548302419
      vertex 57.881180472671986 15.652356944978237 27.11
    endloop
  endfacet
  facet normal 0 0 1
    outer loop
      vertex 57.82983887195587 15 27.40263548302419
      vertex 57.91546143591404 15 27.40263548302419
      vertex 57.96574888378382 15.638962633907795 27.40263548302419
    endloop
  endfacet
  facet normal -0.9969173342486084 0.07845908917804555 0
    outer loop
      vertex 57.82983887195587 15 27.40263548302419
      vertex 57.881180472671986 15.652356944978237 27.40263548302419
      vertex 57.881180472671986 15.652356944978237 27.11
    endloop
  endfacet
  facet normal 0 0 1
    outer loop
      vertex 57.82983887195587 15 27.40263548302419
      vertex 57.96574888378382 15.638962633907795 27.40263548302419
      vertex 57.881180472671986 15.652356944978237 27.40263548302419
    endloop
  endfacet
  facet normal -0.9723699215732424 0.2334453589593214 0
    outer loop
      vertex 57.881180472671986 15.652356944978237 27.11
      vertex 57.881180472671986 15.652356944978237 27.40263548302419
      vertex 58.0339410752058 16.288650661706924 27.11
    endloop
  endfacet
  facet normal 0 0 1
    outer loop
      vertex 57.881180472671986 15.652356944978237 27.40263548302419
      vertex 57.96574888378382 15.638962633907795 27.40263548302419
      vertex 58.115372978150845 16.262191839516163 27.40263548302419
    endloop
  endfacet
  facet normal -0.9723699215732424 0.2334453589593214 0
    outer loop
      vertex 57.881180472671986 15.652356944978237 27.40263548302419
      vertex 58.0339410752058 16.288650661706924 27.40263548302419
      vertex 58.0339410752058 16.288650661706924 27.11
    endloop
  endfacet
  facet normal 0 0 1
    outer loop
      vertex 57.881180472671986 15.652356944978237 27.40263548302419
      vertex 58.115372978150845 16.262191839516163 27.40263548302419
      vertex 58.0339410752058 16.288650661706924 27.40263548302419
    endloop
  endfacet
  facet normal -0.9238795269993623 0.38268344567205237 0
    outer loop
      vertex 58.0339410752058 16.288650661706924 27.11
      vertex 58.0339410752058 16.288650661706924 27.40263548302419
      vertex 58.28435921669006 16.893213510513306 27.11
    endloop
  endfacet
  facet normal 0 0 1
    outer loop
      vertex 58.115372978150845 16.262191839516163 27.40263548302419
      vertex 58.36064945906401 16.85434164106846 27.40263548302419
      vertex 58.0339410752058 16.288650661706924 27.40263548302419
    endloop
  endfacet
  facet normal 0 0 1
    outer loop
      vertex 58.0339410752058 16.288650661706924 27.40263548302419
      vertex 58.36064945906401 16.85434164106846 27.40263548302419
      vertex 58.28435921669006 16.893213510513306 27.40263548302419
    endloop
  endfacet
  facet normal -0.9238795269993623 0.38268344567205237 0
    outer loop
      vertex 58.0339410752058 16.288650661706924 27.40263548302419
      vertex 58.28435921669006 16.893213510513306 27.40263548302419
      vertex 58.28435921669006 16.893213510513306 27.11
    endloop
  endfacet
  facet normal -0.852640165466001 0.5224985629014787 0
    outer loop
      vertex 58.28435921669006 16.893213510513306 27.11
      vertex 58.28435921669006 16.893213510513306 27.40263548302419
      vertex 58.62626877427101 17.451159201562405 27.11
    endloop
  endfacet
  facet normal 0 0 1
    outer loop
      vertex 58.28435921669006 16.893213510513306 27.40263548302419
      vertex 58.36064945906401 16.85434164106846 27.40263548302419
      vertex 58.69553888589144 17.400831513106823 27.40263548302419
    endloop
  endfacet
  facet normal -0.852640165466001 0.5224985629014787 0
    outer loop
      vertex 58.28435921669006 16.893213510513306 27.40263548302419
      vertex 58.62626877427101 17.451159201562405 27.40263548302419
      vertex 58.62626877427101 17.451159201562405 27.11
    endloop
  endfacet
  facet normal 0 0 1
    outer loop
      vertex 58.28435921669006 16.893213510513306 27.40263548302419
      vertex 58.69553888589144 17.400831513106823 27.40263548302419
      vertex 58.62626877427101 17.451159201562405 27.40263548302419
    endloop
  endfacet
  facet normal -0.7604059611633577 0.6494480535248605 0
    outer loop
      vertex 58.62626877427101 17.451159201562405 27.11
      vertex 58.62626877427101 17.451159201562405 27.40263548302419
      vertex 59.0512507930398 17.9487492069602 27.11
    endloop
  endfacet
  facet normal 0 0 1
    outer loop
      vertex 58.69553888589144 17.400831513106823 27.40263548302419
      vertex 59.11179509013891 17.888204909861088 27.40263548302419
      vertex 58.62626877427101 17.451159201562405 27.40263548302419
    endloop
  endfacet
  facet normal -0.7604059611633577 0.6494480535248605 0
    outer loop
      vertex 58.62626877427101 17.451159201562405 27.40263548302419
      vertex 59.0512507930398 17.9487492069602 27.40263548302419
      vertex 59.0512507930398 17.9487492069602 27.11
    endloop
  endfacet
  facet normal 0 0 1
    outer loop
      vertex 58.62626877427101 17.451159201562405 27.40263548302419
      vertex 59.11179509013891 17.888204909861088 27.40263548302419
      vertex 59.0512507930398 17.9487492069602 27.40263548302419
    endloop
  endfacet
  facet normal -0.6494480535248605 0.7604059611633577 0
    outer loop
      vertex 59.0512507930398 17.9487492069602 27.11
      vertex 59.0512507930398 17.9487492069602 27.40263548302419
      vertex 59.548840798437595 18.37373122572899 27.11
    endloop
  endfacet
  facet normal 0 0 1
    outer loop
      vertex 59.0512507930398 17.9487492069602 27.40263548302419
      vertex 59.11179509013891 17.888204909861088 27.40263548302419
      vertex 59.59916848689318 18.304461114108562 27.40263548302419
    endloop
  endfacet
  facet normal -0.6494480535248605 0.7604059611633577 0
    outer loop
      vertex 59.0512507930398 17.9487492069602 27.40263548302419
      vertex 59.548840798437595 18.37373122572899 27.40263548302419
      vertex 59.548840798437595 18.37373122572899 27.11
    endloop
  endfacet
  facet normal 0 0 1
    outer loop
      vertex 59.0512507930398 17.9487492069602 27.40263548302419
      vertex 59.59916848689318 18.304461114108562 27.40263548302419
      vertex 59.548840798437595 18.37373122572899 27.40263548302419
    endloop
  endfacet
  facet normal -0.5224985629014787 0.852640165466001 0
    outer loop
      vertex 59.548840798437595 18.37373122572899 27.11
      vertex 59.548840798437595 18.37373122572899 27.40263548302419
      vertex 60.106786489486694 18.715640783309937 27.11
    endloop
  endfacet
  facet normal 0 0 1
    outer loop
      vertex 59.548840798437595 18.37373122572899 27.40263548302419
      vertex 59.59916848689318 18.304461114108562 27.40263548302419
      vertex 60.14565835893154 18.639350540935993 27.40263548302419
    endloop
  endfacet
  facet normal -0.5224985629014787 0.852640165466001 0
    outer loop
      vertex 59.548840798437595 18.37373122572899 27.40263548302419
      vertex 60.106786489486694 18.715640783309937 27.40263548302419
      vertex 60.106786489486694 18.715640783309937 27.11
    endloop
  endfacet
  facet normal 0 0 1
    outer loop
      vertex 59.548840798437595 18.37373122572899 27.40263548302419
      vertex 60.14565835893154 18.639350540935993 27.40263548302419
      vertex 60.106786489486694 18.715640783309937 27.40263548302419
    endloop
  endfacet
  facet normal -0.38268344567205237 0.9238795269993623 0
    outer loop
      vertex 60.106786489486694 18.715640783309937 27.11
      vertex 60.106786489486694 18.715640783309937 27.40263548302419
      vertex 60.711349338293076 18.966058924794197 27.11
    endloop
  endfacet
  facet normal 0 0 1
    outer loop
      vertex 60.14565835893154 18.639350540935993 27.40263548302419
      vertex 60.73780816048384 18.884627021849155 27.40263548302419
      vertex 60.106786489486694 18.715640783309937 27.40263548302419
    endloop
  endfacet
  facet normal -0.38268344567205237 0.9238795269993623 0
    outer loop
      vertex 60.106786489486694 18.715640783309937 27.40263548302419
      vertex 60.711349338293076 18.966058924794197 27.40263548302419
      vertex 60.711349338293076 18.966058924794197 27.11
    endloop
  endfacet
  facet normal 0 0 1
    outer loop
      vertex 60.106786489486694 18.715640783309937 27.40263548302419
      vertex 60.73780816048384 18.884627021849155 27.40263548302419
      vertex 60.711349338293076 18.966058924794197 27.40263548302419
    endloop
  endfacet
  facet normal -0.2334453589593214 0.9723699215732424 0
    outer loop
      vertex 60.711349338293076 18.966058924794197 27.11
      vertex 60.711349338293076 18.966058924794197 27.40263548302419
      vertex 61.34764305502176 19.118819527328014 27.11
    endloop
  endfacet
  facet normal 0 0 1
    outer loop
      vertex 60.711349338293076 18.966058924794197 27.40263548302419
      vertex 60.73780816048384 18.884627021849155 27.40263548302419
      vertex 61.361037366092205 19.034251116216183 27.40263548302419
    endloop
  endfacet
  facet normal -0.2334453589593214 0.9723699215732424 0
    outer loop
      vertex 60.711349338293076 18.966058924794197 27.40263548302419
      vertex 61.34764305502176 19.118819527328014 27.40263548302419
      vertex 61.34764305502176 19.118819527328014 27.11
    endloop
  endfacet
  facet normal 0 0 1
    outer loop
      vertex 60.711349338293076 18.966058924794197 27.40263548302419
      vertex 61.361037366092205 19.034251116216183 27.40263548302419
      vertex 62 19.17016112804413 27.40263548302419
    endloop
  endfacet
  facet normal 0 0 1
    outer loop
      vertex 60.711349338293076 18.966058924794197 27.40263548302419
      vertex 62 19.17016112804413 27.40263548302419
      vertex 61.34764305502176 19.118819527328014 27.40263548302419
    endloop
  endfacet
  facet normal -0.07845908917804555 0.9969173342486084 0
    outer loop
      vertex 61.34764305502176 19.118819527328014 27.11
      vertex 61.34764305502176 19.118819527328014 27.40263548302419
      vertex 62 19.17016112804413 27.11
    endloop
  endfacet
  facet normal 0 0 1
    outer loop
      vertex 61.361037366092205 19.034251116216183 27.40263548302419
      vertex 62 19.08453856408596 27.40263548302419
      vertex 62 19.17016112804413 27.40263548302419
    endloop
  endfacet
  facet normal -0.07845908917804555 0.9969173342486084 0
    outer loop
      vertex 61.34764305502176 19.118819527328014 27.40263548302419
      vertex 62 19.17016112804413 27.40263548302419
      vertex 62 19.17016112804413 27.11
    endloop
  endfacet
  facet normal 0.07845908917804555 -0.9969173342486084 0
    outer loop
      vertex 62 10.829838871955872 27.11
      vertex 62.65235694497824 10.881180472671986 27.40263548302419
      vertex 62 10.829838871955872 27.40263548302419
    endloop
  endfacet
  facet normal 0 0 1
    outer loop
      vertex 62 10.829838871955872 27.40263548302419
      vertex 62.638962633907795 10.965748883783817 27.40263548302419
      vertex 62 10.91546143591404 27.40263548302419
    endloop
  endfacet
  facet normal 0.07845908917804555 -0.9969173342486084 0
    outer loop
      vertex 62 10.829838871955872 27.11
      vertex 62.65235694497824 10.881180472671986 27.11
      vertex 62.65235694497824 10.881180472671986 27.40263548302419
    endloop
  endfacet
  facet normal 0 0 1
    outer loop
      vertex 62 10.829838871955872 27.40263548302419
      vertex 62.65235694497824 10.881180472671986 27.40263548302419
      vertex 63.288650661706924 11.033941075205803 27.40263548302419
    endloop
  endfacet
  facet normal 0 0 1
    outer loop
      vertex 62 10.829838871955872 27.40263548302419
      vertex 63.288650661706924 11.033941075205803 27.40263548302419
      vertex 62.638962633907795 10.965748883783817 27.40263548302419
    endloop
  endfacet
  facet normal 0.2334453589593214 -0.9723699215732424 0
    outer loop
      vertex 62.65235694497824 10.881180472671986 27.11
      vertex 63.288650661706924 11.033941075205803 27.40263548302419
      vertex 62.65235694497824 10.881180472671986 27.40263548302419
    endloop
  endfacet
  facet normal 0.2334453589593214 -0.9723699215732424 0
    outer loop
      vertex 62.65235694497824 10.881180472671986 27.11
      vertex 63.288650661706924 11.033941075205803 27.11
      vertex 63.288650661706924 11.033941075205803 27.40263548302419
    endloop
  endfacet
  facet normal 0 0 1
    outer loop
      vertex 62.638962633907795 10.965748883783817 27.40263548302419
      vertex 63.288650661706924 11.033941075205803 27.40263548302419
      vertex 63.26219183951616 11.115372978150845 27.40263548302419
    endloop
  endfacet
  facet normal 0.38268344567205237 -0.9238795269993623 0
    outer loop
      vertex 63.288650661706924 11.033941075205803 27.11
      vertex 63.893213510513306 11.284359216690063 27.40263548302419
      vertex 63.288650661706924 11.033941075205803 27.40263548302419
    endloop
  endfacet
  facet normal 0 0 1
    outer loop
      vertex 63.26219183951616 11.115372978150845 27.40263548302419
      vertex 63.288650661706924 11.033941075205803 27.40263548302419
      vertex 63.893213510513306 11.284359216690063 27.40263548302419
    endloop
  endfacet
  facet normal 0 0 1
    outer loop
      vertex 63.26219183951616 11.115372978150845 27.40263548302419
      vertex 63.893213510513306 11.284359216690063 27.40263548302419
      vertex 63.85434164106846 11.360649459064007 27.40263548302419
    endloop
  endfacet
  facet normal 0.38268344567205237 -0.9238795269993623 0
    outer loop
      vertex 63.288650661706924 11.033941075205803 27.11
      vertex 63.893213510513306 11.284359216690063 27.11
      vertex 63.893213510513306 11.284359216690063 27.40263548302419
    endloop
  endfacet
  facet normal 0.5224985629014787 -0.852640165466001 0
    outer loop
      vertex 63.893213510513306 11.284359216690063 27.11
      vertex 64.4511592015624 11.626268774271011 27.40263548302419
      vertex 63.893213510513306 11.284359216690063 27.40263548302419
    endloop
  endfacet
  facet normal 0 0 1
    outer loop
      vertex 63.893213510513306 11.284359216690063 27.40263548302419
      vertex 64.4511592015624 11.626268774271011 27.40263548302419
      vertex 63.85434164106846 11.360649459064007 27.40263548302419
    endloop
  endfacet
  facet normal 0.5224985629014787 -0.852640165466001 0
    outer loop
      vertex 63.893213510513306 11.284359216690063 27.11
      vertex 64.4511592015624 11.626268774271011 27.11
      vertex 64.4511592015624 11.626268774271011 27.40263548302419
    endloop
  endfacet
  facet normal 0 0 1
    outer loop
      vertex 63.85434164106846 11.360649459064007 27.40263548302419
      vertex 64.4511592015624 11.626268774271011 27.40263548302419
      vertex 64.40083151310682 11.695538885891438 27.40263548302419
    endloop
  endfacet
  facet normal 0 0 1
    outer loop
      vertex 64.40083151310682 11.695538885891438 27.40263548302419
      vertex 64.4511592015624 11.626268774271011 27.40263548302419
      vertex 64.9487492069602 12.051250793039799 27.40263548302419
    endloop
  endfacet
  facet normal 0.6494480535248605 -0.7604059611633577 0
    outer loop
      vertex 64.4511592015624 11.626268774271011 27.11
      vertex 64.9487492069602 12.051250793039799 27.40263548302419
      vertex 64.4511592015624 11.626268774271011 27.40263548302419
    endloop
  endfacet
  facet normal 0.6494480535248605 -0.7604059611633577 0
    outer loop
      vertex 64.4511592015624 11.626268774271011 27.11
      vertex 64.9487492069602 12.051250793039799 27.11
      vertex 64.9487492069602 12.051250793039799 27.40263548302419
    endloop
  endfacet
  facet normal 0 0 1
    outer loop
      vertex 64.40083151310682 11.695538885891438 27.40263548302419
      vertex 64.9487492069602 12.051250793039799 27.40263548302419
      vertex 64.88820490986109 12.111795090138912 27.40263548302419
    endloop
  endfacet
  facet normal 0.7604059611633577 -0.6494480535248605 0
    outer loop
      vertex 64.9487492069602 12.051250793039799 27.11
      vertex 65.37373122572899 12.548840798437595 27.40263548302419
      vertex 64.9487492069602 12.051250793039799 27.40263548302419
    endloop
  endfacet
  facet normal 0 0 1
    outer loop
      vertex 64.88820490986109 12.111795090138912 27.40263548302419
      vertex 64.9487492069602 12.051250793039799 27.40263548302419
      vertex 65.37373122572899 12.548840798437595 27.40263548302419
    endloop
  endfacet
  facet normal 0 0 1
    outer loop
      vertex 64.88820490986109 12.111795090138912 27.40263548302419
      vertex 65.37373122572899 12.548840798437595 27.40263548302419
      vertex 65.30446111410856 12.599168486893177 27.40263548302419
    endloop
  endfacet
  facet normal 0.7604059611633577 -0.6494480535248605 0
    outer loop
      vertex 64.9487492069602 12.051250793039799 27.11
      vertex 65.37373122572899 12.548840798437595 27.11
      vertex 65.37373122572899 12.548840798437595 27.40263548302419
    endloop
  endfacet
  facet normal 0.852640165466001 -0.5224985629014787 0
    outer loop
      vertex 65.37373122572899 12.548840798437595 27.11
      vertex 65.71564078330994 13.106786489486694 27.40263548302419
      vertex 65.37373122572899 12.548840798437595 27.40263548302419
    endloop
  endfacet
  facet normal 0 0 1
    outer loop
      vertex 65.37373122572899 12.548840798437595 27.40263548302419
      vertex 65.71564078330994 13.106786489486694 27.40263548302419
      vertex 65.30446111410856 12.599168486893177 27.40263548302419
    endloop
  endfacet
  facet normal 0.852640165466001 -0.5224985629014787 0
    outer loop
      vertex 65.37373122572899 12.548840798437595 27.11
      vertex 65.71564078330994 13.106786489486694 27.11
      vertex 65.71564078330994 13.106786489486694 27.40263548302419
    endloop
  endfacet
  facet normal 0 0 1
    outer loop
      vertex 65.30446111410856 12.599168486893177 27.40263548302419
      vertex 65.71564078330994 13.106786489486694 27.40263548302419
      vertex 65.639350540936 13.145658358931541 27.40263548302419
    endloop
  endfacet
  facet normal 0.9238795269993623 -0.38268344567205237 0
    outer loop
      vertex 65.71564078330994 13.106786489486694 27.11
      vertex 65.9660589247942 13.711349338293076 27.40263548302419
      vertex 65.71564078330994 13.106786489486694 27.40263548302419
    endloop
  endfacet
  facet normal 0 0 1
    outer loop
      vertex 65.639350540936 13.145658358931541 27.40263548302419
      vertex 65.71564078330994 13.106786489486694 27.40263548302419
      vertex 65.9660589247942 13.711349338293076 27.40263548302419
    endloop
  endfacet
  facet normal 0.9238795269993623 -0.38268344567205237 0
    outer loop
      vertex 65.71564078330994 13.106786489486694 27.11
      vertex 65.9660589247942 13.711349338293076 27.11
      vertex 65.9660589247942 13.711349338293076 27.40263548302419
    endloop
  endfacet
  facet normal 0 0 1
    outer loop
      vertex 65.639350540936 13.145658358931541 27.40263548302419
      vertex 65.9660589247942 13.711349338293076 27.40263548302419
      vertex 65.88462702184916 13.737808160483837 27.40263548302419
    endloop
  endfacet
  facet normal 0.9723699215732424 -0.2334453589593214 0
    outer loop
      vertex 65.9660589247942 13.711349338293076 27.11
      vertex 66.11881952732801 14.347643055021763 27.40263548302419
      vertex 65.9660589247942 13.711349338293076 27.40263548302419
    endloop
  endfacet
  facet normal 0 0 1
    outer loop
      vertex 65.9660589247942 13.711349338293076 27.40263548302419
      vertex 66.11881952732801 14.347643055021763 27.40263548302419
      vertex 65.88462702184916 13.737808160483837 27.40263548302419
    endloop
  endfacet
  facet normal 0 0 1
    outer loop
      vertex 65.88462702184916 13.737808160483837 27.40263548302419
      vertex 66.11881952732801 14.347643055021763 27.40263548302419
      vertex 66.03425111621618 14.361037366092205 27.40263548302419
    endloop
  endfacet
  facet normal 0.9723699215732424 -0.2334453589593214 0
    outer loop
      vertex 65.9660589247942 13.711349338293076 27.11
      vertex 66.11881952732801 14.347643055021763 27.11
      vertex 66.11881952732801 14.347643055021763 27.40263548302419
    endloop
  endfacet
  facet normal 0.9969173342486084 -0.07845908917804555 0
    outer loop
      vertex 66.11881952732801 14.347643055021763 27.11
      vertex 66.17016112804413 15 27.40263548302419
      vertex 66.11881952732801 14.347643055021763 27.40263548302419
    endloop
  endfacet
  facet normal 0 0 1
    outer loop
      vertex 66.03425111621618 14.361037366092205 27.40263548302419
      vertex 66.11881952732801 14.347643055021763 27.40263548302419
      vertex 66.17016112804413 15 27.40263548302419
    endloop
  endfacet
  facet normal 0.9969173342486084 -0.07845908917804555 0
    outer loop
      vertex 66.11881952732801 14.347643055021763 27.11
      vertex 66.17016112804413 15 27.11
      vertex 66.17016112804413 15 27.40263548302419
    endloop
  endfacet
  facet normal 0 0 1
    outer loop
      vertex 66.03425111621618 14.361037366092205 27.40263548302419
      vertex 66.17016112804413 15 27.40263548302419
      vertex 66.08453856408596 15 27.40263548302419
    endloop
  endfacet
  facet normal 0 0 1
    outer loop
      vertex 62.638962633907795 19.034251116216183 27.40263548302419
      vertex 63.26219183951616 18.884627021849155 27.40263548302419
      vertex 62.65235694497824 19.118819527328014 27.40263548302419
    endloop
  endfacet
  facet normal 0.2334453589593214 0.9723699215732424 0
    outer loop
      vertex 63.288650661706924 18.966058924794197 27.11
      vertex 62.65235694497824 19.118819527328014 27.40263548302419
      vertex 63.288650661706924 18.966058924794197 27.40263548302419
    endloop
  endfacet
  facet normal 0 0 1
    outer loop
      vertex 63.26219183951616 18.884627021849155 27.40263548302419
      vertex 63.288650661706924 18.966058924794197 27.40263548302419
      vertex 62.65235694497824 19.118819527328014 27.40263548302419
    endloop
  endfacet
  facet normal 0.07845908917804555 0.9969173342486084 0
    outer loop
      vertex 62 19.17016112804413 27.11
      vertex 62 19.17016112804413 27.40263548302419
      vertex 62.65235694497824 19.118819527328014 27.11
    endloop
  endfacet
  facet normal 0 0 1
    outer loop
      vertex 62.638962633907795 19.034251116216183 27.40263548302419
      vertex 62 19.17016112804413 27.40263548302419
      vertex 62 19.08453856408596 27.40263548302419
    endloop
  endfacet
  facet normal 0.07845908917804555 0.9969173342486084 0
    outer loop
      vertex 62 19.17016112804413 27.40263548302419
      vertex 62.65235694497824 19.118819527328014 27.40263548302419
      vertex 62.65235694497824 19.118819527328014 27.11
    endloop
  endfacet
  facet normal 0 0 1
    outer loop
      vertex 62.638962633907795 19.034251116216183 27.40263548302419
      vertex 62.65235694497824 19.118819527328014 27.40263548302419
      vertex 62 19.17016112804413 27.40263548302419
    endloop
  endfacet
  facet normal 0.2334453589593214 0.9723699215732424 0
    outer loop
      vertex 63.288650661706924 18.966058924794197 27.11
      vertex 62.65235694497824 19.118819527328014 27.11
      vertex 62.65235694497824 19.118819527328014 27.40263548302419
    endloop
  endfacet
  facet normal 0.38268344567205237 0.9238795269993623 0
    outer loop
      vertex 63.288650661706924 18.966058924794197 27.11
      vertex 63.288650661706924 18.966058924794197 27.40263548302419
      vertex 63.893213510513306 18.715640783309937 27.11
    endloop
  endfacet
  facet normal 0 0 1
    outer loop
      vertex 63.26219183951616 18.884627021849155 27.40263548302419
      vertex 63.85434164106846 18.639350540935993 27.40263548302419
      vertex 63.288650661706924 18.966058924794197 27.40263548302419
    endloop
  endfacet
  facet normal 0 0 1
    outer loop
      vertex 63.288650661706924 18.966058924794197 27.40263548302419
      vertex 63.85434164106846 18.639350540935993 27.40263548302419
      vertex 63.893213510513306 18.715640783309937 27.40263548302419
    endloop
  endfacet
  facet normal 0.38268344567205237 0.9238795269993623 0
    outer loop
      vertex 63.288650661706924 18.966058924794197 27.40263548302419
      vertex 63.893213510513306 18.715640783309937 27.40263548302419
      vertex 63.893213510513306 18.715640783309937 27.11
    endloop
  endfacet
  facet normal 0 0 1
    outer loop
      vertex 64.40083151310682 18.304461114108562 27.40263548302419
      vertex 64.88820490986109 17.888204909861088 27.40263548302419
      vertex 64.4511592015624 18.37373122572899 27.40263548302419
    endloop
  endfacet
  facet normal 0.6494480535248605 0.7604059611633577 0
    outer loop
      vertex 64.4511592015624 18.37373122572899 27.11
      vertex 64.4511592015624 18.37373122572899 27.40263548302419
      vertex 64.9487492069602 17.9487492069602 27.11
    endloop
  endfacet
  facet normal 0.5224985629014787 0.852640165466001 0
    outer loop
      vertex 63.893213510513306 18.715640783309937 27.11
      vertex 63.893213510513306 18.715640783309937 27.40263548302419
      vertex 64.4511592015624 18.37373122572899 27.11
    endloop
  endfacet
  facet normal 0 0 1
    outer loop
      vertex 63.85434164106846 18.639350540935993 27.40263548302419
      vertex 64.40083151310682 18.304461114108562 27.40263548302419
      vertex 63.893213510513306 18.715640783309937 27.40263548302419
    endloop
  endfacet
  facet normal 0.5224985629014787 0.852640165466001 0
    outer loop
      vertex 63.893213510513306 18.715640783309937 27.40263548302419
      vertex 64.4511592015624 18.37373122572899 27.40263548302419
      vertex 64.4511592015624 18.37373122572899 27.11
    endloop
  endfacet
  facet normal 0 0 1
    outer loop
      vertex 63.893213510513306 18.715640783309937 27.40263548302419
      vertex 64.40083151310682 18.304461114108562 27.40263548302419
      vertex 64.4511592015624 18.37373122572899 27.40263548302419
    endloop
  endfacet
  facet normal 0 0 1
    outer loop
      vertex 66.03425111621618 15.638962633907795 27.40263548302419
      vertex 66.11881952732801 15.652356944978237 27.40263548302419
      vertex 65.9660589247942 16.288650661706924 27.40263548302419
    endloop
  endfacet
  facet normal 0.9723699215732424 0.2334453589593214 0
    outer loop
      vertex 65.9660589247942 16.288650661706924 27.11
      vertex 65.9660589247942 16.288650661706924 27.40263548302419
      vertex 66.11881952732801 15.652356944978237 27.11
    endloop
  endfacet
  facet normal 0 0 1
    outer loop
      vertex 66.03425111621618 15.638962633907795 27.40263548302419
      vertex 65.9660589247942 16.288650661706924 27.40263548302419
      vertex 65.88462702184916 16.262191839516163 27.40263548302419
    endloop
  endfacet
  facet normal 0 0 1
    outer loop
      vertex 65.30446111410856 17.400831513106823 27.40263548302419
      vertex 65.37373122572899 17.451159201562405 27.40263548302419
      vertex 64.9487492069602 17.9487492069602 27.40263548302419
    endloop
  endfacet
  facet normal 0.7604059611633577 0.6494480535248605 0
    outer loop
      vertex 65.37373122572899 17.451159201562405 27.11
      vertex 64.9487492069602 17.9487492069602 27.40263548302419
      vertex 65.37373122572899 17.451159201562405 27.40263548302419
    endloop
  endfacet
  facet normal 0.9238795269993623 0.38268344567205237 0
    outer loop
      vertex 65.9660589247942 16.288650661706924 27.11
      vertex 65.71564078330994 16.893213510513306 27.40263548302419
      vertex 65.9660589247942 16.288650661706924 27.40263548302419
    endloop
  endfacet
  facet normal 0 0 1
    outer loop
      vertex 65.88462702184916 16.262191839516163 27.40263548302419
      vertex 65.9660589247942 16.288650661706924 27.40263548302419
      vertex 65.71564078330994 16.893213510513306 27.40263548302419
    endloop
  endfacet
  facet normal 0 0 1
    outer loop
      vertex 65.88462702184916 16.262191839516163 27.40263548302419
      vertex 65.71564078330994 16.893213510513306 27.40263548302419
      vertex 65.639350540936 16.85434164106846 27.40263548302419
    endloop
  endfacet
  facet normal 0.9238795269993623 0.38268344567205237 0
    outer loop
      vertex 65.9660589247942 16.288650661706924 27.11
      vertex 65.71564078330994 16.893213510513306 27.11
      vertex 65.71564078330994 16.893213510513306 27.40263548302419
    endloop
  endfacet
  facet normal 0.852640165466001 0.5224985629014787 0
    outer loop
      vertex 65.37373122572899 17.451159201562405 27.11
      vertex 65.37373122572899 17.451159201562405 27.40263548302419
      vertex 65.71564078330994 16.893213510513306 27.11
    endloop
  endfacet
  facet normal 0 0 1
    outer loop
      vertex 65.30446111410856 17.400831513106823 27.40263548302419
      vertex 65.639350540936 16.85434164106846 27.40263548302419
      vertex 65.37373122572899 17.451159201562405 27.40263548302419
    endloop
  endfacet
  facet normal 0.852640165466001 0.5224985629014787 0
    outer loop
      vertex 65.37373122572899 17.451159201562405 27.40263548302419
      vertex 65.71564078330994 16.893213510513306 27.40263548302419
      vertex 65.71564078330994 16.893213510513306 27.11
    endloop
  endfacet
  facet normal 0 0 1
    outer loop
      vertex 65.37373122572899 17.451159201562405 27.40263548302419
      vertex 65.639350540936 16.85434164106846 27.40263548302419
      vertex 65.71564078330994 16.893213510513306 27.40263548302419
    endloop
  endfacet
  facet normal 0 0 1
    outer loop
      vertex 66.08453856408596 15 27.40263548302419
      vertex 66.17016112804413 15 27.40263548302419
      vertex 66.11881952732801 15.652356944978237 27.40263548302419
    endloop
  endfacet
  facet normal 0.9969173342486084 0.07845908917804555 0
    outer loop
      vertex 66.17016112804413 15 27.11
      vertex 66.11881952732801 15.652356944978237 27.40263548302419
      vertex 66.17016112804413 15 27.40263548302419
    endloop
  endfacet
  facet normal 0.9969173342486084 0.07845908917804555 0
    outer loop
      vertex 66.17016112804413 15 27.11
      vertex 66.11881952732801 15.652356944978237 27.11
      vertex 66.11881952732801 15.652356944978237 27.40263548302419
    endloop
  endfacet
  facet normal 0 0 1
    outer loop
      vertex 66.03425111621618 15.638962633907795 27.40263548302419
      vertex 66.08453856408596 15 27.40263548302419
      vertex 66.11881952732801 15.652356944978237 27.40263548302419
    endloop
  endfacet
  facet normal 0.9723699215732424 0.2334453589593214 0
    outer loop
      vertex 65.9660589247942 16.288650661706924 27.40263548302419
      vertex 66.11881952732801 15.652356944978237 27.40263548302419
      vertex 66.11881952732801 15.652356944978237 27.11
    endloop
  endfacet
  facet normal 0.6494480535248605 0.7604059611633577 0
    outer loop
      vertex 64.4511592015624 18.37373122572899 27.40263548302419
      vertex 64.9487492069602 17.9487492069602 27.40263548302419
      vertex 64.9487492069602 17.9487492069602 27.11
    endloop
  endfacet
  facet normal 0 0 1
    outer loop
      vertex 64.4511592015624 18.37373122572899 27.40263548302419
      vertex 64.88820490986109 17.888204909861088 27.40263548302419
      vertex 64.9487492069602 17.9487492069602 27.40263548302419
    endloop
  endfacet
  facet normal 0.7604059611633577 0.6494480535248605 0
    outer loop
      vertex 65.37373122572899 17.451159201562405 27.11
      vertex 64.9487492069602 17.9487492069602 27.11
      vertex 64.9487492069602 17.9487492069602 27.40263548302419
    endloop
  endfacet
  facet normal 0 0 1
    outer loop
      vertex 65.30446111410856 17.400831513106823 27.40263548302419
      vertex 64.9487492069602 17.9487492069602 27.40263548302419
      vertex 64.88820490986109 17.888204909861088 27.40263548302419
    endloop
  endfacet
  facet normal -0.7604059660076773 -0.6494480478528912 0
    outer loop
      vertex 59.11179509013891 12.111795090138912 27.40263548302419
      vertex 59.11179509013891 12.111795090138912 27.684025148547637
      vertex 58.69553888589144 12.599168486893177 27.40263548302419
    endloop
  endfacet
  facet normal -0.6494480478528912 -0.7604059660076773 0
    outer loop
      vertex 59.11179509013891 12.111795090138912 27.40263548302419
      vertex 59.59916848689318 11.695538885891438 27.684025148547637
      vertex 59.11179509013891 12.111795090138912 27.684025148547637
    endloop
  endfacet
  facet normal -0.9969173339791417 -0.07845909260194417 0
    outer loop
      vertex 57.96574888378382 14.361037366092205 27.684025148547637
      vertex 57.91546143591404 15 27.684025148547637
      vertex 57.91546143591404 15 27.40263548302419
    endloop
  endfacet
  facet normal -0.8526401625942686 -0.5224985675877202 0
    outer loop
      vertex 58.36064945906401 13.145658358931541 27.40263548302419
      vertex 58.69553888589144 12.599168486893177 27.40263548302419
      vertex 58.69553888589144 12.599168486893177 27.684025148547637
    endloop
  endfacet
  facet normal -0.8526401625942686 -0.5224985675877202 0
    outer loop
      vertex 58.36064945906401 13.145658358931541 27.40263548302419
      vertex 58.69553888589144 12.599168486893177 27.684025148547637
      vertex 58.36064945906401 13.145658358931541 27.684025148547637
    endloop
  endfacet
  facet normal 0 0 1
    outer loop
      vertex 58.36064945906401 13.145658358931541 27.684025148547637
      vertex 58.69553888589144 12.599168486893177 27.684025148547637
      vertex 58.80802745372057 12.680896185338497 27.684025148547637
    endloop
  endfacet
  facet normal -0.9238795313232857 -0.38268343523317805 0
    outer loop
      vertex 58.36064945906401 13.145658358931541 27.40263548302419
      vertex 58.36064945906401 13.145658358931541 27.684025148547637
      vertex 58.115372978150845 13.737808160483837 27.40263548302419
    endloop
  endfacet
  facet normal -0.9238795313232857 -0.38268343523317805 0
    outer loop
      vertex 58.36064945906401 13.145658358931541 27.684025148547637
      vertex 58.115372978150845 13.737808160483837 27.684025148547637
      vertex 58.115372978150845 13.737808160483837 27.40263548302419
    endloop
  endfacet
  facet normal 0 0 1
    outer loop
      vertex 58.48453815281391 13.208782754838467 27.684025148547637
      vertex 58.247611209750175 13.780774973332882 27.684025148547637
      vertex 58.115372978150845 13.737808160483837 27.684025148547637
    endloop
  endfacet
  facet normal 0 0 1
    outer loop
      vertex 58.36064945906401 13.145658358931541 27.684025148547637
      vertex 58.80802745372057 12.680896185338497 27.684025148547637
      vertex 58.48453815281391 13.208782754838467 27.684025148547637
    endloop
  endfacet
  facet normal 0 0 1
    outer loop
      vertex 58.36064945906401 13.145658358931541 27.684025148547637
      vertex 58.48453815281391 13.208782754838467 27.684025148547637
      vertex 58.115372978150845 13.737808160483837 27.684025148547637
    endloop
  endfacet
  facet normal -0.7604059660076773 -0.6494480478528912 0
    outer loop
      vertex 59.11179509013891 12.111795090138912 27.684025148547637
      vertex 58.69553888589144 12.599168486893177 27.684025148547637
      vertex 58.69553888589144 12.599168486893177 27.40263548302419
    endloop
  endfacet
  facet normal 0 0 1
    outer loop
      vertex 59.21011369675398 12.210113696753979 27.684025148547637
      vertex 58.80802745372057 12.680896185338497 27.684025148547637
      vertex 58.69553888589144 12.599168486893177 27.684025148547637
    endloop
  endfacet
  facet normal 0 0 1
    outer loop
      vertex 59.11179509013891 12.111795090138912 27.684025148547637
      vertex 59.21011369675398 12.210113696753979 27.684025148547637
      vertex 58.69553888589144 12.599168486893177 27.684025148547637
    endloop
  endfacet
  facet normal -0.9723699203756889 -0.23344536394749058 0
    outer loop
      vertex 58.115372978150845 13.737808160483837 27.40263548302419
      vertex 58.115372978150845 13.737808160483837 27.684025148547637
      vertex 57.96574888378382 14.361037366092205 27.40263548302419
    endloop
  endfacet
  facet normal 0 0 1
    outer loop
      vertex 58.115372978150845 13.737808160483837 27.684025148547637
      vertex 58.247611209750175 13.780774973332882 27.684025148547637
      vertex 57.96574888378382 14.361037366092205 27.684025148547637
    endloop
  endfacet
  facet normal -0.9723699203756889 -0.23344536394749058 0
    outer loop
      vertex 57.96574888378382 14.361037366092205 27.40263548302419
      vertex 58.115372978150845 13.737808160483837 27.684025148547637
      vertex 57.96574888378382 14.361037366092205 27.684025148547637
    endloop
  endfacet
  facet normal 0 0 1
    outer loop
      vertex 58.247611209750175 13.780774973332882 27.684025148547637
      vertex 58.10308054089546 14.382788576185703 27.684025148547637
      vertex 57.96574888378382 14.361037366092205 27.684025148547637
    endloop
  endfacet
  facet normal -0.9969173339791417 -0.07845909260194417 0
    outer loop
      vertex 57.96574888378382 14.361037366092205 27.40263548302419
      vertex 57.96574888378382 14.361037366092205 27.684025148547637
      vertex 57.91546143591404 15 27.40263548302419
    endloop
  endfacet
  facet normal 0 0 1
    outer loop
      vertex 57.96574888378382 14.361037366092205 27.684025148547637
      vertex 58.10308054089546 14.382788576185703 27.684025148547637
      vertex 57.91546143591404 15 27.684025148547637
    endloop
  endfacet
  facet normal 0 0 1
    outer loop
      vertex 58.10308054089546 14.382788576185703 27.684025148547637
      vertex 58.054504945874214 15 27.684025148547637
      vertex 57.91546143591404 15 27.684025148547637
    endloop
  endfacet
  facet normal -0.5224985675877202 -0.8526401625942686 0
    outer loop
      vertex 59.59916848689318 11.695538885891438 27.40263548302419
      vertex 60.14565835893154 11.360649459064007 27.684025148547637
      vertex 59.59916848689318 11.695538885891438 27.684025148547637
    endloop
  endfacet
  facet normal -0.5224985675877202 -0.8526401625942686 0
    outer loop
      vertex 59.59916848689318 11.695538885891438 27.40263548302419
      vertex 60.14565835893154 11.360649459064007 27.40263548302419
      vertex 60.14565835893154 11.360649459064007 27.684025148547637
    endloop
  endfacet
  facet normal -0.6494480478528912 -0.7604059660076773 0
    outer loop
      vertex 59.11179509013891 12.111795090138912 27.40263548302419
      vertex 59.59916848689318 11.695538885891438 27.40263548302419
      vertex 59.59916848689318 11.695538885891438 27.684025148547637
    endloop
  endfacet
  facet normal 0 0 1
    outer loop
      vertex 59.11179509013891 12.111795090138912 27.684025148547637
      vertex 59.59916848689318 11.695538885891438 27.684025148547637
      vertex 59.6808961853385 11.80802745372057 27.684025148547637
    endloop
  endfacet
  facet normal 0 0 1
    outer loop
      vertex 59.11179509013891 12.111795090138912 27.684025148547637
      vertex 59.6808961853385 11.80802745372057 27.684025148547637
      vertex 59.21011369675398 12.210113696753979 27.684025148547637
    endloop
  endfacet
  facet normal 0 0 1
    outer loop
      vertex 59.59916848689318 11.695538885891438 27.684025148547637
      vertex 60.20878275483847 11.484538152813911 27.684025148547637
      vertex 59.6808961853385 11.80802745372057 27.684025148547637
    endloop
  endfacet
  facet normal 0 0 1
    outer loop
      vertex 59.59916848689318 11.695538885891438 27.684025148547637
      vertex 60.14565835893154 11.360649459064007 27.684025148547637
      vertex 60.20878275483847 11.484538152813911 27.684025148547637
    endloop
  endfacet
  facet normal -0.38268343523317805 -0.9238795313232857 0
    outer loop
      vertex 60.14565835893154 11.360649459064007 27.40263548302419
      vertex 60.73780816048384 11.115372978150845 27.684025148547637
      vertex 60.14565835893154 11.360649459064007 27.684025148547637
    endloop
  endfacet
  facet normal -0.38268343523317805 -0.9238795313232857 0
    outer loop
      vertex 60.14565835893154 11.360649459064007 27.40263548302419
      vertex 60.73780816048384 11.115372978150845 27.40263548302419
      vertex 60.73780816048384 11.115372978150845 27.684025148547637
    endloop
  endfacet
  facet normal 0 0 1
    outer loop
      vertex 60.14565835893154 11.360649459064007 27.684025148547637
      vertex 60.73780816048384 11.115372978150845 27.684025148547637
      vertex 60.78077497333288 11.247611209750175 27.684025148547637
    endloop
  endfacet
  facet normal 0 0 1
    outer loop
      vertex 60.14565835893154 11.360649459064007 27.684025148547637
      vertex 60.78077497333288 11.247611209750175 27.684025148547637
      vertex 60.20878275483847 11.484538152813911 27.684025148547637
    endloop
  endfacet
  facet normal -0.07845909260194417 -0.9969173339791417 0
    outer loop
      vertex 61.361037366092205 10.965748883783817 27.40263548302419
      vertex 62 10.91546143591404 27.40263548302419
      vertex 62 10.91546143591404 27.684025148547637
    endloop
  endfacet
  facet normal -0.23344536394749058 -0.9723699203756889 0
    outer loop
      vertex 60.73780816048384 11.115372978150845 27.40263548302419
      vertex 61.361037366092205 10.965748883783817 27.684025148547637
      vertex 60.73780816048384 11.115372978150845 27.684025148547637
    endloop
  endfacet
  facet normal 0 0 1
    outer loop
      vertex 60.73780816048384 11.115372978150845 27.684025148547637
      vertex 61.3827885761857 11.103080540895462 27.684025148547637
      vertex 60.78077497333288 11.247611209750175 27.684025148547637
    endloop
  endfacet
  facet normal -0.23344536394749058 -0.9723699203756889 0
    outer loop
      vertex 60.73780816048384 11.115372978150845 27.40263548302419
      vertex 61.361037366092205 10.965748883783817 27.40263548302419
      vertex 61.361037366092205 10.965748883783817 27.684025148547637
    endloop
  endfacet
  facet normal 0 0 1
    outer loop
      vertex 60.73780816048384 11.115372978150845 27.684025148547637
      vertex 61.361037366092205 10.965748883783817 27.684025148547637
      vertex 61.3827885761857 11.103080540895462 27.684025148547637
    endloop
  endfacet
  facet normal -0.07845909260194417 -0.9969173339791417 0
    outer loop
      vertex 61.361037366092205 10.965748883783817 27.40263548302419
      vertex 62 10.91546143591404 27.684025148547637
      vertex 61.361037366092205 10.965748883783817 27.684025148547637
    endloop
  endfacet
  facet normal 0 0 1
    outer loop
      vertex 61.361037366092205 10.965748883783817 27.684025148547637
      vertex 62 11.054504945874214 27.684025148547637
      vertex 61.3827885761857 11.103080540895462 27.684025148547637
    endloop
  endfacet
  facet normal 0 0 1
    outer loop
      vertex 61.361037366092205 10.965748883783817 27.684025148547637
      vertex 62.6172114238143 11.103080540895462 27.684025148547637
      vertex 62 11.054504945874214 27.684025148547637
    endloop
  endfacet
  facet normal -0.9969173339791417 0.07845909260194417 0
    outer loop
      vertex 57.91546143591404 15 27.40263548302419
      vertex 57.91546143591404 15 27.684025148547637
      vertex 57.96574888378382 15.638962633907795 27.40263548302419
    endloop
  endfacet
  facet normal 0 0 1
    outer loop
      vertex 57.91546143591404 15 27.684025148547637
      vertex 58.054504945874214 15 27.684025148547637
      vertex 57.96574888378382 15.638962633907795 27.684025148547637
    endloop
  endfacet
  facet normal -0.9969173339791417 0.07845909260194417 0
    outer loop
      vertex 57.91546143591404 15 27.684025148547637
      vertex 57.96574888378382 15.638962633907795 27.684025148547637
      vertex 57.96574888378382 15.638962633907795 27.40263548302419
    endloop
  endfacet
  facet normal 0 0 1
    outer loop
      vertex 58.054504945874214 15 27.684025148547637
      vertex 58.10308054089546 15.617211423814297 27.684025148547637
      vertex 57.96574888378382 15.638962633907795 27.684025148547637
    endloop
  endfacet
  facet normal 0 0 1
    outer loop
      vertex 57.96574888378382 15.638962633907795 27.684025148547637
      vertex 58.10308054089546 15.617211423814297 27.684025148547637
      vertex 58.115372978150845 16.262191839516163 27.684025148547637
    endloop
  endfacet
  facet normal -0.9723699203756889 0.23344536394749058 0
    outer loop
      vertex 57.96574888378382 15.638962633907795 27.40263548302419
      vertex 57.96574888378382 15.638962633907795 27.684025148547637
      vertex 58.115372978150845 16.262191839516163 27.40263548302419
    endloop
  endfacet
  facet normal -0.9723699203756889 0.23344536394749058 0
    outer loop
      vertex 58.115372978150845 16.262191839516163 27.40263548302419
      vertex 57.96574888378382 15.638962633907795 27.684025148547637
      vertex 58.115372978150845 16.262191839516163 27.684025148547637
    endloop
  endfacet
  facet normal 0 0 1
    outer loop
      vertex 58.10308054089546 15.617211423814297 27.684025148547637
      vertex 58.247611209750175 16.219225026667118 27.684025148547637
      vertex 58.115372978150845 16.262191839516163 27.684025148547637
    endloop
  endfacet
  facet normal -0.9238795313232857 0.38268343523317805 0
    outer loop
      vertex 58.115372978150845 16.262191839516163 27.40263548302419
      vertex 58.115372978150845 16.262191839516163 27.684025148547637
      vertex 58.36064945906401 16.85434164106846 27.40263548302419
    endloop
  endfacet
  facet normal 0 0 1
    outer loop
      vertex 58.115372978150845 16.262191839516163 27.684025148547637
      vertex 58.247611209750175 16.219225026667118 27.684025148547637
      vertex 58.36064945906401 16.85434164106846 27.684025148547637
    endloop
  endfacet
  facet normal -0.9238795313232857 0.38268343523317805 0
    outer loop
      vertex 58.115372978150845 16.262191839516163 27.684025148547637
      vertex 58.36064945906401 16.85434164106846 27.684025148547637
      vertex 58.36064945906401 16.85434164106846 27.40263548302419
    endloop
  endfacet
  facet normal 0 0 1
    outer loop
      vertex 58.247611209750175 16.219225026667118 27.684025148547637
      vertex 58.48453815281391 16.791217245161533 27.684025148547637
      vertex 58.36064945906401 16.85434164106846 27.684025148547637
    endloop
  endfacet
  facet normal 0 0 1
    outer loop
      vertex 58.36064945906401 16.85434164106846 27.684025148547637
      vertex 58.48453815281391 16.791217245161533 27.684025148547637
      vertex 58.69553888589144 17.400831513106823 27.684025148547637
    endloop
  endfacet
  facet normal -0.8526401625942686 0.5224985675877202 0
    outer loop
      vertex 58.36064945906401 16.85434164106846 27.40263548302419
      vertex 58.36064945906401 16.85434164106846 27.684025148547637
      vertex 58.69553888589144 17.400831513106823 27.40263548302419
    endloop
  endfacet
  facet normal -0.8526401625942686 0.5224985675877202 0
    outer loop
      vertex 58.69553888589144 17.400831513106823 27.40263548302419
      vertex 58.36064945906401 16.85434164106846 27.684025148547637
      vertex 58.69553888589144 17.400831513106823 27.684025148547637
    endloop
  endfacet
  facet normal 0 0 1
    outer loop
      vertex 58.48453815281391 16.791217245161533 27.684025148547637
      vertex 58.80802745372057 17.319103814661503 27.684025148547637
      vertex 58.69553888589144 17.400831513106823 27.684025148547637
    endloop
  endfacet
  facet normal -0.7604059660076773 0.6494480478528912 0
    outer loop
      vertex 58.69553888589144 17.400831513106823 27.40263548302419
      vertex 58.69553888589144 17.400831513106823 27.684025148547637
      vertex 59.11179509013891 17.888204909861088 27.40263548302419
    endloop
  endfacet
  facet normal 0 0 1
    outer loop
      vertex 58.80802745372057 17.319103814661503 27.684025148547637
      vertex 59.11179509013891 17.888204909861088 27.684025148547637
      vertex 58.69553888589144 17.400831513106823 27.684025148547637
    endloop
  endfacet
  facet normal 0 0 1
    outer loop
      vertex 58.80802745372057 17.319103814661503 27.684025148547637
      vertex 59.21011369675398 17.78988630324602 27.684025148547637
      vertex 59.11179509013891 17.888204909861088 27.684025148547637
    endloop
  endfacet
  facet normal -0.7604059660076773 0.6494480478528912 0
    outer loop
      vertex 58.69553888589144 17.400831513106823 27.684025148547637
      vertex 59.11179509013891 17.888204909861088 27.684025148547637
      vertex 59.11179509013891 17.888204909861088 27.40263548302419
    endloop
  endfacet
  facet normal -0.6494480478528912 0.7604059660076773 0
    outer loop
      vertex 59.11179509013891 17.888204909861088 27.40263548302419
      vertex 59.11179509013891 17.888204909861088 27.684025148547637
      vertex 59.59916848689318 18.304461114108562 27.40263548302419
    endloop
  endfacet
  facet normal 0 0 1
    outer loop
      vertex 59.11179509013891 17.888204909861088 27.684025148547637
      vertex 59.21011369675398 17.78988630324602 27.684025148547637
      vertex 59.59916848689318 18.304461114108562 27.684025148547637
    endloop
  endfacet
  facet normal -0.6494480478528912 0.7604059660076773 0
    outer loop
      vertex 59.11179509013891 17.888204909861088 27.684025148547637
      vertex 59.59916848689318 18.304461114108562 27.684025148547637
      vertex 59.59916848689318 18.304461114108562 27.40263548302419
    endloop
  endfacet
  facet normal 0 0 1
    outer loop
      vertex 59.21011369675398 17.78988630324602 27.684025148547637
      vertex 59.6808961853385 18.19197254627943 27.684025148547637
      vertex 59.59916848689318 18.304461114108562 27.684025148547637
    endloop
  endfacet
  facet normal -0.5224985675877202 0.8526401625942686 0
    outer loop
      vertex 59.59916848689318 18.304461114108562 27.40263548302419
      vertex 59.59916848689318 18.304461114108562 27.684025148547637
      vertex 60.14565835893154 18.639350540935993 27.40263548302419
    endloop
  endfacet
  facet normal -0.5224985675877202 0.8526401625942686 0
    outer loop
      vertex 60.14565835893154 18.639350540935993 27.40263548302419
      vertex 59.59916848689318 18.304461114108562 27.684025148547637
      vertex 60.14565835893154 18.639350540935993 27.684025148547637
    endloop
  endfacet
  facet normal 0 0 1
    outer loop
      vertex 59.59916848689318 18.304461114108562 27.684025148547637
      vertex 59.6808961853385 18.19197254627943 27.684025148547637
      vertex 60.14565835893154 18.639350540935993 27.684025148547637
    endloop
  endfacet
  facet normal 0 0 1
    outer loop
      vertex 59.6808961853385 18.19197254627943 27.684025148547637
      vertex 60.20878275483847 18.51546184718609 27.684025148547637
      vertex 60.14565835893154 18.639350540935993 27.684025148547637
    endloop
  endfacet
  facet normal 0 0 1
    outer loop
      vertex 60.20878275483847 18.51546184718609 27.684025148547637
      vertex 60.73780816048384 18.884627021849155 27.684025148547637
      vertex 60.14565835893154 18.639350540935993 27.684025148547637
    endloop
  endfacet
  facet normal -0.38268343523317805 0.9238795313232857 0
    outer loop
      vertex 60.14565835893154 18.639350540935993 27.40263548302419
      vertex 60.14565835893154 18.639350540935993 27.684025148547637
      vertex 60.73780816048384 18.884627021849155 27.40263548302419
    endloop
  endfacet
  facet normal -0.38268343523317805 0.9238795313232857 0
    outer loop
      vertex 60.14565835893154 18.639350540935993 27.684025148547637
      vertex 60.73780816048384 18.884627021849155 27.684025148547637
      vertex 60.73780816048384 18.884627021849155 27.40263548302419
    endloop
  endfacet
  facet normal 0 0 1
    outer loop
      vertex 60.20878275483847 18.51546184718609 27.684025148547637
      vertex 60.78077497333288 18.752388790249825 27.684025148547637
      vertex 60.73780816048384 18.884627021849155 27.684025148547637
    endloop
  endfacet
  facet normal 0 0 1
    outer loop
      vertex 60.78077497333288 18.752388790249825 27.684025148547637
      vertex 61.3827885761857 18.896919459104538 27.684025148547637
      vertex 60.73780816048384 18.884627021849155 27.684025148547637
    endloop
  endfacet
  facet normal -0.23344536394749058 0.9723699203756889 0
    outer loop
      vertex 60.73780816048384 18.884627021849155 27.40263548302419
      vertex 60.73780816048384 18.884627021849155 27.684025148547637
      vertex 61.361037366092205 19.034251116216183 27.40263548302419
    endloop
  endfacet
  facet normal -0.23344536394749058 0.9723699203756889 0
    outer loop
      vertex 61.361037366092205 19.034251116216183 27.40263548302419
      vertex 60.73780816048384 18.884627021849155 27.684025148547637
      vertex 61.361037366092205 19.034251116216183 27.684025148547637
    endloop
  endfacet
  facet normal 0 0 1
    outer loop
      vertex 60.73780816048384 18.884627021849155 27.684025148547637
      vertex 62 19.08453856408596 27.684025148547637
      vertex 61.361037366092205 19.034251116216183 27.684025148547637
    endloop
  endfacet
  facet normal -0.07845909260194417 0.9969173339791417 0
    outer loop
      vertex 61.361037366092205 19.034251116216183 27.40263548302419
      vertex 61.361037366092205 19.034251116216183 27.684025148547637
      vertex 62 19.08453856408596 27.40263548302419
    endloop
  endfacet
  facet normal 0 0 1
    outer loop
      vertex 60.73780816048384 18.884627021849155 27.684025148547637
      vertex 61.3827885761857 18.896919459104538 27.684025148547637
      vertex 62.638962633907795 19.034251116216183 27.684025148547637
    endloop
  endfacet
  facet normal 0 0 1
    outer loop
      vertex 60.73780816048384 18.884627021849155 27.684025148547637
      vertex 62.638962633907795 19.034251116216183 27.684025148547637
      vertex 62 19.08453856408596 27.684025148547637
    endloop
  endfacet
  facet normal -0.07845909260194417 0.9969173339791417 0
    outer loop
      vertex 61.361037366092205 19.034251116216183 27.684025148547637
      vertex 62 19.08453856408596 27.684025148547637
      vertex 62 19.08453856408596 27.40263548302419
    endloop
  endfacet
  facet normal 0.07845909260194417 -0.9969173339791417 0
    outer loop
      vertex 62 10.91546143591404 27.40263548302419
      vertex 62.638962633907795 10.965748883783817 27.684025148547637
      vertex 62 10.91546143591404 27.684025148547637
    endloop
  endfacet
  facet normal 0 0 1
    outer loop
      vertex 61.361037366092205 10.965748883783817 27.684025148547637
      vertex 62 10.91546143591404 27.684025148547637
      vertex 63.26219183951616 11.115372978150845 27.684025148547637
    endloop
  endfacet
  facet normal 0.07845909260194417 -0.9969173339791417 0
    outer loop
      vertex 62 10.91546143591404 27.40263548302419
      vertex 62.638962633907795 10.965748883783817 27.40263548302419
      vertex 62.638962633907795 10.965748883783817 27.684025148547637
    endloop
  endfacet
  facet normal 0 0 1
    outer loop
      vertex 61.361037366092205 10.965748883783817 27.684025148547637
      vertex 63.26219183951616 11.115372978150845 27.684025148547637
      vertex 62.6172114238143 11.103080540895462 27.684025148547637
    endloop
  endfacet
  facet normal 0 0 1
    outer loop
      vertex 62 10.91546143591404 27.684025148547637
      vertex 62.638962633907795 10.965748883783817 27.684025148547637
      vertex 63.26219183951616 11.115372978150845 27.684025148547637
    endloop
  endfacet
  facet normal 0.23344536394749058 -0.9723699203756889 0
    outer loop
      vertex 62.638962633907795 10.965748883783817 27.40263548302419
      vertex 63.26219183951616 11.115372978150845 27.684025148547637
      vertex 62.638962633907795 10.965748883783817 27.684025148547637
    endloop
  endfacet
  facet normal 0.23344536394749058 -0.9723699203756889 0
    outer loop
      vertex 62.638962633907795 10.965748883783817 27.40263548302419
      vertex 63.26219183951616 11.115372978150845 27.40263548302419
      vertex 63.26219183951616 11.115372978150845 27.684025148547637
    endloop
  endfacet
  facet normal 0 0 1
    outer loop
      vertex 62.6172114238143 11.103080540895462 27.684025148547637
      vertex 63.26219183951616 11.115372978150845 27.684025148547637
      vertex 63.21922502666712 11.247611209750175 27.684025148547637
    endloop
  endfacet
  facet normal 0.38268343523317805 -0.9238795313232857 0
    outer loop
      vertex 63.26219183951616 11.115372978150845 27.40263548302419
      vertex 63.85434164106846 11.360649459064007 27.684025148547637
      vertex 63.26219183951616 11.115372978150845 27.684025148547637
    endloop
  endfacet
  facet normal 0 0 1
    outer loop
      vertex 63.26219183951616 11.115372978150845 27.684025148547637
      vertex 63.79121724516153 11.484538152813911 27.684025148547637
      vertex 63.21922502666712 11.247611209750175 27.684025148547637
    endloop
  endfacet
  facet normal 0.38268343523317805 -0.9238795313232857 0
    outer loop
      vertex 63.26219183951616 11.115372978150845 27.40263548302419
      vertex 63.85434164106846 11.360649459064007 27.40263548302419
      vertex 63.85434164106846 11.360649459064007 27.684025148547637
    endloop
  endfacet
  facet normal 0 0 1
    outer loop
      vertex 63.26219183951616 11.115372978150845 27.684025148547637
      vertex 63.85434164106846 11.360649459064007 27.684025148547637
      vertex 63.79121724516153 11.484538152813911 27.684025148547637
    endloop
  endfacet
  facet normal 0 0 1
    outer loop
      vertex 63.85434164106846 11.360649459064007 27.684025148547637
      vertex 64.3191038146615 11.80802745372057 27.684025148547637
      vertex 63.79121724516153 11.484538152813911 27.684025148547637
    endloop
  endfacet
  facet normal 0.5224985675877202 -0.8526401625942686 0
    outer loop
      vertex 63.85434164106846 11.360649459064007 27.40263548302419
      vertex 64.40083151310682 11.695538885891438 27.684025148547637
      vertex 63.85434164106846 11.360649459064007 27.684025148547637
    endloop
  endfacet
  facet normal 0 0 1
    outer loop
      vertex 63.85434164106846 11.360649459064007 27.684025148547637
      vertex 64.40083151310682 11.695538885891438 27.684025148547637
      vertex 64.3191038146615 11.80802745372057 27.684025148547637
    endloop
  endfacet
  facet normal 0.5224985675877202 -0.8526401625942686 0
    outer loop
      vertex 63.85434164106846 11.360649459064007 27.40263548302419
      vertex 64.40083151310682 11.695538885891438 27.40263548302419
      vertex 64.40083151310682 11.695538885891438 27.684025148547637
    endloop
  endfacet
  facet normal 0 0 1
    outer loop
      vertex 64.3191038146615 11.80802745372057 27.684025148547637
      vertex 64.40083151310682 11.695538885891438 27.684025148547637
      vertex 64.78988630324602 12.210113696753979 27.684025148547637
    endloop
  endfacet
  facet normal 0.6494480478528912 -0.7604059660076773 0
    outer loop
      vertex 64.40083151310682 11.695538885891438 27.40263548302419
      vertex 64.88820490986109 12.111795090138912 27.684025148547637
      vertex 64.40083151310682 11.695538885891438 27.684025148547637
    endloop
  endfacet
  facet normal 0 0 1
    outer loop
      vertex 64.40083151310682 11.695538885891438 27.684025148547637
      vertex 64.88820490986109 12.111795090138912 27.684025148547637
      vertex 64.78988630324602 12.210113696753979 27.684025148547637
    endloop
  endfacet
  facet normal 0.6494480478528912 -0.7604059660076773 0
    outer loop
      vertex 64.40083151310682 11.695538885891438 27.40263548302419
      vertex 64.88820490986109 12.111795090138912 27.40263548302419
      vertex 64.88820490986109 12.111795090138912 27.684025148547637
    endloop
  endfacet
  facet normal 0.7604059660076773 -0.6494480478528912 0
    outer loop
      vertex 64.88820490986109 12.111795090138912 27.40263548302419
      vertex 65.30446111410856 12.599168486893177 27.684025148547637
      vertex 64.88820490986109 12.111795090138912 27.684025148547637
    endloop
  endfacet
  facet normal 0 0 1
    outer loop
      vertex 64.78988630324602 12.210113696753979 27.684025148547637
      vertex 64.88820490986109 12.111795090138912 27.684025148547637
      vertex 65.19197254627943 12.680896185338497 27.684025148547637
    endloop
  endfacet
  facet normal 0.7604059660076773 -0.6494480478528912 0
    outer loop
      vertex 64.88820490986109 12.111795090138912 27.40263548302419
      vertex 65.30446111410856 12.599168486893177 27.40263548302419
      vertex 65.30446111410856 12.599168486893177 27.684025148547637
    endloop
  endfacet
  facet normal 0 0 1
    outer loop
      vertex 64.88820490986109 12.111795090138912 27.684025148547637
      vertex 65.30446111410856 12.599168486893177 27.684025148547637
      vertex 65.19197254627943 12.680896185338497 27.684025148547637
    endloop
  endfacet
  facet normal 0 0 1
    outer loop
      vertex 65.30446111410856 12.599168486893177 27.684025148547637
      vertex 65.51546184718609 13.208782754838467 27.684025148547637
      vertex 65.19197254627943 12.680896185338497 27.684025148547637
    endloop
  endfacet
  facet normal 0.8526401625942686 -0.5224985675877202 0
    outer loop
      vertex 65.30446111410856 12.599168486893177 27.40263548302419
      vertex 65.639350540936 13.145658358931541 27.684025148547637
      vertex 65.30446111410856 12.599168486893177 27.684025148547637
    endloop
  endfacet
  facet normal 0.8526401625942686 -0.5224985675877202 0
    outer loop
      vertex 65.30446111410856 12.599168486893177 27.40263548302419
      vertex 65.639350540936 13.145658358931541 27.40263548302419
      vertex 65.639350540936 13.145658358931541 27.684025148547637
    endloop
  endfacet
  facet normal 0 0 1
    outer loop
      vertex 65.30446111410856 12.599168486893177 27.684025148547637
      vertex 65.639350540936 13.145658358931541 27.684025148547637
      vertex 65.51546184718609 13.208782754838467 27.684025148547637
    endloop
  endfacet
  facet normal 0 0 1
    outer loop
      vertex 65.51546184718609 13.208782754838467 27.684025148547637
      vertex 65.639350540936 13.145658358931541 27.684025148547637
      vertex 65.75238879024982 13.780774973332882 27.684025148547637
    endloop
  endfacet
  facet normal 0.9238795313232857 -0.38268343523317805 0
    outer loop
      vertex 65.639350540936 13.145658358931541 27.40263548302419
      vertex 65.88462702184916 13.737808160483837 27.684025148547637
      vertex 65.639350540936 13.145658358931541 27.684025148547637
    endloop
  endfacet
  facet normal 0.9238795313232857 -0.38268343523317805 0
    outer loop
      vertex 65.639350540936 13.145658358931541 27.40263548302419
      vertex 65.88462702184916 13.737808160483837 27.40263548302419
      vertex 65.88462702184916 13.737808160483837 27.684025148547637
    endloop
  endfacet
  facet normal 0 0 1
    outer loop
      vertex 65.639350540936 13.145658358931541 27.684025148547637
      vertex 65.88462702184916 13.737808160483837 27.684025148547637
      vertex 65.75238879024982 13.780774973332882 27.684025148547637
    endloop
  endfacet
  facet normal 0 0 1
    outer loop
      vertex 65.75238879024982 13.780774973332882 27.684025148547637
      vertex 65.88462702184916 13.737808160483837 27.684025148547637
      vertex 65.89691945910454 14.382788576185703 27.684025148547637
    endloop
  endfacet
  facet normal 0.9723699203756889 -0.23344536394749058 0
    outer loop
      vertex 65.88462702184916 13.737808160483837 27.40263548302419
      vertex 66.03425111621618 14.361037366092205 27.684025148547637
      vertex 65.88462702184916 13.737808160483837 27.684025148547637
    endloop
  endfacet
  facet normal 0.9723699203756889 -0.23344536394749058 0
    outer loop
      vertex 65.88462702184916 13.737808160483837 27.40263548302419
      vertex 66.03425111621618 14.361037366092205 27.40263548302419
      vertex 66.03425111621618 14.361037366092205 27.684025148547637
    endloop
  endfacet
  facet normal 0 0 1
    outer loop
      vertex 65.88462702184916 13.737808160483837 27.684025148547637
      vertex 66.03425111621618 14.361037366092205 27.684025148547637
      vertex 65.89691945910454 14.382788576185703 27.684025148547637
    endloop
  endfacet
  facet normal 0.9969173339791417 -0.07845909260194417 0
    outer loop
      vertex 66.03425111621618 14.361037366092205 27.40263548302419
      vertex 66.08453856408596 15 27.684025148547637
      vertex 66.03425111621618 14.361037366092205 27.684025148547637
    endloop
  endfacet
  facet normal 0 0 1
    outer loop
      vertex 65.89691945910454 14.382788576185703 27.684025148547637
      vertex 66.03425111621618 14.361037366092205 27.684025148547637
      vertex 65.94549505412579 15 27.684025148547637
    endloop
  endfacet
  facet normal 0 0 1
    outer loop
      vertex 66.03425111621618 14.361037366092205 27.684025148547637
      vertex 66.08453856408596 15 27.684025148547637
      vertex 65.94549505412579 15 27.684025148547637
    endloop
  endfacet
  facet normal 0.9969173339791417 -0.07845909260194417 0
    outer loop
      vertex 66.03425111621618 14.361037366092205 27.40263548302419
      vertex 66.08453856408596 15 27.40263548302419
      vertex 66.08453856408596 15 27.684025148547637
    endloop
  endfacet
  facet normal 0 0 1
    outer loop
      vertex 61.3827885761857 18.896919459104538 27.684025148547637
      vertex 62 18.945495054125786 27.684025148547637
      vertex 62.638962633907795 19.034251116216183 27.684025148547637
    endloop
  endfacet
  facet normal 0.07845909260194417 0.9969173339791417 0
    outer loop
      vertex 62.638962633907795 19.034251116216183 27.40263548302419
      vertex 62 19.08453856408596 27.684025148547637
      vertex 62.638962633907795 19.034251116216183 27.684025148547637
    endloop
  endfacet
  facet normal 0 0 1
    outer loop
      vertex 62 18.945495054125786 27.684025148547637
      vertex 62.6172114238143 18.896919459104538 27.684025148547637
      vertex 62.638962633907795 19.034251116216183 27.684025148547637
    endloop
  endfacet
  facet normal 0 0 1
    outer loop
      vertex 62.6172114238143 18.896919459104538 27.684025148547637
      vertex 63.26219183951616 18.884627021849155 27.684025148547637
      vertex 62.638962633907795 19.034251116216183 27.684025148547637
    endloop
  endfacet
  facet normal 0.23344536394749058 0.9723699203756889 0
    outer loop
      vertex 62.638962633907795 19.034251116216183 27.40263548302419
      vertex 62.638962633907795 19.034251116216183 27.684025148547637
      vertex 63.26219183951616 18.884627021849155 27.40263548302419
    endloop
  endfacet
  facet normal 0 0 1
    outer loop
      vertex 62.6172114238143 18.896919459104538 27.684025148547637
      vertex 63.21922502666712 18.752388790249825 27.684025148547637
      vertex 63.26219183951616 18.884627021849155 27.684025148547637
    endloop
  endfacet
  facet normal 0.23344536394749058 0.9723699203756889 0
    outer loop
      vertex 63.26219183951616 18.884627021849155 27.40263548302419
      vertex 62.638962633907795 19.034251116216183 27.684025148547637
      vertex 63.26219183951616 18.884627021849155 27.684025148547637
    endloop
  endfacet
  facet normal 0.07845909260194417 0.9969173339791417 0
    outer loop
      vertex 62.638962633907795 19.034251116216183 27.40263548302419
      vertex 62 19.08453856408596 27.40263548302419
      vertex 62 19.08453856408596 27.684025148547637
    endloop
  endfacet
  facet normal 0 0 1
    outer loop
      vertex 63.21922502666712 18.752388790249825 27.684025148547637
      vertex 63.79121724516153 18.51546184718609 27.684025148547637
      vertex 63.85434164106846 18.639350540935993 27.684025148547637
    endloop
  endfacet
  facet normal 0.38268343523317805 0.9238795313232857 0
    outer loop
      vertex 63.26219183951616 18.884627021849155 27.40263548302419
      vertex 63.26219183951616 18.884627021849155 27.684025148547637
      vertex 63.85434164106846 18.639350540935993 27.40263548302419
    endloop
  endfacet
  facet normal 0 0 1
    outer loop
      vertex 63.21922502666712 18.752388790249825 27.684025148547637
      vertex 63.85434164106846 18.639350540935993 27.684025148547637
      vertex 63.26219183951616 18.884627021849155 27.684025148547637
    endloop
  endfacet
  facet normal 0.38268343523317805 0.9238795313232857 0
    outer loop
      vertex 63.26219183951616 18.884627021849155 27.684025148547637
      vertex 63.85434164106846 18.639350540935993 27.684025148547637
      vertex 63.85434164106846 18.639350540935993 27.40263548302419
    endloop
  endfacet
  facet normal 0 0 1
    outer loop
      vertex 63.79121724516153 18.51546184718609 27.684025148547637
      vertex 64.40083151310682 18.304461114108562 27.684025148547637
      vertex 63.85434164106846 18.639350540935993 27.684025148547637
    endloop
  endfacet
  facet normal 0 0 1
    outer loop
      vertex 63.79121724516153 18.51546184718609 27.684025148547637
      vertex 64.3191038146615 18.19197254627943 27.684025148547637
      vertex 64.40083151310682 18.304461114108562 27.684025148547637
    endloop
  endfacet
  facet normal 0 0 1
    outer loop
      vertex 64.3191038146615 18.19197254627943 27.684025148547637
      vertex 64.78988630324602 17.78988630324602 27.684025148547637
      vertex 64.88820490986109 17.888204909861088 27.684025148547637
    endloop
  endfacet
  facet normal 0.6494480478528912 0.7604059660076773 0
    outer loop
      vertex 64.40083151310682 18.304461114108562 27.40263548302419
      vertex 64.40083151310682 18.304461114108562 27.684025148547637
      vertex 64.88820490986109 17.888204909861088 27.40263548302419
    endloop
  endfacet
  facet normal 0 0 1
    outer loop
      vertex 64.3191038146615 18.19197254627943 27.684025148547637
      vertex 64.88820490986109 17.888204909861088 27.684025148547637
      vertex 64.40083151310682 18.304461114108562 27.684025148547637
    endloop
  endfacet
  facet normal 0.5224985675877202 0.8526401625942686 0
    outer loop
      vertex 63.85434164106846 18.639350540935993 27.40263548302419
      vertex 63.85434164106846 18.639350540935993 27.684025148547637
      vertex 64.40083151310682 18.304461114108562 27.40263548302419
    endloop
  endfacet
  facet normal 0.5224985675877202 0.8526401625942686 0
    outer loop
      vertex 64.40083151310682 18.304461114108562 27.40263548302419
      vertex 63.85434164106846 18.639350540935993 27.684025148547637
      vertex 64.40083151310682 18.304461114108562 27.684025148547637
    endloop
  endfacet
  facet normal 0 0 1
    outer loop
      vertex 65.94549505412579 15 27.684025148547637
      vertex 66.08453856408596 15 27.684025148547637
      vertex 65.89691945910454 15.617211423814297 27.684025148547637
    endloop
  endfacet
  facet normal 0.9969173339791417 0.07845909260194417 0
    outer loop
      vertex 66.03425111621618 15.638962633907795 27.40263548302419
      vertex 66.03425111621618 15.638962633907795 27.684025148547637
      vertex 66.08453856408596 15 27.40263548302419
    endloop
  endfacet
  facet normal 0 0 1
    outer loop
      vertex 65.89691945910454 15.617211423814297 27.684025148547637
      vertex 66.08453856408596 15 27.684025148547637
      vertex 66.03425111621618 15.638962633907795 27.684025148547637
    endloop
  endfacet
  facet normal 0 0 1
    outer loop
      vertex 65.89691945910454 15.617211423814297 27.684025148547637
      vertex 66.03425111621618 15.638962633907795 27.684025148547637
      vertex 65.75238879024982 16.219225026667118 27.684025148547637
    endloop
  endfacet
  facet normal 0.9723699203756889 0.23344536394749058 0
    outer loop
      vertex 66.03425111621618 15.638962633907795 27.40263548302419
      vertex 65.88462702184916 16.262191839516163 27.684025148547637
      vertex 66.03425111621618 15.638962633907795 27.684025148547637
    endloop
  endfacet
  facet normal 0.9723699203756889 0.23344536394749058 0
    outer loop
      vertex 66.03425111621618 15.638962633907795 27.40263548302419
      vertex 65.88462702184916 16.262191839516163 27.40263548302419
      vertex 65.88462702184916 16.262191839516163 27.684025148547637
    endloop
  endfacet
  facet normal 0 0 1
    outer loop
      vertex 66.03425111621618 15.638962633907795 27.684025148547637
      vertex 65.88462702184916 16.262191839516163 27.684025148547637
      vertex 65.75238879024982 16.219225026667118 27.684025148547637
    endloop
  endfacet
  facet normal 0 0 1
    outer loop
      vertex 65.30446111410856 17.400831513106823 27.684025148547637
      vertex 64.88820490986109 17.888204909861088 27.684025148547637
      vertex 64.78988630324602 17.78988630324602 27.684025148547637
    endloop
  endfacet
  facet normal 0 0 1
    outer loop
      vertex 65.19197254627943 17.319103814661503 27.684025148547637
      vertex 65.30446111410856 17.400831513106823 27.684025148547637
      vertex 64.78988630324602 17.78988630324602 27.684025148547637
    endloop
  endfacet
  facet normal 0.7604059660076773 0.6494480478528912 0
    outer loop
      vertex 65.30446111410856 17.400831513106823 27.40263548302419
      vertex 64.88820490986109 17.888204909861088 27.684025148547637
      vertex 65.30446111410856 17.400831513106823 27.684025148547637
    endloop
  endfacet
  facet normal 0 0 1
    outer loop
      vertex 65.88462702184916 16.262191839516163 27.684025148547637
      vertex 65.639350540936 16.85434164106846 27.684025148547637
      vertex 65.51546184718609 16.791217245161533 27.684025148547637
    endloop
  endfacet
  facet normal 0 0 1
    outer loop
      vertex 65.19197254627943 17.319103814661503 27.684025148547637
      vertex 65.51546184718609 16.791217245161533 27.684025148547637
      vertex 65.639350540936 16.85434164106846 27.684025148547637
    endloop
  endfacet
  facet normal 0.9238795313232857 0.38268343523317805 0
    outer loop
      vertex 65.88462702184916 16.262191839516163 27.40263548302419
      vertex 65.639350540936 16.85434164106846 27.684025148547637
      vertex 65.88462702184916 16.262191839516163 27.684025148547637
    endloop
  endfacet
  facet normal 0 0 1
    outer loop
      vertex 65.75238879024982 16.219225026667118 27.684025148547637
      vertex 65.88462702184916 16.262191839516163 27.684025148547637
      vertex 65.51546184718609 16.791217245161533 27.684025148547637
    endloop
  endfacet
  facet normal 0.9238795313232857 0.38268343523317805 0
    outer loop
      vertex 65.88462702184916 16.262191839516163 27.40263548302419
      vertex 65.639350540936 16.85434164106846 27.40263548302419
      vertex 65.639350540936 16.85434164106846 27.684025148547637
    endloop
  endfacet
  facet normal 0.8526401625942686 0.5224985675877202 0
    outer loop
      vertex 65.639350540936 16.85434164106846 27.40263548302419
      vertex 65.30446111410856 17.400831513106823 27.684025148547637
      vertex 65.639350540936 16.85434164106846 27.684025148547637
    endloop
  endfacet
  facet normal 0 0 1
    outer loop
      vertex 65.19197254627943 17.319103814661503 27.684025148547637
      vertex 65.639350540936 16.85434164106846 27.684025148547637
      vertex 65.30446111410856 17.400831513106823 27.684025148547637
    endloop
  endfacet
  facet normal 0.8526401625942686 0.5224985675877202 0
    outer loop
      vertex 65.30446111410856 17.400831513106823 27.40263548302419
      vertex 65.30446111410856 17.400831513106823 27.684025148547637
      vertex 65.639350540936 16.85434164106846 27.40263548302419
    endloop
  endfacet
  facet normal 0.9969173339791417 0.07845909260194417 0
    outer loop
      vertex 66.03425111621618 15.638962633907795 27.684025148547637
      vertex 66.08453856408596 15 27.684025148547637
      vertex 66.08453856408596 15 27.40263548302419
    endloop
  endfacet
  facet normal 0.6494480478528912 0.7604059660076773 0
    outer loop
      vertex 64.40083151310682 18.304461114108562 27.684025148547637
      vertex 64.88820490986109 17.888204909861088 27.684025148547637
      vertex 64.88820490986109 17.888204909861088 27.40263548302419
    endloop
  endfacet
  facet normal 0.7604059660076773 0.6494480478528912 0
    outer loop
      vertex 65.30446111410856 17.400831513106823 27.40263548302419
      vertex 64.88820490986109 17.888204909861088 27.40263548302419
      vertex 64.88820490986109 17.888204909861088 27.684025148547637
    endloop
  endfacet
  facet normal -0.8526401679026102 -0.5224985589252937 0
    outer loop
      vertex 58.48453815281391 13.208782754838467 27.684025148547637
      vertex 58.80802745372057 12.680896185338497 27.684025148547637
      vertex 58.48453815281391 13.208782754838467 27.943355349529405
    endloop
  endfacet
  facet normal -0.9238795276050563 -0.3826834442097775 0
    outer loop
      vertex 58.48453815281391 13.208782754838467 27.684025148547637
      vertex 58.48453815281391 13.208782754838467 27.943355349529405
      vertex 58.247611209750175 13.780774973332882 27.943355349529405
    endloop
  endfacet
  facet normal -0.9238795276050563 -0.3826834442097775 0
    outer loop
      vertex 58.48453815281391 13.208782754838467 27.684025148547637
      vertex 58.247611209750175 13.780774973332882 27.943355349529405
      vertex 58.247611209750175 13.780774973332882 27.684025148547637
    endloop
  endfacet
  facet normal 0 0 1
    outer loop
      vertex 58.65126423537731 13.293733984231949 27.943355349529405
      vertex 58.42557393014431 13.838598564267159 27.943355349529405
      vertex 58.247611209750175 13.780774973332882 27.943355349529405
    endloop
  endfacet
  facet normal 0 0 1
    outer loop
      vertex 58.48453815281391 13.208782754838467 27.943355349529405
      vertex 58.65126423537731 13.293733984231949 27.943355349529405
      vertex 58.247611209750175 13.780774973332882 27.943355349529405
    endloop
  endfacet
  facet normal -0.7604059556461353 -0.649448059984698 0
    outer loop
      vertex 59.21011369675398 12.210113696753979 27.684025148547637
      vertex 58.80802745372057 12.680896185338497 27.943355349529405
      vertex 58.80802745372057 12.680896185338497 27.684025148547637
    endloop
  endfacet
  facet normal -0.8526401679026102 -0.5224985589252937 0
    outer loop
      vertex 58.48453815281391 13.208782754838467 27.943355349529405
      vertex 58.80802745372057 12.680896185338497 27.684025148547637
      vertex 58.80802745372057 12.680896185338497 27.943355349529405
    endloop
  endfacet
  facet normal 0 0 1
    outer loop
      vertex 58.48453815281391 13.208782754838467 27.943355349529405
      vertex 58.80802745372057 12.680896185338497 27.943355349529405
      vertex 58.95941158384085 12.79088320583105 27.943355349529405
    endloop
  endfacet
  facet normal -0.7604059556461353 -0.649448059984698 0
    outer loop
      vertex 59.21011369675398 12.210113696753979 27.684025148547637
      vertex 59.21011369675398 12.210113696753979 27.943355349529405
      vertex 58.80802745372057 12.680896185338497 27.943355349529405
    endloop
  endfacet
  facet normal 0 0 1
    outer loop
      vertex 59.21011369675398 12.210113696753979 27.943355349529405
      vertex 59.34242828190327 12.342428281903267 27.943355349529405
      vertex 58.80802745372057 12.680896185338497 27.943355349529405
    endloop
  endfacet
  facet normal 0 0 1
    outer loop
      vertex 58.80802745372057 12.680896185338497 27.943355349529405
      vertex 59.34242828190327 12.342428281903267 27.943355349529405
      vertex 58.95941158384085 12.79088320583105 27.943355349529405
    endloop
  endfacet
  facet normal 0 0 1
    outer loop
      vertex 58.48453815281391 13.208782754838467 27.943355349529405
      vertex 58.95941158384085 12.79088320583105 27.943355349529405
      vertex 58.65126423537731 13.293733984231949 27.943355349529405
    endloop
  endfacet
  facet normal -0.9723699240155298 -0.23344534878646184 0
    outer loop
      vertex 58.247611209750175 13.780774973332882 27.684025148547637
      vertex 58.247611209750175 13.780774973332882 27.943355349529405
      vertex 58.10308054089546 14.382788576185703 27.943355349529405
    endloop
  endfacet
  facet normal 0 0 1
    outer loop
      vertex 58.247611209750175 13.780774973332882 27.943355349529405
      vertex 58.42557393014431 13.838598564267159 27.943355349529405
      vertex 58.10308054089546 14.382788576185703 27.943355349529405
    endloop
  endfacet
  facet normal -0.9723699240155298 -0.23344534878646184 0
    outer loop
      vertex 58.247611209750175 13.780774973332882 27.684025148547637
      vertex 58.10308054089546 14.382788576185703 27.943355349529405
      vertex 58.10308054089546 14.382788576185703 27.684025148547637
    endloop
  endfacet
  facet normal 0 0 1
    outer loop
      vertex 58.42557393014431 13.838598564267159 27.943355349529405
      vertex 58.28789784014225 14.412060759961605 27.943355349529405
      vertex 58.10308054089546 14.382788576185703 27.943355349529405
    endloop
  endfacet
  facet normal -0.9969173334178675 -0.07845909973360889 0
    outer loop
      vertex 58.10308054089546 14.382788576185703 27.684025148547637
      vertex 58.10308054089546 14.382788576185703 27.943355349529405
      vertex 58.054504945874214 15 27.943355349529405
    endloop
  endfacet
  facet normal 0 0 1
    outer loop
      vertex 58.10308054089546 14.382788576185703 27.943355349529405
      vertex 58.28789784014225 14.412060759961605 27.943355349529405
      vertex 58.054504945874214 15 27.943355349529405
    endloop
  endfacet
  facet normal -0.9969173334178675 -0.07845909973360889 0
    outer loop
      vertex 58.10308054089546 14.382788576185703 27.684025148547637
      vertex 58.054504945874214 15 27.943355349529405
      vertex 58.054504945874214 15 27.684025148547637
    endloop
  endfacet
  facet normal 0 0 1
    outer loop
      vertex 58.28789784014225 14.412060759961605 27.943355349529405
      vertex 58.241626016795635 15 27.943355349529405
      vertex 58.054504945874214 15 27.943355349529405
    endloop
  endfacet
  facet normal -0.649448059984698 -0.7604059556461353 0
    outer loop
      vertex 59.21011369675398 12.210113696753979 27.943355349529405
      vertex 59.6808961853385 11.80802745372057 27.684025148547637
      vertex 59.6808961853385 11.80802745372057 27.943355349529405
    endloop
  endfacet
  facet normal -0.649448059984698 -0.7604059556461353 0
    outer loop
      vertex 59.21011369675398 12.210113696753979 27.684025148547637
      vertex 59.6808961853385 11.80802745372057 27.684025148547637
      vertex 59.21011369675398 12.210113696753979 27.943355349529405
    endloop
  endfacet
  facet normal 0 0 1
    outer loop
      vertex 59.21011369675398 12.210113696753979 27.943355349529405
      vertex 59.79088320583105 11.959411583840847 27.943355349529405
      vertex 59.34242828190327 12.342428281903267 27.943355349529405
    endloop
  endfacet
  facet normal 0 0 1
    outer loop
      vertex 59.21011369675398 12.210113696753979 27.943355349529405
      vertex 59.6808961853385 11.80802745372057 27.943355349529405
      vertex 59.79088320583105 11.959411583840847 27.943355349529405
    endloop
  endfacet
  facet normal -0.5224985589252937 -0.8526401679026102 0
    outer loop
      vertex 59.6808961853385 11.80802745372057 27.684025148547637
      vertex 60.20878275483847 11.484538152813911 27.684025148547637
      vertex 59.6808961853385 11.80802745372057 27.943355349529405
    endloop
  endfacet
  facet normal 0 0 1
    outer loop
      vertex 59.6808961853385 11.80802745372057 27.943355349529405
      vertex 60.29373398423195 11.651264235377312 27.943355349529405
      vertex 59.79088320583105 11.959411583840847 27.943355349529405
    endloop
  endfacet
  facet normal -0.5224985589252937 -0.8526401679026102 0
    outer loop
      vertex 59.6808961853385 11.80802745372057 27.943355349529405
      vertex 60.20878275483847 11.484538152813911 27.684025148547637
      vertex 60.20878275483847 11.484538152813911 27.943355349529405
    endloop
  endfacet
  facet normal -0.3826834442097775 -0.9238795276050563 0
    outer loop
      vertex 60.20878275483847 11.484538152813911 27.684025148547637
      vertex 60.78077497333288 11.247611209750175 27.684025148547637
      vertex 60.20878275483847 11.484538152813911 27.943355349529405
    endloop
  endfacet
  facet normal 0 0 1
    outer loop
      vertex 60.20878275483847 11.484538152813911 27.943355349529405
      vertex 60.83859856426716 11.42557393014431 27.943355349529405
      vertex 60.29373398423195 11.651264235377312 27.943355349529405
    endloop
  endfacet
  facet normal -0.3826834442097775 -0.9238795276050563 0
    outer loop
      vertex 60.20878275483847 11.484538152813911 27.943355349529405
      vertex 60.78077497333288 11.247611209750175 27.684025148547637
      vertex 60.78077497333288 11.247611209750175 27.943355349529405
    endloop
  endfacet
  facet normal 0 0 1
    outer loop
      vertex 60.20878275483847 11.484538152813911 27.943355349529405
      vertex 60.78077497333288 11.247611209750175 27.943355349529405
      vertex 60.83859856426716 11.42557393014431 27.943355349529405
    endloop
  endfacet
  facet normal 0 0 1
    outer loop
      vertex 59.6808961853385 11.80802745372057 27.943355349529405
      vertex 60.20878275483847 11.484538152813911 27.943355349529405
      vertex 60.29373398423195 11.651264235377312 27.943355349529405
    endloop
  endfacet
  facet normal -0.23344534878646184 -0.9723699240155298 0
    outer loop
      vertex 60.78077497333288 11.247611209750175 27.684025148547637
      vertex 61.3827885761857 11.103080540895462 27.684025148547637
      vertex 60.78077497333288 11.247611209750175 27.943355349529405
    endloop
  endfacet
  facet normal -0.23344534878646184 -0.9723699240155298 0
    outer loop
      vertex 60.78077497333288 11.247611209750175 27.943355349529405
      vertex 61.3827885761857 11.103080540895462 27.684025148547637
      vertex 61.3827885761857 11.103080540895462 27.943355349529405
    endloop
  endfacet
  facet normal 0 0 1
    outer loop
      vertex 60.78077497333288 11.247611209750175 27.943355349529405
      vertex 61.3827885761857 11.103080540895462 27.943355349529405
      vertex 61.412060759961605 11.28789784014225 27.943355349529405
    endloop
  endfacet
  facet normal 0 0 1
    outer loop
      vertex 60.78077497333288 11.247611209750175 27.943355349529405
      vertex 61.412060759961605 11.28789784014225 27.943355349529405
      vertex 60.83859856426716 11.42557393014431 27.943355349529405
    endloop
  endfacet
  facet normal -0.07845909973360889 -0.9969173334178675 0
    outer loop
      vertex 61.3827885761857 11.103080540895462 27.684025148547637
      vertex 62 11.054504945874214 27.684025148547637
      vertex 61.3827885761857 11.103080540895462 27.943355349529405
    endloop
  endfacet
  facet normal 0 0 1
    outer loop
      vertex 61.3827885761857 11.103080540895462 27.943355349529405
      vertex 62 11.241626016795635 27.943355349529405
      vertex 61.412060759961605 11.28789784014225 27.943355349529405
    endloop
  endfacet
  facet normal -0.07845909973360889 -0.9969173334178675 0
    outer loop
      vertex 61.3827885761857 11.103080540895462 27.943355349529405
      vertex 62 11.054504945874214 27.684025148547637
      vertex 62 11.054504945874214 27.943355349529405
    endloop
  endfacet
  facet normal 0 0 1
    outer loop
      vertex 61.3827885761857 11.103080540895462 27.943355349529405
      vertex 62.587939240038395 11.28789784014225 27.943355349529405
      vertex 62 11.241626016795635 27.943355349529405
    endloop
  endfacet
  facet normal -0.9969173334178675 0.07845909973360889 0
    outer loop
      vertex 58.054504945874214 15 27.684025148547637
      vertex 58.054504945874214 15 27.943355349529405
      vertex 58.10308054089546 15.617211423814297 27.943355349529405
    endloop
  endfacet
  facet normal 0 0 1
    outer loop
      vertex 58.054504945874214 15 27.943355349529405
      vertex 58.241626016795635 15 27.943355349529405
      vertex 58.10308054089546 15.617211423814297 27.943355349529405
    endloop
  endfacet
  facet normal -0.9969173334178675 0.07845909973360889 0
    outer loop
      vertex 58.054504945874214 15 27.684025148547637
      vertex 58.10308054089546 15.617211423814297 27.943355349529405
      vertex 58.10308054089546 15.617211423814297 27.684025148547637
    endloop
  endfacet
  facet normal 0 0 1
    outer loop
      vertex 58.241626016795635 15 27.943355349529405
      vertex 58.28789784014225 15.587939240038395 27.943355349529405
      vertex 58.10308054089546 15.617211423814297 27.943355349529405
    endloop
  endfacet
  facet normal -0.9723699240155298 0.23344534878646184 0
    outer loop
      vertex 58.10308054089546 15.617211423814297 27.684025148547637
      vertex 58.10308054089546 15.617211423814297 27.943355349529405
      vertex 58.247611209750175 16.219225026667118 27.943355349529405
    endloop
  endfacet
  facet normal 0 0 1
    outer loop
      vertex 58.10308054089546 15.617211423814297 27.943355349529405
      vertex 58.28789784014225 15.587939240038395 27.943355349529405
      vertex 58.247611209750175 16.219225026667118 27.943355349529405
    endloop
  endfacet
  facet normal -0.9723699240155298 0.23344534878646184 0
    outer loop
      vertex 58.10308054089546 15.617211423814297 27.684025148547637
      vertex 58.247611209750175 16.219225026667118 27.943355349529405
      vertex 58.247611209750175 16.219225026667118 27.684025148547637
    endloop
  endfacet
  facet normal 0 0 1
    outer loop
      vertex 58.28789784014225 15.587939240038395 27.943355349529405
      vertex 58.42557393014431 16.16140143573284 27.943355349529405
      vertex 58.247611209750175 16.219225026667118 27.943355349529405
    endloop
  endfacet
  facet normal -0.9238795276050563 0.3826834442097775 0
    outer loop
      vertex 58.247611209750175 16.219225026667118 27.684025148547637
      vertex 58.247611209750175 16.219225026667118 27.943355349529405
      vertex 58.48453815281391 16.791217245161533 27.943355349529405
    endloop
  endfacet
  facet normal 0 0 1
    outer loop
      vertex 58.247611209750175 16.219225026667118 27.943355349529405
      vertex 58.42557393014431 16.16140143573284 27.943355349529405
      vertex 58.48453815281391 16.791217245161533 27.943355349529405
    endloop
  endfacet
  facet normal -0.9238795276050563 0.3826834442097775 0
    outer loop
      vertex 58.247611209750175 16.219225026667118 27.684025148547637
      vertex 58.48453815281391 16.791217245161533 27.943355349529405
      vertex 58.48453815281391 16.791217245161533 27.684025148547637
    endloop
  endfacet
  facet normal 0 0 1
    outer loop
      vertex 58.42557393014431 16.16140143573284 27.943355349529405
      vertex 58.65126423537731 16.70626601576805 27.943355349529405
      vertex 58.48453815281391 16.791217245161533 27.943355349529405
    endloop
  endfacet
  facet normal -0.8526401679026102 0.5224985589252937 0
    outer loop
      vertex 58.48453815281391 16.791217245161533 27.684025148547637
      vertex 58.48453815281391 16.791217245161533 27.943355349529405
      vertex 58.80802745372057 17.319103814661503 27.943355349529405
    endloop
  endfacet
  facet normal 0 0 1
    outer loop
      vertex 58.48453815281391 16.791217245161533 27.943355349529405
      vertex 58.65126423537731 16.70626601576805 27.943355349529405
      vertex 58.80802745372057 17.319103814661503 27.943355349529405
    endloop
  endfacet
  facet normal -0.8526401679026102 0.5224985589252937 0
    outer loop
      vertex 58.48453815281391 16.791217245161533 27.684025148547637
      vertex 58.80802745372057 17.319103814661503 27.943355349529405
      vertex 58.80802745372057 17.319103814661503 27.684025148547637
    endloop
  endfacet
  facet normal 0 0 1
    outer loop
      vertex 58.65126423537731 16.70626601576805 27.943355349529405
      vertex 58.95941158384085 17.20911679416895 27.943355349529405
      vertex 58.80802745372057 17.319103814661503 27.943355349529405
    endloop
  endfacet
  facet normal -0.7604059556461353 0.649448059984698 0
    outer loop
      vertex 58.80802745372057 17.319103814661503 27.684025148547637
      vertex 58.80802745372057 17.319103814661503 27.943355349529405
      vertex 59.21011369675398 17.78988630324602 27.943355349529405
    endloop
  endfacet
  facet normal 0 0 1
    outer loop
      vertex 58.80802745372057 17.319103814661503 27.943355349529405
      vertex 58.95941158384085 17.20911679416895 27.943355349529405
      vertex 59.21011369675398 17.78988630324602 27.943355349529405
    endloop
  endfacet
  facet normal -0.7604059556461353 0.649448059984698 0
    outer loop
      vertex 58.80802745372057 17.319103814661503 27.684025148547637
      vertex 59.21011369675398 17.78988630324602 27.943355349529405
      vertex 59.21011369675398 17.78988630324602 27.684025148547637
    endloop
  endfacet
  facet normal 0 0 1
    outer loop
      vertex 58.95941158384085 17.20911679416895 27.943355349529405
      vertex 59.34242828190327 17.657571718096733 27.943355349529405
      vertex 59.21011369675398 17.78988630324602 27.943355349529405
    endloop
  endfacet
  facet normal -0.649448059984698 0.7604059556461353 0
    outer loop
      vertex 59.21011369675398 17.78988630324602 27.684025148547637
      vertex 59.21011369675398 17.78988630324602 27.943355349529405
      vertex 59.6808961853385 18.19197254627943 27.943355349529405
    endloop
  endfacet
  facet normal 0 0 1
    outer loop
      vertex 59.21011369675398 17.78988630324602 27.943355349529405
      vertex 59.34242828190327 17.657571718096733 27.943355349529405
      vertex 59.6808961853385 18.19197254627943 27.943355349529405
    endloop
  endfacet
  facet normal 0 0 1
    outer loop
      vertex 59.34242828190327 17.657571718096733 27.943355349529405
      vertex 59.79088320583105 18.040588416159153 27.943355349529405
      vertex 59.6808961853385 18.19197254627943 27.943355349529405
    endloop
  endfacet
  facet normal -0.649448059984698 0.7604059556461353 0
    outer loop
      vertex 59.21011369675398 17.78988630324602 27.684025148547637
      vertex 59.6808961853385 18.19197254627943 27.943355349529405
      vertex 59.6808961853385 18.19197254627943 27.684025148547637
    endloop
  endfacet
  facet normal -0.5224985589252937 0.8526401679026102 0
    outer loop
      vertex 59.6808961853385 18.19197254627943 27.684025148547637
      vertex 59.6808961853385 18.19197254627943 27.943355349529405
      vertex 60.20878275483847 18.51546184718609 27.943355349529405
    endloop
  endfacet
  facet normal 0 0 1
    outer loop
      vertex 59.6808961853385 18.19197254627943 27.943355349529405
      vertex 59.79088320583105 18.040588416159153 27.943355349529405
      vertex 60.20878275483847 18.51546184718609 27.943355349529405
    endloop
  endfacet
  facet normal 0 0 1
    outer loop
      vertex 59.79088320583105 18.040588416159153 27.943355349529405
      vertex 60.29373398423195 18.34873576462269 27.943355349529405
      vertex 60.20878275483847 18.51546184718609 27.943355349529405
    endloop
  endfacet
  facet normal -0.5224985589252937 0.8526401679026102 0
    outer loop
      vertex 59.6808961853385 18.19197254627943 27.684025148547637
      vertex 60.20878275483847 18.51546184718609 27.943355349529405
      vertex 60.20878275483847 18.51546184718609 27.684025148547637
    endloop
  endfacet
  facet normal 0 0 1
    outer loop
      vertex 60.29373398423195 18.34873576462269 27.943355349529405
      vertex 60.83859856426716 18.57442606985569 27.943355349529405
      vertex 60.20878275483847 18.51546184718609 27.943355349529405
    endloop
  endfacet
  facet normal -0.3826834442097775 0.9238795276050563 0
    outer loop
      vertex 60.20878275483847 18.51546184718609 27.684025148547637
      vertex 60.20878275483847 18.51546184718609 27.943355349529405
      vertex 60.78077497333288 18.752388790249825 27.943355349529405
    endloop
  endfacet
  facet normal -0.3826834442097775 0.9238795276050563 0
    outer loop
      vertex 60.20878275483847 18.51546184718609 27.684025148547637
      vertex 60.78077497333288 18.752388790249825 27.943355349529405
      vertex 60.78077497333288 18.752388790249825 27.684025148547637
    endloop
  endfacet
  facet normal 0 0 1
    outer loop
      vertex 60.20878275483847 18.51546184718609 27.943355349529405
      vertex 60.83859856426716 18.57442606985569 27.943355349529405
      vertex 60.78077497333288 18.752388790249825 27.943355349529405
    endloop
  endfacet
  facet normal -0.23344534878646184 0.9723699240155298 0
    outer loop
      vertex 60.78077497333288 18.752388790249825 27.684025148547637
      vertex 60.78077497333288 18.752388790249825 27.943355349529405
      vertex 61.3827885761857 18.896919459104538 27.943355349529405
    endloop
  endfacet
  facet normal 0 0 1
    outer loop
      vertex 60.83859856426716 18.57442606985569 27.943355349529405
      vertex 61.412060759961605 18.71210215985775 27.943355349529405
      vertex 60.78077497333288 18.752388790249825 27.943355349529405
    endloop
  endfacet
  facet normal -0.23344534878646184 0.9723699240155298 0
    outer loop
      vertex 60.78077497333288 18.752388790249825 27.684025148547637
      vertex 61.3827885761857 18.896919459104538 27.943355349529405
      vertex 61.3827885761857 18.896919459104538 27.684025148547637
    endloop
  endfacet
  facet normal 0 0 1
    outer loop
      vertex 60.78077497333288 18.752388790249825 27.943355349529405
      vertex 62 18.945495054125786 27.943355349529405
      vertex 61.3827885761857 18.896919459104538 27.943355349529405
    endloop
  endfacet
  facet normal 0 0 1
    outer loop
      vertex 60.78077497333288 18.752388790249825 27.943355349529405
      vertex 61.412060759961605 18.71210215985775 27.943355349529405
      vertex 62.6172114238143 18.896919459104538 27.943355349529405
    endloop
  endfacet
  facet normal -0.07845909973360889 0.9969173334178675 0
    outer loop
      vertex 61.3827885761857 18.896919459104538 27.684025148547637
      vertex 61.3827885761857 18.896919459104538 27.943355349529405
      vertex 62 18.945495054125786 27.943355349529405
    endloop
  endfacet
  facet normal 0 0 1
    outer loop
      vertex 60.78077497333288 18.752388790249825 27.943355349529405
      vertex 62.6172114238143 18.896919459104538 27.943355349529405
      vertex 62 18.945495054125786 27.943355349529405
    endloop
  endfacet
  facet normal -0.07845909973360889 0.9969173334178675 0
    outer loop
      vertex 61.3827885761857 18.896919459104538 27.684025148547637
      vertex 62 18.945495054125786 27.943355349529405
      vertex 62 18.945495054125786 27.684025148547637
    endloop
  endfacet
  facet normal 0.07845909973360889 -0.9969173334178675 0
    outer loop
      vertex 62 11.054504945874214 27.684025148547637
      vertex 62.6172114238143 11.103080540895462 27.684025148547637
      vertex 62 11.054504945874214 27.943355349529405
    endloop
  endfacet
  facet normal 0 0 1
    outer loop
      vertex 61.3827885761857 11.103080540895462 27.943355349529405
      vertex 62 11.054504945874214 27.943355349529405
      vertex 63.21922502666712 11.247611209750175 27.943355349529405
    endloop
  endfacet
  facet normal 0.07845909973360889 -0.9969173334178675 0
    outer loop
      vertex 62 11.054504945874214 27.943355349529405
      vertex 62.6172114238143 11.103080540895462 27.684025148547637
      vertex 62.6172114238143 11.103080540895462 27.943355349529405
    endloop
  endfacet
  facet normal 0 0 1
    outer loop
      vertex 61.3827885761857 11.103080540895462 27.943355349529405
      vertex 63.21922502666712 11.247611209750175 27.943355349529405
      vertex 62.587939240038395 11.28789784014225 27.943355349529405
    endloop
  endfacet
  facet normal 0 0 1
    outer loop
      vertex 62 11.054504945874214 27.943355349529405
      vertex 62.6172114238143 11.103080540895462 27.943355349529405
      vertex 63.21922502666712 11.247611209750175 27.943355349529405
    endloop
  endfacet
  facet normal 0.23344534878646184 -0.9723699240155298 0
    outer loop
      vertex 62.6172114238143 11.103080540895462 27.684025148547637
      vertex 63.21922502666712 11.247611209750175 27.684025148547637
      vertex 62.6172114238143 11.103080540895462 27.943355349529405
    endloop
  endfacet
  facet normal 0 0 1
    outer loop
      vertex 62.587939240038395 11.28789784014225 27.943355349529405
      vertex 63.21922502666712 11.247611209750175 27.943355349529405
      vertex 63.16140143573284 11.42557393014431 27.943355349529405
    endloop
  endfacet
  facet normal 0.23344534878646184 -0.9723699240155298 0
    outer loop
      vertex 62.6172114238143 11.103080540895462 27.943355349529405
      vertex 63.21922502666712 11.247611209750175 27.684025148547637
      vertex 63.21922502666712 11.247611209750175 27.943355349529405
    endloop
  endfacet
  facet normal 0.3826834442097775 -0.9238795276050563 0
    outer loop
      vertex 63.21922502666712 11.247611209750175 27.684025148547637
      vertex 63.79121724516153 11.484538152813911 27.684025148547637
      vertex 63.21922502666712 11.247611209750175 27.943355349529405
    endloop
  endfacet
  facet normal 0 0 1
    outer loop
      vertex 63.21922502666712 11.247611209750175 27.943355349529405
      vertex 63.79121724516153 11.484538152813911 27.943355349529405
      vertex 63.16140143573284 11.42557393014431 27.943355349529405
    endloop
  endfacet
  facet normal 0.3826834442097775 -0.9238795276050563 0
    outer loop
      vertex 63.21922502666712 11.247611209750175 27.943355349529405
      vertex 63.79121724516153 11.484538152813911 27.684025148547637
      vertex 63.79121724516153 11.484538152813911 27.943355349529405
    endloop
  endfacet
  facet normal 0 0 1
    outer loop
      vertex 63.16140143573284 11.42557393014431 27.943355349529405
      vertex 63.79121724516153 11.484538152813911 27.943355349529405
      vertex 63.70626601576805 11.651264235377312 27.943355349529405
    endloop
  endfacet
  facet normal 0.5224985589252937 -0.8526401679026102 0
    outer loop
      vertex 63.79121724516153 11.484538152813911 27.684025148547637
      vertex 64.3191038146615 11.80802745372057 27.684025148547637
      vertex 63.79121724516153 11.484538152813911 27.943355349529405
    endloop
  endfacet
  facet normal 0 0 1
    outer loop
      vertex 63.79121724516153 11.484538152813911 27.943355349529405
      vertex 64.20911679416895 11.959411583840847 27.943355349529405
      vertex 63.70626601576805 11.651264235377312 27.943355349529405
    endloop
  endfacet
  facet normal 0.5224985589252937 -0.8526401679026102 0
    outer loop
      vertex 63.79121724516153 11.484538152813911 27.943355349529405
      vertex 64.3191038146615 11.80802745372057 27.684025148547637
      vertex 64.3191038146615 11.80802745372057 27.943355349529405
    endloop
  endfacet
  facet normal 0 0 1
    outer loop
      vertex 63.79121724516153 11.484538152813911 27.943355349529405
      vertex 64.3191038146615 11.80802745372057 27.943355349529405
      vertex 64.20911679416895 11.959411583840847 27.943355349529405
    endloop
  endfacet
  facet normal 0.649448059984698 -0.7604059556461353 0
    outer loop
      vertex 64.3191038146615 11.80802745372057 27.684025148547637
      vertex 64.78988630324602 12.210113696753979 27.684025148547637
      vertex 64.3191038146615 11.80802745372057 27.943355349529405
    endloop
  endfacet
  facet normal 0 0 1
    outer loop
      vertex 64.20911679416895 11.959411583840847 27.943355349529405
      vertex 64.3191038146615 11.80802745372057 27.943355349529405
      vertex 64.65757171809673 12.342428281903267 27.943355349529405
    endloop
  endfacet
  facet normal 0.649448059984698 -0.7604059556461353 0
    outer loop
      vertex 64.3191038146615 11.80802745372057 27.943355349529405
      vertex 64.78988630324602 12.210113696753979 27.684025148547637
      vertex 64.78988630324602 12.210113696753979 27.943355349529405
    endloop
  endfacet
  facet normal 0 0 1
    outer loop
      vertex 64.3191038146615 11.80802745372057 27.943355349529405
      vertex 64.78988630324602 12.210113696753979 27.943355349529405
      vertex 64.65757171809673 12.342428281903267 27.943355349529405
    endloop
  endfacet
  facet normal 0 0 1
    outer loop
      vertex 64.65757171809673 12.342428281903267 27.943355349529405
      vertex 64.78988630324602 12.210113696753979 27.943355349529405
      vertex 65.04058841615915 12.79088320583105 27.943355349529405
    endloop
  endfacet
  facet normal 0.7604059556461353 -0.649448059984698 0
    outer loop
      vertex 64.78988630324602 12.210113696753979 27.684025148547637
      vertex 65.19197254627943 12.680896185338497 27.684025148547637
      vertex 64.78988630324602 12.210113696753979 27.943355349529405
    endloop
  endfacet
  facet normal 0 0 1
    outer loop
      vertex 64.78988630324602 12.210113696753979 27.943355349529405
      vertex 65.19197254627943 12.680896185338497 27.943355349529405
      vertex 65.04058841615915 12.79088320583105 27.943355349529405
    endloop
  endfacet
  facet normal 0.7604059556461353 -0.649448059984698 0
    outer loop
      vertex 64.78988630324602 12.210113696753979 27.943355349529405
      vertex 65.19197254627943 12.680896185338497 27.684025148547637
      vertex 65.19197254627943 12.680896185338497 27.943355349529405
    endloop
  endfacet
  facet normal 0 0 1
    outer loop
      vertex 65.04058841615915 12.79088320583105 27.943355349529405
      vertex 65.19197254627943 12.680896185338497 27.943355349529405
      vertex 65.34873576462269 13.293733984231949 27.943355349529405
    endloop
  endfacet
  facet normal 0.8526401679026102 -0.5224985589252937 0
    outer loop
      vertex 65.19197254627943 12.680896185338497 27.684025148547637
      vertex 65.51546184718609 13.208782754838467 27.684025148547637
      vertex 65.19197254627943 12.680896185338497 27.943355349529405
    endloop
  endfacet
  facet normal 0 0 1
    outer loop
      vertex 65.19197254627943 12.680896185338497 27.943355349529405
      vertex 65.51546184718609 13.208782754838467 27.943355349529405
      vertex 65.34873576462269 13.293733984231949 27.943355349529405
    endloop
  endfacet
  facet normal 0.8526401679026102 -0.5224985589252937 0
    outer loop
      vertex 65.19197254627943 12.680896185338497 27.943355349529405
      vertex 65.51546184718609 13.208782754838467 27.684025148547637
      vertex 65.51546184718609 13.208782754838467 27.943355349529405
    endloop
  endfacet
  facet normal 0 0 1
    outer loop
      vertex 65.34873576462269 13.293733984231949 27.943355349529405
      vertex 65.51546184718609 13.208782754838467 27.943355349529405
      vertex 65.57442606985569 13.838598564267159 27.943355349529405
    endloop
  endfacet
  facet normal 0.9238795276050563 -0.3826834442097775 0
    outer loop
      vertex 65.51546184718609 13.208782754838467 27.684025148547637
      vertex 65.75238879024982 13.780774973332882 27.684025148547637
      vertex 65.51546184718609 13.208782754838467 27.943355349529405
    endloop
  endfacet
  facet normal 0.9238795276050563 -0.3826834442097775 0
    outer loop
      vertex 65.51546184718609 13.208782754838467 27.943355349529405
      vertex 65.75238879024982 13.780774973332882 27.684025148547637
      vertex 65.75238879024982 13.780774973332882 27.943355349529405
    endloop
  endfacet
  facet normal 0 0 1
    outer loop
      vertex 65.51546184718609 13.208782754838467 27.943355349529405
      vertex 65.75238879024982 13.780774973332882 27.943355349529405
      vertex 65.57442606985569 13.838598564267159 27.943355349529405
    endloop
  endfacet
  facet normal 0 0 1
    outer loop
      vertex 65.57442606985569 13.838598564267159 27.943355349529405
      vertex 65.75238879024982 13.780774973332882 27.943355349529405
      vertex 65.71210215985775 14.412060759961605 27.943355349529405
    endloop
  endfacet
  facet normal 0.9723699240155298 -0.23344534878646184 0
    outer loop
      vertex 65.75238879024982 13.780774973332882 27.684025148547637
      vertex 65.89691945910454 14.382788576185703 27.684025148547637
      vertex 65.75238879024982 13.780774973332882 27.943355349529405
    endloop
  endfacet
  facet normal 0.9723699240155298 -0.23344534878646184 0
    outer loop
      vertex 65.75238879024982 13.780774973332882 27.943355349529405
      vertex 65.89691945910454 14.382788576185703 27.684025148547637
      vertex 65.89691945910454 14.382788576185703 27.943355349529405
    endloop
  endfacet
  facet normal 0 0 1
    outer loop
      vertex 65.75238879024982 13.780774973332882 27.943355349529405
      vertex 65.89691945910454 14.382788576185703 27.943355349529405
      vertex 65.71210215985775 14.412060759961605 27.943355349529405
    endloop
  endfacet
  facet normal 0 0 1
    outer loop
      vertex 65.71210215985775 14.412060759961605 27.943355349529405
      vertex 65.89691945910454 14.382788576185703 27.943355349529405
      vertex 65.75837398320436 15 27.943355349529405
    endloop
  endfacet
  facet normal 0.9969173334178675 -0.07845909973360889 0
    outer loop
      vertex 65.89691945910454 14.382788576185703 27.684025148547637
      vertex 65.94549505412579 15 27.684025148547637
      vertex 65.89691945910454 14.382788576185703 27.943355349529405
    endloop
  endfacet
  facet normal 0 0 1
    outer loop
      vertex 65.89691945910454 14.382788576185703 27.943355349529405
      vertex 65.94549505412579 15 27.943355349529405
      vertex 65.75837398320436 15 27.943355349529405
    endloop
  endfacet
  facet normal 0.9969173334178675 -0.07845909973360889 0
    outer loop
      vertex 65.89691945910454 14.382788576185703 27.943355349529405
      vertex 65.94549505412579 15 27.684025148547637
      vertex 65.94549505412579 15 27.943355349529405
    endloop
  endfacet
  facet normal 0 0 1
    outer loop
      vertex 61.412060759961605 18.71210215985775 27.943355349529405
      vertex 62 18.758373983204365 27.943355349529405
      vertex 62.6172114238143 18.896919459104538 27.943355349529405
    endloop
  endfacet
  facet normal 0.07845909973360889 0.9969173334178675 0
    outer loop
      vertex 62 18.945495054125786 27.684025148547637
      vertex 62 18.945495054125786 27.943355349529405
      vertex 62.6172114238143 18.896919459104538 27.943355349529405
    endloop
  endfacet
  facet normal 0 0 1
    outer loop
      vertex 62 18.758373983204365 27.943355349529405
      vertex 62.587939240038395 18.71210215985775 27.943355349529405
      vertex 62.6172114238143 18.896919459104538 27.943355349529405
    endloop
  endfacet
  facet normal 0.07845909973360889 0.9969173334178675 0
    outer loop
      vertex 62 18.945495054125786 27.684025148547637
      vertex 62.6172114238143 18.896919459104538 27.943355349529405
      vertex 62.6172114238143 18.896919459104538 27.684025148547637
    endloop
  endfacet
  facet normal 0 0 1
    outer loop
      vertex 62.587939240038395 18.71210215985775 27.943355349529405
      vertex 63.16140143573284 18.57442606985569 27.943355349529405
      vertex 63.21922502666712 18.752388790249825 27.943355349529405
    endloop
  endfacet
  facet normal 0.23344534878646184 0.9723699240155298 0
    outer loop
      vertex 62.6172114238143 18.896919459104538 27.684025148547637
      vertex 62.6172114238143 18.896919459104538 27.943355349529405
      vertex 63.21922502666712 18.752388790249825 27.943355349529405
    endloop
  endfacet
  facet normal 0 0 1
    outer loop
      vertex 62.587939240038395 18.71210215985775 27.943355349529405
      vertex 63.21922502666712 18.752388790249825 27.943355349529405
      vertex 62.6172114238143 18.896919459104538 27.943355349529405
    endloop
  endfacet
  facet normal 0.23344534878646184 0.9723699240155298 0
    outer loop
      vertex 62.6172114238143 18.896919459104538 27.684025148547637
      vertex 63.21922502666712 18.752388790249825 27.943355349529405
      vertex 63.21922502666712 18.752388790249825 27.684025148547637
    endloop
  endfacet
  facet normal 0 0 1
    outer loop
      vertex 63.70626601576805 18.34873576462269 27.943355349529405
      vertex 64.3191038146615 18.19197254627943 27.943355349529405
      vertex 63.79121724516153 18.51546184718609 27.943355349529405
    endloop
  endfacet
  facet normal 0.3826834442097775 0.9238795276050563 0
    outer loop
      vertex 63.21922502666712 18.752388790249825 27.684025148547637
      vertex 63.21922502666712 18.752388790249825 27.943355349529405
      vertex 63.79121724516153 18.51546184718609 27.943355349529405
    endloop
  endfacet
  facet normal 0 0 1
    outer loop
      vertex 63.16140143573284 18.57442606985569 27.943355349529405
      vertex 63.79121724516153 18.51546184718609 27.943355349529405
      vertex 63.21922502666712 18.752388790249825 27.943355349529405
    endloop
  endfacet
  facet normal 0 0 1
    outer loop
      vertex 63.16140143573284 18.57442606985569 27.943355349529405
      vertex 63.70626601576805 18.34873576462269 27.943355349529405
      vertex 63.79121724516153 18.51546184718609 27.943355349529405
    endloop
  endfacet
  facet normal 0.3826834442097775 0.9238795276050563 0
    outer loop
      vertex 63.21922502666712 18.752388790249825 27.684025148547637
      vertex 63.79121724516153 18.51546184718609 27.943355349529405
      vertex 63.79121724516153 18.51546184718609 27.684025148547637
    endloop
  endfacet
  facet normal 0.5224985589252937 0.8526401679026102 0
    outer loop
      vertex 63.79121724516153 18.51546184718609 27.684025148547637
      vertex 63.79121724516153 18.51546184718609 27.943355349529405
      vertex 64.3191038146615 18.19197254627943 27.943355349529405
    endloop
  endfacet
  facet normal 0 0 1
    outer loop
      vertex 63.70626601576805 18.34873576462269 27.943355349529405
      vertex 64.20911679416895 18.040588416159153 27.943355349529405
      vertex 64.3191038146615 18.19197254627943 27.943355349529405
    endloop
  endfacet
  facet normal 0.5224985589252937 0.8526401679026102 0
    outer loop
      vertex 63.79121724516153 18.51546184718609 27.684025148547637
      vertex 64.3191038146615 18.19197254627943 27.943355349529405
      vertex 64.3191038146615 18.19197254627943 27.684025148547637
    endloop
  endfacet
  facet normal 0 0 1
    outer loop
      vertex 64.20911679416895 18.040588416159153 27.943355349529405
      vertex 64.78988630324602 17.78988630324602 27.943355349529405
      vertex 64.3191038146615 18.19197254627943 27.943355349529405
    endloop
  endfacet
  facet normal 0 0 1
    outer loop
      vertex 64.65757171809673 17.657571718096733 27.943355349529405
      vertex 64.78988630324602 17.78988630324602 27.943355349529405
      vertex 64.20911679416895 18.040588416159153 27.943355349529405
    endloop
  endfacet
  facet normal 0.649448059984698 0.7604059556461353 0
    outer loop
      vertex 64.3191038146615 18.19197254627943 27.684025148547637
      vertex 64.78988630324602 17.78988630324602 27.943355349529405
      vertex 64.78988630324602 17.78988630324602 27.684025148547637
    endloop
  endfacet
  facet normal 0.649448059984698 0.7604059556461353 0
    outer loop
      vertex 64.3191038146615 18.19197254627943 27.684025148547637
      vertex 64.3191038146615 18.19197254627943 27.943355349529405
      vertex 64.78988630324602 17.78988630324602 27.943355349529405
    endloop
  endfacet
  facet normal 0 0 1
    outer loop
      vertex 65.71210215985775 15.587939240038395 27.943355349529405
      vertex 65.75837398320436 15 27.943355349529405
      vertex 65.94549505412579 15 27.943355349529405
    endloop
  endfacet
  facet normal 0.9969173334178675 0.07845909973360889 0
    outer loop
      vertex 65.94549505412579 15 27.684025148547637
      vertex 65.89691945910454 15.617211423814297 27.684025148547637
      vertex 65.94549505412579 15 27.943355349529405
    endloop
  endfacet
  facet normal 0 0 1
    outer loop
      vertex 65.71210215985775 15.587939240038395 27.943355349529405
      vertex 65.94549505412579 15 27.943355349529405
      vertex 65.89691945910454 15.617211423814297 27.943355349529405
    endloop
  endfacet
  facet normal 0.9969173334178675 0.07845909973360889 0
    outer loop
      vertex 65.94549505412579 15 27.943355349529405
      vertex 65.89691945910454 15.617211423814297 27.684025148547637
      vertex 65.89691945910454 15.617211423814297 27.943355349529405
    endloop
  endfacet
  facet normal 0.9723699240155298 0.23344534878646184 0
    outer loop
      vertex 65.89691945910454 15.617211423814297 27.684025148547637
      vertex 65.75238879024982 16.219225026667118 27.684025148547637
      vertex 65.89691945910454 15.617211423814297 27.943355349529405
    endloop
  endfacet
  facet normal 0 0 1
    outer loop
      vertex 65.71210215985775 15.587939240038395 27.943355349529405
      vertex 65.89691945910454 15.617211423814297 27.943355349529405
      vertex 65.57442606985569 16.16140143573284 27.943355349529405
    endloop
  endfacet
  facet normal 0 0 1
    outer loop
      vertex 65.89691945910454 15.617211423814297 27.943355349529405
      vertex 65.75238879024982 16.219225026667118 27.943355349529405
      vertex 65.57442606985569 16.16140143573284 27.943355349529405
    endloop
  endfacet
  facet normal 0.9723699240155298 0.23344534878646184 0
    outer loop
      vertex 65.89691945910454 15.617211423814297 27.943355349529405
      vertex 65.75238879024982 16.219225026667118 27.684025148547637
      vertex 65.75238879024982 16.219225026667118 27.943355349529405
    endloop
  endfacet
  facet normal 0 0 1
    outer loop
      vertex 65.34873576462269 16.70626601576805 27.943355349529405
      vertex 65.51546184718609 16.791217245161533 27.943355349529405
      vertex 65.04058841615915 17.20911679416895 27.943355349529405
    endloop
  endfacet
  facet normal 0 0 1
    outer loop
      vertex 64.65757171809673 17.657571718096733 27.943355349529405
      vertex 65.04058841615915 17.20911679416895 27.943355349529405
      vertex 65.19197254627943 17.319103814661503 27.943355349529405
    endloop
  endfacet
  facet normal 0.7604059556461353 0.649448059984698 0
    outer loop
      vertex 65.19197254627943 17.319103814661503 27.943355349529405
      vertex 64.78988630324602 17.78988630324602 27.684025148547637
      vertex 64.78988630324602 17.78988630324602 27.943355349529405
    endloop
  endfacet
  facet normal 0 0 1
    outer loop
      vertex 64.65757171809673 17.657571718096733 27.943355349529405
      vertex 65.19197254627943 17.319103814661503 27.943355349529405
      vertex 64.78988630324602 17.78988630324602 27.943355349529405
    endloop
  endfacet
  facet normal 0.8526401679026102 0.5224985589252937 0
    outer loop
      vertex 65.19197254627943 17.319103814661503 27.684025148547637
      vertex 65.19197254627943 17.319103814661503 27.943355349529405
      vertex 65.51546184718609 16.791217245161533 27.943355349529405
    endloop
  endfacet
  facet normal 0 0 1
    outer loop
      vertex 65.04058841615915 17.20911679416895 27.943355349529405
      vertex 65.51546184718609 16.791217245161533 27.943355349529405
      vertex 65.19197254627943 17.319103814661503 27.943355349529405
    endloop
  endfacet
  facet normal 0.7604059556461353 0.649448059984698 0
    outer loop
      vertex 65.19197254627943 17.319103814661503 27.684025148547637
      vertex 64.78988630324602 17.78988630324602 27.684025148547637
      vertex 65.19197254627943 17.319103814661503 27.943355349529405
    endloop
  endfacet
  facet normal 0 0 1
    outer loop
      vertex 65.75238879024982 16.219225026667118 27.943355349529405
      vertex 65.51546184718609 16.791217245161533 27.943355349529405
      vertex 65.34873576462269 16.70626601576805 27.943355349529405
    endloop
  endfacet
  facet normal 0.9238795276050563 0.3826834442097775 0
    outer loop
      vertex 65.75238879024982 16.219225026667118 27.684025148547637
      vertex 65.51546184718609 16.791217245161533 27.684025148547637
      vertex 65.75238879024982 16.219225026667118 27.943355349529405
    endloop
  endfacet
  facet normal 0 0 1
    outer loop
      vertex 65.57442606985569 16.16140143573284 27.943355349529405
      vertex 65.75238879024982 16.219225026667118 27.943355349529405
      vertex 65.34873576462269 16.70626601576805 27.943355349529405
    endloop
  endfacet
  facet normal 0.9238795276050563 0.3826834442097775 0
    outer loop
      vertex 65.75238879024982 16.219225026667118 27.943355349529405
      vertex 65.51546184718609 16.791217245161533 27.684025148547637
      vertex 65.51546184718609 16.791217245161533 27.943355349529405
    endloop
  endfacet
  facet normal 0.8526401679026102 0.5224985589252937 0
    outer loop
      vertex 65.19197254627943 17.319103814661503 27.684025148547637
      vertex 65.51546184718609 16.791217245161533 27.943355349529405
      vertex 65.51546184718609 16.791217245161533 27.684025148547637
    endloop
  endfacet
  facet normal -0.9238795285991981 -0.38268344180970726 0
    outer loop
      vertex 58.65126423537731 13.293733984231949 27.943355349529405
      vertex 58.65126423537731 13.293733984231949 28.170660171779822
      vertex 58.42557393014431 13.838598564267159 28.170660171779822
    endloop
  endfacet
  facet normal -0.760405957867174 -0.6494480573841958 0
    outer loop
      vertex 58.95941158384085 12.79088320583105 27.943355349529405
      vertex 59.34242828190327 12.342428281903267 27.943355349529405
      vertex 58.95941158384085 12.79088320583105 28.170660171779822
    endloop
  endfacet
  facet normal -0.8526401680233116 -0.5224985587283273 0
    outer loop
      vertex 58.95941158384085 12.79088320583105 27.943355349529405
      vertex 58.95941158384085 12.79088320583105 28.170660171779822
      vertex 58.65126423537731 13.293733984231949 28.170660171779822
    endloop
  endfacet
  facet normal -0.760405957867174 -0.6494480573841958 0
    outer loop
      vertex 58.95941158384085 12.79088320583105 28.170660171779822
      vertex 59.34242828190327 12.342428281903267 27.943355349529405
      vertex 59.34242828190327 12.342428281903267 28.170660171779822
    endloop
  endfacet
  facet normal 0 0 1
    outer loop
      vertex 58.95941158384085 12.79088320583105 28.170660171779822
      vertex 59.34242828190327 12.342428281903267 28.170660171779822
      vertex 59.14387367665768 12.924902774393559 28.170660171779822
    endloop
  endfacet
  facet normal -0.8526401680233116 -0.5224985587283273 0
    outer loop
      vertex 58.95941158384085 12.79088320583105 27.943355349529405
      vertex 58.65126423537731 13.293733984231949 28.170660171779822
      vertex 58.65126423537731 13.293733984231949 27.943355349529405
    endloop
  endfacet
  facet normal 0 0 1
    outer loop
      vertex 58.95941158384085 12.79088320583105 28.170660171779822
      vertex 58.854420594871044 13.397247284650803 28.170660171779822
      vertex 58.65126423537731 13.293733984231949 28.170660171779822
    endloop
  endfacet
  facet normal 0 0 1
    outer loop
      vertex 58.65126423537731 13.293733984231949 28.170660171779822
      vertex 58.854420594871044 13.397247284650803 28.170660171779822
      vertex 58.64242212474346 13.909056849777699 28.170660171779822
    endloop
  endfacet
  facet normal 0 0 1
    outer loop
      vertex 58.95941158384085 12.79088320583105 28.170660171779822
      vertex 59.14387367665768 12.924902774393559 28.170660171779822
      vertex 58.854420594871044 13.397247284650803 28.170660171779822
    endloop
  endfacet
  facet normal -0.9238795285991981 -0.38268344180970726 0
    outer loop
      vertex 58.65126423537731 13.293733984231949 27.943355349529405
      vertex 58.42557393014431 13.838598564267159 28.170660171779822
      vertex 58.42557393014431 13.838598564267159 27.943355349529405
    endloop
  endfacet
  facet normal -0.9723699212904898 -0.23344536013707073 0
    outer loop
      vertex 58.42557393014431 13.838598564267159 27.943355349529405
      vertex 58.28789784014225 14.412060759961605 28.170660171779822
      vertex 58.28789784014225 14.412060759961605 27.943355349529405
    endloop
  endfacet
  facet normal 0 0 1
    outer loop
      vertex 58.65126423537731 13.293733984231949 28.170660171779822
      vertex 58.64242212474346 13.909056849777699 28.170660171779822
      vertex 58.42557393014431 13.838598564267159 28.170660171779822
    endloop
  endfacet
  facet normal -0.9723699212904898 -0.23344536013707073 0
    outer loop
      vertex 58.42557393014431 13.838598564267159 27.943355349529405
      vertex 58.42557393014431 13.838598564267159 28.170660171779822
      vertex 58.28789784014225 14.412060759961605 28.170660171779822
    endloop
  endfacet
  facet normal 0 0 1
    outer loop
      vertex 58.42557393014431 13.838598564267159 28.170660171779822
      vertex 58.51309838145971 14.447729006409645 28.170660171779822
      vertex 58.28789784014225 14.412060759961605 28.170660171779822
    endloop
  endfacet
  facet normal 0 0 1
    outer loop
      vertex 58.42557393014431 13.838598564267159 28.170660171779822
      vertex 58.64242212474346 13.909056849777699 28.170660171779822
      vertex 58.51309838145971 14.447729006409645 28.170660171779822
    endloop
  endfacet
  facet normal -0.9969173335147691 -0.0784590985023576 0
    outer loop
      vertex 58.28789784014225 14.412060759961605 27.943355349529405
      vertex 58.241626016795635 15 28.170660171779822
      vertex 58.241626016795635 15 27.943355349529405
    endloop
  endfacet
  facet normal -0.9969173335147691 -0.0784590985023576 0
    outer loop
      vertex 58.28789784014225 14.412060759961605 27.943355349529405
      vertex 58.28789784014225 14.412060759961605 28.170660171779822
      vertex 58.241626016795635 15 28.170660171779822
    endloop
  endfacet
  facet normal 0 0 1
    outer loop
      vertex 58.28789784014225 14.412060759961605 28.170660171779822
      vertex 58.51309838145971 14.447729006409645 28.170660171779822
      vertex 58.4696337133646 15 28.170660171779822
    endloop
  endfacet
  facet normal 0 0 1
    outer loop
      vertex 58.28789784014225 14.412060759961605 28.170660171779822
      vertex 58.4696337133646 15 28.170660171779822
      vertex 58.241626016795635 15 28.170660171779822
    endloop
  endfacet
  facet normal -0.6494480573841958 -0.760405957867174 0
    outer loop
      vertex 59.79088320583105 11.959411583840847 27.943355349529405
      vertex 59.34242828190327 12.342428281903267 28.170660171779822
      vertex 59.34242828190327 12.342428281903267 27.943355349529405
    endloop
  endfacet
  facet normal -0.5224985587283273 -0.8526401680233116 0
    outer loop
      vertex 59.79088320583105 11.959411583840847 27.943355349529405
      vertex 60.29373398423195 11.651264235377312 27.943355349529405
      vertex 59.79088320583105 11.959411583840847 28.170660171779822
    endloop
  endfacet
  facet normal 0 0 1
    outer loop
      vertex 59.79088320583105 11.959411583840847 28.170660171779822
      vertex 59.503654062747955 12.503654062747955 28.170660171779822
      vertex 59.34242828190327 12.342428281903267 28.170660171779822
    endloop
  endfacet
  facet normal -0.6494480573841958 -0.760405957867174 0
    outer loop
      vertex 59.79088320583105 11.959411583840847 27.943355349529405
      vertex 59.79088320583105 11.959411583840847 28.170660171779822
      vertex 59.34242828190327 12.342428281903267 28.170660171779822
    endloop
  endfacet
  facet normal 0 0 1
    outer loop
      vertex 59.79088320583105 11.959411583840847 28.170660171779822
      vertex 59.92490277439356 12.143873676657677 28.170660171779822
      vertex 59.503654062747955 12.503654062747955 28.170660171779822
    endloop
  endfacet
  facet normal -0.38268344180970726 -0.9238795285991981 0
    outer loop
      vertex 60.29373398423195 11.651264235377312 27.943355349529405
      vertex 60.83859856426716 11.42557393014431 27.943355349529405
      vertex 60.29373398423195 11.651264235377312 28.170660171779822
    endloop
  endfacet
  facet normal -0.5224985587283273 -0.8526401680233116 0
    outer loop
      vertex 59.79088320583105 11.959411583840847 28.170660171779822
      vertex 60.29373398423195 11.651264235377312 27.943355349529405
      vertex 60.29373398423195 11.651264235377312 28.170660171779822
    endloop
  endfacet
  facet normal 0 0 1
    outer loop
      vertex 59.79088320583105 11.959411583840847 28.170660171779822
      vertex 60.29373398423195 11.651264235377312 28.170660171779822
      vertex 59.92490277439356 12.143873676657677 28.170660171779822
    endloop
  endfacet
  facet normal 0 0 1
    outer loop
      vertex 59.92490277439356 12.143873676657677 28.170660171779822
      vertex 60.29373398423195 11.651264235377312 28.170660171779822
      vertex 60.3972472846508 11.854420594871044 28.170660171779822
    endloop
  endfacet
  facet normal 0 0 1
    outer loop
      vertex 60.29373398423195 11.651264235377312 28.170660171779822
      vertex 60.83859856426716 11.42557393014431 28.170660171779822
      vertex 60.3972472846508 11.854420594871044 28.170660171779822
    endloop
  endfacet
  facet normal -0.23344536013707073 -0.9723699212904898 0
    outer loop
      vertex 60.83859856426716 11.42557393014431 27.943355349529405
      vertex 61.412060759961605 11.28789784014225 27.943355349529405
      vertex 60.83859856426716 11.42557393014431 28.170660171779822
    endloop
  endfacet
  facet normal -0.38268344180970726 -0.9238795285991981 0
    outer loop
      vertex 60.29373398423195 11.651264235377312 28.170660171779822
      vertex 60.83859856426716 11.42557393014431 27.943355349529405
      vertex 60.83859856426716 11.42557393014431 28.170660171779822
    endloop
  endfacet
  facet normal 0 0 1
    outer loop
      vertex 60.83859856426716 11.42557393014431 28.170660171779822
      vertex 61.447729006409645 11.513098381459713 28.170660171779822
      vertex 60.9090568497777 11.642422124743462 28.170660171779822
    endloop
  endfacet
  facet normal -0.23344536013707073 -0.9723699212904898 0
    outer loop
      vertex 60.83859856426716 11.42557393014431 28.170660171779822
      vertex 61.412060759961605 11.28789784014225 27.943355349529405
      vertex 61.412060759961605 11.28789784014225 28.170660171779822
    endloop
  endfacet
  facet normal 0 0 1
    outer loop
      vertex 60.83859856426716 11.42557393014431 28.170660171779822
      vertex 61.412060759961605 11.28789784014225 28.170660171779822
      vertex 61.447729006409645 11.513098381459713 28.170660171779822
    endloop
  endfacet
  facet normal 0 0 1
    outer loop
      vertex 60.3972472846508 11.854420594871044 28.170660171779822
      vertex 60.83859856426716 11.42557393014431 28.170660171779822
      vertex 60.9090568497777 11.642422124743462 28.170660171779822
    endloop
  endfacet
  facet normal -0.0784590985023576 -0.9969173335147691 0
    outer loop
      vertex 61.412060759961605 11.28789784014225 27.943355349529405
      vertex 62 11.241626016795635 27.943355349529405
      vertex 61.412060759961605 11.28789784014225 28.170660171779822
    endloop
  endfacet
  facet normal 0 0 1
    outer loop
      vertex 61.412060759961605 11.28789784014225 28.170660171779822
      vertex 62 11.469633713364601 28.170660171779822
      vertex 61.447729006409645 11.513098381459713 28.170660171779822
    endloop
  endfacet
  facet normal -0.0784590985023576 -0.9969173335147691 0
    outer loop
      vertex 61.412060759961605 11.28789784014225 28.170660171779822
      vertex 62 11.241626016795635 27.943355349529405
      vertex 62 11.241626016795635 28.170660171779822
    endloop
  endfacet
  facet normal 0 0 1
    outer loop
      vertex 61.412060759961605 11.28789784014225 28.170660171779822
      vertex 62.552270993590355 11.513098381459713 28.170660171779822
      vertex 62 11.469633713364601 28.170660171779822
    endloop
  endfacet
  facet normal 0 0 1
    outer loop
      vertex 59.14387367665768 12.924902774393559 28.170660171779822
      vertex 59.34242828190327 12.342428281903267 28.170660171779822
      vertex 59.503654062747955 12.503654062747955 28.170660171779822
    endloop
  endfacet
  facet normal -0.9969173335147691 0.0784590985023576 0
    outer loop
      vertex 58.241626016795635 15 27.943355349529405
      vertex 58.28789784014225 15.587939240038395 28.170660171779822
      vertex 58.28789784014225 15.587939240038395 27.943355349529405
    endloop
  endfacet
  facet normal -0.9969173335147691 0.0784590985023576 0
    outer loop
      vertex 58.241626016795635 15 27.943355349529405
      vertex 58.241626016795635 15 28.170660171779822
      vertex 58.28789784014225 15.587939240038395 28.170660171779822
    endloop
  endfacet
  facet normal 0 0 1
    outer loop
      vertex 58.241626016795635 15 28.170660171779822
      vertex 58.4696337133646 15 28.170660171779822
      vertex 58.51309838145971 15.552270993590355 28.170660171779822
    endloop
  endfacet
  facet normal 0 0 1
    outer loop
      vertex 58.241626016795635 15 28.170660171779822
      vertex 58.51309838145971 15.552270993590355 28.170660171779822
      vertex 58.28789784014225 15.587939240038395 28.170660171779822
    endloop
  endfacet
  facet normal -0.9723699212904898 0.23344536013707073 0
    outer loop
      vertex 58.28789784014225 15.587939240038395 27.943355349529405
      vertex 58.42557393014431 16.16140143573284 28.170660171779822
      vertex 58.42557393014431 16.16140143573284 27.943355349529405
    endloop
  endfacet
  facet normal -0.9723699212904898 0.23344536013707073 0
    outer loop
      vertex 58.28789784014225 15.587939240038395 27.943355349529405
      vertex 58.28789784014225 15.587939240038395 28.170660171779822
      vertex 58.42557393014431 16.16140143573284 28.170660171779822
    endloop
  endfacet
  facet normal 0 0 1
    outer loop
      vertex 58.28789784014225 15.587939240038395 28.170660171779822
      vertex 58.64242212474346 16.0909431502223 28.170660171779822
      vertex 58.42557393014431 16.16140143573284 28.170660171779822
    endloop
  endfacet
  facet normal 0 0 1
    outer loop
      vertex 58.28789784014225 15.587939240038395 28.170660171779822
      vertex 58.51309838145971 15.552270993590355 28.170660171779822
      vertex 58.64242212474346 16.0909431502223 28.170660171779822
    endloop
  endfacet
  facet normal -0.9238795285991981 0.38268344180970726 0
    outer loop
      vertex 58.42557393014431 16.16140143573284 27.943355349529405
      vertex 58.42557393014431 16.16140143573284 28.170660171779822
      vertex 58.65126423537731 16.70626601576805 28.170660171779822
    endloop
  endfacet
  facet normal 0 0 1
    outer loop
      vertex 58.42557393014431 16.16140143573284 28.170660171779822
      vertex 58.64242212474346 16.0909431502223 28.170660171779822
      vertex 58.854420594871044 16.602752715349197 28.170660171779822
    endloop
  endfacet
  facet normal -0.9238795285991981 0.38268344180970726 0
    outer loop
      vertex 58.42557393014431 16.16140143573284 27.943355349529405
      vertex 58.65126423537731 16.70626601576805 28.170660171779822
      vertex 58.65126423537731 16.70626601576805 27.943355349529405
    endloop
  endfacet
  facet normal 0 0 1
    outer loop
      vertex 58.42557393014431 16.16140143573284 28.170660171779822
      vertex 58.854420594871044 16.602752715349197 28.170660171779822
      vertex 58.65126423537731 16.70626601576805 28.170660171779822
    endloop
  endfacet
  facet normal -0.8526401680233116 0.5224985587283273 0
    outer loop
      vertex 58.65126423537731 16.70626601576805 27.943355349529405
      vertex 58.65126423537731 16.70626601576805 28.170660171779822
      vertex 58.95941158384085 17.20911679416895 28.170660171779822
    endloop
  endfacet
  facet normal 0 0 1
    outer loop
      vertex 58.854420594871044 16.602752715349197 28.170660171779822
      vertex 59.14387367665768 17.07509722560644 28.170660171779822
      vertex 58.65126423537731 16.70626601576805 28.170660171779822
    endloop
  endfacet
  facet normal 0 0 1
    outer loop
      vertex 58.65126423537731 16.70626601576805 28.170660171779822
      vertex 59.14387367665768 17.07509722560644 28.170660171779822
      vertex 58.95941158384085 17.20911679416895 28.170660171779822
    endloop
  endfacet
  facet normal -0.8526401680233116 0.5224985587283273 0
    outer loop
      vertex 58.65126423537731 16.70626601576805 27.943355349529405
      vertex 58.95941158384085 17.20911679416895 28.170660171779822
      vertex 58.95941158384085 17.20911679416895 27.943355349529405
    endloop
  endfacet
  facet normal -0.760405957867174 0.6494480573841958 0
    outer loop
      vertex 58.95941158384085 17.20911679416895 27.943355349529405
      vertex 59.34242828190327 17.657571718096733 28.170660171779822
      vertex 59.34242828190327 17.657571718096733 27.943355349529405
    endloop
  endfacet
  facet normal -0.760405957867174 0.6494480573841958 0
    outer loop
      vertex 58.95941158384085 17.20911679416895 27.943355349529405
      vertex 58.95941158384085 17.20911679416895 28.170660171779822
      vertex 59.34242828190327 17.657571718096733 28.170660171779822
    endloop
  endfacet
  facet normal 0 0 1
    outer loop
      vertex 58.95941158384085 17.20911679416895 28.170660171779822
      vertex 59.14387367665768 17.07509722560644 28.170660171779822
      vertex 59.503654062747955 17.496345937252045 28.170660171779822
    endloop
  endfacet
  facet normal 0 0 1
    outer loop
      vertex 58.95941158384085 17.20911679416895 28.170660171779822
      vertex 59.503654062747955 17.496345937252045 28.170660171779822
      vertex 59.34242828190327 17.657571718096733 28.170660171779822
    endloop
  endfacet
  facet normal 0 0 1
    outer loop
      vertex 59.34242828190327 17.657571718096733 28.170660171779822
      vertex 59.503654062747955 17.496345937252045 28.170660171779822
      vertex 59.92490277439356 17.856126323342323 28.170660171779822
    endloop
  endfacet
  facet normal -0.6494480573841958 0.760405957867174 0
    outer loop
      vertex 59.34242828190327 17.657571718096733 27.943355349529405
      vertex 59.79088320583105 18.040588416159153 28.170660171779822
      vertex 59.79088320583105 18.040588416159153 27.943355349529405
    endloop
  endfacet
  facet normal -0.6494480573841958 0.760405957867174 0
    outer loop
      vertex 59.34242828190327 17.657571718096733 27.943355349529405
      vertex 59.34242828190327 17.657571718096733 28.170660171779822
      vertex 59.79088320583105 18.040588416159153 28.170660171779822
    endloop
  endfacet
  facet normal 0 0 1
    outer loop
      vertex 59.34242828190327 17.657571718096733 28.170660171779822
      vertex 59.92490277439356 17.856126323342323 28.170660171779822
      vertex 59.79088320583105 18.040588416159153 28.170660171779822
    endloop
  endfacet
  facet normal -0.5224985587283273 0.8526401680233116 0
    outer loop
      vertex 59.79088320583105 18.040588416159153 27.943355349529405
      vertex 59.79088320583105 18.040588416159153 28.170660171779822
      vertex 60.29373398423195 18.34873576462269 28.170660171779822
    endloop
  endfacet
  facet normal -0.5224985587283273 0.8526401680233116 0
    outer loop
      vertex 59.79088320583105 18.040588416159153 27.943355349529405
      vertex 60.29373398423195 18.34873576462269 28.170660171779822
      vertex 60.29373398423195 18.34873576462269 27.943355349529405
    endloop
  endfacet
  facet normal 0 0 1
    outer loop
      vertex 59.92490277439356 17.856126323342323 28.170660171779822
      vertex 60.3972472846508 18.145579405128956 28.170660171779822
      vertex 59.79088320583105 18.040588416159153 28.170660171779822
    endloop
  endfacet
  facet normal 0 0 1
    outer loop
      vertex 59.79088320583105 18.040588416159153 28.170660171779822
      vertex 60.3972472846508 18.145579405128956 28.170660171779822
      vertex 60.29373398423195 18.34873576462269 28.170660171779822
    endloop
  endfacet
  facet normal 0 0 1
    outer loop
      vertex 60.29373398423195 18.34873576462269 28.170660171779822
      vertex 60.3972472846508 18.145579405128956 28.170660171779822
      vertex 60.9090568497777 18.35757787525654 28.170660171779822
    endloop
  endfacet
  facet normal -0.38268344180970726 0.9238795285991981 0
    outer loop
      vertex 60.29373398423195 18.34873576462269 27.943355349529405
      vertex 60.29373398423195 18.34873576462269 28.170660171779822
      vertex 60.83859856426716 18.57442606985569 28.170660171779822
    endloop
  endfacet
  facet normal -0.38268344180970726 0.9238795285991981 0
    outer loop
      vertex 60.29373398423195 18.34873576462269 27.943355349529405
      vertex 60.83859856426716 18.57442606985569 28.170660171779822
      vertex 60.83859856426716 18.57442606985569 27.943355349529405
    endloop
  endfacet
  facet normal -0.23344536013707073 0.9723699212904898 0
    outer loop
      vertex 60.83859856426716 18.57442606985569 27.943355349529405
      vertex 61.412060759961605 18.71210215985775 28.170660171779822
      vertex 61.412060759961605 18.71210215985775 27.943355349529405
    endloop
  endfacet
  facet normal 0 0 1
    outer loop
      vertex 60.29373398423195 18.34873576462269 28.170660171779822
      vertex 60.9090568497777 18.35757787525654 28.170660171779822
      vertex 61.447729006409645 18.486901618540287 28.170660171779822
    endloop
  endfacet
  facet normal -0.23344536013707073 0.9723699212904898 0
    outer loop
      vertex 60.83859856426716 18.57442606985569 27.943355349529405
      vertex 60.83859856426716 18.57442606985569 28.170660171779822
      vertex 61.412060759961605 18.71210215985775 28.170660171779822
    endloop
  endfacet
  facet normal 0 0 1
    outer loop
      vertex 60.29373398423195 18.34873576462269 28.170660171779822
      vertex 62.587939240038395 18.71210215985775 28.170660171779822
      vertex 60.83859856426716 18.57442606985569 28.170660171779822
    endloop
  endfacet
  facet normal -0.0784590985023576 0.9969173335147691 0
    outer loop
      vertex 61.412060759961605 18.71210215985775 27.943355349529405
      vertex 62 18.758373983204365 28.170660171779822
      vertex 62 18.758373983204365 27.943355349529405
    endloop
  endfacet
  facet normal 0 0 1
    outer loop
      vertex 60.29373398423195 18.34873576462269 28.170660171779822
      vertex 61.447729006409645 18.486901618540287 28.170660171779822
      vertex 62.587939240038395 18.71210215985775 28.170660171779822
    endloop
  endfacet
  facet normal 0 0 1
    outer loop
      vertex 60.83859856426716 18.57442606985569 28.170660171779822
      vertex 62 18.758373983204365 28.170660171779822
      vertex 61.412060759961605 18.71210215985775 28.170660171779822
    endloop
  endfacet
  facet normal -0.0784590985023576 0.9969173335147691 0
    outer loop
      vertex 61.412060759961605 18.71210215985775 27.943355349529405
      vertex 61.412060759961605 18.71210215985775 28.170660171779822
      vertex 62 18.758373983204365 28.170660171779822
    endloop
  endfacet
  facet normal 0 0 1
    outer loop
      vertex 60.83859856426716 18.57442606985569 28.170660171779822
      vertex 62.587939240038395 18.71210215985775 28.170660171779822
      vertex 62 18.758373983204365 28.170660171779822
    endloop
  endfacet
  facet normal 0.0784590985023576 -0.9969173335147691 0
    outer loop
      vertex 62 11.241626016795635 27.943355349529405
      vertex 62.587939240038395 11.28789784014225 27.943355349529405
      vertex 62 11.241626016795635 28.170660171779822
    endloop
  endfacet
  facet normal 0 0 1
    outer loop
      vertex 61.412060759961605 11.28789784014225 28.170660171779822
      vertex 62 11.241626016795635 28.170660171779822
      vertex 63.16140143573284 11.42557393014431 28.170660171779822
    endloop
  endfacet
  facet normal 0.0784590985023576 -0.9969173335147691 0
    outer loop
      vertex 62.587939240038395 11.28789784014225 27.943355349529405
      vertex 62.587939240038395 11.28789784014225 28.170660171779822
      vertex 62 11.241626016795635 28.170660171779822
    endloop
  endfacet
  facet normal 0 0 1
    outer loop
      vertex 62 11.241626016795635 28.170660171779822
      vertex 62.587939240038395 11.28789784014225 28.170660171779822
      vertex 63.16140143573284 11.42557393014431 28.170660171779822
    endloop
  endfacet
  facet normal 0 0 1
    outer loop
      vertex 61.412060759961605 11.28789784014225 28.170660171779822
      vertex 63.70626601576805 11.651264235377312 28.170660171779822
      vertex 62.552270993590355 11.513098381459713 28.170660171779822
    endloop
  endfacet
  facet normal 0.23344536013707073 -0.9723699212904898 0
    outer loop
      vertex 62.587939240038395 11.28789784014225 27.943355349529405
      vertex 63.16140143573284 11.42557393014431 27.943355349529405
      vertex 62.587939240038395 11.28789784014225 28.170660171779822
    endloop
  endfacet
  facet normal 0.38268344180970726 -0.9238795285991981 0
    outer loop
      vertex 63.16140143573284 11.42557393014431 27.943355349529405
      vertex 63.70626601576805 11.651264235377312 27.943355349529405
      vertex 63.16140143573284 11.42557393014431 28.170660171779822
    endloop
  endfacet
  facet normal 0 0 1
    outer loop
      vertex 61.412060759961605 11.28789784014225 28.170660171779822
      vertex 63.16140143573284 11.42557393014431 28.170660171779822
      vertex 63.70626601576805 11.651264235377312 28.170660171779822
    endloop
  endfacet
  facet normal 0.23344536013707073 -0.9723699212904898 0
    outer loop
      vertex 62.587939240038395 11.28789784014225 28.170660171779822
      vertex 63.16140143573284 11.42557393014431 27.943355349529405
      vertex 63.16140143573284 11.42557393014431 28.170660171779822
    endloop
  endfacet
  facet normal 0 0 1
    outer loop
      vertex 62.552270993590355 11.513098381459713 28.170660171779822
      vertex 63.70626601576805 11.651264235377312 28.170660171779822
      vertex 63.0909431502223 11.642422124743462 28.170660171779822
    endloop
  endfacet
  facet normal 0.38268344180970726 -0.9238795285991981 0
    outer loop
      vertex 63.16140143573284 11.42557393014431 28.170660171779822
      vertex 63.70626601576805 11.651264235377312 27.943355349529405
      vertex 63.70626601576805 11.651264235377312 28.170660171779822
    endloop
  endfacet
  facet normal 0.5224985587283273 -0.8526401680233116 0
    outer loop
      vertex 63.70626601576805 11.651264235377312 27.943355349529405
      vertex 64.20911679416895 11.959411583840847 27.943355349529405
      vertex 63.70626601576805 11.651264235377312 28.170660171779822
    endloop
  endfacet
  facet normal 0 0 1
    outer loop
      vertex 63.0909431502223 11.642422124743462 28.170660171779822
      vertex 63.70626601576805 11.651264235377312 28.170660171779822
      vertex 63.6027527153492 11.854420594871044 28.170660171779822
    endloop
  endfacet
  facet normal 0 0 1
    outer loop
      vertex 63.6027527153492 11.854420594871044 28.170660171779822
      vertex 63.70626601576805 11.651264235377312 28.170660171779822
      vertex 64.20911679416895 11.959411583840847 28.170660171779822
    endloop
  endfacet
  facet normal 0 0 1
    outer loop
      vertex 63.6027527153492 11.854420594871044 28.170660171779822
      vertex 64.20911679416895 11.959411583840847 28.170660171779822
      vertex 64.07509722560644 12.143873676657677 28.170660171779822
    endloop
  endfacet
  facet normal 0.6494480573841958 -0.760405957867174 0
    outer loop
      vertex 64.20911679416895 11.959411583840847 27.943355349529405
      vertex 64.65757171809673 12.342428281903267 27.943355349529405
      vertex 64.20911679416895 11.959411583840847 28.170660171779822
    endloop
  endfacet
  facet normal 0.5224985587283273 -0.8526401680233116 0
    outer loop
      vertex 63.70626601576805 11.651264235377312 28.170660171779822
      vertex 64.20911679416895 11.959411583840847 27.943355349529405
      vertex 64.20911679416895 11.959411583840847 28.170660171779822
    endloop
  endfacet
  facet normal 0 0 1
    outer loop
      vertex 64.20911679416895 11.959411583840847 28.170660171779822
      vertex 64.65757171809673 12.342428281903267 28.170660171779822
      vertex 64.07509722560644 12.143873676657677 28.170660171779822
    endloop
  endfacet
  facet normal 0.6494480573841958 -0.760405957867174 0
    outer loop
      vertex 64.20911679416895 11.959411583840847 28.170660171779822
      vertex 64.65757171809673 12.342428281903267 27.943355349529405
      vertex 64.65757171809673 12.342428281903267 28.170660171779822
    endloop
  endfacet
  facet normal 0 0 1
    outer loop
      vertex 64.07509722560644 12.143873676657677 28.170660171779822
      vertex 64.65757171809673 12.342428281903267 28.170660171779822
      vertex 64.49634593725204 12.503654062747955 28.170660171779822
    endloop
  endfacet
  facet normal 0.760405957867174 -0.6494480573841958 0
    outer loop
      vertex 64.65757171809673 12.342428281903267 27.943355349529405
      vertex 65.04058841615915 12.79088320583105 27.943355349529405
      vertex 64.65757171809673 12.342428281903267 28.170660171779822
    endloop
  endfacet
  facet normal 0.8526401680233116 -0.5224985587283273 0
    outer loop
      vertex 65.04058841615915 12.79088320583105 27.943355349529405
      vertex 65.34873576462269 13.293733984231949 27.943355349529405
      vertex 65.04058841615915 12.79088320583105 28.170660171779822
    endloop
  endfacet
  facet normal 0 0 1
    outer loop
      vertex 64.49634593725204 12.503654062747955 28.170660171779822
      vertex 64.65757171809673 12.342428281903267 28.170660171779822
      vertex 65.04058841615915 12.79088320583105 28.170660171779822
    endloop
  endfacet
  facet normal 0 0 1
    outer loop
      vertex 64.49634593725204 12.503654062747955 28.170660171779822
      vertex 65.04058841615915 12.79088320583105 28.170660171779822
      vertex 64.85612632334232 12.924902774393559 28.170660171779822
    endloop
  endfacet
  facet normal 0.760405957867174 -0.6494480573841958 0
    outer loop
      vertex 64.65757171809673 12.342428281903267 28.170660171779822
      vertex 65.04058841615915 12.79088320583105 27.943355349529405
      vertex 65.04058841615915 12.79088320583105 28.170660171779822
    endloop
  endfacet
  facet normal 0 0 1
    outer loop
      vertex 64.85612632334232 12.924902774393559 28.170660171779822
      vertex 65.04058841615915 12.79088320583105 28.170660171779822
      vertex 65.34873576462269 13.293733984231949 28.170660171779822
    endloop
  endfacet
  facet normal 0 0 1
    outer loop
      vertex 64.85612632334232 12.924902774393559 28.170660171779822
      vertex 65.34873576462269 13.293733984231949 28.170660171779822
      vertex 65.14557940512896 13.397247284650803 28.170660171779822
    endloop
  endfacet
  facet normal 0.8526401680233116 -0.5224985587283273 0
    outer loop
      vertex 65.04058841615915 12.79088320583105 28.170660171779822
      vertex 65.34873576462269 13.293733984231949 27.943355349529405
      vertex 65.34873576462269 13.293733984231949 28.170660171779822
    endloop
  endfacet
  facet normal 0 0 1
    outer loop
      vertex 65.34873576462269 13.293733984231949 28.170660171779822
      vertex 65.57442606985569 13.838598564267159 28.170660171779822
      vertex 65.14557940512896 13.397247284650803 28.170660171779822
    endloop
  endfacet
  facet normal 0.9238795285991981 -0.38268344180970726 0
    outer loop
      vertex 65.34873576462269 13.293733984231949 27.943355349529405
      vertex 65.57442606985569 13.838598564267159 27.943355349529405
      vertex 65.34873576462269 13.293733984231949 28.170660171779822
    endloop
  endfacet
  facet normal 0 0 1
    outer loop
      vertex 65.14557940512896 13.397247284650803 28.170660171779822
      vertex 65.57442606985569 13.838598564267159 28.170660171779822
      vertex 65.35757787525654 13.909056849777699 28.170660171779822
    endloop
  endfacet
  facet normal 0.9723699212904898 -0.23344536013707073 0
    outer loop
      vertex 65.57442606985569 13.838598564267159 27.943355349529405
      vertex 65.71210215985775 14.412060759961605 27.943355349529405
      vertex 65.57442606985569 13.838598564267159 28.170660171779822
    endloop
  endfacet
  facet normal 0.9238795285991981 -0.38268344180970726 0
    outer loop
      vertex 65.34873576462269 13.293733984231949 28.170660171779822
      vertex 65.57442606985569 13.838598564267159 27.943355349529405
      vertex 65.57442606985569 13.838598564267159 28.170660171779822
    endloop
  endfacet
  facet normal 0 0 1
    outer loop
      vertex 65.35757787525654 13.909056849777699 28.170660171779822
      vertex 65.71210215985775 14.412060759961605 28.170660171779822
      vertex 65.48690161854029 14.447729006409645 28.170660171779822
    endloop
  endfacet
  facet normal 0 0 1
    outer loop
      vertex 65.35757787525654 13.909056849777699 28.170660171779822
      vertex 65.57442606985569 13.838598564267159 28.170660171779822
      vertex 65.71210215985775 14.412060759961605 28.170660171779822
    endloop
  endfacet
  facet normal 0.9723699212904898 -0.23344536013707073 0
    outer loop
      vertex 65.57442606985569 13.838598564267159 28.170660171779822
      vertex 65.71210215985775 14.412060759961605 27.943355349529405
      vertex 65.71210215985775 14.412060759961605 28.170660171779822
    endloop
  endfacet
  facet normal 0.9969173335147691 -0.0784590985023576 0
    outer loop
      vertex 65.71210215985775 14.412060759961605 27.943355349529405
      vertex 65.75837398320436 15 27.943355349529405
      vertex 65.71210215985775 14.412060759961605 28.170660171779822
    endloop
  endfacet
  facet normal 0 0 1
    outer loop
      vertex 65.48690161854029 14.447729006409645 28.170660171779822
      vertex 65.71210215985775 14.412060759961605 28.170660171779822
      vertex 65.75837398320436 15 28.170660171779822
    endloop
  endfacet
  facet normal 0 0 1
    outer loop
      vertex 65.48690161854029 14.447729006409645 28.170660171779822
      vertex 65.75837398320436 15 28.170660171779822
      vertex 65.5303662866354 15 28.170660171779822
    endloop
  endfacet
  facet normal 0.9969173335147691 -0.0784590985023576 0
    outer loop
      vertex 65.71210215985775 14.412060759961605 28.170660171779822
      vertex 65.75837398320436 15 27.943355349529405
      vertex 65.75837398320436 15 28.170660171779822
    endloop
  endfacet
  facet normal 0 0 1
    outer loop
      vertex 64.49634593725204 17.496345937252045 28.170660171779822
      vertex 64.85612632334232 17.07509722560644 28.170660171779822
      vertex 64.65757171809673 17.657571718096733 28.170660171779822
    endloop
  endfacet
  facet normal 0.0784590985023576 0.9969173335147691 0
    outer loop
      vertex 62 18.758373983204365 27.943355349529405
      vertex 62.587939240038395 18.71210215985775 28.170660171779822
      vertex 62.587939240038395 18.71210215985775 27.943355349529405
    endloop
  endfacet
  facet normal 0 0 1
    outer loop
      vertex 61.447729006409645 18.486901618540287 28.170660171779822
      vertex 62 18.5303662866354 28.170660171779822
      vertex 62.587939240038395 18.71210215985775 28.170660171779822
    endloop
  endfacet
  facet normal 0.0784590985023576 0.9969173335147691 0
    outer loop
      vertex 62 18.758373983204365 27.943355349529405
      vertex 62 18.758373983204365 28.170660171779822
      vertex 62.587939240038395 18.71210215985775 28.170660171779822
    endloop
  endfacet
  facet normal 0 0 1
    outer loop
      vertex 62 18.5303662866354 28.170660171779822
      vertex 62.552270993590355 18.486901618540287 28.170660171779822
      vertex 62.587939240038395 18.71210215985775 28.170660171779822
    endloop
  endfacet
  facet normal 0 0 1
    outer loop
      vertex 63.0909431502223 18.35757787525654 28.170660171779822
      vertex 63.6027527153492 18.145579405128956 28.170660171779822
      vertex 63.16140143573284 18.57442606985569 28.170660171779822
    endloop
  endfacet
  facet normal 0.23344536013707073 0.9723699212904898 0
    outer loop
      vertex 62.587939240038395 18.71210215985775 27.943355349529405
      vertex 63.16140143573284 18.57442606985569 28.170660171779822
      vertex 63.16140143573284 18.57442606985569 27.943355349529405
    endloop
  endfacet
  facet normal 0 0 1
    outer loop
      vertex 62.552270993590355 18.486901618540287 28.170660171779822
      vertex 63.16140143573284 18.57442606985569 28.170660171779822
      vertex 62.587939240038395 18.71210215985775 28.170660171779822
    endloop
  endfacet
  facet normal 0.23344536013707073 0.9723699212904898 0
    outer loop
      vertex 62.587939240038395 18.71210215985775 27.943355349529405
      vertex 62.587939240038395 18.71210215985775 28.170660171779822
      vertex 63.16140143573284 18.57442606985569 28.170660171779822
    endloop
  endfacet
  facet normal 0 0 1
    outer loop
      vertex 62.552270993590355 18.486901618540287 28.170660171779822
      vertex 63.0909431502223 18.35757787525654 28.170660171779822
      vertex 63.16140143573284 18.57442606985569 28.170660171779822
    endloop
  endfacet
  facet normal 0.38268344180970726 0.9238795285991981 0
    outer loop
      vertex 63.16140143573284 18.57442606985569 27.943355349529405
      vertex 63.16140143573284 18.57442606985569 28.170660171779822
      vertex 63.70626601576805 18.34873576462269 28.170660171779822
    endloop
  endfacet
  facet normal 0 0 1
    outer loop
      vertex 63.16140143573284 18.57442606985569 28.170660171779822
      vertex 63.6027527153492 18.145579405128956 28.170660171779822
      vertex 63.70626601576805 18.34873576462269 28.170660171779822
    endloop
  endfacet
  facet normal 0 0 1
    outer loop
      vertex 63.6027527153492 18.145579405128956 28.170660171779822
      vertex 64.07509722560644 17.856126323342323 28.170660171779822
      vertex 63.70626601576805 18.34873576462269 28.170660171779822
    endloop
  endfacet
  facet normal 0 0 1
    outer loop
      vertex 63.70626601576805 18.34873576462269 28.170660171779822
      vertex 64.07509722560644 17.856126323342323 28.170660171779822
      vertex 64.20911679416895 18.040588416159153 28.170660171779822
    endloop
  endfacet
  facet normal 0.5224985587283273 0.8526401680233116 0
    outer loop
      vertex 63.70626601576805 18.34873576462269 27.943355349529405
      vertex 63.70626601576805 18.34873576462269 28.170660171779822
      vertex 64.20911679416895 18.040588416159153 28.170660171779822
    endloop
  endfacet
  facet normal 0.38268344180970726 0.9238795285991981 0
    outer loop
      vertex 63.16140143573284 18.57442606985569 27.943355349529405
      vertex 63.70626601576805 18.34873576462269 28.170660171779822
      vertex 63.70626601576805 18.34873576462269 27.943355349529405
    endloop
  endfacet
  facet normal 0.5224985587283273 0.8526401680233116 0
    outer loop
      vertex 63.70626601576805 18.34873576462269 27.943355349529405
      vertex 64.20911679416895 18.040588416159153 28.170660171779822
      vertex 64.20911679416895 18.040588416159153 27.943355349529405
    endloop
  endfacet
  facet normal 0.6494480573841958 0.760405957867174 0
    outer loop
      vertex 64.65757171809673 17.657571718096733 27.943355349529405
      vertex 64.20911679416895 18.040588416159153 27.943355349529405
      vertex 64.65757171809673 17.657571718096733 28.170660171779822
    endloop
  endfacet
  facet normal 0 0 1
    outer loop
      vertex 64.49634593725204 17.496345937252045 28.170660171779822
      vertex 64.20911679416895 18.040588416159153 28.170660171779822
      vertex 64.07509722560644 17.856126323342323 28.170660171779822
    endloop
  endfacet
  facet normal 0.6494480573841958 0.760405957867174 0
    outer loop
      vertex 64.65757171809673 17.657571718096733 28.170660171779822
      vertex 64.20911679416895 18.040588416159153 27.943355349529405
      vertex 64.20911679416895 18.040588416159153 28.170660171779822
    endloop
  endfacet
  facet normal 0 0 1
    outer loop
      vertex 64.49634593725204 17.496345937252045 28.170660171779822
      vertex 64.65757171809673 17.657571718096733 28.170660171779822
      vertex 64.20911679416895 18.040588416159153 28.170660171779822
    endloop
  endfacet
  facet normal 0.9969173335147691 0.0784590985023576 0
    outer loop
      vertex 65.71210215985775 15.587939240038395 27.943355349529405
      vertex 65.75837398320436 15 28.170660171779822
      vertex 65.75837398320436 15 27.943355349529405
    endloop
  endfacet
  facet normal 0 0 1
    outer loop
      vertex 65.5303662866354 15 28.170660171779822
      vertex 65.75837398320436 15 28.170660171779822
      vertex 65.71210215985775 15.587939240038395 28.170660171779822
    endloop
  endfacet
  facet normal 0 0 1
    outer loop
      vertex 65.5303662866354 15 28.170660171779822
      vertex 65.71210215985775 15.587939240038395 28.170660171779822
      vertex 65.48690161854029 15.552270993590355 28.170660171779822
    endloop
  endfacet
  facet normal 0.9969173335147691 0.0784590985023576 0
    outer loop
      vertex 65.71210215985775 15.587939240038395 27.943355349529405
      vertex 65.71210215985775 15.587939240038395 28.170660171779822
      vertex 65.75837398320436 15 28.170660171779822
    endloop
  endfacet
  facet normal 0.9723699212904898 0.23344536013707073 0
    outer loop
      vertex 65.71210215985775 15.587939240038395 27.943355349529405
      vertex 65.57442606985569 16.16140143573284 27.943355349529405
      vertex 65.71210215985775 15.587939240038395 28.170660171779822
    endloop
  endfacet
  facet normal 0.9238795285991981 0.38268344180970726 0
    outer loop
      vertex 65.57442606985569 16.16140143573284 27.943355349529405
      vertex 65.34873576462269 16.70626601576805 27.943355349529405
      vertex 65.57442606985569 16.16140143573284 28.170660171779822
    endloop
  endfacet
  facet normal 0 0 1
    outer loop
      vertex 65.35757787525654 16.0909431502223 28.170660171779822
      vertex 65.48690161854029 15.552270993590355 28.170660171779822
      vertex 65.57442606985569 16.16140143573284 28.170660171779822
    endloop
  endfacet
  facet normal 0 0 1
    outer loop
      vertex 65.48690161854029 15.552270993590355 28.170660171779822
      vertex 65.71210215985775 15.587939240038395 28.170660171779822
      vertex 65.57442606985569 16.16140143573284 28.170660171779822
    endloop
  endfacet
  facet normal 0.9723699212904898 0.23344536013707073 0
    outer loop
      vertex 65.71210215985775 15.587939240038395 28.170660171779822
      vertex 65.57442606985569 16.16140143573284 27.943355349529405
      vertex 65.57442606985569 16.16140143573284 28.170660171779822
    endloop
  endfacet
  facet normal 0 0 1
    outer loop
      vertex 65.35757787525654 16.0909431502223 28.170660171779822
      vertex 65.57442606985569 16.16140143573284 28.170660171779822
      vertex 65.34873576462269 16.70626601576805 28.170660171779822
    endloop
  endfacet
  facet normal 0.8526401680233116 0.5224985587283273 0
    outer loop
      vertex 65.34873576462269 16.70626601576805 27.943355349529405
      vertex 65.04058841615915 17.20911679416895 27.943355349529405
      vertex 65.34873576462269 16.70626601576805 28.170660171779822
    endloop
  endfacet
  facet normal 0 0 1
    outer loop
      vertex 65.14557940512896 16.602752715349197 28.170660171779822
      vertex 65.04058841615915 17.20911679416895 28.170660171779822
      vertex 64.85612632334232 17.07509722560644 28.170660171779822
    endloop
  endfacet
  facet normal 0 0 1
    outer loop
      vertex 65.35757787525654 16.0909431502223 28.170660171779822
      vertex 65.34873576462269 16.70626601576805 28.170660171779822
      vertex 65.14557940512896 16.602752715349197 28.170660171779822
    endloop
  endfacet
  facet normal 0 0 1
    outer loop
      vertex 65.14557940512896 16.602752715349197 28.170660171779822
      vertex 65.34873576462269 16.70626601576805 28.170660171779822
      vertex 65.04058841615915 17.20911679416895 28.170660171779822
    endloop
  endfacet
  facet normal 0.760405957867174 0.6494480573841958 0
    outer loop
      vertex 64.65757171809673 17.657571718096733 27.943355349529405
      vertex 65.04058841615915 17.20911679416895 28.170660171779822
      vertex 65.04058841615915 17.20911679416895 27.943355349529405
    endloop
  endfacet
  facet normal 0 0 1
    outer loop
      vertex 64.65757171809673 17.657571718096733 28.170660171779822
      vertex 64.85612632334232 17.07509722560644 28.170660171779822
      vertex 65.04058841615915 17.20911679416895 28.170660171779822
    endloop
  endfacet
  facet normal 0.760405957867174 0.6494480573841958 0
    outer loop
      vertex 64.65757171809673 17.657571718096733 27.943355349529405
      vertex 64.65757171809673 17.657571718096733 28.170660171779822
      vertex 65.04058841615915 17.20911679416895 28.170660171779822
    endloop
  endfacet
  facet normal 0.8526401680233116 0.5224985587283273 0
    outer loop
      vertex 65.34873576462269 16.70626601576805 28.170660171779822
      vertex 65.04058841615915 17.20911679416895 27.943355349529405
      vertex 65.04058841615915 17.20911679416895 28.170660171779822
    endloop
  endfacet
  facet normal 0.9238795285991981 0.38268344180970726 0
    outer loop
      vertex 65.57442606985569 16.16140143573284 28.170660171779822
      vertex 65.34873576462269 16.70626601576805 27.943355349529405
      vertex 65.34873576462269 16.70626601576805 28.170660171779822
    endloop
  endfacet
  facet normal -0.7604059676526834 -0.6494480459268364 0
    outer loop
      vertex 59.14387367665768 12.924902774393559 28.170660171779822
      vertex 59.503654062747955 12.503654062747955 28.35720441845382
      vertex 59.14387367665768 12.924902774393559 28.35720441845382
    endloop
  endfacet
  facet normal -0.8526401694788446 -0.522498556353113 0
    outer loop
      vertex 59.14387367665768 12.924902774393559 28.35720441845382
      vertex 58.854420594871044 13.397247284650803 28.35720441845382
      vertex 58.854420594871044 13.397247284650803 28.170660171779822
    endloop
  endfacet
  facet normal -0.9238795281078163 -0.38268344299600776 0
    outer loop
      vertex 58.854420594871044 13.397247284650803 28.170660171779822
      vertex 58.854420594871044 13.397247284650803 28.35720441845382
      vertex 58.64242212474346 13.909056849777699 28.170660171779822
    endloop
  endfacet
  facet normal 0 0 1
    outer loop
      vertex 58.854420594871044 13.397247284650803 28.35720441845382
      vertex 59.08619998395443 13.51534479111433 28.35720441845382
      vertex 58.64242212474346 13.909056849777699 28.35720441845382
    endloop
  endfacet
  facet normal -0.8526401694788446 -0.522498556353113 0
    outer loop
      vertex 59.14387367665768 12.924902774393559 28.170660171779822
      vertex 59.14387367665768 12.924902774393559 28.35720441845382
      vertex 58.854420594871044 13.397247284650803 28.170660171779822
    endloop
  endfacet
  facet normal 0 0 1
    outer loop
      vertex 59.14387367665768 12.924902774393559 28.35720441845382
      vertex 59.3543249592185 13.07780459523201 28.35720441845382
      vertex 58.854420594871044 13.397247284650803 28.35720441845382
    endloop
  endfacet
  facet normal 0 0 1
    outer loop
      vertex 58.854420594871044 13.397247284650803 28.35720441845382
      vertex 59.3543249592185 13.07780459523201 28.35720441845382
      vertex 59.08619998395443 13.51534479111433 28.35720441845382
    endloop
  endfacet
  facet normal -0.9723699202466652 -0.2334453644849129 0
    outer loop
      vertex 58.51309838145971 14.447729006409645 28.170660171779822
      vertex 58.64242212474346 13.909056849777699 28.170660171779822
      vertex 58.64242212474346 13.909056849777699 28.35720441845382
    endloop
  endfacet
  facet normal -0.9723699202466652 -0.2334453644849129 0
    outer loop
      vertex 58.51309838145971 14.447729006409645 28.170660171779822
      vertex 58.64242212474346 13.909056849777699 28.35720441845382
      vertex 58.51309838145971 14.447729006409645 28.35720441845382
    endloop
  endfacet
  facet normal -0.9969173339774148 -0.07845909262388762 0
    outer loop
      vertex 58.51309838145971 14.447729006409645 28.170660171779822
      vertex 58.51309838145971 14.447729006409645 28.35720441845382
      vertex 58.4696337133646 15 28.170660171779822
    endloop
  endfacet
  facet normal 0 0 1
    outer loop
      vertex 58.51309838145971 14.447729006409645 28.35720441845382
      vertex 58.770027823746204 14.488422654569149 28.35720441845382
      vertex 58.4696337133646 15 28.35720441845382
    endloop
  endfacet
  facet normal -0.9969173339774148 -0.07845909262388762 0
    outer loop
      vertex 58.51309838145971 14.447729006409645 28.35720441845382
      vertex 58.4696337133646 15 28.35720441845382
      vertex 58.4696337133646 15 28.170660171779822
    endloop
  endfacet
  facet normal -0.9238795281078163 -0.38268344299600776 0
    outer loop
      vertex 58.854420594871044 13.397247284650803 28.35720441845382
      vertex 58.64242212474346 13.909056849777699 28.35720441845382
      vertex 58.64242212474346 13.909056849777699 28.170660171779822
    endloop
  endfacet
  facet normal 0 0 1
    outer loop
      vertex 59.08619998395443 13.51534479111433 28.35720441845382
      vertex 58.88982246816158 13.98944203555584 28.35720441845382
      vertex 58.64242212474346 13.909056849777699 28.35720441845382
    endloop
  endfacet
  facet normal 0 0 1
    outer loop
      vertex 58.51309838145971 14.447729006409645 28.35720441845382
      vertex 58.64242212474346 13.909056849777699 28.35720441845382
      vertex 58.88982246816158 13.98944203555584 28.35720441845382
    endloop
  endfacet
  facet normal 0 0 1
    outer loop
      vertex 58.51309838145971 14.447729006409645 28.35720441845382
      vertex 58.88982246816158 13.98944203555584 28.35720441845382
      vertex 58.770027823746204 14.488422654569149 28.35720441845382
    endloop
  endfacet
  facet normal 0 0 1
    outer loop
      vertex 58.770027823746204 14.488422654569149 28.35720441845382
      vertex 58.729765817523 15 28.35720441845382
      vertex 58.4696337133646 15 28.35720441845382
    endloop
  endfacet
  facet normal -0.6494480459268364 -0.7604059676526834 0
    outer loop
      vertex 59.92490277439356 12.143873676657677 28.170660171779822
      vertex 59.92490277439356 12.143873676657677 28.35720441845382
      vertex 59.503654062747955 12.503654062747955 28.170660171779822
    endloop
  endfacet
  facet normal -0.522498556353113 -0.8526401694788446 0
    outer loop
      vertex 59.92490277439356 12.143873676657677 28.170660171779822
      vertex 60.3972472846508 11.854420594871044 28.170660171779822
      vertex 60.3972472846508 11.854420594871044 28.35720441845382
    endloop
  endfacet
  facet normal -0.522498556353113 -0.8526401694788446 0
    outer loop
      vertex 59.92490277439356 12.143873676657677 28.170660171779822
      vertex 60.3972472846508 11.854420594871044 28.35720441845382
      vertex 59.92490277439356 12.143873676657677 28.35720441845382
    endloop
  endfacet
  facet normal 0 0 1
    outer loop
      vertex 59.92490277439356 12.143873676657677 28.35720441845382
      vertex 60.3972472846508 11.854420594871044 28.35720441845382
      vertex 60.51534479111433 12.08619998395443 28.35720441845382
    endloop
  endfacet
  facet normal 0 0 1
    outer loop
      vertex 59.92490277439356 12.143873676657677 28.35720441845382
      vertex 60.51534479111433 12.08619998395443 28.35720441845382
      vertex 60.07780459523201 12.354324959218502 28.35720441845382
    endloop
  endfacet
  facet normal -0.38268344299600776 -0.9238795281078163 0
    outer loop
      vertex 60.3972472846508 11.854420594871044 28.170660171779822
      vertex 60.9090568497777 11.642422124743462 28.35720441845382
      vertex 60.3972472846508 11.854420594871044 28.35720441845382
    endloop
  endfacet
  facet normal 0 0 1
    outer loop
      vertex 60.3972472846508 11.854420594871044 28.35720441845382
      vertex 60.98944203555584 11.889822468161583 28.35720441845382
      vertex 60.51534479111433 12.08619998395443 28.35720441845382
    endloop
  endfacet
  facet normal -0.2334453644849129 -0.9723699202466652 0
    outer loop
      vertex 60.9090568497777 11.642422124743462 28.170660171779822
      vertex 61.447729006409645 11.513098381459713 28.35720441845382
      vertex 60.9090568497777 11.642422124743462 28.35720441845382
    endloop
  endfacet
  facet normal -0.2334453644849129 -0.9723699202466652 0
    outer loop
      vertex 60.9090568497777 11.642422124743462 28.170660171779822
      vertex 61.447729006409645 11.513098381459713 28.170660171779822
      vertex 61.447729006409645 11.513098381459713 28.35720441845382
    endloop
  endfacet
  facet normal -0.38268344299600776 -0.9238795281078163 0
    outer loop
      vertex 60.3972472846508 11.854420594871044 28.170660171779822
      vertex 60.9090568497777 11.642422124743462 28.170660171779822
      vertex 60.9090568497777 11.642422124743462 28.35720441845382
    endloop
  endfacet
  facet normal 0 0 1
    outer loop
      vertex 60.3972472846508 11.854420594871044 28.35720441845382
      vertex 60.9090568497777 11.642422124743462 28.35720441845382
      vertex 60.98944203555584 11.889822468161583 28.35720441845382
    endloop
  endfacet
  facet normal 0 0 1
    outer loop
      vertex 60.9090568497777 11.642422124743462 28.35720441845382
      vertex 61.48842265456915 11.770027823746204 28.35720441845382
      vertex 60.98944203555584 11.889822468161583 28.35720441845382
    endloop
  endfacet
  facet normal -0.07845909262388762 -0.9969173339774148 0
    outer loop
      vertex 61.447729006409645 11.513098381459713 28.170660171779822
      vertex 62 11.469633713364601 28.35720441845382
      vertex 61.447729006409645 11.513098381459713 28.35720441845382
    endloop
  endfacet
  facet normal -0.07845909262388762 -0.9969173339774148 0
    outer loop
      vertex 61.447729006409645 11.513098381459713 28.170660171779822
      vertex 62 11.469633713364601 28.170660171779822
      vertex 62 11.469633713364601 28.35720441845382
    endloop
  endfacet
  facet normal 0 0 1
    outer loop
      vertex 60.9090568497777 11.642422124743462 28.35720441845382
      vertex 62 11.729765817523003 28.35720441845382
      vertex 61.48842265456915 11.770027823746204 28.35720441845382
    endloop
  endfacet
  facet normal 0 0 1
    outer loop
      vertex 60.9090568497777 11.642422124743462 28.35720441845382
      vertex 61.447729006409645 11.513098381459713 28.35720441845382
      vertex 63.6027527153492 11.854420594871044 28.35720441845382
    endloop
  endfacet
  facet normal -0.7604059676526834 -0.6494480459268364 0
    outer loop
      vertex 59.14387367665768 12.924902774393559 28.170660171779822
      vertex 59.503654062747955 12.503654062747955 28.170660171779822
      vertex 59.503654062747955 12.503654062747955 28.35720441845382
    endloop
  endfacet
  facet normal 0 0 1
    outer loop
      vertex 59.14387367665768 12.924902774393559 28.35720441845382
      vertex 59.503654062747955 12.503654062747955 28.35720441845382
      vertex 59.68759524077177 12.68759524077177 28.35720441845382
    endloop
  endfacet
  facet normal 0 0 1
    outer loop
      vertex 59.14387367665768 12.924902774393559 28.35720441845382
      vertex 59.68759524077177 12.68759524077177 28.35720441845382
      vertex 59.3543249592185 13.07780459523201 28.35720441845382
    endloop
  endfacet
  facet normal -0.6494480459268364 -0.7604059676526834 0
    outer loop
      vertex 59.92490277439356 12.143873676657677 28.35720441845382
      vertex 59.503654062747955 12.503654062747955 28.35720441845382
      vertex 59.503654062747955 12.503654062747955 28.170660171779822
    endloop
  endfacet
  facet normal 0 0 1
    outer loop
      vertex 59.503654062747955 12.503654062747955 28.35720441845382
      vertex 60.07780459523201 12.354324959218502 28.35720441845382
      vertex 59.68759524077177 12.68759524077177 28.35720441845382
    endloop
  endfacet
  facet normal 0 0 1
    outer loop
      vertex 59.92490277439356 12.143873676657677 28.35720441845382
      vertex 60.07780459523201 12.354324959218502 28.35720441845382
      vertex 59.503654062747955 12.503654062747955 28.35720441845382
    endloop
  endfacet
  facet normal -0.9969173339774148 0.07845909262388762 0
    outer loop
      vertex 58.4696337133646 15 28.170660171779822
      vertex 58.4696337133646 15 28.35720441845382
      vertex 58.51309838145971 15.552270993590355 28.170660171779822
    endloop
  endfacet
  facet normal 0 0 1
    outer loop
      vertex 58.4696337133646 15 28.35720441845382
      vertex 58.729765817523 15 28.35720441845382
      vertex 58.51309838145971 15.552270993590355 28.35720441845382
    endloop
  endfacet
  facet normal -0.9969173339774148 0.07845909262388762 0
    outer loop
      vertex 58.4696337133646 15 28.35720441845382
      vertex 58.51309838145971 15.552270993590355 28.35720441845382
      vertex 58.51309838145971 15.552270993590355 28.170660171779822
    endloop
  endfacet
  facet normal -0.9723699202466652 0.2334453644849129 0
    outer loop
      vertex 58.51309838145971 15.552270993590355 28.170660171779822
      vertex 58.51309838145971 15.552270993590355 28.35720441845382
      vertex 58.64242212474346 16.0909431502223 28.170660171779822
    endloop
  endfacet
  facet normal -0.9723699202466652 0.2334453644849129 0
    outer loop
      vertex 58.51309838145971 15.552270993590355 28.35720441845382
      vertex 58.64242212474346 16.0909431502223 28.35720441845382
      vertex 58.64242212474346 16.0909431502223 28.170660171779822
    endloop
  endfacet
  facet normal 0 0 1
    outer loop
      vertex 58.51309838145971 15.552270993590355 28.35720441845382
      vertex 58.729765817523 15 28.35720441845382
      vertex 58.770027823746204 15.511577345430851 28.35720441845382
    endloop
  endfacet
  facet normal 0 0 1
    outer loop
      vertex 58.51309838145971 15.552270993590355 28.35720441845382
      vertex 58.770027823746204 15.511577345430851 28.35720441845382
      vertex 58.64242212474346 16.0909431502223 28.35720441845382
    endloop
  endfacet
  facet normal 0 0 1
    outer loop
      vertex 58.770027823746204 15.511577345430851 28.35720441845382
      vertex 58.88982246816158 16.01055796444416 28.35720441845382
      vertex 58.64242212474346 16.0909431502223 28.35720441845382
    endloop
  endfacet
  facet normal -0.9238795281078163 0.38268344299600776 0
    outer loop
      vertex 58.64242212474346 16.0909431502223 28.170660171779822
      vertex 58.64242212474346 16.0909431502223 28.35720441845382
      vertex 58.854420594871044 16.602752715349197 28.170660171779822
    endloop
  endfacet
  facet normal 0 0 1
    outer loop
      vertex 58.88982246816158 16.01055796444416 28.35720441845382
      vertex 58.854420594871044 16.602752715349197 28.35720441845382
      vertex 58.64242212474346 16.0909431502223 28.35720441845382
    endloop
  endfacet
  facet normal -0.9238795281078163 0.38268344299600776 0
    outer loop
      vertex 58.64242212474346 16.0909431502223 28.35720441845382
      vertex 58.854420594871044 16.602752715349197 28.35720441845382
      vertex 58.854420594871044 16.602752715349197 28.170660171779822
    endloop
  endfacet
  facet normal 0 0 1
    outer loop
      vertex 58.88982246816158 16.01055796444416 28.35720441845382
      vertex 59.08619998395443 16.48465520888567 28.35720441845382
      vertex 58.854420594871044 16.602752715349197 28.35720441845382
    endloop
  endfacet
  facet normal -0.8526401694788446 0.522498556353113 0
    outer loop
      vertex 58.854420594871044 16.602752715349197 28.170660171779822
      vertex 58.854420594871044 16.602752715349197 28.35720441845382
      vertex 59.14387367665768 17.07509722560644 28.170660171779822
    endloop
  endfacet
  facet normal -0.8526401694788446 0.522498556353113 0
    outer loop
      vertex 58.854420594871044 16.602752715349197 28.35720441845382
      vertex 59.14387367665768 17.07509722560644 28.35720441845382
      vertex 59.14387367665768 17.07509722560644 28.170660171779822
    endloop
  endfacet
  facet normal 0 0 1
    outer loop
      vertex 58.854420594871044 16.602752715349197 28.35720441845382
      vertex 59.08619998395443 16.48465520888567 28.35720441845382
      vertex 59.14387367665768 17.07509722560644 28.35720441845382
    endloop
  endfacet
  facet normal 0 0 1
    outer loop
      vertex 59.08619998395443 16.48465520888567 28.35720441845382
      vertex 59.3543249592185 16.92219540476799 28.35720441845382
      vertex 59.14387367665768 17.07509722560644 28.35720441845382
    endloop
  endfacet
  facet normal -0.7604059676526834 0.6494480459268364 0
    outer loop
      vertex 59.14387367665768 17.07509722560644 28.170660171779822
      vertex 59.14387367665768 17.07509722560644 28.35720441845382
      vertex 59.503654062747955 17.496345937252045 28.170660171779822
    endloop
  endfacet
  facet normal -0.7604059676526834 0.6494480459268364 0
    outer loop
      vertex 59.14387367665768 17.07509722560644 28.35720441845382
      vertex 59.503654062747955 17.496345937252045 28.35720441845382
      vertex 59.503654062747955 17.496345937252045 28.170660171779822
    endloop
  endfacet
  facet normal 0 0 1
    outer loop
      vertex 59.14387367665768 17.07509722560644 28.35720441845382
      vertex 59.3543249592185 16.92219540476799 28.35720441845382
      vertex 59.503654062747955 17.496345937252045 28.35720441845382
    endloop
  endfacet
  facet normal 0 0 1
    outer loop
      vertex 59.3543249592185 16.92219540476799 28.35720441845382
      vertex 59.68759524077177 17.31240475922823 28.35720441845382
      vertex 59.503654062747955 17.496345937252045 28.35720441845382
    endloop
  endfacet
  facet normal -0.6494480459268364 0.7604059676526834 0
    outer loop
      vertex 59.503654062747955 17.496345937252045 28.170660171779822
      vertex 59.503654062747955 17.496345937252045 28.35720441845382
      vertex 59.92490277439356 17.856126323342323 28.170660171779822
    endloop
  endfacet
  facet normal 0 0 1
    outer loop
      vertex 59.503654062747955 17.496345937252045 28.35720441845382
      vertex 59.68759524077177 17.31240475922823 28.35720441845382
      vertex 59.92490277439356 17.856126323342323 28.35720441845382
    endloop
  endfacet
  facet normal 0 0 1
    outer loop
      vertex 59.68759524077177 17.31240475922823 28.35720441845382
      vertex 60.07780459523201 17.645675040781498 28.35720441845382
      vertex 59.92490277439356 17.856126323342323 28.35720441845382
    endloop
  endfacet
  facet normal -0.6494480459268364 0.7604059676526834 0
    outer loop
      vertex 59.503654062747955 17.496345937252045 28.35720441845382
      vertex 59.92490277439356 17.856126323342323 28.35720441845382
      vertex 59.92490277439356 17.856126323342323 28.170660171779822
    endloop
  endfacet
  facet normal -0.522498556353113 0.8526401694788446 0
    outer loop
      vertex 59.92490277439356 17.856126323342323 28.170660171779822
      vertex 59.92490277439356 17.856126323342323 28.35720441845382
      vertex 60.3972472846508 18.145579405128956 28.170660171779822
    endloop
  endfacet
  facet normal 0 0 1
    outer loop
      vertex 60.07780459523201 17.645675040781498 28.35720441845382
      vertex 60.51534479111433 17.91380001604557 28.35720441845382
      vertex 59.92490277439356 17.856126323342323 28.35720441845382
    endloop
  endfacet
  facet normal 0 0 1
    outer loop
      vertex 59.92490277439356 17.856126323342323 28.35720441845382
      vertex 60.51534479111433 17.91380001604557 28.35720441845382
      vertex 60.3972472846508 18.145579405128956 28.35720441845382
    endloop
  endfacet
  facet normal -0.522498556353113 0.8526401694788446 0
    outer loop
      vertex 59.92490277439356 17.856126323342323 28.35720441845382
      vertex 60.3972472846508 18.145579405128956 28.35720441845382
      vertex 60.3972472846508 18.145579405128956 28.170660171779822
    endloop
  endfacet
  facet normal -0.38268344299600776 0.9238795281078163 0
    outer loop
      vertex 60.3972472846508 18.145579405128956 28.170660171779822
      vertex 60.3972472846508 18.145579405128956 28.35720441845382
      vertex 60.9090568497777 18.35757787525654 28.170660171779822
    endloop
  endfacet
  facet normal 0 0 1
    outer loop
      vertex 60.51534479111433 17.91380001604557 28.35720441845382
      vertex 60.98944203555584 18.110177531838417 28.35720441845382
      vertex 60.3972472846508 18.145579405128956 28.35720441845382
    endloop
  endfacet
  facet normal -0.38268344299600776 0.9238795281078163 0
    outer loop
      vertex 60.3972472846508 18.145579405128956 28.35720441845382
      vertex 60.9090568497777 18.35757787525654 28.35720441845382
      vertex 60.9090568497777 18.35757787525654 28.170660171779822
    endloop
  endfacet
  facet normal 0 0 1
    outer loop
      vertex 60.3972472846508 18.145579405128956 28.35720441845382
      vertex 60.98944203555584 18.110177531838417 28.35720441845382
      vertex 61.48842265456915 18.229972176253796 28.35720441845382
    endloop
  endfacet
  facet normal 0 0 1
    outer loop
      vertex 60.3972472846508 18.145579405128956 28.35720441845382
      vertex 61.48842265456915 18.229972176253796 28.35720441845382
      vertex 62 18.270234182476997 28.35720441845382
    endloop
  endfacet
  facet normal 0 0 1
    outer loop
      vertex 60.3972472846508 18.145579405128956 28.35720441845382
      vertex 62.552270993590355 18.486901618540287 28.35720441845382
      vertex 60.9090568497777 18.35757787525654 28.35720441845382
    endloop
  endfacet
  facet normal -0.2334453644849129 0.9723699202466652 0
    outer loop
      vertex 60.9090568497777 18.35757787525654 28.170660171779822
      vertex 60.9090568497777 18.35757787525654 28.35720441845382
      vertex 61.447729006409645 18.486901618540287 28.170660171779822
    endloop
  endfacet
  facet normal -0.2334453644849129 0.9723699202466652 0
    outer loop
      vertex 60.9090568497777 18.35757787525654 28.35720441845382
      vertex 61.447729006409645 18.486901618540287 28.35720441845382
      vertex 61.447729006409645 18.486901618540287 28.170660171779822
    endloop
  endfacet
  facet normal 0 0 1
    outer loop
      vertex 60.3972472846508 18.145579405128956 28.35720441845382
      vertex 62 18.270234182476997 28.35720441845382
      vertex 63.0909431502223 18.35757787525654 28.35720441845382
    endloop
  endfacet
  facet normal -0.07845909262388762 0.9969173339774148 0
    outer loop
      vertex 61.447729006409645 18.486901618540287 28.170660171779822
      vertex 61.447729006409645 18.486901618540287 28.35720441845382
      vertex 62 18.5303662866354 28.170660171779822
    endloop
  endfacet
  facet normal 0 0 1
    outer loop
      vertex 60.9090568497777 18.35757787525654 28.35720441845382
      vertex 62 18.5303662866354 28.35720441845382
      vertex 61.447729006409645 18.486901618540287 28.35720441845382
    endloop
  endfacet
  facet normal -0.07845909262388762 0.9969173339774148 0
    outer loop
      vertex 61.447729006409645 18.486901618540287 28.35720441845382
      vertex 62 18.5303662866354 28.35720441845382
      vertex 62 18.5303662866354 28.170660171779822
    endloop
  endfacet
  facet normal 0 0 1
    outer loop
      vertex 60.9090568497777 18.35757787525654 28.35720441845382
      vertex 62.552270993590355 18.486901618540287 28.35720441845382
      vertex 62 18.5303662866354 28.35720441845382
    endloop
  endfacet
  facet normal 0.07845909262388762 -0.9969173339774148 0
    outer loop
      vertex 62 11.469633713364601 28.170660171779822
      vertex 62.552270993590355 11.513098381459713 28.35720441845382
      vertex 62 11.469633713364601 28.35720441845382
    endloop
  endfacet
  facet normal 0 0 1
    outer loop
      vertex 61.447729006409645 11.513098381459713 28.35720441845382
      vertex 62 11.469633713364601 28.35720441845382
      vertex 63.0909431502223 11.642422124743462 28.35720441845382
    endloop
  endfacet
  facet normal 0.07845909262388762 -0.9969173339774148 0
    outer loop
      vertex 62 11.469633713364601 28.170660171779822
      vertex 62.552270993590355 11.513098381459713 28.170660171779822
      vertex 62.552270993590355 11.513098381459713 28.35720441845382
    endloop
  endfacet
  facet normal 0 0 1
    outer loop
      vertex 62 11.469633713364601 28.35720441845382
      vertex 62.552270993590355 11.513098381459713 28.35720441845382
      vertex 63.0909431502223 11.642422124743462 28.35720441845382
    endloop
  endfacet
  facet normal 0 0 1
    outer loop
      vertex 60.9090568497777 11.642422124743462 28.35720441845382
      vertex 63.6027527153492 11.854420594871044 28.35720441845382
      vertex 62 11.729765817523003 28.35720441845382
    endloop
  endfacet
  facet normal 0.2334453644849129 -0.9723699202466652 0
    outer loop
      vertex 62.552270993590355 11.513098381459713 28.170660171779822
      vertex 63.0909431502223 11.642422124743462 28.35720441845382
      vertex 62.552270993590355 11.513098381459713 28.35720441845382
    endloop
  endfacet
  facet normal 0.2334453644849129 -0.9723699202466652 0
    outer loop
      vertex 62.552270993590355 11.513098381459713 28.170660171779822
      vertex 63.0909431502223 11.642422124743462 28.170660171779822
      vertex 63.0909431502223 11.642422124743462 28.35720441845382
    endloop
  endfacet
  facet normal 0 0 1
    outer loop
      vertex 61.447729006409645 11.513098381459713 28.35720441845382
      vertex 63.0909431502223 11.642422124743462 28.35720441845382
      vertex 63.6027527153492 11.854420594871044 28.35720441845382
    endloop
  endfacet
  facet normal 0 0 1
    outer loop
      vertex 62 11.729765817523003 28.35720441845382
      vertex 63.6027527153492 11.854420594871044 28.35720441845382
      vertex 62.51157734543085 11.770027823746204 28.35720441845382
    endloop
  endfacet
  facet normal 0.38268344299600776 -0.9238795281078163 0
    outer loop
      vertex 63.0909431502223 11.642422124743462 28.170660171779822
      vertex 63.6027527153492 11.854420594871044 28.35720441845382
      vertex 63.0909431502223 11.642422124743462 28.35720441845382
    endloop
  endfacet
  facet normal 0 0 1
    outer loop
      vertex 62.51157734543085 11.770027823746204 28.35720441845382
      vertex 63.6027527153492 11.854420594871044 28.35720441845382
      vertex 63.01055796444416 11.889822468161583 28.35720441845382
    endloop
  endfacet
  facet normal 0.38268344299600776 -0.9238795281078163 0
    outer loop
      vertex 63.0909431502223 11.642422124743462 28.170660171779822
      vertex 63.6027527153492 11.854420594871044 28.170660171779822
      vertex 63.6027527153492 11.854420594871044 28.35720441845382
    endloop
  endfacet
  facet normal 0 0 1
    outer loop
      vertex 63.01055796444416 11.889822468161583 28.35720441845382
      vertex 63.6027527153492 11.854420594871044 28.35720441845382
      vertex 63.48465520888567 12.08619998395443 28.35720441845382
    endloop
  endfacet
  facet normal 0.522498556353113 -0.8526401694788446 0
    outer loop
      vertex 63.6027527153492 11.854420594871044 28.170660171779822
      vertex 64.07509722560644 12.143873676657677 28.35720441845382
      vertex 63.6027527153492 11.854420594871044 28.35720441845382
    endloop
  endfacet
  facet normal 0.522498556353113 -0.8526401694788446 0
    outer loop
      vertex 63.6027527153492 11.854420594871044 28.170660171779822
      vertex 64.07509722560644 12.143873676657677 28.170660171779822
      vertex 64.07509722560644 12.143873676657677 28.35720441845382
    endloop
  endfacet
  facet normal 0 0 1
    outer loop
      vertex 63.6027527153492 11.854420594871044 28.35720441845382
      vertex 64.07509722560644 12.143873676657677 28.35720441845382
      vertex 63.48465520888567 12.08619998395443 28.35720441845382
    endloop
  endfacet
  facet normal 0 0 1
    outer loop
      vertex 63.48465520888567 12.08619998395443 28.35720441845382
      vertex 64.07509722560644 12.143873676657677 28.35720441845382
      vertex 63.92219540476799 12.354324959218502 28.35720441845382
    endloop
  endfacet
  facet normal 0.6494480459268364 -0.7604059676526834 0
    outer loop
      vertex 64.07509722560644 12.143873676657677 28.170660171779822
      vertex 64.49634593725204 12.503654062747955 28.35720441845382
      vertex 64.07509722560644 12.143873676657677 28.35720441845382
    endloop
  endfacet
  facet normal 0.6494480459268364 -0.7604059676526834 0
    outer loop
      vertex 64.07509722560644 12.143873676657677 28.170660171779822
      vertex 64.49634593725204 12.503654062747955 28.170660171779822
      vertex 64.49634593725204 12.503654062747955 28.35720441845382
    endloop
  endfacet
  facet normal 0 0 1
    outer loop
      vertex 64.07509722560644 12.143873676657677 28.35720441845382
      vertex 64.31240475922823 12.68759524077177 28.35720441845382
      vertex 63.92219540476799 12.354324959218502 28.35720441845382
    endloop
  endfacet
  facet normal 0 0 1
    outer loop
      vertex 64.07509722560644 12.143873676657677 28.35720441845382
      vertex 64.49634593725204 12.503654062747955 28.35720441845382
      vertex 64.31240475922823 12.68759524077177 28.35720441845382
    endloop
  endfacet
  facet normal 0.7604059676526834 -0.6494480459268364 0
    outer loop
      vertex 64.49634593725204 12.503654062747955 28.170660171779822
      vertex 64.85612632334232 12.924902774393559 28.35720441845382
      vertex 64.49634593725204 12.503654062747955 28.35720441845382
    endloop
  endfacet
  facet normal 0 0 1
    outer loop
      vertex 64.31240475922823 12.68759524077177 28.35720441845382
      vertex 64.49634593725204 12.503654062747955 28.35720441845382
      vertex 64.6456750407815 13.07780459523201 28.35720441845382
    endloop
  endfacet
  facet normal 0 0 1
    outer loop
      vertex 64.49634593725204 12.503654062747955 28.35720441845382
      vertex 64.85612632334232 12.924902774393559 28.35720441845382
      vertex 64.6456750407815 13.07780459523201 28.35720441845382
    endloop
  endfacet
  facet normal 0.7604059676526834 -0.6494480459268364 0
    outer loop
      vertex 64.49634593725204 12.503654062747955 28.170660171779822
      vertex 64.85612632334232 12.924902774393559 28.170660171779822
      vertex 64.85612632334232 12.924902774393559 28.35720441845382
    endloop
  endfacet
  facet normal 0.8526401694788446 -0.522498556353113 0
    outer loop
      vertex 64.85612632334232 12.924902774393559 28.170660171779822
      vertex 65.14557940512896 13.397247284650803 28.35720441845382
      vertex 64.85612632334232 12.924902774393559 28.35720441845382
    endloop
  endfacet
  facet normal 0 0 1
    outer loop
      vertex 64.6456750407815 13.07780459523201 28.35720441845382
      vertex 64.85612632334232 12.924902774393559 28.35720441845382
      vertex 64.91380001604557 13.51534479111433 28.35720441845382
    endloop
  endfacet
  facet normal 0 0 1
    outer loop
      vertex 64.85612632334232 12.924902774393559 28.35720441845382
      vertex 65.14557940512896 13.397247284650803 28.35720441845382
      vertex 64.91380001604557 13.51534479111433 28.35720441845382
    endloop
  endfacet
  facet normal 0.8526401694788446 -0.522498556353113 0
    outer loop
      vertex 64.85612632334232 12.924902774393559 28.170660171779822
      vertex 65.14557940512896 13.397247284650803 28.170660171779822
      vertex 65.14557940512896 13.397247284650803 28.35720441845382
    endloop
  endfacet
  facet normal 0.9238795281078163 -0.38268344299600776 0
    outer loop
      vertex 65.14557940512896 13.397247284650803 28.170660171779822
      vertex 65.35757787525654 13.909056849777699 28.35720441845382
      vertex 65.14557940512896 13.397247284650803 28.35720441845382
    endloop
  endfacet
  facet normal 0 0 1
    outer loop
      vertex 64.91380001604557 13.51534479111433 28.35720441845382
      vertex 65.14557940512896 13.397247284650803 28.35720441845382
      vertex 65.11017753183842 13.98944203555584 28.35720441845382
    endloop
  endfacet
  facet normal 0.9238795281078163 -0.38268344299600776 0
    outer loop
      vertex 65.14557940512896 13.397247284650803 28.170660171779822
      vertex 65.35757787525654 13.909056849777699 28.170660171779822
      vertex 65.35757787525654 13.909056849777699 28.35720441845382
    endloop
  endfacet
  facet normal 0 0 1
    outer loop
      vertex 65.14557940512896 13.397247284650803 28.35720441845382
      vertex 65.35757787525654 13.909056849777699 28.35720441845382
      vertex 65.11017753183842 13.98944203555584 28.35720441845382
    endloop
  endfacet
  facet normal 0 0 1
    outer loop
      vertex 65.35757787525654 13.909056849777699 28.35720441845382
      vertex 65.2299721762538 14.488422654569149 28.35720441845382
      vertex 65.11017753183842 13.98944203555584 28.35720441845382
    endloop
  endfacet
  facet normal 0 0 1
    outer loop
      vertex 65.35757787525654 13.909056849777699 28.35720441845382
      vertex 65.48690161854029 14.447729006409645 28.35720441845382
      vertex 65.2299721762538 14.488422654569149 28.35720441845382
    endloop
  endfacet
  facet normal 0 0 1
    outer loop
      vertex 65.2299721762538 14.488422654569149 28.35720441845382
      vertex 65.48690161854029 14.447729006409645 28.35720441845382
      vertex 65.270234182477 15 28.35720441845382
    endloop
  endfacet
  facet normal 0.9723699202466652 -0.2334453644849129 0
    outer loop
      vertex 65.35757787525654 13.909056849777699 28.170660171779822
      vertex 65.48690161854029 14.447729006409645 28.35720441845382
      vertex 65.35757787525654 13.909056849777699 28.35720441845382
    endloop
  endfacet
  facet normal 0.9723699202466652 -0.2334453644849129 0
    outer loop
      vertex 65.35757787525654 13.909056849777699 28.170660171779822
      vertex 65.48690161854029 14.447729006409645 28.170660171779822
      vertex 65.48690161854029 14.447729006409645 28.35720441845382
    endloop
  endfacet
  facet normal 0.9969173339774148 -0.07845909262388762 0
    outer loop
      vertex 65.48690161854029 14.447729006409645 28.170660171779822
      vertex 65.5303662866354 15 28.35720441845382
      vertex 65.48690161854029 14.447729006409645 28.35720441845382
    endloop
  endfacet
  facet normal 0.9969173339774148 -0.07845909262388762 0
    outer loop
      vertex 65.48690161854029 14.447729006409645 28.170660171779822
      vertex 65.5303662866354 15 28.170660171779822
      vertex 65.5303662866354 15 28.35720441845382
    endloop
  endfacet
  facet normal 0 0 1
    outer loop
      vertex 65.48690161854029 14.447729006409645 28.35720441845382
      vertex 65.5303662866354 15 28.35720441845382
      vertex 65.270234182477 15 28.35720441845382
    endloop
  endfacet
  facet normal 0.6494480459268364 0.7604059676526834 0
    outer loop
      vertex 64.49634593725204 17.496345937252045 28.170660171779822
      vertex 64.07509722560644 17.856126323342323 28.35720441845382
      vertex 64.49634593725204 17.496345937252045 28.35720441845382
    endloop
  endfacet
  facet normal 0 0 1
    outer loop
      vertex 63.92219540476799 17.645675040781498 28.35720441845382
      vertex 64.49634593725204 17.496345937252045 28.35720441845382
      vertex 64.07509722560644 17.856126323342323 28.35720441845382
    endloop
  endfacet
  facet normal 0 0 1
    outer loop
      vertex 63.92219540476799 17.645675040781498 28.35720441845382
      vertex 64.31240475922823 17.31240475922823 28.35720441845382
      vertex 64.49634593725204 17.496345937252045 28.35720441845382
    endloop
  endfacet
  facet normal 0.7604059676526834 0.6494480459268364 0
    outer loop
      vertex 64.49634593725204 17.496345937252045 28.170660171779822
      vertex 64.49634593725204 17.496345937252045 28.35720441845382
      vertex 64.85612632334232 17.07509722560644 28.170660171779822
    endloop
  endfacet
  facet normal 0 0 1
    outer loop
      vertex 64.6456750407815 16.92219540476799 28.35720441845382
      vertex 64.85612632334232 17.07509722560644 28.35720441845382
      vertex 64.31240475922823 17.31240475922823 28.35720441845382
    endloop
  endfacet
  facet normal 0 0 1
    outer loop
      vertex 64.31240475922823 17.31240475922823 28.35720441845382
      vertex 64.85612632334232 17.07509722560644 28.35720441845382
      vertex 64.49634593725204 17.496345937252045 28.35720441845382
    endloop
  endfacet
  facet normal 0 0 1
    outer loop
      vertex 60.3972472846508 18.145579405128956 28.35720441845382
      vertex 63.0909431502223 18.35757787525654 28.35720441845382
      vertex 62.552270993590355 18.486901618540287 28.35720441845382
    endloop
  endfacet
  facet normal 0 0 1
    outer loop
      vertex 62 18.270234182476997 28.35720441845382
      vertex 62.51157734543085 18.229972176253796 28.35720441845382
      vertex 63.0909431502223 18.35757787525654 28.35720441845382
    endloop
  endfacet
  facet normal 0.07845909262388762 0.9969173339774148 0
    outer loop
      vertex 62 18.5303662866354 28.170660171779822
      vertex 62 18.5303662866354 28.35720441845382
      vertex 62.552270993590355 18.486901618540287 28.170660171779822
    endloop
  endfacet
  facet normal 0.07845909262388762 0.9969173339774148 0
    outer loop
      vertex 62 18.5303662866354 28.35720441845382
      vertex 62.552270993590355 18.486901618540287 28.35720441845382
      vertex 62.552270993590355 18.486901618540287 28.170660171779822
    endloop
  endfacet
  facet normal 0 0 1
    outer loop
      vertex 62.51157734543085 18.229972176253796 28.35720441845382
      vertex 63.01055796444416 18.110177531838417 28.35720441845382
      vertex 63.0909431502223 18.35757787525654 28.35720441845382
    endloop
  endfacet
  facet normal 0.38268344299600776 0.9238795281078163 0
    outer loop
      vertex 63.0909431502223 18.35757787525654 28.170660171779822
      vertex 63.0909431502223 18.35757787525654 28.35720441845382
      vertex 63.6027527153492 18.145579405128956 28.170660171779822
    endloop
  endfacet
  facet normal 0 0 1
    outer loop
      vertex 63.01055796444416 18.110177531838417 28.35720441845382
      vertex 63.6027527153492 18.145579405128956 28.35720441845382
      vertex 63.0909431502223 18.35757787525654 28.35720441845382
    endloop
  endfacet
  facet normal 0.2334453644849129 0.9723699202466652 0
    outer loop
      vertex 62.552270993590355 18.486901618540287 28.170660171779822
      vertex 62.552270993590355 18.486901618540287 28.35720441845382
      vertex 63.0909431502223 18.35757787525654 28.170660171779822
    endloop
  endfacet
  facet normal 0.2334453644849129 0.9723699202466652 0
    outer loop
      vertex 62.552270993590355 18.486901618540287 28.35720441845382
      vertex 63.0909431502223 18.35757787525654 28.35720441845382
      vertex 63.0909431502223 18.35757787525654 28.170660171779822
    endloop
  endfacet
  facet normal 0.38268344299600776 0.9238795281078163 0
    outer loop
      vertex 63.0909431502223 18.35757787525654 28.35720441845382
      vertex 63.6027527153492 18.145579405128956 28.35720441845382
      vertex 63.6027527153492 18.145579405128956 28.170660171779822
    endloop
  endfacet
  facet normal 0 0 1
    outer loop
      vertex 63.01055796444416 18.110177531838417 28.35720441845382
      vertex 63.48465520888567 17.91380001604557 28.35720441845382
      vertex 63.6027527153492 18.145579405128956 28.35720441845382
    endloop
  endfacet
  facet normal 0.522498556353113 0.8526401694788446 0
    outer loop
      vertex 63.6027527153492 18.145579405128956 28.35720441845382
      vertex 64.07509722560644 17.856126323342323 28.35720441845382
      vertex 64.07509722560644 17.856126323342323 28.170660171779822
    endloop
  endfacet
  facet normal 0 0 1
    outer loop
      vertex 63.92219540476799 17.645675040781498 28.35720441845382
      vertex 64.07509722560644 17.856126323342323 28.35720441845382
      vertex 63.48465520888567 17.91380001604557 28.35720441845382
    endloop
  endfacet
  facet normal 0 0 1
    outer loop
      vertex 63.48465520888567 17.91380001604557 28.35720441845382
      vertex 64.07509722560644 17.856126323342323 28.35720441845382
      vertex 63.6027527153492 18.145579405128956 28.35720441845382
    endloop
  endfacet
  facet normal 0.522498556353113 0.8526401694788446 0
    outer loop
      vertex 63.6027527153492 18.145579405128956 28.170660171779822
      vertex 63.6027527153492 18.145579405128956 28.35720441845382
      vertex 64.07509722560644 17.856126323342323 28.170660171779822
    endloop
  endfacet
  facet normal 0.6494480459268364 0.7604059676526834 0
    outer loop
      vertex 64.49634593725204 17.496345937252045 28.170660171779822
      vertex 64.07509722560644 17.856126323342323 28.170660171779822
      vertex 64.07509722560644 17.856126323342323 28.35720441845382
    endloop
  endfacet
  facet normal 0 0 1
    outer loop
      vertex 65.270234182477 15 28.35720441845382
      vertex 65.5303662866354 15 28.35720441845382
      vertex 65.2299721762538 15.511577345430851 28.35720441845382
    endloop
  endfacet
  facet normal 0 0 1
    outer loop
      vertex 65.2299721762538 15.511577345430851 28.35720441845382
      vertex 65.48690161854029 15.552270993590355 28.35720441845382
      vertex 65.11017753183842 16.01055796444416 28.35720441845382
    endloop
  endfacet
  facet normal 0 0 1
    outer loop
      vertex 65.11017753183842 16.01055796444416 28.35720441845382
      vertex 65.48690161854029 15.552270993590355 28.35720441845382
      vertex 65.35757787525654 16.0909431502223 28.35720441845382
    endloop
  endfacet
  facet normal 0.9238795281078163 0.38268344299600776 0
    outer loop
      vertex 65.35757787525654 16.0909431502223 28.170660171779822
      vertex 65.14557940512896 16.602752715349197 28.35720441845382
      vertex 65.35757787525654 16.0909431502223 28.35720441845382
    endloop
  endfacet
  facet normal 0 0 1
    outer loop
      vertex 65.11017753183842 16.01055796444416 28.35720441845382
      vertex 65.35757787525654 16.0909431502223 28.35720441845382
      vertex 64.91380001604557 16.48465520888567 28.35720441845382
    endloop
  endfacet
  facet normal 0.9969173339774148 0.07845909262388762 0
    outer loop
      vertex 65.5303662866354 15 28.170660171779822
      vertex 65.48690161854029 15.552270993590355 28.35720441845382
      vertex 65.5303662866354 15 28.35720441845382
    endloop
  endfacet
  facet normal 0.9969173339774148 0.07845909262388762 0
    outer loop
      vertex 65.5303662866354 15 28.170660171779822
      vertex 65.48690161854029 15.552270993590355 28.170660171779822
      vertex 65.48690161854029 15.552270993590355 28.35720441845382
    endloop
  endfacet
  facet normal 0 0 1
    outer loop
      vertex 65.2299721762538 15.511577345430851 28.35720441845382
      vertex 65.5303662866354 15 28.35720441845382
      vertex 65.48690161854029 15.552270993590355 28.35720441845382
    endloop
  endfacet
  facet normal 0.9723699202466652 0.2334453644849129 0
    outer loop
      vertex 65.35757787525654 16.0909431502223 28.35720441845382
      vertex 65.48690161854029 15.552270993590355 28.35720441845382
      vertex 65.48690161854029 15.552270993590355 28.170660171779822
    endloop
  endfacet
  facet normal 0.9723699202466652 0.2334453644849129 0
    outer loop
      vertex 65.35757787525654 16.0909431502223 28.170660171779822
      vertex 65.35757787525654 16.0909431502223 28.35720441845382
      vertex 65.48690161854029 15.552270993590355 28.170660171779822
    endloop
  endfacet
  facet normal 0 0 1
    outer loop
      vertex 64.6456750407815 16.92219540476799 28.35720441845382
      vertex 64.91380001604557 16.48465520888567 28.35720441845382
      vertex 65.14557940512896 16.602752715349197 28.35720441845382
    endloop
  endfacet
  facet normal 0.8526401694788446 0.522498556353113 0
    outer loop
      vertex 65.14557940512896 16.602752715349197 28.170660171779822
      vertex 64.85612632334232 17.07509722560644 28.170660171779822
      vertex 64.85612632334232 17.07509722560644 28.35720441845382
    endloop
  endfacet
  facet normal 0 0 1
    outer loop
      vertex 64.6456750407815 16.92219540476799 28.35720441845382
      vertex 65.14557940512896 16.602752715349197 28.35720441845382
      vertex 64.85612632334232 17.07509722560644 28.35720441845382
    endloop
  endfacet
  facet normal 0.9238795281078163 0.38268344299600776 0
    outer loop
      vertex 65.35757787525654 16.0909431502223 28.170660171779822
      vertex 65.14557940512896 16.602752715349197 28.170660171779822
      vertex 65.14557940512896 16.602752715349197 28.35720441845382
    endloop
  endfacet
  facet normal 0 0 1
    outer loop
      vertex 65.35757787525654 16.0909431502223 28.35720441845382
      vertex 65.14557940512896 16.602752715349197 28.35720441845382
      vertex 64.91380001604557 16.48465520888567 28.35720441845382
    endloop
  endfacet
  facet normal 0.8526401694788446 0.522498556353113 0
    outer loop
      vertex 65.14557940512896 16.602752715349197 28.170660171779822
      vertex 64.85612632334232 17.07509722560644 28.35720441845382
      vertex 65.14557940512896 16.602752715349197 28.35720441845382
    endloop
  endfacet
  facet normal 0.7604059676526834 0.6494480459268364 0
    outer loop
      vertex 64.49634593725204 17.496345937252045 28.35720441845382
      vertex 64.85612632334232 17.07509722560644 28.35720441845382
      vertex 64.85612632334232 17.07509722560644 28.170660171779822
    endloop
  endfacet
  facet normal -0.8526401657566133 -0.5224985624272426 0
    outer loop
      vertex 59.08619998395443 13.51534479111433 28.495819298766932
      vertex 59.3543249592185 13.07780459523201 28.35720441845382
      vertex 59.3543249592185 13.07780459523201 28.495819298766932
    endloop
  endfacet
  facet normal -0.8526401657566133 -0.5224985624272426 0
    outer loop
      vertex 59.08619998395443 13.51534479111433 28.35720441845382
      vertex 59.3543249592185 13.07780459523201 28.35720441845382
      vertex 59.08619998395443 13.51534479111433 28.495819298766932
    endloop
  endfacet
  facet normal 0 0 1
    outer loop
      vertex 59.08619998395443 13.51534479111433 28.495819298766932
      vertex 59.3543249592185 13.07780459523201 28.495819298766932
      vertex 59.33769528567791 13.643488056957722 28.495819298766932
    endloop
  endfacet
  facet normal -0.9238795275083277 -0.3826834444433009 0
    outer loop
      vertex 59.08619998395443 13.51534479111433 28.35720441845382
      vertex 58.88982246816158 13.98944203555584 28.495819298766932
      vertex 58.88982246816158 13.98944203555584 28.35720441845382
    endloop
  endfacet
  facet normal -0.9723699219027077 -0.23344535758699933 0
    outer loop
      vertex 58.88982246816158 13.98944203555584 28.35720441845382
      vertex 58.88982246816158 13.98944203555584 28.495819298766932
      vertex 58.770027823746204 14.488422654569149 28.495819298766932
    endloop
  endfacet
  facet normal -0.9723699219027077 -0.23344535758699933 0
    outer loop
      vertex 58.88982246816158 13.98944203555584 28.35720441845382
      vertex 58.770027823746204 14.488422654569149 28.495819298766932
      vertex 58.770027823746204 14.488422654569149 28.35720441845382
    endloop
  endfacet
  facet normal -0.9238795275083277 -0.3826834444433009 0
    outer loop
      vertex 59.08619998395443 13.51534479111433 28.35720441845382
      vertex 59.08619998395443 13.51534479111433 28.495819298766932
      vertex 58.88982246816158 13.98944203555584 28.495819298766932
    endloop
  endfacet
  facet normal 0 0 1
    outer loop
      vertex 59.08619998395443 13.51534479111433 28.495819298766932
      vertex 59.158267468214035 14.076665110886097 28.495819298766932
      vertex 58.88982246816158 13.98944203555584 28.495819298766932
    endloop
  endfacet
  facet normal 0 0 1
    outer loop
      vertex 59.08619998395443 13.51534479111433 28.495819298766932
      vertex 59.33769528567791 13.643488056957722 28.495819298766932
      vertex 59.158267468214035 14.076665110886097 28.495819298766932
    endloop
  endfacet
  facet normal 0 0 1
    outer loop
      vertex 58.88982246816158 13.98944203555584 28.495819298766932
      vertex 59.158267468214035 14.076665110886097 28.495819298766932
      vertex 59.04881251603365 14.532577812671661 28.495819298766932
    endloop
  endfacet
  facet normal -0.9969173343481565 -0.07845908791316591 0
    outer loop
      vertex 58.770027823746204 14.488422654569149 28.35720441845382
      vertex 58.770027823746204 14.488422654569149 28.495819298766932
      vertex 58.729765817523 15 28.495819298766932
    endloop
  endfacet
  facet normal 0 0 1
    outer loop
      vertex 58.88982246816158 13.98944203555584 28.495819298766932
      vertex 59.04881251603365 14.532577812671661 28.495819298766932
      vertex 58.770027823746204 14.488422654569149 28.495819298766932
    endloop
  endfacet
  facet normal -0.9969173343481565 -0.07845908791316591 0
    outer loop
      vertex 58.770027823746204 14.488422654569149 28.35720441845382
      vertex 58.729765817523 15 28.495819298766932
      vertex 58.729765817523 15 28.35720441845382
    endloop
  endfacet
  facet normal 0 0 1
    outer loop
      vertex 58.770027823746204 14.488422654569149 28.495819298766932
      vertex 59.012025594711304 15 28.495819298766932
      vertex 58.729765817523 15 28.495819298766932
    endloop
  endfacet
  facet normal 0 0 1
    outer loop
      vertex 58.770027823746204 14.488422654569149 28.495819298766932
      vertex 59.04881251603365 14.532577812671661 28.495819298766932
      vertex 59.012025594711304 15 28.495819298766932
    endloop
  endfacet
  facet normal -0.5224985624272426 -0.8526401657566133 0
    outer loop
      vertex 60.51534479111433 12.08619998395443 28.35720441845382
      vertex 60.07780459523201 12.354324959218502 28.495819298766932
      vertex 60.07780459523201 12.354324959218502 28.35720441845382
    endloop
  endfacet
  facet normal -0.5224985624272426 -0.8526401657566133 0
    outer loop
      vertex 60.51534479111433 12.08619998395443 28.35720441845382
      vertex 60.51534479111433 12.08619998395443 28.495819298766932
      vertex 60.07780459523201 12.354324959218502 28.495819298766932
    endloop
  endfacet
  facet normal -0.3826834444433009 -0.9238795275083277 0
    outer loop
      vertex 60.51534479111433 12.08619998395443 28.495819298766932
      vertex 60.98944203555584 11.889822468161583 28.35720441845382
      vertex 60.98944203555584 11.889822468161583 28.495819298766932
    endloop
  endfacet
  facet normal -0.3826834444433009 -0.9238795275083277 0
    outer loop
      vertex 60.51534479111433 12.08619998395443 28.35720441845382
      vertex 60.98944203555584 11.889822468161583 28.35720441845382
      vertex 60.51534479111433 12.08619998395443 28.495819298766932
    endloop
  endfacet
  facet normal 0 0 1
    outer loop
      vertex 60.51534479111433 12.08619998395443 28.495819298766932
      vertex 61.0766651108861 12.158267468214035 28.495819298766932
      vertex 60.64348805695772 12.33769528567791 28.495819298766932
    endloop
  endfacet
  facet normal 0 0 1
    outer loop
      vertex 60.51534479111433 12.08619998395443 28.495819298766932
      vertex 60.98944203555584 11.889822468161583 28.495819298766932
      vertex 61.0766651108861 12.158267468214035 28.495819298766932
    endloop
  endfacet
  facet normal -0.23344535758699933 -0.9723699219027077 0
    outer loop
      vertex 60.98944203555584 11.889822468161583 28.35720441845382
      vertex 61.48842265456915 11.770027823746204 28.35720441845382
      vertex 60.98944203555584 11.889822468161583 28.495819298766932
    endloop
  endfacet
  facet normal -0.23344535758699933 -0.9723699219027077 0
    outer loop
      vertex 60.98944203555584 11.889822468161583 28.495819298766932
      vertex 61.48842265456915 11.770027823746204 28.35720441845382
      vertex 61.48842265456915 11.770027823746204 28.495819298766932
    endloop
  endfacet
  facet normal 0 0 1
    outer loop
      vertex 60.98944203555584 11.889822468161583 28.495819298766932
      vertex 61.53257781267166 12.04881251603365 28.495819298766932
      vertex 61.0766651108861 12.158267468214035 28.495819298766932
    endloop
  endfacet
  facet normal -0.07845908791316591 -0.9969173343481565 0
    outer loop
      vertex 61.48842265456915 11.770027823746204 28.35720441845382
      vertex 62 11.729765817523003 28.35720441845382
      vertex 61.48842265456915 11.770027823746204 28.495819298766932
    endloop
  endfacet
  facet normal 0 0 1
    outer loop
      vertex 60.98944203555584 11.889822468161583 28.495819298766932
      vertex 62 12.012025594711304 28.495819298766932
      vertex 61.53257781267166 12.04881251603365 28.495819298766932
    endloop
  endfacet
  facet normal -0.07845908791316591 -0.9969173343481565 0
    outer loop
      vertex 61.48842265456915 11.770027823746204 28.495819298766932
      vertex 62 11.729765817523003 28.35720441845382
      vertex 62 11.729765817523003 28.495819298766932
    endloop
  endfacet
  facet normal 0 0 1
    outer loop
      vertex 60.98944203555584 11.889822468161583 28.495819298766932
      vertex 61.48842265456915 11.770027823746204 28.495819298766932
      vertex 63.48465520888567 12.08619998395443 28.495819298766932
    endloop
  endfacet
  facet normal 0 0 1
    outer loop
      vertex 60.98944203555584 11.889822468161583 28.495819298766932
      vertex 62.46742218732834 12.04881251603365 28.495819298766932
      vertex 62 12.012025594711304 28.495819298766932
    endloop
  endfacet
  facet normal -0.7604059573029341 -0.6494480580448359 0
    outer loop
      vertex 59.68759524077177 12.68759524077177 28.35720441845382
      vertex 59.3543249592185 13.07780459523201 28.495819298766932
      vertex 59.3543249592185 13.07780459523201 28.35720441845382
    endloop
  endfacet
  facet normal -0.7604059573029341 -0.6494480580448359 0
    outer loop
      vertex 59.68759524077177 12.68759524077177 28.35720441845382
      vertex 59.68759524077177 12.68759524077177 28.495819298766932
      vertex 59.3543249592185 13.07780459523201 28.495819298766932
    endloop
  endfacet
  facet normal -0.6494480580448359 -0.7604059573029341 0
    outer loop
      vertex 59.68759524077177 12.68759524077177 28.495819298766932
      vertex 60.07780459523201 12.354324959218502 28.35720441845382
      vertex 60.07780459523201 12.354324959218502 28.495819298766932
    endloop
  endfacet
  facet normal -0.6494480580448359 -0.7604059573029341 0
    outer loop
      vertex 59.68759524077177 12.68759524077177 28.35720441845382
      vertex 60.07780459523201 12.354324959218502 28.35720441845382
      vertex 59.68759524077177 12.68759524077177 28.495819298766932
    endloop
  endfacet
  facet normal 0 0 1
    outer loop
      vertex 59.68759524077177 12.68759524077177 28.495819298766932
      vertex 59.88718304038048 12.887183040380478 28.495819298766932
      vertex 59.58267793804407 13.243712700903416 28.495819298766932
    endloop
  endfacet
  facet normal 0 0 1
    outer loop
      vertex 59.68759524077177 12.68759524077177 28.495819298766932
      vertex 60.07780459523201 12.354324959218502 28.495819298766932
      vertex 59.88718304038048 12.887183040380478 28.495819298766932
    endloop
  endfacet
  facet normal 0 0 1
    outer loop
      vertex 59.68759524077177 12.68759524077177 28.495819298766932
      vertex 59.58267793804407 13.243712700903416 28.495819298766932
      vertex 59.3543249592185 13.07780459523201 28.495819298766932
    endloop
  endfacet
  facet normal 0 0 1
    outer loop
      vertex 59.3543249592185 13.07780459523201 28.495819298766932
      vertex 59.58267793804407 13.243712700903416 28.495819298766932
      vertex 59.33769528567791 13.643488056957722 28.495819298766932
    endloop
  endfacet
  facet normal 0 0 1
    outer loop
      vertex 59.88718304038048 12.887183040380478 28.495819298766932
      vertex 60.07780459523201 12.354324959218502 28.495819298766932
      vertex 60.243712700903416 12.582677938044071 28.495819298766932
    endloop
  endfacet
  facet normal 0 0 1
    outer loop
      vertex 60.51534479111433 12.08619998395443 28.495819298766932
      vertex 60.243712700903416 12.582677938044071 28.495819298766932
      vertex 60.07780459523201 12.354324959218502 28.495819298766932
    endloop
  endfacet
  facet normal 0 0 1
    outer loop
      vertex 60.51534479111433 12.08619998395443 28.495819298766932
      vertex 60.64348805695772 12.33769528567791 28.495819298766932
      vertex 60.243712700903416 12.582677938044071 28.495819298766932
    endloop
  endfacet
  facet normal -0.9969173343481565 0.07845908791316591 0
    outer loop
      vertex 58.729765817523 15 28.35720441845382
      vertex 58.729765817523 15 28.495819298766932
      vertex 58.770027823746204 15.511577345430851 28.495819298766932
    endloop
  endfacet
  facet normal 0 0 1
    outer loop
      vertex 58.729765817523 15 28.495819298766932
      vertex 59.012025594711304 15 28.495819298766932
      vertex 59.04881251603365 15.467422187328339 28.495819298766932
    endloop
  endfacet
  facet normal 0 0 1
    outer loop
      vertex 58.729765817523 15 28.495819298766932
      vertex 59.04881251603365 15.467422187328339 28.495819298766932
      vertex 58.770027823746204 15.511577345430851 28.495819298766932
    endloop
  endfacet
  facet normal -0.9969173343481565 0.07845908791316591 0
    outer loop
      vertex 58.729765817523 15 28.35720441845382
      vertex 58.770027823746204 15.511577345430851 28.495819298766932
      vertex 58.770027823746204 15.511577345430851 28.35720441845382
    endloop
  endfacet
  facet normal 0 0 1
    outer loop
      vertex 58.770027823746204 15.511577345430851 28.495819298766932
      vertex 59.04881251603365 15.467422187328339 28.495819298766932
      vertex 59.158267468214035 15.923334889113903 28.495819298766932
    endloop
  endfacet
  facet normal -0.9723699219027077 0.23344535758699933 0
    outer loop
      vertex 58.770027823746204 15.511577345430851 28.35720441845382
      vertex 58.770027823746204 15.511577345430851 28.495819298766932
      vertex 58.88982246816158 16.01055796444416 28.495819298766932
    endloop
  endfacet
  facet normal 0 0 1
    outer loop
      vertex 58.770027823746204 15.511577345430851 28.495819298766932
      vertex 59.158267468214035 15.923334889113903 28.495819298766932
      vertex 58.88982246816158 16.01055796444416 28.495819298766932
    endloop
  endfacet
  facet normal -0.9723699219027077 0.23344535758699933 0
    outer loop
      vertex 58.770027823746204 15.511577345430851 28.35720441845382
      vertex 58.88982246816158 16.01055796444416 28.495819298766932
      vertex 58.88982246816158 16.01055796444416 28.35720441845382
    endloop
  endfacet
  facet normal -0.9238795275083277 0.3826834444433009 0
    outer loop
      vertex 58.88982246816158 16.01055796444416 28.35720441845382
      vertex 58.88982246816158 16.01055796444416 28.495819298766932
      vertex 59.08619998395443 16.48465520888567 28.495819298766932
    endloop
  endfacet
  facet normal 0 0 1
    outer loop
      vertex 58.88982246816158 16.01055796444416 28.495819298766932
      vertex 59.158267468214035 15.923334889113903 28.495819298766932
      vertex 59.33769528567791 16.35651194304228 28.495819298766932
    endloop
  endfacet
  facet normal -0.9238795275083277 0.3826834444433009 0
    outer loop
      vertex 58.88982246816158 16.01055796444416 28.35720441845382
      vertex 59.08619998395443 16.48465520888567 28.495819298766932
      vertex 59.08619998395443 16.48465520888567 28.35720441845382
    endloop
  endfacet
  facet normal 0 0 1
    outer loop
      vertex 58.88982246816158 16.01055796444416 28.495819298766932
      vertex 59.33769528567791 16.35651194304228 28.495819298766932
      vertex 59.08619998395443 16.48465520888567 28.495819298766932
    endloop
  endfacet
  facet normal -0.8526401657566133 0.5224985624272426 0
    outer loop
      vertex 59.08619998395443 16.48465520888567 28.35720441845382
      vertex 59.08619998395443 16.48465520888567 28.495819298766932
      vertex 59.3543249592185 16.92219540476799 28.495819298766932
    endloop
  endfacet
  facet normal -0.8526401657566133 0.5224985624272426 0
    outer loop
      vertex 59.08619998395443 16.48465520888567 28.35720441845382
      vertex 59.3543249592185 16.92219540476799 28.495819298766932
      vertex 59.3543249592185 16.92219540476799 28.35720441845382
    endloop
  endfacet
  facet normal 0 0 1
    outer loop
      vertex 59.08619998395443 16.48465520888567 28.495819298766932
      vertex 59.33769528567791 16.35651194304228 28.495819298766932
      vertex 59.58267793804407 16.756287299096584 28.495819298766932
    endloop
  endfacet
  facet normal 0 0 1
    outer loop
      vertex 59.08619998395443 16.48465520888567 28.495819298766932
      vertex 59.58267793804407 16.756287299096584 28.495819298766932
      vertex 59.3543249592185 16.92219540476799 28.495819298766932
    endloop
  endfacet
  facet normal 0 0 1
    outer loop
      vertex 59.3543249592185 16.92219540476799 28.495819298766932
      vertex 59.58267793804407 16.756287299096584 28.495819298766932
      vertex 59.88718304038048 17.112816959619522 28.495819298766932
    endloop
  endfacet
  facet normal -0.7604059573029341 0.6494480580448359 0
    outer loop
      vertex 59.3543249592185 16.92219540476799 28.35720441845382
      vertex 59.3543249592185 16.92219540476799 28.495819298766932
      vertex 59.68759524077177 17.31240475922823 28.495819298766932
    endloop
  endfacet
  facet normal -0.7604059573029341 0.6494480580448359 0
    outer loop
      vertex 59.3543249592185 16.92219540476799 28.35720441845382
      vertex 59.68759524077177 17.31240475922823 28.495819298766932
      vertex 59.68759524077177 17.31240475922823 28.35720441845382
    endloop
  endfacet
  facet normal 0 0 1
    outer loop
      vertex 59.3543249592185 16.92219540476799 28.495819298766932
      vertex 59.88718304038048 17.112816959619522 28.495819298766932
      vertex 59.68759524077177 17.31240475922823 28.495819298766932
    endloop
  endfacet
  facet normal 0 0 1
    outer loop
      vertex 59.68759524077177 17.31240475922823 28.495819298766932
      vertex 59.88718304038048 17.112816959619522 28.495819298766932
      vertex 60.243712700903416 17.41732206195593 28.495819298766932
    endloop
  endfacet
  facet normal -0.6494480580448359 0.7604059573029341 0
    outer loop
      vertex 59.68759524077177 17.31240475922823 28.35720441845382
      vertex 59.68759524077177 17.31240475922823 28.495819298766932
      vertex 60.07780459523201 17.645675040781498 28.495819298766932
    endloop
  endfacet
  facet normal -0.6494480580448359 0.7604059573029341 0
    outer loop
      vertex 59.68759524077177 17.31240475922823 28.35720441845382
      vertex 60.07780459523201 17.645675040781498 28.495819298766932
      vertex 60.07780459523201 17.645675040781498 28.35720441845382
    endloop
  endfacet
  facet normal 0 0 1
    outer loop
      vertex 59.68759524077177 17.31240475922823 28.495819298766932
      vertex 60.243712700903416 17.41732206195593 28.495819298766932
      vertex 60.07780459523201 17.645675040781498 28.495819298766932
    endloop
  endfacet
  facet normal 0 0 1
    outer loop
      vertex 60.07780459523201 17.645675040781498 28.495819298766932
      vertex 60.243712700903416 17.41732206195593 28.495819298766932
      vertex 60.64348805695772 17.66230471432209 28.495819298766932
    endloop
  endfacet
  facet normal -0.5224985624272426 0.8526401657566133 0
    outer loop
      vertex 60.07780459523201 17.645675040781498 28.35720441845382
      vertex 60.07780459523201 17.645675040781498 28.495819298766932
      vertex 60.51534479111433 17.91380001604557 28.495819298766932
    endloop
  endfacet
  facet normal -0.5224985624272426 0.8526401657566133 0
    outer loop
      vertex 60.07780459523201 17.645675040781498 28.35720441845382
      vertex 60.51534479111433 17.91380001604557 28.495819298766932
      vertex 60.51534479111433 17.91380001604557 28.35720441845382
    endloop
  endfacet
  facet normal 0 0 1
    outer loop
      vertex 60.07780459523201 17.645675040781498 28.495819298766932
      vertex 61.0766651108861 17.841732531785965 28.495819298766932
      vertex 60.51534479111433 17.91380001604557 28.495819298766932
    endloop
  endfacet
  facet normal 0 0 1
    outer loop
      vertex 60.07780459523201 17.645675040781498 28.495819298766932
      vertex 60.64348805695772 17.66230471432209 28.495819298766932
      vertex 61.0766651108861 17.841732531785965 28.495819298766932
    endloop
  endfacet
  facet normal -0.3826834444433009 0.9238795275083277 0
    outer loop
      vertex 60.51534479111433 17.91380001604557 28.35720441845382
      vertex 60.51534479111433 17.91380001604557 28.495819298766932
      vertex 60.98944203555584 18.110177531838417 28.495819298766932
    endloop
  endfacet
  facet normal -0.3826834444433009 0.9238795275083277 0
    outer loop
      vertex 60.51534479111433 17.91380001604557 28.35720441845382
      vertex 60.98944203555584 18.110177531838417 28.495819298766932
      vertex 60.98944203555584 18.110177531838417 28.35720441845382
    endloop
  endfacet
  facet normal 0 0 1
    outer loop
      vertex 60.51534479111433 17.91380001604557 28.495819298766932
      vertex 61.0766651108861 17.841732531785965 28.495819298766932
      vertex 61.53257781267166 17.95118748396635 28.495819298766932
    endloop
  endfacet
  facet normal -0.23344535758699933 0.9723699219027077 0
    outer loop
      vertex 60.98944203555584 18.110177531838417 28.35720441845382
      vertex 60.98944203555584 18.110177531838417 28.495819298766932
      vertex 61.48842265456915 18.229972176253796 28.495819298766932
    endloop
  endfacet
  facet normal -0.23344535758699933 0.9723699219027077 0
    outer loop
      vertex 60.98944203555584 18.110177531838417 28.35720441845382
      vertex 61.48842265456915 18.229972176253796 28.495819298766932
      vertex 61.48842265456915 18.229972176253796 28.35720441845382
    endloop
  endfacet
  facet normal 0 0 1
    outer loop
      vertex 60.51534479111433 17.91380001604557 28.495819298766932
      vertex 62.51157734543085 18.229972176253796 28.495819298766932
      vertex 60.98944203555584 18.110177531838417 28.495819298766932
    endloop
  endfacet
  facet normal 0 0 1
    outer loop
      vertex 60.98944203555584 18.110177531838417 28.495819298766932
      vertex 62 18.270234182476997 28.495819298766932
      vertex 61.48842265456915 18.229972176253796 28.495819298766932
    endloop
  endfacet
  facet normal -0.07845908791316591 0.9969173343481565 0
    outer loop
      vertex 61.48842265456915 18.229972176253796 28.35720441845382
      vertex 61.48842265456915 18.229972176253796 28.495819298766932
      vertex 62 18.270234182476997 28.495819298766932
    endloop
  endfacet
  facet normal 0 0 1
    outer loop
      vertex 60.51534479111433 17.91380001604557 28.495819298766932
      vertex 61.53257781267166 17.95118748396635 28.495819298766932
      vertex 63.01055796444416 18.110177531838417 28.495819298766932
    endloop
  endfacet
  facet normal -0.07845908791316591 0.9969173343481565 0
    outer loop
      vertex 61.48842265456915 18.229972176253796 28.35720441845382
      vertex 62 18.270234182476997 28.495819298766932
      vertex 62 18.270234182476997 28.35720441845382
    endloop
  endfacet
  facet normal 0 0 1
    outer loop
      vertex 60.98944203555584 18.110177531838417 28.495819298766932
      vertex 62.51157734543085 18.229972176253796 28.495819298766932
      vertex 62 18.270234182476997 28.495819298766932
    endloop
  endfacet
  facet normal 0 0 1
    outer loop
      vertex 61.48842265456915 11.770027823746204 28.495819298766932
      vertex 62 11.729765817523003 28.495819298766932
      vertex 63.01055796444416 11.889822468161583 28.495819298766932
    endloop
  endfacet
  facet normal 0.07845908791316591 -0.9969173343481565 0
    outer loop
      vertex 62 11.729765817523003 28.35720441845382
      vertex 62.51157734543085 11.770027823746204 28.35720441845382
      vertex 62 11.729765817523003 28.495819298766932
    endloop
  endfacet
  facet normal 0 0 1
    outer loop
      vertex 60.98944203555584 11.889822468161583 28.495819298766932
      vertex 63.48465520888567 12.08619998395443 28.495819298766932
      vertex 62.46742218732834 12.04881251603365 28.495819298766932
    endloop
  endfacet
  facet normal 0.07845908791316591 -0.9969173343481565 0
    outer loop
      vertex 62 11.729765817523003 28.495819298766932
      vertex 62.51157734543085 11.770027823746204 28.35720441845382
      vertex 62.51157734543085 11.770027823746204 28.495819298766932
    endloop
  endfacet
  facet normal 0 0 1
    outer loop
      vertex 62 11.729765817523003 28.495819298766932
      vertex 62.51157734543085 11.770027823746204 28.495819298766932
      vertex 63.01055796444416 11.889822468161583 28.495819298766932
    endloop
  endfacet
  facet normal 0 0 1
    outer loop
      vertex 61.48842265456915 11.770027823746204 28.495819298766932
      vertex 63.01055796444416 11.889822468161583 28.495819298766932
      vertex 63.48465520888567 12.08619998395443 28.495819298766932
    endloop
  endfacet
  facet normal 0.23344535758699933 -0.9723699219027077 0
    outer loop
      vertex 62.51157734543085 11.770027823746204 28.35720441845382
      vertex 63.01055796444416 11.889822468161583 28.35720441845382
      vertex 62.51157734543085 11.770027823746204 28.495819298766932
    endloop
  endfacet
  facet normal 0.23344535758699933 -0.9723699219027077 0
    outer loop
      vertex 62.51157734543085 11.770027823746204 28.495819298766932
      vertex 63.01055796444416 11.889822468161583 28.35720441845382
      vertex 63.01055796444416 11.889822468161583 28.495819298766932
    endloop
  endfacet
  facet normal 0 0 1
    outer loop
      vertex 62.46742218732834 12.04881251603365 28.495819298766932
      vertex 63.48465520888567 12.08619998395443 28.495819298766932
      vertex 62.9233348891139 12.158267468214035 28.495819298766932
    endloop
  endfacet
  facet normal 0.3826834444433009 -0.9238795275083277 0
    outer loop
      vertex 63.01055796444416 11.889822468161583 28.35720441845382
      vertex 63.48465520888567 12.08619998395443 28.35720441845382
      vertex 63.01055796444416 11.889822468161583 28.495819298766932
    endloop
  endfacet
  facet normal 0.3826834444433009 -0.9238795275083277 0
    outer loop
      vertex 63.01055796444416 11.889822468161583 28.495819298766932
      vertex 63.48465520888567 12.08619998395443 28.35720441845382
      vertex 63.48465520888567 12.08619998395443 28.495819298766932
    endloop
  endfacet
  facet normal 0 0 1
    outer loop
      vertex 62.9233348891139 12.158267468214035 28.495819298766932
      vertex 63.92219540476799 12.354324959218502 28.495819298766932
      vertex 63.35651194304228 12.33769528567791 28.495819298766932
    endloop
  endfacet
  facet normal 0 0 1
    outer loop
      vertex 62.9233348891139 12.158267468214035 28.495819298766932
      vertex 63.48465520888567 12.08619998395443 28.495819298766932
      vertex 63.92219540476799 12.354324959218502 28.495819298766932
    endloop
  endfacet
  facet normal 0.5224985624272426 -0.8526401657566133 0
    outer loop
      vertex 63.48465520888567 12.08619998395443 28.35720441845382
      vertex 63.92219540476799 12.354324959218502 28.35720441845382
      vertex 63.48465520888567 12.08619998395443 28.495819298766932
    endloop
  endfacet
  facet normal 0.5224985624272426 -0.8526401657566133 0
    outer loop
      vertex 63.48465520888567 12.08619998395443 28.495819298766932
      vertex 63.92219540476799 12.354324959218502 28.35720441845382
      vertex 63.92219540476799 12.354324959218502 28.495819298766932
    endloop
  endfacet
  facet normal 0 0 1
    outer loop
      vertex 63.35651194304228 12.33769528567791 28.495819298766932
      vertex 63.92219540476799 12.354324959218502 28.495819298766932
      vertex 63.756287299096584 12.582677938044071 28.495819298766932
    endloop
  endfacet
  facet normal 0 0 1
    outer loop
      vertex 63.756287299096584 12.582677938044071 28.495819298766932
      vertex 63.92219540476799 12.354324959218502 28.495819298766932
      vertex 64.31240475922823 12.68759524077177 28.495819298766932
    endloop
  endfacet
  facet normal 0.6494480580448359 -0.7604059573029341 0
    outer loop
      vertex 63.92219540476799 12.354324959218502 28.35720441845382
      vertex 64.31240475922823 12.68759524077177 28.35720441845382
      vertex 63.92219540476799 12.354324959218502 28.495819298766932
    endloop
  endfacet
  facet normal 0.6494480580448359 -0.7604059573029341 0
    outer loop
      vertex 63.92219540476799 12.354324959218502 28.495819298766932
      vertex 64.31240475922823 12.68759524077177 28.35720441845382
      vertex 64.31240475922823 12.68759524077177 28.495819298766932
    endloop
  endfacet
  facet normal 0 0 1
    outer loop
      vertex 63.756287299096584 12.582677938044071 28.495819298766932
      vertex 64.31240475922823 12.68759524077177 28.495819298766932
      vertex 64.11281695961952 12.887183040380478 28.495819298766932
    endloop
  endfacet
  facet normal 0 0 1
    outer loop
      vertex 64.11281695961952 12.887183040380478 28.495819298766932
      vertex 64.31240475922823 12.68759524077177 28.495819298766932
      vertex 64.6456750407815 13.07780459523201 28.495819298766932
    endloop
  endfacet
  facet normal 0.7604059573029341 -0.6494480580448359 0
    outer loop
      vertex 64.31240475922823 12.68759524077177 28.35720441845382
      vertex 64.6456750407815 13.07780459523201 28.35720441845382
      vertex 64.31240475922823 12.68759524077177 28.495819298766932
    endloop
  endfacet
  facet normal 0.7604059573029341 -0.6494480580448359 0
    outer loop
      vertex 64.31240475922823 12.68759524077177 28.495819298766932
      vertex 64.6456750407815 13.07780459523201 28.35720441845382
      vertex 64.6456750407815 13.07780459523201 28.495819298766932
    endloop
  endfacet
  facet normal 0 0 1
    outer loop
      vertex 64.11281695961952 12.887183040380478 28.495819298766932
      vertex 64.6456750407815 13.07780459523201 28.495819298766932
      vertex 64.41732206195593 13.243712700903416 28.495819298766932
    endloop
  endfacet
  facet normal 0 0 1
    outer loop
      vertex 64.41732206195593 13.243712700903416 28.495819298766932
      vertex 64.6456750407815 13.07780459523201 28.495819298766932
      vertex 64.91380001604557 13.51534479111433 28.495819298766932
    endloop
  endfacet
  facet normal 0 0 1
    outer loop
      vertex 64.41732206195593 13.243712700903416 28.495819298766932
      vertex 64.91380001604557 13.51534479111433 28.495819298766932
      vertex 64.66230471432209 13.643488056957722 28.495819298766932
    endloop
  endfacet
  facet normal 0.8526401657566133 -0.5224985624272426 0
    outer loop
      vertex 64.6456750407815 13.07780459523201 28.35720441845382
      vertex 64.91380001604557 13.51534479111433 28.35720441845382
      vertex 64.6456750407815 13.07780459523201 28.495819298766932
    endloop
  endfacet
  facet normal 0.8526401657566133 -0.5224985624272426 0
    outer loop
      vertex 64.6456750407815 13.07780459523201 28.495819298766932
      vertex 64.91380001604557 13.51534479111433 28.35720441845382
      vertex 64.91380001604557 13.51534479111433 28.495819298766932
    endloop
  endfacet
  facet normal 0.9238795275083277 -0.3826834444433009 0
    outer loop
      vertex 64.91380001604557 13.51534479111433 28.35720441845382
      vertex 65.11017753183842 13.98944203555584 28.35720441845382
      vertex 64.91380001604557 13.51534479111433 28.495819298766932
    endloop
  endfacet
  facet normal 0 0 1
    outer loop
      vertex 64.66230471432209 13.643488056957722 28.495819298766932
      vertex 64.91380001604557 13.51534479111433 28.495819298766932
      vertex 65.11017753183842 13.98944203555584 28.495819298766932
    endloop
  endfacet
  facet normal 0 0 1
    outer loop
      vertex 64.66230471432209 13.643488056957722 28.495819298766932
      vertex 65.11017753183842 13.98944203555584 28.495819298766932
      vertex 64.84173253178596 14.076665110886097 28.495819298766932
    endloop
  endfacet
  facet normal 0.9238795275083277 -0.3826834444433009 0
    outer loop
      vertex 64.91380001604557 13.51534479111433 28.495819298766932
      vertex 65.11017753183842 13.98944203555584 28.35720441845382
      vertex 65.11017753183842 13.98944203555584 28.495819298766932
    endloop
  endfacet
  facet normal 0.9723699219027077 -0.23344535758699933 0
    outer loop
      vertex 65.11017753183842 13.98944203555584 28.35720441845382
      vertex 65.2299721762538 14.488422654569149 28.35720441845382
      vertex 65.11017753183842 13.98944203555584 28.495819298766932
    endloop
  endfacet
  facet normal 0.9723699219027077 -0.23344535758699933 0
    outer loop
      vertex 65.11017753183842 13.98944203555584 28.495819298766932
      vertex 65.2299721762538 14.488422654569149 28.35720441845382
      vertex 65.2299721762538 14.488422654569149 28.495819298766932
    endloop
  endfacet
  facet normal 0 0 1
    outer loop
      vertex 64.84173253178596 14.076665110886097 28.495819298766932
      vertex 65.11017753183842 13.98944203555584 28.495819298766932
      vertex 65.2299721762538 14.488422654569149 28.495819298766932
    endloop
  endfacet
  facet normal 0 0 1
    outer loop
      vertex 64.84173253178596 14.076665110886097 28.495819298766932
      vertex 65.2299721762538 14.488422654569149 28.495819298766932
      vertex 64.95118748396635 14.532577812671661 28.495819298766932
    endloop
  endfacet
  facet normal 0.9969173343481565 -0.07845908791316591 0
    outer loop
      vertex 65.2299721762538 14.488422654569149 28.35720441845382
      vertex 65.270234182477 15 28.35720441845382
      vertex 65.2299721762538 14.488422654569149 28.495819298766932
    endloop
  endfacet
  facet normal 0 0 1
    outer loop
      vertex 64.95118748396635 14.532577812671661 28.495819298766932
      vertex 65.2299721762538 14.488422654569149 28.495819298766932
      vertex 65.270234182477 15 28.495819298766932
    endloop
  endfacet
  facet normal 0 0 1
    outer loop
      vertex 64.95118748396635 14.532577812671661 28.495819298766932
      vertex 65.270234182477 15 28.495819298766932
      vertex 64.9879744052887 15 28.495819298766932
    endloop
  endfacet
  facet normal 0.9969173343481565 -0.07845908791316591 0
    outer loop
      vertex 65.2299721762538 14.488422654569149 28.495819298766932
      vertex 65.270234182477 15 28.35720441845382
      vertex 65.270234182477 15 28.495819298766932
    endloop
  endfacet
  facet normal 0 0 1
    outer loop
      vertex 63.35651194304228 17.66230471432209 28.495819298766932
      vertex 63.756287299096584 17.41732206195593 28.495819298766932
      vertex 63.48465520888567 17.91380001604557 28.495819298766932
    endloop
  endfacet
  facet normal 0 0 1
    outer loop
      vertex 63.756287299096584 17.41732206195593 28.495819298766932
      vertex 63.92219540476799 17.645675040781498 28.495819298766932
      vertex 63.48465520888567 17.91380001604557 28.495819298766932
    endloop
  endfacet
  facet normal 0 0 1
    outer loop
      vertex 63.756287299096584 17.41732206195593 28.495819298766932
      vertex 64.11281695961952 17.112816959619522 28.495819298766932
      vertex 63.92219540476799 17.645675040781498 28.495819298766932
    endloop
  endfacet
  facet normal 0 0 1
    outer loop
      vertex 64.66230471432209 16.35651194304228 28.495819298766932
      vertex 64.6456750407815 16.92219540476799 28.495819298766932
      vertex 64.41732206195593 16.756287299096584 28.495819298766932
    endloop
  endfacet
  facet normal 0 0 1
    outer loop
      vertex 64.41732206195593 16.756287299096584 28.495819298766932
      vertex 64.6456750407815 16.92219540476799 28.495819298766932
      vertex 64.31240475922823 17.31240475922823 28.495819298766932
    endloop
  endfacet
  facet normal 0 0 1
    outer loop
      vertex 63.92219540476799 17.645675040781498 28.495819298766932
      vertex 64.11281695961952 17.112816959619522 28.495819298766932
      vertex 64.31240475922823 17.31240475922823 28.495819298766932
    endloop
  endfacet
  facet normal 0 0 1
    outer loop
      vertex 64.41732206195593 16.756287299096584 28.495819298766932
      vertex 64.31240475922823 17.31240475922823 28.495819298766932
      vertex 64.11281695961952 17.112816959619522 28.495819298766932
    endloop
  endfacet
  facet normal 0.6494480580448359 0.7604059573029341 0
    outer loop
      vertex 63.92219540476799 17.645675040781498 28.35720441845382
      vertex 64.31240475922823 17.31240475922823 28.495819298766932
      vertex 64.31240475922823 17.31240475922823 28.35720441845382
    endloop
  endfacet
  facet normal 0.6494480580448359 0.7604059573029341 0
    outer loop
      vertex 63.92219540476799 17.645675040781498 28.35720441845382
      vertex 63.92219540476799 17.645675040781498 28.495819298766932
      vertex 64.31240475922823 17.31240475922823 28.495819298766932
    endloop
  endfacet
  facet normal 0.7604059573029341 0.6494480580448359 0
    outer loop
      vertex 64.6456750407815 16.92219540476799 28.495819298766932
      vertex 64.31240475922823 17.31240475922823 28.35720441845382
      vertex 64.31240475922823 17.31240475922823 28.495819298766932
    endloop
  endfacet
  facet normal 0.7604059573029341 0.6494480580448359 0
    outer loop
      vertex 64.6456750407815 16.92219540476799 28.35720441845382
      vertex 64.31240475922823 17.31240475922823 28.35720441845382
      vertex 64.6456750407815 16.92219540476799 28.495819298766932
    endloop
  endfacet
  facet normal 0 0 1
    outer loop
      vertex 61.53257781267166 17.95118748396635 28.495819298766932
      vertex 62 17.987974405288696 28.495819298766932
      vertex 63.01055796444416 18.110177531838417 28.495819298766932
    endloop
  endfacet
  facet normal 0 0 1
    outer loop
      vertex 60.51534479111433 17.91380001604557 28.495819298766932
      vertex 63.01055796444416 18.110177531838417 28.495819298766932
      vertex 62.51157734543085 18.229972176253796 28.495819298766932
    endloop
  endfacet
  facet normal 0.07845908791316591 0.9969173343481565 0
    outer loop
      vertex 62 18.270234182476997 28.35720441845382
      vertex 62 18.270234182476997 28.495819298766932
      vertex 62.51157734543085 18.229972176253796 28.495819298766932
    endloop
  endfacet
  facet normal 0 0 1
    outer loop
      vertex 62 17.987974405288696 28.495819298766932
      vertex 62.46742218732834 17.95118748396635 28.495819298766932
      vertex 63.01055796444416 18.110177531838417 28.495819298766932
    endloop
  endfacet
  facet normal 0.07845908791316591 0.9969173343481565 0
    outer loop
      vertex 62 18.270234182476997 28.35720441845382
      vertex 62.51157734543085 18.229972176253796 28.495819298766932
      vertex 62.51157734543085 18.229972176253796 28.35720441845382
    endloop
  endfacet
  facet normal 0 0 1
    outer loop
      vertex 62.46742218732834 17.95118748396635 28.495819298766932
      vertex 62.9233348891139 17.841732531785965 28.495819298766932
      vertex 63.01055796444416 18.110177531838417 28.495819298766932
    endloop
  endfacet
  facet normal 0.23344535758699933 0.9723699219027077 0
    outer loop
      vertex 62.51157734543085 18.229972176253796 28.35720441845382
      vertex 62.51157734543085 18.229972176253796 28.495819298766932
      vertex 63.01055796444416 18.110177531838417 28.495819298766932
    endloop
  endfacet
  facet normal 0.23344535758699933 0.9723699219027077 0
    outer loop
      vertex 62.51157734543085 18.229972176253796 28.35720441845382
      vertex 63.01055796444416 18.110177531838417 28.495819298766932
      vertex 63.01055796444416 18.110177531838417 28.35720441845382
    endloop
  endfacet
  facet normal 0 0 1
    outer loop
      vertex 62.9233348891139 17.841732531785965 28.495819298766932
      vertex 63.48465520888567 17.91380001604557 28.495819298766932
      vertex 63.01055796444416 18.110177531838417 28.495819298766932
    endloop
  endfacet
  facet normal 0 0 1
    outer loop
      vertex 63.35651194304228 17.66230471432209 28.495819298766932
      vertex 63.48465520888567 17.91380001604557 28.495819298766932
      vertex 62.9233348891139 17.841732531785965 28.495819298766932
    endloop
  endfacet
  facet normal 0.3826834444433009 0.9238795275083277 0
    outer loop
      vertex 63.01055796444416 18.110177531838417 28.35720441845382
      vertex 63.48465520888567 17.91380001604557 28.495819298766932
      vertex 63.48465520888567 17.91380001604557 28.35720441845382
    endloop
  endfacet
  facet normal 0.3826834444433009 0.9238795275083277 0
    outer loop
      vertex 63.01055796444416 18.110177531838417 28.35720441845382
      vertex 63.01055796444416 18.110177531838417 28.495819298766932
      vertex 63.48465520888567 17.91380001604557 28.495819298766932
    endloop
  endfacet
  facet normal 0.5224985624272426 0.8526401657566133 0
    outer loop
      vertex 63.92219540476799 17.645675040781498 28.495819298766932
      vertex 63.48465520888567 17.91380001604557 28.35720441845382
      vertex 63.48465520888567 17.91380001604557 28.495819298766932
    endloop
  endfacet
  facet normal 0.5224985624272426 0.8526401657566133 0
    outer loop
      vertex 63.92219540476799 17.645675040781498 28.35720441845382
      vertex 63.48465520888567 17.91380001604557 28.35720441845382
      vertex 63.92219540476799 17.645675040781498 28.495819298766932
    endloop
  endfacet
  facet normal 0 0 1
    outer loop
      vertex 64.9879744052887 15 28.495819298766932
      vertex 65.2299721762538 15.511577345430851 28.495819298766932
      vertex 64.95118748396635 15.467422187328339 28.495819298766932
    endloop
  endfacet
  facet normal 0 0 1
    outer loop
      vertex 64.9879744052887 15 28.495819298766932
      vertex 65.270234182477 15 28.495819298766932
      vertex 65.2299721762538 15.511577345430851 28.495819298766932
    endloop
  endfacet
  facet normal 0.9969173343481565 0.07845908791316591 0
    outer loop
      vertex 65.270234182477 15 28.35720441845382
      vertex 65.2299721762538 15.511577345430851 28.35720441845382
      vertex 65.270234182477 15 28.495819298766932
    endloop
  endfacet
  facet normal 0 0 1
    outer loop
      vertex 64.95118748396635 15.467422187328339 28.495819298766932
      vertex 65.2299721762538 15.511577345430851 28.495819298766932
      vertex 65.11017753183842 16.01055796444416 28.495819298766932
    endloop
  endfacet
  facet normal 0.9969173343481565 0.07845908791316591 0
    outer loop
      vertex 65.270234182477 15 28.495819298766932
      vertex 65.2299721762538 15.511577345430851 28.35720441845382
      vertex 65.2299721762538 15.511577345430851 28.495819298766932
    endloop
  endfacet
  facet normal 0 0 1
    outer loop
      vertex 64.95118748396635 15.467422187328339 28.495819298766932
      vertex 65.11017753183842 16.01055796444416 28.495819298766932
      vertex 64.84173253178596 15.923334889113903 28.495819298766932
    endloop
  endfacet
  facet normal 0 0 1
    outer loop
      vertex 64.66230471432209 16.35651194304228 28.495819298766932
      vertex 64.84173253178596 15.923334889113903 28.495819298766932
      vertex 64.91380001604557 16.48465520888567 28.495819298766932
    endloop
  endfacet
  facet normal 0 0 1
    outer loop
      vertex 64.84173253178596 15.923334889113903 28.495819298766932
      vertex 65.11017753183842 16.01055796444416 28.495819298766932
      vertex 64.91380001604557 16.48465520888567 28.495819298766932
    endloop
  endfacet
  facet normal 0.9238795275083277 0.3826834444433009 0
    outer loop
      vertex 65.11017753183842 16.01055796444416 28.495819298766932
      vertex 64.91380001604557 16.48465520888567 28.35720441845382
      vertex 64.91380001604557 16.48465520888567 28.495819298766932
    endloop
  endfacet
  facet normal 0.9723699219027077 0.23344535758699933 0
    outer loop
      vertex 65.2299721762538 15.511577345430851 28.35720441845382
      vertex 65.11017753183842 16.01055796444416 28.35720441845382
      vertex 65.2299721762538 15.511577345430851 28.495819298766932
    endloop
  endfacet
  facet normal 0.9723699219027077 0.23344535758699933 0
    outer loop
      vertex 65.2299721762538 15.511577345430851 28.495819298766932
      vertex 65.11017753183842 16.01055796444416 28.35720441845382
      vertex 65.11017753183842 16.01055796444416 28.495819298766932
    endloop
  endfacet
  facet normal 0.9238795275083277 0.3826834444433009 0
    outer loop
      vertex 65.11017753183842 16.01055796444416 28.35720441845382
      vertex 64.91380001604557 16.48465520888567 28.35720441845382
      vertex 65.11017753183842 16.01055796444416 28.495819298766932
    endloop
  endfacet
  facet normal 0.8526401657566133 0.5224985624272426 0
    outer loop
      vertex 64.6456750407815 16.92219540476799 28.35720441845382
      vertex 64.91380001604557 16.48465520888567 28.495819298766932
      vertex 64.91380001604557 16.48465520888567 28.35720441845382
    endloop
  endfacet
  facet normal 0 0 1
    outer loop
      vertex 64.66230471432209 16.35651194304228 28.495819298766932
      vertex 64.91380001604557 16.48465520888567 28.495819298766932
      vertex 64.6456750407815 16.92219540476799 28.495819298766932
    endloop
  endfacet
  facet normal 0.8526401657566133 0.5224985624272426 0
    outer loop
      vertex 64.6456750407815 16.92219540476799 28.35720441845382
      vertex 64.6456750407815 16.92219540476799 28.495819298766932
      vertex 64.91380001604557 16.48465520888567 28.495819298766932
    endloop
  endfacet
  facet normal -0.9238795273701776 -0.3826834447768251 0
    outer loop
      vertex 59.158267468214035 14.076665110886097 28.495819298766932
      vertex 59.33769528567791 13.643488056957722 28.495819298766932
      vertex 59.33769528567791 13.643488056957722 28.581177920604848
    endloop
  endfacet
  facet normal -0.9238795273701776 -0.3826834447768251 0
    outer loop
      vertex 59.158267468214035 14.076665110886097 28.495819298766932
      vertex 59.33769528567791 13.643488056957722 28.581177920604848
      vertex 59.158267468214035 14.076665110886097 28.581177920604848
    endloop
  endfacet
  facet normal -0.9723699220985188 -0.23344535677138828 0
    outer loop
      vertex 59.158267468214035 14.076665110886097 28.495819298766932
      vertex 59.158267468214035 14.076665110886097 28.581177920604848
      vertex 59.04881251603365 14.532577812671661 28.495819298766932
    endloop
  endfacet
  facet normal 0 0 1
    outer loop
      vertex 59.158267468214035 14.076665110886097 28.581177920604848
      vertex 59.43744095414877 14.167374074459076 28.581177920604848
      vertex 59.04881251603365 14.532577812671661 28.581177920604848
    endloop
  endfacet
  facet normal -0.9723699220985188 -0.23344535677138828 0
    outer loop
      vertex 59.158267468214035 14.076665110886097 28.581177920604848
      vertex 59.04881251603365 14.532577812671661 28.581177920604848
      vertex 59.04881251603365 14.532577812671661 28.495819298766932
    endloop
  endfacet
  facet normal 0 0 1
    outer loop
      vertex 59.04881251603365 14.532577812671661 28.581177920604848
      vertex 59.43744095414877 14.167374074459076 28.581177920604848
      vertex 59.33873891830444 14.578497663140297 28.581177920604848
    endloop
  endfacet
  facet normal -0.9969173341715503 -0.0784590901571609 0
    outer loop
      vertex 59.04881251603365 14.532577812671661 28.495819298766932
      vertex 59.04881251603365 14.532577812671661 28.581177920604848
      vertex 59.012025594711304 15 28.495819298766932
    endloop
  endfacet
  facet normal -0.9969173341715503 -0.0784590901571609 0
    outer loop
      vertex 59.04881251603365 14.532577812671661 28.581177920604848
      vertex 59.012025594711304 15 28.581177920604848
      vertex 59.012025594711304 15 28.495819298766932
    endloop
  endfacet
  facet normal 0 0 1
    outer loop
      vertex 59.04881251603365 14.532577812671661 28.581177920604848
      vertex 59.33873891830444 14.578497663140297 28.581177920604848
      vertex 59.012025594711304 15 28.581177920604848
    endloop
  endfacet
  facet normal 0 0 1
    outer loop
      vertex 59.33873891830444 14.578497663140297 28.581177920604848
      vertex 59.30556596070528 15 28.581177920604848
      vertex 59.012025594711304 15 28.581177920604848
    endloop
  endfacet
  facet normal -0.3826834447768251 -0.9238795273701776 0
    outer loop
      vertex 61.0766651108861 12.158267468214035 28.581177920604848
      vertex 60.64348805695772 12.33769528567791 28.581177920604848
      vertex 60.64348805695772 12.33769528567791 28.495819298766932
    endloop
  endfacet
  facet normal -0.3826834447768251 -0.9238795273701776 0
    outer loop
      vertex 61.0766651108861 12.158267468214035 28.495819298766932
      vertex 61.0766651108861 12.158267468214035 28.581177920604848
      vertex 60.64348805695772 12.33769528567791 28.495819298766932
    endloop
  endfacet
  facet normal 0 0 1
    outer loop
      vertex 61.0766651108861 12.158267468214035 28.581177920604848
      vertex 61.5784976631403 12.338738918304443 28.581177920604848
      vertex 60.64348805695772 12.33769528567791 28.581177920604848
    endloop
  endfacet
  facet normal -0.23344535677138828 -0.9723699220985188 0
    outer loop
      vertex 61.0766651108861 12.158267468214035 28.495819298766932
      vertex 61.53257781267166 12.04881251603365 28.581177920604848
      vertex 61.0766651108861 12.158267468214035 28.581177920604848
    endloop
  endfacet
  facet normal -0.23344535677138828 -0.9723699220985188 0
    outer loop
      vertex 61.0766651108861 12.158267468214035 28.495819298766932
      vertex 61.53257781267166 12.04881251603365 28.495819298766932
      vertex 61.53257781267166 12.04881251603365 28.581177920604848
    endloop
  endfacet
  facet normal 0 0 1
    outer loop
      vertex 61.0766651108861 12.158267468214035 28.581177920604848
      vertex 62 12.30556596070528 28.581177920604848
      vertex 61.5784976631403 12.338738918304443 28.581177920604848
    endloop
  endfacet
  facet normal -0.0784590901571609 -0.9969173341715503 0
    outer loop
      vertex 61.53257781267166 12.04881251603365 28.495819298766932
      vertex 62 12.012025594711304 28.581177920604848
      vertex 61.53257781267166 12.04881251603365 28.581177920604848
    endloop
  endfacet
  facet normal -0.0784590901571609 -0.9969173341715503 0
    outer loop
      vertex 61.53257781267166 12.04881251603365 28.495819298766932
      vertex 62 12.012025594711304 28.495819298766932
      vertex 62 12.012025594711304 28.581177920604848
    endloop
  endfacet
  facet normal 0 0 1
    outer loop
      vertex 61.0766651108861 12.158267468214035 28.581177920604848
      vertex 62.4215023368597 12.338738918304443 28.581177920604848
      vertex 62 12.30556596070528 28.581177920604848
    endloop
  endfacet
  facet normal 0 0 1
    outer loop
      vertex 61.0766651108861 12.158267468214035 28.581177920604848
      vertex 61.53257781267166 12.04881251603365 28.581177920604848
      vertex 63.35651194304228 12.33769528567791 28.581177920604848
    endloop
  endfacet
  facet normal -0.8526401652119416 -0.5224985633160656 0
    outer loop
      vertex 59.58267793804407 13.243712700903416 28.581177920604848
      vertex 59.33769528567791 13.643488056957722 28.581177920604848
      vertex 59.33769528567791 13.643488056957722 28.495819298766932
    endloop
  endfacet
  facet normal -0.8526401652119416 -0.5224985633160656 0
    outer loop
      vertex 59.58267793804407 13.243712700903416 28.495819298766932
      vertex 59.58267793804407 13.243712700903416 28.581177920604848
      vertex 59.33769528567791 13.643488056957722 28.495819298766932
    endloop
  endfacet
  facet normal 0 0 1
    outer loop
      vertex 59.58267793804407 13.243712700903416 28.581177920604848
      vertex 59.82015708088875 13.41625140607357 28.581177920604848
      vertex 59.33769528567791 13.643488056957722 28.581177920604848
    endloop
  endfacet
  facet normal 0 0 1
    outer loop
      vertex 59.33769528567791 13.643488056957722 28.581177920604848
      vertex 59.82015708088875 13.41625140607357 28.581177920604848
      vertex 59.5992416664958 13.776752606034279 28.581177920604848
    endloop
  endfacet
  facet normal -0.7604059598187165 -0.6494480550992333 0
    outer loop
      vertex 59.88718304038048 12.887183040380478 28.581177920604848
      vertex 59.58267793804407 13.243712700903416 28.581177920604848
      vertex 59.58267793804407 13.243712700903416 28.495819298766932
    endloop
  endfacet
  facet normal -0.7604059598187165 -0.6494480550992333 0
    outer loop
      vertex 59.88718304038048 12.887183040380478 28.495819298766932
      vertex 59.88718304038048 12.887183040380478 28.581177920604848
      vertex 59.58267793804407 13.243712700903416 28.495819298766932
    endloop
  endfacet
  facet normal 0 0 1
    outer loop
      vertex 59.88718304038048 12.887183040380478 28.581177920604848
      vertex 60.09474742412567 13.094747424125671 28.581177920604848
      vertex 59.58267793804407 13.243712700903416 28.581177920604848
    endloop
  endfacet
  facet normal 0 0 1
    outer loop
      vertex 59.58267793804407 13.243712700903416 28.581177920604848
      vertex 60.09474742412567 13.094747424125671 28.581177920604848
      vertex 59.82015708088875 13.41625140607357 28.581177920604848
    endloop
  endfacet
  facet normal -0.6494480550992333 -0.7604059598187165 0
    outer loop
      vertex 59.88718304038048 12.887183040380478 28.495819298766932
      vertex 60.243712700903416 12.582677938044071 28.581177920604848
      vertex 59.88718304038048 12.887183040380478 28.581177920604848
    endloop
  endfacet
  facet normal -0.6494480550992333 -0.7604059598187165 0
    outer loop
      vertex 59.88718304038048 12.887183040380478 28.495819298766932
      vertex 60.243712700903416 12.582677938044071 28.495819298766932
      vertex 60.243712700903416 12.582677938044071 28.581177920604848
    endloop
  endfacet
  facet normal 0 0 1
    outer loop
      vertex 59.88718304038048 12.887183040380478 28.581177920604848
      vertex 60.41625140607357 12.820157080888748 28.581177920604848
      vertex 60.09474742412567 13.094747424125671 28.581177920604848
    endloop
  endfacet
  facet normal 0 0 1
    outer loop
      vertex 59.88718304038048 12.887183040380478 28.581177920604848
      vertex 60.243712700903416 12.582677938044071 28.581177920604848
      vertex 60.41625140607357 12.820157080888748 28.581177920604848
    endloop
  endfacet
  facet normal -0.5224985633160656 -0.8526401652119416 0
    outer loop
      vertex 60.243712700903416 12.582677938044071 28.495819298766932
      vertex 60.64348805695772 12.33769528567791 28.581177920604848
      vertex 60.243712700903416 12.582677938044071 28.581177920604848
    endloop
  endfacet
  facet normal -0.5224985633160656 -0.8526401652119416 0
    outer loop
      vertex 60.243712700903416 12.582677938044071 28.495819298766932
      vertex 60.64348805695772 12.33769528567791 28.495819298766932
      vertex 60.64348805695772 12.33769528567791 28.581177920604848
    endloop
  endfacet
  facet normal 0 0 1
    outer loop
      vertex 60.243712700903416 12.582677938044071 28.581177920604848
      vertex 60.64348805695772 12.33769528567791 28.581177920604848
      vertex 60.77675260603428 12.5992416664958 28.581177920604848
    endloop
  endfacet
  facet normal 0 0 1
    outer loop
      vertex 60.243712700903416 12.582677938044071 28.581177920604848
      vertex 60.77675260603428 12.5992416664958 28.581177920604848
      vertex 60.41625140607357 12.820157080888748 28.581177920604848
    endloop
  endfacet
  facet normal 0 0 1
    outer loop
      vertex 59.158267468214035 14.076665110886097 28.581177920604848
      vertex 59.33769528567791 13.643488056957722 28.581177920604848
      vertex 59.5992416664958 13.776752606034279 28.581177920604848
    endloop
  endfacet
  facet normal 0 0 1
    outer loop
      vertex 59.158267468214035 14.076665110886097 28.581177920604848
      vertex 59.5992416664958 13.776752606034279 28.581177920604848
      vertex 59.43744095414877 14.167374074459076 28.581177920604848
    endloop
  endfacet
  facet normal 0 0 1
    outer loop
      vertex 60.64348805695772 12.33769528567791 28.581177920604848
      vertex 61.167374074459076 12.43744095414877 28.581177920604848
      vertex 60.77675260603428 12.5992416664958 28.581177920604848
    endloop
  endfacet
  facet normal 0 0 1
    outer loop
      vertex 60.64348805695772 12.33769528567791 28.581177920604848
      vertex 61.5784976631403 12.338738918304443 28.581177920604848
      vertex 61.167374074459076 12.43744095414877 28.581177920604848
    endloop
  endfacet
  facet normal -0.9969173341715503 0.0784590901571609 0
    outer loop
      vertex 59.012025594711304 15 28.495819298766932
      vertex 59.012025594711304 15 28.581177920604848
      vertex 59.04881251603365 15.467422187328339 28.495819298766932
    endloop
  endfacet
  facet normal 0 0 1
    outer loop
      vertex 59.012025594711304 15 28.581177920604848
      vertex 59.30556596070528 15 28.581177920604848
      vertex 59.04881251603365 15.467422187328339 28.581177920604848
    endloop
  endfacet
  facet normal -0.9969173341715503 0.0784590901571609 0
    outer loop
      vertex 59.012025594711304 15 28.581177920604848
      vertex 59.04881251603365 15.467422187328339 28.581177920604848
      vertex 59.04881251603365 15.467422187328339 28.495819298766932
    endloop
  endfacet
  facet normal 0 0 1
    outer loop
      vertex 59.04881251603365 15.467422187328339 28.581177920604848
      vertex 59.30556596070528 15 28.581177920604848
      vertex 59.33873891830444 15.421502336859703 28.581177920604848
    endloop
  endfacet
  facet normal -0.9723699220985188 0.23344535677138828 0
    outer loop
      vertex 59.04881251603365 15.467422187328339 28.495819298766932
      vertex 59.04881251603365 15.467422187328339 28.581177920604848
      vertex 59.158267468214035 15.923334889113903 28.495819298766932
    endloop
  endfacet
  facet normal 0 0 1
    outer loop
      vertex 59.04881251603365 15.467422187328339 28.581177920604848
      vertex 59.33873891830444 15.421502336859703 28.581177920604848
      vertex 59.158267468214035 15.923334889113903 28.581177920604848
    endloop
  endfacet
  facet normal -0.9723699220985188 0.23344535677138828 0
    outer loop
      vertex 59.04881251603365 15.467422187328339 28.581177920604848
      vertex 59.158267468214035 15.923334889113903 28.581177920604848
      vertex 59.158267468214035 15.923334889113903 28.495819298766932
    endloop
  endfacet
  facet normal -0.9238795273701776 0.3826834447768251 0
    outer loop
      vertex 59.158267468214035 15.923334889113903 28.495819298766932
      vertex 59.158267468214035 15.923334889113903 28.581177920604848
      vertex 59.33769528567791 16.35651194304228 28.495819298766932
    endloop
  endfacet
  facet normal -0.9238795273701776 0.3826834447768251 0
    outer loop
      vertex 59.158267468214035 15.923334889113903 28.581177920604848
      vertex 59.33769528567791 16.35651194304228 28.581177920604848
      vertex 59.33769528567791 16.35651194304228 28.495819298766932
    endloop
  endfacet
  facet normal 0 0 1
    outer loop
      vertex 59.158267468214035 15.923334889113903 28.581177920604848
      vertex 59.33873891830444 15.421502336859703 28.581177920604848
      vertex 59.43744095414877 15.832625925540924 28.581177920604848
    endloop
  endfacet
  facet normal 0 0 1
    outer loop
      vertex 59.158267468214035 15.923334889113903 28.581177920604848
      vertex 59.43744095414877 15.832625925540924 28.581177920604848
      vertex 59.33769528567791 16.35651194304228 28.581177920604848
    endloop
  endfacet
  facet normal 0 0 1
    outer loop
      vertex 59.43744095414877 15.832625925540924 28.581177920604848
      vertex 59.5992416664958 16.22324739396572 28.581177920604848
      vertex 59.33769528567791 16.35651194304228 28.581177920604848
    endloop
  endfacet
  facet normal -0.8526401652119416 0.5224985633160656 0
    outer loop
      vertex 59.33769528567791 16.35651194304228 28.495819298766932
      vertex 59.33769528567791 16.35651194304228 28.581177920604848
      vertex 59.58267793804407 16.756287299096584 28.495819298766932
    endloop
  endfacet
  facet normal 0 0 1
    outer loop
      vertex 59.5992416664958 16.22324739396572 28.581177920604848
      vertex 59.58267793804407 16.756287299096584 28.581177920604848
      vertex 59.33769528567791 16.35651194304228 28.581177920604848
    endloop
  endfacet
  facet normal -0.8526401652119416 0.5224985633160656 0
    outer loop
      vertex 59.33769528567791 16.35651194304228 28.581177920604848
      vertex 59.58267793804407 16.756287299096584 28.581177920604848
      vertex 59.58267793804407 16.756287299096584 28.495819298766932
    endloop
  endfacet
  facet normal 0 0 1
    outer loop
      vertex 59.5992416664958 16.22324739396572 28.581177920604848
      vertex 59.82015708088875 16.58374859392643 28.581177920604848
      vertex 59.58267793804407 16.756287299096584 28.581177920604848
    endloop
  endfacet
  facet normal 0 0 1
    outer loop
      vertex 59.58267793804407 16.756287299096584 28.581177920604848
      vertex 59.82015708088875 16.58374859392643 28.581177920604848
      vertex 59.88718304038048 17.112816959619522 28.581177920604848
    endloop
  endfacet
  facet normal -0.7604059598187165 0.6494480550992333 0
    outer loop
      vertex 59.58267793804407 16.756287299096584 28.495819298766932
      vertex 59.58267793804407 16.756287299096584 28.581177920604848
      vertex 59.88718304038048 17.112816959619522 28.495819298766932
    endloop
  endfacet
  facet normal -0.7604059598187165 0.6494480550992333 0
    outer loop
      vertex 59.58267793804407 16.756287299096584 28.581177920604848
      vertex 59.88718304038048 17.112816959619522 28.581177920604848
      vertex 59.88718304038048 17.112816959619522 28.495819298766932
    endloop
  endfacet
  facet normal 0 0 1
    outer loop
      vertex 59.82015708088875 16.58374859392643 28.581177920604848
      vertex 60.09474742412567 16.90525257587433 28.581177920604848
      vertex 59.88718304038048 17.112816959619522 28.581177920604848
    endloop
  endfacet
  facet normal 0 0 1
    outer loop
      vertex 59.88718304038048 17.112816959619522 28.581177920604848
      vertex 60.09474742412567 16.90525257587433 28.581177920604848
      vertex 60.41625140607357 17.179842919111252 28.581177920604848
    endloop
  endfacet
  facet normal -0.6494480550992333 0.7604059598187165 0
    outer loop
      vertex 59.88718304038048 17.112816959619522 28.495819298766932
      vertex 59.88718304038048 17.112816959619522 28.581177920604848
      vertex 60.243712700903416 17.41732206195593 28.495819298766932
    endloop
  endfacet
  facet normal -0.6494480550992333 0.7604059598187165 0
    outer loop
      vertex 59.88718304038048 17.112816959619522 28.581177920604848
      vertex 60.243712700903416 17.41732206195593 28.581177920604848
      vertex 60.243712700903416 17.41732206195593 28.495819298766932
    endloop
  endfacet
  facet normal 0 0 1
    outer loop
      vertex 59.88718304038048 17.112816959619522 28.581177920604848
      vertex 60.41625140607357 17.179842919111252 28.581177920604848
      vertex 60.243712700903416 17.41732206195593 28.581177920604848
    endloop
  endfacet
  facet normal 0 0 1
    outer loop
      vertex 60.243712700903416 17.41732206195593 28.581177920604848
      vertex 60.41625140607357 17.179842919111252 28.581177920604848
      vertex 60.77675260603428 17.4007583335042 28.581177920604848
    endloop
  endfacet
  facet normal -0.5224985633160656 0.8526401652119416 0
    outer loop
      vertex 60.243712700903416 17.41732206195593 28.495819298766932
      vertex 60.243712700903416 17.41732206195593 28.581177920604848
      vertex 60.64348805695772 17.66230471432209 28.495819298766932
    endloop
  endfacet
  facet normal -0.5224985633160656 0.8526401652119416 0
    outer loop
      vertex 60.243712700903416 17.41732206195593 28.581177920604848
      vertex 60.64348805695772 17.66230471432209 28.581177920604848
      vertex 60.64348805695772 17.66230471432209 28.495819298766932
    endloop
  endfacet
  facet normal 0 0 1
    outer loop
      vertex 60.243712700903416 17.41732206195593 28.581177920604848
      vertex 60.77675260603428 17.4007583335042 28.581177920604848
      vertex 61.167374074459076 17.56255904585123 28.581177920604848
    endloop
  endfacet
  facet normal 0 0 1
    outer loop
      vertex 60.243712700903416 17.41732206195593 28.581177920604848
      vertex 61.167374074459076 17.56255904585123 28.581177920604848
      vertex 60.64348805695772 17.66230471432209 28.581177920604848
    endloop
  endfacet
  facet normal 0 0 1
    outer loop
      vertex 60.64348805695772 17.66230471432209 28.581177920604848
      vertex 61.167374074459076 17.56255904585123 28.581177920604848
      vertex 61.5784976631403 17.661261081695557 28.581177920604848
    endloop
  endfacet
  facet normal -0.3826834447768251 0.9238795273701776 0
    outer loop
      vertex 60.64348805695772 17.66230471432209 28.495819298766932
      vertex 60.64348805695772 17.66230471432209 28.581177920604848
      vertex 61.0766651108861 17.841732531785965 28.495819298766932
    endloop
  endfacet
  facet normal -0.3826834447768251 0.9238795273701776 0
    outer loop
      vertex 60.64348805695772 17.66230471432209 28.581177920604848
      vertex 61.0766651108861 17.841732531785965 28.581177920604848
      vertex 61.0766651108861 17.841732531785965 28.495819298766932
    endloop
  endfacet
  facet normal -0.23344535677138828 0.9723699220985188 0
    outer loop
      vertex 61.0766651108861 17.841732531785965 28.495819298766932
      vertex 61.0766651108861 17.841732531785965 28.581177920604848
      vertex 61.53257781267166 17.95118748396635 28.495819298766932
    endloop
  endfacet
  facet normal 0 0 1
    outer loop
      vertex 60.64348805695772 17.66230471432209 28.581177920604848
      vertex 62.46742218732834 17.95118748396635 28.581177920604848
      vertex 61.0766651108861 17.841732531785965 28.581177920604848
    endloop
  endfacet
  facet normal -0.23344535677138828 0.9723699220985188 0
    outer loop
      vertex 61.0766651108861 17.841732531785965 28.581177920604848
      vertex 61.53257781267166 17.95118748396635 28.581177920604848
      vertex 61.53257781267166 17.95118748396635 28.495819298766932
    endloop
  endfacet
  facet normal 0 0 1
    outer loop
      vertex 61.0766651108861 17.841732531785965 28.581177920604848
      vertex 62 17.987974405288696 28.581177920604848
      vertex 61.53257781267166 17.95118748396635 28.581177920604848
    endloop
  endfacet
  facet normal 0 0 1
    outer loop
      vertex 60.64348805695772 17.66230471432209 28.581177920604848
      vertex 61.5784976631403 17.661261081695557 28.581177920604848
      vertex 62.9233348891139 17.841732531785965 28.581177920604848
    endloop
  endfacet
  facet normal -0.0784590901571609 0.9969173341715503 0
    outer loop
      vertex 61.53257781267166 17.95118748396635 28.495819298766932
      vertex 61.53257781267166 17.95118748396635 28.581177920604848
      vertex 62 17.987974405288696 28.495819298766932
    endloop
  endfacet
  facet normal 0 0 1
    outer loop
      vertex 61.0766651108861 17.841732531785965 28.581177920604848
      vertex 62.46742218732834 17.95118748396635 28.581177920604848
      vertex 62 17.987974405288696 28.581177920604848
    endloop
  endfacet
  facet normal -0.0784590901571609 0.9969173341715503 0
    outer loop
      vertex 61.53257781267166 17.95118748396635 28.581177920604848
      vertex 62 17.987974405288696 28.581177920604848
      vertex 62 17.987974405288696 28.495819298766932
    endloop
  endfacet
  facet normal 0.0784590901571609 -0.9969173341715503 0
    outer loop
      vertex 62 12.012025594711304 28.495819298766932
      vertex 62.46742218732834 12.04881251603365 28.581177920604848
      vertex 62 12.012025594711304 28.581177920604848
    endloop
  endfacet
  facet normal 0 0 1
    outer loop
      vertex 61.53257781267166 12.04881251603365 28.581177920604848
      vertex 62 12.012025594711304 28.581177920604848
      vertex 62.9233348891139 12.158267468214035 28.581177920604848
    endloop
  endfacet
  facet normal 0.0784590901571609 -0.9969173341715503 0
    outer loop
      vertex 62 12.012025594711304 28.495819298766932
      vertex 62.46742218732834 12.04881251603365 28.495819298766932
      vertex 62.46742218732834 12.04881251603365 28.581177920604848
    endloop
  endfacet
  facet normal 0 0 1
    outer loop
      vertex 61.0766651108861 12.158267468214035 28.581177920604848
      vertex 63.35651194304228 12.33769528567791 28.581177920604848
      vertex 62.4215023368597 12.338738918304443 28.581177920604848
    endloop
  endfacet
  facet normal 0 0 1
    outer loop
      vertex 62 12.012025594711304 28.581177920604848
      vertex 62.46742218732834 12.04881251603365 28.581177920604848
      vertex 62.9233348891139 12.158267468214035 28.581177920604848
    endloop
  endfacet
  facet normal 0.23344535677138828 -0.9723699220985188 0
    outer loop
      vertex 62.46742218732834 12.04881251603365 28.495819298766932
      vertex 62.9233348891139 12.158267468214035 28.581177920604848
      vertex 62.46742218732834 12.04881251603365 28.581177920604848
    endloop
  endfacet
  facet normal 0 0 1
    outer loop
      vertex 61.53257781267166 12.04881251603365 28.581177920604848
      vertex 62.9233348891139 12.158267468214035 28.581177920604848
      vertex 63.35651194304228 12.33769528567791 28.581177920604848
    endloop
  endfacet
  facet normal 0.23344535677138828 -0.9723699220985188 0
    outer loop
      vertex 62.46742218732834 12.04881251603365 28.495819298766932
      vertex 62.9233348891139 12.158267468214035 28.495819298766932
      vertex 62.9233348891139 12.158267468214035 28.581177920604848
    endloop
  endfacet
  facet normal 0.3826834447768251 -0.9238795273701776 0
    outer loop
      vertex 62.9233348891139 12.158267468214035 28.495819298766932
      vertex 63.35651194304228 12.33769528567791 28.581177920604848
      vertex 62.9233348891139 12.158267468214035 28.581177920604848
    endloop
  endfacet
  facet normal 0.3826834447768251 -0.9238795273701776 0
    outer loop
      vertex 62.9233348891139 12.158267468214035 28.495819298766932
      vertex 63.35651194304228 12.33769528567791 28.495819298766932
      vertex 63.35651194304228 12.33769528567791 28.581177920604848
    endloop
  endfacet
  facet normal 0 0 1
    outer loop
      vertex 62.4215023368597 12.338738918304443 28.581177920604848
      vertex 63.35651194304228 12.33769528567791 28.581177920604848
      vertex 62.832625925540924 12.43744095414877 28.581177920604848
    endloop
  endfacet
  facet normal 0 0 1
    outer loop
      vertex 62.832625925540924 12.43744095414877 28.581177920604848
      vertex 63.35651194304228 12.33769528567791 28.581177920604848
      vertex 63.756287299096584 12.582677938044071 28.581177920604848
    endloop
  endfacet
  facet normal 0 0 1
    outer loop
      vertex 62.832625925540924 12.43744095414877 28.581177920604848
      vertex 63.756287299096584 12.582677938044071 28.581177920604848
      vertex 63.22324739396572 12.5992416664958 28.581177920604848
    endloop
  endfacet
  facet normal 0.5224985633160656 -0.8526401652119416 0
    outer loop
      vertex 63.35651194304228 12.33769528567791 28.495819298766932
      vertex 63.756287299096584 12.582677938044071 28.581177920604848
      vertex 63.35651194304228 12.33769528567791 28.581177920604848
    endloop
  endfacet
  facet normal 0.5224985633160656 -0.8526401652119416 0
    outer loop
      vertex 63.35651194304228 12.33769528567791 28.495819298766932
      vertex 63.756287299096584 12.582677938044071 28.495819298766932
      vertex 63.756287299096584 12.582677938044071 28.581177920604848
    endloop
  endfacet
  facet normal 0 0 1
    outer loop
      vertex 63.22324739396572 12.5992416664958 28.581177920604848
      vertex 63.756287299096584 12.582677938044071 28.581177920604848
      vertex 63.58374859392643 12.820157080888748 28.581177920604848
    endloop
  endfacet
  facet normal 0 0 1
    outer loop
      vertex 63.58374859392643 12.820157080888748 28.581177920604848
      vertex 63.756287299096584 12.582677938044071 28.581177920604848
      vertex 64.11281695961952 12.887183040380478 28.581177920604848
    endloop
  endfacet
  facet normal 0.6494480550992333 -0.7604059598187165 0
    outer loop
      vertex 63.756287299096584 12.582677938044071 28.495819298766932
      vertex 64.11281695961952 12.887183040380478 28.581177920604848
      vertex 63.756287299096584 12.582677938044071 28.581177920604848
    endloop
  endfacet
  facet normal 0.6494480550992333 -0.7604059598187165 0
    outer loop
      vertex 63.756287299096584 12.582677938044071 28.495819298766932
      vertex 64.11281695961952 12.887183040380478 28.495819298766932
      vertex 64.11281695961952 12.887183040380478 28.581177920604848
    endloop
  endfacet
  facet normal 0 0 1
    outer loop
      vertex 63.58374859392643 12.820157080888748 28.581177920604848
      vertex 64.11281695961952 12.887183040380478 28.581177920604848
      vertex 63.90525257587433 13.094747424125671 28.581177920604848
    endloop
  endfacet
  facet normal 0 0 1
    outer loop
      vertex 63.90525257587433 13.094747424125671 28.581177920604848
      vertex 64.11281695961952 12.887183040380478 28.581177920604848
      vertex 64.17984291911125 13.41625140607357 28.581177920604848
    endloop
  endfacet
  facet normal 0.7604059598187165 -0.6494480550992333 0
    outer loop
      vertex 64.11281695961952 12.887183040380478 28.495819298766932
      vertex 64.41732206195593 13.243712700903416 28.581177920604848
      vertex 64.11281695961952 12.887183040380478 28.581177920604848
    endloop
  endfacet
  facet normal 0.7604059598187165 -0.6494480550992333 0
    outer loop
      vertex 64.11281695961952 12.887183040380478 28.495819298766932
      vertex 64.41732206195593 13.243712700903416 28.495819298766932
      vertex 64.41732206195593 13.243712700903416 28.581177920604848
    endloop
  endfacet
  facet normal 0 0 1
    outer loop
      vertex 64.11281695961952 12.887183040380478 28.581177920604848
      vertex 64.41732206195593 13.243712700903416 28.581177920604848
      vertex 64.17984291911125 13.41625140607357 28.581177920604848
    endloop
  endfacet
  facet normal 0 0 1
    outer loop
      vertex 64.17984291911125 13.41625140607357 28.581177920604848
      vertex 64.41732206195593 13.243712700903416 28.581177920604848
      vertex 64.4007583335042 13.776752606034279 28.581177920604848
    endloop
  endfacet
  facet normal 0.8526401652119416 -0.5224985633160656 0
    outer loop
      vertex 64.41732206195593 13.243712700903416 28.495819298766932
      vertex 64.66230471432209 13.643488056957722 28.581177920604848
      vertex 64.41732206195593 13.243712700903416 28.581177920604848
    endloop
  endfacet
  facet normal 0 0 1
    outer loop
      vertex 64.41732206195593 13.243712700903416 28.581177920604848
      vertex 64.66230471432209 13.643488056957722 28.581177920604848
      vertex 64.4007583335042 13.776752606034279 28.581177920604848
    endloop
  endfacet
  facet normal 0.8526401652119416 -0.5224985633160656 0
    outer loop
      vertex 64.41732206195593 13.243712700903416 28.495819298766932
      vertex 64.66230471432209 13.643488056957722 28.495819298766932
      vertex 64.66230471432209 13.643488056957722 28.581177920604848
    endloop
  endfacet
  facet normal 0 0 1
    outer loop
      vertex 64.66230471432209 13.643488056957722 28.581177920604848
      vertex 64.56255904585123 14.167374074459076 28.581177920604848
      vertex 64.4007583335042 13.776752606034279 28.581177920604848
    endloop
  endfacet
  facet normal 0 0 1
    outer loop
      vertex 64.66230471432209 13.643488056957722 28.581177920604848
      vertex 64.84173253178596 14.076665110886097 28.581177920604848
      vertex 64.56255904585123 14.167374074459076 28.581177920604848
    endloop
  endfacet
  facet normal 0 0 1
    outer loop
      vertex 64.56255904585123 14.167374074459076 28.581177920604848
      vertex 64.84173253178596 14.076665110886097 28.581177920604848
      vertex 64.66126108169556 14.578497663140297 28.581177920604848
    endloop
  endfacet
  facet normal 0.9238795273701776 -0.3826834447768251 0
    outer loop
      vertex 64.66230471432209 13.643488056957722 28.495819298766932
      vertex 64.84173253178596 14.076665110886097 28.581177920604848
      vertex 64.66230471432209 13.643488056957722 28.581177920604848
    endloop
  endfacet
  facet normal 0.9238795273701776 -0.3826834447768251 0
    outer loop
      vertex 64.66230471432209 13.643488056957722 28.495819298766932
      vertex 64.84173253178596 14.076665110886097 28.495819298766932
      vertex 64.84173253178596 14.076665110886097 28.581177920604848
    endloop
  endfacet
  facet normal 0.9723699220985188 -0.23344535677138828 0
    outer loop
      vertex 64.84173253178596 14.076665110886097 28.495819298766932
      vertex 64.95118748396635 14.532577812671661 28.581177920604848
      vertex 64.84173253178596 14.076665110886097 28.581177920604848
    endloop
  endfacet
  facet normal 0 0 1
    outer loop
      vertex 64.66126108169556 14.578497663140297 28.581177920604848
      vertex 64.84173253178596 14.076665110886097 28.581177920604848
      vertex 64.95118748396635 14.532577812671661 28.581177920604848
    endloop
  endfacet
  facet normal 0.9723699220985188 -0.23344535677138828 0
    outer loop
      vertex 64.84173253178596 14.076665110886097 28.495819298766932
      vertex 64.95118748396635 14.532577812671661 28.495819298766932
      vertex 64.95118748396635 14.532577812671661 28.581177920604848
    endloop
  endfacet
  facet normal 0 0 1
    outer loop
      vertex 64.66126108169556 14.578497663140297 28.581177920604848
      vertex 64.95118748396635 14.532577812671661 28.581177920604848
      vertex 64.69443403929472 15 28.581177920604848
    endloop
  endfacet
  facet normal 0.9969173341715503 -0.0784590901571609 0
    outer loop
      vertex 64.95118748396635 14.532577812671661 28.495819298766932
      vertex 64.9879744052887 15 28.581177920604848
      vertex 64.95118748396635 14.532577812671661 28.581177920604848
    endloop
  endfacet
  facet normal 0 0 1
    outer loop
      vertex 64.95118748396635 14.532577812671661 28.581177920604848
      vertex 64.9879744052887 15 28.581177920604848
      vertex 64.69443403929472 15 28.581177920604848
    endloop
  endfacet
  facet normal 0.9969173341715503 -0.0784590901571609 0
    outer loop
      vertex 64.95118748396635 14.532577812671661 28.495819298766932
      vertex 64.9879744052887 15 28.495819298766932
      vertex 64.9879744052887 15 28.581177920604848
    endloop
  endfacet
  facet normal 0 0 1
    outer loop
      vertex 62.4215023368597 17.661261081695557 28.581177920604848
      vertex 62.832625925540924 17.56255904585123 28.581177920604848
      vertex 63.35651194304228 17.66230471432209 28.581177920604848
    endloop
  endfacet
  facet normal 0 0 1
    outer loop
      vertex 62.832625925540924 17.56255904585123 28.581177920604848
      vertex 63.22324739396572 17.4007583335042 28.581177920604848
      vertex 63.35651194304228 17.66230471432209 28.581177920604848
    endloop
  endfacet
  facet normal 0 0 1
    outer loop
      vertex 64.56255904585123 15.832625925540924 28.581177920604848
      vertex 64.84173253178596 15.923334889113903 28.581177920604848
      vertex 64.4007583335042 16.22324739396572 28.581177920604848
    endloop
  endfacet
  facet normal 0 0 1
    outer loop
      vertex 64.4007583335042 16.22324739396572 28.581177920604848
      vertex 64.84173253178596 15.923334889113903 28.581177920604848
      vertex 64.66230471432209 16.35651194304228 28.581177920604848
    endloop
  endfacet
  facet normal 0 0 1
    outer loop
      vertex 63.22324739396572 17.4007583335042 28.581177920604848
      vertex 63.58374859392643 17.179842919111252 28.581177920604848
      vertex 63.756287299096584 17.41732206195593 28.581177920604848
    endloop
  endfacet
  facet normal 0 0 1
    outer loop
      vertex 63.22324739396572 17.4007583335042 28.581177920604848
      vertex 63.756287299096584 17.41732206195593 28.581177920604848
      vertex 63.35651194304228 17.66230471432209 28.581177920604848
    endloop
  endfacet
  facet normal 0.5224985633160656 0.8526401652119416 0
    outer loop
      vertex 63.35651194304228 17.66230471432209 28.495819298766932
      vertex 63.35651194304228 17.66230471432209 28.581177920604848
      vertex 63.756287299096584 17.41732206195593 28.495819298766932
    endloop
  endfacet
  facet normal 0.5224985633160656 0.8526401652119416 0
    outer loop
      vertex 63.35651194304228 17.66230471432209 28.581177920604848
      vertex 63.756287299096584 17.41732206195593 28.581177920604848
      vertex 63.756287299096584 17.41732206195593 28.495819298766932
    endloop
  endfacet
  facet normal 0 0 1
    outer loop
      vertex 63.58374859392643 17.179842919111252 28.581177920604848
      vertex 64.11281695961952 17.112816959619522 28.581177920604848
      vertex 63.756287299096584 17.41732206195593 28.581177920604848
    endloop
  endfacet
  facet normal 0 0 1
    outer loop
      vertex 63.90525257587433 16.90525257587433 28.581177920604848
      vertex 64.11281695961952 17.112816959619522 28.581177920604848
      vertex 63.58374859392643 17.179842919111252 28.581177920604848
    endloop
  endfacet
  facet normal 0.6494480550992333 0.7604059598187165 0
    outer loop
      vertex 63.756287299096584 17.41732206195593 28.495819298766932
      vertex 63.756287299096584 17.41732206195593 28.581177920604848
      vertex 64.11281695961952 17.112816959619522 28.495819298766932
    endloop
  endfacet
  facet normal 0.6494480550992333 0.7604059598187165 0
    outer loop
      vertex 63.756287299096584 17.41732206195593 28.581177920604848
      vertex 64.11281695961952 17.112816959619522 28.581177920604848
      vertex 64.11281695961952 17.112816959619522 28.495819298766932
    endloop
  endfacet
  facet normal 0 0 1
    outer loop
      vertex 63.90525257587433 16.90525257587433 28.581177920604848
      vertex 64.17984291911125 16.58374859392643 28.581177920604848
      vertex 64.41732206195593 16.756287299096584 28.581177920604848
    endloop
  endfacet
  facet normal 0 0 1
    outer loop
      vertex 63.90525257587433 16.90525257587433 28.581177920604848
      vertex 64.41732206195593 16.756287299096584 28.581177920604848
      vertex 64.11281695961952 17.112816959619522 28.581177920604848
    endloop
  endfacet
  facet normal 0.7604059598187165 0.6494480550992333 0
    outer loop
      vertex 64.41732206195593 16.756287299096584 28.495819298766932
      vertex 64.11281695961952 17.112816959619522 28.495819298766932
      vertex 64.11281695961952 17.112816959619522 28.581177920604848
    endloop
  endfacet
  facet normal 0.7604059598187165 0.6494480550992333 0
    outer loop
      vertex 64.41732206195593 16.756287299096584 28.495819298766932
      vertex 64.11281695961952 17.112816959619522 28.581177920604848
      vertex 64.41732206195593 16.756287299096584 28.581177920604848
    endloop
  endfacet
  facet normal 0 0 1
    outer loop
      vertex 64.4007583335042 16.22324739396572 28.581177920604848
      vertex 64.66230471432209 16.35651194304228 28.581177920604848
      vertex 64.17984291911125 16.58374859392643 28.581177920604848
    endloop
  endfacet
  facet normal 0 0 1
    outer loop
      vertex 64.17984291911125 16.58374859392643 28.581177920604848
      vertex 64.66230471432209 16.35651194304228 28.581177920604848
      vertex 64.41732206195593 16.756287299096584 28.581177920604848
    endloop
  endfacet
  facet normal 0.8526401652119416 0.5224985633160656 0
    outer loop
      vertex 64.66230471432209 16.35651194304228 28.495819298766932
      vertex 64.41732206195593 16.756287299096584 28.495819298766932
      vertex 64.41732206195593 16.756287299096584 28.581177920604848
    endloop
  endfacet
  facet normal 0.8526401652119416 0.5224985633160656 0
    outer loop
      vertex 64.66230471432209 16.35651194304228 28.495819298766932
      vertex 64.41732206195593 16.756287299096584 28.581177920604848
      vertex 64.66230471432209 16.35651194304228 28.581177920604848
    endloop
  endfacet
  facet normal 0 0 1
    outer loop
      vertex 60.64348805695772 17.66230471432209 28.581177920604848
      vertex 62.9233348891139 17.841732531785965 28.581177920604848
      vertex 62.46742218732834 17.95118748396635 28.581177920604848
    endloop
  endfacet
  facet normal 0 0 1
    outer loop
      vertex 61.5784976631403 17.661261081695557 28.581177920604848
      vertex 62 17.69443403929472 28.581177920604848
      vertex 62.9233348891139 17.841732531785965 28.581177920604848
    endloop
  endfacet
  facet normal 0.0784590901571609 0.9969173341715503 0
    outer loop
      vertex 62 17.987974405288696 28.495819298766932
      vertex 62 17.987974405288696 28.581177920604848
      vertex 62.46742218732834 17.95118748396635 28.495819298766932
    endloop
  endfacet
  facet normal 0.0784590901571609 0.9969173341715503 0
    outer loop
      vertex 62 17.987974405288696 28.581177920604848
      vertex 62.46742218732834 17.95118748396635 28.581177920604848
      vertex 62.46742218732834 17.95118748396635 28.495819298766932
    endloop
  endfacet
  facet normal 0 0 1
    outer loop
      vertex 62 17.69443403929472 28.581177920604848
      vertex 62.4215023368597 17.661261081695557 28.581177920604848
      vertex 62.9233348891139 17.841732531785965 28.581177920604848
    endloop
  endfacet
  facet normal 0.23344535677138828 0.9723699220985188 0
    outer loop
      vertex 62.46742218732834 17.95118748396635 28.495819298766932
      vertex 62.46742218732834 17.95118748396635 28.581177920604848
      vertex 62.9233348891139 17.841732531785965 28.495819298766932
    endloop
  endfacet
  facet normal 0.23344535677138828 0.9723699220985188 0
    outer loop
      vertex 62.46742218732834 17.95118748396635 28.581177920604848
      vertex 62.9233348891139 17.841732531785965 28.581177920604848
      vertex 62.9233348891139 17.841732531785965 28.495819298766932
    endloop
  endfacet
  facet normal 0 0 1
    outer loop
      vertex 62.4215023368597 17.661261081695557 28.581177920604848
      vertex 63.35651194304228 17.66230471432209 28.581177920604848
      vertex 62.9233348891139 17.841732531785965 28.581177920604848
    endloop
  endfacet
  facet normal 0.3826834447768251 0.9238795273701776 0
    outer loop
      vertex 63.35651194304228 17.66230471432209 28.495819298766932
      vertex 62.9233348891139 17.841732531785965 28.495819298766932
      vertex 62.9233348891139 17.841732531785965 28.581177920604848
    endloop
  endfacet
  facet normal 0.3826834447768251 0.9238795273701776 0
    outer loop
      vertex 63.35651194304228 17.66230471432209 28.495819298766932
      vertex 62.9233348891139 17.841732531785965 28.581177920604848
      vertex 63.35651194304228 17.66230471432209 28.581177920604848
    endloop
  endfacet
  facet normal 0 0 1
    outer loop
      vertex 64.69443403929472 15 28.581177920604848
      vertex 64.9879744052887 15 28.581177920604848
      vertex 64.66126108169556 15.421502336859703 28.581177920604848
    endloop
  endfacet
  facet normal 0 0 1
    outer loop
      vertex 64.66126108169556 15.421502336859703 28.581177920604848
      vertex 64.9879744052887 15 28.581177920604848
      vertex 64.95118748396635 15.467422187328339 28.581177920604848
    endloop
  endfacet
  facet normal 0.9969173341715503 0.0784590901571609 0
    outer loop
      vertex 64.9879744052887 15 28.495819298766932
      vertex 64.95118748396635 15.467422187328339 28.581177920604848
      vertex 64.9879744052887 15 28.581177920604848
    endloop
  endfacet
  facet normal 0.9969173341715503 0.0784590901571609 0
    outer loop
      vertex 64.9879744052887 15 28.495819298766932
      vertex 64.95118748396635 15.467422187328339 28.495819298766932
      vertex 64.95118748396635 15.467422187328339 28.581177920604848
    endloop
  endfacet
  facet normal 0 0 1
    outer loop
      vertex 64.66126108169556 15.421502336859703 28.581177920604848
      vertex 64.95118748396635 15.467422187328339 28.581177920604848
      vertex 64.56255904585123 15.832625925540924 28.581177920604848
    endloop
  endfacet
  facet normal 0.9723699220985188 0.23344535677138828 0
    outer loop
      vertex 64.95118748396635 15.467422187328339 28.495819298766932
      vertex 64.84173253178596 15.923334889113903 28.581177920604848
      vertex 64.95118748396635 15.467422187328339 28.581177920604848
    endloop
  endfacet
  facet normal 0 0 1
    outer loop
      vertex 64.56255904585123 15.832625925540924 28.581177920604848
      vertex 64.95118748396635 15.467422187328339 28.581177920604848
      vertex 64.84173253178596 15.923334889113903 28.581177920604848
    endloop
  endfacet
  facet normal 0.9723699220985188 0.23344535677138828 0
    outer loop
      vertex 64.95118748396635 15.467422187328339 28.495819298766932
      vertex 64.84173253178596 15.923334889113903 28.495819298766932
      vertex 64.84173253178596 15.923334889113903 28.581177920604848
    endloop
  endfacet
  facet normal 0.9238795273701776 0.3826834447768251 0
    outer loop
      vertex 64.66230471432209 16.35651194304228 28.581177920604848
      vertex 64.84173253178596 15.923334889113903 28.581177920604848
      vertex 64.84173253178596 15.923334889113903 28.495819298766932
    endloop
  endfacet
  facet normal 0.9238795273701776 0.3826834447768251 0
    outer loop
      vertex 64.66230471432209 16.35651194304228 28.495819298766932
      vertex 64.66230471432209 16.35651194304228 28.581177920604848
      vertex 64.84173253178596 15.923334889113903 28.495819298766932
    endloop
  endfacet
  facet normal -0.7604059633158249 -0.6494480510046453 0
    outer loop
      vertex 59.82015708088875 13.41625140607357 28.581177920604848
      vertex 60.09474742412567 13.094747424125671 28.581177920604848
      vertex 59.82015708088875 13.41625140607357 28.61
    endloop
  endfacet
  facet normal -0.8526401696945425 -0.5224985560011262 0
    outer loop
      vertex 59.82015708088875 13.41625140607357 28.581177920604848
      vertex 59.82015708088875 13.41625140607357 28.61
      vertex 59.5992416664958 13.776752606034279 28.61
    endloop
  endfacet
  facet normal -0.6494480510046453 -0.7604059633158249 0
    outer loop
      vertex 60.41625140607357 12.820157080888748 28.581177920604848
      vertex 60.41625140607357 12.820157080888748 28.61
      vertex 60.09474742412567 13.094747424125671 28.61
    endloop
  endfacet
  facet normal -0.5224985560011262 -0.8526401696945425 0
    outer loop
      vertex 60.41625140607357 12.820157080888748 28.581177920604848
      vertex 60.77675260603428 12.5992416664958 28.581177920604848
      vertex 60.41625140607357 12.820157080888748 28.61
    endloop
  endfacet
  facet normal -0.7604059633158249 -0.6494480510046453 0
    outer loop
      vertex 59.82015708088875 13.41625140607357 28.61
      vertex 60.09474742412567 13.094747424125671 28.581177920604848
      vertex 60.09474742412567 13.094747424125671 28.61
    endloop
  endfacet
  facet normal -0.6494480510046453 -0.7604059633158249 0
    outer loop
      vertex 60.41625140607357 12.820157080888748 28.581177920604848
      vertex 60.09474742412567 13.094747424125671 28.61
      vertex 60.09474742412567 13.094747424125671 28.581177920604848
    endloop
  endfacet
  facet normal -0.9238795305283152 -0.38268343715240666 0
    outer loop
      vertex 59.5992416664958 13.776752606034279 28.581177920604848
      vertex 59.5992416664958 13.776752606034279 28.61
      vertex 59.43744095414877 14.167374074459076 28.61
    endloop
  endfacet
  facet normal -0.9723699231651908 -0.23344535232837896 0
    outer loop
      vertex 59.43744095414877 14.167374074459076 28.581177920604848
      vertex 59.43744095414877 14.167374074459076 28.61
      vertex 59.33873891830444 14.578497663140297 28.61
    endloop
  endfacet
  facet normal -0.9238795305283152 -0.38268343715240666 0
    outer loop
      vertex 59.5992416664958 13.776752606034279 28.581177920604848
      vertex 59.43744095414877 14.167374074459076 28.61
      vertex 59.43744095414877 14.167374074459076 28.581177920604848
    endloop
  endfacet
  facet normal -0.8526401696945425 -0.5224985560011262 0
    outer loop
      vertex 59.82015708088875 13.41625140607357 28.581177920604848
      vertex 59.5992416664958 13.776752606034279 28.61
      vertex 59.5992416664958 13.776752606034279 28.581177920604848
    endloop
  endfacet
  facet normal -0.9723699231651908 -0.23344535232837896 0
    outer loop
      vertex 59.43744095414877 14.167374074459076 28.581177920604848
      vertex 59.33873891830444 14.578497663140297 28.61
      vertex 59.33873891830444 14.578497663140297 28.581177920604848
    endloop
  endfacet
  facet normal -0.9969173329454645 -0.07845910573605712 0
    outer loop
      vertex 59.33873891830444 14.578497663140297 28.581177920604848
      vertex 59.33873891830444 14.578497663140297 28.61
      vertex 59.30556596070528 15 28.61
    endloop
  endfacet
  facet normal -0.9969173329454645 -0.07845910573605712 0
    outer loop
      vertex 59.33873891830444 14.578497663140297 28.581177920604848
      vertex 59.30556596070528 15 28.61
      vertex 59.30556596070528 15 28.581177920604848
    endloop
  endfacet
  facet normal -0.38268343715240666 -0.9238795305283152 0
    outer loop
      vertex 60.77675260603428 12.5992416664958 28.581177920604848
      vertex 61.167374074459076 12.43744095414877 28.581177920604848
      vertex 60.77675260603428 12.5992416664958 28.61
    endloop
  endfacet
  facet normal -0.5224985560011262 -0.8526401696945425 0
    outer loop
      vertex 60.41625140607357 12.820157080888748 28.61
      vertex 60.77675260603428 12.5992416664958 28.581177920604848
      vertex 60.77675260603428 12.5992416664958 28.61
    endloop
  endfacet
  facet normal -0.38268343715240666 -0.9238795305283152 0
    outer loop
      vertex 60.77675260603428 12.5992416664958 28.61
      vertex 61.167374074459076 12.43744095414877 28.581177920604848
      vertex 61.167374074459076 12.43744095414877 28.61
    endloop
  endfacet
  facet normal -0.23344535232837896 -0.9723699231651908 0
    outer loop
      vertex 61.167374074459076 12.43744095414877 28.581177920604848
      vertex 61.5784976631403 12.338738918304443 28.581177920604848
      vertex 61.167374074459076 12.43744095414877 28.61
    endloop
  endfacet
  facet normal -0.23344535232837896 -0.9723699231651908 0
    outer loop
      vertex 61.167374074459076 12.43744095414877 28.61
      vertex 61.5784976631403 12.338738918304443 28.581177920604848
      vertex 61.5784976631403 12.338738918304443 28.61
    endloop
  endfacet
  facet normal -0.07845910573605712 -0.9969173329454645 0
    outer loop
      vertex 61.5784976631403 12.338738918304443 28.581177920604848
      vertex 62 12.30556596070528 28.581177920604848
      vertex 61.5784976631403 12.338738918304443 28.61
    endloop
  endfacet
  facet normal -0.07845910573605712 -0.9969173329454645 0
    outer loop
      vertex 61.5784976631403 12.338738918304443 28.61
      vertex 62 12.30556596070528 28.581177920604848
      vertex 62 12.30556596070528 28.61
    endloop
  endfacet
  facet normal 0 0 1
    outer loop
      vertex 61.167374074459076 12.43744095414877 28.61
      vertex 61.5784976631403 12.338738918304443 28.61
      vertex 63.22324739396572 12.5992416664958 28.61
    endloop
  endfacet
  facet normal 0 0 1
    outer loop
      vertex 60.77675260603428 12.5992416664958 28.61
      vertex 61.167374074459076 12.43744095414877 28.61
      vertex 63.58374859392643 12.820157080888748 28.61
    endloop
  endfacet
  facet normal 0 0 1
    outer loop
      vertex 60.41625140607357 12.820157080888748 28.61
      vertex 60.77675260603428 12.5992416664958 28.61
      vertex 63.90525257587433 13.094747424125671 28.61
    endloop
  endfacet
  facet normal 0 0 1
    outer loop
      vertex 60.41625140607357 12.820157080888748 28.61
      vertex 64.17984291911125 13.41625140607357 28.61
      vertex 60.09474742412567 13.094747424125671 28.61
    endloop
  endfacet
  facet normal 0 0 1
    outer loop
      vertex 59.82015708088875 13.41625140607357 28.61
      vertex 60.09474742412567 13.094747424125671 28.61
      vertex 64.4007583335042 13.776752606034279 28.61
    endloop
  endfacet
  facet normal 0 0 1
    outer loop
      vertex 59.5992416664958 13.776752606034279 28.61
      vertex 64.66126108169556 14.578497663140297 28.61
      vertex 59.43744095414877 14.167374074459076 28.61
    endloop
  endfacet
  facet normal 0 0 1
    outer loop
      vertex 59.43744095414877 14.167374074459076 28.61
      vertex 64.69443403929472 15 28.61
      vertex 59.33873891830444 14.578497663140297 28.61
    endloop
  endfacet
  facet normal 0 0 1
    outer loop
      vertex 59.82015708088875 13.41625140607357 28.61
      vertex 64.56255904585123 14.167374074459076 28.61
      vertex 59.5992416664958 13.776752606034279 28.61
    endloop
  endfacet
  facet normal -0.9969173329454645 0.07845910573605712 0
    outer loop
      vertex 59.30556596070528 15 28.581177920604848
      vertex 59.30556596070528 15 28.61
      vertex 59.33873891830444 15.421502336859703 28.61
    endloop
  endfacet
  facet normal -0.9969173329454645 0.07845910573605712 0
    outer loop
      vertex 59.30556596070528 15 28.581177920604848
      vertex 59.33873891830444 15.421502336859703 28.61
      vertex 59.33873891830444 15.421502336859703 28.581177920604848
    endloop
  endfacet
  facet normal -0.9723699231651908 0.23344535232837896 0
    outer loop
      vertex 59.33873891830444 15.421502336859703 28.581177920604848
      vertex 59.33873891830444 15.421502336859703 28.61
      vertex 59.43744095414877 15.832625925540924 28.61
    endloop
  endfacet
  facet normal -0.9723699231651908 0.23344535232837896 0
    outer loop
      vertex 59.33873891830444 15.421502336859703 28.581177920604848
      vertex 59.43744095414877 15.832625925540924 28.61
      vertex 59.43744095414877 15.832625925540924 28.581177920604848
    endloop
  endfacet
  facet normal -0.9238795305283152 0.38268343715240666 0
    outer loop
      vertex 59.43744095414877 15.832625925540924 28.581177920604848
      vertex 59.43744095414877 15.832625925540924 28.61
      vertex 59.5992416664958 16.22324739396572 28.61
    endloop
  endfacet
  facet normal -0.9238795305283152 0.38268343715240666 0
    outer loop
      vertex 59.43744095414877 15.832625925540924 28.581177920604848
      vertex 59.5992416664958 16.22324739396572 28.61
      vertex 59.5992416664958 16.22324739396572 28.581177920604848
    endloop
  endfacet
  facet normal -0.8526401696945425 0.5224985560011262 0
    outer loop
      vertex 59.5992416664958 16.22324739396572 28.581177920604848
      vertex 59.5992416664958 16.22324739396572 28.61
      vertex 59.82015708088875 16.58374859392643 28.61
    endloop
  endfacet
  facet normal -0.8526401696945425 0.5224985560011262 0
    outer loop
      vertex 59.5992416664958 16.22324739396572 28.581177920604848
      vertex 59.82015708088875 16.58374859392643 28.61
      vertex 59.82015708088875 16.58374859392643 28.581177920604848
    endloop
  endfacet
  facet normal -0.7604059633158249 0.6494480510046453 0
    outer loop
      vertex 59.82015708088875 16.58374859392643 28.581177920604848
      vertex 59.82015708088875 16.58374859392643 28.61
      vertex 60.09474742412567 16.90525257587433 28.61
    endloop
  endfacet
  facet normal -0.7604059633158249 0.6494480510046453 0
    outer loop
      vertex 59.82015708088875 16.58374859392643 28.581177920604848
      vertex 60.09474742412567 16.90525257587433 28.61
      vertex 60.09474742412567 16.90525257587433 28.581177920604848
    endloop
  endfacet
  facet normal -0.6494480510046453 0.7604059633158249 0
    outer loop
      vertex 60.09474742412567 16.90525257587433 28.581177920604848
      vertex 60.09474742412567 16.90525257587433 28.61
      vertex 60.41625140607357 17.179842919111252 28.61
    endloop
  endfacet
  facet normal -0.6494480510046453 0.7604059633158249 0
    outer loop
      vertex 60.09474742412567 16.90525257587433 28.581177920604848
      vertex 60.41625140607357 17.179842919111252 28.61
      vertex 60.41625140607357 17.179842919111252 28.581177920604848
    endloop
  endfacet
  facet normal -0.5224985560011262 0.8526401696945425 0
    outer loop
      vertex 60.41625140607357 17.179842919111252 28.581177920604848
      vertex 60.41625140607357 17.179842919111252 28.61
      vertex 60.77675260603428 17.4007583335042 28.61
    endloop
  endfacet
  facet normal 0 0 1
    outer loop
      vertex 59.33873891830444 14.578497663140297 28.61
      vertex 64.66126108169556 15.421502336859703 28.61
      vertex 59.30556596070528 15 28.61
    endloop
  endfacet
  facet normal 0 0 1
    outer loop
      vertex 59.30556596070528 15 28.61
      vertex 64.56255904585123 15.832625925540924 28.61
      vertex 59.33873891830444 15.421502336859703 28.61
    endloop
  endfacet
  facet normal 0 0 1
    outer loop
      vertex 59.33873891830444 15.421502336859703 28.61
      vertex 64.4007583335042 16.22324739396572 28.61
      vertex 59.43744095414877 15.832625925540924 28.61
    endloop
  endfacet
  facet normal 0 0 1
    outer loop
      vertex 59.43744095414877 15.832625925540924 28.61
      vertex 64.17984291911125 16.58374859392643 28.61
      vertex 59.5992416664958 16.22324739396572 28.61
    endloop
  endfacet
  facet normal 0 0 1
    outer loop
      vertex 59.5992416664958 16.22324739396572 28.61
      vertex 63.90525257587433 16.90525257587433 28.61
      vertex 59.82015708088875 16.58374859392643 28.61
    endloop
  endfacet
  facet normal 0 0 1
    outer loop
      vertex 59.82015708088875 16.58374859392643 28.61
      vertex 63.58374859392643 17.179842919111252 28.61
      vertex 60.09474742412567 16.90525257587433 28.61
    endloop
  endfacet
  facet normal -0.5224985560011262 0.8526401696945425 0
    outer loop
      vertex 60.41625140607357 17.179842919111252 28.581177920604848
      vertex 60.77675260603428 17.4007583335042 28.61
      vertex 60.77675260603428 17.4007583335042 28.581177920604848
    endloop
  endfacet
  facet normal -0.38268343715240666 0.9238795305283152 0
    outer loop
      vertex 60.77675260603428 17.4007583335042 28.581177920604848
      vertex 60.77675260603428 17.4007583335042 28.61
      vertex 61.167374074459076 17.56255904585123 28.61
    endloop
  endfacet
  facet normal 0 0 1
    outer loop
      vertex 60.09474742412567 16.90525257587433 28.61
      vertex 63.22324739396572 17.4007583335042 28.61
      vertex 60.41625140607357 17.179842919111252 28.61
    endloop
  endfacet
  facet normal -0.38268343715240666 0.9238795305283152 0
    outer loop
      vertex 60.77675260603428 17.4007583335042 28.581177920604848
      vertex 61.167374074459076 17.56255904585123 28.61
      vertex 61.167374074459076 17.56255904585123 28.581177920604848
    endloop
  endfacet
  facet normal -0.23344535232837896 0.9723699231651908 0
    outer loop
      vertex 61.167374074459076 17.56255904585123 28.581177920604848
      vertex 61.167374074459076 17.56255904585123 28.61
      vertex 61.5784976631403 17.661261081695557 28.61
    endloop
  endfacet
  facet normal 0 0 1
    outer loop
      vertex 60.41625140607357 17.179842919111252 28.61
      vertex 62.832625925540924 17.56255904585123 28.61
      vertex 60.77675260603428 17.4007583335042 28.61
    endloop
  endfacet
  facet normal 0 0 1
    outer loop
      vertex 60.77675260603428 17.4007583335042 28.61
      vertex 62.4215023368597 17.661261081695557 28.61
      vertex 61.167374074459076 17.56255904585123 28.61
    endloop
  endfacet
  facet normal -0.23344535232837896 0.9723699231651908 0
    outer loop
      vertex 61.167374074459076 17.56255904585123 28.581177920604848
      vertex 61.5784976631403 17.661261081695557 28.61
      vertex 61.5784976631403 17.661261081695557 28.581177920604848
    endloop
  endfacet
  facet normal 0 0 1
    outer loop
      vertex 61.167374074459076 17.56255904585123 28.61
      vertex 62 17.69443403929472 28.61
      vertex 61.5784976631403 17.661261081695557 28.61
    endloop
  endfacet
  facet normal -0.07845910573605712 0.9969173329454645 0
    outer loop
      vertex 61.5784976631403 17.661261081695557 28.581177920604848
      vertex 61.5784976631403 17.661261081695557 28.61
      vertex 62 17.69443403929472 28.61
    endloop
  endfacet
  facet normal 0 0 1
    outer loop
      vertex 61.167374074459076 17.56255904585123 28.61
      vertex 62.4215023368597 17.661261081695557 28.61
      vertex 62 17.69443403929472 28.61
    endloop
  endfacet
  facet normal -0.07845910573605712 0.9969173329454645 0
    outer loop
      vertex 61.5784976631403 17.661261081695557 28.581177920604848
      vertex 62 17.69443403929472 28.61
      vertex 62 17.69443403929472 28.581177920604848
    endloop
  endfacet
  facet normal 0.07845910573605712 -0.9969173329454645 0
    outer loop
      vertex 62 12.30556596070528 28.581177920604848
      vertex 62.4215023368597 12.338738918304443 28.581177920604848
      vertex 62 12.30556596070528 28.61
    endloop
  endfacet
  facet normal 0 0 1
    outer loop
      vertex 61.5784976631403 12.338738918304443 28.61
      vertex 62 12.30556596070528 28.61
      vertex 62.832625925540924 12.43744095414877 28.61
    endloop
  endfacet
  facet normal 0.07845910573605712 -0.9969173329454645 0
    outer loop
      vertex 62 12.30556596070528 28.61
      vertex 62.4215023368597 12.338738918304443 28.581177920604848
      vertex 62.4215023368597 12.338738918304443 28.61
    endloop
  endfacet
  facet normal 0 0 1
    outer loop
      vertex 62 12.30556596070528 28.61
      vertex 62.4215023368597 12.338738918304443 28.61
      vertex 62.832625925540924 12.43744095414877 28.61
    endloop
  endfacet
  facet normal 0.23344535232837896 -0.9723699231651908 0
    outer loop
      vertex 62.4215023368597 12.338738918304443 28.581177920604848
      vertex 62.832625925540924 12.43744095414877 28.581177920604848
      vertex 62.4215023368597 12.338738918304443 28.61
    endloop
  endfacet
  facet normal 0 0 1
    outer loop
      vertex 61.5784976631403 12.338738918304443 28.61
      vertex 62.832625925540924 12.43744095414877 28.61
      vertex 63.22324739396572 12.5992416664958 28.61
    endloop
  endfacet
  facet normal 0 0 1
    outer loop
      vertex 61.167374074459076 12.43744095414877 28.61
      vertex 63.22324739396572 12.5992416664958 28.61
      vertex 63.58374859392643 12.820157080888748 28.61
    endloop
  endfacet
  facet normal 0.23344535232837896 -0.9723699231651908 0
    outer loop
      vertex 62.4215023368597 12.338738918304443 28.61
      vertex 62.832625925540924 12.43744095414877 28.581177920604848
      vertex 62.832625925540924 12.43744095414877 28.61
    endloop
  endfacet
  facet normal 0.38268343715240666 -0.9238795305283152 0
    outer loop
      vertex 62.832625925540924 12.43744095414877 28.581177920604848
      vertex 63.22324739396572 12.5992416664958 28.581177920604848
      vertex 62.832625925540924 12.43744095414877 28.61
    endloop
  endfacet
  facet normal 0 0 1
    outer loop
      vertex 60.77675260603428 12.5992416664958 28.61
      vertex 63.58374859392643 12.820157080888748 28.61
      vertex 63.90525257587433 13.094747424125671 28.61
    endloop
  endfacet
  facet normal 0.38268343715240666 -0.9238795305283152 0
    outer loop
      vertex 62.832625925540924 12.43744095414877 28.61
      vertex 63.22324739396572 12.5992416664958 28.581177920604848
      vertex 63.22324739396572 12.5992416664958 28.61
    endloop
  endfacet
  facet normal 0.5224985560011262 -0.8526401696945425 0
    outer loop
      vertex 63.22324739396572 12.5992416664958 28.581177920604848
      vertex 63.58374859392643 12.820157080888748 28.581177920604848
      vertex 63.22324739396572 12.5992416664958 28.61
    endloop
  endfacet
  facet normal 0 0 1
    outer loop
      vertex 60.41625140607357 12.820157080888748 28.61
      vertex 63.90525257587433 13.094747424125671 28.61
      vertex 64.17984291911125 13.41625140607357 28.61
    endloop
  endfacet
  facet normal 0 0 1
    outer loop
      vertex 60.09474742412567 13.094747424125671 28.61
      vertex 64.17984291911125 13.41625140607357 28.61
      vertex 64.4007583335042 13.776752606034279 28.61
    endloop
  endfacet
  facet normal 0 0 1
    outer loop
      vertex 59.82015708088875 13.41625140607357 28.61
      vertex 64.4007583335042 13.776752606034279 28.61
      vertex 64.56255904585123 14.167374074459076 28.61
    endloop
  endfacet
  facet normal 0 0 1
    outer loop
      vertex 59.5992416664958 13.776752606034279 28.61
      vertex 64.56255904585123 14.167374074459076 28.61
      vertex 64.66126108169556 14.578497663140297 28.61
    endloop
  endfacet
  facet normal 0 0 1
    outer loop
      vertex 59.43744095414877 14.167374074459076 28.61
      vertex 64.66126108169556 14.578497663140297 28.61
      vertex 64.69443403929472 15 28.61
    endloop
  endfacet
  facet normal 0.5224985560011262 -0.8526401696945425 0
    outer loop
      vertex 63.22324739396572 12.5992416664958 28.61
      vertex 63.58374859392643 12.820157080888748 28.581177920604848
      vertex 63.58374859392643 12.820157080888748 28.61
    endloop
  endfacet
  facet normal 0.6494480510046453 -0.7604059633158249 0
    outer loop
      vertex 63.58374859392643 12.820157080888748 28.581177920604848
      vertex 63.90525257587433 13.094747424125671 28.581177920604848
      vertex 63.58374859392643 12.820157080888748 28.61
    endloop
  endfacet
  facet normal 0.6494480510046453 -0.7604059633158249 0
    outer loop
      vertex 63.58374859392643 12.820157080888748 28.61
      vertex 63.90525257587433 13.094747424125671 28.581177920604848
      vertex 63.90525257587433 13.094747424125671 28.61
    endloop
  endfacet
  facet normal 0.7604059633158249 -0.6494480510046453 0
    outer loop
      vertex 63.90525257587433 13.094747424125671 28.581177920604848
      vertex 64.17984291911125 13.41625140607357 28.581177920604848
      vertex 63.90525257587433 13.094747424125671 28.61
    endloop
  endfacet
  facet normal 0.7604059633158249 -0.6494480510046453 0
    outer loop
      vertex 63.90525257587433 13.094747424125671 28.61
      vertex 64.17984291911125 13.41625140607357 28.581177920604848
      vertex 64.17984291911125 13.41625140607357 28.61
    endloop
  endfacet
  facet normal 0.8526401696945425 -0.5224985560011262 0
    outer loop
      vertex 64.17984291911125 13.41625140607357 28.581177920604848
      vertex 64.4007583335042 13.776752606034279 28.581177920604848
      vertex 64.17984291911125 13.41625140607357 28.61
    endloop
  endfacet
  facet normal 0.8526401696945425 -0.5224985560011262 0
    outer loop
      vertex 64.17984291911125 13.41625140607357 28.61
      vertex 64.4007583335042 13.776752606034279 28.581177920604848
      vertex 64.4007583335042 13.776752606034279 28.61
    endloop
  endfacet
  facet normal 0.9238795305283152 -0.38268343715240666 0
    outer loop
      vertex 64.4007583335042 13.776752606034279 28.581177920604848
      vertex 64.56255904585123 14.167374074459076 28.581177920604848
      vertex 64.4007583335042 13.776752606034279 28.61
    endloop
  endfacet
  facet normal 0.9238795305283152 -0.38268343715240666 0
    outer loop
      vertex 64.4007583335042 13.776752606034279 28.61
      vertex 64.56255904585123 14.167374074459076 28.581177920604848
      vertex 64.56255904585123 14.167374074459076 28.61
    endloop
  endfacet
  facet normal 0.9723699231651908 -0.23344535232837896 0
    outer loop
      vertex 64.56255904585123 14.167374074459076 28.581177920604848
      vertex 64.66126108169556 14.578497663140297 28.581177920604848
      vertex 64.56255904585123 14.167374074459076 28.61
    endloop
  endfacet
  facet normal 0.9723699231651908 -0.23344535232837896 0
    outer loop
      vertex 64.56255904585123 14.167374074459076 28.61
      vertex 64.66126108169556 14.578497663140297 28.581177920604848
      vertex 64.66126108169556 14.578497663140297 28.61
    endloop
  endfacet
  facet normal 0.9969173329454645 -0.07845910573605712 0
    outer loop
      vertex 64.66126108169556 14.578497663140297 28.581177920604848
      vertex 64.69443403929472 15 28.581177920604848
      vertex 64.66126108169556 14.578497663140297 28.61
    endloop
  endfacet
  facet normal 0.9969173329454645 -0.07845910573605712 0
    outer loop
      vertex 64.66126108169556 14.578497663140297 28.61
      vertex 64.69443403929472 15 28.581177920604848
      vertex 64.69443403929472 15 28.61
    endloop
  endfacet
  facet normal 0 0 1
    outer loop
      vertex 59.43744095414877 15.832625925540924 28.61
      vertex 64.4007583335042 16.22324739396572 28.61
      vertex 64.17984291911125 16.58374859392643 28.61
    endloop
  endfacet
  facet normal 0 0 1
    outer loop
      vertex 59.33873891830444 14.578497663140297 28.61
      vertex 64.69443403929472 15 28.61
      vertex 64.66126108169556 15.421502336859703 28.61
    endloop
  endfacet
  facet normal 0 0 1
    outer loop
      vertex 59.30556596070528 15 28.61
      vertex 64.66126108169556 15.421502336859703 28.61
      vertex 64.56255904585123 15.832625925540924 28.61
    endloop
  endfacet
  facet normal 0 0 1
    outer loop
      vertex 59.33873891830444 15.421502336859703 28.61
      vertex 64.56255904585123 15.832625925540924 28.61
      vertex 64.4007583335042 16.22324739396572 28.61
    endloop
  endfacet
  facet normal 0 0 1
    outer loop
      vertex 59.5992416664958 16.22324739396572 28.61
      vertex 64.17984291911125 16.58374859392643 28.61
      vertex 63.90525257587433 16.90525257587433 28.61
    endloop
  endfacet
  facet normal 0 0 1
    outer loop
      vertex 59.82015708088875 16.58374859392643 28.61
      vertex 63.90525257587433 16.90525257587433 28.61
      vertex 63.58374859392643 17.179842919111252 28.61
    endloop
  endfacet
  facet normal 0 0 1
    outer loop
      vertex 60.09474742412567 16.90525257587433 28.61
      vertex 63.58374859392643 17.179842919111252 28.61
      vertex 63.22324739396572 17.4007583335042 28.61
    endloop
  endfacet
  facet normal 0 0 1
    outer loop
      vertex 60.41625140607357 17.179842919111252 28.61
      vertex 63.22324739396572 17.4007583335042 28.61
      vertex 62.832625925540924 17.56255904585123 28.61
    endloop
  endfacet
  facet normal 0 0 1
    outer loop
      vertex 60.77675260603428 17.4007583335042 28.61
      vertex 62.832625925540924 17.56255904585123 28.61
      vertex 62.4215023368597 17.661261081695557 28.61
    endloop
  endfacet
  facet normal 0.07845910573605712 0.9969173329454645 0
    outer loop
      vertex 62 17.69443403929472 28.581177920604848
      vertex 62 17.69443403929472 28.61
      vertex 62.4215023368597 17.661261081695557 28.61
    endloop
  endfacet
  facet normal 0.07845910573605712 0.9969173329454645 0
    outer loop
      vertex 62 17.69443403929472 28.581177920604848
      vertex 62.4215023368597 17.661261081695557 28.61
      vertex 62.4215023368597 17.661261081695557 28.581177920604848
    endloop
  endfacet
  facet normal 0.23344535232837896 0.9723699231651908 0
    outer loop
      vertex 62.4215023368597 17.661261081695557 28.581177920604848
      vertex 62.4215023368597 17.661261081695557 28.61
      vertex 62.832625925540924 17.56255904585123 28.61
    endloop
  endfacet
  facet normal 0.23344535232837896 0.9723699231651908 0
    outer loop
      vertex 62.4215023368597 17.661261081695557 28.581177920604848
      vertex 62.832625925540924 17.56255904585123 28.61
      vertex 62.832625925540924 17.56255904585123 28.581177920604848
    endloop
  endfacet
  facet normal 0.38268343715240666 0.9238795305283152 0
    outer loop
      vertex 62.832625925540924 17.56255904585123 28.581177920604848
      vertex 62.832625925540924 17.56255904585123 28.61
      vertex 63.22324739396572 17.4007583335042 28.61
    endloop
  endfacet
  facet normal 0.5224985560011262 0.8526401696945425 0
    outer loop
      vertex 63.22324739396572 17.4007583335042 28.581177920604848
      vertex 63.22324739396572 17.4007583335042 28.61
      vertex 63.58374859392643 17.179842919111252 28.61
    endloop
  endfacet
  facet normal 0.38268343715240666 0.9238795305283152 0
    outer loop
      vertex 62.832625925540924 17.56255904585123 28.581177920604848
      vertex 63.22324739396572 17.4007583335042 28.61
      vertex 63.22324739396572 17.4007583335042 28.581177920604848
    endloop
  endfacet
  facet normal 0.9969173329454645 0.07845910573605712 0
    outer loop
      vertex 64.69443403929472 15 28.581177920604848
      vertex 64.66126108169556 15.421502336859703 28.581177920604848
      vertex 64.69443403929472 15 28.61
    endloop
  endfacet
  facet normal 0.9969173329454645 0.07845910573605712 0
    outer loop
      vertex 64.69443403929472 15 28.61
      vertex 64.66126108169556 15.421502336859703 28.581177920604848
      vertex 64.66126108169556 15.421502336859703 28.61
    endloop
  endfacet
  facet normal 0.9723699231651908 0.23344535232837896 0
    outer loop
      vertex 64.66126108169556 15.421502336859703 28.581177920604848
      vertex 64.56255904585123 15.832625925540924 28.581177920604848
      vertex 64.66126108169556 15.421502336859703 28.61
    endloop
  endfacet
  facet normal 0.8526401696945425 0.5224985560011262 0
    outer loop
      vertex 64.4007583335042 16.22324739396572 28.581177920604848
      vertex 64.17984291911125 16.58374859392643 28.581177920604848
      vertex 64.4007583335042 16.22324739396572 28.61
    endloop
  endfacet
  facet normal 0.9238795305283152 0.38268343715240666 0
    outer loop
      vertex 64.56255904585123 15.832625925540924 28.581177920604848
      vertex 64.4007583335042 16.22324739396572 28.581177920604848
      vertex 64.56255904585123 15.832625925540924 28.61
    endloop
  endfacet
  facet normal 0.9723699231651908 0.23344535232837896 0
    outer loop
      vertex 64.66126108169556 15.421502336859703 28.61
      vertex 64.56255904585123 15.832625925540924 28.581177920604848
      vertex 64.56255904585123 15.832625925540924 28.61
    endloop
  endfacet
  facet normal 0.9238795305283152 0.38268343715240666 0
    outer loop
      vertex 64.56255904585123 15.832625925540924 28.61
      vertex 64.4007583335042 16.22324739396572 28.581177920604848
      vertex 64.4007583335042 16.22324739396572 28.61
    endloop
  endfacet
  facet normal 0.6494480510046453 0.7604059633158249 0
    outer loop
      vertex 63.90525257587433 16.90525257587433 28.581177920604848
      vertex 63.58374859392643 17.179842919111252 28.581177920604848
      vertex 63.90525257587433 16.90525257587433 28.61
    endloop
  endfacet
  facet normal 0.7604059633158249 0.6494480510046453 0
    outer loop
      vertex 63.90525257587433 16.90525257587433 28.581177920604848
      vertex 63.90525257587433 16.90525257587433 28.61
      vertex 64.17984291911125 16.58374859392643 28.61
    endloop
  endfacet
  facet normal 0.5224985560011262 0.8526401696945425 0
    outer loop
      vertex 63.22324739396572 17.4007583335042 28.581177920604848
      vertex 63.58374859392643 17.179842919111252 28.61
      vertex 63.58374859392643 17.179842919111252 28.581177920604848
    endloop
  endfacet
  facet normal 0.6494480510046453 0.7604059633158249 0
    outer loop
      vertex 63.90525257587433 16.90525257587433 28.61
      vertex 63.58374859392643 17.179842919111252 28.581177920604848
      vertex 63.58374859392643 17.179842919111252 28.61
    endloop
  endfacet
  facet normal 0.8526401696945425 0.5224985560011262 0
    outer loop
      vertex 64.4007583335042 16.22324739396572 28.61
      vertex 64.17984291911125 16.58374859392643 28.581177920604848
      vertex 64.17984291911125 16.58374859392643 28.61
    endloop
  endfacet
  facet normal 0.7604059633158249 0.6494480510046453 0
    outer loop
      vertex 63.90525257587433 16.90525257587433 28.581177920604848
      vertex 64.17984291911125 16.58374859392643 28.61
      vertex 64.17984291911125 16.58374859392643 28.581177920604848
    endloop
  endfacet
  facet normal -0.6494480514328536 -0.7604059629501005 0
    outer loop
      vertex 59.030807480216026 12.030807480216026 23.110000000000003
      vertex 59.53184720873833 11.602879121899605 23.110000000000003
      vertex 59.030807480216026 12.030807480216026 27.11
    endloop
  endfacet
  facet normal -0.7604059629501005 -0.6494480514328536 0
    outer loop
      vertex 59.030807480216026 12.030807480216026 23.110000000000003
      vertex 59.030807480216026 12.030807480216026 27.11
      vertex 58.602879121899605 12.531847208738327 27.11
    endloop
  endfacet
  facet normal 0 0 1
    outer loop
      vertex 59.030807480216026 12.030807480216026 27.11
      vertex 59.0512507930398 12.051250793039799 27.11
      vertex 58.62626877427101 12.548840798437595 27.11
    endloop
  endfacet
  facet normal 0 0 1
    outer loop
      vertex 59.030807480216026 12.030807480216026 27.11
      vertex 59.53184720873833 11.602879121899605 27.11
      vertex 59.0512507930398 12.051250793039799 27.11
    endloop
  endfacet
  facet normal -0.972369921749324 -0.23344535822588885 0
    outer loop
      vertex 57.85262521356344 14.343120343983173 23.110000000000003
      vertex 58.00644488632679 13.702415280044079 23.110000000000003
      vertex 57.85262521356344 14.343120343983173 27.11
    endloop
  endfacet
  facet normal -0.9969173334841713 -0.07845909889113979 0
    outer loop
      vertex 57.85262521356344 14.343120343983173 23.110000000000003
      vertex 57.80092766135931 15 27.11
      vertex 57.80092766135931 15 23.110000000000003
    endloop
  endfacet
  facet normal -0.9969173334841713 -0.07845909889113979 0
    outer loop
      vertex 57.85262521356344 14.343120343983173 23.110000000000003
      vertex 57.85262521356344 14.343120343983173 27.11
      vertex 57.80092766135931 15 27.11
    endloop
  endfacet
  facet normal -0.852640165021023 -0.5224985636276167 0
    outer loop
      vertex 58.602879121899605 12.531847208738327 23.110000000000003
      vertex 58.25859913229942 13.093661092221737 27.11
      vertex 58.25859913229942 13.093661092221737 23.110000000000003
    endloop
  endfacet
  facet normal -0.9238795297075877 -0.38268343913381786 0
    outer loop
      vertex 58.25859913229942 13.093661092221737 23.110000000000003
      vertex 58.00644488632679 13.702415280044079 27.11
      vertex 58.00644488632679 13.702415280044079 23.110000000000003
    endloop
  endfacet
  facet normal -0.7604059629501005 -0.6494480514328536 0
    outer loop
      vertex 59.030807480216026 12.030807480216026 23.110000000000003
      vertex 58.602879121899605 12.531847208738327 27.11
      vertex 58.602879121899605 12.531847208738327 23.110000000000003
    endloop
  endfacet
  facet normal -0.852640165021023 -0.5224985636276167 0
    outer loop
      vertex 58.602879121899605 12.531847208738327 23.110000000000003
      vertex 58.602879121899605 12.531847208738327 27.11
      vertex 58.25859913229942 13.093661092221737 27.11
    endloop
  endfacet
  facet normal -0.9238795297075877 -0.38268343913381786 0
    outer loop
      vertex 58.25859913229942 13.093661092221737 23.110000000000003
      vertex 58.25859913229942 13.093661092221737 27.11
      vertex 58.00644488632679 13.702415280044079 27.11
    endloop
  endfacet
  facet normal -0.972369921749324 -0.23344535822588885 0
    outer loop
      vertex 58.00644488632679 13.702415280044079 23.110000000000003
      vertex 58.00644488632679 13.702415280044079 27.11
      vertex 57.85262521356344 14.343120343983173 27.11
    endloop
  endfacet
  facet normal 0 0 1
    outer loop
      vertex 57.85262521356344 14.343120343983173 27.11
      vertex 58.00644488632679 13.702415280044079 27.11
      vertex 57.881180472671986 14.347643055021763 27.11
    endloop
  endfacet
  facet normal 0 0 1
    outer loop
      vertex 57.85262521356344 14.343120343983173 27.11
      vertex 57.881180472671986 14.347643055021763 27.11
      vertex 57.82983887195587 15 27.11
    endloop
  endfacet
  facet normal 0 0 1
    outer loop
      vertex 57.85262521356344 14.343120343983173 27.11
      vertex 57.82983887195587 15 27.11
      vertex 57.80092766135931 15 27.11
    endloop
  endfacet
  facet normal 0 0 1
    outer loop
      vertex 58.602879121899605 12.531847208738327 27.11
      vertex 58.28435921669006 13.106786489486694 27.11
      vertex 58.25859913229942 13.093661092221737 27.11
    endloop
  endfacet
  facet normal 0 0 1
    outer loop
      vertex 58.602879121899605 12.531847208738327 27.11
      vertex 58.62626877427101 12.548840798437595 27.11
      vertex 58.28435921669006 13.106786489486694 27.11
    endloop
  endfacet
  facet normal 0 0 1
    outer loop
      vertex 58.25859913229942 13.093661092221737 27.11
      vertex 58.28435921669006 13.106786489486694 27.11
      vertex 58.0339410752058 13.711349338293076 27.11
    endloop
  endfacet
  facet normal 0 0 1
    outer loop
      vertex 58.25859913229942 13.093661092221737 27.11
      vertex 58.0339410752058 13.711349338293076 27.11
      vertex 58.00644488632679 13.702415280044079 27.11
    endloop
  endfacet
  facet normal 0 0 1
    outer loop
      vertex 59.030807480216026 12.030807480216026 27.11
      vertex 58.62626877427101 12.548840798437595 27.11
      vertex 58.602879121899605 12.531847208738327 27.11
    endloop
  endfacet
  facet normal 0 0 1
    outer loop
      vertex 57.881180472671986 14.347643055021763 27.11
      vertex 58.00644488632679 13.702415280044079 27.11
      vertex 58.0339410752058 13.711349338293076 27.11
    endloop
  endfacet
  facet normal -0.5224985636276167 -0.852640165021023 0
    outer loop
      vertex 59.53184720873833 11.602879121899605 23.110000000000003
      vertex 60.09366109222174 11.258599132299423 23.110000000000003
      vertex 59.53184720873833 11.602879121899605 27.11
    endloop
  endfacet
  facet normal -0.38268343913381786 -0.9238795297075877 0
    outer loop
      vertex 60.09366109222174 11.258599132299423 23.110000000000003
      vertex 60.70241528004408 11.00644488632679 23.110000000000003
      vertex 60.09366109222174 11.258599132299423 27.11
    endloop
  endfacet
  facet normal -0.5224985636276167 -0.852640165021023 0
    outer loop
      vertex 60.09366109222174 11.258599132299423 23.110000000000003
      vertex 60.09366109222174 11.258599132299423 27.11
      vertex 59.53184720873833 11.602879121899605 27.11
    endloop
  endfacet
  facet normal -0.6494480514328536 -0.7604059629501005 0
    outer loop
      vertex 59.53184720873833 11.602879121899605 23.110000000000003
      vertex 59.53184720873833 11.602879121899605 27.11
      vertex 59.030807480216026 12.030807480216026 27.11
    endloop
  endfacet
  facet normal -0.38268343913381786 -0.9238795297075877 0
    outer loop
      vertex 60.70241528004408 11.00644488632679 23.110000000000003
      vertex 60.70241528004408 11.00644488632679 27.11
      vertex 60.09366109222174 11.258599132299423 27.11
    endloop
  endfacet
  facet normal -0.07845909889113979 -0.9969173334841713 0
    outer loop
      vertex 61.34312034398317 10.852625213563442 23.110000000000003
      vertex 62 10.80092766135931 23.110000000000003
      vertex 61.34312034398317 10.852625213563442 27.11
    endloop
  endfacet
  facet normal -0.23344535822588885 -0.972369921749324 0
    outer loop
      vertex 61.34312034398317 10.852625213563442 23.110000000000003
      vertex 61.34312034398317 10.852625213563442 27.11
      vertex 60.70241528004408 11.00644488632679 27.11
    endloop
  endfacet
  facet normal -0.07845909889113979 -0.9969173334841713 0
    outer loop
      vertex 61.34312034398317 10.852625213563442 27.11
      vertex 62 10.80092766135931 23.110000000000003
      vertex 62 10.80092766135931 27.11
    endloop
  endfacet
  facet normal -0.23344535822588885 -0.972369921749324 0
    outer loop
      vertex 61.34312034398317 10.852625213563442 23.110000000000003
      vertex 60.70241528004408 11.00644488632679 27.11
      vertex 60.70241528004408 11.00644488632679 23.110000000000003
    endloop
  endfacet
  facet normal 0 0 1
    outer loop
      vertex 59.53184720873833 11.602879121899605 27.11
      vertex 60.09366109222174 11.258599132299423 27.11
      vertex 59.548840798437595 11.626268774271011 27.11
    endloop
  endfacet
  facet normal 0 0 1
    outer loop
      vertex 59.548840798437595 11.626268774271011 27.11
      vertex 60.09366109222174 11.258599132299423 27.11
      vertex 60.106786489486694 11.284359216690063 27.11
    endloop
  endfacet
  facet normal 0 0 1
    outer loop
      vertex 59.0512507930398 12.051250793039799 27.11
      vertex 59.53184720873833 11.602879121899605 27.11
      vertex 59.548840798437595 11.626268774271011 27.11
    endloop
  endfacet
  facet normal 0 0 1
    outer loop
      vertex 60.09366109222174 11.258599132299423 27.11
      vertex 60.70241528004408 11.00644488632679 27.11
      vertex 60.106786489486694 11.284359216690063 27.11
    endloop
  endfacet
  facet normal 0 0 1
    outer loop
      vertex 60.106786489486694 11.284359216690063 27.11
      vertex 60.70241528004408 11.00644488632679 27.11
      vertex 60.711349338293076 11.033941075205803 27.11
    endloop
  endfacet
  facet normal 0 0 1
    outer loop
      vertex 61.34312034398317 10.852625213563442 27.11
      vertex 61.34764305502176 10.881180472671986 27.11
      vertex 60.711349338293076 11.033941075205803 27.11
    endloop
  endfacet
  facet normal 0 0 1
    outer loop
      vertex 61.34312034398317 10.852625213563442 27.11
      vertex 62 10.80092766135931 27.11
      vertex 61.34764305502176 10.881180472671986 27.11
    endloop
  endfacet
  facet normal 0 0 1
    outer loop
      vertex 61.34764305502176 10.881180472671986 27.11
      vertex 62 10.80092766135931 27.11
      vertex 62 10.829838871955872 27.11
    endloop
  endfacet
  facet normal 0 0 1
    outer loop
      vertex 61.34312034398317 10.852625213563442 27.11
      vertex 60.711349338293076 11.033941075205803 27.11
      vertex 60.70241528004408 11.00644488632679 27.11
    endloop
  endfacet
  facet normal -0.9969173334841713 0.07845909889113979 0
    outer loop
      vertex 57.80092766135931 15 23.110000000000003
      vertex 57.85262521356344 15.656879656016827 27.11
      vertex 57.85262521356344 15.656879656016827 23.110000000000003
    endloop
  endfacet
  facet normal -0.9969173334841713 0.07845909889113979 0
    outer loop
      vertex 57.80092766135931 15 23.110000000000003
      vertex 57.80092766135931 15 27.11
      vertex 57.85262521356344 15.656879656016827 27.11
    endloop
  endfacet
  facet normal -0.972369921749324 0.23344535822588885 0
    outer loop
      vertex 57.85262521356344 15.656879656016827 23.110000000000003
      vertex 57.85262521356344 15.656879656016827 27.11
      vertex 58.00644488632679 16.29758471995592 27.11
    endloop
  endfacet
  facet normal -0.972369921749324 0.23344535822588885 0
    outer loop
      vertex 57.85262521356344 15.656879656016827 23.110000000000003
      vertex 58.00644488632679 16.29758471995592 27.11
      vertex 58.00644488632679 16.29758471995592 23.110000000000003
    endloop
  endfacet
  facet normal -0.9238795297075877 0.38268343913381786 0
    outer loop
      vertex 58.00644488632679 16.29758471995592 23.110000000000003
      vertex 58.25859913229942 16.906338907778263 27.11
      vertex 58.25859913229942 16.906338907778263 23.110000000000003
    endloop
  endfacet
  facet normal -0.852640165021023 0.5224985636276167 0
    outer loop
      vertex 58.25859913229942 16.906338907778263 23.110000000000003
      vertex 58.602879121899605 17.468152791261673 27.11
      vertex 58.602879121899605 17.468152791261673 23.110000000000003
    endloop
  endfacet
  facet normal -0.9238795297075877 0.38268343913381786 0
    outer loop
      vertex 58.00644488632679 16.29758471995592 23.110000000000003
      vertex 58.00644488632679 16.29758471995592 27.11
      vertex 58.25859913229942 16.906338907778263 27.11
    endloop
  endfacet
  facet normal -0.852640165021023 0.5224985636276167 0
    outer loop
      vertex 58.25859913229942 16.906338907778263 23.110000000000003
      vertex 58.25859913229942 16.906338907778263 27.11
      vertex 58.602879121899605 17.468152791261673 27.11
    endloop
  endfacet
  facet normal -0.7604059629501005 0.6494480514328536 0
    outer loop
      vertex 58.602879121899605 17.468152791261673 23.110000000000003
      vertex 58.602879121899605 17.468152791261673 27.11
      vertex 59.030807480216026 17.969192519783974 27.11
    endloop
  endfacet
  facet normal 0 0 1
    outer loop
      vertex 57.80092766135931 15 27.11
      vertex 57.82983887195587 15 27.11
      vertex 57.881180472671986 15.652356944978237 27.11
    endloop
  endfacet
  facet normal 0 0 1
    outer loop
      vertex 57.80092766135931 15 27.11
      vertex 57.881180472671986 15.652356944978237 27.11
      vertex 57.85262521356344 15.656879656016827 27.11
    endloop
  endfacet
  facet normal 0 0 1
    outer loop
      vertex 57.85262521356344 15.656879656016827 27.11
      vertex 57.881180472671986 15.652356944978237 27.11
      vertex 58.0339410752058 16.288650661706924 27.11
    endloop
  endfacet
  facet normal 0 0 1
    outer loop
      vertex 57.85262521356344 15.656879656016827 27.11
      vertex 58.0339410752058 16.288650661706924 27.11
      vertex 58.00644488632679 16.29758471995592 27.11
    endloop
  endfacet
  facet normal 0 0 1
    outer loop
      vertex 58.00644488632679 16.29758471995592 27.11
      vertex 58.0339410752058 16.288650661706924 27.11
      vertex 58.28435921669006 16.893213510513306 27.11
    endloop
  endfacet
  facet normal 0 0 1
    outer loop
      vertex 58.00644488632679 16.29758471995592 27.11
      vertex 58.28435921669006 16.893213510513306 27.11
      vertex 58.25859913229942 16.906338907778263 27.11
    endloop
  endfacet
  facet normal 0 0 1
    outer loop
      vertex 58.28435921669006 16.893213510513306 27.11
      vertex 58.62626877427101 17.451159201562405 27.11
      vertex 58.25859913229942 16.906338907778263 27.11
    endloop
  endfacet
  facet normal 0 0 1
    outer loop
      vertex 58.25859913229942 16.906338907778263 27.11
      vertex 58.62626877427101 17.451159201562405 27.11
      vertex 58.602879121899605 17.468152791261673 27.11
    endloop
  endfacet
  facet normal 0 0 1
    outer loop
      vertex 58.602879121899605 17.468152791261673 27.11
      vertex 58.62626877427101 17.451159201562405 27.11
      vertex 59.0512507930398 17.9487492069602 27.11
    endloop
  endfacet
  facet normal -0.7604059629501005 0.6494480514328536 0
    outer loop
      vertex 58.602879121899605 17.468152791261673 23.110000000000003
      vertex 59.030807480216026 17.969192519783974 27.11
      vertex 59.030807480216026 17.969192519783974 23.110000000000003
    endloop
  endfacet
  facet normal -0.6494480514328536 0.7604059629501005 0
    outer loop
      vertex 59.030807480216026 17.969192519783974 23.110000000000003
      vertex 59.030807480216026 17.969192519783974 27.11
      vertex 59.53184720873833 18.397120878100395 27.11
    endloop
  endfacet
  facet normal 0 0 1
    outer loop
      vertex 58.602879121899605 17.468152791261673 27.11
      vertex 59.0512507930398 17.9487492069602 27.11
      vertex 59.030807480216026 17.969192519783974 27.11
    endloop
  endfacet
  facet normal 0 0 1
    outer loop
      vertex 59.030807480216026 17.969192519783974 27.11
      vertex 59.0512507930398 17.9487492069602 27.11
      vertex 59.548840798437595 18.37373122572899 27.11
    endloop
  endfacet
  facet normal -0.6494480514328536 0.7604059629501005 0
    outer loop
      vertex 59.030807480216026 17.969192519783974 23.110000000000003
      vertex 59.53184720873833 18.397120878100395 27.11
      vertex 59.53184720873833 18.397120878100395 23.110000000000003
    endloop
  endfacet
  facet normal -0.5224985636276167 0.852640165021023 0
    outer loop
      vertex 59.53184720873833 18.397120878100395 23.110000000000003
      vertex 60.09366109222174 18.741400867700577 27.11
      vertex 60.09366109222174 18.741400867700577 23.110000000000003
    endloop
  endfacet
  facet normal -0.38268343913381786 0.9238795297075877 0
    outer loop
      vertex 60.09366109222174 18.741400867700577 23.110000000000003
      vertex 60.70241528004408 18.99355511367321 27.11
      vertex 60.70241528004408 18.99355511367321 23.110000000000003
    endloop
  endfacet
  facet normal -0.5224985636276167 0.852640165021023 0
    outer loop
      vertex 59.53184720873833 18.397120878100395 23.110000000000003
      vertex 59.53184720873833 18.397120878100395 27.11
      vertex 60.09366109222174 18.741400867700577 27.11
    endloop
  endfacet
  facet normal -0.38268343913381786 0.9238795297075877 0
    outer loop
      vertex 60.09366109222174 18.741400867700577 23.110000000000003
      vertex 60.09366109222174 18.741400867700577 27.11
      vertex 60.70241528004408 18.99355511367321 27.11
    endloop
  endfacet
  facet normal -0.23344535822588885 0.972369921749324 0
    outer loop
      vertex 60.70241528004408 18.99355511367321 23.110000000000003
      vertex 60.70241528004408 18.99355511367321 27.11
      vertex 61.34312034398317 19.147374786436558 27.11
    endloop
  endfacet
  facet normal -0.23344535822588885 0.972369921749324 0
    outer loop
      vertex 60.70241528004408 18.99355511367321 23.110000000000003
      vertex 61.34312034398317 19.147374786436558 27.11
      vertex 61.34312034398317 19.147374786436558 23.110000000000003
    endloop
  endfacet
  facet normal -0.07845909889113979 0.9969173334841713 0
    outer loop
      vertex 61.34312034398317 19.147374786436558 23.110000000000003
      vertex 62 19.19907233864069 27.11
      vertex 62 19.19907233864069 23.110000000000003
    endloop
  endfacet
  facet normal -0.07845909889113979 0.9969173334841713 0
    outer loop
      vertex 61.34312034398317 19.147374786436558 23.110000000000003
      vertex 61.34312034398317 19.147374786436558 27.11
      vertex 62 19.19907233864069 27.11
    endloop
  endfacet
  facet normal 0 0 1
    outer loop
      vertex 59.030807480216026 17.969192519783974 27.11
      vertex 59.548840798437595 18.37373122572899 27.11
      vertex 59.53184720873833 18.397120878100395 27.11
    endloop
  endfacet
  facet normal 0 0 1
    outer loop
      vertex 59.548840798437595 18.37373122572899 27.11
      vertex 60.106786489486694 18.715640783309937 27.11
      vertex 59.53184720873833 18.397120878100395 27.11
    endloop
  endfacet
  facet normal 0 0 1
    outer loop
      vertex 59.53184720873833 18.397120878100395 27.11
      vertex 60.106786489486694 18.715640783309937 27.11
      vertex 60.09366109222174 18.741400867700577 27.11
    endloop
  endfacet
  facet normal 0 0 1
    outer loop
      vertex 60.09366109222174 18.741400867700577 27.11
      vertex 60.106786489486694 18.715640783309937 27.11
      vertex 60.711349338293076 18.966058924794197 27.11
    endloop
  endfacet
  facet normal 0 0 1
    outer loop
      vertex 60.09366109222174 18.741400867700577 27.11
      vertex 60.711349338293076 18.966058924794197 27.11
      vertex 60.70241528004408 18.99355511367321 27.11
    endloop
  endfacet
  facet normal 0 0 1
    outer loop
      vertex 60.711349338293076 18.966058924794197 27.11
      vertex 61.34764305502176 19.118819527328014 27.11
      vertex 60.70241528004408 18.99355511367321 27.11
    endloop
  endfacet
  facet normal 0 0 1
    outer loop
      vertex 60.70241528004408 18.99355511367321 27.11
      vertex 61.34764305502176 19.118819527328014 27.11
      vertex 61.34312034398317 19.147374786436558 27.11
    endloop
  endfacet
  facet normal 0 0 1
    outer loop
      vertex 61.34764305502176 19.118819527328014 27.11
      vertex 62 19.17016112804413 27.11
      vertex 61.34312034398317 19.147374786436558 27.11
    endloop
  endfacet
  facet normal 0 0 1
    outer loop
      vertex 61.34312034398317 19.147374786436558 27.11
      vertex 62 19.17016112804413 27.11
      vertex 62 19.19907233864069 27.11
    endloop
  endfacet
  facet normal 0.07845909889113979 -0.9969173334841713 0
    outer loop
      vertex 62 10.80092766135931 23.110000000000003
      vertex 62.65687965601683 10.852625213563442 23.110000000000003
      vertex 62 10.80092766135931 27.11
    endloop
  endfacet
  facet normal 0.23344535822588885 -0.972369921749324 0
    outer loop
      vertex 62.65687965601683 10.852625213563442 23.110000000000003
      vertex 63.29758471995592 11.00644488632679 23.110000000000003
      vertex 62.65687965601683 10.852625213563442 27.11
    endloop
  endfacet
  facet normal 0.07845909889113979 -0.9969173334841713 0
    outer loop
      vertex 62.65687965601683 10.852625213563442 23.110000000000003
      vertex 62.65687965601683 10.852625213563442 27.11
      vertex 62 10.80092766135931 27.11
    endloop
  endfacet
  facet normal 0.23344535822588885 -0.972369921749324 0
    outer loop
      vertex 63.29758471995592 11.00644488632679 23.110000000000003
      vertex 63.29758471995592 11.00644488632679 27.11
      vertex 62.65687965601683 10.852625213563442 27.11
    endloop
  endfacet
  facet normal 0.38268343913381786 -0.9238795297075877 0
    outer loop
      vertex 63.29758471995592 11.00644488632679 23.110000000000003
      vertex 63.90633890777826 11.258599132299423 23.110000000000003
      vertex 63.29758471995592 11.00644488632679 27.11
    endloop
  endfacet
  facet normal 0.5224985636276167 -0.852640165021023 0
    outer loop
      vertex 63.90633890777826 11.258599132299423 23.110000000000003
      vertex 64.46815279126167 11.602879121899605 23.110000000000003
      vertex 63.90633890777826 11.258599132299423 27.11
    endloop
  endfacet
  facet normal 0.6494480514328536 -0.7604059629501005 0
    outer loop
      vertex 64.46815279126167 11.602879121899605 23.110000000000003
      vertex 64.96919251978397 12.030807480216026 23.110000000000003
      vertex 64.46815279126167 11.602879121899605 27.11
    endloop
  endfacet
  facet normal 0.38268343913381786 -0.9238795297075877 0
    outer loop
      vertex 63.90633890777826 11.258599132299423 23.110000000000003
      vertex 63.90633890777826 11.258599132299423 27.11
      vertex 63.29758471995592 11.00644488632679 27.11
    endloop
  endfacet
  facet normal 0.5224985636276167 -0.852640165021023 0
    outer loop
      vertex 64.46815279126167 11.602879121899605 23.110000000000003
      vertex 64.46815279126167 11.602879121899605 27.11
      vertex 63.90633890777826 11.258599132299423 27.11
    endloop
  endfacet
  facet normal 0 0 1
    outer loop
      vertex 62 10.80092766135931 27.11
      vertex 62.65687965601683 10.852625213563442 27.11
      vertex 62 10.829838871955872 27.11
    endloop
  endfacet
  facet normal 0 0 1
    outer loop
      vertex 62 10.829838871955872 27.11
      vertex 62.65687965601683 10.852625213563442 27.11
      vertex 62.65235694497824 10.881180472671986 27.11
    endloop
  endfacet
  facet normal 0 0 1
    outer loop
      vertex 62.65687965601683 10.852625213563442 27.11
      vertex 63.29758471995592 11.00644488632679 27.11
      vertex 62.65235694497824 10.881180472671986 27.11
    endloop
  endfacet
  facet normal 0 0 1
    outer loop
      vertex 62.65235694497824 10.881180472671986 27.11
      vertex 63.29758471995592 11.00644488632679 27.11
      vertex 63.288650661706924 11.033941075205803 27.11
    endloop
  endfacet
  facet normal 0 0 1
    outer loop
      vertex 63.29758471995592 11.00644488632679 27.11
      vertex 63.90633890777826 11.258599132299423 27.11
      vertex 63.288650661706924 11.033941075205803 27.11
    endloop
  endfacet
  facet normal 0 0 1
    outer loop
      vertex 63.288650661706924 11.033941075205803 27.11
      vertex 63.90633890777826 11.258599132299423 27.11
      vertex 63.893213510513306 11.284359216690063 27.11
    endloop
  endfacet
  facet normal 0 0 1
    outer loop
      vertex 63.893213510513306 11.284359216690063 27.11
      vertex 63.90633890777826 11.258599132299423 27.11
      vertex 64.46815279126167 11.602879121899605 27.11
    endloop
  endfacet
  facet normal 0 0 1
    outer loop
      vertex 63.893213510513306 11.284359216690063 27.11
      vertex 64.46815279126167 11.602879121899605 27.11
      vertex 64.4511592015624 11.626268774271011 27.11
    endloop
  endfacet
  facet normal 0 0 1
    outer loop
      vertex 64.46815279126167 11.602879121899605 27.11
      vertex 64.96919251978397 12.030807480216026 27.11
      vertex 64.4511592015624 11.626268774271011 27.11
    endloop
  endfacet
  facet normal 0.7604059629501005 -0.6494480514328536 0
    outer loop
      vertex 64.96919251978397 12.030807480216026 23.110000000000003
      vertex 65.3971208781004 12.531847208738327 23.110000000000003
      vertex 64.96919251978397 12.030807480216026 27.11
    endloop
  endfacet
  facet normal 0.6494480514328536 -0.7604059629501005 0
    outer loop
      vertex 64.96919251978397 12.030807480216026 23.110000000000003
      vertex 64.96919251978397 12.030807480216026 27.11
      vertex 64.46815279126167 11.602879121899605 27.11
    endloop
  endfacet
  facet normal 0 0 1
    outer loop
      vertex 64.4511592015624 11.626268774271011 27.11
      vertex 64.96919251978397 12.030807480216026 27.11
      vertex 64.9487492069602 12.051250793039799 27.11
    endloop
  endfacet
  facet normal 0 0 1
    outer loop
      vertex 64.9487492069602 12.051250793039799 27.11
      vertex 64.96919251978397 12.030807480216026 27.11
      vertex 65.3971208781004 12.531847208738327 27.11
    endloop
  endfacet
  facet normal 0.852640165021023 -0.5224985636276167 0
    outer loop
      vertex 65.3971208781004 12.531847208738327 23.110000000000003
      vertex 65.74140086770058 13.093661092221737 23.110000000000003
      vertex 65.3971208781004 12.531847208738327 27.11
    endloop
  endfacet
  facet normal 0.9238795297075877 -0.38268343913381786 0
    outer loop
      vertex 65.74140086770058 13.093661092221737 23.110000000000003
      vertex 65.99355511367321 13.702415280044079 23.110000000000003
      vertex 65.74140086770058 13.093661092221737 27.11
    endloop
  endfacet
  facet normal 0.7604059629501005 -0.6494480514328536 0
    outer loop
      vertex 65.3971208781004 12.531847208738327 23.110000000000003
      vertex 65.3971208781004 12.531847208738327 27.11
      vertex 64.96919251978397 12.030807480216026 27.11
    endloop
  endfacet
  facet normal 0.852640165021023 -0.5224985636276167 0
    outer loop
      vertex 65.74140086770058 13.093661092221737 23.110000000000003
      vertex 65.74140086770058 13.093661092221737 27.11
      vertex 65.3971208781004 12.531847208738327 27.11
    endloop
  endfacet
  facet normal 0.9238795297075877 -0.38268343913381786 0
    outer loop
      vertex 65.99355511367321 13.702415280044079 23.110000000000003
      vertex 65.99355511367321 13.702415280044079 27.11
      vertex 65.74140086770058 13.093661092221737 27.11
    endloop
  endfacet
  facet normal 0.972369921749324 -0.23344535822588885 0
    outer loop
      vertex 65.99355511367321 13.702415280044079 23.110000000000003
      vertex 66.14737478643656 14.343120343983173 23.110000000000003
      vertex 65.99355511367321 13.702415280044079 27.11
    endloop
  endfacet
  facet normal 0.9969173334841713 -0.07845909889113979 0
    outer loop
      vertex 66.14737478643656 14.343120343983173 23.110000000000003
      vertex 66.19907233864069 15 23.110000000000003
      vertex 66.14737478643656 14.343120343983173 27.11
    endloop
  endfacet
  facet normal 0.972369921749324 -0.23344535822588885 0
    outer loop
      vertex 66.14737478643656 14.343120343983173 23.110000000000003
      vertex 66.14737478643656 14.343120343983173 27.11
      vertex 65.99355511367321 13.702415280044079 27.11
    endloop
  endfacet
  facet normal 0.9969173334841713 -0.07845909889113979 0
    outer loop
      vertex 66.14737478643656 14.343120343983173 27.11
      vertex 66.19907233864069 15 23.110000000000003
      vertex 66.19907233864069 15 27.11
    endloop
  endfacet
  facet normal 0 0 1
    outer loop
      vertex 64.9487492069602 12.051250793039799 27.11
      vertex 65.3971208781004 12.531847208738327 27.11
      vertex 65.37373122572899 12.548840798437595 27.11
    endloop
  endfacet
  facet normal 0 0 1
    outer loop
      vertex 65.37373122572899 12.548840798437595 27.11
      vertex 65.3971208781004 12.531847208738327 27.11
      vertex 65.74140086770058 13.093661092221737 27.11
    endloop
  endfacet
  facet normal 0 0 1
    outer loop
      vertex 65.37373122572899 12.548840798437595 27.11
      vertex 65.74140086770058 13.093661092221737 27.11
      vertex 65.71564078330994 13.106786489486694 27.11
    endloop
  endfacet
  facet normal 0 0 1
    outer loop
      vertex 65.74140086770058 13.093661092221737 27.11
      vertex 65.99355511367321 13.702415280044079 27.11
      vertex 65.71564078330994 13.106786489486694 27.11
    endloop
  endfacet
  facet normal 0 0 1
    outer loop
      vertex 65.71564078330994 13.106786489486694 27.11
      vertex 65.99355511367321 13.702415280044079 27.11
      vertex 65.9660589247942 13.711349338293076 27.11
    endloop
  endfacet
  facet normal 0 0 1
    outer loop
      vertex 65.9660589247942 13.711349338293076 27.11
      vertex 65.99355511367321 13.702415280044079 27.11
      vertex 66.14737478643656 14.343120343983173 27.11
    endloop
  endfacet
  facet normal 0 0 1
    outer loop
      vertex 65.9660589247942 13.711349338293076 27.11
      vertex 66.14737478643656 14.343120343983173 27.11
      vertex 66.11881952732801 14.347643055021763 27.11
    endloop
  endfacet
  facet normal 0 0 1
    outer loop
      vertex 66.11881952732801 14.347643055021763 27.11
      vertex 66.14737478643656 14.343120343983173 27.11
      vertex 66.19907233864069 15 27.11
    endloop
  endfacet
  facet normal 0 0 1
    outer loop
      vertex 66.11881952732801 14.347643055021763 27.11
      vertex 66.19907233864069 15 27.11
      vertex 66.17016112804413 15 27.11
    endloop
  endfacet
  facet normal 0.23344535822588885 0.972369921749324 0
    outer loop
      vertex 63.29758471995592 18.99355511367321 23.110000000000003
      vertex 62.65687965601683 19.147374786436558 23.110000000000003
      vertex 63.29758471995592 18.99355511367321 27.11
    endloop
  endfacet
  facet normal 0.07845909889113979 0.9969173334841713 0
    outer loop
      vertex 62 19.19907233864069 23.110000000000003
      vertex 62.65687965601683 19.147374786436558 27.11
      vertex 62.65687965601683 19.147374786436558 23.110000000000003
    endloop
  endfacet
  facet normal 0.07845909889113979 0.9969173334841713 0
    outer loop
      vertex 62 19.19907233864069 23.110000000000003
      vertex 62 19.19907233864069 27.11
      vertex 62.65687965601683 19.147374786436558 27.11
    endloop
  endfacet
  facet normal 0.23344535822588885 0.972369921749324 0
    outer loop
      vertex 62.65687965601683 19.147374786436558 23.110000000000003
      vertex 62.65687965601683 19.147374786436558 27.11
      vertex 63.29758471995592 18.99355511367321 27.11
    endloop
  endfacet
  facet normal 0.38268343913381786 0.9238795297075877 0
    outer loop
      vertex 63.29758471995592 18.99355511367321 23.110000000000003
      vertex 63.90633890777826 18.741400867700577 27.11
      vertex 63.90633890777826 18.741400867700577 23.110000000000003
    endloop
  endfacet
  facet normal 0.5224985636276167 0.852640165021023 0
    outer loop
      vertex 63.90633890777826 18.741400867700577 23.110000000000003
      vertex 64.46815279126167 18.397120878100395 27.11
      vertex 64.46815279126167 18.397120878100395 23.110000000000003
    endloop
  endfacet
  facet normal 0.38268343913381786 0.9238795297075877 0
    outer loop
      vertex 63.29758471995592 18.99355511367321 23.110000000000003
      vertex 63.29758471995592 18.99355511367321 27.11
      vertex 63.90633890777826 18.741400867700577 27.11
    endloop
  endfacet
  facet normal 0.6494480514328536 0.7604059629501005 0
    outer loop
      vertex 64.46815279126167 18.397120878100395 23.110000000000003
      vertex 64.46815279126167 18.397120878100395 27.11
      vertex 64.96919251978397 17.969192519783974 27.11
    endloop
  endfacet
  facet normal 0.5224985636276167 0.852640165021023 0
    outer loop
      vertex 63.90633890777826 18.741400867700577 23.110000000000003
      vertex 63.90633890777826 18.741400867700577 27.11
      vertex 64.46815279126167 18.397120878100395 27.11
    endloop
  endfacet
  facet normal 0 0 1
    outer loop
      vertex 63.288650661706924 18.966058924794197 27.11
      vertex 63.29758471995592 18.99355511367321 27.11
      vertex 62.65687965601683 19.147374786436558 27.11
    endloop
  endfacet
  facet normal 0 0 1
    outer loop
      vertex 62 19.17016112804413 27.11
      vertex 62.65235694497824 19.118819527328014 27.11
      vertex 62 19.19907233864069 27.11
    endloop
  endfacet
  facet normal 0 0 1
    outer loop
      vertex 62 19.19907233864069 27.11
      vertex 62.65235694497824 19.118819527328014 27.11
      vertex 62.65687965601683 19.147374786436558 27.11
    endloop
  endfacet
  facet normal 0 0 1
    outer loop
      vertex 63.288650661706924 18.966058924794197 27.11
      vertex 62.65687965601683 19.147374786436558 27.11
      vertex 62.65235694497824 19.118819527328014 27.11
    endloop
  endfacet
  facet normal 0 0 1
    outer loop
      vertex 63.288650661706924 18.966058924794197 27.11
      vertex 63.893213510513306 18.715640783309937 27.11
      vertex 63.29758471995592 18.99355511367321 27.11
    endloop
  endfacet
  facet normal 0 0 1
    outer loop
      vertex 63.29758471995592 18.99355511367321 27.11
      vertex 63.893213510513306 18.715640783309937 27.11
      vertex 63.90633890777826 18.741400867700577 27.11
    endloop
  endfacet
  facet normal 0 0 1
    outer loop
      vertex 64.4511592015624 18.37373122572899 27.11
      vertex 64.9487492069602 17.9487492069602 27.11
      vertex 64.46815279126167 18.397120878100395 27.11
    endloop
  endfacet
  facet normal 0 0 1
    outer loop
      vertex 63.893213510513306 18.715640783309937 27.11
      vertex 64.4511592015624 18.37373122572899 27.11
      vertex 63.90633890777826 18.741400867700577 27.11
    endloop
  endfacet
  facet normal 0 0 1
    outer loop
      vertex 63.90633890777826 18.741400867700577 27.11
      vertex 64.4511592015624 18.37373122572899 27.11
      vertex 64.46815279126167 18.397120878100395 27.11
    endloop
  endfacet
  facet normal 0.972369921749324 0.23344535822588885 0
    outer loop
      vertex 65.99355511367321 16.29758471995592 23.110000000000003
      vertex 65.99355511367321 16.29758471995592 27.11
      vertex 66.14737478643656 15.656879656016827 27.11
    endloop
  endfacet
  facet normal 0.7604059629501005 0.6494480514328536 0
    outer loop
      vertex 65.3971208781004 17.468152791261673 23.110000000000003
      vertex 64.96919251978397 17.969192519783974 23.110000000000003
      vertex 65.3971208781004 17.468152791261673 27.11
    endloop
  endfacet
  facet normal 0.9238795297075877 0.38268343913381786 0
    outer loop
      vertex 65.99355511367321 16.29758471995592 23.110000000000003
      vertex 65.74140086770058 16.906338907778263 23.110000000000003
      vertex 65.99355511367321 16.29758471995592 27.11
    endloop
  endfacet
  facet normal 0.852640165021023 0.5224985636276167 0
    outer loop
      vertex 65.74140086770058 16.906338907778263 23.110000000000003
      vertex 65.3971208781004 17.468152791261673 23.110000000000003
      vertex 65.74140086770058 16.906338907778263 27.11
    endloop
  endfacet
  facet normal 0.9238795297075877 0.38268343913381786 0
    outer loop
      vertex 65.74140086770058 16.906338907778263 23.110000000000003
      vertex 65.74140086770058 16.906338907778263 27.11
      vertex 65.99355511367321 16.29758471995592 27.11
    endloop
  endfacet
  facet normal 0.852640165021023 0.5224985636276167 0
    outer loop
      vertex 65.3971208781004 17.468152791261673 23.110000000000003
      vertex 65.3971208781004 17.468152791261673 27.11
      vertex 65.74140086770058 16.906338907778263 27.11
    endloop
  endfacet
  facet normal 0.9969173334841713 0.07845909889113979 0
    outer loop
      vertex 66.19907233864069 15 23.110000000000003
      vertex 66.14737478643656 15.656879656016827 23.110000000000003
      vertex 66.19907233864069 15 27.11
    endloop
  endfacet
  facet normal 0.972369921749324 0.23344535822588885 0
    outer loop
      vertex 65.99355511367321 16.29758471995592 23.110000000000003
      vertex 66.14737478643656 15.656879656016827 27.11
      vertex 66.14737478643656 15.656879656016827 23.110000000000003
    endloop
  endfacet
  facet normal 0.9969173334841713 0.07845909889113979 0
    outer loop
      vertex 66.14737478643656 15.656879656016827 23.110000000000003
      vertex 66.14737478643656 15.656879656016827 27.11
      vertex 66.19907233864069 15 27.11
    endloop
  endfacet
  facet normal 0 0 1
    outer loop
      vertex 65.9660589247942 16.288650661706924 27.11
      vertex 66.11881952732801 15.652356944978237 27.11
      vertex 65.99355511367321 16.29758471995592 27.11
    endloop
  endfacet
  facet normal 0 0 1
    outer loop
      vertex 65.37373122572899 17.451159201562405 27.11
      vertex 65.3971208781004 17.468152791261673 27.11
      vertex 64.96919251978397 17.969192519783974 27.11
    endloop
  endfacet
  facet normal 0 0 1
    outer loop
      vertex 65.9660589247942 16.288650661706924 27.11
      vertex 65.99355511367321 16.29758471995592 27.11
      vertex 65.74140086770058 16.906338907778263 27.11
    endloop
  endfacet
  facet normal 0 0 1
    outer loop
      vertex 65.9660589247942 16.288650661706924 27.11
      vertex 65.74140086770058 16.906338907778263 27.11
      vertex 65.71564078330994 16.893213510513306 27.11
    endloop
  endfacet
  facet normal 0 0 1
    outer loop
      vertex 65.37373122572899 17.451159201562405 27.11
      vertex 65.71564078330994 16.893213510513306 27.11
      vertex 65.3971208781004 17.468152791261673 27.11
    endloop
  endfacet
  facet normal 0 0 1
    outer loop
      vertex 65.71564078330994 16.893213510513306 27.11
      vertex 65.74140086770058 16.906338907778263 27.11
      vertex 65.3971208781004 17.468152791261673 27.11
    endloop
  endfacet
  facet normal 0 0 1
    outer loop
      vertex 66.17016112804413 15 27.11
      vertex 66.19907233864069 15 27.11
      vertex 66.14737478643656 15.656879656016827 27.11
    endloop
  endfacet
  facet normal 0 0 1
    outer loop
      vertex 66.17016112804413 15 27.11
      vertex 66.14737478643656 15.656879656016827 27.11
      vertex 66.11881952732801 15.652356944978237 27.11
    endloop
  endfacet
  facet normal 0 0 1
    outer loop
      vertex 65.99355511367321 16.29758471995592 27.11
      vertex 66.11881952732801 15.652356944978237 27.11
      vertex 66.14737478643656 15.656879656016827 27.11
    endloop
  endfacet
  facet normal 0.6494480514328536 0.7604059629501005 0
    outer loop
      vertex 64.46815279126167 18.397120878100395 23.110000000000003
      vertex 64.96919251978397 17.969192519783974 27.11
      vertex 64.96919251978397 17.969192519783974 23.110000000000003
    endloop
  endfacet
  facet normal 0.7604059629501005 0.6494480514328536 0
    outer loop
      vertex 64.96919251978397 17.969192519783974 23.110000000000003
      vertex 64.96919251978397 17.969192519783974 27.11
      vertex 65.3971208781004 17.468152791261673 27.11
    endloop
  endfacet
  facet normal 0 0 1
    outer loop
      vertex 64.46815279126167 18.397120878100395 27.11
      vertex 64.9487492069602 17.9487492069602 27.11
      vertex 64.96919251978397 17.969192519783974 27.11
    endloop
  endfacet
  facet normal 0 0 1
    outer loop
      vertex 65.37373122572899 17.451159201562405 27.11
      vertex 64.96919251978397 17.969192519783974 27.11
      vertex 64.9487492069602 17.9487492069602 27.11
    endloop
  endfacet
  facet normal -0.7604059671441825 -0.6494480465222144 0
    outer loop
      vertex 57.62905675917864 11.8243238478899 21.6
      vertex 58.17965552210808 11.179655522108078 21.6
      vertex 57.62905675917864 11.8243238478899 21.91
    endloop
  endfacet
  facet normal -0.852640166085607 -0.5224985618903737 0
    outer loop
      vertex 57.62905675917864 11.8243238478899 21.6
      vertex 57.62905675917864 11.8243238478899 21.91
      vertex 57.18608510494232 12.547187894582748 21.91
    endloop
  endfacet
  facet normal 0 0 1
    outer loop
      vertex 57.62905675917864 11.8243238478899 21.91
      vertex 58.17965552210808 11.179655522108078 21.91
      vertex 57.82382123172283 11.965828515589237 21.91
    endloop
  endfacet
  facet normal 0 0 1
    outer loop
      vertex 57.62905675917864 11.8243238478899 21.91
      vertex 57.82382123172283 11.965828515589237 21.91
      vertex 57.400587908923626 12.65648253262043 21.91
    endloop
  endfacet
  facet normal -0.6494480465222144 -0.7604059671441825 0
    outer loop
      vertex 58.8243238478899 10.629056759178638 21.6
      vertex 58.8243238478899 10.629056759178638 21.91
      vertex 58.17965552210808 11.179655522108078 21.91
    endloop
  endfacet
  facet normal 0 0 1
    outer loop
      vertex 58.8243238478899 10.629056759178638 21.91
      vertex 58.96582851558924 10.823821231722832 21.91
      vertex 58.349885918200016 11.349885918200016 21.91
    endloop
  endfacet
  facet normal -0.5224985618903737 -0.852640166085607 0
    outer loop
      vertex 58.8243238478899 10.629056759178638 21.6
      vertex 59.54718789458275 10.186085104942322 21.6
      vertex 58.8243238478899 10.629056759178638 21.91
    endloop
  endfacet
  facet normal 0 0 1
    outer loop
      vertex 58.8243238478899 10.629056759178638 21.91
      vertex 59.54718789458275 10.186085104942322 21.91
      vertex 58.96582851558924 10.823821231722832 21.91
    endloop
  endfacet
  facet normal -0.7604059671441825 -0.6494480465222144 0
    outer loop
      vertex 57.62905675917864 11.8243238478899 21.91
      vertex 58.17965552210808 11.179655522108078 21.6
      vertex 58.17965552210808 11.179655522108078 21.91
    endloop
  endfacet
  facet normal 0 0 1
    outer loop
      vertex 57.82382123172283 11.965828515589237 21.91
      vertex 58.17965552210808 11.179655522108078 21.91
      vertex 58.349885918200016 11.349885918200016 21.91
    endloop
  endfacet
  facet normal -0.6494480465222144 -0.7604059671441825 0
    outer loop
      vertex 58.8243238478899 10.629056759178638 21.6
      vertex 58.17965552210808 11.179655522108078 21.91
      vertex 58.17965552210808 11.179655522108078 21.6
    endloop
  endfacet
  facet normal 0 0 1
    outer loop
      vertex 58.8243238478899 10.629056759178638 21.91
      vertex 58.349885918200016 11.349885918200016 21.91
      vertex 58.17965552210808 11.179655522108078 21.91
    endloop
  endfacet
  facet normal -0.923879527490016 -0.3826834444875093 0
    outer loop
      vertex 57.18608510494232 12.547187894582748 21.6
      vertex 57.18608510494232 12.547187894582748 21.91
      vertex 56.86164803802967 13.330448232591152 21.91
    endloop
  endfacet
  facet normal 0 0 1
    outer loop
      vertex 57.18608510494232 12.547187894582748 21.91
      vertex 57.400587908923626 12.65648253262043 21.91
      vertex 57.09060741215944 13.404841646552086 21.91
    endloop
  endfacet
  facet normal -0.9723699218873865 -0.2334453576508169 0
    outer loop
      vertex 56.86164803802967 13.330448232591152 21.6
      vertex 56.86164803802967 13.330448232591152 21.91
      vertex 56.66373424977064 14.154818512499332 21.91
    endloop
  endfacet
  facet normal -0.923879527490016 -0.3826834444875093 0
    outer loop
      vertex 57.18608510494232 12.547187894582748 21.6
      vertex 56.86164803802967 13.330448232591152 21.91
      vertex 56.86164803802967 13.330448232591152 21.6
    endloop
  endfacet
  facet normal 0 0 1
    outer loop
      vertex 57.18608510494232 12.547187894582748 21.91
      vertex 57.09060741215944 13.404841646552086 21.91
      vertex 56.86164803802967 13.330448232591152 21.91
    endloop
  endfacet
  facet normal 0 0 1
    outer loop
      vertex 56.86164803802967 13.330448232591152 21.91
      vertex 57.09060741215944 13.404841646552086 21.91
      vertex 56.90151244401932 14.192478880286217 21.91
    endloop
  endfacet
  facet normal -0.852640166085607 -0.5224985618903737 0
    outer loop
      vertex 57.62905675917864 11.8243238478899 21.6
      vertex 57.18608510494232 12.547187894582748 21.91
      vertex 57.18608510494232 12.547187894582748 21.6
    endloop
  endfacet
  facet normal 0 0 1
    outer loop
      vertex 57.62905675917864 11.8243238478899 21.91
      vertex 57.400587908923626 12.65648253262043 21.91
      vertex 57.18608510494232 12.547187894582748 21.91
    endloop
  endfacet
  facet normal -0.9723699218873865 -0.2334453576508169 0
    outer loop
      vertex 56.86164803802967 13.330448232591152 21.6
      vertex 56.66373424977064 14.154818512499332 21.91
      vertex 56.66373424977064 14.154818512499332 21.6
    endloop
  endfacet
  facet normal 0 0 1
    outer loop
      vertex 56.86164803802967 13.330448232591152 21.91
      vertex 56.90151244401932 14.192478880286217 21.91
      vertex 56.66373424977064 14.154818512499332 21.91
    endloop
  endfacet
  facet normal -0.9969173336634611 -0.0784590966130476 0
    outer loop
      vertex 56.66373424977064 14.154818512499332 21.6
      vertex 56.66373424977064 14.154818512499332 21.91
      vertex 56.59721702337265 15 21.91
    endloop
  endfacet
  facet normal 0 0 1
    outer loop
      vertex 56.66373424977064 14.154818512499332 21.91
      vertex 56.90151244401932 14.192478880286217 21.91
      vertex 56.83795914798975 15 21.91
    endloop
  endfacet
  facet normal -0.9969173336634611 -0.0784590966130476 0
    outer loop
      vertex 56.66373424977064 14.154818512499332 21.6
      vertex 56.59721702337265 15 21.91
      vertex 56.59721702337265 15 21.6
    endloop
  endfacet
  facet normal 0 0 1
    outer loop
      vertex 56.66373424977064 14.154818512499332 21.91
      vertex 56.83795914798975 15 21.91
      vertex 56.59721702337265 15 21.91
    endloop
  endfacet
  facet normal -0.3826834444875093 -0.923879527490016 0
    outer loop
      vertex 59.54718789458275 10.186085104942322 21.6
      vertex 60.33044823259115 9.86164803802967 21.6
      vertex 59.54718789458275 10.186085104942322 21.91
    endloop
  endfacet
  facet normal 0 0 1
    outer loop
      vertex 59.54718789458275 10.186085104942322 21.91
      vertex 60.33044823259115 9.86164803802967 21.91
      vertex 59.65648253262043 10.400587908923626 21.91
    endloop
  endfacet
  facet normal -0.5224985618903737 -0.852640166085607 0
    outer loop
      vertex 58.8243238478899 10.629056759178638 21.91
      vertex 59.54718789458275 10.186085104942322 21.6
      vertex 59.54718789458275 10.186085104942322 21.91
    endloop
  endfacet
  facet normal 0 0 1
    outer loop
      vertex 58.96582851558924 10.823821231722832 21.91
      vertex 59.54718789458275 10.186085104942322 21.91
      vertex 59.65648253262043 10.400587908923626 21.91
    endloop
  endfacet
  facet normal -0.3826834444875093 -0.923879527490016 0
    outer loop
      vertex 59.54718789458275 10.186085104942322 21.91
      vertex 60.33044823259115 9.86164803802967 21.6
      vertex 60.33044823259115 9.86164803802967 21.91
    endloop
  endfacet
  facet normal 0 0 1
    outer loop
      vertex 59.65648253262043 10.400587908923626 21.91
      vertex 60.33044823259115 9.86164803802967 21.91
      vertex 60.404841646552086 10.090607412159443 21.91
    endloop
  endfacet
  facet normal -0.2334453576508169 -0.9723699218873865 0
    outer loop
      vertex 60.33044823259115 9.86164803802967 21.6
      vertex 61.15481851249933 9.663734249770641 21.6
      vertex 60.33044823259115 9.86164803802967 21.91
    endloop
  endfacet
  facet normal 0 0 1
    outer loop
      vertex 60.33044823259115 9.86164803802967 21.91
      vertex 61.15481851249933 9.663734249770641 21.91
      vertex 60.404841646552086 10.090607412159443 21.91
    endloop
  endfacet
  facet normal -0.2334453576508169 -0.9723699218873865 0
    outer loop
      vertex 60.33044823259115 9.86164803802967 21.91
      vertex 61.15481851249933 9.663734249770641 21.6
      vertex 61.15481851249933 9.663734249770641 21.91
    endloop
  endfacet
  facet normal 0 0 1
    outer loop
      vertex 60.404841646552086 10.090607412159443 21.91
      vertex 61.15481851249933 9.663734249770641 21.91
      vertex 61.19247888028622 9.901512444019318 21.91
    endloop
  endfacet
  facet normal -0.0784590966130476 -0.9969173336634611 0
    outer loop
      vertex 61.15481851249933 9.663734249770641 21.6
      vertex 62 9.59721702337265 21.6
      vertex 61.15481851249933 9.663734249770641 21.91
    endloop
  endfacet
  facet normal 0 0 1
    outer loop
      vertex 61.15481851249933 9.663734249770641 21.91
      vertex 62 9.83795914798975 21.91
      vertex 61.19247888028622 9.901512444019318 21.91
    endloop
  endfacet
  facet normal -0.0784590966130476 -0.9969173336634611 0
    outer loop
      vertex 61.15481851249933 9.663734249770641 21.91
      vertex 62 9.59721702337265 21.6
      vertex 62 9.59721702337265 21.91
    endloop
  endfacet
  facet normal 0 0 1
    outer loop
      vertex 61.15481851249933 9.663734249770641 21.91
      vertex 62.80752111971378 9.901512444019318 21.91
      vertex 62 9.83795914798975 21.91
    endloop
  endfacet
  facet normal -0.9969173336634611 0.0784590966130476 0
    outer loop
      vertex 56.59721702337265 15 21.6
      vertex 56.59721702337265 15 21.91
      vertex 56.66373424977064 15.845181487500668 21.91
    endloop
  endfacet
  facet normal 0 0 1
    outer loop
      vertex 56.59721702337265 15 21.91
      vertex 56.83795914798975 15 21.91
      vertex 56.90151244401932 15.807521119713783 21.91
    endloop
  endfacet
  facet normal -0.9969173336634611 0.0784590966130476 0
    outer loop
      vertex 56.59721702337265 15 21.6
      vertex 56.66373424977064 15.845181487500668 21.91
      vertex 56.66373424977064 15.845181487500668 21.6
    endloop
  endfacet
  facet normal 0 0 1
    outer loop
      vertex 56.59721702337265 15 21.91
      vertex 56.90151244401932 15.807521119713783 21.91
      vertex 56.66373424977064 15.845181487500668 21.91
    endloop
  endfacet
  facet normal -0.9723699218873865 0.2334453576508169 0
    outer loop
      vertex 56.66373424977064 15.845181487500668 21.6
      vertex 56.66373424977064 15.845181487500668 21.91
      vertex 56.86164803802967 16.669551767408848 21.91
    endloop
  endfacet
  facet normal 0 0 1
    outer loop
      vertex 56.66373424977064 15.845181487500668 21.91
      vertex 56.90151244401932 15.807521119713783 21.91
      vertex 57.09060741215944 16.595158353447914 21.91
    endloop
  endfacet
  facet normal -0.9723699218873865 0.2334453576508169 0
    outer loop
      vertex 56.66373424977064 15.845181487500668 21.6
      vertex 56.86164803802967 16.669551767408848 21.91
      vertex 56.86164803802967 16.669551767408848 21.6
    endloop
  endfacet
  facet normal 0 0 1
    outer loop
      vertex 56.66373424977064 15.845181487500668 21.91
      vertex 57.09060741215944 16.595158353447914 21.91
      vertex 56.86164803802967 16.669551767408848 21.91
    endloop
  endfacet
  facet normal -0.923879527490016 0.3826834444875093 0
    outer loop
      vertex 56.86164803802967 16.669551767408848 21.6
      vertex 56.86164803802967 16.669551767408848 21.91
      vertex 57.18608510494232 17.45281210541725 21.91
    endloop
  endfacet
  facet normal 0 0 1
    outer loop
      vertex 56.86164803802967 16.669551767408848 21.91
      vertex 57.09060741215944 16.595158353447914 21.91
      vertex 57.400587908923626 17.34351746737957 21.91
    endloop
  endfacet
  facet normal -0.923879527490016 0.3826834444875093 0
    outer loop
      vertex 56.86164803802967 16.669551767408848 21.6
      vertex 57.18608510494232 17.45281210541725 21.91
      vertex 57.18608510494232 17.45281210541725 21.6
    endloop
  endfacet
  facet normal 0 0 1
    outer loop
      vertex 56.86164803802967 16.669551767408848 21.91
      vertex 57.400587908923626 17.34351746737957 21.91
      vertex 57.18608510494232 17.45281210541725 21.91
    endloop
  endfacet
  facet normal -0.852640166085607 0.5224985618903737 0
    outer loop
      vertex 57.18608510494232 17.45281210541725 21.6
      vertex 57.18608510494232 17.45281210541725 21.91
      vertex 57.62905675917864 18.1756761521101 21.91
    endloop
  endfacet
  facet normal 0 0 1
    outer loop
      vertex 57.18608510494232 17.45281210541725 21.91
      vertex 57.400587908923626 17.34351746737957 21.91
      vertex 57.82382123172283 18.034171484410763 21.91
    endloop
  endfacet
  facet normal -0.852640166085607 0.5224985618903737 0
    outer loop
      vertex 57.18608510494232 17.45281210541725 21.6
      vertex 57.62905675917864 18.1756761521101 21.91
      vertex 57.62905675917864 18.1756761521101 21.6
    endloop
  endfacet
  facet normal 0 0 1
    outer loop
      vertex 57.18608510494232 17.45281210541725 21.91
      vertex 57.82382123172283 18.034171484410763 21.91
      vertex 57.62905675917864 18.1756761521101 21.91
    endloop
  endfacet
  facet normal 0 0 1
    outer loop
      vertex 57.82382123172283 18.034171484410763 21.91
      vertex 58.349885918200016 18.650114081799984 21.91
      vertex 57.62905675917864 18.1756761521101 21.91
    endloop
  endfacet
  facet normal -0.7604059671441825 0.6494480465222144 0
    outer loop
      vertex 57.62905675917864 18.1756761521101 21.6
      vertex 57.62905675917864 18.1756761521101 21.91
      vertex 58.17965552210808 18.820344477891922 21.91
    endloop
  endfacet
  facet normal -0.7604059671441825 0.6494480465222144 0
    outer loop
      vertex 57.62905675917864 18.1756761521101 21.6
      vertex 58.17965552210808 18.820344477891922 21.91
      vertex 58.17965552210808 18.820344477891922 21.6
    endloop
  endfacet
  facet normal 0 0 1
    outer loop
      vertex 57.62905675917864 18.1756761521101 21.91
      vertex 58.349885918200016 18.650114081799984 21.91
      vertex 58.17965552210808 18.820344477891922 21.91
    endloop
  endfacet
  facet normal -0.6494480465222144 0.7604059671441825 0
    outer loop
      vertex 58.17965552210808 18.820344477891922 21.6
      vertex 58.17965552210808 18.820344477891922 21.91
      vertex 58.8243238478899 19.37094324082136 21.91
    endloop
  endfacet
  facet normal 0 0 1
    outer loop
      vertex 58.17965552210808 18.820344477891922 21.91
      vertex 58.349885918200016 18.650114081799984 21.91
      vertex 58.96582851558924 19.17617876827717 21.91
    endloop
  endfacet
  facet normal -0.6494480465222144 0.7604059671441825 0
    outer loop
      vertex 58.17965552210808 18.820344477891922 21.6
      vertex 58.8243238478899 19.37094324082136 21.91
      vertex 58.8243238478899 19.37094324082136 21.6
    endloop
  endfacet
  facet normal 0 0 1
    outer loop
      vertex 58.17965552210808 18.820344477891922 21.91
      vertex 58.96582851558924 19.17617876827717 21.91
      vertex 58.8243238478899 19.37094324082136 21.91
    endloop
  endfacet
  facet normal 0 0 1
    outer loop
      vertex 58.8243238478899 19.37094324082136 21.91
      vertex 58.96582851558924 19.17617876827717 21.91
      vertex 59.65648253262043 19.599412091076374 21.91
    endloop
  endfacet
  facet normal -0.5224985618903737 0.852640166085607 0
    outer loop
      vertex 58.8243238478899 19.37094324082136 21.6
      vertex 58.8243238478899 19.37094324082136 21.91
      vertex 59.54718789458275 19.813914895057678 21.91
    endloop
  endfacet
  facet normal -0.5224985618903737 0.852640166085607 0
    outer loop
      vertex 58.8243238478899 19.37094324082136 21.6
      vertex 59.54718789458275 19.813914895057678 21.91
      vertex 59.54718789458275 19.813914895057678 21.6
    endloop
  endfacet
  facet normal 0 0 1
    outer loop
      vertex 58.8243238478899 19.37094324082136 21.91
      vertex 59.65648253262043 19.599412091076374 21.91
      vertex 59.54718789458275 19.813914895057678 21.91
    endloop
  endfacet
  facet normal 0 0 1
    outer loop
      vertex 59.65648253262043 19.599412091076374 21.91
      vertex 60.404841646552086 19.909392587840557 21.91
      vertex 59.54718789458275 19.813914895057678 21.91
    endloop
  endfacet
  facet normal -0.3826834444875093 0.923879527490016 0
    outer loop
      vertex 59.54718789458275 19.813914895057678 21.6
      vertex 59.54718789458275 19.813914895057678 21.91
      vertex 60.33044823259115 20.13835196197033 21.91
    endloop
  endfacet
  facet normal -0.3826834444875093 0.923879527490016 0
    outer loop
      vertex 59.54718789458275 19.813914895057678 21.6
      vertex 60.33044823259115 20.13835196197033 21.91
      vertex 60.33044823259115 20.13835196197033 21.6
    endloop
  endfacet
  facet normal 0 0 1
    outer loop
      vertex 59.54718789458275 19.813914895057678 21.91
      vertex 60.404841646552086 19.909392587840557 21.91
      vertex 61.19247888028622 20.098487555980682 21.91
    endloop
  endfacet
  facet normal 0 0 1
    outer loop
      vertex 59.54718789458275 19.813914895057678 21.91
      vertex 61.19247888028622 20.098487555980682 21.91
      vertex 60.33044823259115 20.13835196197033 21.91
    endloop
  endfacet
  facet normal -0.2334453576508169 0.9723699218873865 0
    outer loop
      vertex 60.33044823259115 20.13835196197033 21.6
      vertex 60.33044823259115 20.13835196197033 21.91
      vertex 61.15481851249933 20.33626575022936 21.91
    endloop
  endfacet
  facet normal -0.2334453576508169 0.9723699218873865 0
    outer loop
      vertex 60.33044823259115 20.13835196197033 21.6
      vertex 61.15481851249933 20.33626575022936 21.91
      vertex 61.15481851249933 20.33626575022936 21.6
    endloop
  endfacet
  facet normal 0 0 1
    outer loop
      vertex 60.33044823259115 20.13835196197033 21.91
      vertex 62 20.40278297662735 21.91
      vertex 61.15481851249933 20.33626575022936 21.91
    endloop
  endfacet
  facet normal 0 0 1
    outer loop
      vertex 60.33044823259115 20.13835196197033 21.91
      vertex 61.19247888028622 20.098487555980682 21.91
      vertex 62.84518148750067 20.33626575022936 21.91
    endloop
  endfacet
  facet normal -0.0784590966130476 0.9969173336634611 0
    outer loop
      vertex 61.15481851249933 20.33626575022936 21.6
      vertex 61.15481851249933 20.33626575022936 21.91
      vertex 62 20.40278297662735 21.91
    endloop
  endfacet
  facet normal -0.0784590966130476 0.9969173336634611 0
    outer loop
      vertex 61.15481851249933 20.33626575022936 21.6
      vertex 62 20.40278297662735 21.91
      vertex 62 20.40278297662735 21.6
    endloop
  endfacet
  facet normal 0 0 1
    outer loop
      vertex 60.33044823259115 20.13835196197033 21.91
      vertex 62.84518148750067 20.33626575022936 21.91
      vertex 62 20.40278297662735 21.91
    endloop
  endfacet
  facet normal 0.0784590966130476 -0.9969173336634611 0
    outer loop
      vertex 62 9.59721702337265 21.6
      vertex 62.84518148750067 9.663734249770641 21.6
      vertex 62 9.59721702337265 21.91
    endloop
  endfacet
  facet normal 0 0 1
    outer loop
      vertex 61.15481851249933 9.663734249770641 21.91
      vertex 62 9.59721702337265 21.91
      vertex 63.66955176740885 9.86164803802967 21.91
    endloop
  endfacet
  facet normal 0.0784590966130476 -0.9969173336634611 0
    outer loop
      vertex 62 9.59721702337265 21.91
      vertex 62.84518148750067 9.663734249770641 21.6
      vertex 62.84518148750067 9.663734249770641 21.91
    endloop
  endfacet
  facet normal 0 0 1
    outer loop
      vertex 61.15481851249933 9.663734249770641 21.91
      vertex 63.66955176740885 9.86164803802967 21.91
      vertex 62.80752111971378 9.901512444019318 21.91
    endloop
  endfacet
  facet normal 0 0 1
    outer loop
      vertex 62 9.59721702337265 21.91
      vertex 62.84518148750067 9.663734249770641 21.91
      vertex 63.66955176740885 9.86164803802967 21.91
    endloop
  endfacet
  facet normal 0.2334453576508169 -0.9723699218873865 0
    outer loop
      vertex 62.84518148750067 9.663734249770641 21.6
      vertex 63.66955176740885 9.86164803802967 21.6
      vertex 62.84518148750067 9.663734249770641 21.91
    endloop
  endfacet
  facet normal 0.2334453576508169 -0.9723699218873865 0
    outer loop
      vertex 62.84518148750067 9.663734249770641 21.91
      vertex 63.66955176740885 9.86164803802967 21.6
      vertex 63.66955176740885 9.86164803802967 21.91
    endloop
  endfacet
  facet normal 0 0 1
    outer loop
      vertex 62.80752111971378 9.901512444019318 21.91
      vertex 63.66955176740885 9.86164803802967 21.91
      vertex 64.45281210541725 10.186085104942322 21.91
    endloop
  endfacet
  facet normal 0 0 1
    outer loop
      vertex 62.80752111971378 9.901512444019318 21.91
      vertex 64.45281210541725 10.186085104942322 21.91
      vertex 63.595158353447914 10.090607412159443 21.91
    endloop
  endfacet
  facet normal 0.3826834444875093 -0.923879527490016 0
    outer loop
      vertex 63.66955176740885 9.86164803802967 21.6
      vertex 64.45281210541725 10.186085104942322 21.6
      vertex 63.66955176740885 9.86164803802967 21.91
    endloop
  endfacet
  facet normal 0.3826834444875093 -0.923879527490016 0
    outer loop
      vertex 63.66955176740885 9.86164803802967 21.91
      vertex 64.45281210541725 10.186085104942322 21.6
      vertex 64.45281210541725 10.186085104942322 21.91
    endloop
  endfacet
  facet normal 0 0 1
    outer loop
      vertex 63.595158353447914 10.090607412159443 21.91
      vertex 64.45281210541725 10.186085104942322 21.91
      vertex 64.34351746737957 10.400587908923626 21.91
    endloop
  endfacet
  facet normal 0.5224985618903737 -0.852640166085607 0
    outer loop
      vertex 64.45281210541725 10.186085104942322 21.6
      vertex 65.1756761521101 10.629056759178638 21.6
      vertex 64.45281210541725 10.186085104942322 21.91
    endloop
  endfacet
  facet normal 0 0 1
    outer loop
      vertex 64.45281210541725 10.186085104942322 21.91
      vertex 65.1756761521101 10.629056759178638 21.91
      vertex 64.34351746737957 10.400587908923626 21.91
    endloop
  endfacet
  facet normal 0.5224985618903737 -0.852640166085607 0
    outer loop
      vertex 64.45281210541725 10.186085104942322 21.91
      vertex 65.1756761521101 10.629056759178638 21.6
      vertex 65.1756761521101 10.629056759178638 21.91
    endloop
  endfacet
  facet normal 0 0 1
    outer loop
      vertex 64.34351746737957 10.400587908923626 21.91
      vertex 65.1756761521101 10.629056759178638 21.91
      vertex 65.03417148441076 10.823821231722832 21.91
    endloop
  endfacet
  facet normal 0 0 1
    outer loop
      vertex 65.03417148441076 10.823821231722832 21.91
      vertex 65.1756761521101 10.629056759178638 21.91
      vertex 65.82034447789192 11.179655522108078 21.91
    endloop
  endfacet
  facet normal 0.6494480465222144 -0.7604059671441825 0
    outer loop
      vertex 65.1756761521101 10.629056759178638 21.6
      vertex 65.82034447789192 11.179655522108078 21.6
      vertex 65.1756761521101 10.629056759178638 21.91
    endloop
  endfacet
  facet normal 0 0 1
    outer loop
      vertex 65.03417148441076 10.823821231722832 21.91
      vertex 65.82034447789192 11.179655522108078 21.91
      vertex 65.65011408179998 11.349885918200016 21.91
    endloop
  endfacet
  facet normal 0.6494480465222144 -0.7604059671441825 0
    outer loop
      vertex 65.1756761521101 10.629056759178638 21.91
      vertex 65.82034447789192 11.179655522108078 21.6
      vertex 65.82034447789192 11.179655522108078 21.91
    endloop
  endfacet
  facet normal 0.7604059671441825 -0.6494480465222144 0
    outer loop
      vertex 65.82034447789192 11.179655522108078 21.6
      vertex 66.37094324082136 11.8243238478899 21.6
      vertex 65.82034447789192 11.179655522108078 21.91
    endloop
  endfacet
  facet normal 0 0 1
    outer loop
      vertex 65.65011408179998 11.349885918200016 21.91
      vertex 65.82034447789192 11.179655522108078 21.91
      vertex 66.37094324082136 11.8243238478899 21.91
    endloop
  endfacet
  facet normal 0.7604059671441825 -0.6494480465222144 0
    outer loop
      vertex 65.82034447789192 11.179655522108078 21.91
      vertex 66.37094324082136 11.8243238478899 21.6
      vertex 66.37094324082136 11.8243238478899 21.91
    endloop
  endfacet
  facet normal 0 0 1
    outer loop
      vertex 65.65011408179998 11.349885918200016 21.91
      vertex 66.37094324082136 11.8243238478899 21.91
      vertex 66.17617876827717 11.965828515589237 21.91
    endloop
  endfacet
  facet normal 0.852640166085607 -0.5224985618903737 0
    outer loop
      vertex 66.37094324082136 11.8243238478899 21.6
      vertex 66.81391489505768 12.547187894582748 21.6
      vertex 66.37094324082136 11.8243238478899 21.91
    endloop
  endfacet
  facet normal 0 0 1
    outer loop
      vertex 66.37094324082136 11.8243238478899 21.91
      vertex 66.81391489505768 12.547187894582748 21.91
      vertex 66.17617876827717 11.965828515589237 21.91
    endloop
  endfacet
  facet normal 0 0 1
    outer loop
      vertex 66.17617876827717 11.965828515589237 21.91
      vertex 66.81391489505768 12.547187894582748 21.91
      vertex 66.59941209107637 12.65648253262043 21.91
    endloop
  endfacet
  facet normal 0.852640166085607 -0.5224985618903737 0
    outer loop
      vertex 66.37094324082136 11.8243238478899 21.91
      vertex 66.81391489505768 12.547187894582748 21.6
      vertex 66.81391489505768 12.547187894582748 21.91
    endloop
  endfacet
  facet normal 0 0 1
    outer loop
      vertex 66.59941209107637 12.65648253262043 21.91
      vertex 66.81391489505768 12.547187894582748 21.91
      vertex 67.13835196197033 13.330448232591152 21.91
    endloop
  endfacet
  facet normal 0.923879527490016 -0.3826834444875093 0
    outer loop
      vertex 66.81391489505768 12.547187894582748 21.6
      vertex 67.13835196197033 13.330448232591152 21.6
      vertex 66.81391489505768 12.547187894582748 21.91
    endloop
  endfacet
  facet normal 0 0 1
    outer loop
      vertex 66.59941209107637 12.65648253262043 21.91
      vertex 67.13835196197033 13.330448232591152 21.91
      vertex 66.90939258784056 13.404841646552086 21.91
    endloop
  endfacet
  facet normal 0.923879527490016 -0.3826834444875093 0
    outer loop
      vertex 66.81391489505768 12.547187894582748 21.91
      vertex 67.13835196197033 13.330448232591152 21.6
      vertex 67.13835196197033 13.330448232591152 21.91
    endloop
  endfacet
  facet normal 0.9723699218873865 -0.2334453576508169 0
    outer loop
      vertex 67.13835196197033 13.330448232591152 21.6
      vertex 67.33626575022936 14.154818512499332 21.6
      vertex 67.13835196197033 13.330448232591152 21.91
    endloop
  endfacet
  facet normal 0 0 1
    outer loop
      vertex 66.90939258784056 13.404841646552086 21.91
      vertex 67.13835196197033 13.330448232591152 21.91
      vertex 67.33626575022936 14.154818512499332 21.91
    endloop
  endfacet
  facet normal 0 0 1
    outer loop
      vertex 66.90939258784056 13.404841646552086 21.91
      vertex 67.33626575022936 14.154818512499332 21.91
      vertex 67.09848755598068 14.192478880286217 21.91
    endloop
  endfacet
  facet normal 0.9723699218873865 -0.2334453576508169 0
    outer loop
      vertex 67.13835196197033 13.330448232591152 21.91
      vertex 67.33626575022936 14.154818512499332 21.6
      vertex 67.33626575022936 14.154818512499332 21.91
    endloop
  endfacet
  facet normal 0.9969173336634611 -0.0784590966130476 0
    outer loop
      vertex 67.33626575022936 14.154818512499332 21.6
      vertex 67.40278297662735 15 21.6
      vertex 67.33626575022936 14.154818512499332 21.91
    endloop
  endfacet
  facet normal 0 0 1
    outer loop
      vertex 67.09848755598068 14.192478880286217 21.91
      vertex 67.33626575022936 14.154818512499332 21.91
      vertex 67.40278297662735 15 21.91
    endloop
  endfacet
  facet normal 0 0 1
    outer loop
      vertex 67.09848755598068 14.192478880286217 21.91
      vertex 67.40278297662735 15 21.91
      vertex 67.16204085201025 15 21.91
    endloop
  endfacet
  facet normal 0.9969173336634611 -0.0784590966130476 0
    outer loop
      vertex 67.33626575022936 14.154818512499332 21.91
      vertex 67.40278297662735 15 21.6
      vertex 67.40278297662735 15 21.91
    endloop
  endfacet
  facet normal 0 0 1
    outer loop
      vertex 61.19247888028622 20.098487555980682 21.91
      vertex 62 20.16204085201025 21.91
      vertex 62.84518148750067 20.33626575022936 21.91
    endloop
  endfacet
  facet normal 0.0784590966130476 0.9969173336634611 0
    outer loop
      vertex 62 20.40278297662735 21.6
      vertex 62 20.40278297662735 21.91
      vertex 62.84518148750067 20.33626575022936 21.91
    endloop
  endfacet
  facet normal 0 0 1
    outer loop
      vertex 62 20.16204085201025 21.91
      vertex 62.80752111971378 20.098487555980682 21.91
      vertex 62.84518148750067 20.33626575022936 21.91
    endloop
  endfacet
  facet normal 0.0784590966130476 0.9969173336634611 0
    outer loop
      vertex 62 20.40278297662735 21.6
      vertex 62.84518148750067 20.33626575022936 21.91
      vertex 62.84518148750067 20.33626575022936 21.6
    endloop
  endfacet
  facet normal 0 0 1
    outer loop
      vertex 62.80752111971378 20.098487555980682 21.91
      vertex 63.595158353447914 19.909392587840557 21.91
      vertex 62.84518148750067 20.33626575022936 21.91
    endloop
  endfacet
  facet normal 0.2334453576508169 0.9723699218873865 0
    outer loop
      vertex 62.84518148750067 20.33626575022936 21.6
      vertex 62.84518148750067 20.33626575022936 21.91
      vertex 63.66955176740885 20.13835196197033 21.91
    endloop
  endfacet
  facet normal 0.2334453576508169 0.9723699218873865 0
    outer loop
      vertex 62.84518148750067 20.33626575022936 21.6
      vertex 63.66955176740885 20.13835196197033 21.91
      vertex 63.66955176740885 20.13835196197033 21.6
    endloop
  endfacet
  facet normal 0 0 1
    outer loop
      vertex 62.84518148750067 20.33626575022936 21.91
      vertex 63.595158353447914 19.909392587840557 21.91
      vertex 63.66955176740885 20.13835196197033 21.91
    endloop
  endfacet
  facet normal 0 0 1
    outer loop
      vertex 63.595158353447914 19.909392587840557 21.91
      vertex 64.34351746737957 19.599412091076374 21.91
      vertex 63.66955176740885 20.13835196197033 21.91
    endloop
  endfacet
  facet normal 0.3826834444875093 0.923879527490016 0
    outer loop
      vertex 63.66955176740885 20.13835196197033 21.6
      vertex 63.66955176740885 20.13835196197033 21.91
      vertex 64.45281210541725 19.813914895057678 21.91
    endloop
  endfacet
  facet normal 0 0 1
    outer loop
      vertex 64.34351746737957 19.599412091076374 21.91
      vertex 65.03417148441076 19.17617876827717 21.91
      vertex 64.45281210541725 19.813914895057678 21.91
    endloop
  endfacet
  facet normal 0.5224985618903737 0.852640166085607 0
    outer loop
      vertex 64.45281210541725 19.813914895057678 21.6
      vertex 64.45281210541725 19.813914895057678 21.91
      vertex 65.1756761521101 19.37094324082136 21.91
    endloop
  endfacet
  facet normal 0 0 1
    outer loop
      vertex 63.66955176740885 20.13835196197033 21.91
      vertex 64.34351746737957 19.599412091076374 21.91
      vertex 64.45281210541725 19.813914895057678 21.91
    endloop
  endfacet
  facet normal 0.3826834444875093 0.923879527490016 0
    outer loop
      vertex 63.66955176740885 20.13835196197033 21.6
      vertex 64.45281210541725 19.813914895057678 21.91
      vertex 64.45281210541725 19.813914895057678 21.6
    endloop
  endfacet
  facet normal 0.9969173336634611 0.0784590966130476 0
    outer loop
      vertex 67.40278297662735 15 21.6
      vertex 67.33626575022936 15.845181487500668 21.6
      vertex 67.40278297662735 15 21.91
    endloop
  endfacet
  facet normal 0 0 1
    outer loop
      vertex 67.16204085201025 15 21.91
      vertex 67.40278297662735 15 21.91
      vertex 67.33626575022936 15.845181487500668 21.91
    endloop
  endfacet
  facet normal 0 0 1
    outer loop
      vertex 67.16204085201025 15 21.91
      vertex 67.33626575022936 15.845181487500668 21.91
      vertex 67.09848755598068 15.807521119713783 21.91
    endloop
  endfacet
  facet normal 0.9969173336634611 0.0784590966130476 0
    outer loop
      vertex 67.40278297662735 15 21.91
      vertex 67.33626575022936 15.845181487500668 21.6
      vertex 67.33626575022936 15.845181487500668 21.91
    endloop
  endfacet
  facet normal 0 0 1
    outer loop
      vertex 67.09848755598068 15.807521119713783 21.91
      vertex 67.33626575022936 15.845181487500668 21.91
      vertex 67.13835196197033 16.669551767408848 21.91
    endloop
  endfacet
  facet normal 0.9723699218873865 0.2334453576508169 0
    outer loop
      vertex 67.33626575022936 15.845181487500668 21.6
      vertex 67.13835196197033 16.669551767408848 21.6
      vertex 67.33626575022936 15.845181487500668 21.91
    endloop
  endfacet
  facet normal 0.852640166085607 0.5224985618903737 0
    outer loop
      vertex 66.81391489505768 17.45281210541725 21.6
      vertex 66.37094324082136 18.1756761521101 21.6
      vertex 66.81391489505768 17.45281210541725 21.91
    endloop
  endfacet
  facet normal 0 0 1
    outer loop
      vertex 66.59941209107637 17.34351746737957 21.91
      vertex 66.81391489505768 17.45281210541725 21.91
      vertex 66.37094324082136 18.1756761521101 21.91
    endloop
  endfacet
  facet normal 0 0 1
    outer loop
      vertex 67.09848755598068 15.807521119713783 21.91
      vertex 67.13835196197033 16.669551767408848 21.91
      vertex 66.90939258784056 16.595158353447914 21.91
    endloop
  endfacet
  facet normal 0.923879527490016 0.3826834444875093 0
    outer loop
      vertex 67.13835196197033 16.669551767408848 21.6
      vertex 66.81391489505768 17.45281210541725 21.6
      vertex 67.13835196197033 16.669551767408848 21.91
    endloop
  endfacet
  facet normal 0 0 1
    outer loop
      vertex 66.90939258784056 16.595158353447914 21.91
      vertex 67.13835196197033 16.669551767408848 21.91
      vertex 66.81391489505768 17.45281210541725 21.91
    endloop
  endfacet
  facet normal 0.9723699218873865 0.2334453576508169 0
    outer loop
      vertex 67.33626575022936 15.845181487500668 21.91
      vertex 67.13835196197033 16.669551767408848 21.6
      vertex 67.13835196197033 16.669551767408848 21.91
    endloop
  endfacet
  facet normal 0 0 1
    outer loop
      vertex 66.59941209107637 17.34351746737957 21.91
      vertex 66.90939258784056 16.595158353447914 21.91
      vertex 66.81391489505768 17.45281210541725 21.91
    endloop
  endfacet
  facet normal 0.923879527490016 0.3826834444875093 0
    outer loop
      vertex 67.13835196197033 16.669551767408848 21.91
      vertex 66.81391489505768 17.45281210541725 21.6
      vertex 66.81391489505768 17.45281210541725 21.91
    endloop
  endfacet
  facet normal 0.6494480465222144 0.7604059671441825 0
    outer loop
      vertex 65.82034447789192 18.820344477891922 21.6
      vertex 65.1756761521101 19.37094324082136 21.6
      vertex 65.82034447789192 18.820344477891922 21.91
    endloop
  endfacet
  facet normal 0 0 1
    outer loop
      vertex 65.65011408179998 18.650114081799984 21.91
      vertex 65.82034447789192 18.820344477891922 21.91
      vertex 65.1756761521101 19.37094324082136 21.91
    endloop
  endfacet
  facet normal 0 0 1
    outer loop
      vertex 65.65011408179998 18.650114081799984 21.91
      vertex 66.17617876827717 18.034171484410763 21.91
      vertex 65.82034447789192 18.820344477891922 21.91
    endloop
  endfacet
  facet normal 0.7604059671441825 0.6494480465222144 0
    outer loop
      vertex 65.82034447789192 18.820344477891922 21.6
      vertex 65.82034447789192 18.820344477891922 21.91
      vertex 66.37094324082136 18.1756761521101 21.91
    endloop
  endfacet
  facet normal 0.5224985618903737 0.852640166085607 0
    outer loop
      vertex 64.45281210541725 19.813914895057678 21.6
      vertex 65.1756761521101 19.37094324082136 21.91
      vertex 65.1756761521101 19.37094324082136 21.6
    endloop
  endfacet
  facet normal 0 0 1
    outer loop
      vertex 64.45281210541725 19.813914895057678 21.91
      vertex 65.03417148441076 19.17617876827717 21.91
      vertex 65.1756761521101 19.37094324082136 21.91
    endloop
  endfacet
  facet normal 0 0 1
    outer loop
      vertex 65.65011408179998 18.650114081799984 21.91
      vertex 65.1756761521101 19.37094324082136 21.91
      vertex 65.03417148441076 19.17617876827717 21.91
    endloop
  endfacet
  facet normal 0.6494480465222144 0.7604059671441825 0
    outer loop
      vertex 65.82034447789192 18.820344477891922 21.91
      vertex 65.1756761521101 19.37094324082136 21.6
      vertex 65.1756761521101 19.37094324082136 21.91
    endloop
  endfacet
  facet normal 0 0 1
    outer loop
      vertex 66.59941209107637 17.34351746737957 21.91
      vertex 66.37094324082136 18.1756761521101 21.91
      vertex 66.17617876827717 18.034171484410763 21.91
    endloop
  endfacet
  facet normal 0 0 1
    outer loop
      vertex 65.82034447789192 18.820344477891922 21.91
      vertex 66.17617876827717 18.034171484410763 21.91
      vertex 66.37094324082136 18.1756761521101 21.91
    endloop
  endfacet
  facet normal 0.852640166085607 0.5224985618903737 0
    outer loop
      vertex 66.81391489505768 17.45281210541725 21.91
      vertex 66.37094324082136 18.1756761521101 21.6
      vertex 66.37094324082136 18.1756761521101 21.91
    endloop
  endfacet
  facet normal 0.7604059671441825 0.6494480465222144 0
    outer loop
      vertex 65.82034447789192 18.820344477891922 21.6
      vertex 66.37094324082136 18.1756761521101 21.91
      vertex 66.37094324082136 18.1756761521101 21.6
    endloop
  endfacet
  facet normal -0.8526401660973014 -0.52249856187129 0
    outer loop
      vertex 57.82382123172283 11.965828515589237 21.91
      vertex 57.82382123172283 11.965828515589237 22.21
      vertex 57.400587908923626 12.65648253262043 21.91
    endloop
  endfacet
  facet normal 0 0 1
    outer loop
      vertex 57.82382123172283 11.965828515589237 22.21
      vertex 58.018585704267025 12.107333190739155 22.21
      vertex 57.400587908923626 12.65648253262043 22.21
    endloop
  endfacet
  facet normal -0.52249856187129 -0.8526401660973014 0
    outer loop
      vertex 58.96582851558924 10.823821231722832 21.91
      vertex 59.65648253262043 10.400587908923626 22.21
      vertex 58.96582851558924 10.823821231722832 22.21
    endloop
  endfacet
  facet normal 0 0 1
    outer loop
      vertex 58.96582851558924 10.823821231722832 22.21
      vertex 59.76577717065811 10.61509071290493 22.21
      vertex 59.107333190739155 11.018585704267025 22.21
    endloop
  endfacet
  facet normal -0.7604059590809154 -0.6494480559630874 0
    outer loop
      vertex 57.82382123172283 11.965828515589237 21.91
      vertex 58.349885918200016 11.349885918200016 21.91
      vertex 58.349885918200016 11.349885918200016 22.21
    endloop
  endfacet
  facet normal -0.6494480559630874 -0.7604059590809154 0
    outer loop
      vertex 58.96582851558924 10.823821231722832 22.21
      vertex 58.349885918200016 11.349885918200016 22.21
      vertex 58.349885918200016 11.349885918200016 21.91
    endloop
  endfacet
  facet normal 0 0 1
    outer loop
      vertex 57.82382123172283 11.965828515589237 22.21
      vertex 58.349885918200016 11.349885918200016 22.21
      vertex 58.52011630684137 11.520116306841373 22.21
    endloop
  endfacet
  facet normal -0.7604059590809154 -0.6494480559630874 0
    outer loop
      vertex 57.82382123172283 11.965828515589237 21.91
      vertex 58.349885918200016 11.349885918200016 22.21
      vertex 57.82382123172283 11.965828515589237 22.21
    endloop
  endfacet
  facet normal 0 0 1
    outer loop
      vertex 57.82382123172283 11.965828515589237 22.21
      vertex 58.52011630684137 11.520116306841373 22.21
      vertex 58.018585704267025 12.107333190739155 22.21
    endloop
  endfacet
  facet normal -0.6494480559630874 -0.7604059590809154 0
    outer loop
      vertex 58.96582851558924 10.823821231722832 21.91
      vertex 58.96582851558924 10.823821231722832 22.21
      vertex 58.349885918200016 11.349885918200016 21.91
    endloop
  endfacet
  facet normal 0 0 1
    outer loop
      vertex 58.96582851558924 10.823821231722832 22.21
      vertex 59.107333190739155 11.018585704267025 22.21
      vertex 58.349885918200016 11.349885918200016 22.21
    endloop
  endfacet
  facet normal 0 0 1
    outer loop
      vertex 58.349885918200016 11.349885918200016 22.21
      vertex 59.107333190739155 11.018585704267025 22.21
      vertex 58.52011630684137 11.520116306841373 22.21
    endloop
  endfacet
  facet normal -0.9238795315300108 -0.38268343473409966 0
    outer loop
      vertex 57.09060741215944 13.404841646552086 21.91
      vertex 57.400587908923626 12.65648253262043 22.21
      vertex 57.09060741215944 13.404841646552086 22.21
    endloop
  endfacet
  facet normal -0.8526401660973014 -0.52249856187129 0
    outer loop
      vertex 57.82382123172283 11.965828515589237 22.21
      vertex 57.400587908923626 12.65648253262043 22.21
      vertex 57.400587908923626 12.65648253262043 21.91
    endloop
  endfacet
  facet normal -0.9238795315300108 -0.38268343473409966 0
    outer loop
      vertex 57.09060741215944 13.404841646552086 21.91
      vertex 57.400587908923626 12.65648253262043 21.91
      vertex 57.400587908923626 12.65648253262043 22.21
    endloop
  endfacet
  facet normal 0 0 1
    outer loop
      vertex 57.09060741215944 13.404841646552086 22.21
      vertex 57.400587908923626 12.65648253262043 22.21
      vertex 57.61509071290493 12.765777170658112 22.21
    endloop
  endfacet
  facet normal 0 0 1
    outer loop
      vertex 58.018585704267025 12.107333190739155 22.21
      vertex 57.61509071290493 12.765777170658112 22.21
      vertex 57.400587908923626 12.65648253262043 22.21
    endloop
  endfacet
  facet normal 0 0 1
    outer loop
      vertex 57.09060741215944 13.404841646552086 22.21
      vertex 57.61509071290493 12.765777170658112 22.21
      vertex 57.319566778838634 13.479235053062439 22.21
    endloop
  endfacet
  facet normal -0.972369920829255 -0.23344536205825187 0
    outer loop
      vertex 57.09060741215944 13.404841646552086 21.91
      vertex 57.09060741215944 13.404841646552086 22.21
      vertex 56.90151244401932 14.192478880286217 21.91
    endloop
  endfacet
  facet normal -0.972369920829255 -0.23344536205825187 0
    outer loop
      vertex 57.09060741215944 13.404841646552086 22.21
      vertex 56.90151244401932 14.192478880286217 22.21
      vertex 56.90151244401932 14.192478880286217 21.91
    endloop
  endfacet
  facet normal 0 0 1
    outer loop
      vertex 57.09060741215944 13.404841646552086 22.21
      vertex 57.319566778838634 13.479235053062439 22.21
      vertex 56.90151244401932 14.192478880286217 22.21
    endloop
  endfacet
  facet normal 0 0 1
    outer loop
      vertex 57.319566778838634 13.479235053062439 22.21
      vertex 57.139290638267994 14.230139248073101 22.21
      vertex 56.90151244401932 14.192478880286217 22.21
    endloop
  endfacet
  facet normal -0.9969173331913007 -0.07845910261241247 0
    outer loop
      vertex 56.90151244401932 14.192478880286217 21.91
      vertex 56.90151244401932 14.192478880286217 22.21
      vertex 56.83795914798975 15 21.91
    endloop
  endfacet
  facet normal -0.9969173331913007 -0.07845910261241247 0
    outer loop
      vertex 56.90151244401932 14.192478880286217 22.21
      vertex 56.83795914798975 15 22.21
      vertex 56.83795914798975 15 21.91
    endloop
  endfacet
  facet normal 0 0 1
    outer loop
      vertex 56.90151244401932 14.192478880286217 22.21
      vertex 57.139290638267994 14.230139248073101 22.21
      vertex 56.83795914798975 15 22.21
    endloop
  endfacet
  facet normal 0 0 1
    outer loop
      vertex 57.139290638267994 14.230139248073101 22.21
      vertex 57.07870128005743 15 22.21
      vertex 56.83795914798975 15 22.21
    endloop
  endfacet
  facet normal -0.52249856187129 -0.8526401660973014 0
    outer loop
      vertex 58.96582851558924 10.823821231722832 21.91
      vertex 59.65648253262043 10.400587908923626 21.91
      vertex 59.65648253262043 10.400587908923626 22.21
    endloop
  endfacet
  facet normal -0.38268343473409966 -0.9238795315300108 0
    outer loop
      vertex 59.65648253262043 10.400587908923626 21.91
      vertex 60.404841646552086 10.090607412159443 22.21
      vertex 59.65648253262043 10.400587908923626 22.21
    endloop
  endfacet
  facet normal 0 0 1
    outer loop
      vertex 58.96582851558924 10.823821231722832 22.21
      vertex 59.65648253262043 10.400587908923626 22.21
      vertex 59.76577717065811 10.61509071290493 22.21
    endloop
  endfacet
  facet normal 0 0 1
    outer loop
      vertex 59.65648253262043 10.400587908923626 22.21
      vertex 60.47923505306244 10.319566778838634 22.21
      vertex 59.76577717065811 10.61509071290493 22.21
    endloop
  endfacet
  facet normal -0.38268343473409966 -0.9238795315300108 0
    outer loop
      vertex 59.65648253262043 10.400587908923626 21.91
      vertex 60.404841646552086 10.090607412159443 21.91
      vertex 60.404841646552086 10.090607412159443 22.21
    endloop
  endfacet
  facet normal 0 0 1
    outer loop
      vertex 59.65648253262043 10.400587908923626 22.21
      vertex 60.404841646552086 10.090607412159443 22.21
      vertex 60.47923505306244 10.319566778838634 22.21
    endloop
  endfacet
  facet normal -0.23344536205825187 -0.972369920829255 0
    outer loop
      vertex 60.404841646552086 10.090607412159443 21.91
      vertex 61.19247888028622 9.901512444019318 22.21
      vertex 60.404841646552086 10.090607412159443 22.21
    endloop
  endfacet
  facet normal -0.23344536205825187 -0.972369920829255 0
    outer loop
      vertex 60.404841646552086 10.090607412159443 21.91
      vertex 61.19247888028622 9.901512444019318 21.91
      vertex 61.19247888028622 9.901512444019318 22.21
    endloop
  endfacet
  facet normal 0 0 1
    outer loop
      vertex 60.404841646552086 10.090607412159443 22.21
      vertex 61.2301392480731 10.139290638267994 22.21
      vertex 60.47923505306244 10.319566778838634 22.21
    endloop
  endfacet
  facet normal 0 0 1
    outer loop
      vertex 60.404841646552086 10.090607412159443 22.21
      vertex 61.19247888028622 9.901512444019318 22.21
      vertex 61.2301392480731 10.139290638267994 22.21
    endloop
  endfacet
  facet normal -0.07845910261241247 -0.9969173331913007 0
    outer loop
      vertex 61.19247888028622 9.901512444019318 21.91
      vertex 62 9.83795914798975 22.21
      vertex 61.19247888028622 9.901512444019318 22.21
    endloop
  endfacet
  facet normal -0.07845910261241247 -0.9969173331913007 0
    outer loop
      vertex 61.19247888028622 9.901512444019318 21.91
      vertex 62 9.83795914798975 21.91
      vertex 62 9.83795914798975 22.21
    endloop
  endfacet
  facet normal 0 0 1
    outer loop
      vertex 61.19247888028622 9.901512444019318 22.21
      vertex 62 10.07870128005743 22.21
      vertex 61.2301392480731 10.139290638267994 22.21
    endloop
  endfacet
  facet normal 0 0 1
    outer loop
      vertex 61.19247888028622 9.901512444019318 22.21
      vertex 62.7698607519269 10.139290638267994 22.21
      vertex 62 10.07870128005743 22.21
    endloop
  endfacet
  facet normal -0.9969173331913007 0.07845910261241247 0
    outer loop
      vertex 56.83795914798975 15 21.91
      vertex 56.83795914798975 15 22.21
      vertex 56.90151244401932 15.807521119713783 21.91
    endloop
  endfacet
  facet normal -0.9969173331913007 0.07845910261241247 0
    outer loop
      vertex 56.83795914798975 15 22.21
      vertex 56.90151244401932 15.807521119713783 22.21
      vertex 56.90151244401932 15.807521119713783 21.91
    endloop
  endfacet
  facet normal 0 0 1
    outer loop
      vertex 56.83795914798975 15 22.21
      vertex 57.07870128005743 15 22.21
      vertex 56.90151244401932 15.807521119713783 22.21
    endloop
  endfacet
  facet normal 0 0 1
    outer loop
      vertex 57.07870128005743 15 22.21
      vertex 57.139290638267994 15.769860751926899 22.21
      vertex 56.90151244401932 15.807521119713783 22.21
    endloop
  endfacet
  facet normal -0.972369920829255 0.23344536205825187 0
    outer loop
      vertex 56.90151244401932 15.807521119713783 21.91
      vertex 56.90151244401932 15.807521119713783 22.21
      vertex 57.09060741215944 16.595158353447914 21.91
    endloop
  endfacet
  facet normal -0.972369920829255 0.23344536205825187 0
    outer loop
      vertex 56.90151244401932 15.807521119713783 22.21
      vertex 57.09060741215944 16.595158353447914 22.21
      vertex 57.09060741215944 16.595158353447914 21.91
    endloop
  endfacet
  facet normal 0 0 1
    outer loop
      vertex 56.90151244401932 15.807521119713783 22.21
      vertex 57.139290638267994 15.769860751926899 22.21
      vertex 57.09060741215944 16.595158353447914 22.21
    endloop
  endfacet
  facet normal 0 0 1
    outer loop
      vertex 57.139290638267994 15.769860751926899 22.21
      vertex 57.319566778838634 16.52076494693756 22.21
      vertex 57.09060741215944 16.595158353447914 22.21
    endloop
  endfacet
  facet normal -0.9238795315300108 0.38268343473409966 0
    outer loop
      vertex 57.09060741215944 16.595158353447914 21.91
      vertex 57.09060741215944 16.595158353447914 22.21
      vertex 57.400587908923626 17.34351746737957 21.91
    endloop
  endfacet
  facet normal 0 0 1
    outer loop
      vertex 57.09060741215944 16.595158353447914 22.21
      vertex 57.319566778838634 16.52076494693756 22.21
      vertex 57.400587908923626 17.34351746737957 22.21
    endloop
  endfacet
  facet normal -0.9238795315300108 0.38268343473409966 0
    outer loop
      vertex 57.09060741215944 16.595158353447914 22.21
      vertex 57.400587908923626 17.34351746737957 22.21
      vertex 57.400587908923626 17.34351746737957 21.91
    endloop
  endfacet
  facet normal -0.8526401660973014 0.52249856187129 0
    outer loop
      vertex 57.400587908923626 17.34351746737957 21.91
      vertex 57.400587908923626 17.34351746737957 22.21
      vertex 57.82382123172283 18.034171484410763 21.91
    endloop
  endfacet
  facet normal 0 0 1
    outer loop
      vertex 57.319566778838634 16.52076494693756 22.21
      vertex 57.61509071290493 17.23422282934189 22.21
      vertex 57.400587908923626 17.34351746737957 22.21
    endloop
  endfacet
  facet normal 0 0 1
    outer loop
      vertex 57.400587908923626 17.34351746737957 22.21
      vertex 57.61509071290493 17.23422282934189 22.21
      vertex 57.82382123172283 18.034171484410763 22.21
    endloop
  endfacet
  facet normal -0.8526401660973014 0.52249856187129 0
    outer loop
      vertex 57.400587908923626 17.34351746737957 22.21
      vertex 57.82382123172283 18.034171484410763 22.21
      vertex 57.82382123172283 18.034171484410763 21.91
    endloop
  endfacet
  facet normal 0 0 1
    outer loop
      vertex 57.61509071290493 17.23422282934189 22.21
      vertex 58.018585704267025 17.892666809260845 22.21
      vertex 57.82382123172283 18.034171484410763 22.21
    endloop
  endfacet
  facet normal -0.7604059590809154 0.6494480559630874 0
    outer loop
      vertex 57.82382123172283 18.034171484410763 21.91
      vertex 57.82382123172283 18.034171484410763 22.21
      vertex 58.349885918200016 18.650114081799984 21.91
    endloop
  endfacet
  facet normal 0 0 1
    outer loop
      vertex 57.82382123172283 18.034171484410763 22.21
      vertex 58.018585704267025 17.892666809260845 22.21
      vertex 58.349885918200016 18.650114081799984 22.21
    endloop
  endfacet
  facet normal 0 0 1
    outer loop
      vertex 58.018585704267025 17.892666809260845 22.21
      vertex 58.52011630684137 18.479883693158627 22.21
      vertex 58.349885918200016 18.650114081799984 22.21
    endloop
  endfacet
  facet normal -0.7604059590809154 0.6494480559630874 0
    outer loop
      vertex 57.82382123172283 18.034171484410763 22.21
      vertex 58.349885918200016 18.650114081799984 22.21
      vertex 58.349885918200016 18.650114081799984 21.91
    endloop
  endfacet
  facet normal -0.6494480559630874 0.7604059590809154 0
    outer loop
      vertex 58.349885918200016 18.650114081799984 21.91
      vertex 58.349885918200016 18.650114081799984 22.21
      vertex 58.96582851558924 19.17617876827717 21.91
    endloop
  endfacet
  facet normal 0 0 1
    outer loop
      vertex 58.349885918200016 18.650114081799984 22.21
      vertex 58.52011630684137 18.479883693158627 22.21
      vertex 58.96582851558924 19.17617876827717 22.21
    endloop
  endfacet
  facet normal -0.6494480559630874 0.7604059590809154 0
    outer loop
      vertex 58.349885918200016 18.650114081799984 22.21
      vertex 58.96582851558924 19.17617876827717 22.21
      vertex 58.96582851558924 19.17617876827717 21.91
    endloop
  endfacet
  facet normal 0 0 1
    outer loop
      vertex 58.52011630684137 18.479883693158627 22.21
      vertex 59.107333190739155 18.981414295732975 22.21
      vertex 58.96582851558924 19.17617876827717 22.21
    endloop
  endfacet
  facet normal -0.52249856187129 0.8526401660973014 0
    outer loop
      vertex 58.96582851558924 19.17617876827717 21.91
      vertex 58.96582851558924 19.17617876827717 22.21
      vertex 59.65648253262043 19.599412091076374 21.91
    endloop
  endfacet
  facet normal 0 0 1
    outer loop
      vertex 59.107333190739155 18.981414295732975 22.21
      vertex 59.65648253262043 19.599412091076374 22.21
      vertex 58.96582851558924 19.17617876827717 22.21
    endloop
  endfacet
  facet normal -0.52249856187129 0.8526401660973014 0
    outer loop
      vertex 58.96582851558924 19.17617876827717 22.21
      vertex 59.65648253262043 19.599412091076374 22.21
      vertex 59.65648253262043 19.599412091076374 21.91
    endloop
  endfacet
  facet normal -0.38268343473409966 0.9238795315300108 0
    outer loop
      vertex 59.65648253262043 19.599412091076374 21.91
      vertex 59.65648253262043 19.599412091076374 22.21
      vertex 60.404841646552086 19.909392587840557 21.91
    endloop
  endfacet
  facet normal 0 0 1
    outer loop
      vertex 59.107333190739155 18.981414295732975 22.21
      vertex 59.76577717065811 19.38490928709507 22.21
      vertex 59.65648253262043 19.599412091076374 22.21
    endloop
  endfacet
  facet normal 0 0 1
    outer loop
      vertex 59.76577717065811 19.38490928709507 22.21
      vertex 60.47923505306244 19.680433221161366 22.21
      vertex 59.65648253262043 19.599412091076374 22.21
    endloop
  endfacet
  facet normal -0.38268343473409966 0.9238795315300108 0
    outer loop
      vertex 59.65648253262043 19.599412091076374 22.21
      vertex 60.404841646552086 19.909392587840557 22.21
      vertex 60.404841646552086 19.909392587840557 21.91
    endloop
  endfacet
  facet normal 0 0 1
    outer loop
      vertex 59.65648253262043 19.599412091076374 22.21
      vertex 60.47923505306244 19.680433221161366 22.21
      vertex 60.404841646552086 19.909392587840557 22.21
    endloop
  endfacet
  facet normal -0.23344536205825187 0.972369920829255 0
    outer loop
      vertex 60.404841646552086 19.909392587840557 21.91
      vertex 60.404841646552086 19.909392587840557 22.21
      vertex 61.19247888028622 20.098487555980682 21.91
    endloop
  endfacet
  facet normal -0.23344536205825187 0.972369920829255 0
    outer loop
      vertex 60.404841646552086 19.909392587840557 22.21
      vertex 61.19247888028622 20.098487555980682 22.21
      vertex 61.19247888028622 20.098487555980682 21.91
    endloop
  endfacet
  facet normal 0 0 1
    outer loop
      vertex 60.47923505306244 19.680433221161366 22.21
      vertex 61.2301392480731 19.860709361732006 22.21
      vertex 60.404841646552086 19.909392587840557 22.21
    endloop
  endfacet
  facet normal 0 0 1
    outer loop
      vertex 60.404841646552086 19.909392587840557 22.21
      vertex 62 20.16204085201025 22.21
      vertex 61.19247888028622 20.098487555980682 22.21
    endloop
  endfacet
  facet normal -0.07845910261241247 0.9969173331913007 0
    outer loop
      vertex 61.19247888028622 20.098487555980682 21.91
      vertex 61.19247888028622 20.098487555980682 22.21
      vertex 62 20.16204085201025 21.91
    endloop
  endfacet
  facet normal -0.07845910261241247 0.9969173331913007 0
    outer loop
      vertex 61.19247888028622 20.098487555980682 22.21
      vertex 62 20.16204085201025 22.21
      vertex 62 20.16204085201025 21.91
    endloop
  endfacet
  facet normal 0 0 1
    outer loop
      vertex 60.404841646552086 19.909392587840557 22.21
      vertex 61.2301392480731 19.860709361732006 22.21
      vertex 62.80752111971378 20.098487555980682 22.21
    endloop
  endfacet
  facet normal 0 0 1
    outer loop
      vertex 60.404841646552086 19.909392587840557 22.21
      vertex 62.80752111971378 20.098487555980682 22.21
      vertex 62 20.16204085201025 22.21
    endloop
  endfacet
  facet normal 0.07845910261241247 -0.9969173331913007 0
    outer loop
      vertex 62 9.83795914798975 21.91
      vertex 62.80752111971378 9.901512444019318 22.21
      vertex 62 9.83795914798975 22.21
    endloop
  endfacet
  facet normal 0.07845910261241247 -0.9969173331913007 0
    outer loop
      vertex 62 9.83795914798975 21.91
      vertex 62.80752111971378 9.901512444019318 21.91
      vertex 62.80752111971378 9.901512444019318 22.21
    endloop
  endfacet
  facet normal 0 0 1
    outer loop
      vertex 61.19247888028622 9.901512444019318 22.21
      vertex 62 9.83795914798975 22.21
      vertex 63.595158353447914 10.090607412159443 22.21
    endloop
  endfacet
  facet normal 0 0 1
    outer loop
      vertex 61.19247888028622 9.901512444019318 22.21
      vertex 63.595158353447914 10.090607412159443 22.21
      vertex 62.7698607519269 10.139290638267994 22.21
    endloop
  endfacet
  facet normal 0.23344536205825187 -0.972369920829255 0
    outer loop
      vertex 62.80752111971378 9.901512444019318 21.91
      vertex 63.595158353447914 10.090607412159443 22.21
      vertex 62.80752111971378 9.901512444019318 22.21
    endloop
  endfacet
  facet normal 0.23344536205825187 -0.972369920829255 0
    outer loop
      vertex 62.80752111971378 9.901512444019318 21.91
      vertex 63.595158353447914 10.090607412159443 21.91
      vertex 63.595158353447914 10.090607412159443 22.21
    endloop
  endfacet
  facet normal 0 0 1
    outer loop
      vertex 62 9.83795914798975 22.21
      vertex 62.80752111971378 9.901512444019318 22.21
      vertex 63.595158353447914 10.090607412159443 22.21
    endloop
  endfacet
  facet normal 0 0 1
    outer loop
      vertex 62.7698607519269 10.139290638267994 22.21
      vertex 63.595158353447914 10.090607412159443 22.21
      vertex 63.52076494693756 10.319566778838634 22.21
    endloop
  endfacet
  facet normal 0.38268343473409966 -0.9238795315300108 0
    outer loop
      vertex 63.595158353447914 10.090607412159443 21.91
      vertex 64.34351746737957 10.400587908923626 22.21
      vertex 63.595158353447914 10.090607412159443 22.21
    endloop
  endfacet
  facet normal 0 0 1
    outer loop
      vertex 63.595158353447914 10.090607412159443 22.21
      vertex 64.34351746737957 10.400587908923626 22.21
      vertex 63.52076494693756 10.319566778838634 22.21
    endloop
  endfacet
  facet normal 0.38268343473409966 -0.9238795315300108 0
    outer loop
      vertex 63.595158353447914 10.090607412159443 21.91
      vertex 64.34351746737957 10.400587908923626 21.91
      vertex 64.34351746737957 10.400587908923626 22.21
    endloop
  endfacet
  facet normal 0.52249856187129 -0.8526401660973014 0
    outer loop
      vertex 64.34351746737957 10.400587908923626 21.91
      vertex 65.03417148441076 10.823821231722832 22.21
      vertex 64.34351746737957 10.400587908923626 22.21
    endloop
  endfacet
  facet normal 0 0 1
    outer loop
      vertex 63.52076494693756 10.319566778838634 22.21
      vertex 64.34351746737957 10.400587908923626 22.21
      vertex 64.23422282934189 10.61509071290493 22.21
    endloop
  endfacet
  facet normal 0 0 1
    outer loop
      vertex 64.34351746737957 10.400587908923626 22.21
      vertex 64.89266680926085 11.018585704267025 22.21
      vertex 64.23422282934189 10.61509071290493 22.21
    endloop
  endfacet
  facet normal 0.52249856187129 -0.8526401660973014 0
    outer loop
      vertex 64.34351746737957 10.400587908923626 21.91
      vertex 65.03417148441076 10.823821231722832 21.91
      vertex 65.03417148441076 10.823821231722832 22.21
    endloop
  endfacet
  facet normal 0 0 1
    outer loop
      vertex 64.34351746737957 10.400587908923626 22.21
      vertex 65.03417148441076 10.823821231722832 22.21
      vertex 64.89266680926085 11.018585704267025 22.21
    endloop
  endfacet
  facet normal 0.6494480559630874 -0.7604059590809154 0
    outer loop
      vertex 65.03417148441076 10.823821231722832 21.91
      vertex 65.65011408179998 11.349885918200016 22.21
      vertex 65.03417148441076 10.823821231722832 22.21
    endloop
  endfacet
  facet normal 0 0 1
    outer loop
      vertex 65.03417148441076 10.823821231722832 22.21
      vertex 65.47988369315863 11.520116306841373 22.21
      vertex 64.89266680926085 11.018585704267025 22.21
    endloop
  endfacet
  facet normal 0.6494480559630874 -0.7604059590809154 0
    outer loop
      vertex 65.03417148441076 10.823821231722832 21.91
      vertex 65.65011408179998 11.349885918200016 21.91
      vertex 65.65011408179998 11.349885918200016 22.21
    endloop
  endfacet
  facet normal 0.7604059590809154 -0.6494480559630874 0
    outer loop
      vertex 65.65011408179998 11.349885918200016 21.91
      vertex 66.17617876827717 11.965828515589237 22.21
      vertex 65.65011408179998 11.349885918200016 22.21
    endloop
  endfacet
  facet normal 0 0 1
    outer loop
      vertex 65.03417148441076 10.823821231722832 22.21
      vertex 65.65011408179998 11.349885918200016 22.21
      vertex 65.47988369315863 11.520116306841373 22.21
    endloop
  endfacet
  facet normal 0.7604059590809154 -0.6494480559630874 0
    outer loop
      vertex 65.65011408179998 11.349885918200016 21.91
      vertex 66.17617876827717 11.965828515589237 21.91
      vertex 66.17617876827717 11.965828515589237 22.21
    endloop
  endfacet
  facet normal 0 0 1
    outer loop
      vertex 65.47988369315863 11.520116306841373 22.21
      vertex 65.65011408179998 11.349885918200016 22.21
      vertex 65.98141429573298 12.107333190739155 22.21
    endloop
  endfacet
  facet normal 0 0 1
    outer loop
      vertex 65.65011408179998 11.349885918200016 22.21
      vertex 66.17617876827717 11.965828515589237 22.21
      vertex 65.98141429573298 12.107333190739155 22.21
    endloop
  endfacet
  facet normal 0.8526401660973014 -0.52249856187129 0
    outer loop
      vertex 66.17617876827717 11.965828515589237 21.91
      vertex 66.59941209107637 12.65648253262043 22.21
      vertex 66.17617876827717 11.965828515589237 22.21
    endloop
  endfacet
  facet normal 0 0 1
    outer loop
      vertex 65.98141429573298 12.107333190739155 22.21
      vertex 66.17617876827717 11.965828515589237 22.21
      vertex 66.38490928709507 12.765777170658112 22.21
    endloop
  endfacet
  facet normal 0.8526401660973014 -0.52249856187129 0
    outer loop
      vertex 66.17617876827717 11.965828515589237 21.91
      vertex 66.59941209107637 12.65648253262043 21.91
      vertex 66.59941209107637 12.65648253262043 22.21
    endloop
  endfacet
  facet normal 0.9238795315300108 -0.38268343473409966 0
    outer loop
      vertex 66.59941209107637 12.65648253262043 21.91
      vertex 66.90939258784056 13.404841646552086 22.21
      vertex 66.59941209107637 12.65648253262043 22.21
    endloop
  endfacet
  facet normal 0 0 1
    outer loop
      vertex 66.17617876827717 11.965828515589237 22.21
      vertex 66.59941209107637 12.65648253262043 22.21
      vertex 66.38490928709507 12.765777170658112 22.21
    endloop
  endfacet
  facet normal 0 0 1
    outer loop
      vertex 66.38490928709507 12.765777170658112 22.21
      vertex 66.59941209107637 12.65648253262043 22.21
      vertex 66.68043322116137 13.479235053062439 22.21
    endloop
  endfacet
  facet normal 0.9238795315300108 -0.38268343473409966 0
    outer loop
      vertex 66.59941209107637 12.65648253262043 21.91
      vertex 66.90939258784056 13.404841646552086 21.91
      vertex 66.90939258784056 13.404841646552086 22.21
    endloop
  endfacet
  facet normal 0 0 1
    outer loop
      vertex 66.59941209107637 12.65648253262043 22.21
      vertex 66.90939258784056 13.404841646552086 22.21
      vertex 66.68043322116137 13.479235053062439 22.21
    endloop
  endfacet
  facet normal 0.972369920829255 -0.23344536205825187 0
    outer loop
      vertex 66.90939258784056 13.404841646552086 21.91
      vertex 67.09848755598068 14.192478880286217 22.21
      vertex 66.90939258784056 13.404841646552086 22.21
    endloop
  endfacet
  facet normal 0.972369920829255 -0.23344536205825187 0
    outer loop
      vertex 66.90939258784056 13.404841646552086 21.91
      vertex 67.09848755598068 14.192478880286217 21.91
      vertex 67.09848755598068 14.192478880286217 22.21
    endloop
  endfacet
  facet normal 0 0 1
    outer loop
      vertex 66.68043322116137 13.479235053062439 22.21
      vertex 66.90939258784056 13.404841646552086 22.21
      vertex 66.860709361732 14.230139248073101 22.21
    endloop
  endfacet
  facet normal 0 0 1
    outer loop
      vertex 66.90939258784056 13.404841646552086 22.21
      vertex 67.09848755598068 14.192478880286217 22.21
      vertex 66.860709361732 14.230139248073101 22.21
    endloop
  endfacet
  facet normal 0.9969173331913007 -0.07845910261241247 0
    outer loop
      vertex 67.09848755598068 14.192478880286217 21.91
      vertex 67.16204085201025 15 22.21
      vertex 67.09848755598068 14.192478880286217 22.21
    endloop
  endfacet
  facet normal 0.9969173331913007 -0.07845910261241247 0
    outer loop
      vertex 67.09848755598068 14.192478880286217 21.91
      vertex 67.16204085201025 15 21.91
      vertex 67.16204085201025 15 22.21
    endloop
  endfacet
  facet normal 0 0 1
    outer loop
      vertex 66.860709361732 14.230139248073101 22.21
      vertex 67.09848755598068 14.192478880286217 22.21
      vertex 66.92129871994257 15 22.21
    endloop
  endfacet
  facet normal 0 0 1
    outer loop
      vertex 67.09848755598068 14.192478880286217 22.21
      vertex 67.16204085201025 15 22.21
      vertex 66.92129871994257 15 22.21
    endloop
  endfacet
  facet normal 0.07845910261241247 0.9969173331913007 0
    outer loop
      vertex 62 20.16204085201025 21.91
      vertex 62 20.16204085201025 22.21
      vertex 62.80752111971378 20.098487555980682 21.91
    endloop
  endfacet
  facet normal 0.07845910261241247 0.9969173331913007 0
    outer loop
      vertex 62 20.16204085201025 22.21
      vertex 62.80752111971378 20.098487555980682 22.21
      vertex 62.80752111971378 20.098487555980682 21.91
    endloop
  endfacet
  facet normal 0 0 1
    outer loop
      vertex 61.2301392480731 19.860709361732006 22.21
      vertex 62 19.92129871994257 22.21
      vertex 62.80752111971378 20.098487555980682 22.21
    endloop
  endfacet
  facet normal 0 0 1
    outer loop
      vertex 62 19.92129871994257 22.21
      vertex 62.7698607519269 19.860709361732006 22.21
      vertex 62.80752111971378 20.098487555980682 22.21
    endloop
  endfacet
  facet normal 0.23344536205825187 0.972369920829255 0
    outer loop
      vertex 62.80752111971378 20.098487555980682 21.91
      vertex 62.80752111971378 20.098487555980682 22.21
      vertex 63.595158353447914 19.909392587840557 21.91
    endloop
  endfacet
  facet normal 0.23344536205825187 0.972369920829255 0
    outer loop
      vertex 62.80752111971378 20.098487555980682 22.21
      vertex 63.595158353447914 19.909392587840557 22.21
      vertex 63.595158353447914 19.909392587840557 21.91
    endloop
  endfacet
  facet normal 0 0 1
    outer loop
      vertex 62.7698607519269 19.860709361732006 22.21
      vertex 63.595158353447914 19.909392587840557 22.21
      vertex 62.80752111971378 20.098487555980682 22.21
    endloop
  endfacet
  facet normal 0 0 1
    outer loop
      vertex 62.7698607519269 19.860709361732006 22.21
      vertex 63.52076494693756 19.680433221161366 22.21
      vertex 63.595158353447914 19.909392587840557 22.21
    endloop
  endfacet
  facet normal 0.38268343473409966 0.9238795315300108 0
    outer loop
      vertex 63.595158353447914 19.909392587840557 21.91
      vertex 63.595158353447914 19.909392587840557 22.21
      vertex 64.34351746737957 19.599412091076374 21.91
    endloop
  endfacet
  facet normal 0 0 1
    outer loop
      vertex 63.52076494693756 19.680433221161366 22.21
      vertex 64.34351746737957 19.599412091076374 22.21
      vertex 63.595158353447914 19.909392587840557 22.21
    endloop
  endfacet
  facet normal 0.38268343473409966 0.9238795315300108 0
    outer loop
      vertex 63.595158353447914 19.909392587840557 22.21
      vertex 64.34351746737957 19.599412091076374 22.21
      vertex 64.34351746737957 19.599412091076374 21.91
    endloop
  endfacet
  facet normal 0.52249856187129 0.8526401660973014 0
    outer loop
      vertex 64.34351746737957 19.599412091076374 21.91
      vertex 64.34351746737957 19.599412091076374 22.21
      vertex 65.03417148441076 19.17617876827717 21.91
    endloop
  endfacet
  facet normal 0 0 1
    outer loop
      vertex 63.52076494693756 19.680433221161366 22.21
      vertex 64.23422282934189 19.38490928709507 22.21
      vertex 64.34351746737957 19.599412091076374 22.21
    endloop
  endfacet
  facet normal 0 0 1
    outer loop
      vertex 64.23422282934189 19.38490928709507 22.21
      vertex 65.03417148441076 19.17617876827717 22.21
      vertex 64.34351746737957 19.599412091076374 22.21
    endloop
  endfacet
  facet normal 0.9969173331913007 0.07845910261241247 0
    outer loop
      vertex 67.16204085201025 15 21.91
      vertex 67.09848755598068 15.807521119713783 22.21
      vertex 67.16204085201025 15 22.21
    endloop
  endfacet
  facet normal 0.9969173331913007 0.07845910261241247 0
    outer loop
      vertex 67.16204085201025 15 21.91
      vertex 67.09848755598068 15.807521119713783 21.91
      vertex 67.09848755598068 15.807521119713783 22.21
    endloop
  endfacet
  facet normal 0 0 1
    outer loop
      vertex 66.92129871994257 15 22.21
      vertex 67.16204085201025 15 22.21
      vertex 66.860709361732 15.769860751926899 22.21
    endloop
  endfacet
  facet normal 0 0 1
    outer loop
      vertex 67.16204085201025 15 22.21
      vertex 67.09848755598068 15.807521119713783 22.21
      vertex 66.860709361732 15.769860751926899 22.21
    endloop
  endfacet
  facet normal 0.972369920829255 0.23344536205825187 0
    outer loop
      vertex 67.09848755598068 15.807521119713783 21.91
      vertex 66.90939258784056 16.595158353447914 22.21
      vertex 67.09848755598068 15.807521119713783 22.21
    endloop
  endfacet
  facet normal 0.972369920829255 0.23344536205825187 0
    outer loop
      vertex 67.09848755598068 15.807521119713783 21.91
      vertex 66.90939258784056 16.595158353447914 21.91
      vertex 66.90939258784056 16.595158353447914 22.21
    endloop
  endfacet
  facet normal 0 0 1
    outer loop
      vertex 66.860709361732 15.769860751926899 22.21
      vertex 67.09848755598068 15.807521119713783 22.21
      vertex 66.68043322116137 16.52076494693756 22.21
    endloop
  endfacet
  facet normal 0 0 1
    outer loop
      vertex 67.09848755598068 15.807521119713783 22.21
      vertex 66.90939258784056 16.595158353447914 22.21
      vertex 66.68043322116137 16.52076494693756 22.21
    endloop
  endfacet
  facet normal 0 0 1
    outer loop
      vertex 66.68043322116137 16.52076494693756 22.21
      vertex 66.90939258784056 16.595158353447914 22.21
      vertex 66.38490928709507 17.23422282934189 22.21
    endloop
  endfacet
  facet normal 0.9238795315300108 0.38268343473409966 0
    outer loop
      vertex 66.59941209107637 17.34351746737957 21.91
      vertex 66.59941209107637 17.34351746737957 22.21
      vertex 66.90939258784056 16.595158353447914 21.91
    endloop
  endfacet
  facet normal 0.8526401660973014 0.52249856187129 0
    outer loop
      vertex 66.59941209107637 17.34351746737957 21.91
      vertex 66.17617876827717 18.034171484410763 22.21
      vertex 66.59941209107637 17.34351746737957 22.21
    endloop
  endfacet
  facet normal 0 0 1
    outer loop
      vertex 66.38490928709507 17.23422282934189 22.21
      vertex 66.59941209107637 17.34351746737957 22.21
      vertex 65.98141429573298 17.892666809260845 22.21
    endloop
  endfacet
  facet normal 0 0 1
    outer loop
      vertex 66.38490928709507 17.23422282934189 22.21
      vertex 66.90939258784056 16.595158353447914 22.21
      vertex 66.59941209107637 17.34351746737957 22.21
    endloop
  endfacet
  facet normal 0.9238795315300108 0.38268343473409966 0
    outer loop
      vertex 66.59941209107637 17.34351746737957 22.21
      vertex 66.90939258784056 16.595158353447914 22.21
      vertex 66.90939258784056 16.595158353447914 21.91
    endloop
  endfacet
  facet normal 0.6494480559630874 0.7604059590809154 0
    outer loop
      vertex 65.65011408179998 18.650114081799984 21.91
      vertex 65.03417148441076 19.17617876827717 21.91
      vertex 65.03417148441076 19.17617876827717 22.21
    endloop
  endfacet
  facet normal 0 0 1
    outer loop
      vertex 64.89266680926085 18.981414295732975 22.21
      vertex 65.47988369315863 18.479883693158627 22.21
      vertex 65.65011408179998 18.650114081799984 22.21
    endloop
  endfacet
  facet normal 0 0 1
    outer loop
      vertex 64.89266680926085 18.981414295732975 22.21
      vertex 65.65011408179998 18.650114081799984 22.21
      vertex 65.03417148441076 19.17617876827717 22.21
    endloop
  endfacet
  facet normal 0.7604059590809154 0.6494480559630874 0
    outer loop
      vertex 65.65011408179998 18.650114081799984 22.21
      vertex 66.17617876827717 18.034171484410763 22.21
      vertex 66.17617876827717 18.034171484410763 21.91
    endloop
  endfacet
  facet normal 0 0 1
    outer loop
      vertex 65.98141429573298 17.892666809260845 22.21
      vertex 66.17617876827717 18.034171484410763 22.21
      vertex 65.47988369315863 18.479883693158627 22.21
    endloop
  endfacet
  facet normal 0.6494480559630874 0.7604059590809154 0
    outer loop
      vertex 65.65011408179998 18.650114081799984 21.91
      vertex 65.03417148441076 19.17617876827717 22.21
      vertex 65.65011408179998 18.650114081799984 22.21
    endloop
  endfacet
  facet normal 0.7604059590809154 0.6494480559630874 0
    outer loop
      vertex 65.65011408179998 18.650114081799984 21.91
      vertex 65.65011408179998 18.650114081799984 22.21
      vertex 66.17617876827717 18.034171484410763 21.91
    endloop
  endfacet
  facet normal 0 0 1
    outer loop
      vertex 65.47988369315863 18.479883693158627 22.21
      vertex 66.17617876827717 18.034171484410763 22.21
      vertex 65.65011408179998 18.650114081799984 22.21
    endloop
  endfacet
  facet normal 0.52249856187129 0.8526401660973014 0
    outer loop
      vertex 64.34351746737957 19.599412091076374 22.21
      vertex 65.03417148441076 19.17617876827717 22.21
      vertex 65.03417148441076 19.17617876827717 21.91
    endloop
  endfacet
  facet normal 0 0 1
    outer loop
      vertex 64.23422282934189 19.38490928709507 22.21
      vertex 64.89266680926085 18.981414295732975 22.21
      vertex 65.03417148441076 19.17617876827717 22.21
    endloop
  endfacet
  facet normal 0.8526401660973014 0.52249856187129 0
    outer loop
      vertex 66.59941209107637 17.34351746737957 21.91
      vertex 66.17617876827717 18.034171484410763 21.91
      vertex 66.17617876827717 18.034171484410763 22.21
    endloop
  endfacet
  facet normal 0 0 1
    outer loop
      vertex 66.59941209107637 17.34351746737957 22.21
      vertex 66.17617876827717 18.034171484410763 22.21
      vertex 65.98141429573298 17.892666809260845 22.21
    endloop
  endfacet
  facet normal -0.7604059631320865 -0.6494480512197752 0
    outer loop
      vertex 58.52011630684137 11.520116306841373 22.21
      vertex 58.018585704267025 12.107333190739155 22.51
      vertex 58.018585704267025 12.107333190739155 22.21
    endloop
  endfacet
  facet normal 0 0 1
    outer loop
      vertex 58.52011630684137 11.520116306841373 22.51
      vertex 58.21335017681122 12.248837865889072 22.51
      vertex 58.018585704267025 12.107333190739155 22.51
    endloop
  endfacet
  facet normal -0.7604059631320865 -0.6494480512197752 0
    outer loop
      vertex 58.52011630684137 11.520116306841373 22.21
      vertex 58.52011630684137 11.520116306841373 22.51
      vertex 58.018585704267025 12.107333190739155 22.51
    endloop
  endfacet
  facet normal 0 0 1
    outer loop
      vertex 58.52011630684137 11.520116306841373 22.51
      vertex 58.69034669548273 11.69034669548273 22.51
      vertex 58.21335017681122 12.248837865889072 22.51
    endloop
  endfacet
  facet normal -0.6494480512197752 -0.7604059631320865 0
    outer loop
      vertex 59.107333190739155 11.018585704267025 22.21
      vertex 59.107333190739155 11.018585704267025 22.51
      vertex 58.52011630684137 11.520116306841373 22.51
    endloop
  endfacet
  facet normal -0.6494480512197752 -0.7604059631320865 0
    outer loop
      vertex 58.52011630684137 11.520116306841373 22.21
      vertex 59.107333190739155 11.018585704267025 22.21
      vertex 58.52011630684137 11.520116306841373 22.51
    endloop
  endfacet
  facet normal 0 0 1
    outer loop
      vertex 58.52011630684137 11.520116306841373 22.51
      vertex 59.107333190739155 11.018585704267025 22.51
      vertex 58.69034669548273 11.69034669548273 22.51
    endloop
  endfacet
  facet normal 0 0 1
    outer loop
      vertex 59.107333190739155 11.018585704267025 22.51
      vertex 59.24883786588907 11.213350176811218 22.51
      vertex 58.69034669548273 11.69034669548273 22.51
    endloop
  endfacet
  facet normal -0.8526401634761916 -0.5224985661485524 0
    outer loop
      vertex 58.018585704267025 12.107333190739155 22.21
      vertex 57.61509071290493 12.765777170658112 22.51
      vertex 57.61509071290493 12.765777170658112 22.21
    endloop
  endfacet
  facet normal -0.8526401634761916 -0.5224985661485524 0
    outer loop
      vertex 58.018585704267025 12.107333190739155 22.21
      vertex 58.018585704267025 12.107333190739155 22.51
      vertex 57.61509071290493 12.765777170658112 22.51
    endloop
  endfacet
  facet normal 0 0 1
    outer loop
      vertex 58.018585704267025 12.107333190739155 22.51
      vertex 57.829593516886234 12.875071816146374 22.51
      vertex 57.61509071290493 12.765777170658112 22.51
    endloop
  endfacet
  facet normal -0.9238795311412675 -0.38268343567260876 0
    outer loop
      vertex 57.61509071290493 12.765777170658112 22.21
      vertex 57.319566778838634 13.479235053062439 22.51
      vertex 57.319566778838634 13.479235053062439 22.21
    endloop
  endfacet
  facet normal -0.9238795311412675 -0.38268343567260876 0
    outer loop
      vertex 57.61509071290493 12.765777170658112 22.21
      vertex 57.61509071290493 12.765777170658112 22.51
      vertex 57.319566778838634 13.479235053062439 22.51
    endloop
  endfacet
  facet normal 0 0 1
    outer loop
      vertex 57.61509071290493 12.765777170658112 22.51
      vertex 57.548526145517826 13.553628459572792 22.51
      vertex 57.319566778838634 13.479235053062439 22.51
    endloop
  endfacet
  facet normal 0 0 1
    outer loop
      vertex 57.61509071290493 12.765777170658112 22.51
      vertex 57.829593516886234 12.875071816146374 22.51
      vertex 57.548526145517826 13.553628459572792 22.51
    endloop
  endfacet
  facet normal -0.9723699223834327 -0.2334453555846356 0
    outer loop
      vertex 57.319566778838634 13.479235053062439 22.21
      vertex 57.319566778838634 13.479235053062439 22.51
      vertex 57.139290638267994 14.230139248073101 22.51
    endloop
  endfacet
  facet normal -0.9723699223834327 -0.2334453555846356 0
    outer loop
      vertex 57.319566778838634 13.479235053062439 22.21
      vertex 57.139290638267994 14.230139248073101 22.51
      vertex 57.139290638267994 14.230139248073101 22.21
    endloop
  endfacet
  facet normal -0.9969173334275853 -0.07845909961013227 0
    outer loop
      vertex 57.139290638267994 14.230139248073101 22.21
      vertex 57.139290638267994 14.230139248073101 22.51
      vertex 57.07870128005743 15 22.51
    endloop
  endfacet
  facet normal -0.9969173334275853 -0.07845909961013227 0
    outer loop
      vertex 57.139290638267994 14.230139248073101 22.21
      vertex 57.07870128005743 15 22.51
      vertex 57.07870128005743 15 22.21
    endloop
  endfacet
  facet normal 0 0 1
    outer loop
      vertex 57.139290638267994 14.230139248073101 22.51
      vertex 57.31944340467453 15 22.51
      vertex 57.07870128005743 15 22.51
    endloop
  endfacet
  facet normal 0 0 1
    outer loop
      vertex 57.319566778838634 13.479235053062439 22.51
      vertex 57.548526145517826 13.553628459572792 22.51
      vertex 57.37706882506609 14.267799615859985 22.51
    endloop
  endfacet
  facet normal 0 0 1
    outer loop
      vertex 57.319566778838634 13.479235053062439 22.51
      vertex 57.37706882506609 14.267799615859985 22.51
      vertex 57.139290638267994 14.230139248073101 22.51
    endloop
  endfacet
  facet normal 0 0 1
    outer loop
      vertex 57.139290638267994 14.230139248073101 22.51
      vertex 57.37706882506609 14.267799615859985 22.51
      vertex 57.31944340467453 15 22.51
    endloop
  endfacet
  facet normal 0 0 1
    outer loop
      vertex 58.018585704267025 12.107333190739155 22.51
      vertex 58.21335017681122 12.248837865889072 22.51
      vertex 57.829593516886234 12.875071816146374 22.51
    endloop
  endfacet
  facet normal -0.5224985661485524 -0.8526401634761916 0
    outer loop
      vertex 59.107333190739155 11.018585704267025 22.21
      vertex 59.76577717065811 10.61509071290493 22.21
      vertex 59.107333190739155 11.018585704267025 22.51
    endloop
  endfacet
  facet normal -0.5224985661485524 -0.8526401634761916 0
    outer loop
      vertex 59.107333190739155 11.018585704267025 22.51
      vertex 59.76577717065811 10.61509071290493 22.21
      vertex 59.76577717065811 10.61509071290493 22.51
    endloop
  endfacet
  facet normal 0 0 1
    outer loop
      vertex 59.24883786588907 11.213350176811218 22.51
      vertex 59.76577717065811 10.61509071290493 22.51
      vertex 59.875071816146374 10.829593516886234 22.51
    endloop
  endfacet
  facet normal -0.38268343567260876 -0.9238795311412675 0
    outer loop
      vertex 59.76577717065811 10.61509071290493 22.21
      vertex 60.47923505306244 10.319566778838634 22.21
      vertex 59.76577717065811 10.61509071290493 22.51
    endloop
  endfacet
  facet normal -0.38268343567260876 -0.9238795311412675 0
    outer loop
      vertex 60.47923505306244 10.319566778838634 22.21
      vertex 60.47923505306244 10.319566778838634 22.51
      vertex 59.76577717065811 10.61509071290493 22.51
    endloop
  endfacet
  facet normal 0 0 1
    outer loop
      vertex 59.76577717065811 10.61509071290493 22.51
      vertex 60.47923505306244 10.319566778838634 22.51
      vertex 59.875071816146374 10.829593516886234 22.51
    endloop
  endfacet
  facet normal 0 0 1
    outer loop
      vertex 59.875071816146374 10.829593516886234 22.51
      vertex 60.47923505306244 10.319566778838634 22.51
      vertex 60.55362845957279 10.548526145517826 22.51
    endloop
  endfacet
  facet normal 0 0 1
    outer loop
      vertex 59.107333190739155 11.018585704267025 22.51
      vertex 59.76577717065811 10.61509071290493 22.51
      vertex 59.24883786588907 11.213350176811218 22.51
    endloop
  endfacet
  facet normal -0.2334453555846356 -0.9723699223834327 0
    outer loop
      vertex 60.47923505306244 10.319566778838634 22.21
      vertex 61.2301392480731 10.139290638267994 22.21
      vertex 60.47923505306244 10.319566778838634 22.51
    endloop
  endfacet
  facet normal -0.2334453555846356 -0.9723699223834327 0
    outer loop
      vertex 61.2301392480731 10.139290638267994 22.21
      vertex 61.2301392480731 10.139290638267994 22.51
      vertex 60.47923505306244 10.319566778838634 22.51
    endloop
  endfacet
  facet normal 0 0 1
    outer loop
      vertex 60.47923505306244 10.319566778838634 22.51
      vertex 61.2301392480731 10.139290638267994 22.51
      vertex 60.55362845957279 10.548526145517826 22.51
    endloop
  endfacet
  facet normal 0 0 1
    outer loop
      vertex 60.55362845957279 10.548526145517826 22.51
      vertex 61.2301392480731 10.139290638267994 22.51
      vertex 61.267799615859985 10.37706882506609 22.51
    endloop
  endfacet
  facet normal -0.07845909961013227 -0.9969173334275853 0
    outer loop
      vertex 61.2301392480731 10.139290638267994 22.21
      vertex 62 10.07870128005743 22.21
      vertex 61.2301392480731 10.139290638267994 22.51
    endloop
  endfacet
  facet normal -0.07845909961013227 -0.9969173334275853 0
    outer loop
      vertex 61.2301392480731 10.139290638267994 22.51
      vertex 62 10.07870128005743 22.21
      vertex 62 10.07870128005743 22.51
    endloop
  endfacet
  facet normal 0 0 1
    outer loop
      vertex 61.2301392480731 10.139290638267994 22.51
      vertex 62 10.31944340467453 22.51
      vertex 61.267799615859985 10.37706882506609 22.51
    endloop
  endfacet
  facet normal -0.9969173334275853 0.07845909961013227 0
    outer loop
      vertex 57.07870128005743 15 22.21
      vertex 57.07870128005743 15 22.51
      vertex 57.139290638267994 15.769860751926899 22.51
    endloop
  endfacet
  facet normal 0 0 1
    outer loop
      vertex 57.07870128005743 15 22.51
      vertex 57.31944340467453 15 22.51
      vertex 57.37706882506609 15.732200384140015 22.51
    endloop
  endfacet
  facet normal -0.9969173334275853 0.07845909961013227 0
    outer loop
      vertex 57.07870128005743 15 22.21
      vertex 57.139290638267994 15.769860751926899 22.51
      vertex 57.139290638267994 15.769860751926899 22.21
    endloop
  endfacet
  facet normal 0 0 1
    outer loop
      vertex 57.07870128005743 15 22.51
      vertex 57.37706882506609 15.732200384140015 22.51
      vertex 57.139290638267994 15.769860751926899 22.51
    endloop
  endfacet
  facet normal -0.9723699223834327 0.2334453555846356 0
    outer loop
      vertex 57.139290638267994 15.769860751926899 22.21
      vertex 57.139290638267994 15.769860751926899 22.51
      vertex 57.319566778838634 16.52076494693756 22.51
    endloop
  endfacet
  facet normal -0.9723699223834327 0.2334453555846356 0
    outer loop
      vertex 57.139290638267994 15.769860751926899 22.21
      vertex 57.319566778838634 16.52076494693756 22.51
      vertex 57.319566778838634 16.52076494693756 22.21
    endloop
  endfacet
  facet normal 0 0 1
    outer loop
      vertex 57.139290638267994 15.769860751926899 22.51
      vertex 57.37706882506609 15.732200384140015 22.51
      vertex 57.548526145517826 16.446371540427208 22.51
    endloop
  endfacet
  facet normal 0 0 1
    outer loop
      vertex 57.139290638267994 15.769860751926899 22.51
      vertex 57.548526145517826 16.446371540427208 22.51
      vertex 57.319566778838634 16.52076494693756 22.51
    endloop
  endfacet
  facet normal -0.9238795311412675 0.38268343567260876 0
    outer loop
      vertex 57.319566778838634 16.52076494693756 22.21
      vertex 57.319566778838634 16.52076494693756 22.51
      vertex 57.61509071290493 17.23422282934189 22.51
    endloop
  endfacet
  facet normal -0.9238795311412675 0.38268343567260876 0
    outer loop
      vertex 57.319566778838634 16.52076494693756 22.21
      vertex 57.61509071290493 17.23422282934189 22.51
      vertex 57.61509071290493 17.23422282934189 22.21
    endloop
  endfacet
  facet normal 0 0 1
    outer loop
      vertex 57.319566778838634 16.52076494693756 22.51
      vertex 57.548526145517826 16.446371540427208 22.51
      vertex 57.829593516886234 17.124928183853626 22.51
    endloop
  endfacet
  facet normal 0 0 1
    outer loop
      vertex 57.319566778838634 16.52076494693756 22.51
      vertex 57.829593516886234 17.124928183853626 22.51
      vertex 57.61509071290493 17.23422282934189 22.51
    endloop
  endfacet
  facet normal -0.8526401634761916 0.5224985661485524 0
    outer loop
      vertex 57.61509071290493 17.23422282934189 22.21
      vertex 57.61509071290493 17.23422282934189 22.51
      vertex 58.018585704267025 17.892666809260845 22.51
    endloop
  endfacet
  facet normal -0.8526401634761916 0.5224985661485524 0
    outer loop
      vertex 57.61509071290493 17.23422282934189 22.21
      vertex 58.018585704267025 17.892666809260845 22.51
      vertex 58.018585704267025 17.892666809260845 22.21
    endloop
  endfacet
  facet normal 0 0 1
    outer loop
      vertex 57.61509071290493 17.23422282934189 22.51
      vertex 57.829593516886234 17.124928183853626 22.51
      vertex 58.21335017681122 17.751162134110928 22.51
    endloop
  endfacet
  facet normal 0 0 1
    outer loop
      vertex 57.61509071290493 17.23422282934189 22.51
      vertex 58.21335017681122 17.751162134110928 22.51
      vertex 58.018585704267025 17.892666809260845 22.51
    endloop
  endfacet
  facet normal -0.7604059631320865 0.6494480512197752 0
    outer loop
      vertex 58.018585704267025 17.892666809260845 22.21
      vertex 58.018585704267025 17.892666809260845 22.51
      vertex 58.52011630684137 18.479883693158627 22.51
    endloop
  endfacet
  facet normal 0 0 1
    outer loop
      vertex 58.018585704267025 17.892666809260845 22.51
      vertex 58.21335017681122 17.751162134110928 22.51
      vertex 58.69034669548273 18.30965330451727 22.51
    endloop
  endfacet
  facet normal -0.7604059631320865 0.6494480512197752 0
    outer loop
      vertex 58.018585704267025 17.892666809260845 22.21
      vertex 58.52011630684137 18.479883693158627 22.51
      vertex 58.52011630684137 18.479883693158627 22.21
    endloop
  endfacet
  facet normal 0 0 1
    outer loop
      vertex 58.018585704267025 17.892666809260845 22.51
      vertex 58.69034669548273 18.30965330451727 22.51
      vertex 58.52011630684137 18.479883693158627 22.51
    endloop
  endfacet
  facet normal -0.6494480512197752 0.7604059631320865 0
    outer loop
      vertex 58.52011630684137 18.479883693158627 22.21
      vertex 58.52011630684137 18.479883693158627 22.51
      vertex 59.107333190739155 18.981414295732975 22.51
    endloop
  endfacet
  facet normal 0 0 1
    outer loop
      vertex 58.52011630684137 18.479883693158627 22.51
      vertex 58.69034669548273 18.30965330451727 22.51
      vertex 59.24883786588907 18.78664982318878 22.51
    endloop
  endfacet
  facet normal -0.6494480512197752 0.7604059631320865 0
    outer loop
      vertex 58.52011630684137 18.479883693158627 22.21
      vertex 59.107333190739155 18.981414295732975 22.51
      vertex 59.107333190739155 18.981414295732975 22.21
    endloop
  endfacet
  facet normal 0 0 1
    outer loop
      vertex 58.52011630684137 18.479883693158627 22.51
      vertex 59.24883786588907 18.78664982318878 22.51
      vertex 59.107333190739155 18.981414295732975 22.51
    endloop
  endfacet
  facet normal 0 0 1
    outer loop
      vertex 59.107333190739155 18.981414295732975 22.51
      vertex 59.24883786588907 18.78664982318878 22.51
      vertex 59.875071816146374 19.170406483113766 22.51
    endloop
  endfacet
  facet normal -0.5224985661485524 0.8526401634761916 0
    outer loop
      vertex 59.107333190739155 18.981414295732975 22.21
      vertex 59.107333190739155 18.981414295732975 22.51
      vertex 59.76577717065811 19.38490928709507 22.51
    endloop
  endfacet
  facet normal -0.5224985661485524 0.8526401634761916 0
    outer loop
      vertex 59.107333190739155 18.981414295732975 22.21
      vertex 59.76577717065811 19.38490928709507 22.51
      vertex 59.76577717065811 19.38490928709507 22.21
    endloop
  endfacet
  facet normal 0 0 1
    outer loop
      vertex 59.107333190739155 18.981414295732975 22.51
      vertex 59.875071816146374 19.170406483113766 22.51
      vertex 59.76577717065811 19.38490928709507 22.51
    endloop
  endfacet
  facet normal 0 0 1
    outer loop
      vertex 59.76577717065811 19.38490928709507 22.51
      vertex 59.875071816146374 19.170406483113766 22.51
      vertex 60.55362845957279 19.451473854482174 22.51
    endloop
  endfacet
  facet normal -0.38268343567260876 0.9238795311412675 0
    outer loop
      vertex 59.76577717065811 19.38490928709507 22.21
      vertex 59.76577717065811 19.38490928709507 22.51
      vertex 60.47923505306244 19.680433221161366 22.51
    endloop
  endfacet
  facet normal -0.38268343567260876 0.9238795311412675 0
    outer loop
      vertex 59.76577717065811 19.38490928709507 22.21
      vertex 60.47923505306244 19.680433221161366 22.51
      vertex 60.47923505306244 19.680433221161366 22.21
    endloop
  endfacet
  facet normal 0 0 1
    outer loop
      vertex 59.76577717065811 19.38490928709507 22.51
      vertex 60.55362845957279 19.451473854482174 22.51
      vertex 61.267799615859985 19.62293117493391 22.51
    endloop
  endfacet
  facet normal 0 0 1
    outer loop
      vertex 59.76577717065811 19.38490928709507 22.51
      vertex 61.267799615859985 19.62293117493391 22.51
      vertex 60.47923505306244 19.680433221161366 22.51
    endloop
  endfacet
  facet normal 0 0 1
    outer loop
      vertex 60.47923505306244 19.680433221161366 22.51
      vertex 61.267799615859985 19.62293117493391 22.51
      vertex 62 19.68055659532547 22.51
    endloop
  endfacet
  facet normal -0.2334453555846356 0.9723699223834327 0
    outer loop
      vertex 60.47923505306244 19.680433221161366 22.21
      vertex 60.47923505306244 19.680433221161366 22.51
      vertex 61.2301392480731 19.860709361732006 22.51
    endloop
  endfacet
  facet normal -0.2334453555846356 0.9723699223834327 0
    outer loop
      vertex 60.47923505306244 19.680433221161366 22.21
      vertex 61.2301392480731 19.860709361732006 22.51
      vertex 61.2301392480731 19.860709361732006 22.21
    endloop
  endfacet
  facet normal 0 0 1
    outer loop
      vertex 60.47923505306244 19.680433221161366 22.51
      vertex 62 19.92129871994257 22.51
      vertex 61.2301392480731 19.860709361732006 22.51
    endloop
  endfacet
  facet normal -0.07845909961013227 0.9969173334275853 0
    outer loop
      vertex 61.2301392480731 19.860709361732006 22.21
      vertex 61.2301392480731 19.860709361732006 22.51
      vertex 62 19.92129871994257 22.51
    endloop
  endfacet
  facet normal -0.07845909961013227 0.9969173334275853 0
    outer loop
      vertex 61.2301392480731 19.860709361732006 22.21
      vertex 62 19.92129871994257 22.51
      vertex 62 19.92129871994257 22.21
    endloop
  endfacet
  facet normal 0 0 1
    outer loop
      vertex 60.47923505306244 19.680433221161366 22.51
      vertex 62 19.68055659532547 22.51
      vertex 62.7698607519269 19.860709361732006 22.51
    endloop
  endfacet
  facet normal 0 0 1
    outer loop
      vertex 60.47923505306244 19.680433221161366 22.51
      vertex 62.7698607519269 19.860709361732006 22.51
      vertex 62 19.92129871994257 22.51
    endloop
  endfacet
  facet normal 0.07845909961013227 -0.9969173334275853 0
    outer loop
      vertex 62 10.07870128005743 22.21
      vertex 62.7698607519269 10.139290638267994 22.21
      vertex 62 10.07870128005743 22.51
    endloop
  endfacet
  facet normal 0 0 1
    outer loop
      vertex 61.2301392480731 10.139290638267994 22.51
      vertex 62 10.07870128005743 22.51
      vertex 63.52076494693756 10.319566778838634 22.51
    endloop
  endfacet
  facet normal 0 0 1
    outer loop
      vertex 61.2301392480731 10.139290638267994 22.51
      vertex 63.52076494693756 10.319566778838634 22.51
      vertex 62 10.31944340467453 22.51
    endloop
  endfacet
  facet normal 0.07845909961013227 -0.9969173334275853 0
    outer loop
      vertex 62.7698607519269 10.139290638267994 22.21
      vertex 62.7698607519269 10.139290638267994 22.51
      vertex 62 10.07870128005743 22.51
    endloop
  endfacet
  facet normal 0 0 1
    outer loop
      vertex 62 10.07870128005743 22.51
      vertex 62.7698607519269 10.139290638267994 22.51
      vertex 63.52076494693756 10.319566778838634 22.51
    endloop
  endfacet
  facet normal 0.2334453555846356 -0.9723699223834327 0
    outer loop
      vertex 62.7698607519269 10.139290638267994 22.21
      vertex 63.52076494693756 10.319566778838634 22.21
      vertex 62.7698607519269 10.139290638267994 22.51
    endloop
  endfacet
  facet normal 0.2334453555846356 -0.9723699223834327 0
    outer loop
      vertex 63.52076494693756 10.319566778838634 22.21
      vertex 63.52076494693756 10.319566778838634 22.51
      vertex 62.7698607519269 10.139290638267994 22.51
    endloop
  endfacet
  facet normal 0 0 1
    outer loop
      vertex 62 10.31944340467453 22.51
      vertex 63.52076494693756 10.319566778838634 22.51
      vertex 62.732200384140015 10.37706882506609 22.51
    endloop
  endfacet
  facet normal 0 0 1
    outer loop
      vertex 62.732200384140015 10.37706882506609 22.51
      vertex 63.52076494693756 10.319566778838634 22.51
      vertex 64.23422282934189 10.61509071290493 22.51
    endloop
  endfacet
  facet normal 0 0 1
    outer loop
      vertex 62.732200384140015 10.37706882506609 22.51
      vertex 64.23422282934189 10.61509071290493 22.51
      vertex 63.44637154042721 10.548526145517826 22.51
    endloop
  endfacet
  facet normal 0.38268343567260876 -0.9238795311412675 0
    outer loop
      vertex 63.52076494693756 10.319566778838634 22.21
      vertex 64.23422282934189 10.61509071290493 22.21
      vertex 63.52076494693756 10.319566778838634 22.51
    endloop
  endfacet
  facet normal 0.38268343567260876 -0.9238795311412675 0
    outer loop
      vertex 64.23422282934189 10.61509071290493 22.21
      vertex 64.23422282934189 10.61509071290493 22.51
      vertex 63.52076494693756 10.319566778838634 22.51
    endloop
  endfacet
  facet normal 0 0 1
    outer loop
      vertex 63.44637154042721 10.548526145517826 22.51
      vertex 64.23422282934189 10.61509071290493 22.51
      vertex 64.12492818385363 10.829593516886234 22.51
    endloop
  endfacet
  facet normal 0.5224985661485524 -0.8526401634761916 0
    outer loop
      vertex 64.23422282934189 10.61509071290493 22.21
      vertex 64.89266680926085 11.018585704267025 22.21
      vertex 64.23422282934189 10.61509071290493 22.51
    endloop
  endfacet
  facet normal 0.5224985661485524 -0.8526401634761916 0
    outer loop
      vertex 64.23422282934189 10.61509071290493 22.51
      vertex 64.89266680926085 11.018585704267025 22.21
      vertex 64.89266680926085 11.018585704267025 22.51
    endloop
  endfacet
  facet normal 0 0 1
    outer loop
      vertex 64.12492818385363 10.829593516886234 22.51
      vertex 64.23422282934189 10.61509071290493 22.51
      vertex 64.89266680926085 11.018585704267025 22.51
    endloop
  endfacet
  facet normal 0 0 1
    outer loop
      vertex 64.12492818385363 10.829593516886234 22.51
      vertex 64.89266680926085 11.018585704267025 22.51
      vertex 64.75116213411093 11.213350176811218 22.51
    endloop
  endfacet
  facet normal 0.6494480512197752 -0.7604059631320865 0
    outer loop
      vertex 64.89266680926085 11.018585704267025 22.21
      vertex 65.47988369315863 11.520116306841373 22.21
      vertex 64.89266680926085 11.018585704267025 22.51
    endloop
  endfacet
  facet normal 0 0 1
    outer loop
      vertex 64.75116213411093 11.213350176811218 22.51
      vertex 64.89266680926085 11.018585704267025 22.51
      vertex 65.47988369315863 11.520116306841373 22.51
    endloop
  endfacet
  facet normal 0.6494480512197752 -0.7604059631320865 0
    outer loop
      vertex 65.47988369315863 11.520116306841373 22.21
      vertex 65.47988369315863 11.520116306841373 22.51
      vertex 64.89266680926085 11.018585704267025 22.51
    endloop
  endfacet
  facet normal 0 0 1
    outer loop
      vertex 64.75116213411093 11.213350176811218 22.51
      vertex 65.47988369315863 11.520116306841373 22.51
      vertex 65.30965330451727 11.69034669548273 22.51
    endloop
  endfacet
  facet normal 0.7604059631320865 -0.6494480512197752 0
    outer loop
      vertex 65.47988369315863 11.520116306841373 22.21
      vertex 65.98141429573298 12.107333190739155 22.21
      vertex 65.47988369315863 11.520116306841373 22.51
    endloop
  endfacet
  facet normal 0 0 1
    outer loop
      vertex 65.30965330451727 11.69034669548273 22.51
      vertex 65.47988369315863 11.520116306841373 22.51
      vertex 65.98141429573298 12.107333190739155 22.51
    endloop
  endfacet
  facet normal 0 0 1
    outer loop
      vertex 65.30965330451727 11.69034669548273 22.51
      vertex 65.98141429573298 12.107333190739155 22.51
      vertex 65.78664982318878 12.248837865889072 22.51
    endloop
  endfacet
  facet normal 0.7604059631320865 -0.6494480512197752 0
    outer loop
      vertex 65.98141429573298 12.107333190739155 22.21
      vertex 65.98141429573298 12.107333190739155 22.51
      vertex 65.47988369315863 11.520116306841373 22.51
    endloop
  endfacet
  facet normal 0 0 1
    outer loop
      vertex 65.78664982318878 12.248837865889072 22.51
      vertex 65.98141429573298 12.107333190739155 22.51
      vertex 66.38490928709507 12.765777170658112 22.51
    endloop
  endfacet
  facet normal 0.8526401634761916 -0.5224985661485524 0
    outer loop
      vertex 65.98141429573298 12.107333190739155 22.21
      vertex 66.38490928709507 12.765777170658112 22.21
      vertex 65.98141429573298 12.107333190739155 22.51
    endloop
  endfacet
  facet normal 0.8526401634761916 -0.5224985661485524 0
    outer loop
      vertex 65.98141429573298 12.107333190739155 22.51
      vertex 66.38490928709507 12.765777170658112 22.21
      vertex 66.38490928709507 12.765777170658112 22.51
    endloop
  endfacet
  facet normal 0 0 1
    outer loop
      vertex 65.78664982318878 12.248837865889072 22.51
      vertex 66.38490928709507 12.765777170658112 22.51
      vertex 66.17040648311377 12.875071816146374 22.51
    endloop
  endfacet
  facet normal 0.9238795311412675 -0.38268343567260876 0
    outer loop
      vertex 66.38490928709507 12.765777170658112 22.21
      vertex 66.68043322116137 13.479235053062439 22.21
      vertex 66.38490928709507 12.765777170658112 22.51
    endloop
  endfacet
  facet normal 0.9238795311412675 -0.38268343567260876 0
    outer loop
      vertex 66.68043322116137 13.479235053062439 22.21
      vertex 66.68043322116137 13.479235053062439 22.51
      vertex 66.38490928709507 12.765777170658112 22.51
    endloop
  endfacet
  facet normal 0 0 1
    outer loop
      vertex 66.17040648311377 12.875071816146374 22.51
      vertex 66.38490928709507 12.765777170658112 22.51
      vertex 66.68043322116137 13.479235053062439 22.51
    endloop
  endfacet
  facet normal 0 0 1
    outer loop
      vertex 66.17040648311377 12.875071816146374 22.51
      vertex 66.68043322116137 13.479235053062439 22.51
      vertex 66.45147385448217 13.553628459572792 22.51
    endloop
  endfacet
  facet normal 0 0 1
    outer loop
      vertex 66.45147385448217 13.553628459572792 22.51
      vertex 66.68043322116137 13.479235053062439 22.51
      vertex 66.860709361732 14.230139248073101 22.51
    endloop
  endfacet
  facet normal 0 0 1
    outer loop
      vertex 66.45147385448217 13.553628459572792 22.51
      vertex 66.860709361732 14.230139248073101 22.51
      vertex 66.62293117493391 14.267799615859985 22.51
    endloop
  endfacet
  facet normal 0.9723699223834327 -0.2334453555846356 0
    outer loop
      vertex 66.68043322116137 13.479235053062439 22.21
      vertex 66.860709361732 14.230139248073101 22.21
      vertex 66.68043322116137 13.479235053062439 22.51
    endloop
  endfacet
  facet normal 0.9723699223834327 -0.2334453555846356 0
    outer loop
      vertex 66.860709361732 14.230139248073101 22.21
      vertex 66.860709361732 14.230139248073101 22.51
      vertex 66.68043322116137 13.479235053062439 22.51
    endloop
  endfacet
  facet normal 0.9969173334275853 -0.07845909961013227 0
    outer loop
      vertex 66.860709361732 14.230139248073101 22.21
      vertex 66.92129871994257 15 22.21
      vertex 66.860709361732 14.230139248073101 22.51
    endloop
  endfacet
  facet normal 0 0 1
    outer loop
      vertex 66.62293117493391 14.267799615859985 22.51
      vertex 66.860709361732 14.230139248073101 22.51
      vertex 66.92129871994257 15 22.51
    endloop
  endfacet
  facet normal 0.9969173334275853 -0.07845909961013227 0
    outer loop
      vertex 66.860709361732 14.230139248073101 22.51
      vertex 66.92129871994257 15 22.21
      vertex 66.92129871994257 15 22.51
    endloop
  endfacet
  facet normal 0 0 1
    outer loop
      vertex 66.62293117493391 14.267799615859985 22.51
      vertex 66.92129871994257 15 22.51
      vertex 66.68055659532547 15 22.51
    endloop
  endfacet
  facet normal 0 0 1
    outer loop
      vertex 62 19.68055659532547 22.51
      vertex 62.732200384140015 19.62293117493391 22.51
      vertex 62.7698607519269 19.860709361732006 22.51
    endloop
  endfacet
  facet normal 0.07845909961013227 0.9969173334275853 0
    outer loop
      vertex 62 19.92129871994257 22.21
      vertex 62 19.92129871994257 22.51
      vertex 62.7698607519269 19.860709361732006 22.51
    endloop
  endfacet
  facet normal 0.07845909961013227 0.9969173334275853 0
    outer loop
      vertex 62 19.92129871994257 22.21
      vertex 62.7698607519269 19.860709361732006 22.51
      vertex 62.7698607519269 19.860709361732006 22.21
    endloop
  endfacet
  facet normal 0 0 1
    outer loop
      vertex 62.732200384140015 19.62293117493391 22.51
      vertex 63.44637154042721 19.451473854482174 22.51
      vertex 62.7698607519269 19.860709361732006 22.51
    endloop
  endfacet
  facet normal 0 0 1
    outer loop
      vertex 62.7698607519269 19.860709361732006 22.51
      vertex 63.44637154042721 19.451473854482174 22.51
      vertex 63.52076494693756 19.680433221161366 22.51
    endloop
  endfacet
  facet normal 0.2334453555846356 0.9723699223834327 0
    outer loop
      vertex 62.7698607519269 19.860709361732006 22.21
      vertex 62.7698607519269 19.860709361732006 22.51
      vertex 63.52076494693756 19.680433221161366 22.51
    endloop
  endfacet
  facet normal 0.2334453555846356 0.9723699223834327 0
    outer loop
      vertex 62.7698607519269 19.860709361732006 22.21
      vertex 63.52076494693756 19.680433221161366 22.51
      vertex 63.52076494693756 19.680433221161366 22.21
    endloop
  endfacet
  facet normal 0 0 1
    outer loop
      vertex 64.23422282934189 19.38490928709507 22.51
      vertex 64.75116213411093 18.78664982318878 22.51
      vertex 64.89266680926085 18.981414295732975 22.51
    endloop
  endfacet
  facet normal 0.38268343567260876 0.9238795311412675 0
    outer loop
      vertex 63.52076494693756 19.680433221161366 22.21
      vertex 63.52076494693756 19.680433221161366 22.51
      vertex 64.23422282934189 19.38490928709507 22.51
    endloop
  endfacet
  facet normal 0.38268343567260876 0.9238795311412675 0
    outer loop
      vertex 63.52076494693756 19.680433221161366 22.21
      vertex 64.23422282934189 19.38490928709507 22.51
      vertex 64.23422282934189 19.38490928709507 22.21
    endloop
  endfacet
  facet normal 0 0 1
    outer loop
      vertex 63.44637154042721 19.451473854482174 22.51
      vertex 64.12492818385363 19.170406483113766 22.51
      vertex 63.52076494693756 19.680433221161366 22.51
    endloop
  endfacet
  facet normal 0 0 1
    outer loop
      vertex 63.52076494693756 19.680433221161366 22.51
      vertex 64.12492818385363 19.170406483113766 22.51
      vertex 64.23422282934189 19.38490928709507 22.51
    endloop
  endfacet
  facet normal 0.5224985661485524 0.8526401634761916 0
    outer loop
      vertex 64.23422282934189 19.38490928709507 22.21
      vertex 64.23422282934189 19.38490928709507 22.51
      vertex 64.89266680926085 18.981414295732975 22.51
    endloop
  endfacet
  facet normal 0.5224985661485524 0.8526401634761916 0
    outer loop
      vertex 64.23422282934189 19.38490928709507 22.21
      vertex 64.89266680926085 18.981414295732975 22.51
      vertex 64.89266680926085 18.981414295732975 22.21
    endloop
  endfacet
  facet normal 0 0 1
    outer loop
      vertex 64.12492818385363 19.170406483113766 22.51
      vertex 64.75116213411093 18.78664982318878 22.51
      vertex 64.23422282934189 19.38490928709507 22.51
    endloop
  endfacet
  facet normal 0 0 1
    outer loop
      vertex 66.17040648311377 17.124928183853626 22.51
      vertex 65.98141429573298 17.892666809260845 22.51
      vertex 65.78664982318878 17.751162134110928 22.51
    endloop
  endfacet
  facet normal 0 0 1
    outer loop
      vertex 66.68055659532547 15 22.51
      vertex 66.860709361732 15.769860751926899 22.51
      vertex 66.62293117493391 15.732200384140015 22.51
    endloop
  endfacet
  facet normal 0 0 1
    outer loop
      vertex 66.62293117493391 15.732200384140015 22.51
      vertex 66.860709361732 15.769860751926899 22.51
      vertex 66.68043322116137 16.52076494693756 22.51
    endloop
  endfacet
  facet normal 0 0 1
    outer loop
      vertex 66.62293117493391 15.732200384140015 22.51
      vertex 66.68043322116137 16.52076494693756 22.51
      vertex 66.45147385448217 16.446371540427208 22.51
    endloop
  endfacet
  facet normal 0.9969173334275853 0.07845909961013227 0
    outer loop
      vertex 66.92129871994257 15 22.21
      vertex 66.860709361732 15.769860751926899 22.21
      vertex 66.92129871994257 15 22.51
    endloop
  endfacet
  facet normal 0 0 1
    outer loop
      vertex 66.68055659532547 15 22.51
      vertex 66.92129871994257 15 22.51
      vertex 66.860709361732 15.769860751926899 22.51
    endloop
  endfacet
  facet normal 0.9969173334275853 0.07845909961013227 0
    outer loop
      vertex 66.860709361732 15.769860751926899 22.21
      vertex 66.860709361732 15.769860751926899 22.51
      vertex 66.92129871994257 15 22.51
    endloop
  endfacet
  facet normal 0.9723699223834327 0.2334453555846356 0
    outer loop
      vertex 66.860709361732 15.769860751926899 22.21
      vertex 66.68043322116137 16.52076494693756 22.21
      vertex 66.860709361732 15.769860751926899 22.51
    endloop
  endfacet
  facet normal 0.9723699223834327 0.2334453555846356 0
    outer loop
      vertex 66.68043322116137 16.52076494693756 22.21
      vertex 66.68043322116137 16.52076494693756 22.51
      vertex 66.860709361732 15.769860751926899 22.51
    endloop
  endfacet
  facet normal 0 0 1
    outer loop
      vertex 66.45147385448217 16.446371540427208 22.51
      vertex 66.38490928709507 17.23422282934189 22.51
      vertex 66.17040648311377 17.124928183853626 22.51
    endloop
  endfacet
  facet normal 0.9238795311412675 0.38268343567260876 0
    outer loop
      vertex 66.38490928709507 17.23422282934189 22.21
      vertex 66.38490928709507 17.23422282934189 22.51
      vertex 66.68043322116137 16.52076494693756 22.51
    endloop
  endfacet
  facet normal 0.9238795311412675 0.38268343567260876 0
    outer loop
      vertex 66.68043322116137 16.52076494693756 22.21
      vertex 66.38490928709507 17.23422282934189 22.21
      vertex 66.68043322116137 16.52076494693756 22.51
    endloop
  endfacet
  facet normal 0 0 1
    outer loop
      vertex 66.45147385448217 16.446371540427208 22.51
      vertex 66.68043322116137 16.52076494693756 22.51
      vertex 66.38490928709507 17.23422282934189 22.51
    endloop
  endfacet
  facet normal 0.8526401634761916 0.5224985661485524 0
    outer loop
      vertex 66.38490928709507 17.23422282934189 22.51
      vertex 65.98141429573298 17.892666809260845 22.21
      vertex 65.98141429573298 17.892666809260845 22.51
    endloop
  endfacet
  facet normal 0.8526401634761916 0.5224985661485524 0
    outer loop
      vertex 66.38490928709507 17.23422282934189 22.21
      vertex 65.98141429573298 17.892666809260845 22.21
      vertex 66.38490928709507 17.23422282934189 22.51
    endloop
  endfacet
  facet normal 0 0 1
    outer loop
      vertex 66.17040648311377 17.124928183853626 22.51
      vertex 66.38490928709507 17.23422282934189 22.51
      vertex 65.98141429573298 17.892666809260845 22.51
    endloop
  endfacet
  facet normal 0 0 1
    outer loop
      vertex 65.30965330451727 18.30965330451727 22.51
      vertex 64.89266680926085 18.981414295732975 22.51
      vertex 64.75116213411093 18.78664982318878 22.51
    endloop
  endfacet
  facet normal 0.6494480512197752 0.7604059631320865 0
    outer loop
      vertex 64.89266680926085 18.981414295732975 22.21
      vertex 65.47988369315863 18.479883693158627 22.51
      vertex 65.47988369315863 18.479883693158627 22.21
    endloop
  endfacet
  facet normal 0 0 1
    outer loop
      vertex 65.30965330451727 18.30965330451727 22.51
      vertex 65.47988369315863 18.479883693158627 22.51
      vertex 64.89266680926085 18.981414295732975 22.51
    endloop
  endfacet
  facet normal 0.6494480512197752 0.7604059631320865 0
    outer loop
      vertex 64.89266680926085 18.981414295732975 22.21
      vertex 64.89266680926085 18.981414295732975 22.51
      vertex 65.47988369315863 18.479883693158627 22.51
    endloop
  endfacet
  facet normal 0.7604059631320865 0.6494480512197752 0
    outer loop
      vertex 65.47988369315863 18.479883693158627 22.21
      vertex 65.47988369315863 18.479883693158627 22.51
      vertex 65.98141429573298 17.892666809260845 22.51
    endloop
  endfacet
  facet normal 0 0 1
    outer loop
      vertex 65.30965330451727 18.30965330451727 22.51
      vertex 65.78664982318878 17.751162134110928 22.51
      vertex 65.47988369315863 18.479883693158627 22.51
    endloop
  endfacet
  facet normal 0.7604059631320865 0.6494480512197752 0
    outer loop
      vertex 65.98141429573298 17.892666809260845 22.21
      vertex 65.47988369315863 18.479883693158627 22.21
      vertex 65.98141429573298 17.892666809260845 22.51
    endloop
  endfacet
  facet normal 0 0 1
    outer loop
      vertex 65.78664982318878 17.751162134110928 22.51
      vertex 65.98141429573298 17.892666809260845 22.51
      vertex 65.47988369315863 18.479883693158627 22.51
    endloop
  endfacet
  facet normal -0.7604059675999978 -0.6494480459885232 0
    outer loop
      vertex 58.21335017681122 12.248837865889072 22.51
      vertex 58.69034669548273 11.69034669548273 22.51
      vertex 58.69034669548273 11.69034669548273 22.810000000000002
    endloop
  endfacet
  facet normal -0.7604059675999978 -0.6494480459885232 0
    outer loop
      vertex 58.21335017681122 12.248837865889072 22.51
      vertex 58.69034669548273 11.69034669548273 22.810000000000002
      vertex 58.21335017681122 12.248837865889072 22.810000000000002
    endloop
  endfacet
  facet normal -0.6494480459885232 -0.7604059675999978 0
    outer loop
      vertex 59.24883786588907 11.213350176811218 22.810000000000002
      vertex 58.69034669548273 11.69034669548273 22.810000000000002
      vertex 58.69034669548273 11.69034669548273 22.51
    endloop
  endfacet
  facet normal -0.6494480459885232 -0.7604059675999978 0
    outer loop
      vertex 59.24883786588907 11.213350176811218 22.51
      vertex 59.24883786588907 11.213350176811218 22.810000000000002
      vertex 58.69034669548273 11.69034669548273 22.51
    endloop
  endfacet
  facet normal 0 0 1
    outer loop
      vertex 58.21335017681122 12.248837865889072 22.810000000000002
      vertex 58.69034669548273 11.69034669548273 22.810000000000002
      vertex 58.86057709157467 11.860577091574669 22.810000000000002
    endloop
  endfacet
  facet normal 0 0 1
    outer loop
      vertex 58.21335017681122 12.248837865889072 22.810000000000002
      vertex 58.86057709157467 11.860577091574669 22.810000000000002
      vertex 58.40811464935541 12.39034253358841 22.810000000000002
    endloop
  endfacet
  facet normal 0 0 1
    outer loop
      vertex 59.24883786588907 11.213350176811218 22.810000000000002
      vertex 59.39034253358841 11.408114649355412 22.810000000000002
      vertex 58.69034669548273 11.69034669548273 22.810000000000002
    endloop
  endfacet
  facet normal 0 0 1
    outer loop
      vertex 58.69034669548273 11.69034669548273 22.810000000000002
      vertex 59.39034253358841 11.408114649355412 22.810000000000002
      vertex 58.86057709157467 11.860577091574669 22.810000000000002
    endloop
  endfacet
  facet normal -0.9238795292269456 -0.3826834402941905 0
    outer loop
      vertex 57.829593516886234 12.875071816146374 22.51
      vertex 57.829593516886234 12.875071816146374 22.810000000000002
      vertex 57.548526145517826 13.553628459572792 22.51
    endloop
  endfacet
  facet normal -0.9238795292269456 -0.3826834402941905 0
    outer loop
      vertex 57.829593516886234 12.875071816146374 22.810000000000002
      vertex 57.548526145517826 13.553628459572792 22.810000000000002
      vertex 57.548526145517826 13.553628459572792 22.51
    endloop
  endfacet
  facet normal 0 0 1
    outer loop
      vertex 57.829593516886234 12.875071816146374 22.810000000000002
      vertex 58.04409632831812 12.984366454184055 22.810000000000002
      vertex 57.548526145517826 13.553628459572792 22.810000000000002
    endloop
  endfacet
  facet normal 0 0 1
    outer loop
      vertex 57.548526145517826 13.553628459572792 22.810000000000002
      vertex 58.04409632831812 12.984366454184055 22.810000000000002
      vertex 57.7774855196476 13.628021873533726 22.810000000000002
    endloop
  endfacet
  facet normal -0.972369921794794 -0.23344535803649283 0
    outer loop
      vertex 57.548526145517826 13.553628459572792 22.51
      vertex 57.548526145517826 13.553628459572792 22.810000000000002
      vertex 57.37706882506609 14.267799615859985 22.51
    endloop
  endfacet
  facet normal -0.972369921794794 -0.23344535803649283 0
    outer loop
      vertex 57.548526145517826 13.553628459572792 22.810000000000002
      vertex 57.37706882506609 14.267799615859985 22.810000000000002
      vertex 57.37706882506609 14.267799615859985 22.51
    endloop
  endfacet
  facet normal -0.9969173336881763 -0.07845909629901046 0
    outer loop
      vertex 57.37706882506609 14.267799615859985 22.51
      vertex 57.37706882506609 14.267799615859985 22.810000000000002
      vertex 57.31944340467453 15 22.51
    endloop
  endfacet
  facet normal -0.9969173336881763 -0.07845909629901046 0
    outer loop
      vertex 57.37706882506609 14.267799615859985 22.810000000000002
      vertex 57.31944340467453 15 22.810000000000002
      vertex 57.31944340467453 15 22.51
    endloop
  endfacet
  facet normal 0 0 1
    outer loop
      vertex 57.548526145517826 13.553628459572792 22.810000000000002
      vertex 57.7774855196476 13.628021873533726 22.810000000000002
      vertex 57.37706882506609 14.267799615859985 22.810000000000002
    endloop
  endfacet
  facet normal 0 0 1
    outer loop
      vertex 57.7774855196476 13.628021873533726 22.810000000000002
      vertex 57.614847019314766 14.305459976196289 22.810000000000002
      vertex 57.37706882506609 14.267799615859985 22.810000000000002
    endloop
  endfacet
  facet normal 0 0 1
    outer loop
      vertex 57.37706882506609 14.267799615859985 22.810000000000002
      vertex 57.614847019314766 14.305459976196289 22.810000000000002
      vertex 57.31944340467453 15 22.810000000000002
    endloop
  endfacet
  facet normal 0 0 1
    outer loop
      vertex 57.614847019314766 14.305459976196289 22.810000000000002
      vertex 57.56018553674221 15 22.810000000000002
      vertex 57.31944340467453 15 22.810000000000002
    endloop
  endfacet
  facet normal -0.8526401633548751 -0.5224985663465228 0
    outer loop
      vertex 58.21335017681122 12.248837865889072 22.51
      vertex 58.21335017681122 12.248837865889072 22.810000000000002
      vertex 57.829593516886234 12.875071816146374 22.51
    endloop
  endfacet
  facet normal -0.8526401633548751 -0.5224985663465228 0
    outer loop
      vertex 58.21335017681122 12.248837865889072 22.810000000000002
      vertex 57.829593516886234 12.875071816146374 22.810000000000002
      vertex 57.829593516886234 12.875071816146374 22.51
    endloop
  endfacet
  facet normal 0 0 1
    outer loop
      vertex 58.21335017681122 12.248837865889072 22.810000000000002
      vertex 58.40811464935541 12.39034253358841 22.810000000000002
      vertex 57.829593516886234 12.875071816146374 22.810000000000002
    endloop
  endfacet
  facet normal 0 0 1
    outer loop
      vertex 57.829593516886234 12.875071816146374 22.810000000000002
      vertex 58.40811464935541 12.39034253358841 22.810000000000002
      vertex 58.04409632831812 12.984366454184055 22.810000000000002
    endloop
  endfacet
  facet normal -0.3826834402941905 -0.9238795292269456 0
    outer loop
      vertex 59.875071816146374 10.829593516886234 22.51
      vertex 60.55362845957279 10.548526145517826 22.810000000000002
      vertex 59.875071816146374 10.829593516886234 22.810000000000002
    endloop
  endfacet
  facet normal -0.3826834402941905 -0.9238795292269456 0
    outer loop
      vertex 59.875071816146374 10.829593516886234 22.51
      vertex 60.55362845957279 10.548526145517826 22.51
      vertex 60.55362845957279 10.548526145517826 22.810000000000002
    endloop
  endfacet
  facet normal 0 0 1
    outer loop
      vertex 59.875071816146374 10.829593516886234 22.810000000000002
      vertex 60.628021873533726 10.777485519647598 22.810000000000002
      vertex 59.984366454184055 11.044096328318119 22.810000000000002
    endloop
  endfacet
  facet normal 0 0 1
    outer loop
      vertex 59.875071816146374 10.829593516886234 22.810000000000002
      vertex 60.55362845957279 10.548526145517826 22.810000000000002
      vertex 60.628021873533726 10.777485519647598 22.810000000000002
    endloop
  endfacet
  facet normal -0.5224985663465228 -0.8526401633548751 0
    outer loop
      vertex 59.24883786588907 11.213350176811218 22.51
      vertex 59.875071816146374 10.829593516886234 22.810000000000002
      vertex 59.24883786588907 11.213350176811218 22.810000000000002
    endloop
  endfacet
  facet normal -0.5224985663465228 -0.8526401633548751 0
    outer loop
      vertex 59.24883786588907 11.213350176811218 22.51
      vertex 59.875071816146374 10.829593516886234 22.51
      vertex 59.875071816146374 10.829593516886234 22.810000000000002
    endloop
  endfacet
  facet normal 0 0 1
    outer loop
      vertex 59.24883786588907 11.213350176811218 22.810000000000002
      vertex 59.984366454184055 11.044096328318119 22.810000000000002
      vertex 59.39034253358841 11.408114649355412 22.810000000000002
    endloop
  endfacet
  facet normal 0 0 1
    outer loop
      vertex 59.24883786588907 11.213350176811218 22.810000000000002
      vertex 59.875071816146374 10.829593516886234 22.810000000000002
      vertex 59.984366454184055 11.044096328318119 22.810000000000002
    endloop
  endfacet
  facet normal -0.23344535803649283 -0.972369921794794 0
    outer loop
      vertex 60.55362845957279 10.548526145517826 22.51
      vertex 61.267799615859985 10.37706882506609 22.810000000000002
      vertex 60.55362845957279 10.548526145517826 22.810000000000002
    endloop
  endfacet
  facet normal -0.23344535803649283 -0.972369921794794 0
    outer loop
      vertex 60.55362845957279 10.548526145517826 22.51
      vertex 61.267799615859985 10.37706882506609 22.51
      vertex 61.267799615859985 10.37706882506609 22.810000000000002
    endloop
  endfacet
  facet normal -0.07845909629901046 -0.9969173336881763 0
    outer loop
      vertex 61.267799615859985 10.37706882506609 22.51
      vertex 62 10.31944340467453 22.810000000000002
      vertex 61.267799615859985 10.37706882506609 22.810000000000002
    endloop
  endfacet
  facet normal -0.07845909629901046 -0.9969173336881763 0
    outer loop
      vertex 61.267799615859985 10.37706882506609 22.51
      vertex 62 10.31944340467453 22.51
      vertex 62 10.31944340467453 22.810000000000002
    endloop
  endfacet
  facet normal 0 0 1
    outer loop
      vertex 60.55362845957279 10.548526145517826 22.810000000000002
      vertex 61.30545997619629 10.614847019314766 22.810000000000002
      vertex 60.628021873533726 10.777485519647598 22.810000000000002
    endloop
  endfacet
  facet normal 0 0 1
    outer loop
      vertex 60.55362845957279 10.548526145517826 22.810000000000002
      vertex 61.267799615859985 10.37706882506609 22.810000000000002
      vertex 62 10.56018553674221 22.810000000000002
    endloop
  endfacet
  facet normal 0 0 1
    outer loop
      vertex 60.55362845957279 10.548526145517826 22.810000000000002
      vertex 62 10.56018553674221 22.810000000000002
      vertex 61.30545997619629 10.614847019314766 22.810000000000002
    endloop
  endfacet
  facet normal 0 0 1
    outer loop
      vertex 61.267799615859985 10.37706882506609 22.810000000000002
      vertex 62.69454002380371 10.614847019314766 22.810000000000002
      vertex 62 10.56018553674221 22.810000000000002
    endloop
  endfacet
  facet normal -0.9969173336881763 0.07845909629901046 0
    outer loop
      vertex 57.31944340467453 15 22.51
      vertex 57.31944340467453 15 22.810000000000002
      vertex 57.37706882506609 15.732200384140015 22.51
    endloop
  endfacet
  facet normal -0.9969173336881763 0.07845909629901046 0
    outer loop
      vertex 57.31944340467453 15 22.810000000000002
      vertex 57.37706882506609 15.732200384140015 22.810000000000002
      vertex 57.37706882506609 15.732200384140015 22.51
    endloop
  endfacet
  facet normal -0.972369921794794 0.23344535803649283 0
    outer loop
      vertex 57.37706882506609 15.732200384140015 22.51
      vertex 57.37706882506609 15.732200384140015 22.810000000000002
      vertex 57.548526145517826 16.446371540427208 22.51
    endloop
  endfacet
  facet normal -0.972369921794794 0.23344535803649283 0
    outer loop
      vertex 57.37706882506609 15.732200384140015 22.810000000000002
      vertex 57.548526145517826 16.446371540427208 22.810000000000002
      vertex 57.548526145517826 16.446371540427208 22.51
    endloop
  endfacet
  facet normal 0 0 1
    outer loop
      vertex 57.31944340467453 15 22.810000000000002
      vertex 57.56018553674221 15 22.810000000000002
      vertex 57.37706882506609 15.732200384140015 22.810000000000002
    endloop
  endfacet
  facet normal 0 0 1
    outer loop
      vertex 57.56018553674221 15 22.810000000000002
      vertex 57.614847019314766 15.694540023803711 22.810000000000002
      vertex 57.37706882506609 15.732200384140015 22.810000000000002
    endloop
  endfacet
  facet normal 0 0 1
    outer loop
      vertex 57.37706882506609 15.732200384140015 22.810000000000002
      vertex 57.614847019314766 15.694540023803711 22.810000000000002
      vertex 57.548526145517826 16.446371540427208 22.810000000000002
    endloop
  endfacet
  facet normal 0 0 1
    outer loop
      vertex 57.614847019314766 15.694540023803711 22.810000000000002
      vertex 57.7774855196476 16.371978126466274 22.810000000000002
      vertex 57.548526145517826 16.446371540427208 22.810000000000002
    endloop
  endfacet
  facet normal -0.9238795292269456 0.3826834402941905 0
    outer loop
      vertex 57.548526145517826 16.446371540427208 22.51
      vertex 57.548526145517826 16.446371540427208 22.810000000000002
      vertex 57.829593516886234 17.124928183853626 22.51
    endloop
  endfacet
  facet normal -0.9238795292269456 0.3826834402941905 0
    outer loop
      vertex 57.548526145517826 16.446371540427208 22.810000000000002
      vertex 57.829593516886234 17.124928183853626 22.810000000000002
      vertex 57.829593516886234 17.124928183853626 22.51
    endloop
  endfacet
  facet normal 0 0 1
    outer loop
      vertex 57.548526145517826 16.446371540427208 22.810000000000002
      vertex 57.7774855196476 16.371978126466274 22.810000000000002
      vertex 57.829593516886234 17.124928183853626 22.810000000000002
    endloop
  endfacet
  facet normal 0 0 1
    outer loop
      vertex 57.7774855196476 16.371978126466274 22.810000000000002
      vertex 58.04409632831812 17.015633545815945 22.810000000000002
      vertex 57.829593516886234 17.124928183853626 22.810000000000002
    endloop
  endfacet
  facet normal -0.8526401633548751 0.5224985663465228 0
    outer loop
      vertex 57.829593516886234 17.124928183853626 22.51
      vertex 57.829593516886234 17.124928183853626 22.810000000000002
      vertex 58.21335017681122 17.751162134110928 22.51
    endloop
  endfacet
  facet normal -0.8526401633548751 0.5224985663465228 0
    outer loop
      vertex 57.829593516886234 17.124928183853626 22.810000000000002
      vertex 58.21335017681122 17.751162134110928 22.810000000000002
      vertex 58.21335017681122 17.751162134110928 22.51
    endloop
  endfacet
  facet normal 0 0 1
    outer loop
      vertex 57.829593516886234 17.124928183853626 22.810000000000002
      vertex 58.04409632831812 17.015633545815945 22.810000000000002
      vertex 58.21335017681122 17.751162134110928 22.810000000000002
    endloop
  endfacet
  facet normal 0 0 1
    outer loop
      vertex 58.04409632831812 17.015633545815945 22.810000000000002
      vertex 58.40811464935541 17.60965746641159 22.810000000000002
      vertex 58.21335017681122 17.751162134110928 22.810000000000002
    endloop
  endfacet
  facet normal -0.7604059675999978 0.6494480459885232 0
    outer loop
      vertex 58.21335017681122 17.751162134110928 22.51
      vertex 58.21335017681122 17.751162134110928 22.810000000000002
      vertex 58.69034669548273 18.30965330451727 22.51
    endloop
  endfacet
  facet normal -0.7604059675999978 0.6494480459885232 0
    outer loop
      vertex 58.21335017681122 17.751162134110928 22.810000000000002
      vertex 58.69034669548273 18.30965330451727 22.810000000000002
      vertex 58.69034669548273 18.30965330451727 22.51
    endloop
  endfacet
  facet normal -0.6494480459885232 0.7604059675999978 0
    outer loop
      vertex 58.69034669548273 18.30965330451727 22.51
      vertex 58.69034669548273 18.30965330451727 22.810000000000002
      vertex 59.24883786588907 18.78664982318878 22.51
    endloop
  endfacet
  facet normal -0.6494480459885232 0.7604059675999978 0
    outer loop
      vertex 58.69034669548273 18.30965330451727 22.810000000000002
      vertex 59.24883786588907 18.78664982318878 22.810000000000002
      vertex 59.24883786588907 18.78664982318878 22.51
    endloop
  endfacet
  facet normal 0 0 1
    outer loop
      vertex 58.40811464935541 17.60965746641159 22.810000000000002
      vertex 58.69034669548273 18.30965330451727 22.810000000000002
      vertex 58.21335017681122 17.751162134110928 22.810000000000002
    endloop
  endfacet
  facet normal 0 0 1
    outer loop
      vertex 58.40811464935541 17.60965746641159 22.810000000000002
      vertex 58.86057709157467 18.13942290842533 22.810000000000002
      vertex 58.69034669548273 18.30965330451727 22.810000000000002
    endloop
  endfacet
  facet normal 0 0 1
    outer loop
      vertex 58.69034669548273 18.30965330451727 22.810000000000002
      vertex 58.86057709157467 18.13942290842533 22.810000000000002
      vertex 59.24883786588907 18.78664982318878 22.810000000000002
    endloop
  endfacet
  facet normal 0 0 1
    outer loop
      vertex 58.86057709157467 18.13942290842533 22.810000000000002
      vertex 59.39034253358841 18.59188535064459 22.810000000000002
      vertex 59.24883786588907 18.78664982318878 22.810000000000002
    endloop
  endfacet
  facet normal -0.5224985663465228 0.8526401633548751 0
    outer loop
      vertex 59.24883786588907 18.78664982318878 22.51
      vertex 59.24883786588907 18.78664982318878 22.810000000000002
      vertex 59.875071816146374 19.170406483113766 22.51
    endloop
  endfacet
  facet normal -0.5224985663465228 0.8526401633548751 0
    outer loop
      vertex 59.24883786588907 18.78664982318878 22.810000000000002
      vertex 59.875071816146374 19.170406483113766 22.810000000000002
      vertex 59.875071816146374 19.170406483113766 22.51
    endloop
  endfacet
  facet normal 0 0 1
    outer loop
      vertex 59.24883786588907 18.78664982318878 22.810000000000002
      vertex 59.39034253358841 18.59188535064459 22.810000000000002
      vertex 59.875071816146374 19.170406483113766 22.810000000000002
    endloop
  endfacet
  facet normal 0 0 1
    outer loop
      vertex 59.39034253358841 18.59188535064459 22.810000000000002
      vertex 59.984366454184055 18.95590367168188 22.810000000000002
      vertex 59.875071816146374 19.170406483113766 22.810000000000002
    endloop
  endfacet
  facet normal -0.3826834402941905 0.9238795292269456 0
    outer loop
      vertex 59.875071816146374 19.170406483113766 22.51
      vertex 59.875071816146374 19.170406483113766 22.810000000000002
      vertex 60.55362845957279 19.451473854482174 22.51
    endloop
  endfacet
  facet normal -0.3826834402941905 0.9238795292269456 0
    outer loop
      vertex 59.875071816146374 19.170406483113766 22.810000000000002
      vertex 60.55362845957279 19.451473854482174 22.810000000000002
      vertex 60.55362845957279 19.451473854482174 22.51
    endloop
  endfacet
  facet normal 0 0 1
    outer loop
      vertex 59.984366454184055 18.95590367168188 22.810000000000002
      vertex 60.628021873533726 19.2225144803524 22.810000000000002
      vertex 59.875071816146374 19.170406483113766 22.810000000000002
    endloop
  endfacet
  facet normal 0 0 1
    outer loop
      vertex 59.875071816146374 19.170406483113766 22.810000000000002
      vertex 60.628021873533726 19.2225144803524 22.810000000000002
      vertex 61.30545997619629 19.385152980685234 22.810000000000002
    endloop
  endfacet
  facet normal -0.23344535803649283 0.972369921794794 0
    outer loop
      vertex 60.55362845957279 19.451473854482174 22.51
      vertex 60.55362845957279 19.451473854482174 22.810000000000002
      vertex 61.267799615859985 19.62293117493391 22.51
    endloop
  endfacet
  facet normal -0.23344535803649283 0.972369921794794 0
    outer loop
      vertex 60.55362845957279 19.451473854482174 22.810000000000002
      vertex 61.267799615859985 19.62293117493391 22.810000000000002
      vertex 61.267799615859985 19.62293117493391 22.51
    endloop
  endfacet
  facet normal -0.07845909629901046 0.9969173336881763 0
    outer loop
      vertex 61.267799615859985 19.62293117493391 22.51
      vertex 61.267799615859985 19.62293117493391 22.810000000000002
      vertex 62 19.68055659532547 22.51
    endloop
  endfacet
  facet normal -0.07845909629901046 0.9969173336881763 0
    outer loop
      vertex 61.267799615859985 19.62293117493391 22.810000000000002
      vertex 62 19.68055659532547 22.810000000000002
      vertex 62 19.68055659532547 22.51
    endloop
  endfacet
  facet normal 0 0 1
    outer loop
      vertex 59.875071816146374 19.170406483113766 22.810000000000002
      vertex 62.732200384140015 19.62293117493391 22.810000000000002
      vertex 60.55362845957279 19.451473854482174 22.810000000000002
    endloop
  endfacet
  facet normal 0 0 1
    outer loop
      vertex 59.875071816146374 19.170406483113766 22.810000000000002
      vertex 61.30545997619629 19.385152980685234 22.810000000000002
      vertex 62.732200384140015 19.62293117493391 22.810000000000002
    endloop
  endfacet
  facet normal 0 0 1
    outer loop
      vertex 60.55362845957279 19.451473854482174 22.810000000000002
      vertex 62 19.68055659532547 22.810000000000002
      vertex 61.267799615859985 19.62293117493391 22.810000000000002
    endloop
  endfacet
  facet normal 0 0 1
    outer loop
      vertex 60.55362845957279 19.451473854482174 22.810000000000002
      vertex 62.732200384140015 19.62293117493391 22.810000000000002
      vertex 62 19.68055659532547 22.810000000000002
    endloop
  endfacet
  facet normal 0.07845909629901046 -0.9969173336881763 0
    outer loop
      vertex 62 10.31944340467453 22.51
      vertex 62.732200384140015 10.37706882506609 22.810000000000002
      vertex 62 10.31944340467453 22.810000000000002
    endloop
  endfacet
  facet normal 0.07845909629901046 -0.9969173336881763 0
    outer loop
      vertex 62 10.31944340467453 22.51
      vertex 62.732200384140015 10.37706882506609 22.51
      vertex 62.732200384140015 10.37706882506609 22.810000000000002
    endloop
  endfacet
  facet normal 0.23344535803649283 -0.972369921794794 0
    outer loop
      vertex 62.732200384140015 10.37706882506609 22.51
      vertex 63.44637154042721 10.548526145517826 22.810000000000002
      vertex 62.732200384140015 10.37706882506609 22.810000000000002
    endloop
  endfacet
  facet normal 0.23344535803649283 -0.972369921794794 0
    outer loop
      vertex 62.732200384140015 10.37706882506609 22.51
      vertex 63.44637154042721 10.548526145517826 22.51
      vertex 63.44637154042721 10.548526145517826 22.810000000000002
    endloop
  endfacet
  facet normal 0 0 1
    outer loop
      vertex 61.267799615859985 10.37706882506609 22.810000000000002
      vertex 62 10.31944340467453 22.810000000000002
      vertex 63.44637154042721 10.548526145517826 22.810000000000002
    endloop
  endfacet
  facet normal 0 0 1
    outer loop
      vertex 62 10.31944340467453 22.810000000000002
      vertex 62.732200384140015 10.37706882506609 22.810000000000002
      vertex 63.44637154042721 10.548526145517826 22.810000000000002
    endloop
  endfacet
  facet normal 0 0 1
    outer loop
      vertex 61.267799615859985 10.37706882506609 22.810000000000002
      vertex 64.12492818385363 10.829593516886234 22.810000000000002
      vertex 62.69454002380371 10.614847019314766 22.810000000000002
    endloop
  endfacet
  facet normal 0 0 1
    outer loop
      vertex 61.267799615859985 10.37706882506609 22.810000000000002
      vertex 63.44637154042721 10.548526145517826 22.810000000000002
      vertex 64.12492818385363 10.829593516886234 22.810000000000002
    endloop
  endfacet
  facet normal 0.3826834402941905 -0.9238795292269456 0
    outer loop
      vertex 63.44637154042721 10.548526145517826 22.51
      vertex 64.12492818385363 10.829593516886234 22.810000000000002
      vertex 63.44637154042721 10.548526145517826 22.810000000000002
    endloop
  endfacet
  facet normal 0.3826834402941905 -0.9238795292269456 0
    outer loop
      vertex 63.44637154042721 10.548526145517826 22.51
      vertex 64.12492818385363 10.829593516886234 22.51
      vertex 64.12492818385363 10.829593516886234 22.810000000000002
    endloop
  endfacet
  facet normal 0 0 1
    outer loop
      vertex 62.69454002380371 10.614847019314766 22.810000000000002
      vertex 64.12492818385363 10.829593516886234 22.810000000000002
      vertex 63.371978126466274 10.777485519647598 22.810000000000002
    endloop
  endfacet
  facet normal 0 0 1
    outer loop
      vertex 63.371978126466274 10.777485519647598 22.810000000000002
      vertex 64.12492818385363 10.829593516886234 22.810000000000002
      vertex 64.01563354581594 11.044096328318119 22.810000000000002
    endloop
  endfacet
  facet normal 0.5224985663465228 -0.8526401633548751 0
    outer loop
      vertex 64.12492818385363 10.829593516886234 22.51
      vertex 64.75116213411093 11.213350176811218 22.810000000000002
      vertex 64.12492818385363 10.829593516886234 22.810000000000002
    endloop
  endfacet
  facet normal 0.5224985663465228 -0.8526401633548751 0
    outer loop
      vertex 64.12492818385363 10.829593516886234 22.51
      vertex 64.75116213411093 11.213350176811218 22.51
      vertex 64.75116213411093 11.213350176811218 22.810000000000002
    endloop
  endfacet
  facet normal 0 0 1
    outer loop
      vertex 64.12492818385363 10.829593516886234 22.810000000000002
      vertex 64.60965746641159 11.408114649355412 22.810000000000002
      vertex 64.01563354581594 11.044096328318119 22.810000000000002
    endloop
  endfacet
  facet normal 0 0 1
    outer loop
      vertex 64.12492818385363 10.829593516886234 22.810000000000002
      vertex 64.75116213411093 11.213350176811218 22.810000000000002
      vertex 64.60965746641159 11.408114649355412 22.810000000000002
    endloop
  endfacet
  facet normal 0.6494480459885232 -0.7604059675999978 0
    outer loop
      vertex 64.75116213411093 11.213350176811218 22.51
      vertex 65.30965330451727 11.69034669548273 22.810000000000002
      vertex 64.75116213411093 11.213350176811218 22.810000000000002
    endloop
  endfacet
  facet normal 0.6494480459885232 -0.7604059675999978 0
    outer loop
      vertex 64.75116213411093 11.213350176811218 22.51
      vertex 65.30965330451727 11.69034669548273 22.51
      vertex 65.30965330451727 11.69034669548273 22.810000000000002
    endloop
  endfacet
  facet normal 0.7604059675999978 -0.6494480459885232 0
    outer loop
      vertex 65.30965330451727 11.69034669548273 22.51
      vertex 65.78664982318878 12.248837865889072 22.810000000000002
      vertex 65.30965330451727 11.69034669548273 22.810000000000002
    endloop
  endfacet
  facet normal 0.7604059675999978 -0.6494480459885232 0
    outer loop
      vertex 65.30965330451727 11.69034669548273 22.51
      vertex 65.78664982318878 12.248837865889072 22.51
      vertex 65.78664982318878 12.248837865889072 22.810000000000002
    endloop
  endfacet
  facet normal 0 0 1
    outer loop
      vertex 64.60965746641159 11.408114649355412 22.810000000000002
      vertex 64.75116213411093 11.213350176811218 22.810000000000002
      vertex 65.13942290842533 11.860577091574669 22.810000000000002
    endloop
  endfacet
  facet normal 0 0 1
    outer loop
      vertex 64.75116213411093 11.213350176811218 22.810000000000002
      vertex 65.30965330451727 11.69034669548273 22.810000000000002
      vertex 65.13942290842533 11.860577091574669 22.810000000000002
    endloop
  endfacet
  facet normal 0 0 1
    outer loop
      vertex 65.13942290842533 11.860577091574669 22.810000000000002
      vertex 65.30965330451727 11.69034669548273 22.810000000000002
      vertex 65.59188535064459 12.39034253358841 22.810000000000002
    endloop
  endfacet
  facet normal 0 0 1
    outer loop
      vertex 65.30965330451727 11.69034669548273 22.810000000000002
      vertex 65.78664982318878 12.248837865889072 22.810000000000002
      vertex 65.59188535064459 12.39034253358841 22.810000000000002
    endloop
  endfacet
  facet normal 0.8526401633548751 -0.5224985663465228 0
    outer loop
      vertex 65.78664982318878 12.248837865889072 22.51
      vertex 66.17040648311377 12.875071816146374 22.810000000000002
      vertex 65.78664982318878 12.248837865889072 22.810000000000002
    endloop
  endfacet
  facet normal 0.8526401633548751 -0.5224985663465228 0
    outer loop
      vertex 65.78664982318878 12.248837865889072 22.51
      vertex 66.17040648311377 12.875071816146374 22.51
      vertex 66.17040648311377 12.875071816146374 22.810000000000002
    endloop
  endfacet
  facet normal 0 0 1
    outer loop
      vertex 65.78664982318878 12.248837865889072 22.810000000000002
      vertex 65.95590367168188 12.984366454184055 22.810000000000002
      vertex 65.59188535064459 12.39034253358841 22.810000000000002
    endloop
  endfacet
  facet normal 0 0 1
    outer loop
      vertex 65.78664982318878 12.248837865889072 22.810000000000002
      vertex 66.17040648311377 12.875071816146374 22.810000000000002
      vertex 65.95590367168188 12.984366454184055 22.810000000000002
    endloop
  endfacet
  facet normal 0.9238795292269456 -0.3826834402941905 0
    outer loop
      vertex 66.17040648311377 12.875071816146374 22.51
      vertex 66.45147385448217 13.553628459572792 22.810000000000002
      vertex 66.17040648311377 12.875071816146374 22.810000000000002
    endloop
  endfacet
  facet normal 0.9238795292269456 -0.3826834402941905 0
    outer loop
      vertex 66.17040648311377 12.875071816146374 22.51
      vertex 66.45147385448217 13.553628459572792 22.51
      vertex 66.45147385448217 13.553628459572792 22.810000000000002
    endloop
  endfacet
  facet normal 0 0 1
    outer loop
      vertex 65.95590367168188 12.984366454184055 22.810000000000002
      vertex 66.17040648311377 12.875071816146374 22.810000000000002
      vertex 66.2225144803524 13.628021873533726 22.810000000000002
    endloop
  endfacet
  facet normal 0 0 1
    outer loop
      vertex 66.17040648311377 12.875071816146374 22.810000000000002
      vertex 66.45147385448217 13.553628459572792 22.810000000000002
      vertex 66.2225144803524 13.628021873533726 22.810000000000002
    endloop
  endfacet
  facet normal 0.972369921794794 -0.23344535803649283 0
    outer loop
      vertex 66.45147385448217 13.553628459572792 22.51
      vertex 66.62293117493391 14.267799615859985 22.810000000000002
      vertex 66.45147385448217 13.553628459572792 22.810000000000002
    endloop
  endfacet
  facet normal 0.972369921794794 -0.23344535803649283 0
    outer loop
      vertex 66.45147385448217 13.553628459572792 22.51
      vertex 66.62293117493391 14.267799615859985 22.51
      vertex 66.62293117493391 14.267799615859985 22.810000000000002
    endloop
  endfacet
  facet normal 0.9969173336881763 -0.07845909629901046 0
    outer loop
      vertex 66.62293117493391 14.267799615859985 22.51
      vertex 66.68055659532547 15 22.810000000000002
      vertex 66.62293117493391 14.267799615859985 22.810000000000002
    endloop
  endfacet
  facet normal 0.9969173336881763 -0.07845909629901046 0
    outer loop
      vertex 66.62293117493391 14.267799615859985 22.51
      vertex 66.68055659532547 15 22.51
      vertex 66.68055659532547 15 22.810000000000002
    endloop
  endfacet
  facet normal 0 0 1
    outer loop
      vertex 66.2225144803524 13.628021873533726 22.810000000000002
      vertex 66.45147385448217 13.553628459572792 22.810000000000002
      vertex 66.38515298068523 14.305459976196289 22.810000000000002
    endloop
  endfacet
  facet normal 0 0 1
    outer loop
      vertex 66.45147385448217 13.553628459572792 22.810000000000002
      vertex 66.62293117493391 14.267799615859985 22.810000000000002
      vertex 66.38515298068523 14.305459976196289 22.810000000000002
    endloop
  endfacet
  facet normal 0 0 1
    outer loop
      vertex 66.38515298068523 14.305459976196289 22.810000000000002
      vertex 66.62293117493391 14.267799615859985 22.810000000000002
      vertex 66.43981446325779 15 22.810000000000002
    endloop
  endfacet
  facet normal 0 0 1
    outer loop
      vertex 66.62293117493391 14.267799615859985 22.810000000000002
      vertex 66.68055659532547 15 22.810000000000002
      vertex 66.43981446325779 15 22.810000000000002
    endloop
  endfacet
  facet normal 0.07845909629901046 0.9969173336881763 0
    outer loop
      vertex 62 19.68055659532547 22.51
      vertex 62 19.68055659532547 22.810000000000002
      vertex 62.732200384140015 19.62293117493391 22.51
    endloop
  endfacet
  facet normal 0.07845909629901046 0.9969173336881763 0
    outer loop
      vertex 62 19.68055659532547 22.810000000000002
      vertex 62.732200384140015 19.62293117493391 22.810000000000002
      vertex 62.732200384140015 19.62293117493391 22.51
    endloop
  endfacet
  facet normal 0.23344535803649283 0.972369921794794 0
    outer loop
      vertex 62.732200384140015 19.62293117493391 22.51
      vertex 62.732200384140015 19.62293117493391 22.810000000000002
      vertex 63.44637154042721 19.451473854482174 22.51
    endloop
  endfacet
  facet normal 0.23344535803649283 0.972369921794794 0
    outer loop
      vertex 62.732200384140015 19.62293117493391 22.810000000000002
      vertex 63.44637154042721 19.451473854482174 22.810000000000002
      vertex 63.44637154042721 19.451473854482174 22.51
    endloop
  endfacet
  facet normal 0 0 1
    outer loop
      vertex 61.30545997619629 19.385152980685234 22.810000000000002
      vertex 62 19.43981446325779 22.810000000000002
      vertex 62.732200384140015 19.62293117493391 22.810000000000002
    endloop
  endfacet
  facet normal 0 0 1
    outer loop
      vertex 62 19.43981446325779 22.810000000000002
      vertex 62.69454002380371 19.385152980685234 22.810000000000002
      vertex 63.44637154042721 19.451473854482174 22.810000000000002
    endloop
  endfacet
  facet normal 0 0 1
    outer loop
      vertex 62 19.43981446325779 22.810000000000002
      vertex 63.44637154042721 19.451473854482174 22.810000000000002
      vertex 62.732200384140015 19.62293117493391 22.810000000000002
    endloop
  endfacet
  facet normal 0 0 1
    outer loop
      vertex 62.69454002380371 19.385152980685234 22.810000000000002
      vertex 63.371978126466274 19.2225144803524 22.810000000000002
      vertex 63.44637154042721 19.451473854482174 22.810000000000002
    endloop
  endfacet
  facet normal 0.5224985663465228 0.8526401633548751 0
    outer loop
      vertex 64.12492818385363 19.170406483113766 22.51
      vertex 64.12492818385363 19.170406483113766 22.810000000000002
      vertex 64.75116213411093 18.78664982318878 22.51
    endloop
  endfacet
  facet normal 0.5224985663465228 0.8526401633548751 0
    outer loop
      vertex 64.12492818385363 19.170406483113766 22.810000000000002
      vertex 64.75116213411093 18.78664982318878 22.810000000000002
      vertex 64.75116213411093 18.78664982318878 22.51
    endloop
  endfacet
  facet normal 0 0 1
    outer loop
      vertex 64.01563354581594 18.95590367168188 22.810000000000002
      vertex 64.75116213411093 18.78664982318878 22.810000000000002
      vertex 64.12492818385363 19.170406483113766 22.810000000000002
    endloop
  endfacet
  facet normal 0 0 1
    outer loop
      vertex 64.01563354581594 18.95590367168188 22.810000000000002
      vertex 64.60965746641159 18.59188535064459 22.810000000000002
      vertex 64.75116213411093 18.78664982318878 22.810000000000002
    endloop
  endfacet
  facet normal 0.3826834402941905 0.9238795292269456 0
    outer loop
      vertex 63.44637154042721 19.451473854482174 22.51
      vertex 63.44637154042721 19.451473854482174 22.810000000000002
      vertex 64.12492818385363 19.170406483113766 22.51
    endloop
  endfacet
  facet normal 0.3826834402941905 0.9238795292269456 0
    outer loop
      vertex 63.44637154042721 19.451473854482174 22.810000000000002
      vertex 64.12492818385363 19.170406483113766 22.810000000000002
      vertex 64.12492818385363 19.170406483113766 22.51
    endloop
  endfacet
  facet normal 0 0 1
    outer loop
      vertex 63.371978126466274 19.2225144803524 22.810000000000002
      vertex 64.12492818385363 19.170406483113766 22.810000000000002
      vertex 63.44637154042721 19.451473854482174 22.810000000000002
    endloop
  endfacet
  facet normal 0 0 1
    outer loop
      vertex 64.01563354581594 18.95590367168188 22.810000000000002
      vertex 64.12492818385363 19.170406483113766 22.810000000000002
      vertex 63.371978126466274 19.2225144803524 22.810000000000002
    endloop
  endfacet
  facet normal 0.8526401633548751 0.5224985663465228 0
    outer loop
      vertex 66.17040648311377 17.124928183853626 22.51
      vertex 65.78664982318878 17.751162134110928 22.810000000000002
      vertex 66.17040648311377 17.124928183853626 22.810000000000002
    endloop
  endfacet
  facet normal 0.8526401633548751 0.5224985663465228 0
    outer loop
      vertex 66.17040648311377 17.124928183853626 22.51
      vertex 65.78664982318878 17.751162134110928 22.51
      vertex 65.78664982318878 17.751162134110928 22.810000000000002
    endloop
  endfacet
  facet normal 0 0 1
    outer loop
      vertex 65.95590367168188 17.015633545815945 22.810000000000002
      vertex 66.17040648311377 17.124928183853626 22.810000000000002
      vertex 65.59188535064459 17.60965746641159 22.810000000000002
    endloop
  endfacet
  facet normal 0 0 1
    outer loop
      vertex 65.59188535064459 17.60965746641159 22.810000000000002
      vertex 66.17040648311377 17.124928183853626 22.810000000000002
      vertex 65.78664982318878 17.751162134110928 22.810000000000002
    endloop
  endfacet
  facet normal 0.9969173336881763 0.07845909629901046 0
    outer loop
      vertex 66.68055659532547 15 22.51
      vertex 66.62293117493391 15.732200384140015 22.810000000000002
      vertex 66.68055659532547 15 22.810000000000002
    endloop
  endfacet
  facet normal 0.9969173336881763 0.07845909629901046 0
    outer loop
      vertex 66.68055659532547 15 22.51
      vertex 66.62293117493391 15.732200384140015 22.51
      vertex 66.62293117493391 15.732200384140015 22.810000000000002
    endloop
  endfacet
  facet normal 0.972369921794794 0.23344535803649283 0
    outer loop
      vertex 66.62293117493391 15.732200384140015 22.51
      vertex 66.45147385448217 16.446371540427208 22.810000000000002
      vertex 66.62293117493391 15.732200384140015 22.810000000000002
    endloop
  endfacet
  facet normal 0.972369921794794 0.23344535803649283 0
    outer loop
      vertex 66.62293117493391 15.732200384140015 22.51
      vertex 66.45147385448217 16.446371540427208 22.51
      vertex 66.45147385448217 16.446371540427208 22.810000000000002
    endloop
  endfacet
  facet normal 0 0 1
    outer loop
      vertex 66.43981446325779 15 22.810000000000002
      vertex 66.68055659532547 15 22.810000000000002
      vertex 66.38515298068523 15.694540023803711 22.810000000000002
    endloop
  endfacet
  facet normal 0 0 1
    outer loop
      vertex 66.68055659532547 15 22.810000000000002
      vertex 66.62293117493391 15.732200384140015 22.810000000000002
      vertex 66.38515298068523 15.694540023803711 22.810000000000002
    endloop
  endfacet
  facet normal 0 0 1
    outer loop
      vertex 66.38515298068523 15.694540023803711 22.810000000000002
      vertex 66.62293117493391 15.732200384140015 22.810000000000002
      vertex 66.2225144803524 16.371978126466274 22.810000000000002
    endloop
  endfacet
  facet normal 0 0 1
    outer loop
      vertex 66.62293117493391 15.732200384140015 22.810000000000002
      vertex 66.45147385448217 16.446371540427208 22.810000000000002
      vertex 66.2225144803524 16.371978126466274 22.810000000000002
    endloop
  endfacet
  facet normal 0.9238795292269456 0.3826834402941905 0
    outer loop
      vertex 66.45147385448217 16.446371540427208 22.51
      vertex 66.17040648311377 17.124928183853626 22.810000000000002
      vertex 66.45147385448217 16.446371540427208 22.810000000000002
    endloop
  endfacet
  facet normal 0.9238795292269456 0.3826834402941905 0
    outer loop
      vertex 66.45147385448217 16.446371540427208 22.51
      vertex 66.17040648311377 17.124928183853626 22.51
      vertex 66.17040648311377 17.124928183853626 22.810000000000002
    endloop
  endfacet
  facet normal 0 0 1
    outer loop
      vertex 65.95590367168188 17.015633545815945 22.810000000000002
      vertex 66.2225144803524 16.371978126466274 22.810000000000002
      vertex 66.45147385448217 16.446371540427208 22.810000000000002
    endloop
  endfacet
  facet normal 0 0 1
    outer loop
      vertex 65.95590367168188 17.015633545815945 22.810000000000002
      vertex 66.45147385448217 16.446371540427208 22.810000000000002
      vertex 66.17040648311377 17.124928183853626 22.810000000000002
    endloop
  endfacet
  facet normal 0.6494480459885232 0.7604059675999978 0
    outer loop
      vertex 65.30965330451727 18.30965330451727 22.51
      vertex 64.75116213411093 18.78664982318878 22.51
      vertex 64.75116213411093 18.78664982318878 22.810000000000002
    endloop
  endfacet
  facet normal 0.6494480459885232 0.7604059675999978 0
    outer loop
      vertex 65.30965330451727 18.30965330451727 22.51
      vertex 64.75116213411093 18.78664982318878 22.810000000000002
      vertex 65.30965330451727 18.30965330451727 22.810000000000002
    endloop
  endfacet
  facet normal 0.7604059675999978 0.6494480459885232 0
    outer loop
      vertex 65.30965330451727 18.30965330451727 22.810000000000002
      vertex 65.78664982318878 17.751162134110928 22.810000000000002
      vertex 65.78664982318878 17.751162134110928 22.51
    endloop
  endfacet
  facet normal 0.7604059675999978 0.6494480459885232 0
    outer loop
      vertex 65.30965330451727 18.30965330451727 22.51
      vertex 65.30965330451727 18.30965330451727 22.810000000000002
      vertex 65.78664982318878 17.751162134110928 22.51
    endloop
  endfacet
  facet normal 0 0 1
    outer loop
      vertex 64.60965746641159 18.59188535064459 22.810000000000002
      vertex 65.13942290842533 18.13942290842533 22.810000000000002
      vertex 65.30965330451727 18.30965330451727 22.810000000000002
    endloop
  endfacet
  facet normal 0 0 1
    outer loop
      vertex 64.60965746641159 18.59188535064459 22.810000000000002
      vertex 65.30965330451727 18.30965330451727 22.810000000000002
      vertex 64.75116213411093 18.78664982318878 22.810000000000002
    endloop
  endfacet
  facet normal 0 0 1
    outer loop
      vertex 65.59188535064459 17.60965746641159 22.810000000000002
      vertex 65.78664982318878 17.751162134110928 22.810000000000002
      vertex 65.13942290842533 18.13942290842533 22.810000000000002
    endloop
  endfacet
  facet normal 0 0 1
    outer loop
      vertex 65.13942290842533 18.13942290842533 22.810000000000002
      vertex 65.78664982318878 17.751162134110928 22.810000000000002
      vertex 65.30965330451727 18.30965330451727 22.810000000000002
    endloop
  endfacet
  facet normal -0.7604059582497915 -0.6494480569362082 0
    outer loop
      vertex 58.86057709157467 11.860577091574669 22.810000000000002
      vertex 58.40811464935541 12.39034253358841 23.110000000000003
      vertex 58.40811464935541 12.39034253358841 22.810000000000002
    endloop
  endfacet
  facet normal -0.6494480569362082 -0.7604059582497915 0
    outer loop
      vertex 58.86057709157467 11.860577091574669 23.110000000000003
      vertex 59.39034253358841 11.408114649355412 22.810000000000002
      vertex 59.39034253358841 11.408114649355412 23.110000000000003
    endloop
  endfacet
  facet normal -0.7604059582497915 -0.6494480569362082 0
    outer loop
      vertex 58.86057709157467 11.860577091574669 22.810000000000002
      vertex 58.86057709157467 11.860577091574669 23.110000000000003
      vertex 58.40811464935541 12.39034253358841 23.110000000000003
    endloop
  endfacet
  facet normal 0 0 1
    outer loop
      vertex 58.86057709157467 11.860577091574669 23.110000000000003
      vertex 59.030807480216026 12.030807480216026 23.110000000000003
      vertex 58.40811464935541 12.39034253358841 23.110000000000003
    endloop
  endfacet
  facet normal -0.6494480569362082 -0.7604059582497915 0
    outer loop
      vertex 58.86057709157467 11.860577091574669 22.810000000000002
      vertex 59.39034253358841 11.408114649355412 22.810000000000002
      vertex 58.86057709157467 11.860577091574669 23.110000000000003
    endloop
  endfacet
  facet normal 0 0 1
    outer loop
      vertex 58.86057709157467 11.860577091574669 23.110000000000003
      vertex 59.39034253358841 11.408114649355412 23.110000000000003
      vertex 59.53184720873833 11.602879121899605 23.110000000000003
    endloop
  endfacet
  facet normal 0 0 1
    outer loop
      vertex 58.86057709157467 11.860577091574669 23.110000000000003
      vertex 59.53184720873833 11.602879121899605 23.110000000000003
      vertex 59.030807480216026 12.030807480216026 23.110000000000003
    endloop
  endfacet
  facet normal -0.9238795302373071 -0.38268343785496234 0
    outer loop
      vertex 57.7774855196476 13.628021873533726 22.810000000000002
      vertex 58.04409632831812 12.984366454184055 22.810000000000002
      vertex 57.7774855196476 13.628021873533726 23.110000000000003
    endloop
  endfacet
  facet normal -0.9723699199767111 -0.23344536560935295 0
    outer loop
      vertex 57.7774855196476 13.628021873533726 22.810000000000002
      vertex 57.7774855196476 13.628021873533726 23.110000000000003
      vertex 57.614847019314766 14.305459976196289 23.110000000000003
    endloop
  endfacet
  facet normal 0 0 1
    outer loop
      vertex 57.7774855196476 13.628021873533726 23.110000000000003
      vertex 58.00644488632679 13.702415280044079 23.110000000000003
      vertex 57.614847019314766 14.305459976196289 23.110000000000003
    endloop
  endfacet
  facet normal -0.9723699199767111 -0.23344536560935295 0
    outer loop
      vertex 57.7774855196476 13.628021873533726 22.810000000000002
      vertex 57.614847019314766 14.305459976196289 23.110000000000003
      vertex 57.614847019314766 14.305459976196289 22.810000000000002
    endloop
  endfacet
  facet normal 0 0 1
    outer loop
      vertex 57.614847019314766 14.305459976196289 23.110000000000003
      vertex 58.00644488632679 13.702415280044079 23.110000000000003
      vertex 57.85262521356344 14.343120343983173 23.110000000000003
    endloop
  endfacet
  facet normal -0.9969173340428598 -0.07845909179232984 0
    outer loop
      vertex 57.614847019314766 14.305459976196289 22.810000000000002
      vertex 57.614847019314766 14.305459976196289 23.110000000000003
      vertex 57.56018553674221 15 23.110000000000003
    endloop
  endfacet
  facet normal -0.9969173340428598 -0.07845909179232984 0
    outer loop
      vertex 57.614847019314766 14.305459976196289 22.810000000000002
      vertex 57.56018553674221 15 23.110000000000003
      vertex 57.56018553674221 15 22.810000000000002
    endloop
  endfacet
  facet normal 0 0 1
    outer loop
      vertex 57.614847019314766 14.305459976196289 23.110000000000003
      vertex 57.85262521356344 14.343120343983173 23.110000000000003
      vertex 57.56018553674221 15 23.110000000000003
    endloop
  endfacet
  facet normal 0 0 1
    outer loop
      vertex 57.85262521356344 14.343120343983173 23.110000000000003
      vertex 57.80092766135931 15 23.110000000000003
      vertex 57.56018553674221 15 23.110000000000003
    endloop
  endfacet
  facet normal -0.8526401679847436 -0.5224985587912643 0
    outer loop
      vertex 58.40811464935541 12.39034253358841 22.810000000000002
      vertex 58.04409632831812 12.984366454184055 23.110000000000003
      vertex 58.04409632831812 12.984366454184055 22.810000000000002
    endloop
  endfacet
  facet normal -0.8526401679847436 -0.5224985587912643 0
    outer loop
      vertex 58.40811464935541 12.39034253358841 22.810000000000002
      vertex 58.40811464935541 12.39034253358841 23.110000000000003
      vertex 58.04409632831812 12.984366454184055 23.110000000000003
    endloop
  endfacet
  facet normal 0 0 1
    outer loop
      vertex 58.40811464935541 12.39034253358841 23.110000000000003
      vertex 58.602879121899605 12.531847208738327 23.110000000000003
      vertex 58.04409632831812 12.984366454184055 23.110000000000003
    endloop
  endfacet
  facet normal 0 0 1
    outer loop
      vertex 58.602879121899605 12.531847208738327 23.110000000000003
      vertex 58.25859913229942 13.093661092221737 23.110000000000003
      vertex 58.04409632831812 12.984366454184055 23.110000000000003
    endloop
  endfacet
  facet normal -0.9238795302373071 -0.38268343785496234 0
    outer loop
      vertex 57.7774855196476 13.628021873533726 23.110000000000003
      vertex 58.04409632831812 12.984366454184055 22.810000000000002
      vertex 58.04409632831812 12.984366454184055 23.110000000000003
    endloop
  endfacet
  facet normal 0 0 1
    outer loop
      vertex 57.7774855196476 13.628021873533726 23.110000000000003
      vertex 58.04409632831812 12.984366454184055 23.110000000000003
      vertex 58.25859913229942 13.093661092221737 23.110000000000003
    endloop
  endfacet
  facet normal 0 0 1
    outer loop
      vertex 57.7774855196476 13.628021873533726 23.110000000000003
      vertex 58.25859913229942 13.093661092221737 23.110000000000003
      vertex 58.00644488632679 13.702415280044079 23.110000000000003
    endloop
  endfacet
  facet normal 0 0 1
    outer loop
      vertex 59.030807480216026 12.030807480216026 23.110000000000003
      vertex 58.602879121899605 12.531847208738327 23.110000000000003
      vertex 58.40811464935541 12.39034253358841 23.110000000000003
    endloop
  endfacet
  facet normal -0.38268343785496234 -0.9238795302373071 0
    outer loop
      vertex 60.628021873533726 10.777485519647598 22.810000000000002
      vertex 60.628021873533726 10.777485519647598 23.110000000000003
      vertex 59.984366454184055 11.044096328318119 23.110000000000003
    endloop
  endfacet
  facet normal 0 0 1
    outer loop
      vertex 60.628021873533726 10.777485519647598 23.110000000000003
      vertex 60.70241528004408 11.00644488632679 23.110000000000003
      vertex 59.984366454184055 11.044096328318119 23.110000000000003
    endloop
  endfacet
  facet normal -0.5224985587912643 -0.8526401679847436 0
    outer loop
      vertex 59.39034253358841 11.408114649355412 22.810000000000002
      vertex 59.984366454184055 11.044096328318119 22.810000000000002
      vertex 59.39034253358841 11.408114649355412 23.110000000000003
    endloop
  endfacet
  facet normal -0.5224985587912643 -0.8526401679847436 0
    outer loop
      vertex 59.39034253358841 11.408114649355412 23.110000000000003
      vertex 59.984366454184055 11.044096328318119 22.810000000000002
      vertex 59.984366454184055 11.044096328318119 23.110000000000003
    endloop
  endfacet
  facet normal 0 0 1
    outer loop
      vertex 59.39034253358841 11.408114649355412 23.110000000000003
      vertex 59.984366454184055 11.044096328318119 23.110000000000003
      vertex 60.09366109222174 11.258599132299423 23.110000000000003
    endloop
  endfacet
  facet normal 0 0 1
    outer loop
      vertex 59.39034253358841 11.408114649355412 23.110000000000003
      vertex 60.09366109222174 11.258599132299423 23.110000000000003
      vertex 59.53184720873833 11.602879121899605 23.110000000000003
    endloop
  endfacet
  facet normal -0.38268343785496234 -0.9238795302373071 0
    outer loop
      vertex 60.628021873533726 10.777485519647598 22.810000000000002
      vertex 59.984366454184055 11.044096328318119 23.110000000000003
      vertex 59.984366454184055 11.044096328318119 22.810000000000002
    endloop
  endfacet
  facet normal 0 0 1
    outer loop
      vertex 59.984366454184055 11.044096328318119 23.110000000000003
      vertex 60.70241528004408 11.00644488632679 23.110000000000003
      vertex 60.09366109222174 11.258599132299423 23.110000000000003
    endloop
  endfacet
  facet normal -0.23344536560935295 -0.9723699199767111 0
    outer loop
      vertex 60.628021873533726 10.777485519647598 22.810000000000002
      vertex 61.30545997619629 10.614847019314766 22.810000000000002
      vertex 60.628021873533726 10.777485519647598 23.110000000000003
    endloop
  endfacet
  facet normal 0 0 1
    outer loop
      vertex 60.628021873533726 10.777485519647598 23.110000000000003
      vertex 61.34312034398317 10.852625213563442 23.110000000000003
      vertex 60.70241528004408 11.00644488632679 23.110000000000003
    endloop
  endfacet
  facet normal -0.23344536560935295 -0.9723699199767111 0
    outer loop
      vertex 60.628021873533726 10.777485519647598 23.110000000000003
      vertex 61.30545997619629 10.614847019314766 22.810000000000002
      vertex 61.30545997619629 10.614847019314766 23.110000000000003
    endloop
  endfacet
  facet normal 0 0 1
    outer loop
      vertex 60.628021873533726 10.777485519647598 23.110000000000003
      vertex 61.30545997619629 10.614847019314766 23.110000000000003
      vertex 62 10.80092766135931 23.110000000000003
    endloop
  endfacet
  facet normal 0 0 1
    outer loop
      vertex 60.628021873533726 10.777485519647598 23.110000000000003
      vertex 62 10.80092766135931 23.110000000000003
      vertex 61.34312034398317 10.852625213563442 23.110000000000003
    endloop
  endfacet
  facet normal -0.07845909179232984 -0.9969173340428598 0
    outer loop
      vertex 61.30545997619629 10.614847019314766 22.810000000000002
      vertex 62 10.56018553674221 22.810000000000002
      vertex 61.30545997619629 10.614847019314766 23.110000000000003
    endloop
  endfacet
  facet normal -0.07845909179232984 -0.9969173340428598 0
    outer loop
      vertex 61.30545997619629 10.614847019314766 23.110000000000003
      vertex 62 10.56018553674221 22.810000000000002
      vertex 62 10.56018553674221 23.110000000000003
    endloop
  endfacet
  facet normal 0 0 1
    outer loop
      vertex 61.30545997619629 10.614847019314766 23.110000000000003
      vertex 62.65687965601683 10.852625213563442 23.110000000000003
      vertex 62 10.80092766135931 23.110000000000003
    endloop
  endfacet
  facet normal -0.9969173340428598 0.07845909179232984 0
    outer loop
      vertex 57.56018553674221 15 22.810000000000002
      vertex 57.56018553674221 15 23.110000000000003
      vertex 57.614847019314766 15.694540023803711 23.110000000000003
    endloop
  endfacet
  facet normal -0.9969173340428598 0.07845909179232984 0
    outer loop
      vertex 57.56018553674221 15 22.810000000000002
      vertex 57.614847019314766 15.694540023803711 23.110000000000003
      vertex 57.614847019314766 15.694540023803711 22.810000000000002
    endloop
  endfacet
  facet normal 0 0 1
    outer loop
      vertex 57.56018553674221 15 23.110000000000003
      vertex 57.80092766135931 15 23.110000000000003
      vertex 57.614847019314766 15.694540023803711 23.110000000000003
    endloop
  endfacet
  facet normal 0 0 1
    outer loop
      vertex 57.80092766135931 15 23.110000000000003
      vertex 57.85262521356344 15.656879656016827 23.110000000000003
      vertex 57.614847019314766 15.694540023803711 23.110000000000003
    endloop
  endfacet
  facet normal -0.9723699199767111 0.23344536560935295 0
    outer loop
      vertex 57.614847019314766 15.694540023803711 22.810000000000002
      vertex 57.614847019314766 15.694540023803711 23.110000000000003
      vertex 57.7774855196476 16.371978126466274 23.110000000000003
    endloop
  endfacet
  facet normal 0 0 1
    outer loop
      vertex 57.85262521356344 15.656879656016827 23.110000000000003
      vertex 57.7774855196476 16.371978126466274 23.110000000000003
      vertex 57.614847019314766 15.694540023803711 23.110000000000003
    endloop
  endfacet
  facet normal -0.9723699199767111 0.23344536560935295 0
    outer loop
      vertex 57.614847019314766 15.694540023803711 22.810000000000002
      vertex 57.7774855196476 16.371978126466274 23.110000000000003
      vertex 57.7774855196476 16.371978126466274 22.810000000000002
    endloop
  endfacet
  facet normal 0 0 1
    outer loop
      vertex 57.85262521356344 15.656879656016827 23.110000000000003
      vertex 58.00644488632679 16.29758471995592 23.110000000000003
      vertex 57.7774855196476 16.371978126466274 23.110000000000003
    endloop
  endfacet
  facet normal -0.9238795302373071 0.38268343785496234 0
    outer loop
      vertex 57.7774855196476 16.371978126466274 22.810000000000002
      vertex 57.7774855196476 16.371978126466274 23.110000000000003
      vertex 58.04409632831812 17.015633545815945 23.110000000000003
    endloop
  endfacet
  facet normal 0 0 1
    outer loop
      vertex 57.7774855196476 16.371978126466274 23.110000000000003
      vertex 58.00644488632679 16.29758471995592 23.110000000000003
      vertex 58.04409632831812 17.015633545815945 23.110000000000003
    endloop
  endfacet
  facet normal -0.9238795302373071 0.38268343785496234 0
    outer loop
      vertex 57.7774855196476 16.371978126466274 22.810000000000002
      vertex 58.04409632831812 17.015633545815945 23.110000000000003
      vertex 58.04409632831812 17.015633545815945 22.810000000000002
    endloop
  endfacet
  facet normal 0 0 1
    outer loop
      vertex 58.00644488632679 16.29758471995592 23.110000000000003
      vertex 58.25859913229942 16.906338907778263 23.110000000000003
      vertex 58.04409632831812 17.015633545815945 23.110000000000003
    endloop
  endfacet
  facet normal -0.8526401679847436 0.5224985587912643 0
    outer loop
      vertex 58.04409632831812 17.015633545815945 22.810000000000002
      vertex 58.04409632831812 17.015633545815945 23.110000000000003
      vertex 58.40811464935541 17.60965746641159 23.110000000000003
    endloop
  endfacet
  facet normal 0 0 1
    outer loop
      vertex 58.04409632831812 17.015633545815945 23.110000000000003
      vertex 58.25859913229942 16.906338907778263 23.110000000000003
      vertex 58.40811464935541 17.60965746641159 23.110000000000003
    endloop
  endfacet
  facet normal 0 0 1
    outer loop
      vertex 58.25859913229942 16.906338907778263 23.110000000000003
      vertex 58.602879121899605 17.468152791261673 23.110000000000003
      vertex 58.40811464935541 17.60965746641159 23.110000000000003
    endloop
  endfacet
  facet normal -0.8526401679847436 0.5224985587912643 0
    outer loop
      vertex 58.04409632831812 17.015633545815945 22.810000000000002
      vertex 58.40811464935541 17.60965746641159 23.110000000000003
      vertex 58.40811464935541 17.60965746641159 22.810000000000002
    endloop
  endfacet
  facet normal -0.7604059582497915 0.6494480569362082 0
    outer loop
      vertex 58.40811464935541 17.60965746641159 22.810000000000002
      vertex 58.40811464935541 17.60965746641159 23.110000000000003
      vertex 58.86057709157467 18.13942290842533 23.110000000000003
    endloop
  endfacet
  facet normal -0.7604059582497915 0.6494480569362082 0
    outer loop
      vertex 58.40811464935541 17.60965746641159 22.810000000000002
      vertex 58.86057709157467 18.13942290842533 23.110000000000003
      vertex 58.86057709157467 18.13942290842533 22.810000000000002
    endloop
  endfacet
  facet normal 0 0 1
    outer loop
      vertex 58.40811464935541 17.60965746641159 23.110000000000003
      vertex 58.602879121899605 17.468152791261673 23.110000000000003
      vertex 58.86057709157467 18.13942290842533 23.110000000000003
    endloop
  endfacet
  facet normal 0 0 1
    outer loop
      vertex 58.602879121899605 17.468152791261673 23.110000000000003
      vertex 59.030807480216026 17.969192519783974 23.110000000000003
      vertex 58.86057709157467 18.13942290842533 23.110000000000003
    endloop
  endfacet
  facet normal -0.6494480569362082 0.7604059582497915 0
    outer loop
      vertex 58.86057709157467 18.13942290842533 22.810000000000002
      vertex 58.86057709157467 18.13942290842533 23.110000000000003
      vertex 59.39034253358841 18.59188535064459 23.110000000000003
    endloop
  endfacet
  facet normal 0 0 1
    outer loop
      vertex 58.86057709157467 18.13942290842533 23.110000000000003
      vertex 59.030807480216026 17.969192519783974 23.110000000000003
      vertex 59.39034253358841 18.59188535064459 23.110000000000003
    endloop
  endfacet
  facet normal -0.6494480569362082 0.7604059582497915 0
    outer loop
      vertex 58.86057709157467 18.13942290842533 22.810000000000002
      vertex 59.39034253358841 18.59188535064459 23.110000000000003
      vertex 59.39034253358841 18.59188535064459 22.810000000000002
    endloop
  endfacet
  facet normal 0 0 1
    outer loop
      vertex 59.030807480216026 17.969192519783974 23.110000000000003
      vertex 59.53184720873833 18.397120878100395 23.110000000000003
      vertex 59.39034253358841 18.59188535064459 23.110000000000003
    endloop
  endfacet
  facet normal -0.5224985587912643 0.8526401679847436 0
    outer loop
      vertex 59.39034253358841 18.59188535064459 22.810000000000002
      vertex 59.39034253358841 18.59188535064459 23.110000000000003
      vertex 59.984366454184055 18.95590367168188 23.110000000000003
    endloop
  endfacet
  facet normal 0 0 1
    outer loop
      vertex 59.39034253358841 18.59188535064459 23.110000000000003
      vertex 59.53184720873833 18.397120878100395 23.110000000000003
      vertex 59.984366454184055 18.95590367168188 23.110000000000003
    endloop
  endfacet
  facet normal 0 0 1
    outer loop
      vertex 59.53184720873833 18.397120878100395 23.110000000000003
      vertex 60.09366109222174 18.741400867700577 23.110000000000003
      vertex 59.984366454184055 18.95590367168188 23.110000000000003
    endloop
  endfacet
  facet normal -0.5224985587912643 0.8526401679847436 0
    outer loop
      vertex 59.39034253358841 18.59188535064459 22.810000000000002
      vertex 59.984366454184055 18.95590367168188 23.110000000000003
      vertex 59.984366454184055 18.95590367168188 22.810000000000002
    endloop
  endfacet
  facet normal -0.38268343785496234 0.9238795302373071 0
    outer loop
      vertex 59.984366454184055 18.95590367168188 22.810000000000002
      vertex 59.984366454184055 18.95590367168188 23.110000000000003
      vertex 60.628021873533726 19.2225144803524 23.110000000000003
    endloop
  endfacet
  facet normal 0 0 1
    outer loop
      vertex 60.09366109222174 18.741400867700577 23.110000000000003
      vertex 60.70241528004408 18.99355511367321 23.110000000000003
      vertex 59.984366454184055 18.95590367168188 23.110000000000003
    endloop
  endfacet
  facet normal -0.38268343785496234 0.9238795302373071 0
    outer loop
      vertex 59.984366454184055 18.95590367168188 22.810000000000002
      vertex 60.628021873533726 19.2225144803524 23.110000000000003
      vertex 60.628021873533726 19.2225144803524 22.810000000000002
    endloop
  endfacet
  facet normal 0 0 1
    outer loop
      vertex 59.984366454184055 18.95590367168188 23.110000000000003
      vertex 60.70241528004408 18.99355511367321 23.110000000000003
      vertex 61.34312034398317 19.147374786436558 23.110000000000003
    endloop
  endfacet
  facet normal -0.23344536560935295 0.9723699199767111 0
    outer loop
      vertex 60.628021873533726 19.2225144803524 22.810000000000002
      vertex 60.628021873533726 19.2225144803524 23.110000000000003
      vertex 61.30545997619629 19.385152980685234 23.110000000000003
    endloop
  endfacet
  facet normal -0.23344536560935295 0.9723699199767111 0
    outer loop
      vertex 60.628021873533726 19.2225144803524 22.810000000000002
      vertex 61.30545997619629 19.385152980685234 23.110000000000003
      vertex 61.30545997619629 19.385152980685234 22.810000000000002
    endloop
  endfacet
  facet normal 0 0 1
    outer loop
      vertex 59.984366454184055 18.95590367168188 23.110000000000003
      vertex 62.69454002380371 19.385152980685234 23.110000000000003
      vertex 60.628021873533726 19.2225144803524 23.110000000000003
    endloop
  endfacet
  facet normal 0 0 1
    outer loop
      vertex 60.628021873533726 19.2225144803524 23.110000000000003
      vertex 62 19.43981446325779 23.110000000000003
      vertex 61.30545997619629 19.385152980685234 23.110000000000003
    endloop
  endfacet
  facet normal 0 0 1
    outer loop
      vertex 59.984366454184055 18.95590367168188 23.110000000000003
      vertex 61.34312034398317 19.147374786436558 23.110000000000003
      vertex 62.69454002380371 19.385152980685234 23.110000000000003
    endloop
  endfacet
  facet normal -0.07845909179232984 0.9969173340428598 0
    outer loop
      vertex 61.30545997619629 19.385152980685234 22.810000000000002
      vertex 61.30545997619629 19.385152980685234 23.110000000000003
      vertex 62 19.43981446325779 23.110000000000003
    endloop
  endfacet
  facet normal 0 0 1
    outer loop
      vertex 60.628021873533726 19.2225144803524 23.110000000000003
      vertex 62.69454002380371 19.385152980685234 23.110000000000003
      vertex 62 19.43981446325779 23.110000000000003
    endloop
  endfacet
  facet normal -0.07845909179232984 0.9969173340428598 0
    outer loop
      vertex 61.30545997619629 19.385152980685234 22.810000000000002
      vertex 62 19.43981446325779 23.110000000000003
      vertex 62 19.43981446325779 22.810000000000002
    endloop
  endfacet
  facet normal 0.07845909179232984 -0.9969173340428598 0
    outer loop
      vertex 62 10.56018553674221 22.810000000000002
      vertex 62.69454002380371 10.614847019314766 22.810000000000002
      vertex 62 10.56018553674221 23.110000000000003
    endloop
  endfacet
  facet normal 0 0 1
    outer loop
      vertex 61.30545997619629 10.614847019314766 23.110000000000003
      vertex 62 10.56018553674221 23.110000000000003
      vertex 63.371978126466274 10.777485519647598 23.110000000000003
    endloop
  endfacet
  facet normal 0.07845909179232984 -0.9969173340428598 0
    outer loop
      vertex 62 10.56018553674221 23.110000000000003
      vertex 62.69454002380371 10.614847019314766 22.810000000000002
      vertex 62.69454002380371 10.614847019314766 23.110000000000003
    endloop
  endfacet
  facet normal 0 0 1
    outer loop
      vertex 61.30545997619629 10.614847019314766 23.110000000000003
      vertex 64.01563354581594 11.044096328318119 23.110000000000003
      vertex 62.65687965601683 10.852625213563442 23.110000000000003
    endloop
  endfacet
  facet normal 0.23344536560935295 -0.9723699199767111 0
    outer loop
      vertex 62.69454002380371 10.614847019314766 22.810000000000002
      vertex 63.371978126466274 10.777485519647598 22.810000000000002
      vertex 62.69454002380371 10.614847019314766 23.110000000000003
    endloop
  endfacet
  facet normal 0 0 1
    outer loop
      vertex 62 10.56018553674221 23.110000000000003
      vertex 62.69454002380371 10.614847019314766 23.110000000000003
      vertex 63.371978126466274 10.777485519647598 23.110000000000003
    endloop
  endfacet
  facet normal 0 0 1
    outer loop
      vertex 61.30545997619629 10.614847019314766 23.110000000000003
      vertex 63.371978126466274 10.777485519647598 23.110000000000003
      vertex 64.01563354581594 11.044096328318119 23.110000000000003
    endloop
  endfacet
  facet normal 0.23344536560935295 -0.9723699199767111 0
    outer loop
      vertex 62.69454002380371 10.614847019314766 23.110000000000003
      vertex 63.371978126466274 10.777485519647598 22.810000000000002
      vertex 63.371978126466274 10.777485519647598 23.110000000000003
    endloop
  endfacet
  facet normal 0 0 1
    outer loop
      vertex 62.65687965601683 10.852625213563442 23.110000000000003
      vertex 64.01563354581594 11.044096328318119 23.110000000000003
      vertex 63.29758471995592 11.00644488632679 23.110000000000003
    endloop
  endfacet
  facet normal 0.38268343785496234 -0.9238795302373071 0
    outer loop
      vertex 63.371978126466274 10.777485519647598 22.810000000000002
      vertex 64.01563354581594 11.044096328318119 22.810000000000002
      vertex 63.371978126466274 10.777485519647598 23.110000000000003
    endloop
  endfacet
  facet normal 0.38268343785496234 -0.9238795302373071 0
    outer loop
      vertex 63.371978126466274 10.777485519647598 23.110000000000003
      vertex 64.01563354581594 11.044096328318119 22.810000000000002
      vertex 64.01563354581594 11.044096328318119 23.110000000000003
    endloop
  endfacet
  facet normal 0 0 1
    outer loop
      vertex 63.29758471995592 11.00644488632679 23.110000000000003
      vertex 64.01563354581594 11.044096328318119 23.110000000000003
      vertex 63.90633890777826 11.258599132299423 23.110000000000003
    endloop
  endfacet
  facet normal 0.5224985587912643 -0.8526401679847436 0
    outer loop
      vertex 64.01563354581594 11.044096328318119 22.810000000000002
      vertex 64.60965746641159 11.408114649355412 22.810000000000002
      vertex 64.01563354581594 11.044096328318119 23.110000000000003
    endloop
  endfacet
  facet normal 0 0 1
    outer loop
      vertex 64.01563354581594 11.044096328318119 23.110000000000003
      vertex 64.46815279126167 11.602879121899605 23.110000000000003
      vertex 63.90633890777826 11.258599132299423 23.110000000000003
    endloop
  endfacet
  facet normal 0.5224985587912643 -0.8526401679847436 0
    outer loop
      vertex 64.01563354581594 11.044096328318119 23.110000000000003
      vertex 64.60965746641159 11.408114649355412 22.810000000000002
      vertex 64.60965746641159 11.408114649355412 23.110000000000003
    endloop
  endfacet
  facet normal 0 0 1
    outer loop
      vertex 64.01563354581594 11.044096328318119 23.110000000000003
      vertex 64.60965746641159 11.408114649355412 23.110000000000003
      vertex 64.46815279126167 11.602879121899605 23.110000000000003
    endloop
  endfacet
  facet normal 0 0 1
    outer loop
      vertex 64.46815279126167 11.602879121899605 23.110000000000003
      vertex 64.60965746641159 11.408114649355412 23.110000000000003
      vertex 64.96919251978397 12.030807480216026 23.110000000000003
    endloop
  endfacet
  facet normal 0.6494480569362082 -0.7604059582497915 0
    outer loop
      vertex 64.60965746641159 11.408114649355412 22.810000000000002
      vertex 65.13942290842533 11.860577091574669 22.810000000000002
      vertex 64.60965746641159 11.408114649355412 23.110000000000003
    endloop
  endfacet
  facet normal 0.6494480569362082 -0.7604059582497915 0
    outer loop
      vertex 64.60965746641159 11.408114649355412 23.110000000000003
      vertex 65.13942290842533 11.860577091574669 22.810000000000002
      vertex 65.13942290842533 11.860577091574669 23.110000000000003
    endloop
  endfacet
  facet normal 0 0 1
    outer loop
      vertex 64.60965746641159 11.408114649355412 23.110000000000003
      vertex 65.13942290842533 11.860577091574669 23.110000000000003
      vertex 64.96919251978397 12.030807480216026 23.110000000000003
    endloop
  endfacet
  facet normal 0.7604059582497915 -0.6494480569362082 0
    outer loop
      vertex 65.13942290842533 11.860577091574669 22.810000000000002
      vertex 65.59188535064459 12.39034253358841 22.810000000000002
      vertex 65.13942290842533 11.860577091574669 23.110000000000003
    endloop
  endfacet
  facet normal 0 0 1
    outer loop
      vertex 64.96919251978397 12.030807480216026 23.110000000000003
      vertex 65.13942290842533 11.860577091574669 23.110000000000003
      vertex 65.3971208781004 12.531847208738327 23.110000000000003
    endloop
  endfacet
  facet normal 0 0 1
    outer loop
      vertex 65.13942290842533 11.860577091574669 23.110000000000003
      vertex 65.59188535064459 12.39034253358841 23.110000000000003
      vertex 65.3971208781004 12.531847208738327 23.110000000000003
    endloop
  endfacet
  facet normal 0.7604059582497915 -0.6494480569362082 0
    outer loop
      vertex 65.13942290842533 11.860577091574669 23.110000000000003
      vertex 65.59188535064459 12.39034253358841 22.810000000000002
      vertex 65.59188535064459 12.39034253358841 23.110000000000003
    endloop
  endfacet
  facet normal 0.8526401679847436 -0.5224985587912643 0
    outer loop
      vertex 65.59188535064459 12.39034253358841 22.810000000000002
      vertex 65.95590367168188 12.984366454184055 22.810000000000002
      vertex 65.59188535064459 12.39034253358841 23.110000000000003
    endloop
  endfacet
  facet normal 0 0 1
    outer loop
      vertex 65.3971208781004 12.531847208738327 23.110000000000003
      vertex 65.59188535064459 12.39034253358841 23.110000000000003
      vertex 65.74140086770058 13.093661092221737 23.110000000000003
    endloop
  endfacet
  facet normal 0.8526401679847436 -0.5224985587912643 0
    outer loop
      vertex 65.59188535064459 12.39034253358841 23.110000000000003
      vertex 65.95590367168188 12.984366454184055 22.810000000000002
      vertex 65.95590367168188 12.984366454184055 23.110000000000003
    endloop
  endfacet
  facet normal 0 0 1
    outer loop
      vertex 65.59188535064459 12.39034253358841 23.110000000000003
      vertex 65.95590367168188 12.984366454184055 23.110000000000003
      vertex 65.74140086770058 13.093661092221737 23.110000000000003
    endloop
  endfacet
  facet normal 0.9238795302373071 -0.38268343785496234 0
    outer loop
      vertex 65.95590367168188 12.984366454184055 22.810000000000002
      vertex 66.2225144803524 13.628021873533726 22.810000000000002
      vertex 65.95590367168188 12.984366454184055 23.110000000000003
    endloop
  endfacet
  facet normal 0 0 1
    outer loop
      vertex 65.74140086770058 13.093661092221737 23.110000000000003
      vertex 65.95590367168188 12.984366454184055 23.110000000000003
      vertex 65.99355511367321 13.702415280044079 23.110000000000003
    endloop
  endfacet
  facet normal 0.9238795302373071 -0.38268343785496234 0
    outer loop
      vertex 65.95590367168188 12.984366454184055 23.110000000000003
      vertex 66.2225144803524 13.628021873533726 22.810000000000002
      vertex 66.2225144803524 13.628021873533726 23.110000000000003
    endloop
  endfacet
  facet normal 0 0 1
    outer loop
      vertex 65.95590367168188 12.984366454184055 23.110000000000003
      vertex 66.2225144803524 13.628021873533726 23.110000000000003
      vertex 65.99355511367321 13.702415280044079 23.110000000000003
    endloop
  endfacet
  facet normal 0.9723699199767111 -0.23344536560935295 0
    outer loop
      vertex 66.2225144803524 13.628021873533726 22.810000000000002
      vertex 66.38515298068523 14.305459976196289 22.810000000000002
      vertex 66.2225144803524 13.628021873533726 23.110000000000003
    endloop
  endfacet
  facet normal 0 0 1
    outer loop
      vertex 65.99355511367321 13.702415280044079 23.110000000000003
      vertex 66.2225144803524 13.628021873533726 23.110000000000003
      vertex 66.14737478643656 14.343120343983173 23.110000000000003
    endloop
  endfacet
  facet normal 0.9723699199767111 -0.23344536560935295 0
    outer loop
      vertex 66.2225144803524 13.628021873533726 23.110000000000003
      vertex 66.38515298068523 14.305459976196289 22.810000000000002
      vertex 66.38515298068523 14.305459976196289 23.110000000000003
    endloop
  endfacet
  facet normal 0 0 1
    outer loop
      vertex 66.2225144803524 13.628021873533726 23.110000000000003
      vertex 66.38515298068523 14.305459976196289 23.110000000000003
      vertex 66.14737478643656 14.343120343983173 23.110000000000003
    endloop
  endfacet
  facet normal 0 0 1
    outer loop
      vertex 66.38515298068523 14.305459976196289 23.110000000000003
      vertex 66.19907233864069 15 23.110000000000003
      vertex 66.14737478643656 14.343120343983173 23.110000000000003
    endloop
  endfacet
  facet normal 0 0 1
    outer loop
      vertex 66.38515298068523 14.305459976196289 23.110000000000003
      vertex 66.43981446325779 15 23.110000000000003
      vertex 66.19907233864069 15 23.110000000000003
    endloop
  endfacet
  facet normal 0.9969173340428598 -0.07845909179232984 0
    outer loop
      vertex 66.38515298068523 14.305459976196289 22.810000000000002
      vertex 66.43981446325779 15 22.810000000000002
      vertex 66.38515298068523 14.305459976196289 23.110000000000003
    endloop
  endfacet
  facet normal 0.9969173340428598 -0.07845909179232984 0
    outer loop
      vertex 66.38515298068523 14.305459976196289 23.110000000000003
      vertex 66.43981446325779 15 22.810000000000002
      vertex 66.43981446325779 15 23.110000000000003
    endloop
  endfacet
  facet normal 0 0 1
    outer loop
      vertex 61.34312034398317 19.147374786436558 23.110000000000003
      vertex 62 19.19907233864069 23.110000000000003
      vertex 62.69454002380371 19.385152980685234 23.110000000000003
    endloop
  endfacet
  facet normal 0.07845909179232984 0.9969173340428598 0
    outer loop
      vertex 62 19.43981446325779 22.810000000000002
      vertex 62 19.43981446325779 23.110000000000003
      vertex 62.69454002380371 19.385152980685234 23.110000000000003
    endloop
  endfacet
  facet normal 0.07845909179232984 0.9969173340428598 0
    outer loop
      vertex 62 19.43981446325779 22.810000000000002
      vertex 62.69454002380371 19.385152980685234 23.110000000000003
      vertex 62.69454002380371 19.385152980685234 22.810000000000002
    endloop
  endfacet
  facet normal 0.23344536560935295 0.9723699199767111 0
    outer loop
      vertex 62.69454002380371 19.385152980685234 22.810000000000002
      vertex 62.69454002380371 19.385152980685234 23.110000000000003
      vertex 63.371978126466274 19.2225144803524 23.110000000000003
    endloop
  endfacet
  facet normal 0 0 1
    outer loop
      vertex 62 19.19907233864069 23.110000000000003
      vertex 62.65687965601683 19.147374786436558 23.110000000000003
      vertex 63.371978126466274 19.2225144803524 23.110000000000003
    endloop
  endfacet
  facet normal 0 0 1
    outer loop
      vertex 62 19.19907233864069 23.110000000000003
      vertex 63.371978126466274 19.2225144803524 23.110000000000003
      vertex 62.69454002380371 19.385152980685234 23.110000000000003
    endloop
  endfacet
  facet normal 0.23344536560935295 0.9723699199767111 0
    outer loop
      vertex 62.69454002380371 19.385152980685234 22.810000000000002
      vertex 63.371978126466274 19.2225144803524 23.110000000000003
      vertex 63.371978126466274 19.2225144803524 22.810000000000002
    endloop
  endfacet
  facet normal 0 0 1
    outer loop
      vertex 63.29758471995592 18.99355511367321 23.110000000000003
      vertex 63.371978126466274 19.2225144803524 23.110000000000003
      vertex 62.65687965601683 19.147374786436558 23.110000000000003
    endloop
  endfacet
  facet normal 0.38268343785496234 0.9238795302373071 0
    outer loop
      vertex 64.01563354581594 18.95590367168188 22.810000000000002
      vertex 63.371978126466274 19.2225144803524 22.810000000000002
      vertex 64.01563354581594 18.95590367168188 23.110000000000003
    endloop
  endfacet
  facet normal 0 0 1
    outer loop
      vertex 63.29758471995592 18.99355511367321 23.110000000000003
      vertex 63.90633890777826 18.741400867700577 23.110000000000003
      vertex 64.01563354581594 18.95590367168188 23.110000000000003
    endloop
  endfacet
  facet normal 0 0 1
    outer loop
      vertex 63.90633890777826 18.741400867700577 23.110000000000003
      vertex 64.46815279126167 18.397120878100395 23.110000000000003
      vertex 64.60965746641159 18.59188535064459 23.110000000000003
    endloop
  endfacet
  facet normal 0.5224985587912643 0.8526401679847436 0
    outer loop
      vertex 64.01563354581594 18.95590367168188 22.810000000000002
      vertex 64.01563354581594 18.95590367168188 23.110000000000003
      vertex 64.60965746641159 18.59188535064459 23.110000000000003
    endloop
  endfacet
  facet normal 0 0 1
    outer loop
      vertex 63.90633890777826 18.741400867700577 23.110000000000003
      vertex 64.60965746641159 18.59188535064459 23.110000000000003
      vertex 64.01563354581594 18.95590367168188 23.110000000000003
    endloop
  endfacet
  facet normal 0.5224985587912643 0.8526401679847436 0
    outer loop
      vertex 64.01563354581594 18.95590367168188 22.810000000000002
      vertex 64.60965746641159 18.59188535064459 23.110000000000003
      vertex 64.60965746641159 18.59188535064459 22.810000000000002
    endloop
  endfacet
  facet normal 0.38268343785496234 0.9238795302373071 0
    outer loop
      vertex 64.01563354581594 18.95590367168188 23.110000000000003
      vertex 63.371978126466274 19.2225144803524 22.810000000000002
      vertex 63.371978126466274 19.2225144803524 23.110000000000003
    endloop
  endfacet
  facet normal 0 0 1
    outer loop
      vertex 63.29758471995592 18.99355511367321 23.110000000000003
      vertex 64.01563354581594 18.95590367168188 23.110000000000003
      vertex 63.371978126466274 19.2225144803524 23.110000000000003
    endloop
  endfacet
  facet normal 0 0 1
    outer loop
      vertex 65.3971208781004 17.468152791261673 23.110000000000003
      vertex 65.59188535064459 17.60965746641159 23.110000000000003
      vertex 64.96919251978397 17.969192519783974 23.110000000000003
    endloop
  endfacet
  facet normal 0 0 1
    outer loop
      vertex 65.99355511367321 16.29758471995592 23.110000000000003
      vertex 66.2225144803524 16.371978126466274 23.110000000000003
      vertex 65.74140086770058 16.906338907778263 23.110000000000003
    endloop
  endfacet
  facet normal 0.9238795302373071 0.38268343785496234 0
    outer loop
      vertex 65.95590367168188 17.015633545815945 22.810000000000002
      vertex 65.95590367168188 17.015633545815945 23.110000000000003
      vertex 66.2225144803524 16.371978126466274 23.110000000000003
    endloop
  endfacet
  facet normal 0 0 1
    outer loop
      vertex 65.74140086770058 16.906338907778263 23.110000000000003
      vertex 66.2225144803524 16.371978126466274 23.110000000000003
      vertex 65.95590367168188 17.015633545815945 23.110000000000003
    endloop
  endfacet
  facet normal 0 0 1
    outer loop
      vertex 65.74140086770058 16.906338907778263 23.110000000000003
      vertex 65.95590367168188 17.015633545815945 23.110000000000003
      vertex 65.3971208781004 17.468152791261673 23.110000000000003
    endloop
  endfacet
  facet normal 0.8526401679847436 0.5224985587912643 0
    outer loop
      vertex 65.95590367168188 17.015633545815945 23.110000000000003
      vertex 65.59188535064459 17.60965746641159 22.810000000000002
      vertex 65.59188535064459 17.60965746641159 23.110000000000003
    endloop
  endfacet
  facet normal 0 0 1
    outer loop
      vertex 65.95590367168188 17.015633545815945 23.110000000000003
      vertex 65.59188535064459 17.60965746641159 23.110000000000003
      vertex 65.3971208781004 17.468152791261673 23.110000000000003
    endloop
  endfacet
  facet normal 0.8526401679847436 0.5224985587912643 0
    outer loop
      vertex 65.95590367168188 17.015633545815945 22.810000000000002
      vertex 65.59188535064459 17.60965746641159 22.810000000000002
      vertex 65.95590367168188 17.015633545815945 23.110000000000003
    endloop
  endfacet
  facet normal 0 0 1
    outer loop
      vertex 66.19907233864069 15 23.110000000000003
      vertex 66.43981446325779 15 23.110000000000003
      vertex 66.14737478643656 15.656879656016827 23.110000000000003
    endloop
  endfacet
  facet normal 0 0 1
    outer loop
      vertex 66.14737478643656 15.656879656016827 23.110000000000003
      vertex 66.43981446325779 15 23.110000000000003
      vertex 66.38515298068523 15.694540023803711 23.110000000000003
    endloop
  endfacet
  facet normal 0.9969173340428598 0.07845909179232984 0
    outer loop
      vertex 66.43981446325779 15 22.810000000000002
      vertex 66.38515298068523 15.694540023803711 22.810000000000002
      vertex 66.43981446325779 15 23.110000000000003
    endloop
  endfacet
  facet normal 0.9969173340428598 0.07845909179232984 0
    outer loop
      vertex 66.43981446325779 15 23.110000000000003
      vertex 66.38515298068523 15.694540023803711 22.810000000000002
      vertex 66.38515298068523 15.694540023803711 23.110000000000003
    endloop
  endfacet
  facet normal 0.9723699199767111 0.23344536560935295 0
    outer loop
      vertex 66.38515298068523 15.694540023803711 22.810000000000002
      vertex 66.2225144803524 16.371978126466274 22.810000000000002
      vertex 66.38515298068523 15.694540023803711 23.110000000000003
    endloop
  endfacet
  facet normal 0 0 1
    outer loop
      vertex 65.99355511367321 16.29758471995592 23.110000000000003
      vertex 66.14737478643656 15.656879656016827 23.110000000000003
      vertex 66.38515298068523 15.694540023803711 23.110000000000003
    endloop
  endfacet
  facet normal 0.9723699199767111 0.23344536560935295 0
    outer loop
      vertex 66.38515298068523 15.694540023803711 23.110000000000003
      vertex 66.2225144803524 16.371978126466274 22.810000000000002
      vertex 66.2225144803524 16.371978126466274 23.110000000000003
    endloop
  endfacet
  facet normal 0 0 1
    outer loop
      vertex 65.99355511367321 16.29758471995592 23.110000000000003
      vertex 66.38515298068523 15.694540023803711 23.110000000000003
      vertex 66.2225144803524 16.371978126466274 23.110000000000003
    endloop
  endfacet
  facet normal 0.9238795302373071 0.38268343785496234 0
    outer loop
      vertex 65.95590367168188 17.015633545815945 22.810000000000002
      vertex 66.2225144803524 16.371978126466274 23.110000000000003
      vertex 66.2225144803524 16.371978126466274 22.810000000000002
    endloop
  endfacet
  facet normal 0.6494480569362082 0.7604059582497915 0
    outer loop
      vertex 64.60965746641159 18.59188535064459 22.810000000000002
      vertex 65.13942290842533 18.13942290842533 23.110000000000003
      vertex 65.13942290842533 18.13942290842533 22.810000000000002
    endloop
  endfacet
  facet normal 0 0 1
    outer loop
      vertex 64.46815279126167 18.397120878100395 23.110000000000003
      vertex 64.96919251978397 17.969192519783974 23.110000000000003
      vertex 65.13942290842533 18.13942290842533 23.110000000000003
    endloop
  endfacet
  facet normal 0 0 1
    outer loop
      vertex 64.46815279126167 18.397120878100395 23.110000000000003
      vertex 65.13942290842533 18.13942290842533 23.110000000000003
      vertex 64.60965746641159 18.59188535064459 23.110000000000003
    endloop
  endfacet
  facet normal 0.7604059582497915 0.6494480569362082 0
    outer loop
      vertex 65.59188535064459 17.60965746641159 23.110000000000003
      vertex 65.13942290842533 18.13942290842533 22.810000000000002
      vertex 65.13942290842533 18.13942290842533 23.110000000000003
    endloop
  endfacet
  facet normal 0 0 1
    outer loop
      vertex 65.59188535064459 17.60965746641159 23.110000000000003
      vertex 65.13942290842533 18.13942290842533 23.110000000000003
      vertex 64.96919251978397 17.969192519783974 23.110000000000003
    endloop
  endfacet
  facet normal 0.6494480569362082 0.7604059582497915 0
    outer loop
      vertex 64.60965746641159 18.59188535064459 22.810000000000002
      vertex 64.60965746641159 18.59188535064459 23.110000000000003
      vertex 65.13942290842533 18.13942290842533 23.110000000000003
    endloop
  endfacet
  facet normal 0.7604059582497915 0.6494480569362082 0
    outer loop
      vertex 65.59188535064459 17.60965746641159 22.810000000000002
      vertex 65.13942290842533 18.13942290842533 22.810000000000002
      vertex 65.59188535064459 17.60965746641159 23.110000000000003
    endloop
  endfacet
  facet normal -0.7604059671441825 -0.6494480465222144 0
    outer loop
      vertex 57.62905675917864 11.8243238478899 20.400000000000002
      vertex 58.17965552210808 11.179655522108078 20.400000000000002
      vertex 57.62905675917864 11.8243238478899 21.6
    endloop
  endfacet
  facet normal -0.852640166085607 -0.5224985618903737 0
    outer loop
      vertex 57.62905675917864 11.8243238478899 20.400000000000002
      vertex 57.62905675917864 11.8243238478899 21.6
      vertex 57.18608510494232 12.547187894582748 21.6
    endloop
  endfacet
  facet normal -0.6494480465222144 -0.7604059671441825 0
    outer loop
      vertex 58.8243238478899 10.629056759178638 20.400000000000002
      vertex 58.8243238478899 10.629056759178638 21.6
      vertex 58.17965552210808 11.179655522108078 21.6
    endloop
  endfacet
  facet normal -0.5224985618903737 -0.852640166085607 0
    outer loop
      vertex 58.8243238478899 10.629056759178638 20.400000000000002
      vertex 59.54718789458275 10.186085104942322 20.400000000000002
      vertex 58.8243238478899 10.629056759178638 21.6
    endloop
  endfacet
  facet normal -0.6494480465222144 -0.7604059671441825 0
    outer loop
      vertex 58.8243238478899 10.629056759178638 20.400000000000002
      vertex 58.17965552210808 11.179655522108078 21.6
      vertex 58.17965552210808 11.179655522108078 20.400000000000002
    endloop
  endfacet
  facet normal -0.7604059671441825 -0.6494480465222144 0
    outer loop
      vertex 57.62905675917864 11.8243238478899 21.6
      vertex 58.17965552210808 11.179655522108078 20.400000000000002
      vertex 58.17965552210808 11.179655522108078 21.6
    endloop
  endfacet
  facet normal -0.923879527490016 -0.38268344448750935 0
    outer loop
      vertex 57.18608510494232 12.547187894582748 20.400000000000002
      vertex 57.18608510494232 12.547187894582748 21.6
      vertex 56.86164803802967 13.330448232591152 21.6
    endloop
  endfacet
  facet normal -0.923879527490016 -0.38268344448750935 0
    outer loop
      vertex 57.18608510494232 12.547187894582748 20.400000000000002
      vertex 56.86164803802967 13.330448232591152 21.6
      vertex 56.86164803802967 13.330448232591152 20.400000000000002
    endloop
  endfacet
  facet normal -0.9723699218873866 -0.23344535765081692 0
    outer loop
      vertex 56.86164803802967 13.330448232591152 20.400000000000002
      vertex 56.86164803802967 13.330448232591152 21.6
      vertex 56.66373424977064 14.154818512499332 21.6
    endloop
  endfacet
  facet normal -0.852640166085607 -0.5224985618903737 0
    outer loop
      vertex 57.62905675917864 11.8243238478899 20.400000000000002
      vertex 57.18608510494232 12.547187894582748 21.6
      vertex 57.18608510494232 12.547187894582748 20.400000000000002
    endloop
  endfacet
  facet normal 0 0 -1
    outer loop
      vertex 56.66373424977064 14.154818512499332 20.400000000000002
      vertex 56.59721702337265 15 20.400000000000002
      vertex 60.5 15 20.400000000000002
    endloop
  endfacet
  facet normal -0.9723699218873866 -0.23344535765081692 0
    outer loop
      vertex 56.86164803802967 13.330448232591152 20.400000000000002
      vertex 56.66373424977064 14.154818512499332 21.6
      vertex 56.66373424977064 14.154818512499332 20.400000000000002
    endloop
  endfacet
  facet normal -0.9969173336634611 -0.07845909661304759 0
    outer loop
      vertex 56.66373424977064 14.154818512499332 20.400000000000002
      vertex 56.59721702337265 15 21.6
      vertex 56.59721702337265 15 20.400000000000002
    endloop
  endfacet
  facet normal -0.9969173336634611 -0.07845909661304759 0
    outer loop
      vertex 56.66373424977064 14.154818512499332 20.400000000000002
      vertex 56.66373424977064 14.154818512499332 21.6
      vertex 56.59721702337265 15 21.6
    endloop
  endfacet
  facet normal 0 0 -1
    outer loop
      vertex 57.18608510494232 12.547187894582748 20.400000000000002
      vertex 56.86164803802967 13.330448232591152 20.400000000000002
      vertex 61.53647450843758 13.57341522555727 20.400000000000002
    endloop
  endfacet
  facet normal 0 0 -1
    outer loop
      vertex 56.86164803802967 13.330448232591152 20.400000000000002
      vertex 56.66373424977064 14.154818512499332 20.400000000000002
      vertex 60.78647450843758 14.11832212156129 20.400000000000002
    endloop
  endfacet
  facet normal 0 0 -1
    outer loop
      vertex 56.66373424977064 14.154818512499332 20.400000000000002
      vertex 60.5 15 20.400000000000002
      vertex 60.57341522555727 14.536474508437578 20.400000000000002
    endloop
  endfacet
  facet normal -0.38268344448750935 -0.923879527490016 0
    outer loop
      vertex 59.54718789458275 10.186085104942322 20.400000000000002
      vertex 60.33044823259115 9.86164803802967 20.400000000000002
      vertex 59.54718789458275 10.186085104942322 21.6
    endloop
  endfacet
  facet normal -0.5224985618903737 -0.852640166085607 0
    outer loop
      vertex 58.8243238478899 10.629056759178638 21.6
      vertex 59.54718789458275 10.186085104942322 20.400000000000002
      vertex 59.54718789458275 10.186085104942322 21.6
    endloop
  endfacet
  facet normal -0.23344535765081692 -0.9723699218873866 0
    outer loop
      vertex 60.33044823259115 9.86164803802967 20.400000000000002
      vertex 61.15481851249933 9.663734249770641 20.400000000000002
      vertex 60.33044823259115 9.86164803802967 21.6
    endloop
  endfacet
  facet normal -0.38268344448750935 -0.923879527490016 0
    outer loop
      vertex 60.33044823259115 9.86164803802967 20.400000000000002
      vertex 60.33044823259115 9.86164803802967 21.6
      vertex 59.54718789458275 10.186085104942322 21.6
    endloop
  endfacet
  facet normal 0 0 -1
    outer loop
      vertex 60.33044823259115 9.86164803802967 20.400000000000002
      vertex 64.45281210541725 10.186085104942322 20.400000000000002
      vertex 61.15481851249933 9.663734249770641 20.400000000000002
    endloop
  endfacet
  facet normal 0 0 -1
    outer loop
      vertex 59.54718789458275 10.186085104942322 20.400000000000002
      vertex 65.1756761521101 10.629056759178638 20.400000000000002
      vertex 60.33044823259115 9.86164803802967 20.400000000000002
    endloop
  endfacet
  facet normal 0 0 -1
    outer loop
      vertex 58.8243238478899 10.629056759178638 20.400000000000002
      vertex 65.82034447789192 11.179655522108078 20.400000000000002
      vertex 59.54718789458275 10.186085104942322 20.400000000000002
    endloop
  endfacet
  facet normal -0.23344535765081692 -0.9723699218873866 0
    outer loop
      vertex 60.33044823259115 9.86164803802967 21.6
      vertex 61.15481851249933 9.663734249770641 20.400000000000002
      vertex 61.15481851249933 9.663734249770641 21.6
    endloop
  endfacet
  facet normal -0.07845909661304759 -0.9969173336634611 0
    outer loop
      vertex 61.15481851249933 9.663734249770641 20.400000000000002
      vertex 62 9.59721702337265 20.400000000000002
      vertex 61.15481851249933 9.663734249770641 21.6
    endloop
  endfacet
  facet normal -0.07845909661304759 -0.9969173336634611 0
    outer loop
      vertex 61.15481851249933 9.663734249770641 21.6
      vertex 62 9.59721702337265 20.400000000000002
      vertex 62 9.59721702337265 21.6
    endloop
  endfacet
  facet normal 0 0 -1
    outer loop
      vertex 58.8243238478899 10.629056759178638 20.400000000000002
      vertex 58.17965552210808 11.179655522108078 20.400000000000002
      vertex 66.37094324082136 11.8243238478899 20.400000000000002
    endloop
  endfacet
  facet normal 0 0 -1
    outer loop
      vertex 57.62905675917864 11.8243238478899 20.400000000000002
      vertex 66.81391489505768 12.547187894582748 20.400000000000002
      vertex 58.17965552210808 11.179655522108078 20.400000000000002
    endloop
  endfacet
  facet normal 0 0 -1
    outer loop
      vertex 56.86164803802967 13.330448232591152 20.400000000000002
      vertex 61.11832212156129 13.786474508437578 20.400000000000002
      vertex 61.53647450843758 13.57341522555727 20.400000000000002
    endloop
  endfacet
  facet normal 0 0 -1
    outer loop
      vertex 57.18608510494232 12.547187894582748 20.400000000000002
      vertex 61.53647450843758 13.57341522555727 20.400000000000002
      vertex 62 13.5 20.400000000000002
    endloop
  endfacet
  facet normal 0 0 -1
    outer loop
      vertex 57.18608510494232 12.547187894582748 20.400000000000002
      vertex 62 13.5 20.400000000000002
      vertex 62.46352549156242 13.57341522555727 20.400000000000002
    endloop
  endfacet
  facet normal 0 0 -1
    outer loop
      vertex 56.86164803802967 13.330448232591152 20.400000000000002
      vertex 60.78647450843758 14.11832212156129 20.400000000000002
      vertex 61.11832212156129 13.786474508437578 20.400000000000002
    endloop
  endfacet
  facet normal 0 0 -1
    outer loop
      vertex 56.66373424977064 14.154818512499332 20.400000000000002
      vertex 60.57341522555727 14.536474508437578 20.400000000000002
      vertex 60.78647450843758 14.11832212156129 20.400000000000002
    endloop
  endfacet
  facet normal 0 0 -1
    outer loop
      vertex 57.62905675917864 11.8243238478899 20.400000000000002
      vertex 57.18608510494232 12.547187894582748 20.400000000000002
      vertex 67.13835196197033 13.330448232591152 20.400000000000002
    endloop
  endfacet
  facet normal 0 0 -1
    outer loop
      vertex 56.59721702337265 15 20.400000000000002
      vertex 56.66373424977064 15.845181487500668 20.400000000000002
      vertex 60.57341522555727 15.463525491562422 20.400000000000002
    endloop
  endfacet
  facet normal -0.9969173336634611 0.07845909661304759 0
    outer loop
      vertex 56.59721702337265 15 20.400000000000002
      vertex 56.66373424977064 15.845181487500668 21.6
      vertex 56.66373424977064 15.845181487500668 20.400000000000002
    endloop
  endfacet
  facet normal -0.9969173336634611 0.07845909661304759 0
    outer loop
      vertex 56.59721702337265 15 20.400000000000002
      vertex 56.59721702337265 15 21.6
      vertex 56.66373424977064 15.845181487500668 21.6
    endloop
  endfacet
  facet normal -0.9723699218873866 0.23344535765081692 0
    outer loop
      vertex 56.66373424977064 15.845181487500668 20.400000000000002
      vertex 56.66373424977064 15.845181487500668 21.6
      vertex 56.86164803802967 16.669551767408848 21.6
    endloop
  endfacet
  facet normal -0.9723699218873866 0.23344535765081692 0
    outer loop
      vertex 56.66373424977064 15.845181487500668 20.400000000000002
      vertex 56.86164803802967 16.669551767408848 21.6
      vertex 56.86164803802967 16.669551767408848 20.400000000000002
    endloop
  endfacet
  facet normal -0.923879527490016 0.38268344448750935 0
    outer loop
      vertex 56.86164803802967 16.669551767408848 20.400000000000002
      vertex 56.86164803802967 16.669551767408848 21.6
      vertex 57.18608510494232 17.45281210541725 21.6
    endloop
  endfacet
  facet normal -0.923879527490016 0.38268344448750935 0
    outer loop
      vertex 56.86164803802967 16.669551767408848 20.400000000000002
      vertex 57.18608510494232 17.45281210541725 21.6
      vertex 57.18608510494232 17.45281210541725 20.400000000000002
    endloop
  endfacet
  facet normal -0.852640166085607 0.5224985618903737 0
    outer loop
      vertex 57.18608510494232 17.45281210541725 20.400000000000002
      vertex 57.18608510494232 17.45281210541725 21.6
      vertex 57.62905675917864 18.1756761521101 21.6
    endloop
  endfacet
  facet normal 0 0 -1
    outer loop
      vertex 56.59721702337265 15 20.400000000000002
      vertex 60.57341522555727 15.463525491562422 20.400000000000002
      vertex 60.5 15 20.400000000000002
    endloop
  endfacet
  facet normal -0.852640166085607 0.5224985618903737 0
    outer loop
      vertex 57.18608510494232 17.45281210541725 20.400000000000002
      vertex 57.62905675917864 18.1756761521101 21.6
      vertex 57.62905675917864 18.1756761521101 20.400000000000002
    endloop
  endfacet
  facet normal -0.7604059671441825 0.6494480465222144 0
    outer loop
      vertex 57.62905675917864 18.1756761521101 20.400000000000002
      vertex 57.62905675917864 18.1756761521101 21.6
      vertex 58.17965552210808 18.820344477891922 21.6
    endloop
  endfacet
  facet normal -0.7604059671441825 0.6494480465222144 0
    outer loop
      vertex 57.62905675917864 18.1756761521101 20.400000000000002
      vertex 58.17965552210808 18.820344477891922 21.6
      vertex 58.17965552210808 18.820344477891922 20.400000000000002
    endloop
  endfacet
  facet normal -0.6494480465222144 0.7604059671441825 0
    outer loop
      vertex 58.17965552210808 18.820344477891922 20.400000000000002
      vertex 58.17965552210808 18.820344477891922 21.6
      vertex 58.8243238478899 19.37094324082136 21.6
    endloop
  endfacet
  facet normal -0.6494480465222144 0.7604059671441825 0
    outer loop
      vertex 58.17965552210808 18.820344477891922 20.400000000000002
      vertex 58.8243238478899 19.37094324082136 21.6
      vertex 58.8243238478899 19.37094324082136 20.400000000000002
    endloop
  endfacet
  facet normal -0.5224985618903737 0.852640166085607 0
    outer loop
      vertex 58.8243238478899 19.37094324082136 20.400000000000002
      vertex 58.8243238478899 19.37094324082136 21.6
      vertex 59.54718789458275 19.813914895057678 21.6
    endloop
  endfacet
  facet normal 0 0 -1
    outer loop
      vertex 56.66373424977064 15.845181487500668 20.400000000000002
      vertex 60.78647450843758 15.88167787843871 20.400000000000002
      vertex 60.57341522555727 15.463525491562422 20.400000000000002
    endloop
  endfacet
  facet normal 0 0 -1
    outer loop
      vertex 56.66373424977064 15.845181487500668 20.400000000000002
      vertex 61.11832212156129 16.21352549156242 20.400000000000002
      vertex 60.78647450843758 15.88167787843871 20.400000000000002
    endloop
  endfacet
  facet normal 0 0 -1
    outer loop
      vertex 56.66373424977064 15.845181487500668 20.400000000000002
      vertex 61.53647450843758 16.42658477444273 20.400000000000002
      vertex 61.11832212156129 16.21352549156242 20.400000000000002
    endloop
  endfacet
  facet normal 0 0 -1
    outer loop
      vertex 56.66373424977064 15.845181487500668 20.400000000000002
      vertex 56.86164803802967 16.669551767408848 20.400000000000002
      vertex 66.81391489505768 17.45281210541725 20.400000000000002
    endloop
  endfacet
  facet normal 0 0 -1
    outer loop
      vertex 56.86164803802967 16.669551767408848 20.400000000000002
      vertex 57.18608510494232 17.45281210541725 20.400000000000002
      vertex 66.37094324082136 18.1756761521101 20.400000000000002
    endloop
  endfacet
  facet normal 0 0 -1
    outer loop
      vertex 56.66373424977064 15.845181487500668 20.400000000000002
      vertex 66.81391489505768 17.45281210541725 20.400000000000002
      vertex 61.53647450843758 16.42658477444273 20.400000000000002
    endloop
  endfacet
  facet normal 0 0 -1
    outer loop
      vertex 57.18608510494232 17.45281210541725 20.400000000000002
      vertex 57.62905675917864 18.1756761521101 20.400000000000002
      vertex 65.82034447789192 18.820344477891922 20.400000000000002
    endloop
  endfacet
  facet normal 0 0 -1
    outer loop
      vertex 57.62905675917864 18.1756761521101 20.400000000000002
      vertex 58.17965552210808 18.820344477891922 20.400000000000002
      vertex 65.1756761521101 19.37094324082136 20.400000000000002
    endloop
  endfacet
  facet normal 0 0 -1
    outer loop
      vertex 58.17965552210808 18.820344477891922 20.400000000000002
      vertex 58.8243238478899 19.37094324082136 20.400000000000002
      vertex 64.45281210541725 19.813914895057678 20.400000000000002
    endloop
  endfacet
  facet normal -0.5224985618903737 0.852640166085607 0
    outer loop
      vertex 58.8243238478899 19.37094324082136 20.400000000000002
      vertex 59.54718789458275 19.813914895057678 21.6
      vertex 59.54718789458275 19.813914895057678 20.400000000000002
    endloop
  endfacet
  facet normal -0.38268344448750935 0.923879527490016 0
    outer loop
      vertex 59.54718789458275 19.813914895057678 20.400000000000002
      vertex 59.54718789458275 19.813914895057678 21.6
      vertex 60.33044823259115 20.13835196197033 21.6
    endloop
  endfacet
  facet normal -0.38268344448750935 0.923879527490016 0
    outer loop
      vertex 59.54718789458275 19.813914895057678 20.400000000000002
      vertex 60.33044823259115 20.13835196197033 21.6
      vertex 60.33044823259115 20.13835196197033 20.400000000000002
    endloop
  endfacet
  facet normal -0.23344535765081692 0.9723699218873866 0
    outer loop
      vertex 60.33044823259115 20.13835196197033 20.400000000000002
      vertex 60.33044823259115 20.13835196197033 21.6
      vertex 61.15481851249933 20.33626575022936 21.6
    endloop
  endfacet
  facet normal 0 0 -1
    outer loop
      vertex 58.8243238478899 19.37094324082136 20.400000000000002
      vertex 59.54718789458275 19.813914895057678 20.400000000000002
      vertex 63.66955176740885 20.13835196197033 20.400000000000002
    endloop
  endfacet
  facet normal 0 0 -1
    outer loop
      vertex 59.54718789458275 19.813914895057678 20.400000000000002
      vertex 60.33044823259115 20.13835196197033 20.400000000000002
      vertex 62.84518148750067 20.33626575022936 20.400000000000002
    endloop
  endfacet
  facet normal 0 0 -1
    outer loop
      vertex 60.33044823259115 20.13835196197033 20.400000000000002
      vertex 61.15481851249933 20.33626575022936 20.400000000000002
      vertex 62 20.40278297662735 20.400000000000002
    endloop
  endfacet
  facet normal 0 0 -1
    outer loop
      vertex 60.33044823259115 20.13835196197033 20.400000000000002
      vertex 62 20.40278297662735 20.400000000000002
      vertex 62.84518148750067 20.33626575022936 20.400000000000002
    endloop
  endfacet
  facet normal -0.23344535765081692 0.9723699218873866 0
    outer loop
      vertex 60.33044823259115 20.13835196197033 20.400000000000002
      vertex 61.15481851249933 20.33626575022936 21.6
      vertex 61.15481851249933 20.33626575022936 20.400000000000002
    endloop
  endfacet
  facet normal -0.07845909661304759 0.9969173336634611 0
    outer loop
      vertex 61.15481851249933 20.33626575022936 20.400000000000002
      vertex 62 20.40278297662735 21.6
      vertex 62 20.40278297662735 20.400000000000002
    endloop
  endfacet
  facet normal -0.07845909661304759 0.9969173336634611 0
    outer loop
      vertex 61.15481851249933 20.33626575022936 20.400000000000002
      vertex 61.15481851249933 20.33626575022936 21.6
      vertex 62 20.40278297662735 21.6
    endloop
  endfacet
  facet normal 0 0 -1
    outer loop
      vertex 61.15481851249933 9.663734249770641 20.400000000000002
      vertex 63.66955176740885 9.86164803802967 20.400000000000002
      vertex 62 9.59721702337265 20.400000000000002
    endloop
  endfacet
  facet normal 0 0 -1
    outer loop
      vertex 62 9.59721702337265 20.400000000000002
      vertex 63.66955176740885 9.86164803802967 20.400000000000002
      vertex 62.84518148750067 9.663734249770641 20.400000000000002
    endloop
  endfacet
  facet normal 0 0 -1
    outer loop
      vertex 61.15481851249933 9.663734249770641 20.400000000000002
      vertex 64.45281210541725 10.186085104942322 20.400000000000002
      vertex 63.66955176740885 9.86164803802967 20.400000000000002
    endloop
  endfacet
  facet normal 0 0 -1
    outer loop
      vertex 60.33044823259115 9.86164803802967 20.400000000000002
      vertex 65.1756761521101 10.629056759178638 20.400000000000002
      vertex 64.45281210541725 10.186085104942322 20.400000000000002
    endloop
  endfacet
  facet normal 0.07845909661304759 -0.9969173336634611 0
    outer loop
      vertex 62 9.59721702337265 20.400000000000002
      vertex 62.84518148750067 9.663734249770641 20.400000000000002
      vertex 62 9.59721702337265 21.6
    endloop
  endfacet
  facet normal 0.07845909661304759 -0.9969173336634611 0
    outer loop
      vertex 62.84518148750067 9.663734249770641 20.400000000000002
      vertex 62.84518148750067 9.663734249770641 21.6
      vertex 62 9.59721702337265 21.6
    endloop
  endfacet
  facet normal 0.23344535765081692 -0.9723699218873866 0
    outer loop
      vertex 62.84518148750067 9.663734249770641 20.400000000000002
      vertex 63.66955176740885 9.86164803802967 20.400000000000002
      vertex 62.84518148750067 9.663734249770641 21.6
    endloop
  endfacet
  facet normal 0 0 -1
    outer loop
      vertex 59.54718789458275 10.186085104942322 20.400000000000002
      vertex 65.82034447789192 11.179655522108078 20.400000000000002
      vertex 65.1756761521101 10.629056759178638 20.400000000000002
    endloop
  endfacet
  facet normal 0.38268344448750935 -0.923879527490016 0
    outer loop
      vertex 63.66955176740885 9.86164803802967 20.400000000000002
      vertex 64.45281210541725 10.186085104942322 20.400000000000002
      vertex 63.66955176740885 9.86164803802967 21.6
    endloop
  endfacet
  facet normal 0.23344535765081692 -0.9723699218873866 0
    outer loop
      vertex 62.84518148750067 9.663734249770641 21.6
      vertex 63.66955176740885 9.86164803802967 20.400000000000002
      vertex 63.66955176740885 9.86164803802967 21.6
    endloop
  endfacet
  facet normal 0.38268344448750935 -0.923879527490016 0
    outer loop
      vertex 64.45281210541725 10.186085104942322 20.400000000000002
      vertex 64.45281210541725 10.186085104942322 21.6
      vertex 63.66955176740885 9.86164803802967 21.6
    endloop
  endfacet
  facet normal 0.5224985618903737 -0.852640166085607 0
    outer loop
      vertex 64.45281210541725 10.186085104942322 20.400000000000002
      vertex 65.1756761521101 10.629056759178638 20.400000000000002
      vertex 64.45281210541725 10.186085104942322 21.6
    endloop
  endfacet
  facet normal 0 0 -1
    outer loop
      vertex 58.8243238478899 10.629056759178638 20.400000000000002
      vertex 66.37094324082136 11.8243238478899 20.400000000000002
      vertex 65.82034447789192 11.179655522108078 20.400000000000002
    endloop
  endfacet
  facet normal 0 0 -1
    outer loop
      vertex 58.17965552210808 11.179655522108078 20.400000000000002
      vertex 66.81391489505768 12.547187894582748 20.400000000000002
      vertex 66.37094324082136 11.8243238478899 20.400000000000002
    endloop
  endfacet
  facet normal 0 0 -1
    outer loop
      vertex 57.18608510494232 12.547187894582748 20.400000000000002
      vertex 62.46352549156242 13.57341522555727 20.400000000000002
      vertex 67.33626575022936 14.154818512499332 20.400000000000002
    endloop
  endfacet
  facet normal 0 0 -1
    outer loop
      vertex 57.62905675917864 11.8243238478899 20.400000000000002
      vertex 67.13835196197033 13.330448232591152 20.400000000000002
      vertex 66.81391489505768 12.547187894582748 20.400000000000002
    endloop
  endfacet
  facet normal 0 0 -1
    outer loop
      vertex 57.18608510494232 12.547187894582748 20.400000000000002
      vertex 67.33626575022936 14.154818512499332 20.400000000000002
      vertex 67.13835196197033 13.330448232591152 20.400000000000002
    endloop
  endfacet
  facet normal 0 0 -1
    outer loop
      vertex 67.33626575022936 14.154818512499332 20.400000000000002
      vertex 62.46352549156242 13.57341522555727 20.400000000000002
      vertex 62.88167787843871 13.786474508437578 20.400000000000002
    endloop
  endfacet
  facet normal 0 0 -1
    outer loop
      vertex 67.33626575022936 14.154818512499332 20.400000000000002
      vertex 62.88167787843871 13.786474508437578 20.400000000000002
      vertex 63.21352549156242 14.11832212156129 20.400000000000002
    endloop
  endfacet
  facet normal 0 0 -1
    outer loop
      vertex 67.33626575022936 14.154818512499332 20.400000000000002
      vertex 63.21352549156242 14.11832212156129 20.400000000000002
      vertex 63.42658477444273 14.536474508437578 20.400000000000002
    endloop
  endfacet
  facet normal 0.5224985618903737 -0.852640166085607 0
    outer loop
      vertex 64.45281210541725 10.186085104942322 21.6
      vertex 65.1756761521101 10.629056759178638 20.400000000000002
      vertex 65.1756761521101 10.629056759178638 21.6
    endloop
  endfacet
  facet normal 0.6494480465222144 -0.7604059671441825 0
    outer loop
      vertex 65.1756761521101 10.629056759178638 20.400000000000002
      vertex 65.82034447789192 11.179655522108078 20.400000000000002
      vertex 65.1756761521101 10.629056759178638 21.6
    endloop
  endfacet
  facet normal 0.7604059671441825 -0.6494480465222144 0
    outer loop
      vertex 65.82034447789192 11.179655522108078 20.400000000000002
      vertex 66.37094324082136 11.8243238478899 20.400000000000002
      vertex 65.82034447789192 11.179655522108078 21.6
    endloop
  endfacet
  facet normal 0.6494480465222144 -0.7604059671441825 0
    outer loop
      vertex 65.1756761521101 10.629056759178638 21.6
      vertex 65.82034447789192 11.179655522108078 20.400000000000002
      vertex 65.82034447789192 11.179655522108078 21.6
    endloop
  endfacet
  facet normal 0.7604059671441825 -0.6494480465222144 0
    outer loop
      vertex 65.82034447789192 11.179655522108078 21.6
      vertex 66.37094324082136 11.8243238478899 20.400000000000002
      vertex 66.37094324082136 11.8243238478899 21.6
    endloop
  endfacet
  facet normal 0.852640166085607 -0.5224985618903737 0
    outer loop
      vertex 66.37094324082136 11.8243238478899 20.400000000000002
      vertex 66.81391489505768 12.547187894582748 20.400000000000002
      vertex 66.37094324082136 11.8243238478899 21.6
    endloop
  endfacet
  facet normal 0 0 -1
    outer loop
      vertex 67.40278297662735 15 20.400000000000002
      vertex 63.42658477444273 14.536474508437578 20.400000000000002
      vertex 63.5 15 20.400000000000002
    endloop
  endfacet
  facet normal 0.852640166085607 -0.5224985618903737 0
    outer loop
      vertex 66.37094324082136 11.8243238478899 21.6
      vertex 66.81391489505768 12.547187894582748 20.400000000000002
      vertex 66.81391489505768 12.547187894582748 21.6
    endloop
  endfacet
  facet normal 0.923879527490016 -0.38268344448750935 0
    outer loop
      vertex 66.81391489505768 12.547187894582748 20.400000000000002
      vertex 67.13835196197033 13.330448232591152 20.400000000000002
      vertex 66.81391489505768 12.547187894582748 21.6
    endloop
  endfacet
  facet normal 0.9723699218873866 -0.23344535765081692 0
    outer loop
      vertex 67.13835196197033 13.330448232591152 20.400000000000002
      vertex 67.33626575022936 14.154818512499332 20.400000000000002
      vertex 67.13835196197033 13.330448232591152 21.6
    endloop
  endfacet
  facet normal 0.923879527490016 -0.38268344448750935 0
    outer loop
      vertex 67.13835196197033 13.330448232591152 20.400000000000002
      vertex 67.13835196197033 13.330448232591152 21.6
      vertex 66.81391489505768 12.547187894582748 21.6
    endloop
  endfacet
  facet normal 0 0 -1
    outer loop
      vertex 67.33626575022936 14.154818512499332 20.400000000000002
      vertex 63.42658477444273 14.536474508437578 20.400000000000002
      vertex 67.40278297662735 15 20.400000000000002
    endloop
  endfacet
  facet normal 0.9723699218873866 -0.23344535765081692 0
    outer loop
      vertex 67.13835196197033 13.330448232591152 21.6
      vertex 67.33626575022936 14.154818512499332 20.400000000000002
      vertex 67.33626575022936 14.154818512499332 21.6
    endloop
  endfacet
  facet normal 0.9969173336634611 -0.07845909661304759 0
    outer loop
      vertex 67.33626575022936 14.154818512499332 20.400000000000002
      vertex 67.40278297662735 15 20.400000000000002
      vertex 67.33626575022936 14.154818512499332 21.6
    endloop
  endfacet
  facet normal 0.9969173336634611 -0.07845909661304759 0
    outer loop
      vertex 67.33626575022936 14.154818512499332 21.6
      vertex 67.40278297662735 15 20.400000000000002
      vertex 67.40278297662735 15 21.6
    endloop
  endfacet
  facet normal 0 0 -1
    outer loop
      vertex 56.86164803802967 16.669551767408848 20.400000000000002
      vertex 66.37094324082136 18.1756761521101 20.400000000000002
      vertex 66.81391489505768 17.45281210541725 20.400000000000002
    endloop
  endfacet
  facet normal 0 0 -1
    outer loop
      vertex 67.33626575022936 15.845181487500668 20.400000000000002
      vertex 63.42658477444273 15.463525491562422 20.400000000000002
      vertex 63.21352549156242 15.88167787843871 20.400000000000002
    endloop
  endfacet
  facet normal 0 0 -1
    outer loop
      vertex 67.13835196197033 16.669551767408848 20.400000000000002
      vertex 63.21352549156242 15.88167787843871 20.400000000000002
      vertex 62.88167787843871 16.21352549156242 20.400000000000002
    endloop
  endfacet
  facet normal 0 0 -1
    outer loop
      vertex 66.81391489505768 17.45281210541725 20.400000000000002
      vertex 62 16.5 20.400000000000002
      vertex 61.53647450843758 16.42658477444273 20.400000000000002
    endloop
  endfacet
  facet normal 0 0 -1
    outer loop
      vertex 66.81391489505768 17.45281210541725 20.400000000000002
      vertex 62.46352549156242 16.42658477444273 20.400000000000002
      vertex 62 16.5 20.400000000000002
    endloop
  endfacet
  facet normal 0 0 -1
    outer loop
      vertex 67.13835196197033 16.669551767408848 20.400000000000002
      vertex 62.88167787843871 16.21352549156242 20.400000000000002
      vertex 62.46352549156242 16.42658477444273 20.400000000000002
    endloop
  endfacet
  facet normal 0 0 -1
    outer loop
      vertex 57.18608510494232 17.45281210541725 20.400000000000002
      vertex 65.82034447789192 18.820344477891922 20.400000000000002
      vertex 66.37094324082136 18.1756761521101 20.400000000000002
    endloop
  endfacet
  facet normal 0 0 -1
    outer loop
      vertex 57.62905675917864 18.1756761521101 20.400000000000002
      vertex 65.1756761521101 19.37094324082136 20.400000000000002
      vertex 65.82034447789192 18.820344477891922 20.400000000000002
    endloop
  endfacet
  facet normal 0 0 -1
    outer loop
      vertex 58.17965552210808 18.820344477891922 20.400000000000002
      vertex 64.45281210541725 19.813914895057678 20.400000000000002
      vertex 65.1756761521101 19.37094324082136 20.400000000000002
    endloop
  endfacet
  facet normal 0 0 -1
    outer loop
      vertex 58.8243238478899 19.37094324082136 20.400000000000002
      vertex 63.66955176740885 20.13835196197033 20.400000000000002
      vertex 64.45281210541725 19.813914895057678 20.400000000000002
    endloop
  endfacet
  facet normal 0 0 -1
    outer loop
      vertex 59.54718789458275 19.813914895057678 20.400000000000002
      vertex 62.84518148750067 20.33626575022936 20.400000000000002
      vertex 63.66955176740885 20.13835196197033 20.400000000000002
    endloop
  endfacet
  facet normal 0.07845909661304759 0.9969173336634611 0
    outer loop
      vertex 62 20.40278297662735 20.400000000000002
      vertex 62.84518148750067 20.33626575022936 21.6
      vertex 62.84518148750067 20.33626575022936 20.400000000000002
    endloop
  endfacet
  facet normal 0.07845909661304759 0.9969173336634611 0
    outer loop
      vertex 62 20.40278297662735 20.400000000000002
      vertex 62 20.40278297662735 21.6
      vertex 62.84518148750067 20.33626575022936 21.6
    endloop
  endfacet
  facet normal 0.23344535765081692 0.9723699218873866 0
    outer loop
      vertex 62.84518148750067 20.33626575022936 20.400000000000002
      vertex 62.84518148750067 20.33626575022936 21.6
      vertex 63.66955176740885 20.13835196197033 21.6
    endloop
  endfacet
  facet normal 0.23344535765081692 0.9723699218873866 0
    outer loop
      vertex 62.84518148750067 20.33626575022936 20.400000000000002
      vertex 63.66955176740885 20.13835196197033 21.6
      vertex 63.66955176740885 20.13835196197033 20.400000000000002
    endloop
  endfacet
  facet normal 0.38268344448750935 0.923879527490016 0
    outer loop
      vertex 63.66955176740885 20.13835196197033 20.400000000000002
      vertex 63.66955176740885 20.13835196197033 21.6
      vertex 64.45281210541725 19.813914895057678 21.6
    endloop
  endfacet
  facet normal 0.5224985618903737 0.852640166085607 0
    outer loop
      vertex 64.45281210541725 19.813914895057678 20.400000000000002
      vertex 64.45281210541725 19.813914895057678 21.6
      vertex 65.1756761521101 19.37094324082136 21.6
    endloop
  endfacet
  facet normal 0.38268344448750935 0.923879527490016 0
    outer loop
      vertex 63.66955176740885 20.13835196197033 20.400000000000002
      vertex 64.45281210541725 19.813914895057678 21.6
      vertex 64.45281210541725 19.813914895057678 20.400000000000002
    endloop
  endfacet
  facet normal 0 0 -1
    outer loop
      vertex 67.33626575022936 15.845181487500668 20.400000000000002
      vertex 63.5 15 20.400000000000002
      vertex 63.42658477444273 15.463525491562422 20.400000000000002
    endloop
  endfacet
  facet normal 0 0 -1
    outer loop
      vertex 67.33626575022936 15.845181487500668 20.400000000000002
      vertex 63.21352549156242 15.88167787843871 20.400000000000002
      vertex 67.13835196197033 16.669551767408848 20.400000000000002
    endloop
  endfacet
  facet normal 0 0 -1
    outer loop
      vertex 67.13835196197033 16.669551767408848 20.400000000000002
      vertex 62.46352549156242 16.42658477444273 20.400000000000002
      vertex 66.81391489505768 17.45281210541725 20.400000000000002
    endloop
  endfacet
  facet normal 0 0 -1
    outer loop
      vertex 67.40278297662735 15 20.400000000000002
      vertex 63.5 15 20.400000000000002
      vertex 67.33626575022936 15.845181487500668 20.400000000000002
    endloop
  endfacet
  facet normal 0.9969173336634611 0.07845909661304759 0
    outer loop
      vertex 67.40278297662735 15 20.400000000000002
      vertex 67.33626575022936 15.845181487500668 20.400000000000002
      vertex 67.40278297662735 15 21.6
    endloop
  endfacet
  facet normal 0.9969173336634611 0.07845909661304759 0
    outer loop
      vertex 67.33626575022936 15.845181487500668 20.400000000000002
      vertex 67.33626575022936 15.845181487500668 21.6
      vertex 67.40278297662735 15 21.6
    endloop
  endfacet
  facet normal 0.9723699218873866 0.23344535765081692 0
    outer loop
      vertex 67.33626575022936 15.845181487500668 20.400000000000002
      vertex 67.13835196197033 16.669551767408848 20.400000000000002
      vertex 67.33626575022936 15.845181487500668 21.6
    endloop
  endfacet
  facet normal 0.852640166085607 0.5224985618903737 0
    outer loop
      vertex 66.81391489505768 17.45281210541725 20.400000000000002
      vertex 66.37094324082136 18.1756761521101 20.400000000000002
      vertex 66.81391489505768 17.45281210541725 21.6
    endloop
  endfacet
  facet normal 0.923879527490016 0.38268344448750935 0
    outer loop
      vertex 67.13835196197033 16.669551767408848 20.400000000000002
      vertex 66.81391489505768 17.45281210541725 20.400000000000002
      vertex 67.13835196197033 16.669551767408848 21.6
    endloop
  endfacet
  facet normal 0.9723699218873866 0.23344535765081692 0
    outer loop
      vertex 67.33626575022936 15.845181487500668 21.6
      vertex 67.13835196197033 16.669551767408848 20.400000000000002
      vertex 67.13835196197033 16.669551767408848 21.6
    endloop
  endfacet
  facet normal 0.923879527490016 0.38268344448750935 0
    outer loop
      vertex 66.81391489505768 17.45281210541725 20.400000000000002
      vertex 66.81391489505768 17.45281210541725 21.6
      vertex 67.13835196197033 16.669551767408848 21.6
    endloop
  endfacet
  facet normal 0.6494480465222144 0.7604059671441825 0
    outer loop
      vertex 65.82034447789192 18.820344477891922 20.400000000000002
      vertex 65.1756761521101 19.37094324082136 20.400000000000002
      vertex 65.82034447789192 18.820344477891922 21.6
    endloop
  endfacet
  facet normal 0.7604059671441825 0.6494480465222144 0
    outer loop
      vertex 65.82034447789192 18.820344477891922 20.400000000000002
      vertex 65.82034447789192 18.820344477891922 21.6
      vertex 66.37094324082136 18.1756761521101 21.6
    endloop
  endfacet
  facet normal 0.5224985618903737 0.852640166085607 0
    outer loop
      vertex 64.45281210541725 19.813914895057678 20.400000000000002
      vertex 65.1756761521101 19.37094324082136 21.6
      vertex 65.1756761521101 19.37094324082136 20.400000000000002
    endloop
  endfacet
  facet normal 0.6494480465222144 0.7604059671441825 0
    outer loop
      vertex 65.82034447789192 18.820344477891922 21.6
      vertex 65.1756761521101 19.37094324082136 20.400000000000002
      vertex 65.1756761521101 19.37094324082136 21.6
    endloop
  endfacet
  facet normal 0.852640166085607 0.5224985618903737 0
    outer loop
      vertex 66.81391489505768 17.45281210541725 21.6
      vertex 66.37094324082136 18.1756761521101 20.400000000000002
      vertex 66.37094324082136 18.1756761521101 21.6
    endloop
  endfacet
  facet normal 0.7604059671441825 0.6494480465222144 0
    outer loop
      vertex 65.82034447789192 18.820344477891922 20.400000000000002
      vertex 66.37094324082136 18.1756761521101 21.6
      vertex 66.37094324082136 18.1756761521101 20.400000000000002
    endloop
  endfacet
  facet normal -0.9876883405951378 -0.15643446504023048 0
    outer loop
      vertex 60.57341522555727 14.536474508437578 19.3
      vertex 60.57341522555727 14.536474508437578 20.400000000000002
      vertex 60.5 15 19.3
    endloop
  endfacet
  facet normal -0.8910065241883681 -0.45399049973954625 0
    outer loop
      vertex 60.57341522555727 14.536474508437578 19.3
      vertex 60.78647450843758 14.11832212156129 20.400000000000002
      vertex 60.57341522555727 14.536474508437578 20.400000000000002
    endloop
  endfacet
  facet normal -0.9876883405951378 -0.15643446504023048 0
    outer loop
      vertex 60.5 15 19.3
      vertex 60.57341522555727 14.536474508437578 20.400000000000002
      vertex 60.5 15 20.400000000000002
    endloop
  endfacet
  facet normal -0.4539904997395478 -0.8910065241883673 -1.6620616387832074e-18
    outer loop
      vertex 61.11832212156129 13.786474508437578 19.3
      vertex 61.53647450843758 13.57341522555727 19.3
      vertex 61.53647450843758 13.57341522555727 20.400000000000002
    endloop
  endfacet
  facet normal -0.15643446504023048 -0.9876883405951378 5.563315214756035e-18
    outer loop
      vertex 61.53647450843758 13.57341522555727 19.3
      vertex 62 13.5 19.3
      vertex 62 13.5 20.400000000000002
    endloop
  endfacet
  facet normal -0.15643446504023048 -0.9876883405951378 0
    outer loop
      vertex 61.53647450843758 13.57341522555727 19.3
      vertex 62 13.5 20.400000000000002
      vertex 61.53647450843758 13.57341522555727 20.400000000000002
    endloop
  endfacet
  facet normal -0.8910065241883681 -0.45399049973954625 0
    outer loop
      vertex 60.78647450843758 14.11832212156129 19.3
      vertex 60.78647450843758 14.11832212156129 20.400000000000002
      vertex 60.57341522555727 14.536474508437578 19.3
    endloop
  endfacet
  facet normal -0.7071067811865457 -0.7071067811865495 1.2673756809748196e-17
    outer loop
      vertex 60.78647450843758 14.11832212156129 19.3
      vertex 61.11832212156129 13.786474508437578 19.3
      vertex 61.11832212156129 13.786474508437578 20.400000000000002
    endloop
  endfacet
  facet normal -0.7071067811865457 -0.7071067811865495 0
    outer loop
      vertex 60.78647450843758 14.11832212156129 19.3
      vertex 61.11832212156129 13.786474508437578 20.400000000000002
      vertex 60.78647450843758 14.11832212156129 20.400000000000002
    endloop
  endfacet
  facet normal -0.4539904997395478 -0.8910065241883673 0
    outer loop
      vertex 61.11832212156129 13.786474508437578 19.3
      vertex 61.53647450843758 13.57341522555727 20.400000000000002
      vertex 61.11832212156129 13.786474508437578 20.400000000000002
    endloop
  endfacet
  facet normal 0 0 -1
    outer loop
      vertex 60.78647450843758 14.11832212156129 19.3
      vertex 60.57341522555727 14.536474508437578 19.3
      vertex 60.78647450843758 15.88167787843871 19.3
    endloop
  endfacet
  facet normal 0 0 -1
    outer loop
      vertex 60.78647450843758 14.11832212156129 19.3
      vertex 61.11832212156129 16.21352549156242 19.3
      vertex 61.11832212156129 13.786474508437578 19.3
    endloop
  endfacet
  facet normal 0 0 -1
    outer loop
      vertex 61.11832212156129 13.786474508437578 19.3
      vertex 61.53647450843758 16.42658477444273 19.3
      vertex 61.53647450843758 13.57341522555727 19.3
    endloop
  endfacet
  facet normal 0 0 -1
    outer loop
      vertex 61.53647450843758 13.57341522555727 19.3
      vertex 62 16.5 19.3
      vertex 62 13.5 19.3
    endloop
  endfacet
  facet normal 0 0 -1
    outer loop
      vertex 60.57341522555727 14.536474508437578 19.3
      vertex 60.5 15 19.3
      vertex 60.57341522555727 15.463525491562422 19.3
    endloop
  endfacet
  facet normal 0 0 -1
    outer loop
      vertex 60.57341522555727 14.536474508437578 19.3
      vertex 60.57341522555727 15.463525491562422 19.3
      vertex 60.78647450843758 15.88167787843871 19.3
    endloop
  endfacet
  facet normal -0.9876883405951378 0.15643446504023048 0
    outer loop
      vertex 60.5 15 19.3
      vertex 60.5 15 20.400000000000002
      vertex 60.57341522555727 15.463525491562422 19.3
    endloop
  endfacet
  facet normal -0.8910065241883681 0.45399049973954625 0
    outer loop
      vertex 60.57341522555727 15.463525491562422 19.3
      vertex 60.57341522555727 15.463525491562422 20.400000000000002
      vertex 60.78647450843758 15.88167787843871 19.3
    endloop
  endfacet
  facet normal -0.9876883405951378 0.15643446504023048 0
    outer loop
      vertex 60.57341522555727 15.463525491562422 19.3
      vertex 60.5 15 20.400000000000002
      vertex 60.57341522555727 15.463525491562422 20.400000000000002
    endloop
  endfacet
  facet normal 0 0 -1
    outer loop
      vertex 60.78647450843758 14.11832212156129 19.3
      vertex 60.78647450843758 15.88167787843871 19.3
      vertex 61.11832212156129 16.21352549156242 19.3
    endloop
  endfacet
  facet normal 0 0 -1
    outer loop
      vertex 61.11832212156129 13.786474508437578 19.3
      vertex 61.11832212156129 16.21352549156242 19.3
      vertex 61.53647450843758 16.42658477444273 19.3
    endloop
  endfacet
  facet normal -0.7071067811865457 0.7071067811865495 0
    outer loop
      vertex 60.78647450843758 15.88167787843871 19.3
      vertex 60.78647450843758 15.88167787843871 20.400000000000002
      vertex 61.11832212156129 16.21352549156242 19.3
    endloop
  endfacet
  facet normal -0.4539904997395478 0.8910065241883673 0
    outer loop
      vertex 61.11832212156129 16.21352549156242 19.3
      vertex 61.11832212156129 16.21352549156242 20.400000000000002
      vertex 61.53647450843758 16.42658477444273 19.3
    endloop
  endfacet
  facet normal -0.8910065241883681 0.45399049973954625 0
    outer loop
      vertex 60.78647450843758 15.88167787843871 19.3
      vertex 60.57341522555727 15.463525491562422 20.400000000000002
      vertex 60.78647450843758 15.88167787843871 20.400000000000002
    endloop
  endfacet
  facet normal -0.7071067811865457 0.7071067811865495 0
    outer loop
      vertex 61.11832212156129 16.21352549156242 19.3
      vertex 60.78647450843758 15.88167787843871 20.400000000000002
      vertex 61.11832212156129 16.21352549156242 20.400000000000002
    endloop
  endfacet
  facet normal 0 0 -1
    outer loop
      vertex 61.53647450843758 13.57341522555727 19.3
      vertex 61.53647450843758 16.42658477444273 19.3
      vertex 62 16.5 19.3
    endloop
  endfacet
  facet normal -0.15643446504023048 0.9876883405951378 0
    outer loop
      vertex 61.53647450843758 16.42658477444273 19.3
      vertex 61.53647450843758 16.42658477444273 20.400000000000002
      vertex 62 16.5 19.3
    endloop
  endfacet
  facet normal -0.4539904997395478 0.8910065241883673 0
    outer loop
      vertex 61.53647450843758 16.42658477444273 19.3
      vertex 61.11832212156129 16.21352549156242 20.400000000000002
      vertex 61.53647450843758 16.42658477444273 20.400000000000002
    endloop
  endfacet
  facet normal -0.15643446504023048 0.9876883405951378 0
    outer loop
      vertex 62 16.5 19.3
      vertex 61.53647450843758 16.42658477444273 20.400000000000002
      vertex 62 16.5 20.400000000000002
    endloop
  endfacet
  facet normal 0.15643446504023048 -0.9876883405951378 -5.563315214756035e-18
    outer loop
      vertex 62 13.5 19.3
      vertex 62.46352549156242 13.57341522555727 19.3
      vertex 62.46352549156242 13.57341522555727 20.400000000000002
    endloop
  endfacet
  facet normal 0.15643446504023048 -0.9876883405951378 0
    outer loop
      vertex 62 13.5 19.3
      vertex 62.46352549156242 13.57341522555727 20.400000000000002
      vertex 62 13.5 20.400000000000002
    endloop
  endfacet
  facet normal 0.4539904997395478 -0.8910065241883673 0
    outer loop
      vertex 62.46352549156242 13.57341522555727 19.3
      vertex 62.88167787843871 13.786474508437578 20.400000000000002
      vertex 62.46352549156242 13.57341522555727 20.400000000000002
    endloop
  endfacet
  facet normal 0 0 -1
    outer loop
      vertex 62 13.5 19.3
      vertex 62.46352549156242 16.42658477444273 19.3
      vertex 62.46352549156242 13.57341522555727 19.3
    endloop
  endfacet
  facet normal 0.4539904997395478 -0.8910065241883673 1.6620616387832074e-18
    outer loop
      vertex 62.46352549156242 13.57341522555727 19.3
      vertex 62.88167787843871 13.786474508437578 19.3
      vertex 62.88167787843871 13.786474508437578 20.400000000000002
    endloop
  endfacet
  facet normal 0.7071067811865457 -0.7071067811865495 -1.2673756809748196e-17
    outer loop
      vertex 62.88167787843871 13.786474508437578 19.3
      vertex 63.21352549156242 14.11832212156129 19.3
      vertex 63.21352549156242 14.11832212156129 20.400000000000002
    endloop
  endfacet
  facet normal 0.7071067811865457 -0.7071067811865495 0
    outer loop
      vertex 62.88167787843871 13.786474508437578 19.3
      vertex 63.21352549156242 14.11832212156129 20.400000000000002
      vertex 62.88167787843871 13.786474508437578 20.400000000000002
    endloop
  endfacet
  facet normal 0.8910065241883681 -0.45399049973954625 0
    outer loop
      vertex 63.21352549156242 14.11832212156129 19.3
      vertex 63.42658477444273 14.536474508437578 20.400000000000002
      vertex 63.21352549156242 14.11832212156129 20.400000000000002
    endloop
  endfacet
  facet normal 0 0 -1
    outer loop
      vertex 62.46352549156242 13.57341522555727 19.3
      vertex 62.88167787843871 16.21352549156242 19.3
      vertex 62.88167787843871 13.786474508437578 19.3
    endloop
  endfacet
  facet normal 0 0 -1
    outer loop
      vertex 62.88167787843871 13.786474508437578 19.3
      vertex 63.21352549156242 15.88167787843871 19.3
      vertex 63.21352549156242 14.11832212156129 19.3
    endloop
  endfacet
  facet normal 0.8910065241883681 -0.45399049973954625 8.963102385064908e-18
    outer loop
      vertex 63.21352549156242 14.11832212156129 19.3
      vertex 63.42658477444273 14.536474508437578 19.3
      vertex 63.42658477444273 14.536474508437578 20.400000000000002
    endloop
  endfacet
  facet normal 0 0 -1
    outer loop
      vertex 63.21352549156242 14.11832212156129 19.3
      vertex 63.42658477444273 15.463525491562422 19.3
      vertex 63.42658477444273 14.536474508437578 19.3
    endloop
  endfacet
  facet normal 0.9876883405951378 -0.15643446504023048 -5.563315214756035e-18
    outer loop
      vertex 63.42658477444273 14.536474508437578 19.3
      vertex 63.5 15 19.3
      vertex 63.5 15 20.400000000000002
    endloop
  endfacet
  facet normal 0.9876883405951378 -0.15643446504023048 0
    outer loop
      vertex 63.42658477444273 14.536474508437578 19.3
      vertex 63.5 15 20.400000000000002
      vertex 63.42658477444273 14.536474508437578 20.400000000000002
    endloop
  endfacet
  facet normal 0 0 -1
    outer loop
      vertex 62 13.5 19.3
      vertex 62 16.5 19.3
      vertex 62.46352549156242 16.42658477444273 19.3
    endloop
  endfacet
  facet normal 0 0 -1
    outer loop
      vertex 62.46352549156242 13.57341522555727 19.3
      vertex 62.46352549156242 16.42658477444273 19.3
      vertex 62.88167787843871 16.21352549156242 19.3
    endloop
  endfacet
  facet normal 0 0 -1
    outer loop
      vertex 62.88167787843871 13.786474508437578 19.3
      vertex 62.88167787843871 16.21352549156242 19.3
      vertex 63.21352549156242 15.88167787843871 19.3
    endloop
  endfacet
  facet normal 0 0 -1
    outer loop
      vertex 63.21352549156242 14.11832212156129 19.3
      vertex 63.21352549156242 15.88167787843871 19.3
      vertex 63.42658477444273 15.463525491562422 19.3
    endloop
  endfacet
  facet normal 0.7071067811865457 0.7071067811865495 0
    outer loop
      vertex 62.88167787843871 16.21352549156242 19.3
      vertex 62.88167787843871 16.21352549156242 20.400000000000002
      vertex 63.21352549156242 15.88167787843871 19.3
    endloop
  endfacet
  facet normal 0.8910065241883681 0.45399049973954625 -8.963102385064908e-18
    outer loop
      vertex 63.42658477444273 15.463525491562422 19.3
      vertex 63.21352549156242 15.88167787843871 19.3
      vertex 63.21352549156242 15.88167787843871 20.400000000000002
    endloop
  endfacet
  facet normal 0.4539904997395478 0.8910065241883673 0
    outer loop
      vertex 62.88167787843871 16.21352549156242 19.3
      vertex 62.46352549156242 16.42658477444273 20.400000000000002
      vertex 62.88167787843871 16.21352549156242 20.400000000000002
    endloop
  endfacet
  facet normal 0.7071067811865457 0.7071067811865495 0
    outer loop
      vertex 63.21352549156242 15.88167787843871 19.3
      vertex 62.88167787843871 16.21352549156242 20.400000000000002
      vertex 63.21352549156242 15.88167787843871 20.400000000000002
    endloop
  endfacet
  facet normal 0.15643446504023048 0.9876883405951378 0
    outer loop
      vertex 62 16.5 19.3
      vertex 62 16.5 20.400000000000002
      vertex 62.46352549156242 16.42658477444273 19.3
    endloop
  endfacet
  facet normal 0.4539904997395478 0.8910065241883673 0
    outer loop
      vertex 62.46352549156242 16.42658477444273 19.3
      vertex 62.46352549156242 16.42658477444273 20.400000000000002
      vertex 62.88167787843871 16.21352549156242 19.3
    endloop
  endfacet
  facet normal 0.15643446504023048 0.9876883405951378 0
    outer loop
      vertex 62.46352549156242 16.42658477444273 19.3
      vertex 62 16.5 20.400000000000002
      vertex 62.46352549156242 16.42658477444273 20.400000000000002
    endloop
  endfacet
  facet normal 0 0 -1
    outer loop
      vertex 63.42658477444273 14.536474508437578 19.3
      vertex 63.42658477444273 15.463525491562422 19.3
      vertex 63.5 15 19.3
    endloop
  endfacet
  facet normal 0.9876883405951378 0.15643446504023048 5.563315214756035e-18
    outer loop
      vertex 63.5 15 19.3
      vertex 63.42658477444273 15.463525491562422 19.3
      vertex 63.42658477444273 15.463525491562422 20.400000000000002
    endloop
  endfacet
  facet normal 0.9876883405951378 0.15643446504023048 0
    outer loop
      vertex 63.5 15 19.3
      vertex 63.42658477444273 15.463525491562422 20.400000000000002
      vertex 63.5 15 20.400000000000002
    endloop
  endfacet
  facet normal 0.8910065241883681 0.45399049973954625 0
    outer loop
      vertex 63.42658477444273 15.463525491562422 19.3
      vertex 63.21352549156242 15.88167787843871 20.400000000000002
      vertex 63.42658477444273 15.463525491562422 20.400000000000002
    endloop
  endfacet
endsolid OpenSCAD_Model
