solid OpenSCAD_Model
  facet normal -0.6343933042739663 -0.7730104368586228 0
    outer loop
      vertex -55.70535786449909 -18.80394558608532 27.11
      vertex -55.70535786449909 -18.80394558608532 27.40263548302419
      vertex -56.034129589796066 -18.534129589796066 27.11
    endloop
  endfacet
  facet normal -0.47139670731246847 -0.8819212801236644 0
    outer loop
      vertex -55.70535786449909 -18.80394558608532 27.11
      vertex -55.33026496320963 -19.004436902701855 27.11
      vertex -55.33026496320963 -19.004436902701855 27.40263548302419
    endloop
  endfacet
  facet normal -0.47139670731246847 -0.8819212801236644 0
    outer loop
      vertex -55.70535786449909 -18.80394558608532 27.11
      vertex -55.33026496320963 -19.004436902701855 27.40263548302419
      vertex -55.70535786449909 -18.80394558608532 27.40263548302419
    endloop
  endfacet
  facet normal 0 0 1
    outer loop
      vertex -55.70535786449909 -18.80394558608532 27.40263548302419
      vertex -55.33026496320963 -19.004436902701855 27.40263548302419
      vertex -55.65770571678877 -18.73262906074524 27.40263548302419
    endloop
  endfacet
  facet normal 0 0 1
    outer loop
      vertex -55.65770571678877 -18.73262906074524 27.40263548302419
      vertex -55.33026496320963 -19.004436902701855 27.40263548302419
      vertex -55.29744155704975 -18.92519425600767 27.40263548302419
    endloop
  endfacet
  facet normal -0.9569403299554329 -0.29028469629794 0
    outer loop
      vertex -56.62789888679981 -17.423265375196934 27.11
      vertex -56.504436902701855 -17.83026496320963 27.40263548302419
      vertex -56.62789888679981 -17.423265375196934 27.40263548302419
    endloop
  endfacet
  facet normal -0.995184727956609 -0.0980171272887052 0
    outer loop
      vertex -56.62789888679981 -17.423265375196934 27.11
      vertex -56.62789888679981 -17.423265375196934 27.40263548302419
      vertex -56.6695868819952 -17 27.11
    endloop
  endfacet
  facet normal 0 0 1
    outer loop
      vertex -56.62789888679981 -17.423265375196934 27.40263548302419
      vertex -56.5437753200531 -17.406532183289528 27.40263548302419
      vertex -56.58381524682045 -17 27.40263548302419
    endloop
  endfacet
  facet normal -0.995184727956609 -0.0980171272887052 0
    outer loop
      vertex -56.62789888679981 -17.423265375196934 27.40263548302419
      vertex -56.6695868819952 -17 27.40263548302419
      vertex -56.6695868819952 -17 27.11
    endloop
  endfacet
  facet normal 0 0 1
    outer loop
      vertex -56.62789888679981 -17.423265375196934 27.40263548302419
      vertex -56.58381524682045 -17 27.40263548302419
      vertex -56.6695868819952 -17 27.40263548302419
    endloop
  endfacet
  facet normal -0.6343933042739663 -0.7730104368586228 0
    outer loop
      vertex -55.70535786449909 -18.80394558608532 27.40263548302419
      vertex -56.034129589796066 -18.534129589796066 27.40263548302419
      vertex -56.034129589796066 -18.534129589796066 27.11
    endloop
  endfacet
  facet normal -0.7730104368586228 -0.6343933042739663 0
    outer loop
      vertex -56.034129589796066 -18.534129589796066 27.11
      vertex -56.034129589796066 -18.534129589796066 27.40263548302419
      vertex -56.30394558608532 -18.205357864499092 27.11
    endloop
  endfacet
  facet normal -0.7730104368586228 -0.6343933042739663 0
    outer loop
      vertex -56.034129589796066 -18.534129589796066 27.40263548302419
      vertex -56.30394558608532 -18.205357864499092 27.40263548302419
      vertex -56.30394558608532 -18.205357864499092 27.11
    endloop
  endfacet
  facet normal 0 0 1
    outer loop
      vertex -56.034129589796066 -18.534129589796066 27.40263548302419
      vertex -56.23262906074524 -18.15770571678877 27.40263548302419
      vertex -56.30394558608532 -18.205357864499092 27.40263548302419
    endloop
  endfacet
  facet normal 0 0 1
    outer loop
      vertex -56.034129589796066 -18.534129589796066 27.40263548302419
      vertex -55.97347988933325 -18.473479889333248 27.40263548302419
      vertex -56.23262906074524 -18.15770571678877 27.40263548302419
    endloop
  endfacet
  facet normal -0.8819212801236644 -0.47139670731246847 0
    outer loop
      vertex -56.30394558608532 -18.205357864499092 27.11
      vertex -56.30394558608532 -18.205357864499092 27.40263548302419
      vertex -56.504436902701855 -17.83026496320963 27.11
    endloop
  endfacet
  facet normal -0.8819212801236644 -0.47139670731246847 0
    outer loop
      vertex -56.30394558608532 -18.205357864499092 27.40263548302419
      vertex -56.504436902701855 -17.83026496320963 27.40263548302419
      vertex -56.504436902701855 -17.83026496320963 27.11
    endloop
  endfacet
  facet normal 0 0 1
    outer loop
      vertex -56.30394558608532 -18.205357864499092 27.40263548302419
      vertex -56.23262906074524 -18.15770571678877 27.40263548302419
      vertex -56.42519425600767 -17.79744155704975 27.40263548302419
    endloop
  endfacet
  facet normal 0 0 1
    outer loop
      vertex -56.30394558608532 -18.205357864499092 27.40263548302419
      vertex -56.42519425600767 -17.79744155704975 27.40263548302419
      vertex -56.504436902701855 -17.83026496320963 27.40263548302419
    endloop
  endfacet
  facet normal 0 0 1
    outer loop
      vertex -55.70535786449909 -18.80394558608532 27.40263548302419
      vertex -55.97347988933325 -18.473479889333248 27.40263548302419
      vertex -56.034129589796066 -18.534129589796066 27.40263548302419
    endloop
  endfacet
  facet normal 0 0 1
    outer loop
      vertex -55.70535786449909 -18.80394558608532 27.40263548302419
      vertex -55.65770571678877 -18.73262906074524 27.40263548302419
      vertex -55.97347988933325 -18.473479889333248 27.40263548302419
    endloop
  endfacet
  facet normal -0.9569403299554329 -0.29028469629794 0
    outer loop
      vertex -56.62789888679981 -17.423265375196934 27.11
      vertex -56.504436902701855 -17.83026496320963 27.11
      vertex -56.504436902701855 -17.83026496320963 27.40263548302419
    endloop
  endfacet
  facet normal 0 0 1
    outer loop
      vertex -56.504436902701855 -17.83026496320963 27.40263548302419
      vertex -56.42519425600767 -17.79744155704975 27.40263548302419
      vertex -56.5437753200531 -17.406532183289528 27.40263548302419
    endloop
  endfacet
  facet normal 0 0 1
    outer loop
      vertex -56.62789888679981 -17.423265375196934 27.40263548302419
      vertex -56.504436902701855 -17.83026496320963 27.40263548302419
      vertex -56.5437753200531 -17.406532183289528 27.40263548302419
    endloop
  endfacet
  facet normal -0.09801715397777569 -0.9951847253279649 0
    outer loop
      vertex -54.923265375196934 -19.127898886799812 27.11
      vertex -54.48384600132704 -19.171177923679352 27.40263548302419
      vertex -54.923265375196934 -19.127898886799812 27.40263548302419
    endloop
  endfacet
  facet normal -0.09801715397777569 -0.9951847253279649 0
    outer loop
      vertex -54.923265375196934 -19.127898886799812 27.11
      vertex -54.48384600132704 -19.171177923679352 27.11
      vertex -54.48384600132704 -19.171177923679352 27.40263548302419
    endloop
  endfacet
  facet normal -0.29028469629794 -0.9569403299554329 0
    outer loop
      vertex -55.33026496320963 -19.004436902701855 27.11
      vertex -54.923265375196934 -19.127898886799812 27.40263548302419
      vertex -55.33026496320963 -19.004436902701855 27.40263548302419
    endloop
  endfacet
  facet normal 0 0 1
    outer loop
      vertex -55.33026496320963 -19.004436902701855 27.40263548302419
      vertex -54.923265375196934 -19.127898886799812 27.40263548302419
      vertex -55.29744155704975 -18.92519425600767 27.40263548302419
    endloop
  endfacet
  facet normal -0.29028469629794 -0.9569403299554329 0
    outer loop
      vertex -55.33026496320963 -19.004436902701855 27.11
      vertex -54.923265375196934 -19.127898886799812 27.11
      vertex -54.923265375196934 -19.127898886799812 27.40263548302419
    endloop
  endfacet
  facet normal 0 0 1
    outer loop
      vertex -55.29744155704975 -18.92519425600767 27.40263548302419
      vertex -54.923265375196934 -19.127898886799812 27.40263548302419
      vertex -54.90653218328953 -19.0437753200531 27.40263548302419
    endloop
  endfacet
  facet normal 0 0 1
    outer loop
      vertex -54.923265375196934 -19.127898886799812 27.40263548302419
      vertex -54.47965253889561 -19.08581930398941 27.40263548302419
      vertex -54.90653218328953 -19.0437753200531 27.40263548302419
    endloop
  endfacet
  facet normal 0 -1 0
    outer loop
      vertex -54.48384600132704 -19.171177923679352 27.11
      vertex -49.51615399867296 -19.171177923679352 27.40263548302419
      vertex -54.48384600132704 -19.171177923679352 27.40263548302419
    endloop
  endfacet
  facet normal 0 0 1
    outer loop
      vertex -54.923265375196934 -19.127898886799812 27.40263548302419
      vertex -54.48384600132704 -19.171177923679352 27.40263548302419
      vertex -49.076734624803066 -19.127898886799812 27.40263548302419
    endloop
  endfacet
  facet normal 0 0 1
    outer loop
      vertex -54.923265375196934 -19.127898886799812 27.40263548302419
      vertex -49.076734624803066 -19.127898886799812 27.40263548302419
      vertex -54.47965253889561 -19.08581930398941 27.40263548302419
    endloop
  endfacet
  facet normal -0.995184727956609 0.0980171272887052 0
    outer loop
      vertex -56.6695868819952 -17 27.11
      vertex -56.6695868819952 -17 27.40263548302419
      vertex -56.62789888679981 -16.576734624803066 27.11
    endloop
  endfacet
  facet normal 0 0 1
    outer loop
      vertex -56.6695868819952 -17 27.40263548302419
      vertex -56.58381524682045 -17 27.40263548302419
      vertex -56.5437753200531 -16.593467816710472 27.40263548302419
    endloop
  endfacet
  facet normal -0.995184727956609 0.0980171272887052 0
    outer loop
      vertex -56.6695868819952 -17 27.40263548302419
      vertex -56.62789888679981 -16.576734624803066 27.40263548302419
      vertex -56.62789888679981 -16.576734624803066 27.11
    endloop
  endfacet
  facet normal 0 0 1
    outer loop
      vertex -56.6695868819952 -17 27.40263548302419
      vertex -56.5437753200531 -16.593467816710472 27.40263548302419
      vertex -56.62789888679981 -16.576734624803066 27.40263548302419
    endloop
  endfacet
  facet normal -0.9569403299554329 0.29028469629794 0
    outer loop
      vertex -56.62789888679981 -16.576734624803066 27.11
      vertex -56.62789888679981 -16.576734624803066 27.40263548302419
      vertex -56.504436902701855 -16.16973503679037 27.11
    endloop
  endfacet
  facet normal 0 0 1
    outer loop
      vertex -56.62789888679981 -16.576734624803066 27.40263548302419
      vertex -56.5437753200531 -16.593467816710472 27.40263548302419
      vertex -56.42519425600767 -16.20255844295025 27.40263548302419
    endloop
  endfacet
  facet normal 0 0 1
    outer loop
      vertex -56.62789888679981 -16.576734624803066 27.40263548302419
      vertex -56.42519425600767 -16.20255844295025 27.40263548302419
      vertex -56.504436902701855 -16.16973503679037 27.40263548302419
    endloop
  endfacet
  facet normal -0.9569403299554329 0.29028469629794 0
    outer loop
      vertex -56.62789888679981 -16.576734624803066 27.40263548302419
      vertex -56.504436902701855 -16.16973503679037 27.40263548302419
      vertex -56.504436902701855 -16.16973503679037 27.11
    endloop
  endfacet
  facet normal -0.8819212801236644 0.47139670731246847 0
    outer loop
      vertex -56.504436902701855 -16.16973503679037 27.11
      vertex -56.504436902701855 -16.16973503679037 27.40263548302419
      vertex -56.30394558608532 -15.794642135500908 27.11
    endloop
  endfacet
  facet normal 0 0 1
    outer loop
      vertex -56.504436902701855 -16.16973503679037 27.40263548302419
      vertex -56.42519425600767 -16.20255844295025 27.40263548302419
      vertex -56.23262906074524 -15.842294283211231 27.40263548302419
    endloop
  endfacet
  facet normal -0.8819212801236644 0.47139670731246847 0
    outer loop
      vertex -56.504436902701855 -16.16973503679037 27.40263548302419
      vertex -56.30394558608532 -15.794642135500908 27.40263548302419
      vertex -56.30394558608532 -15.794642135500908 27.11
    endloop
  endfacet
  facet normal 0 0 1
    outer loop
      vertex -56.504436902701855 -16.16973503679037 27.40263548302419
      vertex -56.23262906074524 -15.842294283211231 27.40263548302419
      vertex -56.30394558608532 -15.794642135500908 27.40263548302419
    endloop
  endfacet
  facet normal -0.7730104368586228 0.6343933042739663 0
    outer loop
      vertex -56.30394558608532 -15.794642135500908 27.11
      vertex -56.30394558608532 -15.794642135500908 27.40263548302419
      vertex -56.034129589796066 -15.465870410203934 27.11
    endloop
  endfacet
  facet normal 0 0 1
    outer loop
      vertex -56.30394558608532 -15.794642135500908 27.40263548302419
      vertex -56.23262906074524 -15.842294283211231 27.40263548302419
      vertex -55.97347988933325 -15.526520110666752 27.40263548302419
    endloop
  endfacet
  facet normal -0.7730104368586228 0.6343933042739663 0
    outer loop
      vertex -56.30394558608532 -15.794642135500908 27.40263548302419
      vertex -56.034129589796066 -15.465870410203934 27.40263548302419
      vertex -56.034129589796066 -15.465870410203934 27.11
    endloop
  endfacet
  facet normal 0 0 1
    outer loop
      vertex -56.30394558608532 -15.794642135500908 27.40263548302419
      vertex -55.97347988933325 -15.526520110666752 27.40263548302419
      vertex -56.034129589796066 -15.465870410203934 27.40263548302419
    endloop
  endfacet
  facet normal -0.6343933042739663 0.7730104368586228 0
    outer loop
      vertex -56.034129589796066 -15.465870410203934 27.11
      vertex -56.034129589796066 -15.465870410203934 27.40263548302419
      vertex -55.70535786449909 -15.19605441391468 27.11
    endloop
  endfacet
  facet normal 0 0 1
    outer loop
      vertex -55.97347988933325 -15.526520110666752 27.40263548302419
      vertex -55.65770571678877 -15.26737093925476 27.40263548302419
      vertex -56.034129589796066 -15.465870410203934 27.40263548302419
    endloop
  endfacet
  facet normal 0 0 1
    outer loop
      vertex -56.034129589796066 -15.465870410203934 27.40263548302419
      vertex -55.65770571678877 -15.26737093925476 27.40263548302419
      vertex -55.70535786449909 -15.19605441391468 27.40263548302419
    endloop
  endfacet
  facet normal -0.6343933042739663 0.7730104368586228 0
    outer loop
      vertex -56.034129589796066 -15.465870410203934 27.40263548302419
      vertex -55.70535786449909 -15.19605441391468 27.40263548302419
      vertex -55.70535786449909 -15.19605441391468 27.11
    endloop
  endfacet
  facet normal -0.47139670731246847 0.8819212801236644 0
    outer loop
      vertex -55.70535786449909 -15.19605441391468 27.11
      vertex -55.70535786449909 -15.19605441391468 27.40263548302419
      vertex -55.33026496320963 -14.995563097298145 27.11
    endloop
  endfacet
  facet normal 0 0 1
    outer loop
      vertex -55.70535786449909 -15.19605441391468 27.40263548302419
      vertex -55.65770571678877 -15.26737093925476 27.40263548302419
      vertex -55.29744155704975 -15.074805743992329 27.40263548302419
    endloop
  endfacet
  facet normal 0 0 1
    outer loop
      vertex -55.70535786449909 -15.19605441391468 27.40263548302419
      vertex -55.29744155704975 -15.074805743992329 27.40263548302419
      vertex -55.33026496320963 -14.995563097298145 27.40263548302419
    endloop
  endfacet
  facet normal -0.47139670731246847 0.8819212801236644 0
    outer loop
      vertex -55.70535786449909 -15.19605441391468 27.40263548302419
      vertex -55.33026496320963 -14.995563097298145 27.40263548302419
      vertex -55.33026496320963 -14.995563097298145 27.11
    endloop
  endfacet
  facet normal 0 0 1
    outer loop
      vertex -55.29744155704975 -15.074805743992329 27.40263548302419
      vertex -54.90653218328953 -14.9562246799469 27.40263548302419
      vertex -55.33026496320963 -14.995563097298145 27.40263548302419
    endloop
  endfacet
  facet normal -0.29028469629794 0.9569403299554329 0
    outer loop
      vertex -55.33026496320963 -14.995563097298145 27.11
      vertex -55.33026496320963 -14.995563097298145 27.40263548302419
      vertex -54.923265375196934 -14.872101113200188 27.11
    endloop
  endfacet
  facet normal 0 0 1
    outer loop
      vertex -55.33026496320963 -14.995563097298145 27.40263548302419
      vertex -54.90653218328953 -14.9562246799469 27.40263548302419
      vertex -54.923265375196934 -14.872101113200188 27.40263548302419
    endloop
  endfacet
  facet normal -0.29028469629794 0.9569403299554329 0
    outer loop
      vertex -55.33026496320963 -14.995563097298145 27.40263548302419
      vertex -54.923265375196934 -14.872101113200188 27.40263548302419
      vertex -54.923265375196934 -14.872101113200188 27.11
    endloop
  endfacet
  facet normal 0 0 1
    outer loop
      vertex -54.90653218328953 -14.9562246799469 27.40263548302419
      vertex -54.47965253889561 -14.91418069601059 27.40263548302419
      vertex -54.923265375196934 -14.872101113200188 27.40263548302419
    endloop
  endfacet
  facet normal -0.09801715397777569 0.9951847253279649 0
    outer loop
      vertex -54.923265375196934 -14.872101113200188 27.11
      vertex -54.923265375196934 -14.872101113200188 27.40263548302419
      vertex -54.48384600132704 -14.828822076320648 27.11
    endloop
  endfacet
  facet normal -0.09801715397777569 0.9951847253279649 0
    outer loop
      vertex -54.923265375196934 -14.872101113200188 27.40263548302419
      vertex -54.48384600132704 -14.828822076320648 27.40263548302419
      vertex -54.48384600132704 -14.828822076320648 27.11
    endloop
  endfacet
  facet normal 0 0 1
    outer loop
      vertex -54.923265375196934 -14.872101113200188 27.40263548302419
      vertex -54.47965253889561 -14.91418069601059 27.40263548302419
      vertex -49.52034746110439 -14.91418069601059 27.40263548302419
    endloop
  endfacet
  facet normal 0 0 1
    outer loop
      vertex -54.923265375196934 -14.872101113200188 27.40263548302419
      vertex -49.51615399867296 -14.828822076320648 27.40263548302419
      vertex -54.48384600132704 -14.828822076320648 27.40263548302419
    endloop
  endfacet
  facet normal 0 1 0
    outer loop
      vertex -54.48384600132704 -14.828822076320648 27.11
      vertex -54.48384600132704 -14.828822076320648 27.40263548302419
      vertex -49.51615399867296 -14.828822076320648 27.11
    endloop
  endfacet
  facet normal 0 -1 0
    outer loop
      vertex -54.48384600132704 -19.171177923679352 27.11
      vertex -49.51615399867296 -19.171177923679352 27.11
      vertex -49.51615399867296 -19.171177923679352 27.40263548302419
    endloop
  endfacet
  facet normal 0 0 1
    outer loop
      vertex -54.48384600132704 -19.171177923679352 27.40263548302419
      vertex -49.51615399867296 -19.171177923679352 27.40263548302419
      vertex -49.076734624803066 -19.127898886799812 27.40263548302419
    endloop
  endfacet
  facet normal 0 0 1
    outer loop
      vertex -54.47965253889561 -19.08581930398941 27.40263548302419
      vertex -49.076734624803066 -19.127898886799812 27.40263548302419
      vertex -49.52034746110439 -19.08581930398941 27.40263548302419
    endloop
  endfacet
  facet normal 0.09801715397777569 -0.9951847253279649 0
    outer loop
      vertex -49.51615399867296 -19.171177923679352 27.11
      vertex -49.076734624803066 -19.127898886799812 27.40263548302419
      vertex -49.51615399867296 -19.171177923679352 27.40263548302419
    endloop
  endfacet
  facet normal 0.09801715397777569 -0.9951847253279649 0
    outer loop
      vertex -49.51615399867296 -19.171177923679352 27.11
      vertex -49.076734624803066 -19.127898886799812 27.11
      vertex -49.076734624803066 -19.127898886799812 27.40263548302419
    endloop
  endfacet
  facet normal 0 0 1
    outer loop
      vertex -49.52034746110439 -19.08581930398941 27.40263548302419
      vertex -49.076734624803066 -19.127898886799812 27.40263548302419
      vertex -49.09346781671047 -19.0437753200531 27.40263548302419
    endloop
  endfacet
  facet normal 0.29028469629794 -0.9569403299554329 0
    outer loop
      vertex -49.076734624803066 -19.127898886799812 27.11
      vertex -48.66973503679037 -19.004436902701855 27.11
      vertex -48.66973503679037 -19.004436902701855 27.40263548302419
    endloop
  endfacet
  facet normal 0.29028469629794 -0.9569403299554329 0
    outer loop
      vertex -49.076734624803066 -19.127898886799812 27.11
      vertex -48.66973503679037 -19.004436902701855 27.40263548302419
      vertex -49.076734624803066 -19.127898886799812 27.40263548302419
    endloop
  endfacet
  facet normal 0 0 1
    outer loop
      vertex -49.076734624803066 -19.127898886799812 27.40263548302419
      vertex -48.66973503679037 -19.004436902701855 27.40263548302419
      vertex -49.09346781671047 -19.0437753200531 27.40263548302419
    endloop
  endfacet
  facet normal 0 0 1
    outer loop
      vertex -49.09346781671047 -19.0437753200531 27.40263548302419
      vertex -48.66973503679037 -19.004436902701855 27.40263548302419
      vertex -48.70255844295025 -18.92519425600767 27.40263548302419
    endloop
  endfacet
  facet normal 0.47139670731246847 -0.8819212801236644 0
    outer loop
      vertex -48.66973503679037 -19.004436902701855 27.11
      vertex -48.29464213550091 -18.80394558608532 27.40263548302419
      vertex -48.66973503679037 -19.004436902701855 27.40263548302419
    endloop
  endfacet
  facet normal 0 0 1
    outer loop
      vertex -48.66973503679037 -19.004436902701855 27.40263548302419
      vertex -48.29464213550091 -18.80394558608532 27.40263548302419
      vertex -48.70255844295025 -18.92519425600767 27.40263548302419
    endloop
  endfacet
  facet normal 0.47139670731246847 -0.8819212801236644 0
    outer loop
      vertex -48.66973503679037 -19.004436902701855 27.11
      vertex -48.29464213550091 -18.80394558608532 27.11
      vertex -48.29464213550091 -18.80394558608532 27.40263548302419
    endloop
  endfacet
  facet normal 0 0 1
    outer loop
      vertex -48.70255844295025 -18.92519425600767 27.40263548302419
      vertex -48.29464213550091 -18.80394558608532 27.40263548302419
      vertex -48.34229428321123 -18.73262906074524 27.40263548302419
    endloop
  endfacet
  facet normal 0.6343933042739663 -0.7730104368586228 0
    outer loop
      vertex -48.29464213550091 -18.80394558608532 27.11
      vertex -47.965870410203934 -18.534129589796066 27.40263548302419
      vertex -48.29464213550091 -18.80394558608532 27.40263548302419
    endloop
  endfacet
  facet normal 0 0 1
    outer loop
      vertex -48.29464213550091 -18.80394558608532 27.40263548302419
      vertex -47.965870410203934 -18.534129589796066 27.40263548302419
      vertex -48.34229428321123 -18.73262906074524 27.40263548302419
    endloop
  endfacet
  facet normal 0.6343933042739663 -0.7730104368586228 0
    outer loop
      vertex -48.29464213550091 -18.80394558608532 27.11
      vertex -47.965870410203934 -18.534129589796066 27.11
      vertex -47.965870410203934 -18.534129589796066 27.40263548302419
    endloop
  endfacet
  facet normal 0 0 1
    outer loop
      vertex -48.34229428321123 -18.73262906074524 27.40263548302419
      vertex -47.965870410203934 -18.534129589796066 27.40263548302419
      vertex -48.02652011066675 -18.473479889333248 27.40263548302419
    endloop
  endfacet
  facet normal 0 0 1
    outer loop
      vertex -47.965870410203934 -18.534129589796066 27.40263548302419
      vertex -47.69605441391468 -18.205357864499092 27.40263548302419
      vertex -48.02652011066675 -18.473479889333248 27.40263548302419
    endloop
  endfacet
  facet normal 0.7730104368586228 -0.6343933042739663 0
    outer loop
      vertex -47.965870410203934 -18.534129589796066 27.11
      vertex -47.69605441391468 -18.205357864499092 27.40263548302419
      vertex -47.965870410203934 -18.534129589796066 27.40263548302419
    endloop
  endfacet
  facet normal 0 0 1
    outer loop
      vertex -48.02652011066675 -18.473479889333248 27.40263548302419
      vertex -47.69605441391468 -18.205357864499092 27.40263548302419
      vertex -47.76737093925476 -18.15770571678877 27.40263548302419
    endloop
  endfacet
  facet normal 0.7730104368586228 -0.6343933042739663 0
    outer loop
      vertex -47.965870410203934 -18.534129589796066 27.11
      vertex -47.69605441391468 -18.205357864499092 27.11
      vertex -47.69605441391468 -18.205357864499092 27.40263548302419
    endloop
  endfacet
  facet normal 0 0 1
    outer loop
      vertex -47.69605441391468 -18.205357864499092 27.40263548302419
      vertex -47.495563097298145 -17.83026496320963 27.40263548302419
      vertex -47.76737093925476 -18.15770571678877 27.40263548302419
    endloop
  endfacet
  facet normal 0.8819212801236644 -0.47139670731246847 0
    outer loop
      vertex -47.69605441391468 -18.205357864499092 27.11
      vertex -47.495563097298145 -17.83026496320963 27.40263548302419
      vertex -47.69605441391468 -18.205357864499092 27.40263548302419
    endloop
  endfacet
  facet normal 0.8819212801236644 -0.47139670731246847 0
    outer loop
      vertex -47.69605441391468 -18.205357864499092 27.11
      vertex -47.495563097298145 -17.83026496320963 27.11
      vertex -47.495563097298145 -17.83026496320963 27.40263548302419
    endloop
  endfacet
  facet normal 0 0 1
    outer loop
      vertex -47.76737093925476 -18.15770571678877 27.40263548302419
      vertex -47.495563097298145 -17.83026496320963 27.40263548302419
      vertex -47.57480574399233 -17.79744155704975 27.40263548302419
    endloop
  endfacet
  facet normal 0 0 1
    outer loop
      vertex -47.57480574399233 -17.79744155704975 27.40263548302419
      vertex -47.495563097298145 -17.83026496320963 27.40263548302419
      vertex -47.37210111320019 -17.423265375196934 27.40263548302419
    endloop
  endfacet
  facet normal 0.9569403299554329 -0.29028469629794 0
    outer loop
      vertex -47.495563097298145 -17.83026496320963 27.11
      vertex -47.37210111320019 -17.423265375196934 27.40263548302419
      vertex -47.495563097298145 -17.83026496320963 27.40263548302419
    endloop
  endfacet
  facet normal 0 0 1
    outer loop
      vertex -47.57480574399233 -17.79744155704975 27.40263548302419
      vertex -47.37210111320019 -17.423265375196934 27.40263548302419
      vertex -47.4562246799469 -17.406532183289528 27.40263548302419
    endloop
  endfacet
  facet normal 0.9569403299554329 -0.29028469629794 0
    outer loop
      vertex -47.495563097298145 -17.83026496320963 27.11
      vertex -47.37210111320019 -17.423265375196934 27.11
      vertex -47.37210111320019 -17.423265375196934 27.40263548302419
    endloop
  endfacet
  facet normal 0 0 1
    outer loop
      vertex -47.4562246799469 -17.406532183289528 27.40263548302419
      vertex -47.37210111320019 -17.423265375196934 27.40263548302419
      vertex -47.3304131180048 -17 27.40263548302419
    endloop
  endfacet
  facet normal 0.995184727956609 -0.0980171272887052 0
    outer loop
      vertex -47.37210111320019 -17.423265375196934 27.11
      vertex -47.3304131180048 -17 27.40263548302419
      vertex -47.37210111320019 -17.423265375196934 27.40263548302419
    endloop
  endfacet
  facet normal 0.995184727956609 -0.0980171272887052 0
    outer loop
      vertex -47.37210111320019 -17.423265375196934 27.11
      vertex -47.3304131180048 -17 27.11
      vertex -47.3304131180048 -17 27.40263548302419
    endloop
  endfacet
  facet normal 0 0 1
    outer loop
      vertex -47.4562246799469 -17.406532183289528 27.40263548302419
      vertex -47.3304131180048 -17 27.40263548302419
      vertex -47.41618475317955 -17 27.40263548302419
    endloop
  endfacet
  facet normal 0 0 1
    outer loop
      vertex -54.923265375196934 -14.872101113200188 27.40263548302419
      vertex -49.52034746110439 -14.91418069601059 27.40263548302419
      vertex -49.076734624803066 -14.872101113200188 27.40263548302419
    endloop
  endfacet
  facet normal 0 1 0
    outer loop
      vertex -54.48384600132704 -14.828822076320648 27.40263548302419
      vertex -49.51615399867296 -14.828822076320648 27.40263548302419
      vertex -49.51615399867296 -14.828822076320648 27.11
    endloop
  endfacet
  facet normal 0 0 1
    outer loop
      vertex -54.923265375196934 -14.872101113200188 27.40263548302419
      vertex -49.076734624803066 -14.872101113200188 27.40263548302419
      vertex -49.51615399867296 -14.828822076320648 27.40263548302419
    endloop
  endfacet
  facet normal 0.995184727956609 0.0980171272887052 0
    outer loop
      vertex -47.3304131180048 -17 27.11
      vertex -47.37210111320019 -16.576734624803066 27.40263548302419
      vertex -47.3304131180048 -17 27.40263548302419
    endloop
  endfacet
  facet normal 0 0 1
    outer loop
      vertex -47.41618475317955 -17 27.40263548302419
      vertex -47.3304131180048 -17 27.40263548302419
      vertex -47.37210111320019 -16.576734624803066 27.40263548302419
    endloop
  endfacet
  facet normal 0.995184727956609 0.0980171272887052 0
    outer loop
      vertex -47.3304131180048 -17 27.11
      vertex -47.37210111320019 -16.576734624803066 27.11
      vertex -47.37210111320019 -16.576734624803066 27.40263548302419
    endloop
  endfacet
  facet normal 0 0 1
    outer loop
      vertex -47.41618475317955 -17 27.40263548302419
      vertex -47.37210111320019 -16.576734624803066 27.40263548302419
      vertex -47.4562246799469 -16.593467816710472 27.40263548302419
    endloop
  endfacet
  facet normal 0.9569403299554329 0.29028469629794 0
    outer loop
      vertex -47.37210111320019 -16.576734624803066 27.11
      vertex -47.495563097298145 -16.16973503679037 27.40263548302419
      vertex -47.37210111320019 -16.576734624803066 27.40263548302419
    endloop
  endfacet
  facet normal 0 0 1
    outer loop
      vertex -47.4562246799469 -16.593467816710472 27.40263548302419
      vertex -47.37210111320019 -16.576734624803066 27.40263548302419
      vertex -47.495563097298145 -16.16973503679037 27.40263548302419
    endloop
  endfacet
  facet normal 0 0 1
    outer loop
      vertex -47.4562246799469 -16.593467816710472 27.40263548302419
      vertex -47.495563097298145 -16.16973503679037 27.40263548302419
      vertex -47.57480574399233 -16.20255844295025 27.40263548302419
    endloop
  endfacet
  facet normal 0.9569403299554329 0.29028469629794 0
    outer loop
      vertex -47.37210111320019 -16.576734624803066 27.11
      vertex -47.495563097298145 -16.16973503679037 27.11
      vertex -47.495563097298145 -16.16973503679037 27.40263548302419
    endloop
  endfacet
  facet normal 0 0 1
    outer loop
      vertex -48.02652011066675 -15.526520110666752 27.40263548302419
      vertex -48.29464213550091 -15.19605441391468 27.40263548302419
      vertex -48.34229428321123 -15.26737093925476 27.40263548302419
    endloop
  endfacet
  facet normal 0.6343933042739663 0.7730104368586228 0
    outer loop
      vertex -47.965870410203934 -15.465870410203934 27.11
      vertex -48.29464213550091 -15.19605441391468 27.40263548302419
      vertex -47.965870410203934 -15.465870410203934 27.40263548302419
    endloop
  endfacet
  facet normal 0 0 1
    outer loop
      vertex -48.02652011066675 -15.526520110666752 27.40263548302419
      vertex -47.965870410203934 -15.465870410203934 27.40263548302419
      vertex -48.29464213550091 -15.19605441391468 27.40263548302419
    endloop
  endfacet
  facet normal 0 0 1
    outer loop
      vertex -47.57480574399233 -16.20255844295025 27.40263548302419
      vertex -47.69605441391468 -15.794642135500908 27.40263548302419
      vertex -47.76737093925476 -15.842294283211231 27.40263548302419
    endloop
  endfacet
  facet normal 0.8819212801236644 0.47139670731246847 0
    outer loop
      vertex -47.495563097298145 -16.16973503679037 27.11
      vertex -47.69605441391468 -15.794642135500908 27.40263548302419
      vertex -47.495563097298145 -16.16973503679037 27.40263548302419
    endloop
  endfacet
  facet normal 0 0 1
    outer loop
      vertex -47.57480574399233 -16.20255844295025 27.40263548302419
      vertex -47.495563097298145 -16.16973503679037 27.40263548302419
      vertex -47.69605441391468 -15.794642135500908 27.40263548302419
    endloop
  endfacet
  facet normal 0.8819212801236644 0.47139670731246847 0
    outer loop
      vertex -47.495563097298145 -16.16973503679037 27.11
      vertex -47.69605441391468 -15.794642135500908 27.11
      vertex -47.69605441391468 -15.794642135500908 27.40263548302419
    endloop
  endfacet
  facet normal 0 0 1
    outer loop
      vertex -47.965870410203934 -15.465870410203934 27.40263548302419
      vertex -47.76737093925476 -15.842294283211231 27.40263548302419
      vertex -47.69605441391468 -15.794642135500908 27.40263548302419
    endloop
  endfacet
  facet normal 0.7730104368586228 0.6343933042739663 0
    outer loop
      vertex -47.965870410203934 -15.465870410203934 27.11
      vertex -47.965870410203934 -15.465870410203934 27.40263548302419
      vertex -47.69605441391468 -15.794642135500908 27.11
    endloop
  endfacet
  facet normal 0 0 1
    outer loop
      vertex -48.02652011066675 -15.526520110666752 27.40263548302419
      vertex -47.76737093925476 -15.842294283211231 27.40263548302419
      vertex -47.965870410203934 -15.465870410203934 27.40263548302419
    endloop
  endfacet
  facet normal 0.7730104368586228 0.6343933042739663 0
    outer loop
      vertex -47.965870410203934 -15.465870410203934 27.40263548302419
      vertex -47.69605441391468 -15.794642135500908 27.40263548302419
      vertex -47.69605441391468 -15.794642135500908 27.11
    endloop
  endfacet
  facet normal 0.09801715397777569 0.9951847253279649 0
    outer loop
      vertex -49.51615399867296 -14.828822076320648 27.11
      vertex -49.51615399867296 -14.828822076320648 27.40263548302419
      vertex -49.076734624803066 -14.872101113200188 27.11
    endloop
  endfacet
  facet normal 0 0 1
    outer loop
      vertex -49.52034746110439 -14.91418069601059 27.40263548302419
      vertex -49.09346781671047 -14.9562246799469 27.40263548302419
      vertex -49.076734624803066 -14.872101113200188 27.40263548302419
    endloop
  endfacet
  facet normal 0 0 1
    outer loop
      vertex -49.09346781671047 -14.9562246799469 27.40263548302419
      vertex -48.70255844295025 -15.074805743992329 27.40263548302419
      vertex -49.076734624803066 -14.872101113200188 27.40263548302419
    endloop
  endfacet
  facet normal 0.29028469629794 0.9569403299554329 0
    outer loop
      vertex -48.66973503679037 -14.995563097298145 27.11
      vertex -49.076734624803066 -14.872101113200188 27.11
      vertex -49.076734624803066 -14.872101113200188 27.40263548302419
    endloop
  endfacet
  facet normal 0.29028469629794 0.9569403299554329 0
    outer loop
      vertex -48.66973503679037 -14.995563097298145 27.11
      vertex -49.076734624803066 -14.872101113200188 27.40263548302419
      vertex -48.66973503679037 -14.995563097298145 27.40263548302419
    endloop
  endfacet
  facet normal 0 0 1
    outer loop
      vertex -48.70255844295025 -15.074805743992329 27.40263548302419
      vertex -48.66973503679037 -14.995563097298145 27.40263548302419
      vertex -49.076734624803066 -14.872101113200188 27.40263548302419
    endloop
  endfacet
  facet normal 0.09801715397777569 0.9951847253279649 0
    outer loop
      vertex -49.51615399867296 -14.828822076320648 27.40263548302419
      vertex -49.076734624803066 -14.872101113200188 27.40263548302419
      vertex -49.076734624803066 -14.872101113200188 27.11
    endloop
  endfacet
  facet normal 0 0 1
    outer loop
      vertex -48.70255844295025 -15.074805743992329 27.40263548302419
      vertex -48.34229428321123 -15.26737093925476 27.40263548302419
      vertex -48.66973503679037 -14.995563097298145 27.40263548302419
    endloop
  endfacet
  facet normal 0 0 1
    outer loop
      vertex -48.66973503679037 -14.995563097298145 27.40263548302419
      vertex -48.34229428321123 -15.26737093925476 27.40263548302419
      vertex -48.29464213550091 -15.19605441391468 27.40263548302419
    endloop
  endfacet
  facet normal 0.47139670731246847 0.8819212801236644 0
    outer loop
      vertex -48.66973503679037 -14.995563097298145 27.40263548302419
      vertex -48.29464213550091 -15.19605441391468 27.40263548302419
      vertex -48.29464213550091 -15.19605441391468 27.11
    endloop
  endfacet
  facet normal 0.47139670731246847 0.8819212801236644 0
    outer loop
      vertex -48.66973503679037 -14.995563097298145 27.11
      vertex -48.66973503679037 -14.995563097298145 27.40263548302419
      vertex -48.29464213550091 -15.19605441391468 27.11
    endloop
  endfacet
  facet normal 0.6343933042739663 0.7730104368586228 0
    outer loop
      vertex -47.965870410203934 -15.465870410203934 27.11
      vertex -48.29464213550091 -15.19605441391468 27.11
      vertex -48.29464213550091 -15.19605441391468 27.40263548302419
    endloop
  endfacet
  facet normal -0.47139671778207365 -0.8819212745275441 0
    outer loop
      vertex -55.65770571678877 -18.73262906074524 27.40263548302419
      vertex -55.29744155704975 -18.92519425600767 27.684025148547637
      vertex -55.65770571678877 -18.73262906074524 27.684025148547637
    endloop
  endfacet
  facet normal 0 0 1
    outer loop
      vertex -55.65770571678877 -18.73262906074524 27.684025148547637
      vertex -55.24413926899433 -18.79651116579771 27.684025148547637
      vertex -55.58032277971506 -18.616817340254784 27.684025148547637
    endloop
  endfacet
  facet normal -0.47139671778207365 -0.8819212745275441 0
    outer loop
      vertex -55.65770571678877 -18.73262906074524 27.40263548302419
      vertex -55.29744155704975 -18.92519425600767 27.40263548302419
      vertex -55.29744155704975 -18.92519425600767 27.684025148547637
    endloop
  endfacet
  facet normal 0 0 1
    outer loop
      vertex -55.65770571678877 -18.73262906074524 27.684025148547637
      vertex -55.29744155704975 -18.92519425600767 27.684025148547637
      vertex -55.24413926899433 -18.79651116579771 27.684025148547637
    endloop
  endfacet
  facet normal -0.7730104469842988 -0.6343932919357947 0
    outer loop
      vertex -55.97347988933325 -18.473479889333248 27.40263548302419
      vertex -55.97347988933325 -18.473479889333248 27.684025148547637
      vertex -56.23262906074524 -18.15770571678877 27.40263548302419
    endloop
  endfacet
  facet normal 0 0 1
    outer loop
      vertex -55.97347988933325 -18.473479889333248 27.684025148547637
      vertex -55.87499010562897 -18.374990105628967 27.684025148547637
      vertex -56.23262906074524 -18.15770571678877 27.684025148547637
    endloop
  endfacet
  facet normal -0.8819212745275441 -0.47139671778207365 0
    outer loop
      vertex -56.23262906074524 -18.15770571678877 27.40263548302419
      vertex -56.23262906074524 -18.15770571678877 27.684025148547637
      vertex -56.42519425600767 -17.79744155704975 27.40263548302419
    endloop
  endfacet
  facet normal 0 0 1
    outer loop
      vertex -56.23262906074524 -18.15770571678877 27.684025148547637
      vertex -56.116817340254784 -18.08032277971506 27.684025148547637
      vertex -56.42519425600767 -17.79744155704975 27.684025148547637
    endloop
  endfacet
  facet normal -0.8819212745275441 -0.47139671778207365 0
    outer loop
      vertex -56.23262906074524 -18.15770571678877 27.684025148547637
      vertex -56.42519425600767 -17.79744155704975 27.684025148547637
      vertex -56.42519425600767 -17.79744155704975 27.40263548302419
    endloop
  endfacet
  facet normal 0 0 1
    outer loop
      vertex -56.116817340254784 -18.08032277971506 27.684025148547637
      vertex -56.29651116579771 -17.74413926899433 27.684025148547637
      vertex -56.42519425600767 -17.79744155704975 27.684025148547637
    endloop
  endfacet
  facet normal -0.7730104469842988 -0.6343932919357947 0
    outer loop
      vertex -56.23262906074524 -18.15770571678877 27.40263548302419
      vertex -55.97347988933325 -18.473479889333248 27.684025148547637
      vertex -56.23262906074524 -18.15770571678877 27.684025148547637
    endloop
  endfacet
  facet normal 0 0 1
    outer loop
      vertex -56.23262906074524 -18.15770571678877 27.684025148547637
      vertex -55.87499010562897 -18.374990105628967 27.684025148547637
      vertex -56.116817340254784 -18.08032277971506 27.684025148547637
    endloop
  endfacet
  facet normal -0.6343932919357947 -0.7730104469842988 0
    outer loop
      vertex -55.65770571678877 -18.73262906074524 27.40263548302419
      vertex -55.65770571678877 -18.73262906074524 27.684025148547637
      vertex -55.97347988933325 -18.473479889333248 27.40263548302419
    endloop
  endfacet
  facet normal -0.6343932919357947 -0.7730104469842988 0
    outer loop
      vertex -55.65770571678877 -18.73262906074524 27.684025148547637
      vertex -55.97347988933325 -18.473479889333248 27.684025148547637
      vertex -55.97347988933325 -18.473479889333248 27.40263548302419
    endloop
  endfacet
  facet normal 0 0 1
    outer loop
      vertex -55.97347988933325 -18.473479889333248 27.684025148547637
      vertex -55.58032277971506 -18.616817340254784 27.684025148547637
      vertex -55.87499010562897 -18.374990105628967 27.684025148547637
    endloop
  endfacet
  facet normal 0 0 1
    outer loop
      vertex -55.65770571678877 -18.73262906074524 27.684025148547637
      vertex -55.58032277971506 -18.616817340254784 27.684025148547637
      vertex -55.97347988933325 -18.473479889333248 27.684025148547637
    endloop
  endfacet
  facet normal -0.9569403344236975 -0.29028468156804654 0
    outer loop
      vertex -56.42519425600767 -17.79744155704975 27.40263548302419
      vertex -56.42519425600767 -17.79744155704975 27.684025148547637
      vertex -56.5437753200531 -17.406532183289528 27.40263548302419
    endloop
  endfacet
  facet normal 0 0 1
    outer loop
      vertex -56.42519425600767 -17.79744155704975 27.684025148547637
      vertex -56.29651116579771 -17.74413926899433 27.684025148547637
      vertex -56.5437753200531 -17.406532183289528 27.684025148547637
    endloop
  endfacet
  facet normal -0.9569403344236975 -0.29028468156804654 0
    outer loop
      vertex -56.5437753200531 -17.406532183289528 27.40263548302419
      vertex -56.42519425600767 -17.79744155704975 27.684025148547637
      vertex -56.5437753200531 -17.406532183289528 27.684025148547637
    endloop
  endfacet
  facet normal 0 0 1
    outer loop
      vertex -56.29651116579771 -17.74413926899433 27.684025148547637
      vertex -56.407166078686714 -17.379358917474747 27.684025148547637
      vertex -56.5437753200531 -17.406532183289528 27.684025148547637
    endloop
  endfacet
  facet normal -0.9951847263079691 -0.09801714402762765 0
    outer loop
      vertex -56.5437753200531 -17.406532183289528 27.40263548302419
      vertex -56.5437753200531 -17.406532183289528 27.684025148547637
      vertex -56.58381524682045 -17 27.40263548302419
    endloop
  endfacet
  facet normal 0 0 1
    outer loop
      vertex -56.5437753200531 -17.406532183289528 27.684025148547637
      vertex -56.407166078686714 -17.379358917474747 27.684025148547637
      vertex -56.58381524682045 -17 27.684025148547637
    endloop
  endfacet
  facet normal -0.9951847263079691 -0.09801714402762765 0
    outer loop
      vertex -56.5437753200531 -17.406532183289528 27.684025148547637
      vertex -56.58381524682045 -17 27.684025148547637
      vertex -56.58381524682045 -17 27.40263548302419
    endloop
  endfacet
  facet normal 0 0 1
    outer loop
      vertex -56.407166078686714 -17.379358917474747 27.684025148547637
      vertex -56.44452966749668 -17 27.684025148547637
      vertex -56.58381524682045 -17 27.684025148547637
    endloop
  endfacet
  facet normal -0.29028468156804654 -0.9569403344236975 0
    outer loop
      vertex -55.29744155704975 -18.92519425600767 27.40263548302419
      vertex -54.90653218328953 -19.0437753200531 27.684025148547637
      vertex -55.29744155704975 -18.92519425600767 27.684025148547637
    endloop
  endfacet
  facet normal -0.29028468156804654 -0.9569403344236975 0
    outer loop
      vertex -55.29744155704975 -18.92519425600767 27.40263548302419
      vertex -54.90653218328953 -19.0437753200531 27.40263548302419
      vertex -54.90653218328953 -19.0437753200531 27.684025148547637
    endloop
  endfacet
  facet normal 0 0 1
    outer loop
      vertex -55.29744155704975 -18.92519425600767 27.684025148547637
      vertex -54.87935891747475 -18.907166078686714 27.684025148547637
      vertex -55.24413926899433 -18.79651116579771 27.684025148547637
    endloop
  endfacet
  facet normal -0.09801716040626814 -0.9951847246948137 0
    outer loop
      vertex -54.90653218328953 -19.0437753200531 27.40263548302419
      vertex -54.47965253889561 -19.08581930398941 27.684025148547637
      vertex -54.90653218328953 -19.0437753200531 27.684025148547637
    endloop
  endfacet
  facet normal 0 0 1
    outer loop
      vertex -55.29744155704975 -18.92519425600767 27.684025148547637
      vertex -54.90653218328953 -19.0437753200531 27.684025148547637
      vertex -54.47284289449453 -18.947204418480396 27.684025148547637
    endloop
  endfacet
  facet normal 0 0 1
    outer loop
      vertex -55.29744155704975 -18.92519425600767 27.684025148547637
      vertex -54.47284289449453 -18.947204418480396 27.684025148547637
      vertex -54.87935891747475 -18.907166078686714 27.684025148547637
    endloop
  endfacet
  facet normal -0.09801716040626814 -0.9951847246948137 0
    outer loop
      vertex -54.90653218328953 -19.0437753200531 27.40263548302419
      vertex -54.47965253889561 -19.08581930398941 27.40263548302419
      vertex -54.47965253889561 -19.08581930398941 27.684025148547637
    endloop
  endfacet
  facet normal 0 0 1
    outer loop
      vertex -54.90653218328953 -19.0437753200531 27.684025148547637
      vertex -49.52715710550547 -18.947204418480396 27.684025148547637
      vertex -54.47284289449453 -18.947204418480396 27.684025148547637
    endloop
  endfacet
  facet normal 0 -1 0
    outer loop
      vertex -54.47965253889561 -19.08581930398941 27.40263548302419
      vertex -49.52034746110439 -19.08581930398941 27.684025148547637
      vertex -54.47965253889561 -19.08581930398941 27.684025148547637
    endloop
  endfacet
  facet normal 0 0 1
    outer loop
      vertex -54.90653218328953 -19.0437753200531 27.684025148547637
      vertex -54.47965253889561 -19.08581930398941 27.684025148547637
      vertex -49.09346781671047 -19.0437753200531 27.684025148547637
    endloop
  endfacet
  facet normal -0.9951847263079691 0.09801714402762765 0
    outer loop
      vertex -56.58381524682045 -17 27.40263548302419
      vertex -56.58381524682045 -17 27.684025148547637
      vertex -56.5437753200531 -16.593467816710472 27.40263548302419
    endloop
  endfacet
  facet normal 0 0 1
    outer loop
      vertex -56.58381524682045 -17 27.684025148547637
      vertex -56.44452966749668 -17 27.684025148547637
      vertex -56.5437753200531 -16.593467816710472 27.684025148547637
    endloop
  endfacet
  facet normal -0.9951847263079691 0.09801714402762765 0
    outer loop
      vertex -56.58381524682045 -17 27.684025148547637
      vertex -56.5437753200531 -16.593467816710472 27.684025148547637
      vertex -56.5437753200531 -16.593467816710472 27.40263548302419
    endloop
  endfacet
  facet normal 0 0 1
    outer loop
      vertex -56.44452966749668 -17 27.684025148547637
      vertex -56.407166078686714 -16.620641082525253 27.684025148547637
      vertex -56.5437753200531 -16.593467816710472 27.684025148547637
    endloop
  endfacet
  facet normal 0 0 1
    outer loop
      vertex -56.5437753200531 -16.593467816710472 27.684025148547637
      vertex -56.407166078686714 -16.620641082525253 27.684025148547637
      vertex -56.42519425600767 -16.20255844295025 27.684025148547637
    endloop
  endfacet
  facet normal -0.9569403344236975 0.29028468156804654 0
    outer loop
      vertex -56.5437753200531 -16.593467816710472 27.40263548302419
      vertex -56.5437753200531 -16.593467816710472 27.684025148547637
      vertex -56.42519425600767 -16.20255844295025 27.40263548302419
    endloop
  endfacet
  facet normal -0.9569403344236975 0.29028468156804654 0
    outer loop
      vertex -56.42519425600767 -16.20255844295025 27.40263548302419
      vertex -56.5437753200531 -16.593467816710472 27.684025148547637
      vertex -56.42519425600767 -16.20255844295025 27.684025148547637
    endloop
  endfacet
  facet normal 0 0 1
    outer loop
      vertex -56.407166078686714 -16.620641082525253 27.684025148547637
      vertex -56.29651116579771 -16.25586073100567 27.684025148547637
      vertex -56.42519425600767 -16.20255844295025 27.684025148547637
    endloop
  endfacet
  facet normal -0.8819212745275441 0.47139671778207365 0
    outer loop
      vertex -56.42519425600767 -16.20255844295025 27.40263548302419
      vertex -56.42519425600767 -16.20255844295025 27.684025148547637
      vertex -56.23262906074524 -15.842294283211231 27.40263548302419
    endloop
  endfacet
  facet normal 0 0 1
    outer loop
      vertex -56.42519425600767 -16.20255844295025 27.684025148547637
      vertex -56.29651116579771 -16.25586073100567 27.684025148547637
      vertex -56.23262906074524 -15.842294283211231 27.684025148547637
    endloop
  endfacet
  facet normal -0.8819212745275441 0.47139671778207365 0
    outer loop
      vertex -56.42519425600767 -16.20255844295025 27.684025148547637
      vertex -56.23262906074524 -15.842294283211231 27.684025148547637
      vertex -56.23262906074524 -15.842294283211231 27.40263548302419
    endloop
  endfacet
  facet normal 0 0 1
    outer loop
      vertex -56.29651116579771 -16.25586073100567 27.684025148547637
      vertex -56.116817340254784 -15.919677220284939 27.684025148547637
      vertex -56.23262906074524 -15.842294283211231 27.684025148547637
    endloop
  endfacet
  facet normal -0.7730104469842988 0.6343932919357947 0
    outer loop
      vertex -56.23262906074524 -15.842294283211231 27.40263548302419
      vertex -56.23262906074524 -15.842294283211231 27.684025148547637
      vertex -55.97347988933325 -15.526520110666752 27.40263548302419
    endloop
  endfacet
  facet normal 0 0 1
    outer loop
      vertex -56.23262906074524 -15.842294283211231 27.684025148547637
      vertex -56.116817340254784 -15.919677220284939 27.684025148547637
      vertex -55.97347988933325 -15.526520110666752 27.684025148547637
    endloop
  endfacet
  facet normal -0.7730104469842988 0.6343932919357947 0
    outer loop
      vertex -55.97347988933325 -15.526520110666752 27.40263548302419
      vertex -56.23262906074524 -15.842294283211231 27.684025148547637
      vertex -55.97347988933325 -15.526520110666752 27.684025148547637
    endloop
  endfacet
  facet normal 0 0 1
    outer loop
      vertex -56.116817340254784 -15.919677220284939 27.684025148547637
      vertex -55.87499010562897 -15.625009894371033 27.684025148547637
      vertex -55.97347988933325 -15.526520110666752 27.684025148547637
    endloop
  endfacet
  facet normal -0.6343932919357947 0.7730104469842988 0
    outer loop
      vertex -55.97347988933325 -15.526520110666752 27.40263548302419
      vertex -55.97347988933325 -15.526520110666752 27.684025148547637
      vertex -55.65770571678877 -15.26737093925476 27.40263548302419
    endloop
  endfacet
  facet normal 0 0 1
    outer loop
      vertex -55.97347988933325 -15.526520110666752 27.684025148547637
      vertex -55.87499010562897 -15.625009894371033 27.684025148547637
      vertex -55.65770571678877 -15.26737093925476 27.684025148547637
    endloop
  endfacet
  facet normal -0.6343932919357947 0.7730104469842988 0
    outer loop
      vertex -55.97347988933325 -15.526520110666752 27.684025148547637
      vertex -55.65770571678877 -15.26737093925476 27.684025148547637
      vertex -55.65770571678877 -15.26737093925476 27.40263548302419
    endloop
  endfacet
  facet normal 0 0 1
    outer loop
      vertex -55.87499010562897 -15.625009894371033 27.684025148547637
      vertex -55.58032277971506 -15.383182659745216 27.684025148547637
      vertex -55.65770571678877 -15.26737093925476 27.684025148547637
    endloop
  endfacet
  facet normal -0.47139671778207365 0.8819212745275441 0
    outer loop
      vertex -55.65770571678877 -15.26737093925476 27.40263548302419
      vertex -55.65770571678877 -15.26737093925476 27.684025148547637
      vertex -55.29744155704975 -15.074805743992329 27.40263548302419
    endloop
  endfacet
  facet normal 0 0 1
    outer loop
      vertex -55.58032277971506 -15.383182659745216 27.684025148547637
      vertex -55.29744155704975 -15.074805743992329 27.684025148547637
      vertex -55.65770571678877 -15.26737093925476 27.684025148547637
    endloop
  endfacet
  facet normal 0 0 1
    outer loop
      vertex -55.58032277971506 -15.383182659745216 27.684025148547637
      vertex -55.24413926899433 -15.20348883420229 27.684025148547637
      vertex -55.29744155704975 -15.074805743992329 27.684025148547637
    endloop
  endfacet
  facet normal -0.47139671778207365 0.8819212745275441 0
    outer loop
      vertex -55.29744155704975 -15.074805743992329 27.40263548302419
      vertex -55.65770571678877 -15.26737093925476 27.684025148547637
      vertex -55.29744155704975 -15.074805743992329 27.684025148547637
    endloop
  endfacet
  facet normal 0 0 1
    outer loop
      vertex -55.29744155704975 -15.074805743992329 27.684025148547637
      vertex -55.24413926899433 -15.20348883420229 27.684025148547637
      vertex -54.87935891747475 -15.092833921313286 27.684025148547637
    endloop
  endfacet
  facet normal -0.29028468156804654 0.9569403344236975 0
    outer loop
      vertex -55.29744155704975 -15.074805743992329 27.40263548302419
      vertex -55.29744155704975 -15.074805743992329 27.684025148547637
      vertex -54.90653218328953 -14.9562246799469 27.40263548302419
    endloop
  endfacet
  facet normal -0.29028468156804654 0.9569403344236975 0
    outer loop
      vertex -55.29744155704975 -15.074805743992329 27.684025148547637
      vertex -54.90653218328953 -14.9562246799469 27.684025148547637
      vertex -54.90653218328953 -14.9562246799469 27.40263548302419
    endloop
  endfacet
  facet normal 0 0 1
    outer loop
      vertex -55.29744155704975 -15.074805743992329 27.684025148547637
      vertex -54.87935891747475 -15.092833921313286 27.684025148547637
      vertex -54.90653218328953 -14.9562246799469 27.684025148547637
    endloop
  endfacet
  facet normal -0.09801716040626814 0.9951847246948137 0
    outer loop
      vertex -54.90653218328953 -14.9562246799469 27.40263548302419
      vertex -54.90653218328953 -14.9562246799469 27.684025148547637
      vertex -54.47965253889561 -14.91418069601059 27.40263548302419
    endloop
  endfacet
  facet normal 0 0 1
    outer loop
      vertex -54.87935891747475 -15.092833921313286 27.684025148547637
      vertex -54.47284289449453 -15.052795581519604 27.684025148547637
      vertex -54.90653218328953 -14.9562246799469 27.684025148547637
    endloop
  endfacet
  facet normal -0.09801716040626814 0.9951847246948137 0
    outer loop
      vertex -54.47965253889561 -14.91418069601059 27.40263548302419
      vertex -54.90653218328953 -14.9562246799469 27.684025148547637
      vertex -54.47965253889561 -14.91418069601059 27.684025148547637
    endloop
  endfacet
  facet normal 0 0 1
    outer loop
      vertex -54.90653218328953 -14.9562246799469 27.684025148547637
      vertex -49.52034746110439 -14.91418069601059 27.684025148547637
      vertex -54.47965253889561 -14.91418069601059 27.684025148547637
    endloop
  endfacet
  facet normal 0 0 1
    outer loop
      vertex -54.90653218328953 -14.9562246799469 27.684025148547637
      vertex -54.47284289449453 -15.052795581519604 27.684025148547637
      vertex -49.09346781671047 -14.9562246799469 27.684025148547637
    endloop
  endfacet
  facet normal 0 1 0
    outer loop
      vertex -54.47965253889561 -14.91418069601059 27.40263548302419
      vertex -54.47965253889561 -14.91418069601059 27.684025148547637
      vertex -49.52034746110439 -14.91418069601059 27.40263548302419
    endloop
  endfacet
  facet normal 0 -1 0
    outer loop
      vertex -54.47965253889561 -19.08581930398941 27.40263548302419
      vertex -49.52034746110439 -19.08581930398941 27.40263548302419
      vertex -49.52034746110439 -19.08581930398941 27.684025148547637
    endloop
  endfacet
  facet normal 0 0 1
    outer loop
      vertex -54.90653218328953 -19.0437753200531 27.684025148547637
      vertex -49.09346781671047 -19.0437753200531 27.684025148547637
      vertex -49.52715710550547 -18.947204418480396 27.684025148547637
    endloop
  endfacet
  facet normal 0 0 1
    outer loop
      vertex -54.47965253889561 -19.08581930398941 27.684025148547637
      vertex -49.52034746110439 -19.08581930398941 27.684025148547637
      vertex -49.09346781671047 -19.0437753200531 27.684025148547637
    endloop
  endfacet
  facet normal 0.09801716040626814 -0.9951847246948137 0
    outer loop
      vertex -49.52034746110439 -19.08581930398941 27.40263548302419
      vertex -49.09346781671047 -19.0437753200531 27.684025148547637
      vertex -49.52034746110439 -19.08581930398941 27.684025148547637
    endloop
  endfacet
  facet normal 0.09801716040626814 -0.9951847246948137 0
    outer loop
      vertex -49.52034746110439 -19.08581930398941 27.40263548302419
      vertex -49.09346781671047 -19.0437753200531 27.40263548302419
      vertex -49.09346781671047 -19.0437753200531 27.684025148547637
    endloop
  endfacet
  facet normal 0 0 1
    outer loop
      vertex -49.52715710550547 -18.947204418480396 27.684025148547637
      vertex -49.09346781671047 -19.0437753200531 27.684025148547637
      vertex -49.12064108252525 -18.907166078686714 27.684025148547637
    endloop
  endfacet
  facet normal 0.29028468156804654 -0.9569403344236975 0
    outer loop
      vertex -49.09346781671047 -19.0437753200531 27.40263548302419
      vertex -48.70255844295025 -18.92519425600767 27.684025148547637
      vertex -49.09346781671047 -19.0437753200531 27.684025148547637
    endloop
  endfacet
  facet normal 0 0 1
    outer loop
      vertex -49.09346781671047 -19.0437753200531 27.684025148547637
      vertex -48.70255844295025 -18.92519425600767 27.684025148547637
      vertex -49.12064108252525 -18.907166078686714 27.684025148547637
    endloop
  endfacet
  facet normal 0.29028468156804654 -0.9569403344236975 0
    outer loop
      vertex -49.09346781671047 -19.0437753200531 27.40263548302419
      vertex -48.70255844295025 -18.92519425600767 27.40263548302419
      vertex -48.70255844295025 -18.92519425600767 27.684025148547637
    endloop
  endfacet
  facet normal 0 0 1
    outer loop
      vertex -49.12064108252525 -18.907166078686714 27.684025148547637
      vertex -48.70255844295025 -18.92519425600767 27.684025148547637
      vertex -48.75586073100567 -18.79651116579771 27.684025148547637
    endloop
  endfacet
  facet normal 0 0 1
    outer loop
      vertex -48.70255844295025 -18.92519425600767 27.684025148547637
      vertex -48.41967722028494 -18.616817340254784 27.684025148547637
      vertex -48.75586073100567 -18.79651116579771 27.684025148547637
    endloop
  endfacet
  facet normal 0.47139671778207365 -0.8819212745275441 0
    outer loop
      vertex -48.70255844295025 -18.92519425600767 27.40263548302419
      vertex -48.34229428321123 -18.73262906074524 27.684025148547637
      vertex -48.70255844295025 -18.92519425600767 27.684025148547637
    endloop
  endfacet
  facet normal 0.47139671778207365 -0.8819212745275441 0
    outer loop
      vertex -48.70255844295025 -18.92519425600767 27.40263548302419
      vertex -48.34229428321123 -18.73262906074524 27.40263548302419
      vertex -48.34229428321123 -18.73262906074524 27.684025148547637
    endloop
  endfacet
  facet normal 0 0 1
    outer loop
      vertex -48.70255844295025 -18.92519425600767 27.684025148547637
      vertex -48.34229428321123 -18.73262906074524 27.684025148547637
      vertex -48.41967722028494 -18.616817340254784 27.684025148547637
    endloop
  endfacet
  facet normal 0 0 1
    outer loop
      vertex -48.34229428321123 -18.73262906074524 27.684025148547637
      vertex -48.12500989437103 -18.374990105628967 27.684025148547637
      vertex -48.41967722028494 -18.616817340254784 27.684025148547637
    endloop
  endfacet
  facet normal 0.6343932919357947 -0.7730104469842988 0
    outer loop
      vertex -48.34229428321123 -18.73262906074524 27.40263548302419
      vertex -48.02652011066675 -18.473479889333248 27.684025148547637
      vertex -48.34229428321123 -18.73262906074524 27.684025148547637
    endloop
  endfacet
  facet normal 0.6343932919357947 -0.7730104469842988 0
    outer loop
      vertex -48.34229428321123 -18.73262906074524 27.40263548302419
      vertex -48.02652011066675 -18.473479889333248 27.40263548302419
      vertex -48.02652011066675 -18.473479889333248 27.684025148547637
    endloop
  endfacet
  facet normal 0 0 1
    outer loop
      vertex -48.34229428321123 -18.73262906074524 27.684025148547637
      vertex -48.02652011066675 -18.473479889333248 27.684025148547637
      vertex -48.12500989437103 -18.374990105628967 27.684025148547637
    endloop
  endfacet
  facet normal 0 0 1
    outer loop
      vertex -48.02652011066675 -18.473479889333248 27.684025148547637
      vertex -47.883182659745216 -18.08032277971506 27.684025148547637
      vertex -48.12500989437103 -18.374990105628967 27.684025148547637
    endloop
  endfacet
  facet normal 0.7730104469842988 -0.6343932919357947 0
    outer loop
      vertex -48.02652011066675 -18.473479889333248 27.40263548302419
      vertex -47.76737093925476 -18.15770571678877 27.684025148547637
      vertex -48.02652011066675 -18.473479889333248 27.684025148547637
    endloop
  endfacet
  facet normal 0.7730104469842988 -0.6343932919357947 0
    outer loop
      vertex -48.02652011066675 -18.473479889333248 27.40263548302419
      vertex -47.76737093925476 -18.15770571678877 27.40263548302419
      vertex -47.76737093925476 -18.15770571678877 27.684025148547637
    endloop
  endfacet
  facet normal 0 0 1
    outer loop
      vertex -48.02652011066675 -18.473479889333248 27.684025148547637
      vertex -47.76737093925476 -18.15770571678877 27.684025148547637
      vertex -47.883182659745216 -18.08032277971506 27.684025148547637
    endloop
  endfacet
  facet normal 0.8819212745275441 -0.47139671778207365 0
    outer loop
      vertex -47.76737093925476 -18.15770571678877 27.40263548302419
      vertex -47.57480574399233 -17.79744155704975 27.684025148547637
      vertex -47.76737093925476 -18.15770571678877 27.684025148547637
    endloop
  endfacet
  facet normal 0 0 1
    outer loop
      vertex -47.883182659745216 -18.08032277971506 27.684025148547637
      vertex -47.76737093925476 -18.15770571678877 27.684025148547637
      vertex -47.70348883420229 -17.74413926899433 27.684025148547637
    endloop
  endfacet
  facet normal 0.8819212745275441 -0.47139671778207365 0
    outer loop
      vertex -47.76737093925476 -18.15770571678877 27.40263548302419
      vertex -47.57480574399233 -17.79744155704975 27.40263548302419
      vertex -47.57480574399233 -17.79744155704975 27.684025148547637
    endloop
  endfacet
  facet normal 0 0 1
    outer loop
      vertex -47.76737093925476 -18.15770571678877 27.684025148547637
      vertex -47.57480574399233 -17.79744155704975 27.684025148547637
      vertex -47.70348883420229 -17.74413926899433 27.684025148547637
    endloop
  endfacet
  facet normal 0.9569403344236975 -0.29028468156804654 0
    outer loop
      vertex -47.57480574399233 -17.79744155704975 27.40263548302419
      vertex -47.4562246799469 -17.406532183289528 27.684025148547637
      vertex -47.57480574399233 -17.79744155704975 27.684025148547637
    endloop
  endfacet
  facet normal 0 0 1
    outer loop
      vertex -47.70348883420229 -17.74413926899433 27.684025148547637
      vertex -47.57480574399233 -17.79744155704975 27.684025148547637
      vertex -47.592833921313286 -17.379358917474747 27.684025148547637
    endloop
  endfacet
  facet normal 0.9569403344236975 -0.29028468156804654 0
    outer loop
      vertex -47.57480574399233 -17.79744155704975 27.40263548302419
      vertex -47.4562246799469 -17.406532183289528 27.40263548302419
      vertex -47.4562246799469 -17.406532183289528 27.684025148547637
    endloop
  endfacet
  facet normal 0 0 1
    outer loop
      vertex -47.57480574399233 -17.79744155704975 27.684025148547637
      vertex -47.4562246799469 -17.406532183289528 27.684025148547637
      vertex -47.592833921313286 -17.379358917474747 27.684025148547637
    endloop
  endfacet
  facet normal 0 0 1
    outer loop
      vertex -47.592833921313286 -17.379358917474747 27.684025148547637
      vertex -47.4562246799469 -17.406532183289528 27.684025148547637
      vertex -47.55547033250332 -17 27.684025148547637
    endloop
  endfacet
  facet normal 0.9951847263079691 -0.09801714402762765 0
    outer loop
      vertex -47.4562246799469 -17.406532183289528 27.40263548302419
      vertex -47.41618475317955 -17 27.684025148547637
      vertex -47.4562246799469 -17.406532183289528 27.684025148547637
    endloop
  endfacet
  facet normal 0 0 1
    outer loop
      vertex -47.4562246799469 -17.406532183289528 27.684025148547637
      vertex -47.41618475317955 -17 27.684025148547637
      vertex -47.55547033250332 -17 27.684025148547637
    endloop
  endfacet
  facet normal 0.9951847263079691 -0.09801714402762765 0
    outer loop
      vertex -47.4562246799469 -17.406532183289528 27.40263548302419
      vertex -47.41618475317955 -17 27.40263548302419
      vertex -47.41618475317955 -17 27.684025148547637
    endloop
  endfacet
  facet normal 0 1 0
    outer loop
      vertex -54.47965253889561 -14.91418069601059 27.684025148547637
      vertex -49.52034746110439 -14.91418069601059 27.684025148547637
      vertex -49.52034746110439 -14.91418069601059 27.40263548302419
    endloop
  endfacet
  facet normal 0 0 1
    outer loop
      vertex -54.90653218328953 -14.9562246799469 27.684025148547637
      vertex -49.09346781671047 -14.9562246799469 27.684025148547637
      vertex -49.52034746110439 -14.91418069601059 27.684025148547637
    endloop
  endfacet
  facet normal 0 0 1
    outer loop
      vertex -54.47284289449453 -15.052795581519604 27.684025148547637
      vertex -49.52715710550547 -15.052795581519604 27.684025148547637
      vertex -49.09346781671047 -14.9562246799469 27.684025148547637
    endloop
  endfacet
  facet normal 0 0 1
    outer loop
      vertex -47.55547033250332 -17 27.684025148547637
      vertex -47.41618475317955 -17 27.684025148547637
      vertex -47.592833921313286 -16.620641082525253 27.684025148547637
    endloop
  endfacet
  facet normal 0.9951847263079691 0.09801714402762765 0
    outer loop
      vertex -47.41618475317955 -17 27.40263548302419
      vertex -47.4562246799469 -16.593467816710472 27.684025148547637
      vertex -47.41618475317955 -17 27.684025148547637
    endloop
  endfacet
  facet normal 0 0 1
    outer loop
      vertex -47.41618475317955 -17 27.684025148547637
      vertex -47.4562246799469 -16.593467816710472 27.684025148547637
      vertex -47.592833921313286 -16.620641082525253 27.684025148547637
    endloop
  endfacet
  facet normal 0.9951847263079691 0.09801714402762765 0
    outer loop
      vertex -47.41618475317955 -17 27.40263548302419
      vertex -47.4562246799469 -16.593467816710472 27.40263548302419
      vertex -47.4562246799469 -16.593467816710472 27.684025148547637
    endloop
  endfacet
  facet normal 0 0 1
    outer loop
      vertex -47.592833921313286 -16.620641082525253 27.684025148547637
      vertex -47.4562246799469 -16.593467816710472 27.684025148547637
      vertex -47.70348883420229 -16.25586073100567 27.684025148547637
    endloop
  endfacet
  facet normal 0.9569403344236975 0.29028468156804654 0
    outer loop
      vertex -47.4562246799469 -16.593467816710472 27.40263548302419
      vertex -47.57480574399233 -16.20255844295025 27.684025148547637
      vertex -47.4562246799469 -16.593467816710472 27.684025148547637
    endloop
  endfacet
  facet normal 0.9569403344236975 0.29028468156804654 0
    outer loop
      vertex -47.4562246799469 -16.593467816710472 27.40263548302419
      vertex -47.57480574399233 -16.20255844295025 27.40263548302419
      vertex -47.57480574399233 -16.20255844295025 27.684025148547637
    endloop
  endfacet
  facet normal 0 0 1
    outer loop
      vertex -47.4562246799469 -16.593467816710472 27.684025148547637
      vertex -47.57480574399233 -16.20255844295025 27.684025148547637
      vertex -47.70348883420229 -16.25586073100567 27.684025148547637
    endloop
  endfacet
  facet normal 0 0 1
    outer loop
      vertex -48.12500989437103 -15.625009894371033 27.684025148547637
      vertex -47.76737093925476 -15.842294283211231 27.684025148547637
      vertex -48.02652011066675 -15.526520110666752 27.684025148547637
    endloop
  endfacet
  facet normal 0.6343932919357947 0.7730104469842988 0
    outer loop
      vertex -48.02652011066675 -15.526520110666752 27.40263548302419
      vertex -48.34229428321123 -15.26737093925476 27.684025148547637
      vertex -48.02652011066675 -15.526520110666752 27.684025148547637
    endloop
  endfacet
  facet normal 0 0 1
    outer loop
      vertex -48.41967722028494 -15.383182659745216 27.684025148547637
      vertex -48.12500989437103 -15.625009894371033 27.684025148547637
      vertex -48.02652011066675 -15.526520110666752 27.684025148547637
    endloop
  endfacet
  facet normal 0.6343932919357947 0.7730104469842988 0
    outer loop
      vertex -48.02652011066675 -15.526520110666752 27.40263548302419
      vertex -48.34229428321123 -15.26737093925476 27.40263548302419
      vertex -48.34229428321123 -15.26737093925476 27.684025148547637
    endloop
  endfacet
  facet normal 0 0 1
    outer loop
      vertex -48.41967722028494 -15.383182659745216 27.684025148547637
      vertex -48.02652011066675 -15.526520110666752 27.684025148547637
      vertex -48.34229428321123 -15.26737093925476 27.684025148547637
    endloop
  endfacet
  facet normal 0.8819212745275441 0.47139671778207365 0
    outer loop
      vertex -47.57480574399233 -16.20255844295025 27.40263548302419
      vertex -47.76737093925476 -15.842294283211231 27.684025148547637
      vertex -47.57480574399233 -16.20255844295025 27.684025148547637
    endloop
  endfacet
  facet normal 0 0 1
    outer loop
      vertex -47.70348883420229 -16.25586073100567 27.684025148547637
      vertex -47.57480574399233 -16.20255844295025 27.684025148547637
      vertex -47.883182659745216 -15.919677220284939 27.684025148547637
    endloop
  endfacet
  facet normal 0.8819212745275441 0.47139671778207365 0
    outer loop
      vertex -47.57480574399233 -16.20255844295025 27.40263548302419
      vertex -47.76737093925476 -15.842294283211231 27.40263548302419
      vertex -47.76737093925476 -15.842294283211231 27.684025148547637
    endloop
  endfacet
  facet normal 0 0 1
    outer loop
      vertex -47.57480574399233 -16.20255844295025 27.684025148547637
      vertex -47.76737093925476 -15.842294283211231 27.684025148547637
      vertex -47.883182659745216 -15.919677220284939 27.684025148547637
    endloop
  endfacet
  facet normal 0.7730104469842988 0.6343932919357947 0
    outer loop
      vertex -47.76737093925476 -15.842294283211231 27.40263548302419
      vertex -48.02652011066675 -15.526520110666752 27.684025148547637
      vertex -47.76737093925476 -15.842294283211231 27.684025148547637
    endloop
  endfacet
  facet normal 0 0 1
    outer loop
      vertex -48.12500989437103 -15.625009894371033 27.684025148547637
      vertex -47.883182659745216 -15.919677220284939 27.684025148547637
      vertex -47.76737093925476 -15.842294283211231 27.684025148547637
    endloop
  endfacet
  facet normal 0.7730104469842988 0.6343932919357947 0
    outer loop
      vertex -48.02652011066675 -15.526520110666752 27.40263548302419
      vertex -48.02652011066675 -15.526520110666752 27.684025148547637
      vertex -47.76737093925476 -15.842294283211231 27.40263548302419
    endloop
  endfacet
  facet normal 0.09801716040626814 0.9951847246948137 0
    outer loop
      vertex -49.52034746110439 -14.91418069601059 27.40263548302419
      vertex -49.52034746110439 -14.91418069601059 27.684025148547637
      vertex -49.09346781671047 -14.9562246799469 27.40263548302419
    endloop
  endfacet
  facet normal 0.09801716040626814 0.9951847246948137 0
    outer loop
      vertex -49.09346781671047 -14.9562246799469 27.40263548302419
      vertex -49.52034746110439 -14.91418069601059 27.684025148547637
      vertex -49.09346781671047 -14.9562246799469 27.684025148547637
    endloop
  endfacet
  facet normal 0.29028468156804654 0.9569403344236975 0
    outer loop
      vertex -49.09346781671047 -14.9562246799469 27.40263548302419
      vertex -49.09346781671047 -14.9562246799469 27.684025148547637
      vertex -48.70255844295025 -15.074805743992329 27.40263548302419
    endloop
  endfacet
  facet normal 0 0 1
    outer loop
      vertex -49.52715710550547 -15.052795581519604 27.684025148547637
      vertex -49.12064108252525 -15.092833921313286 27.684025148547637
      vertex -48.70255844295025 -15.074805743992329 27.684025148547637
    endloop
  endfacet
  facet normal 0 0 1
    outer loop
      vertex -49.52715710550547 -15.052795581519604 27.684025148547637
      vertex -48.70255844295025 -15.074805743992329 27.684025148547637
      vertex -49.09346781671047 -14.9562246799469 27.684025148547637
    endloop
  endfacet
  facet normal 0 0 1
    outer loop
      vertex -49.12064108252525 -15.092833921313286 27.684025148547637
      vertex -48.75586073100567 -15.20348883420229 27.684025148547637
      vertex -48.70255844295025 -15.074805743992329 27.684025148547637
    endloop
  endfacet
  facet normal 0.29028468156804654 0.9569403344236975 0
    outer loop
      vertex -48.70255844295025 -15.074805743992329 27.40263548302419
      vertex -49.09346781671047 -14.9562246799469 27.684025148547637
      vertex -48.70255844295025 -15.074805743992329 27.684025148547637
    endloop
  endfacet
  facet normal 0.47139671778207365 0.8819212745275441 0
    outer loop
      vertex -48.70255844295025 -15.074805743992329 27.684025148547637
      vertex -48.34229428321123 -15.26737093925476 27.684025148547637
      vertex -48.34229428321123 -15.26737093925476 27.40263548302419
    endloop
  endfacet
  facet normal 0 0 1
    outer loop
      vertex -48.41967722028494 -15.383182659745216 27.684025148547637
      vertex -48.34229428321123 -15.26737093925476 27.684025148547637
      vertex -48.75586073100567 -15.20348883420229 27.684025148547637
    endloop
  endfacet
  facet normal 0.47139671778207365 0.8819212745275441 0
    outer loop
      vertex -48.70255844295025 -15.074805743992329 27.40263548302419
      vertex -48.70255844295025 -15.074805743992329 27.684025148547637
      vertex -48.34229428321123 -15.26737093925476 27.40263548302419
    endloop
  endfacet
  facet normal 0 0 1
    outer loop
      vertex -48.75586073100567 -15.20348883420229 27.684025148547637
      vertex -48.34229428321123 -15.26737093925476 27.684025148547637
      vertex -48.70255844295025 -15.074805743992329 27.684025148547637
    endloop
  endfacet
  facet normal -0.4713967273170986 -0.8819212694309674 0
    outer loop
      vertex -55.58032277971506 -18.616817340254784 27.943355349529405
      vertex -55.24413926899433 -18.79651116579771 27.684025148547637
      vertex -55.24413926899433 -18.79651116579771 27.943355349529405
    endloop
  endfacet
  facet normal -0.7730104406292261 -0.6343932996794729 0
    outer loop
      vertex -56.116817340254784 -18.08032277971506 27.943355349529405
      vertex -55.87499010562897 -18.374990105628967 27.684025148547637
      vertex -55.87499010562897 -18.374990105628967 27.943355349529405
    endloop
  endfacet
  facet normal -0.7730104406292261 -0.6343932996794729 0
    outer loop
      vertex -56.116817340254784 -18.08032277971506 27.684025148547637
      vertex -55.87499010562897 -18.374990105628967 27.684025148547637
      vertex -56.116817340254784 -18.08032277971506 27.943355349529405
    endloop
  endfacet
  facet normal 0 0 1
    outer loop
      vertex -56.116817340254784 -18.08032277971506 27.943355349529405
      vertex -55.74244516342878 -18.242445163428783 27.943355349529405
      vertex -55.96096096932888 -17.976182907819748 27.943355349529405
    endloop
  endfacet
  facet normal -0.8819212694309674 -0.4713967273170986 0
    outer loop
      vertex -56.116817340254784 -18.08032277971506 27.684025148547637
      vertex -56.116817340254784 -18.08032277971506 27.943355349529405
      vertex -56.29651116579771 -17.74413926899433 27.943355349529405
    endloop
  endfacet
  facet normal -0.8819212694309674 -0.4713967273170986 0
    outer loop
      vertex -56.116817340254784 -18.08032277971506 27.684025148547637
      vertex -56.29651116579771 -17.74413926899433 27.943355349529405
      vertex -56.29651116579771 -17.74413926899433 27.684025148547637
    endloop
  endfacet
  facet normal 0 0 1
    outer loop
      vertex -56.116817340254784 -18.08032277971506 27.943355349529405
      vertex -55.96096096932888 -17.976182907819748 27.943355349529405
      vertex -56.29651116579771 -17.74413926899433 27.943355349529405
    endloop
  endfacet
  facet normal -0.6343932996794729 -0.7730104406292261 0
    outer loop
      vertex -55.87499010562897 -18.374990105628967 27.943355349529405
      vertex -55.58032277971506 -18.616817340254784 27.684025148547637
      vertex -55.58032277971506 -18.616817340254784 27.943355349529405
    endloop
  endfacet
  facet normal -0.6343932996794729 -0.7730104406292261 0
    outer loop
      vertex -55.87499010562897 -18.374990105628967 27.684025148547637
      vertex -55.58032277971506 -18.616817340254784 27.684025148547637
      vertex -55.87499010562897 -18.374990105628967 27.943355349529405
    endloop
  endfacet
  facet normal 0 0 1
    outer loop
      vertex -55.87499010562897 -18.374990105628967 27.943355349529405
      vertex -55.58032277971506 -18.616817340254784 27.943355349529405
      vertex -55.47618290781975 -18.46096096932888 27.943355349529405
    endloop
  endfacet
  facet normal 0 0 1
    outer loop
      vertex -55.87499010562897 -18.374990105628967 27.943355349529405
      vertex -55.47618290781975 -18.46096096932888 27.943355349529405
      vertex -55.74244516342878 -18.242445163428783 27.943355349529405
    endloop
  endfacet
  facet normal -0.4713967273170986 -0.8819212694309674 0
    outer loop
      vertex -55.58032277971506 -18.616817340254784 27.684025148547637
      vertex -55.24413926899433 -18.79651116579771 27.684025148547637
      vertex -55.58032277971506 -18.616817340254784 27.943355349529405
    endloop
  endfacet
  facet normal 0 0 1
    outer loop
      vertex -55.58032277971506 -18.616817340254784 27.943355349529405
      vertex -55.24413926899433 -18.79651116579771 27.943355349529405
      vertex -55.17240647226572 -18.62333284318447 27.943355349529405
    endloop
  endfacet
  facet normal 0 0 1
    outer loop
      vertex -55.58032277971506 -18.616817340254784 27.943355349529405
      vertex -55.17240647226572 -18.62333284318447 27.943355349529405
      vertex -55.47618290781975 -18.46096096932888 27.943355349529405
    endloop
  endfacet
  facet normal 0 0 1
    outer loop
      vertex -56.116817340254784 -18.08032277971506 27.943355349529405
      vertex -55.87499010562897 -18.374990105628967 27.943355349529405
      vertex -55.74244516342878 -18.242445163428783 27.943355349529405
    endloop
  endfacet
  facet normal -0.956940333538449 -0.2902846844863193 0
    outer loop
      vertex -56.29651116579771 -17.74413926899433 27.684025148547637
      vertex -56.29651116579771 -17.74413926899433 27.943355349529405
      vertex -56.407166078686714 -17.379358917474747 27.943355349529405
    endloop
  endfacet
  facet normal 0 0 1
    outer loop
      vertex -56.29651116579771 -17.74413926899433 27.943355349529405
      vertex -56.12333284318447 -17.67240647226572 27.943355349529405
      vertex -56.407166078686714 -17.379358917474747 27.943355349529405
    endloop
  endfacet
  facet normal -0.956940333538449 -0.2902846844863193 0
    outer loop
      vertex -56.29651116579771 -17.74413926899433 27.684025148547637
      vertex -56.407166078686714 -17.379358917474747 27.943355349529405
      vertex -56.407166078686714 -17.379358917474747 27.684025148547637
    endloop
  endfacet
  facet normal 0 0 1
    outer loop
      vertex -56.12333284318447 -17.67240647226572 27.943355349529405
      vertex -56.223320968449116 -17.342789821326733 27.943355349529405
      vertex -56.407166078686714 -17.379358917474747 27.943355349529405
    endloop
  endfacet
  facet normal 0 0 1
    outer loop
      vertex -55.96096096932888 -17.976182907819748 27.943355349529405
      vertex -56.12333284318447 -17.67240647226572 27.943355349529405
      vertex -56.29651116579771 -17.74413926899433 27.943355349529405
    endloop
  endfacet
  facet normal -0.9951847275289729 -0.09801713163056695 0
    outer loop
      vertex -56.407166078686714 -17.379358917474747 27.684025148547637
      vertex -56.407166078686714 -17.379358917474747 27.943355349529405
      vertex -56.44452966749668 -17 27.943355349529405
    endloop
  endfacet
  facet normal 0 0 1
    outer loop
      vertex -56.407166078686714 -17.379358917474747 27.943355349529405
      vertex -56.223320968449116 -17.342789821326733 27.943355349529405
      vertex -56.44452966749668 -17 27.943355349529405
    endloop
  endfacet
  facet normal -0.9951847275289729 -0.09801713163056695 0
    outer loop
      vertex -56.407166078686714 -17.379358917474747 27.684025148547637
      vertex -56.44452966749668 -17 27.943355349529405
      vertex -56.44452966749668 -17 27.684025148547637
    endloop
  endfacet
  facet normal 0 0 1
    outer loop
      vertex -56.223320968449116 -17.342789821326733 27.943355349529405
      vertex -56.25708281248808 -17 27.943355349529405
      vertex -56.44452966749668 -17 27.943355349529405
    endloop
  endfacet
  facet normal -0.2902846844863193 -0.956940333538449 0
    outer loop
      vertex -55.24413926899433 -18.79651116579771 27.684025148547637
      vertex -54.87935891747475 -18.907166078686714 27.684025148547637
      vertex -55.24413926899433 -18.79651116579771 27.943355349529405
    endloop
  endfacet
  facet normal -0.2902846844863193 -0.956940333538449 0
    outer loop
      vertex -55.24413926899433 -18.79651116579771 27.943355349529405
      vertex -54.87935891747475 -18.907166078686714 27.684025148547637
      vertex -54.87935891747475 -18.907166078686714 27.943355349529405
    endloop
  endfacet
  facet normal 0 0 1
    outer loop
      vertex -55.24413926899433 -18.79651116579771 27.943355349529405
      vertex -54.84278982132673 -18.723320968449116 27.943355349529405
      vertex -55.17240647226572 -18.62333284318447 27.943355349529405
    endloop
  endfacet
  facet normal -0.09801715536957865 -0.9951847251908842 0
    outer loop
      vertex -54.87935891747475 -18.907166078686714 27.684025148547637
      vertex -54.47284289449453 -18.947204418480396 27.684025148547637
      vertex -54.87935891747475 -18.907166078686714 27.943355349529405
    endloop
  endfacet
  facet normal -0.09801715536957865 -0.9951847251908842 0
    outer loop
      vertex -54.87935891747475 -18.907166078686714 27.943355349529405
      vertex -54.47284289449453 -18.947204418480396 27.684025148547637
      vertex -54.47284289449453 -18.947204418480396 27.943355349529405
    endloop
  endfacet
  facet normal 0 0 1
    outer loop
      vertex -55.24413926899433 -18.79651116579771 27.943355349529405
      vertex -54.46367859095335 -18.76066017150879 27.943355349529405
      vertex -54.84278982132673 -18.723320968449116 27.943355349529405
    endloop
  endfacet
  facet normal 0 0 1
    outer loop
      vertex -55.24413926899433 -18.79651116579771 27.943355349529405
      vertex -54.87935891747475 -18.907166078686714 27.943355349529405
      vertex -48.75586073100567 -18.79651116579771 27.943355349529405
    endloop
  endfacet
  facet normal 0 0 1
    outer loop
      vertex -55.24413926899433 -18.79651116579771 27.943355349529405
      vertex -49.53632140904665 -18.76066017150879 27.943355349529405
      vertex -54.46367859095335 -18.76066017150879 27.943355349529405
    endloop
  endfacet
  facet normal 0 -1 0
    outer loop
      vertex -54.47284289449453 -18.947204418480396 27.684025148547637
      vertex -49.52715710550547 -18.947204418480396 27.684025148547637
      vertex -54.47284289449453 -18.947204418480396 27.943355349529405
    endloop
  endfacet
  facet normal 0 0 1
    outer loop
      vertex -54.87935891747475 -18.907166078686714 27.943355349529405
      vertex -54.47284289449453 -18.947204418480396 27.943355349529405
      vertex -49.12064108252525 -18.907166078686714 27.943355349529405
    endloop
  endfacet
  facet normal -0.9951847275289729 0.09801713163056695 0
    outer loop
      vertex -56.44452966749668 -17 27.684025148547637
      vertex -56.44452966749668 -17 27.943355349529405
      vertex -56.407166078686714 -16.620641082525253 27.943355349529405
    endloop
  endfacet
  facet normal 0 0 1
    outer loop
      vertex -56.44452966749668 -17 27.943355349529405
      vertex -56.25708281248808 -17 27.943355349529405
      vertex -56.407166078686714 -16.620641082525253 27.943355349529405
    endloop
  endfacet
  facet normal -0.9951847275289729 0.09801713163056695 0
    outer loop
      vertex -56.44452966749668 -17 27.684025148547637
      vertex -56.407166078686714 -16.620641082525253 27.943355349529405
      vertex -56.407166078686714 -16.620641082525253 27.684025148547637
    endloop
  endfacet
  facet normal 0 0 1
    outer loop
      vertex -56.25708281248808 -17 27.943355349529405
      vertex -56.223320968449116 -16.657210178673267 27.943355349529405
      vertex -56.407166078686714 -16.620641082525253 27.943355349529405
    endloop
  endfacet
  facet normal -0.956940333538449 0.2902846844863193 0
    outer loop
      vertex -56.407166078686714 -16.620641082525253 27.684025148547637
      vertex -56.407166078686714 -16.620641082525253 27.943355349529405
      vertex -56.29651116579771 -16.25586073100567 27.943355349529405
    endloop
  endfacet
  facet normal 0 0 1
    outer loop
      vertex -56.407166078686714 -16.620641082525253 27.943355349529405
      vertex -56.223320968449116 -16.657210178673267 27.943355349529405
      vertex -56.29651116579771 -16.25586073100567 27.943355349529405
    endloop
  endfacet
  facet normal -0.956940333538449 0.2902846844863193 0
    outer loop
      vertex -56.407166078686714 -16.620641082525253 27.684025148547637
      vertex -56.29651116579771 -16.25586073100567 27.943355349529405
      vertex -56.29651116579771 -16.25586073100567 27.684025148547637
    endloop
  endfacet
  facet normal 0 0 1
    outer loop
      vertex -56.223320968449116 -16.657210178673267 27.943355349529405
      vertex -56.12333284318447 -16.32759352773428 27.943355349529405
      vertex -56.29651116579771 -16.25586073100567 27.943355349529405
    endloop
  endfacet
  facet normal 0 0 1
    outer loop
      vertex -56.29651116579771 -16.25586073100567 27.943355349529405
      vertex -56.12333284318447 -16.32759352773428 27.943355349529405
      vertex -56.116817340254784 -15.919677220284939 27.943355349529405
    endloop
  endfacet
  facet normal -0.8819212694309674 0.4713967273170986 0
    outer loop
      vertex -56.29651116579771 -16.25586073100567 27.684025148547637
      vertex -56.29651116579771 -16.25586073100567 27.943355349529405
      vertex -56.116817340254784 -15.919677220284939 27.943355349529405
    endloop
  endfacet
  facet normal -0.8819212694309674 0.4713967273170986 0
    outer loop
      vertex -56.29651116579771 -16.25586073100567 27.684025148547637
      vertex -56.116817340254784 -15.919677220284939 27.943355349529405
      vertex -56.116817340254784 -15.919677220284939 27.684025148547637
    endloop
  endfacet
  facet normal 0 0 1
    outer loop
      vertex -56.12333284318447 -16.32759352773428 27.943355349529405
      vertex -55.96096096932888 -16.023817092180252 27.943355349529405
      vertex -56.116817340254784 -15.919677220284939 27.943355349529405
    endloop
  endfacet
  facet normal 0 0 1
    outer loop
      vertex -55.96096096932888 -16.023817092180252 27.943355349529405
      vertex -55.87499010562897 -15.625009894371033 27.943355349529405
      vertex -56.116817340254784 -15.919677220284939 27.943355349529405
    endloop
  endfacet
  facet normal -0.7730104406292261 0.6343932996794729 0
    outer loop
      vertex -56.116817340254784 -15.919677220284939 27.684025148547637
      vertex -56.116817340254784 -15.919677220284939 27.943355349529405
      vertex -55.87499010562897 -15.625009894371033 27.943355349529405
    endloop
  endfacet
  facet normal -0.7730104406292261 0.6343932996794729 0
    outer loop
      vertex -56.116817340254784 -15.919677220284939 27.684025148547637
      vertex -55.87499010562897 -15.625009894371033 27.943355349529405
      vertex -55.87499010562897 -15.625009894371033 27.684025148547637
    endloop
  endfacet
  facet normal 0 0 1
    outer loop
      vertex -55.96096096932888 -16.023817092180252 27.943355349529405
      vertex -55.74244516342878 -15.757554836571217 27.943355349529405
      vertex -55.87499010562897 -15.625009894371033 27.943355349529405
    endloop
  endfacet
  facet normal -0.6343932996794729 0.7730104406292261 0
    outer loop
      vertex -55.87499010562897 -15.625009894371033 27.684025148547637
      vertex -55.87499010562897 -15.625009894371033 27.943355349529405
      vertex -55.58032277971506 -15.383182659745216 27.943355349529405
    endloop
  endfacet
  facet normal 0 0 1
    outer loop
      vertex -55.74244516342878 -15.757554836571217 27.943355349529405
      vertex -55.58032277971506 -15.383182659745216 27.943355349529405
      vertex -55.87499010562897 -15.625009894371033 27.943355349529405
    endloop
  endfacet
  facet normal 0 0 1
    outer loop
      vertex -55.74244516342878 -15.757554836571217 27.943355349529405
      vertex -55.47618290781975 -15.53903903067112 27.943355349529405
      vertex -55.58032277971506 -15.383182659745216 27.943355349529405
    endloop
  endfacet
  facet normal -0.6343932996794729 0.7730104406292261 0
    outer loop
      vertex -55.87499010562897 -15.625009894371033 27.684025148547637
      vertex -55.58032277971506 -15.383182659745216 27.943355349529405
      vertex -55.58032277971506 -15.383182659745216 27.684025148547637
    endloop
  endfacet
  facet normal -0.4713967273170986 0.8819212694309674 0
    outer loop
      vertex -55.58032277971506 -15.383182659745216 27.684025148547637
      vertex -55.58032277971506 -15.383182659745216 27.943355349529405
      vertex -55.24413926899433 -15.20348883420229 27.943355349529405
    endloop
  endfacet
  facet normal 0 0 1
    outer loop
      vertex -55.47618290781975 -15.53903903067112 27.943355349529405
      vertex -55.17240647226572 -15.376667156815529 27.943355349529405
      vertex -55.58032277971506 -15.383182659745216 27.943355349529405
    endloop
  endfacet
  facet normal 0 0 1
    outer loop
      vertex -55.58032277971506 -15.383182659745216 27.943355349529405
      vertex -55.17240647226572 -15.376667156815529 27.943355349529405
      vertex -55.24413926899433 -15.20348883420229 27.943355349529405
    endloop
  endfacet
  facet normal -0.4713967273170986 0.8819212694309674 0
    outer loop
      vertex -55.58032277971506 -15.383182659745216 27.684025148547637
      vertex -55.24413926899433 -15.20348883420229 27.943355349529405
      vertex -55.24413926899433 -15.20348883420229 27.684025148547637
    endloop
  endfacet
  facet normal -0.2902846844863193 0.956940333538449 0
    outer loop
      vertex -55.24413926899433 -15.20348883420229 27.684025148547637
      vertex -55.24413926899433 -15.20348883420229 27.943355349529405
      vertex -54.87935891747475 -15.092833921313286 27.943355349529405
    endloop
  endfacet
  facet normal 0 0 1
    outer loop
      vertex -55.17240647226572 -15.376667156815529 27.943355349529405
      vertex -54.84278982132673 -15.276679031550884 27.943355349529405
      vertex -55.24413926899433 -15.20348883420229 27.943355349529405
    endloop
  endfacet
  facet normal -0.2902846844863193 0.956940333538449 0
    outer loop
      vertex -55.24413926899433 -15.20348883420229 27.684025148547637
      vertex -54.87935891747475 -15.092833921313286 27.943355349529405
      vertex -54.87935891747475 -15.092833921313286 27.684025148547637
    endloop
  endfacet
  facet normal 0 0 1
    outer loop
      vertex -55.24413926899433 -15.20348883420229 27.943355349529405
      vertex -54.84278982132673 -15.276679031550884 27.943355349529405
      vertex -54.46367859095335 -15.239339828491211 27.943355349529405
    endloop
  endfacet
  facet normal -0.09801715536957865 0.9951847251908842 0
    outer loop
      vertex -54.87935891747475 -15.092833921313286 27.684025148547637
      vertex -54.87935891747475 -15.092833921313286 27.943355349529405
      vertex -54.47284289449453 -15.052795581519604 27.943355349529405
    endloop
  endfacet
  facet normal -0.09801715536957865 0.9951847251908842 0
    outer loop
      vertex -54.87935891747475 -15.092833921313286 27.684025148547637
      vertex -54.47284289449453 -15.052795581519604 27.943355349529405
      vertex -54.47284289449453 -15.052795581519604 27.684025148547637
    endloop
  endfacet
  facet normal 0 0 1
    outer loop
      vertex -55.24413926899433 -15.20348883420229 27.943355349529405
      vertex -49.12064108252525 -15.092833921313286 27.943355349529405
      vertex -54.87935891747475 -15.092833921313286 27.943355349529405
    endloop
  endfacet
  facet normal 0 0 1
    outer loop
      vertex -54.87935891747475 -15.092833921313286 27.943355349529405
      vertex -49.52715710550547 -15.052795581519604 27.943355349529405
      vertex -54.47284289449453 -15.052795581519604 27.943355349529405
    endloop
  endfacet
  facet normal 0 0 1
    outer loop
      vertex -55.24413926899433 -15.20348883420229 27.943355349529405
      vertex -54.46367859095335 -15.239339828491211 27.943355349529405
      vertex -48.75586073100567 -15.20348883420229 27.943355349529405
    endloop
  endfacet
  facet normal 0 1 0
    outer loop
      vertex -54.47284289449453 -15.052795581519604 27.684025148547637
      vertex -54.47284289449453 -15.052795581519604 27.943355349529405
      vertex -49.52715710550547 -15.052795581519604 27.943355349529405
    endloop
  endfacet
  facet normal 0 -1 0
    outer loop
      vertex -54.47284289449453 -18.947204418480396 27.943355349529405
      vertex -49.52715710550547 -18.947204418480396 27.684025148547637
      vertex -49.52715710550547 -18.947204418480396 27.943355349529405
    endloop
  endfacet
  facet normal 0 0 1
    outer loop
      vertex -54.47284289449453 -18.947204418480396 27.943355349529405
      vertex -49.52715710550547 -18.947204418480396 27.943355349529405
      vertex -49.12064108252525 -18.907166078686714 27.943355349529405
    endloop
  endfacet
  facet normal 0 0 1
    outer loop
      vertex -55.24413926899433 -18.79651116579771 27.943355349529405
      vertex -48.75586073100567 -18.79651116579771 27.943355349529405
      vertex -49.53632140904665 -18.76066017150879 27.943355349529405
    endloop
  endfacet
  facet normal 0 0 1
    outer loop
      vertex -54.87935891747475 -18.907166078686714 27.943355349529405
      vertex -49.12064108252525 -18.907166078686714 27.943355349529405
      vertex -48.75586073100567 -18.79651116579771 27.943355349529405
    endloop
  endfacet
  facet normal 0.09801715536957865 -0.9951847251908842 0
    outer loop
      vertex -49.52715710550547 -18.947204418480396 27.684025148547637
      vertex -49.12064108252525 -18.907166078686714 27.684025148547637
      vertex -49.52715710550547 -18.947204418480396 27.943355349529405
    endloop
  endfacet
  facet normal 0.09801715536957865 -0.9951847251908842 0
    outer loop
      vertex -49.52715710550547 -18.947204418480396 27.943355349529405
      vertex -49.12064108252525 -18.907166078686714 27.684025148547637
      vertex -49.12064108252525 -18.907166078686714 27.943355349529405
    endloop
  endfacet
  facet normal 0 0 1
    outer loop
      vertex -49.53632140904665 -18.76066017150879 27.943355349529405
      vertex -48.75586073100567 -18.79651116579771 27.943355349529405
      vertex -49.15721017867327 -18.723320968449116 27.943355349529405
    endloop
  endfacet
  facet normal 0.2902846844863193 -0.956940333538449 0
    outer loop
      vertex -49.12064108252525 -18.907166078686714 27.684025148547637
      vertex -48.75586073100567 -18.79651116579771 27.684025148547637
      vertex -49.12064108252525 -18.907166078686714 27.943355349529405
    endloop
  endfacet
  facet normal 0.2902846844863193 -0.956940333538449 0
    outer loop
      vertex -49.12064108252525 -18.907166078686714 27.943355349529405
      vertex -48.75586073100567 -18.79651116579771 27.684025148547637
      vertex -48.75586073100567 -18.79651116579771 27.943355349529405
    endloop
  endfacet
  facet normal 0 0 1
    outer loop
      vertex -49.15721017867327 -18.723320968449116 27.943355349529405
      vertex -48.75586073100567 -18.79651116579771 27.943355349529405
      vertex -48.82759352773428 -18.62333284318447 27.943355349529405
    endloop
  endfacet
  facet normal 0.4713967273170986 -0.8819212694309674 0
    outer loop
      vertex -48.75586073100567 -18.79651116579771 27.684025148547637
      vertex -48.41967722028494 -18.616817340254784 27.684025148547637
      vertex -48.75586073100567 -18.79651116579771 27.943355349529405
    endloop
  endfacet
  facet normal 0 0 1
    outer loop
      vertex -48.75586073100567 -18.79651116579771 27.943355349529405
      vertex -48.41967722028494 -18.616817340254784 27.943355349529405
      vertex -48.82759352773428 -18.62333284318447 27.943355349529405
    endloop
  endfacet
  facet normal 0.4713967273170986 -0.8819212694309674 0
    outer loop
      vertex -48.75586073100567 -18.79651116579771 27.943355349529405
      vertex -48.41967722028494 -18.616817340254784 27.684025148547637
      vertex -48.41967722028494 -18.616817340254784 27.943355349529405
    endloop
  endfacet
  facet normal 0 0 1
    outer loop
      vertex -48.82759352773428 -18.62333284318447 27.943355349529405
      vertex -48.41967722028494 -18.616817340254784 27.943355349529405
      vertex -48.52381709218025 -18.46096096932888 27.943355349529405
    endloop
  endfacet
  facet normal 0.6343932996794729 -0.7730104406292261 0
    outer loop
      vertex -48.41967722028494 -18.616817340254784 27.684025148547637
      vertex -48.12500989437103 -18.374990105628967 27.684025148547637
      vertex -48.41967722028494 -18.616817340254784 27.943355349529405
    endloop
  endfacet
  facet normal 0 0 1
    outer loop
      vertex -48.41967722028494 -18.616817340254784 27.943355349529405
      vertex -48.25755483657122 -18.242445163428783 27.943355349529405
      vertex -48.52381709218025 -18.46096096932888 27.943355349529405
    endloop
  endfacet
  facet normal 0.6343932996794729 -0.7730104406292261 0
    outer loop
      vertex -48.41967722028494 -18.616817340254784 27.943355349529405
      vertex -48.12500989437103 -18.374990105628967 27.684025148547637
      vertex -48.12500989437103 -18.374990105628967 27.943355349529405
    endloop
  endfacet
  facet normal 0 0 1
    outer loop
      vertex -48.41967722028494 -18.616817340254784 27.943355349529405
      vertex -48.12500989437103 -18.374990105628967 27.943355349529405
      vertex -48.25755483657122 -18.242445163428783 27.943355349529405
    endloop
  endfacet
  facet normal 0.7730104406292261 -0.6343932996794729 0
    outer loop
      vertex -48.12500989437103 -18.374990105628967 27.684025148547637
      vertex -47.883182659745216 -18.08032277971506 27.684025148547637
      vertex -48.12500989437103 -18.374990105628967 27.943355349529405
    endloop
  endfacet
  facet normal 0 0 1
    outer loop
      vertex -48.12500989437103 -18.374990105628967 27.943355349529405
      vertex -48.03903903067112 -17.976182907819748 27.943355349529405
      vertex -48.25755483657122 -18.242445163428783 27.943355349529405
    endloop
  endfacet
  facet normal 0.7730104406292261 -0.6343932996794729 0
    outer loop
      vertex -48.12500989437103 -18.374990105628967 27.943355349529405
      vertex -47.883182659745216 -18.08032277971506 27.684025148547637
      vertex -47.883182659745216 -18.08032277971506 27.943355349529405
    endloop
  endfacet
  facet normal 0 0 1
    outer loop
      vertex -48.12500989437103 -18.374990105628967 27.943355349529405
      vertex -47.883182659745216 -18.08032277971506 27.943355349529405
      vertex -48.03903903067112 -17.976182907819748 27.943355349529405
    endloop
  endfacet
  facet normal 0.8819212694309674 -0.4713967273170986 0
    outer loop
      vertex -47.883182659745216 -18.08032277971506 27.684025148547637
      vertex -47.70348883420229 -17.74413926899433 27.684025148547637
      vertex -47.883182659745216 -18.08032277971506 27.943355349529405
    endloop
  endfacet
  facet normal 0 0 1
    outer loop
      vertex -48.03903903067112 -17.976182907819748 27.943355349529405
      vertex -47.883182659745216 -18.08032277971506 27.943355349529405
      vertex -47.87666715681553 -17.67240647226572 27.943355349529405
    endloop
  endfacet
  facet normal 0.8819212694309674 -0.4713967273170986 0
    outer loop
      vertex -47.883182659745216 -18.08032277971506 27.943355349529405
      vertex -47.70348883420229 -17.74413926899433 27.684025148547637
      vertex -47.70348883420229 -17.74413926899433 27.943355349529405
    endloop
  endfacet
  facet normal 0 0 1
    outer loop
      vertex -47.883182659745216 -18.08032277971506 27.943355349529405
      vertex -47.70348883420229 -17.74413926899433 27.943355349529405
      vertex -47.87666715681553 -17.67240647226572 27.943355349529405
    endloop
  endfacet
  facet normal 0.956940333538449 -0.2902846844863193 0
    outer loop
      vertex -47.70348883420229 -17.74413926899433 27.684025148547637
      vertex -47.592833921313286 -17.379358917474747 27.684025148547637
      vertex -47.70348883420229 -17.74413926899433 27.943355349529405
    endloop
  endfacet
  facet normal 0 0 1
    outer loop
      vertex -47.87666715681553 -17.67240647226572 27.943355349529405
      vertex -47.70348883420229 -17.74413926899433 27.943355349529405
      vertex -47.776679031550884 -17.342789821326733 27.943355349529405
    endloop
  endfacet
  facet normal 0 0 1
    outer loop
      vertex -47.70348883420229 -17.74413926899433 27.943355349529405
      vertex -47.592833921313286 -17.379358917474747 27.943355349529405
      vertex -47.776679031550884 -17.342789821326733 27.943355349529405
    endloop
  endfacet
  facet normal 0.956940333538449 -0.2902846844863193 0
    outer loop
      vertex -47.70348883420229 -17.74413926899433 27.943355349529405
      vertex -47.592833921313286 -17.379358917474747 27.684025148547637
      vertex -47.592833921313286 -17.379358917474747 27.943355349529405
    endloop
  endfacet
  facet normal 0 0 1
    outer loop
      vertex -47.776679031550884 -17.342789821326733 27.943355349529405
      vertex -47.592833921313286 -17.379358917474747 27.943355349529405
      vertex -47.74291718751192 -17 27.943355349529405
    endloop
  endfacet
  facet normal 0.9951847275289729 -0.09801713163056695 0
    outer loop
      vertex -47.592833921313286 -17.379358917474747 27.684025148547637
      vertex -47.55547033250332 -17 27.684025148547637
      vertex -47.592833921313286 -17.379358917474747 27.943355349529405
    endloop
  endfacet
  facet normal 0.9951847275289729 -0.09801713163056695 0
    outer loop
      vertex -47.592833921313286 -17.379358917474747 27.943355349529405
      vertex -47.55547033250332 -17 27.684025148547637
      vertex -47.55547033250332 -17 27.943355349529405
    endloop
  endfacet
  facet normal 0 0 1
    outer loop
      vertex -47.592833921313286 -17.379358917474747 27.943355349529405
      vertex -47.55547033250332 -17 27.943355349529405
      vertex -47.74291718751192 -17 27.943355349529405
    endloop
  endfacet
  facet normal 0 0 1
    outer loop
      vertex -55.24413926899433 -15.20348883420229 27.943355349529405
      vertex -48.75586073100567 -15.20348883420229 27.943355349529405
      vertex -49.12064108252525 -15.092833921313286 27.943355349529405
    endloop
  endfacet
  facet normal 0 1 0
    outer loop
      vertex -54.47284289449453 -15.052795581519604 27.684025148547637
      vertex -49.52715710550547 -15.052795581519604 27.943355349529405
      vertex -49.52715710550547 -15.052795581519604 27.684025148547637
    endloop
  endfacet
  facet normal 0 0 1
    outer loop
      vertex -54.87935891747475 -15.092833921313286 27.943355349529405
      vertex -49.12064108252525 -15.092833921313286 27.943355349529405
      vertex -49.52715710550547 -15.052795581519604 27.943355349529405
    endloop
  endfacet
  facet normal 0 0 1
    outer loop
      vertex -54.46367859095335 -15.239339828491211 27.943355349529405
      vertex -49.53632140904665 -15.239339828491211 27.943355349529405
      vertex -48.75586073100567 -15.20348883420229 27.943355349529405
    endloop
  endfacet
  facet normal 0 0 1
    outer loop
      vertex -48.82759352773428 -15.376667156815529 27.943355349529405
      vertex -48.41967722028494 -15.383182659745216 27.943355349529405
      vertex -48.75586073100567 -15.20348883420229 27.943355349529405
    endloop
  endfacet
  facet normal 0 0 1
    outer loop
      vertex -47.74291718751192 -17 27.943355349529405
      vertex -47.55547033250332 -17 27.943355349529405
      vertex -47.776679031550884 -16.657210178673267 27.943355349529405
    endloop
  endfacet
  facet normal 0 0 1
    outer loop
      vertex -47.776679031550884 -16.657210178673267 27.943355349529405
      vertex -47.55547033250332 -17 27.943355349529405
      vertex -47.592833921313286 -16.620641082525253 27.943355349529405
    endloop
  endfacet
  facet normal 0.9951847275289729 0.09801713163056695 0
    outer loop
      vertex -47.55547033250332 -17 27.684025148547637
      vertex -47.592833921313286 -16.620641082525253 27.684025148547637
      vertex -47.55547033250332 -17 27.943355349529405
    endloop
  endfacet
  facet normal 0.9951847275289729 0.09801713163056695 0
    outer loop
      vertex -47.55547033250332 -17 27.943355349529405
      vertex -47.592833921313286 -16.620641082525253 27.684025148547637
      vertex -47.592833921313286 -16.620641082525253 27.943355349529405
    endloop
  endfacet
  facet normal 0 0 1
    outer loop
      vertex -47.776679031550884 -16.657210178673267 27.943355349529405
      vertex -47.592833921313286 -16.620641082525253 27.943355349529405
      vertex -47.87666715681553 -16.32759352773428 27.943355349529405
    endloop
  endfacet
  facet normal 0.956940333538449 0.2902846844863193 0
    outer loop
      vertex -47.592833921313286 -16.620641082525253 27.943355349529405
      vertex -47.70348883420229 -16.25586073100567 27.684025148547637
      vertex -47.70348883420229 -16.25586073100567 27.943355349529405
    endloop
  endfacet
  facet normal 0 0 1
    outer loop
      vertex -47.592833921313286 -16.620641082525253 27.943355349529405
      vertex -47.70348883420229 -16.25586073100567 27.943355349529405
      vertex -47.87666715681553 -16.32759352773428 27.943355349529405
    endloop
  endfacet
  facet normal 0 0 1
    outer loop
      vertex -47.87666715681553 -16.32759352773428 27.943355349529405
      vertex -47.70348883420229 -16.25586073100567 27.943355349529405
      vertex -48.03903903067112 -16.023817092180252 27.943355349529405
    endloop
  endfacet
  facet normal 0.956940333538449 0.2902846844863193 0
    outer loop
      vertex -47.592833921313286 -16.620641082525253 27.684025148547637
      vertex -47.70348883420229 -16.25586073100567 27.684025148547637
      vertex -47.592833921313286 -16.620641082525253 27.943355349529405
    endloop
  endfacet
  facet normal 0 0 1
    outer loop
      vertex -48.03903903067112 -16.023817092180252 27.943355349529405
      vertex -47.883182659745216 -15.919677220284939 27.943355349529405
      vertex -48.25755483657122 -15.757554836571217 27.943355349529405
    endloop
  endfacet
  facet normal 0.7730104406292261 0.6343932996794729 0
    outer loop
      vertex -48.12500989437103 -15.625009894371033 27.684025148547637
      vertex -47.883182659745216 -15.919677220284939 27.943355349529405
      vertex -47.883182659745216 -15.919677220284939 27.684025148547637
    endloop
  endfacet
  facet normal 0 0 1
    outer loop
      vertex -48.25755483657122 -15.757554836571217 27.943355349529405
      vertex -47.883182659745216 -15.919677220284939 27.943355349529405
      vertex -48.12500989437103 -15.625009894371033 27.943355349529405
    endloop
  endfacet
  facet normal 0 0 1
    outer loop
      vertex -48.25755483657122 -15.757554836571217 27.943355349529405
      vertex -48.12500989437103 -15.625009894371033 27.943355349529405
      vertex -48.52381709218025 -15.53903903067112 27.943355349529405
    endloop
  endfacet
  facet normal 0 0 1
    outer loop
      vertex -48.52381709218025 -15.53903903067112 27.943355349529405
      vertex -48.12500989437103 -15.625009894371033 27.943355349529405
      vertex -48.41967722028494 -15.383182659745216 27.943355349529405
    endloop
  endfacet
  facet normal 0 0 1
    outer loop
      vertex -48.82759352773428 -15.376667156815529 27.943355349529405
      vertex -48.52381709218025 -15.53903903067112 27.943355349529405
      vertex -48.41967722028494 -15.383182659745216 27.943355349529405
    endloop
  endfacet
  facet normal 0.4713967273170986 0.8819212694309674 0
    outer loop
      vertex -48.41967722028494 -15.383182659745216 27.684025148547637
      vertex -48.75586073100567 -15.20348883420229 27.684025148547637
      vertex -48.41967722028494 -15.383182659745216 27.943355349529405
    endloop
  endfacet
  facet normal 0.6343932996794729 0.7730104406292261 0
    outer loop
      vertex -48.41967722028494 -15.383182659745216 27.684025148547637
      vertex -48.41967722028494 -15.383182659745216 27.943355349529405
      vertex -48.12500989437103 -15.625009894371033 27.943355349529405
    endloop
  endfacet
  facet normal 0.6343932996794729 0.7730104406292261 0
    outer loop
      vertex -48.41967722028494 -15.383182659745216 27.684025148547637
      vertex -48.12500989437103 -15.625009894371033 27.943355349529405
      vertex -48.12500989437103 -15.625009894371033 27.684025148547637
    endloop
  endfacet
  facet normal 0.7730104406292261 0.6343932996794729 0
    outer loop
      vertex -48.12500989437103 -15.625009894371033 27.684025148547637
      vertex -48.12500989437103 -15.625009894371033 27.943355349529405
      vertex -47.883182659745216 -15.919677220284939 27.943355349529405
    endloop
  endfacet
  facet normal 0 0 1
    outer loop
      vertex -47.70348883420229 -16.25586073100567 27.943355349529405
      vertex -47.883182659745216 -15.919677220284939 27.943355349529405
      vertex -48.03903903067112 -16.023817092180252 27.943355349529405
    endloop
  endfacet
  facet normal 0.8819212694309674 0.4713967273170986 0
    outer loop
      vertex -47.70348883420229 -16.25586073100567 27.943355349529405
      vertex -47.883182659745216 -15.919677220284939 27.684025148547637
      vertex -47.883182659745216 -15.919677220284939 27.943355349529405
    endloop
  endfacet
  facet normal 0.8819212694309674 0.4713967273170986 0
    outer loop
      vertex -47.70348883420229 -16.25586073100567 27.684025148547637
      vertex -47.883182659745216 -15.919677220284939 27.684025148547637
      vertex -47.70348883420229 -16.25586073100567 27.943355349529405
    endloop
  endfacet
  facet normal 0.09801715536957865 0.9951847251908842 0
    outer loop
      vertex -49.52715710550547 -15.052795581519604 27.684025148547637
      vertex -49.52715710550547 -15.052795581519604 27.943355349529405
      vertex -49.12064108252525 -15.092833921313286 27.943355349529405
    endloop
  endfacet
  facet normal 0 0 1
    outer loop
      vertex -49.53632140904665 -15.239339828491211 27.943355349529405
      vertex -49.15721017867327 -15.276679031550884 27.943355349529405
      vertex -48.75586073100567 -15.20348883420229 27.943355349529405
    endloop
  endfacet
  facet normal 0.2902846844863193 0.956940333538449 0
    outer loop
      vertex -49.12064108252525 -15.092833921313286 27.684025148547637
      vertex -49.12064108252525 -15.092833921313286 27.943355349529405
      vertex -48.75586073100567 -15.20348883420229 27.943355349529405
    endloop
  endfacet
  facet normal 0.09801715536957865 0.9951847251908842 0
    outer loop
      vertex -49.52715710550547 -15.052795581519604 27.684025148547637
      vertex -49.12064108252525 -15.092833921313286 27.943355349529405
      vertex -49.12064108252525 -15.092833921313286 27.684025148547637
    endloop
  endfacet
  facet normal 0 0 1
    outer loop
      vertex -48.82759352773428 -15.376667156815529 27.943355349529405
      vertex -48.75586073100567 -15.20348883420229 27.943355349529405
      vertex -49.15721017867327 -15.276679031550884 27.943355349529405
    endloop
  endfacet
  facet normal 0.2902846844863193 0.956940333538449 0
    outer loop
      vertex -49.12064108252525 -15.092833921313286 27.684025148547637
      vertex -48.75586073100567 -15.20348883420229 27.943355349529405
      vertex -48.75586073100567 -15.20348883420229 27.684025148547637
    endloop
  endfacet
  facet normal 0.4713967273170986 0.8819212694309674 0
    outer loop
      vertex -48.41967722028494 -15.383182659745216 27.943355349529405
      vertex -48.75586073100567 -15.20348883420229 27.684025148547637
      vertex -48.75586073100567 -15.20348883420229 27.943355349529405
    endloop
  endfacet
  facet normal -0.8819212809892564 -0.4713967056930596 0
    outer loop
      vertex -55.96096096932888 -17.976182907819748 27.943355349529405
      vertex -55.96096096932888 -17.976182907819748 28.170660171779822
      vertex -56.12333284318447 -17.67240647226572 28.170660171779822
    endloop
  endfacet
  facet normal -0.6343933187268065 -0.7730104249974825 0
    outer loop
      vertex -55.47618290781975 -18.46096096932888 27.943355349529405
      vertex -55.74244516342878 -18.242445163428783 28.170660171779822
      vertex -55.74244516342878 -18.242445163428783 27.943355349529405
    endloop
  endfacet
  facet normal -0.4713967056930596 -0.8819212809892564 0
    outer loop
      vertex -55.47618290781975 -18.46096096932888 27.943355349529405
      vertex -55.17240647226572 -18.62333284318447 27.943355349529405
      vertex -55.47618290781975 -18.46096096932888 28.170660171779822
    endloop
  endfacet
  facet normal -0.4713967056930596 -0.8819212809892564 0
    outer loop
      vertex -55.47618290781975 -18.46096096932888 28.170660171779822
      vertex -55.17240647226572 -18.62333284318447 27.943355349529405
      vertex -55.17240647226572 -18.62333284318447 28.170660171779822
    endloop
  endfacet
  facet normal -0.6343933187268065 -0.7730104249974825 0
    outer loop
      vertex -55.47618290781975 -18.46096096932888 27.943355349529405
      vertex -55.47618290781975 -18.46096096932888 28.170660171779822
      vertex -55.74244516342878 -18.242445163428783 28.170660171779822
    endloop
  endfacet
  facet normal 0 0 1
    outer loop
      vertex -55.47618290781975 -18.46096096932888 28.170660171779822
      vertex -55.084999807178974 -18.41231445968151 28.170660171779822
      vertex -55.34928808361292 -18.271049439907074 28.170660171779822
    endloop
  endfacet
  facet normal -0.7730104249974825 -0.6343933187268065 0
    outer loop
      vertex -55.96096096932888 -17.976182907819748 27.943355349529405
      vertex -55.74244516342878 -18.242445163428783 27.943355349529405
      vertex -55.96096096932888 -17.976182907819748 28.170660171779822
    endloop
  endfacet
  facet normal -0.7730104249974825 -0.6343933187268065 0
    outer loop
      vertex -55.96096096932888 -17.976182907819748 28.170660171779822
      vertex -55.74244516342878 -18.242445163428783 27.943355349529405
      vertex -55.74244516342878 -18.242445163428783 28.170660171779822
    endloop
  endfacet
  facet normal 0 0 1
    outer loop
      vertex -55.47618290781975 -18.46096096932888 28.170660171779822
      vertex -55.58093868941069 -18.080938689410686 28.170660171779822
      vertex -55.74244516342878 -18.242445163428783 28.170660171779822
    endloop
  endfacet
  facet normal 0 0 1
    outer loop
      vertex -55.96096096932888 -17.976182907819748 28.170660171779822
      vertex -55.74244516342878 -18.242445163428783 28.170660171779822
      vertex -55.771049439907074 -17.84928808361292 28.170660171779822
    endloop
  endfacet
  facet normal 0 0 1
    outer loop
      vertex -55.74244516342878 -18.242445163428783 28.170660171779822
      vertex -55.58093868941069 -18.080938689410686 28.170660171779822
      vertex -55.771049439907074 -17.84928808361292 28.170660171779822
    endloop
  endfacet
  facet normal 0 0 1
    outer loop
      vertex -55.47618290781975 -18.46096096932888 28.170660171779822
      vertex -55.34928808361292 -18.271049439907074 28.170660171779822
      vertex -55.58093868941069 -18.080938689410686 28.170660171779822
    endloop
  endfacet
  facet normal -0.8819212809892564 -0.4713967056930596 0
    outer loop
      vertex -55.96096096932888 -17.976182907819748 27.943355349529405
      vertex -56.12333284318447 -17.67240647226572 28.170660171779822
      vertex -56.12333284318447 -17.67240647226572 27.943355349529405
    endloop
  endfacet
  facet normal -0.9569403298123283 -0.2902846967696919 0
    outer loop
      vertex -56.12333284318447 -17.67240647226572 27.943355349529405
      vertex -56.223320968449116 -17.342789821326733 28.170660171779822
      vertex -56.223320968449116 -17.342789821326733 27.943355349529405
    endloop
  endfacet
  facet normal 0 0 1
    outer loop
      vertex -55.96096096932888 -17.976182907819748 28.170660171779822
      vertex -55.91231445968151 -17.584999807178974 28.170660171779822
      vertex -56.12333284318447 -17.67240647226572 28.170660171779822
    endloop
  endfacet
  facet normal -0.9569403298123283 -0.2902846967696919 0
    outer loop
      vertex -56.12333284318447 -17.67240647226572 27.943355349529405
      vertex -56.12333284318447 -17.67240647226572 28.170660171779822
      vertex -56.223320968449116 -17.342789821326733 28.170660171779822
    endloop
  endfacet
  facet normal 0 0 1
    outer loop
      vertex -56.12333284318447 -17.67240647226572 28.170660171779822
      vertex -55.99930504709482 -17.298230290412903 28.170660171779822
      vertex -56.223320968449116 -17.342789821326733 28.170660171779822
    endloop
  endfacet
  facet normal 0 0 1
    outer loop
      vertex -56.12333284318447 -17.67240647226572 28.170660171779822
      vertex -55.91231445968151 -17.584999807178974 28.170660171779822
      vertex -55.99930504709482 -17.298230290412903 28.170660171779822
    endloop
  endfacet
  facet normal -0.9951847285186273 -0.09801712158243622 0
    outer loop
      vertex -56.223320968449116 -17.342789821326733 27.943355349529405
      vertex -56.25708281248808 -17 28.170660171779822
      vertex -56.25708281248808 -17 27.943355349529405
    endloop
  endfacet
  facet normal -0.9951847285186273 -0.09801712158243622 0
    outer loop
      vertex -56.223320968449116 -17.342789821326733 27.943355349529405
      vertex -56.223320968449116 -17.342789821326733 28.170660171779822
      vertex -56.25708281248808 -17 28.170660171779822
    endloop
  endfacet
  facet normal 0 0 1
    outer loop
      vertex -56.223320968449116 -17.342789821326733 28.170660171779822
      vertex -55.99930504709482 -17.298230290412903 28.170660171779822
      vertex -56.02867816388607 -17 28.170660171779822
    endloop
  endfacet
  facet normal 0 0 1
    outer loop
      vertex -56.223320968449116 -17.342789821326733 28.170660171779822
      vertex -56.02867816388607 -17 28.170660171779822
      vertex -56.25708281248808 -17 28.170660171779822
    endloop
  endfacet
  facet normal 0 0 1
    outer loop
      vertex -55.96096096932888 -17.976182907819748 28.170660171779822
      vertex -55.771049439907074 -17.84928808361292 28.170660171779822
      vertex -55.91231445968151 -17.584999807178974 28.170660171779822
    endloop
  endfacet
  facet normal -0.09801715580304911 -0.9951847251481912 0
    outer loop
      vertex -54.84278982132673 -18.723320968449116 27.943355349529405
      vertex -54.46367859095335 -18.76066017150879 27.943355349529405
      vertex -54.84278982132673 -18.723320968449116 28.170660171779822
    endloop
  endfacet
  facet normal -0.09801715580304911 -0.9951847251481912 0
    outer loop
      vertex -54.84278982132673 -18.723320968449116 28.170660171779822
      vertex -54.46367859095335 -18.76066017150879 27.943355349529405
      vertex -54.46367859095335 -18.76066017150879 28.170660171779822
    endloop
  endfacet
  facet normal 0 -1 0
    outer loop
      vertex -54.46367859095335 -18.76066017150879 27.943355349529405
      vertex -49.53632140904665 -18.76066017150879 27.943355349529405
      vertex -54.46367859095335 -18.76066017150879 28.170660171779822
    endloop
  endfacet
  facet normal 0 0 1
    outer loop
      vertex -54.84278982132673 -18.723320968449116 28.170660171779822
      vertex -54.46367859095335 -18.76066017150879 28.170660171779822
      vertex -49.15721017867327 -18.723320968449116 28.170660171779822
    endloop
  endfacet
  facet normal -0.2902846967696919 -0.9569403298123283 0
    outer loop
      vertex -54.84278982132673 -18.723320968449116 27.943355349529405
      vertex -55.17240647226572 -18.62333284318447 28.170660171779822
      vertex -55.17240647226572 -18.62333284318447 27.943355349529405
    endloop
  endfacet
  facet normal 0 0 1
    outer loop
      vertex -55.47618290781975 -18.46096096932888 28.170660171779822
      vertex -55.17240647226572 -18.62333284318447 28.170660171779822
      vertex -55.084999807178974 -18.41231445968151 28.170660171779822
    endloop
  endfacet
  facet normal -0.2902846967696919 -0.9569403298123283 0
    outer loop
      vertex -54.84278982132673 -18.723320968449116 27.943355349529405
      vertex -54.84278982132673 -18.723320968449116 28.170660171779822
      vertex -55.17240647226572 -18.62333284318447 28.170660171779822
    endloop
  endfacet
  facet normal 0 0 1
    outer loop
      vertex -55.17240647226572 -18.62333284318447 28.170660171779822
      vertex -54.7982302904129 -18.499305047094822 28.170660171779822
      vertex -55.084999807178974 -18.41231445968151 28.170660171779822
    endloop
  endfacet
  facet normal 0 0 1
    outer loop
      vertex -55.17240647226572 -18.62333284318447 28.170660171779822
      vertex -54.45251174271107 -18.533355355262756 28.170660171779822
      vertex -54.7982302904129 -18.499305047094822 28.170660171779822
    endloop
  endfacet
  facet normal 0 0 1
    outer loop
      vertex -54.84278982132673 -18.723320968449116 28.170660171779822
      vertex -48.82759352773428 -18.62333284318447 28.170660171779822
      vertex -55.17240647226572 -18.62333284318447 28.170660171779822
    endloop
  endfacet
  facet normal 0 0 1
    outer loop
      vertex -55.17240647226572 -18.62333284318447 28.170660171779822
      vertex -49.54748825728893 -18.533355355262756 28.170660171779822
      vertex -54.45251174271107 -18.533355355262756 28.170660171779822
    endloop
  endfacet
  facet normal -0.9951847285186273 0.09801712158243622 0
    outer loop
      vertex -56.25708281248808 -17 27.943355349529405
      vertex -56.223320968449116 -16.657210178673267 28.170660171779822
      vertex -56.223320968449116 -16.657210178673267 27.943355349529405
    endloop
  endfacet
  facet normal 0 0 1
    outer loop
      vertex -56.25708281248808 -17 28.170660171779822
      vertex -56.02867816388607 -17 28.170660171779822
      vertex -55.99930504709482 -16.701769709587097 28.170660171779822
    endloop
  endfacet
  facet normal -0.9951847285186273 0.09801712158243622 0
    outer loop
      vertex -56.25708281248808 -17 27.943355349529405
      vertex -56.25708281248808 -17 28.170660171779822
      vertex -56.223320968449116 -16.657210178673267 28.170660171779822
    endloop
  endfacet
  facet normal 0 0 1
    outer loop
      vertex -56.25708281248808 -17 28.170660171779822
      vertex -55.99930504709482 -16.701769709587097 28.170660171779822
      vertex -56.223320968449116 -16.657210178673267 28.170660171779822
    endloop
  endfacet
  facet normal 0 0 1
    outer loop
      vertex -56.223320968449116 -16.657210178673267 28.170660171779822
      vertex -55.99930504709482 -16.701769709587097 28.170660171779822
      vertex -55.91231445968151 -16.415000192821026 28.170660171779822
    endloop
  endfacet
  facet normal -0.9569403298123283 0.2902846967696919 0
    outer loop
      vertex -56.223320968449116 -16.657210178673267 27.943355349529405
      vertex -56.12333284318447 -16.32759352773428 28.170660171779822
      vertex -56.12333284318447 -16.32759352773428 27.943355349529405
    endloop
  endfacet
  facet normal -0.9569403298123283 0.2902846967696919 0
    outer loop
      vertex -56.223320968449116 -16.657210178673267 27.943355349529405
      vertex -56.223320968449116 -16.657210178673267 28.170660171779822
      vertex -56.12333284318447 -16.32759352773428 28.170660171779822
    endloop
  endfacet
  facet normal 0 0 1
    outer loop
      vertex -56.223320968449116 -16.657210178673267 28.170660171779822
      vertex -55.91231445968151 -16.415000192821026 28.170660171779822
      vertex -56.12333284318447 -16.32759352773428 28.170660171779822
    endloop
  endfacet
  facet normal 0 0 1
    outer loop
      vertex -56.12333284318447 -16.32759352773428 28.170660171779822
      vertex -55.91231445968151 -16.415000192821026 28.170660171779822
      vertex -55.771049439907074 -16.15071191638708 28.170660171779822
    endloop
  endfacet
  facet normal -0.8819212809892564 0.4713967056930596 0
    outer loop
      vertex -56.12333284318447 -16.32759352773428 27.943355349529405
      vertex -56.12333284318447 -16.32759352773428 28.170660171779822
      vertex -55.96096096932888 -16.023817092180252 28.170660171779822
    endloop
  endfacet
  facet normal 0 0 1
    outer loop
      vertex -56.12333284318447 -16.32759352773428 28.170660171779822
      vertex -55.771049439907074 -16.15071191638708 28.170660171779822
      vertex -55.96096096932888 -16.023817092180252 28.170660171779822
    endloop
  endfacet
  facet normal -0.8819212809892564 0.4713967056930596 0
    outer loop
      vertex -56.12333284318447 -16.32759352773428 27.943355349529405
      vertex -55.96096096932888 -16.023817092180252 28.170660171779822
      vertex -55.96096096932888 -16.023817092180252 27.943355349529405
    endloop
  endfacet
  facet normal -0.7730104249974825 0.6343933187268065 0
    outer loop
      vertex -55.96096096932888 -16.023817092180252 27.943355349529405
      vertex -55.74244516342878 -15.757554836571217 28.170660171779822
      vertex -55.74244516342878 -15.757554836571217 27.943355349529405
    endloop
  endfacet
  facet normal 0 0 1
    outer loop
      vertex -55.771049439907074 -16.15071191638708 28.170660171779822
      vertex -55.58093868941069 -15.919061310589314 28.170660171779822
      vertex -55.96096096932888 -16.023817092180252 28.170660171779822
    endloop
  endfacet
  facet normal -0.7730104249974825 0.6343933187268065 0
    outer loop
      vertex -55.96096096932888 -16.023817092180252 27.943355349529405
      vertex -55.96096096932888 -16.023817092180252 28.170660171779822
      vertex -55.74244516342878 -15.757554836571217 28.170660171779822
    endloop
  endfacet
  facet normal 0 0 1
    outer loop
      vertex -55.96096096932888 -16.023817092180252 28.170660171779822
      vertex -55.58093868941069 -15.919061310589314 28.170660171779822
      vertex -55.74244516342878 -15.757554836571217 28.170660171779822
    endloop
  endfacet
  facet normal 0 0 1
    outer loop
      vertex -55.74244516342878 -15.757554836571217 28.170660171779822
      vertex -55.58093868941069 -15.919061310589314 28.170660171779822
      vertex -55.34928808361292 -15.728950560092926 28.170660171779822
    endloop
  endfacet
  facet normal -0.6343933187268065 0.7730104249974825 0
    outer loop
      vertex -55.74244516342878 -15.757554836571217 27.943355349529405
      vertex -55.47618290781975 -15.53903903067112 28.170660171779822
      vertex -55.47618290781975 -15.53903903067112 27.943355349529405
    endloop
  endfacet
  facet normal -0.4713967056930596 0.8819212809892564 0
    outer loop
      vertex -55.47618290781975 -15.53903903067112 27.943355349529405
      vertex -55.17240647226572 -15.376667156815529 28.170660171779822
      vertex -55.17240647226572 -15.376667156815529 27.943355349529405
    endloop
  endfacet
  facet normal -0.6343933187268065 0.7730104249974825 0
    outer loop
      vertex -55.74244516342878 -15.757554836571217 27.943355349529405
      vertex -55.74244516342878 -15.757554836571217 28.170660171779822
      vertex -55.47618290781975 -15.53903903067112 28.170660171779822
    endloop
  endfacet
  facet normal 0 0 1
    outer loop
      vertex -55.74244516342878 -15.757554836571217 28.170660171779822
      vertex -55.34928808361292 -15.728950560092926 28.170660171779822
      vertex -55.47618290781975 -15.53903903067112 28.170660171779822
    endloop
  endfacet
  facet normal 0 0 1
    outer loop
      vertex -55.34928808361292 -15.728950560092926 28.170660171779822
      vertex -55.084999807178974 -15.587685540318489 28.170660171779822
      vertex -55.47618290781975 -15.53903903067112 28.170660171779822
    endloop
  endfacet
  facet normal -0.4713967056930596 0.8819212809892564 0
    outer loop
      vertex -55.47618290781975 -15.53903903067112 27.943355349529405
      vertex -55.47618290781975 -15.53903903067112 28.170660171779822
      vertex -55.17240647226572 -15.376667156815529 28.170660171779822
    endloop
  endfacet
  facet normal -0.2902846967696919 0.9569403298123283 0
    outer loop
      vertex -55.17240647226572 -15.376667156815529 27.943355349529405
      vertex -54.84278982132673 -15.276679031550884 28.170660171779822
      vertex -54.84278982132673 -15.276679031550884 27.943355349529405
    endloop
  endfacet
  facet normal 0 0 1
    outer loop
      vertex -55.47618290781975 -15.53903903067112 28.170660171779822
      vertex -55.084999807178974 -15.587685540318489 28.170660171779822
      vertex -54.7982302904129 -15.500694952905178 28.170660171779822
    endloop
  endfacet
  facet normal 0 0 1
    outer loop
      vertex -55.47618290781975 -15.53903903067112 28.170660171779822
      vertex -54.7982302904129 -15.500694952905178 28.170660171779822
      vertex -55.17240647226572 -15.376667156815529 28.170660171779822
    endloop
  endfacet
  facet normal -0.2902846967696919 0.9569403298123283 0
    outer loop
      vertex -55.17240647226572 -15.376667156815529 27.943355349529405
      vertex -55.17240647226572 -15.376667156815529 28.170660171779822
      vertex -54.84278982132673 -15.276679031550884 28.170660171779822
    endloop
  endfacet
  facet normal 0 0 1
    outer loop
      vertex -55.17240647226572 -15.376667156815529 28.170660171779822
      vertex -54.7982302904129 -15.500694952905178 28.170660171779822
      vertex -54.45251174271107 -15.466644644737244 28.170660171779822
    endloop
  endfacet
  facet normal 0 0 1
    outer loop
      vertex -55.17240647226572 -15.376667156815529 28.170660171779822
      vertex -49.15721017867327 -15.276679031550884 28.170660171779822
      vertex -54.84278982132673 -15.276679031550884 28.170660171779822
    endloop
  endfacet
  facet normal 0 0 1
    outer loop
      vertex -55.17240647226572 -15.376667156815529 28.170660171779822
      vertex -54.45251174271107 -15.466644644737244 28.170660171779822
      vertex -48.82759352773428 -15.376667156815529 28.170660171779822
    endloop
  endfacet
  facet normal -0.09801715580304911 0.9951847251481912 0
    outer loop
      vertex -54.84278982132673 -15.276679031550884 27.943355349529405
      vertex -54.84278982132673 -15.276679031550884 28.170660171779822
      vertex -54.46367859095335 -15.239339828491211 28.170660171779822
    endloop
  endfacet
  facet normal -0.09801715580304911 0.9951847251481912 0
    outer loop
      vertex -54.84278982132673 -15.276679031550884 27.943355349529405
      vertex -54.46367859095335 -15.239339828491211 28.170660171779822
      vertex -54.46367859095335 -15.239339828491211 27.943355349529405
    endloop
  endfacet
  facet normal 0 0 1
    outer loop
      vertex -54.84278982132673 -15.276679031550884 28.170660171779822
      vertex -49.53632140904665 -15.239339828491211 28.170660171779822
      vertex -54.46367859095335 -15.239339828491211 28.170660171779822
    endloop
  endfacet
  facet normal 0 1 0
    outer loop
      vertex -54.46367859095335 -15.239339828491211 27.943355349529405
      vertex -54.46367859095335 -15.239339828491211 28.170660171779822
      vertex -49.53632140904665 -15.239339828491211 28.170660171779822
    endloop
  endfacet
  facet normal 0 -1 0
    outer loop
      vertex -54.46367859095335 -18.76066017150879 28.170660171779822
      vertex -49.53632140904665 -18.76066017150879 27.943355349529405
      vertex -49.53632140904665 -18.76066017150879 28.170660171779822
    endloop
  endfacet
  facet normal 0 0 1
    outer loop
      vertex -54.46367859095335 -18.76066017150879 28.170660171779822
      vertex -49.53632140904665 -18.76066017150879 28.170660171779822
      vertex -49.15721017867327 -18.723320968449116 28.170660171779822
    endloop
  endfacet
  facet normal 0 0 1
    outer loop
      vertex -55.17240647226572 -18.62333284318447 28.170660171779822
      vertex -48.82759352773428 -18.62333284318447 28.170660171779822
      vertex -49.54748825728893 -18.533355355262756 28.170660171779822
    endloop
  endfacet
  facet normal 0 0 1
    outer loop
      vertex -54.84278982132673 -18.723320968449116 28.170660171779822
      vertex -49.15721017867327 -18.723320968449116 28.170660171779822
      vertex -48.82759352773428 -18.62333284318447 28.170660171779822
    endloop
  endfacet
  facet normal 0.09801715580304911 -0.9951847251481912 0
    outer loop
      vertex -49.53632140904665 -18.76066017150879 27.943355349529405
      vertex -49.15721017867327 -18.723320968449116 27.943355349529405
      vertex -49.53632140904665 -18.76066017150879 28.170660171779822
    endloop
  endfacet
  facet normal 0.09801715580304911 -0.9951847251481912 0
    outer loop
      vertex -49.53632140904665 -18.76066017150879 28.170660171779822
      vertex -49.15721017867327 -18.723320968449116 27.943355349529405
      vertex -49.15721017867327 -18.723320968449116 28.170660171779822
    endloop
  endfacet
  facet normal 0.2902846967696919 -0.9569403298123283 0
    outer loop
      vertex -49.15721017867327 -18.723320968449116 27.943355349529405
      vertex -48.82759352773428 -18.62333284318447 27.943355349529405
      vertex -49.15721017867327 -18.723320968449116 28.170660171779822
    endloop
  endfacet
  facet normal 0.4713967056930596 -0.8819212809892564 0
    outer loop
      vertex -48.82759352773428 -18.62333284318447 27.943355349529405
      vertex -48.52381709218025 -18.46096096932888 27.943355349529405
      vertex -48.82759352773428 -18.62333284318447 28.170660171779822
    endloop
  endfacet
  facet normal 0 0 1
    outer loop
      vertex -49.54748825728893 -18.533355355262756 28.170660171779822
      vertex -48.82759352773428 -18.62333284318447 28.170660171779822
      vertex -49.2017697095871 -18.499305047094822 28.170660171779822
    endloop
  endfacet
  facet normal 0.2902846967696919 -0.9569403298123283 0
    outer loop
      vertex -49.15721017867327 -18.723320968449116 28.170660171779822
      vertex -48.82759352773428 -18.62333284318447 27.943355349529405
      vertex -48.82759352773428 -18.62333284318447 28.170660171779822
    endloop
  endfacet
  facet normal 0 0 1
    outer loop
      vertex -49.2017697095871 -18.499305047094822 28.170660171779822
      vertex -48.82759352773428 -18.62333284318447 28.170660171779822
      vertex -48.52381709218025 -18.46096096932888 28.170660171779822
    endloop
  endfacet
  facet normal 0 0 1
    outer loop
      vertex -49.2017697095871 -18.499305047094822 28.170660171779822
      vertex -48.52381709218025 -18.46096096932888 28.170660171779822
      vertex -48.915000192821026 -18.41231445968151 28.170660171779822
    endloop
  endfacet
  facet normal 0 0 1
    outer loop
      vertex -48.915000192821026 -18.41231445968151 28.170660171779822
      vertex -48.52381709218025 -18.46096096932888 28.170660171779822
      vertex -48.65071191638708 -18.271049439907074 28.170660171779822
    endloop
  endfacet
  facet normal 0.6343933187268065 -0.7730104249974825 0
    outer loop
      vertex -48.52381709218025 -18.46096096932888 27.943355349529405
      vertex -48.25755483657122 -18.242445163428783 27.943355349529405
      vertex -48.52381709218025 -18.46096096932888 28.170660171779822
    endloop
  endfacet
  facet normal 0.4713967056930596 -0.8819212809892564 0
    outer loop
      vertex -48.82759352773428 -18.62333284318447 28.170660171779822
      vertex -48.52381709218025 -18.46096096932888 27.943355349529405
      vertex -48.52381709218025 -18.46096096932888 28.170660171779822
    endloop
  endfacet
  facet normal 0 0 1
    outer loop
      vertex -48.65071191638708 -18.271049439907074 28.170660171779822
      vertex -48.52381709218025 -18.46096096932888 28.170660171779822
      vertex -48.25755483657122 -18.242445163428783 28.170660171779822
    endloop
  endfacet
  facet normal 0.6343933187268065 -0.7730104249974825 0
    outer loop
      vertex -48.52381709218025 -18.46096096932888 28.170660171779822
      vertex -48.25755483657122 -18.242445163428783 27.943355349529405
      vertex -48.25755483657122 -18.242445163428783 28.170660171779822
    endloop
  endfacet
  facet normal 0.7730104249974825 -0.6343933187268065 0
    outer loop
      vertex -48.25755483657122 -18.242445163428783 27.943355349529405
      vertex -48.03903903067112 -17.976182907819748 27.943355349529405
      vertex -48.25755483657122 -18.242445163428783 28.170660171779822
    endloop
  endfacet
  facet normal 0.8819212809892564 -0.4713967056930596 0
    outer loop
      vertex -48.03903903067112 -17.976182907819748 27.943355349529405
      vertex -47.87666715681553 -17.67240647226572 27.943355349529405
      vertex -48.03903903067112 -17.976182907819748 28.170660171779822
    endloop
  endfacet
  facet normal 0 0 1
    outer loop
      vertex -48.65071191638708 -18.271049439907074 28.170660171779822
      vertex -48.25755483657122 -18.242445163428783 28.170660171779822
      vertex -48.41906131058931 -18.080938689410686 28.170660171779822
    endloop
  endfacet
  facet normal 0 0 1
    outer loop
      vertex -48.41906131058931 -18.080938689410686 28.170660171779822
      vertex -48.25755483657122 -18.242445163428783 28.170660171779822
      vertex -48.03903903067112 -17.976182907819748 28.170660171779822
    endloop
  endfacet
  facet normal 0.7730104249974825 -0.6343933187268065 0
    outer loop
      vertex -48.03903903067112 -17.976182907819748 27.943355349529405
      vertex -48.03903903067112 -17.976182907819748 28.170660171779822
      vertex -48.25755483657122 -18.242445163428783 28.170660171779822
    endloop
  endfacet
  facet normal 0 0 1
    outer loop
      vertex -48.41906131058931 -18.080938689410686 28.170660171779822
      vertex -48.03903903067112 -17.976182907819748 28.170660171779822
      vertex -48.228950560092926 -17.84928808361292 28.170660171779822
    endloop
  endfacet
  facet normal 0 0 1
    outer loop
      vertex -48.03903903067112 -17.976182907819748 28.170660171779822
      vertex -47.87666715681553 -17.67240647226572 28.170660171779822
      vertex -48.228950560092926 -17.84928808361292 28.170660171779822
    endloop
  endfacet
  facet normal 0 0 1
    outer loop
      vertex -48.228950560092926 -17.84928808361292 28.170660171779822
      vertex -47.87666715681553 -17.67240647226572 28.170660171779822
      vertex -48.08768554031849 -17.584999807178974 28.170660171779822
    endloop
  endfacet
  facet normal 0.9569403298123283 -0.2902846967696919 0
    outer loop
      vertex -47.87666715681553 -17.67240647226572 27.943355349529405
      vertex -47.776679031550884 -17.342789821326733 27.943355349529405
      vertex -47.87666715681553 -17.67240647226572 28.170660171779822
    endloop
  endfacet
  facet normal 0.8819212809892564 -0.4713967056930596 0
    outer loop
      vertex -48.03903903067112 -17.976182907819748 28.170660171779822
      vertex -47.87666715681553 -17.67240647226572 27.943355349529405
      vertex -47.87666715681553 -17.67240647226572 28.170660171779822
    endloop
  endfacet
  facet normal 0 0 1
    outer loop
      vertex -48.08768554031849 -17.584999807178974 28.170660171779822
      vertex -47.87666715681553 -17.67240647226572 28.170660171779822
      vertex -47.776679031550884 -17.342789821326733 28.170660171779822
    endloop
  endfacet
  facet normal 0.9569403298123283 -0.2902846967696919 0
    outer loop
      vertex -47.87666715681553 -17.67240647226572 28.170660171779822
      vertex -47.776679031550884 -17.342789821326733 27.943355349529405
      vertex -47.776679031550884 -17.342789821326733 28.170660171779822
    endloop
  endfacet
  facet normal 0.9951847285186273 -0.09801712158243622 0
    outer loop
      vertex -47.776679031550884 -17.342789821326733 27.943355349529405
      vertex -47.74291718751192 -17 27.943355349529405
      vertex -47.776679031550884 -17.342789821326733 28.170660171779822
    endloop
  endfacet
  facet normal 0 0 1
    outer loop
      vertex -48.08768554031849 -17.584999807178974 28.170660171779822
      vertex -47.776679031550884 -17.342789821326733 28.170660171779822
      vertex -48.00069495290518 -17.298230290412903 28.170660171779822
    endloop
  endfacet
  facet normal 0 0 1
    outer loop
      vertex -48.00069495290518 -17.298230290412903 28.170660171779822
      vertex -47.776679031550884 -17.342789821326733 28.170660171779822
      vertex -47.74291718751192 -17 28.170660171779822
    endloop
  endfacet
  facet normal 0 0 1
    outer loop
      vertex -48.00069495290518 -17.298230290412903 28.170660171779822
      vertex -47.74291718751192 -17 28.170660171779822
      vertex -47.97132183611393 -17 28.170660171779822
    endloop
  endfacet
  facet normal 0.9951847285186273 -0.09801712158243622 0
    outer loop
      vertex -47.776679031550884 -17.342789821326733 28.170660171779822
      vertex -47.74291718751192 -17 27.943355349529405
      vertex -47.74291718751192 -17 28.170660171779822
    endloop
  endfacet
  facet normal 0 0 1
    outer loop
      vertex -55.17240647226572 -15.376667156815529 28.170660171779822
      vertex -48.82759352773428 -15.376667156815529 28.170660171779822
      vertex -49.15721017867327 -15.276679031550884 28.170660171779822
    endloop
  endfacet
  facet normal 0 0 1
    outer loop
      vertex -54.45251174271107 -15.466644644737244 28.170660171779822
      vertex -49.54748825728893 -15.466644644737244 28.170660171779822
      vertex -48.82759352773428 -15.376667156815529 28.170660171779822
    endloop
  endfacet
  facet normal 0 1 0
    outer loop
      vertex -54.46367859095335 -15.239339828491211 27.943355349529405
      vertex -49.53632140904665 -15.239339828491211 28.170660171779822
      vertex -49.53632140904665 -15.239339828491211 27.943355349529405
    endloop
  endfacet
  facet normal 0 0 1
    outer loop
      vertex -54.84278982132673 -15.276679031550884 28.170660171779822
      vertex -49.15721017867327 -15.276679031550884 28.170660171779822
      vertex -49.53632140904665 -15.239339828491211 28.170660171779822
    endloop
  endfacet
  facet normal 0.2902846967696919 0.9569403298123283 0
    outer loop
      vertex -48.82759352773428 -15.376667156815529 27.943355349529405
      vertex -49.15721017867327 -15.276679031550884 27.943355349529405
      vertex -48.82759352773428 -15.376667156815529 28.170660171779822
    endloop
  endfacet
  facet normal 0 0 1
    outer loop
      vertex -49.54748825728893 -15.466644644737244 28.170660171779822
      vertex -49.2017697095871 -15.500694952905178 28.170660171779822
      vertex -48.82759352773428 -15.376667156815529 28.170660171779822
    endloop
  endfacet
  facet normal 0 0 1
    outer loop
      vertex -49.2017697095871 -15.500694952905178 28.170660171779822
      vertex -48.915000192821026 -15.587685540318489 28.170660171779822
      vertex -48.82759352773428 -15.376667156815529 28.170660171779822
    endloop
  endfacet
  facet normal 0.2902846967696919 0.9569403298123283 0
    outer loop
      vertex -48.82759352773428 -15.376667156815529 28.170660171779822
      vertex -49.15721017867327 -15.276679031550884 27.943355349529405
      vertex -49.15721017867327 -15.276679031550884 28.170660171779822
    endloop
  endfacet
  facet normal 0 0 1
    outer loop
      vertex -48.65071191638708 -15.728950560092926 28.170660171779822
      vertex -48.52381709218025 -15.53903903067112 28.170660171779822
      vertex -48.915000192821026 -15.587685540318489 28.170660171779822
    endloop
  endfacet
  facet normal 0 0 1
    outer loop
      vertex -48.915000192821026 -15.587685540318489 28.170660171779822
      vertex -48.52381709218025 -15.53903903067112 28.170660171779822
      vertex -48.82759352773428 -15.376667156815529 28.170660171779822
    endloop
  endfacet
  facet normal 0.4713967056930596 0.8819212809892564 0
    outer loop
      vertex -48.82759352773428 -15.376667156815529 27.943355349529405
      vertex -48.82759352773428 -15.376667156815529 28.170660171779822
      vertex -48.52381709218025 -15.53903903067112 28.170660171779822
    endloop
  endfacet
  facet normal 0 0 1
    outer loop
      vertex -48.00069495290518 -16.701769709587097 28.170660171779822
      vertex -47.87666715681553 -16.32759352773428 28.170660171779822
      vertex -48.08768554031849 -16.415000192821026 28.170660171779822
    endloop
  endfacet
  facet normal 0 0 1
    outer loop
      vertex -48.08768554031849 -16.415000192821026 28.170660171779822
      vertex -48.03903903067112 -16.023817092180252 28.170660171779822
      vertex -48.228950560092926 -16.15071191638708 28.170660171779822
    endloop
  endfacet
  facet normal 0 0 1
    outer loop
      vertex -48.08768554031849 -16.415000192821026 28.170660171779822
      vertex -47.87666715681553 -16.32759352773428 28.170660171779822
      vertex -48.03903903067112 -16.023817092180252 28.170660171779822
    endloop
  endfacet
  facet normal 0.9951847285186273 0.09801712158243622 0
    outer loop
      vertex -47.74291718751192 -17 27.943355349529405
      vertex -47.776679031550884 -16.657210178673267 27.943355349529405
      vertex -47.74291718751192 -17 28.170660171779822
    endloop
  endfacet
  facet normal 0 0 1
    outer loop
      vertex -47.97132183611393 -17 28.170660171779822
      vertex -47.74291718751192 -17 28.170660171779822
      vertex -47.776679031550884 -16.657210178673267 28.170660171779822
    endloop
  endfacet
  facet normal 0 0 1
    outer loop
      vertex -47.97132183611393 -17 28.170660171779822
      vertex -47.776679031550884 -16.657210178673267 28.170660171779822
      vertex -48.00069495290518 -16.701769709587097 28.170660171779822
    endloop
  endfacet
  facet normal 0.9951847285186273 0.09801712158243622 0
    outer loop
      vertex -47.776679031550884 -16.657210178673267 27.943355349529405
      vertex -47.776679031550884 -16.657210178673267 28.170660171779822
      vertex -47.74291718751192 -17 28.170660171779822
    endloop
  endfacet
  facet normal 0.9569403298123283 0.2902846967696919 0
    outer loop
      vertex -47.776679031550884 -16.657210178673267 27.943355349529405
      vertex -47.87666715681553 -16.32759352773428 27.943355349529405
      vertex -47.776679031550884 -16.657210178673267 28.170660171779822
    endloop
  endfacet
  facet normal 0.8819212809892564 0.4713967056930596 0
    outer loop
      vertex -47.87666715681553 -16.32759352773428 27.943355349529405
      vertex -48.03903903067112 -16.023817092180252 27.943355349529405
      vertex -47.87666715681553 -16.32759352773428 28.170660171779822
    endloop
  endfacet
  facet normal 0 0 1
    outer loop
      vertex -48.00069495290518 -16.701769709587097 28.170660171779822
      vertex -47.776679031550884 -16.657210178673267 28.170660171779822
      vertex -47.87666715681553 -16.32759352773428 28.170660171779822
    endloop
  endfacet
  facet normal 0.9569403298123283 0.2902846967696919 0
    outer loop
      vertex -47.776679031550884 -16.657210178673267 28.170660171779822
      vertex -47.87666715681553 -16.32759352773428 27.943355349529405
      vertex -47.87666715681553 -16.32759352773428 28.170660171779822
    endloop
  endfacet
  facet normal 0.7730104249974825 0.6343933187268065 0
    outer loop
      vertex -48.03903903067112 -16.023817092180252 27.943355349529405
      vertex -48.25755483657122 -15.757554836571217 27.943355349529405
      vertex -48.03903903067112 -16.023817092180252 28.170660171779822
    endloop
  endfacet
  facet normal 0 0 1
    outer loop
      vertex -48.228950560092926 -16.15071191638708 28.170660171779822
      vertex -48.25755483657122 -15.757554836571217 28.170660171779822
      vertex -48.41906131058931 -15.919061310589314 28.170660171779822
    endloop
  endfacet
  facet normal 0 0 1
    outer loop
      vertex -48.65071191638708 -15.728950560092926 28.170660171779822
      vertex -48.41906131058931 -15.919061310589314 28.170660171779822
      vertex -48.52381709218025 -15.53903903067112 28.170660171779822
    endloop
  endfacet
  facet normal 0 0 1
    outer loop
      vertex -48.41906131058931 -15.919061310589314 28.170660171779822
      vertex -48.25755483657122 -15.757554836571217 28.170660171779822
      vertex -48.52381709218025 -15.53903903067112 28.170660171779822
    endloop
  endfacet
  facet normal 0 0 1
    outer loop
      vertex -48.228950560092926 -16.15071191638708 28.170660171779822
      vertex -48.03903903067112 -16.023817092180252 28.170660171779822
      vertex -48.25755483657122 -15.757554836571217 28.170660171779822
    endloop
  endfacet
  facet normal 0.8819212809892564 0.4713967056930596 0
    outer loop
      vertex -47.87666715681553 -16.32759352773428 28.170660171779822
      vertex -48.03903903067112 -16.023817092180252 27.943355349529405
      vertex -48.03903903067112 -16.023817092180252 28.170660171779822
    endloop
  endfacet
  facet normal 0.7730104249974825 0.6343933187268065 0
    outer loop
      vertex -48.25755483657122 -15.757554836571217 27.943355349529405
      vertex -48.25755483657122 -15.757554836571217 28.170660171779822
      vertex -48.03903903067112 -16.023817092180252 28.170660171779822
    endloop
  endfacet
  facet normal 0.6343933187268065 0.7730104249974825 0
    outer loop
      vertex -48.25755483657122 -15.757554836571217 27.943355349529405
      vertex -48.52381709218025 -15.53903903067112 27.943355349529405
      vertex -48.25755483657122 -15.757554836571217 28.170660171779822
    endloop
  endfacet
  facet normal 0.4713967056930596 0.8819212809892564 0
    outer loop
      vertex -48.82759352773428 -15.376667156815529 27.943355349529405
      vertex -48.52381709218025 -15.53903903067112 28.170660171779822
      vertex -48.52381709218025 -15.53903903067112 27.943355349529405
    endloop
  endfacet
  facet normal 0.6343933187268065 0.7730104249974825 0
    outer loop
      vertex -48.25755483657122 -15.757554836571217 28.170660171779822
      vertex -48.52381709218025 -15.53903903067112 27.943355349529405
      vertex -48.52381709218025 -15.53903903067112 28.170660171779822
    endloop
  endfacet
  facet normal 0.09801715580304911 0.9951847251481912 0
    outer loop
      vertex -49.53632140904665 -15.239339828491211 27.943355349529405
      vertex -49.53632140904665 -15.239339828491211 28.170660171779822
      vertex -49.15721017867327 -15.276679031550884 28.170660171779822
    endloop
  endfacet
  facet normal 0.09801715580304911 0.9951847251481912 0
    outer loop
      vertex -49.53632140904665 -15.239339828491211 27.943355349529405
      vertex -49.15721017867327 -15.276679031550884 28.170660171779822
      vertex -49.15721017867327 -15.276679031550884 27.943355349529405
    endloop
  endfacet
  facet normal -0.47139671844831843 -0.8819212741714291 0
    outer loop
      vertex -55.34928808361292 -18.271049439907074 28.170660171779822
      vertex -55.084999807178974 -18.41231445968151 28.35720441845382
      vertex -55.34928808361292 -18.271049439907074 28.35720441845382
    endloop
  endfacet
  facet normal -0.7730104346493292 -0.6343933069659982 0
    outer loop
      vertex -55.58093868941069 -18.080938689410686 28.170660171779822
      vertex -55.58093868941069 -18.080938689410686 28.35720441845382
      vertex -55.771049439907074 -17.84928808361292 28.170660171779822
    endloop
  endfacet
  facet normal -0.7730104346493292 -0.6343933069659982 0
    outer loop
      vertex -55.58093868941069 -18.080938689410686 28.35720441845382
      vertex -55.771049439907074 -17.84928808361292 28.35720441845382
      vertex -55.771049439907074 -17.84928808361292 28.170660171779822
    endloop
  endfacet
  facet normal -0.6343933069659982 -0.7730104346493292 0
    outer loop
      vertex -55.58093868941069 -18.080938689410686 28.170660171779822
      vertex -55.34928808361292 -18.271049439907074 28.170660171779822
      vertex -55.34928808361292 -18.271049439907074 28.35720441845382
    endloop
  endfacet
  facet normal -0.6343933069659982 -0.7730104346493292 0
    outer loop
      vertex -55.58093868941069 -18.080938689410686 28.170660171779822
      vertex -55.34928808361292 -18.271049439907074 28.35720441845382
      vertex -55.58093868941069 -18.080938689410686 28.35720441845382
    endloop
  endfacet
  facet normal 0 0 1
    outer loop
      vertex -55.58093868941069 -18.080938689410686 28.35720441845382
      vertex -55.34928808361292 -18.271049439907074 28.35720441845382
      vertex -54.98527826368809 -18.17156531661749 28.35720441845382
    endloop
  endfacet
  facet normal 0 0 1
    outer loop
      vertex -55.58093868941069 -18.080938689410686 28.35720441845382
      vertex -54.98527826368809 -18.17156531661749 28.35720441845382
      vertex -55.20451481640339 -18.05438094586134 28.35720441845382
    endloop
  endfacet
  facet normal 0 0 1
    outer loop
      vertex -55.58093868941069 -18.080938689410686 28.35720441845382
      vertex -55.396677277982235 -17.896677277982235 28.35720441845382
      vertex -55.771049439907074 -17.84928808361292 28.35720441845382
    endloop
  endfacet
  facet normal 0 0 1
    outer loop
      vertex -55.58093868941069 -18.080938689410686 28.35720441845382
      vertex -55.20451481640339 -18.05438094586134 28.35720441845382
      vertex -55.396677277982235 -17.896677277982235 28.35720441845382
    endloop
  endfacet
  facet normal -0.956940330594402 -0.2902846941915412 0
    outer loop
      vertex -55.99930504709482 -17.298230290412903 28.170660171779822
      vertex -55.91231445968151 -17.584999807178974 28.170660171779822
      vertex -55.91231445968151 -17.584999807178974 28.35720441845382
    endloop
  endfacet
  facet normal -0.956940330594402 -0.2902846941915412 0
    outer loop
      vertex -55.99930504709482 -17.298230290412903 28.170660171779822
      vertex -55.91231445968151 -17.584999807178974 28.35720441845382
      vertex -55.99930504709482 -17.298230290412903 28.35720441845382
    endloop
  endfacet
  facet normal -0.9951847276601478 -0.09801713029872527 0
    outer loop
      vertex -55.99930504709482 -17.298230290412903 28.170660171779822
      vertex -55.99930504709482 -17.298230290412903 28.35720441845382
      vertex -56.02867816388607 -17 28.170660171779822
    endloop
  endfacet
  facet normal -0.9951847276601478 -0.09801713029872527 0
    outer loop
      vertex -55.99930504709482 -17.298230290412903 28.35720441845382
      vertex -56.02867816388607 -17 28.35720441845382
      vertex -56.02867816388607 -17 28.170660171779822
    endloop
  endfacet
  facet normal 0 0 1
    outer loop
      vertex -55.99930504709482 -17.298230290412903 28.35720441845382
      vertex -55.74372711777687 -17.24739269167185 28.35720441845382
      vertex -56.02867816388607 -17 28.35720441845382
    endloop
  endfacet
  facet normal -0.8819212741714291 -0.47139671844831843 0
    outer loop
      vertex -55.771049439907074 -17.84928808361292 28.170660171779822
      vertex -55.771049439907074 -17.84928808361292 28.35720441845382
      vertex -55.91231445968151 -17.584999807178974 28.170660171779822
    endloop
  endfacet
  facet normal -0.8819212741714291 -0.47139671844831843 0
    outer loop
      vertex -55.771049439907074 -17.84928808361292 28.35720441845382
      vertex -55.91231445968151 -17.584999807178974 28.35720441845382
      vertex -55.91231445968151 -17.584999807178974 28.170660171779822
    endloop
  endfacet
  facet normal 0 0 1
    outer loop
      vertex -55.771049439907074 -17.84928808361292 28.35720441845382
      vertex -55.55438094586134 -17.70451481640339 28.35720441845382
      vertex -55.91231445968151 -17.584999807178974 28.35720441845382
    endloop
  endfacet
  facet normal 0 0 1
    outer loop
      vertex -55.99930504709482 -17.298230290412903 28.35720441845382
      vertex -55.91231445968151 -17.584999807178974 28.35720441845382
      vertex -55.67156531661749 -17.485278263688087 28.35720441845382
    endloop
  endfacet
  facet normal 0 0 1
    outer loop
      vertex -55.91231445968151 -17.584999807178974 28.35720441845382
      vertex -55.55438094586134 -17.70451481640339 28.35720441845382
      vertex -55.67156531661749 -17.485278263688087 28.35720441845382
    endloop
  endfacet
  facet normal 0 0 1
    outer loop
      vertex -55.396677277982235 -17.896677277982235 28.35720441845382
      vertex -55.55438094586134 -17.70451481640339 28.35720441845382
      vertex -55.771049439907074 -17.84928808361292 28.35720441845382
    endloop
  endfacet
  facet normal 0 0 1
    outer loop
      vertex -55.99930504709482 -17.298230290412903 28.35720441845382
      vertex -55.67156531661749 -17.485278263688087 28.35720441845382
      vertex -55.74372711777687 -17.24739269167185 28.35720441845382
    endloop
  endfacet
  facet normal 0 0 1
    outer loop
      vertex -55.74372711777687 -17.24739269167185 28.35720441845382
      vertex -55.768093168735504 -17 28.35720441845382
      vertex -56.02867816388607 -17 28.35720441845382
    endloop
  endfacet
  facet normal -0.47139671844831843 -0.8819212741714291 0
    outer loop
      vertex -55.34928808361292 -18.271049439907074 28.170660171779822
      vertex -55.084999807178974 -18.41231445968151 28.170660171779822
      vertex -55.084999807178974 -18.41231445968151 28.35720441845382
    endloop
  endfacet
  facet normal -0.2902846941915412 -0.956940330594402 0
    outer loop
      vertex -55.084999807178974 -18.41231445968151 28.170660171779822
      vertex -54.7982302904129 -18.499305047094822 28.35720441845382
      vertex -55.084999807178974 -18.41231445968151 28.35720441845382
    endloop
  endfacet
  facet normal 0 0 1
    outer loop
      vertex -55.34928808361292 -18.271049439907074 28.35720441845382
      vertex -55.084999807178974 -18.41231445968151 28.35720441845382
      vertex -54.439771682024 -18.27402514964342 28.35720441845382
    endloop
  endfacet
  facet normal -0.09801714956142461 -0.9951847257629376 0
    outer loop
      vertex -54.7982302904129 -18.499305047094822 28.170660171779822
      vertex -54.45251174271107 -18.533355355262756 28.35720441845382
      vertex -54.7982302904129 -18.499305047094822 28.35720441845382
    endloop
  endfacet
  facet normal -0.2902846941915412 -0.956940330594402 0
    outer loop
      vertex -55.084999807178974 -18.41231445968151 28.170660171779822
      vertex -54.7982302904129 -18.499305047094822 28.170660171779822
      vertex -54.7982302904129 -18.499305047094822 28.35720441845382
    endloop
  endfacet
  facet normal 0 0 1
    outer loop
      vertex -55.34928808361292 -18.271049439907074 28.35720441845382
      vertex -54.74739269167185 -18.24372711777687 28.35720441845382
      vertex -54.98527826368809 -18.17156531661749 28.35720441845382
    endloop
  endfacet
  facet normal 0 0 1
    outer loop
      vertex -55.34928808361292 -18.271049439907074 28.35720441845382
      vertex -54.439771682024 -18.27402514964342 28.35720441845382
      vertex -54.74739269167185 -18.24372711777687 28.35720441845382
    endloop
  endfacet
  facet normal -0.09801714956142461 -0.9951847257629376 0
    outer loop
      vertex -54.7982302904129 -18.499305047094822 28.170660171779822
      vertex -54.45251174271107 -18.533355355262756 28.170660171779822
      vertex -54.45251174271107 -18.533355355262756 28.35720441845382
    endloop
  endfacet
  facet normal 0 0 1
    outer loop
      vertex -55.084999807178974 -18.41231445968151 28.35720441845382
      vertex -49.560228317976 -18.27402514964342 28.35720441845382
      vertex -54.439771682024 -18.27402514964342 28.35720441845382
    endloop
  endfacet
  facet normal 0 -1 0
    outer loop
      vertex -54.45251174271107 -18.533355355262756 28.170660171779822
      vertex -49.54748825728893 -18.533355355262756 28.35720441845382
      vertex -54.45251174271107 -18.533355355262756 28.35720441845382
    endloop
  endfacet
  facet normal 0 0 1
    outer loop
      vertex -54.7982302904129 -18.499305047094822 28.35720441845382
      vertex -54.45251174271107 -18.533355355262756 28.35720441845382
      vertex -49.2017697095871 -18.499305047094822 28.35720441845382
    endloop
  endfacet
  facet normal 0 0 1
    outer loop
      vertex -55.084999807178974 -18.41231445968151 28.35720441845382
      vertex -54.7982302904129 -18.499305047094822 28.35720441845382
      vertex -48.915000192821026 -18.41231445968151 28.35720441845382
    endloop
  endfacet
  facet normal -0.9951847276601478 0.09801713029872527 0
    outer loop
      vertex -56.02867816388607 -17 28.170660171779822
      vertex -56.02867816388607 -17 28.35720441845382
      vertex -55.99930504709482 -16.701769709587097 28.170660171779822
    endloop
  endfacet
  facet normal -0.9951847276601478 0.09801713029872527 0
    outer loop
      vertex -56.02867816388607 -17 28.35720441845382
      vertex -55.99930504709482 -16.701769709587097 28.35720441845382
      vertex -55.99930504709482 -16.701769709587097 28.170660171779822
    endloop
  endfacet
  facet normal 0 0 1
    outer loop
      vertex -56.02867816388607 -17 28.35720441845382
      vertex -55.768093168735504 -17 28.35720441845382
      vertex -55.99930504709482 -16.701769709587097 28.35720441845382
    endloop
  endfacet
  facet normal -0.956940330594402 0.2902846941915412 0
    outer loop
      vertex -55.99930504709482 -16.701769709587097 28.170660171779822
      vertex -55.99930504709482 -16.701769709587097 28.35720441845382
      vertex -55.91231445968151 -16.415000192821026 28.170660171779822
    endloop
  endfacet
  facet normal -0.956940330594402 0.2902846941915412 0
    outer loop
      vertex -55.99930504709482 -16.701769709587097 28.35720441845382
      vertex -55.91231445968151 -16.415000192821026 28.35720441845382
      vertex -55.91231445968151 -16.415000192821026 28.170660171779822
    endloop
  endfacet
  facet normal 0 0 1
    outer loop
      vertex -55.99930504709482 -16.701769709587097 28.35720441845382
      vertex -55.768093168735504 -17 28.35720441845382
      vertex -55.74372711777687 -16.75260730832815 28.35720441845382
    endloop
  endfacet
  facet normal 0 0 1
    outer loop
      vertex -55.99930504709482 -16.701769709587097 28.35720441845382
      vertex -55.74372711777687 -16.75260730832815 28.35720441845382
      vertex -55.91231445968151 -16.415000192821026 28.35720441845382
    endloop
  endfacet
  facet normal 0 0 1
    outer loop
      vertex -55.74372711777687 -16.75260730832815 28.35720441845382
      vertex -55.67156531661749 -16.514721736311913 28.35720441845382
      vertex -55.91231445968151 -16.415000192821026 28.35720441845382
    endloop
  endfacet
  facet normal -0.8819212741714291 0.47139671844831843 0
    outer loop
      vertex -55.91231445968151 -16.415000192821026 28.170660171779822
      vertex -55.91231445968151 -16.415000192821026 28.35720441845382
      vertex -55.771049439907074 -16.15071191638708 28.170660171779822
    endloop
  endfacet
  facet normal -0.8819212741714291 0.47139671844831843 0
    outer loop
      vertex -55.91231445968151 -16.415000192821026 28.35720441845382
      vertex -55.771049439907074 -16.15071191638708 28.35720441845382
      vertex -55.771049439907074 -16.15071191638708 28.170660171779822
    endloop
  endfacet
  facet normal 0 0 1
    outer loop
      vertex -55.91231445968151 -16.415000192821026 28.35720441845382
      vertex -55.67156531661749 -16.514721736311913 28.35720441845382
      vertex -55.771049439907074 -16.15071191638708 28.35720441845382
    endloop
  endfacet
  facet normal 0 0 1
    outer loop
      vertex -55.67156531661749 -16.514721736311913 28.35720441845382
      vertex -55.55438094586134 -16.29548518359661 28.35720441845382
      vertex -55.771049439907074 -16.15071191638708 28.35720441845382
    endloop
  endfacet
  facet normal -0.7730104346493292 0.6343933069659982 0
    outer loop
      vertex -55.771049439907074 -16.15071191638708 28.170660171779822
      vertex -55.771049439907074 -16.15071191638708 28.35720441845382
      vertex -55.58093868941069 -15.919061310589314 28.170660171779822
    endloop
  endfacet
  facet normal -0.7730104346493292 0.6343933069659982 0
    outer loop
      vertex -55.771049439907074 -16.15071191638708 28.35720441845382
      vertex -55.58093868941069 -15.919061310589314 28.35720441845382
      vertex -55.58093868941069 -15.919061310589314 28.170660171779822
    endloop
  endfacet
  facet normal 0 0 1
    outer loop
      vertex -55.771049439907074 -16.15071191638708 28.35720441845382
      vertex -55.55438094586134 -16.29548518359661 28.35720441845382
      vertex -55.58093868941069 -15.919061310589314 28.35720441845382
    endloop
  endfacet
  facet normal 0 0 1
    outer loop
      vertex -55.55438094586134 -16.29548518359661 28.35720441845382
      vertex -55.396677277982235 -16.103322722017765 28.35720441845382
      vertex -55.58093868941069 -15.919061310589314 28.35720441845382
    endloop
  endfacet
  facet normal 0 0 1
    outer loop
      vertex -55.396677277982235 -16.103322722017765 28.35720441845382
      vertex -55.20451481640339 -15.94561905413866 28.35720441845382
      vertex -55.58093868941069 -15.919061310589314 28.35720441845382
    endloop
  endfacet
  facet normal -0.6343933069659982 0.7730104346493292 0
    outer loop
      vertex -55.58093868941069 -15.919061310589314 28.170660171779822
      vertex -55.58093868941069 -15.919061310589314 28.35720441845382
      vertex -55.34928808361292 -15.728950560092926 28.170660171779822
    endloop
  endfacet
  facet normal -0.6343933069659982 0.7730104346493292 0
    outer loop
      vertex -55.34928808361292 -15.728950560092926 28.170660171779822
      vertex -55.58093868941069 -15.919061310589314 28.35720441845382
      vertex -55.34928808361292 -15.728950560092926 28.35720441845382
    endloop
  endfacet
  facet normal 0 0 1
    outer loop
      vertex -55.58093868941069 -15.919061310589314 28.35720441845382
      vertex -55.20451481640339 -15.94561905413866 28.35720441845382
      vertex -55.34928808361292 -15.728950560092926 28.35720441845382
    endloop
  endfacet
  facet normal -0.47139671844831843 0.8819212741714291 0
    outer loop
      vertex -55.34928808361292 -15.728950560092926 28.170660171779822
      vertex -55.34928808361292 -15.728950560092926 28.35720441845382
      vertex -55.084999807178974 -15.587685540318489 28.170660171779822
    endloop
  endfacet
  facet normal 0 0 1
    outer loop
      vertex -55.34928808361292 -15.728950560092926 28.35720441845382
      vertex -55.20451481640339 -15.94561905413866 28.35720441845382
      vertex -54.98527826368809 -15.828434683382511 28.35720441845382
    endloop
  endfacet
  facet normal 0 0 1
    outer loop
      vertex -55.34928808361292 -15.728950560092926 28.35720441845382
      vertex -54.98527826368809 -15.828434683382511 28.35720441845382
      vertex -54.74739269167185 -15.75627288222313 28.35720441845382
    endloop
  endfacet
  facet normal 0 0 1
    outer loop
      vertex -55.34928808361292 -15.728950560092926 28.35720441845382
      vertex -54.74739269167185 -15.75627288222313 28.35720441845382
      vertex -54.439771682024 -15.725974850356579 28.35720441845382
    endloop
  endfacet
  facet normal -0.47139671844831843 0.8819212741714291 0
    outer loop
      vertex -55.34928808361292 -15.728950560092926 28.35720441845382
      vertex -55.084999807178974 -15.587685540318489 28.35720441845382
      vertex -55.084999807178974 -15.587685540318489 28.170660171779822
    endloop
  endfacet
  facet normal -0.2902846941915412 0.956940330594402 0
    outer loop
      vertex -55.084999807178974 -15.587685540318489 28.170660171779822
      vertex -55.084999807178974 -15.587685540318489 28.35720441845382
      vertex -54.7982302904129 -15.500694952905178 28.170660171779822
    endloop
  endfacet
  facet normal -0.2902846941915412 0.956940330594402 0
    outer loop
      vertex -55.084999807178974 -15.587685540318489 28.35720441845382
      vertex -54.7982302904129 -15.500694952905178 28.35720441845382
      vertex -54.7982302904129 -15.500694952905178 28.170660171779822
    endloop
  endfacet
  facet normal -0.09801714956142461 0.9951847257629376 0
    outer loop
      vertex -54.7982302904129 -15.500694952905178 28.170660171779822
      vertex -54.7982302904129 -15.500694952905178 28.35720441845382
      vertex -54.45251174271107 -15.466644644737244 28.170660171779822
    endloop
  endfacet
  facet normal -0.09801714956142461 0.9951847257629376 0
    outer loop
      vertex -54.7982302904129 -15.500694952905178 28.35720441845382
      vertex -54.45251174271107 -15.466644644737244 28.35720441845382
      vertex -54.45251174271107 -15.466644644737244 28.170660171779822
    endloop
  endfacet
  facet normal 0 0 1
    outer loop
      vertex -55.34928808361292 -15.728950560092926 28.35720441845382
      vertex -48.915000192821026 -15.587685540318489 28.35720441845382
      vertex -55.084999807178974 -15.587685540318489 28.35720441845382
    endloop
  endfacet
  facet normal 0 0 1
    outer loop
      vertex -55.084999807178974 -15.587685540318489 28.35720441845382
      vertex -49.2017697095871 -15.500694952905178 28.35720441845382
      vertex -54.7982302904129 -15.500694952905178 28.35720441845382
    endloop
  endfacet
  facet normal 0 0 1
    outer loop
      vertex -55.34928808361292 -15.728950560092926 28.35720441845382
      vertex -54.439771682024 -15.725974850356579 28.35720441845382
      vertex -48.915000192821026 -15.587685540318489 28.35720441845382
    endloop
  endfacet
  facet normal 0 1 0
    outer loop
      vertex -54.45251174271107 -15.466644644737244 28.170660171779822
      vertex -54.45251174271107 -15.466644644737244 28.35720441845382
      vertex -49.54748825728893 -15.466644644737244 28.170660171779822
    endloop
  endfacet
  facet normal 0 0 1
    outer loop
      vertex -54.7982302904129 -15.500694952905178 28.35720441845382
      vertex -49.54748825728893 -15.466644644737244 28.35720441845382
      vertex -54.45251174271107 -15.466644644737244 28.35720441845382
    endloop
  endfacet
  facet normal 0 -1 0
    outer loop
      vertex -54.45251174271107 -18.533355355262756 28.170660171779822
      vertex -49.54748825728893 -18.533355355262756 28.170660171779822
      vertex -49.54748825728893 -18.533355355262756 28.35720441845382
    endloop
  endfacet
  facet normal 0 0 1
    outer loop
      vertex -54.45251174271107 -18.533355355262756 28.35720441845382
      vertex -49.54748825728893 -18.533355355262756 28.35720441845382
      vertex -49.2017697095871 -18.499305047094822 28.35720441845382
    endloop
  endfacet
  facet normal 0 0 1
    outer loop
      vertex -54.7982302904129 -18.499305047094822 28.35720441845382
      vertex -49.2017697095871 -18.499305047094822 28.35720441845382
      vertex -48.915000192821026 -18.41231445968151 28.35720441845382
    endloop
  endfacet
  facet normal 0 0 1
    outer loop
      vertex -55.084999807178974 -18.41231445968151 28.35720441845382
      vertex -48.65071191638708 -18.271049439907074 28.35720441845382
      vertex -49.560228317976 -18.27402514964342 28.35720441845382
    endloop
  endfacet
  facet normal 0 0 1
    outer loop
      vertex -55.084999807178974 -18.41231445968151 28.35720441845382
      vertex -48.915000192821026 -18.41231445968151 28.35720441845382
      vertex -48.65071191638708 -18.271049439907074 28.35720441845382
    endloop
  endfacet
  facet normal 0.09801714956142461 -0.9951847257629376 0
    outer loop
      vertex -49.54748825728893 -18.533355355262756 28.170660171779822
      vertex -49.2017697095871 -18.499305047094822 28.35720441845382
      vertex -49.54748825728893 -18.533355355262756 28.35720441845382
    endloop
  endfacet
  facet normal 0.09801714956142461 -0.9951847257629376 0
    outer loop
      vertex -49.54748825728893 -18.533355355262756 28.170660171779822
      vertex -49.2017697095871 -18.499305047094822 28.170660171779822
      vertex -49.2017697095871 -18.499305047094822 28.35720441845382
    endloop
  endfacet
  facet normal 0.2902846941915412 -0.956940330594402 0
    outer loop
      vertex -49.2017697095871 -18.499305047094822 28.170660171779822
      vertex -48.915000192821026 -18.41231445968151 28.35720441845382
      vertex -49.2017697095871 -18.499305047094822 28.35720441845382
    endloop
  endfacet
  facet normal 0.2902846941915412 -0.956940330594402 0
    outer loop
      vertex -49.2017697095871 -18.499305047094822 28.170660171779822
      vertex -48.915000192821026 -18.41231445968151 28.170660171779822
      vertex -48.915000192821026 -18.41231445968151 28.35720441845382
    endloop
  endfacet
  facet normal 0.47139671844831843 -0.8819212741714291 0
    outer loop
      vertex -48.915000192821026 -18.41231445968151 28.170660171779822
      vertex -48.65071191638708 -18.271049439907074 28.35720441845382
      vertex -48.915000192821026 -18.41231445968151 28.35720441845382
    endloop
  endfacet
  facet normal 0.47139671844831843 -0.8819212741714291 0
    outer loop
      vertex -48.915000192821026 -18.41231445968151 28.170660171779822
      vertex -48.65071191638708 -18.271049439907074 28.170660171779822
      vertex -48.65071191638708 -18.271049439907074 28.35720441845382
    endloop
  endfacet
  facet normal 0 0 1
    outer loop
      vertex -49.560228317976 -18.27402514964342 28.35720441845382
      vertex -48.65071191638708 -18.271049439907074 28.35720441845382
      vertex -49.25260730832815 -18.24372711777687 28.35720441845382
    endloop
  endfacet
  facet normal 0 0 1
    outer loop
      vertex -49.25260730832815 -18.24372711777687 28.35720441845382
      vertex -48.65071191638708 -18.271049439907074 28.35720441845382
      vertex -49.01472173631191 -18.17156531661749 28.35720441845382
    endloop
  endfacet
  facet normal 0 0 1
    outer loop
      vertex -49.01472173631191 -18.17156531661749 28.35720441845382
      vertex -48.65071191638708 -18.271049439907074 28.35720441845382
      vertex -48.79548518359661 -18.05438094586134 28.35720441845382
    endloop
  endfacet
  facet normal 0.6343933069659982 -0.7730104346493292 0
    outer loop
      vertex -48.65071191638708 -18.271049439907074 28.170660171779822
      vertex -48.41906131058931 -18.080938689410686 28.35720441845382
      vertex -48.65071191638708 -18.271049439907074 28.35720441845382
    endloop
  endfacet
  facet normal 0.6343933069659982 -0.7730104346493292 0
    outer loop
      vertex -48.65071191638708 -18.271049439907074 28.170660171779822
      vertex -48.41906131058931 -18.080938689410686 28.170660171779822
      vertex -48.41906131058931 -18.080938689410686 28.35720441845382
    endloop
  endfacet
  facet normal 0 0 1
    outer loop
      vertex -48.65071191638708 -18.271049439907074 28.35720441845382
      vertex -48.41906131058931 -18.080938689410686 28.35720441845382
      vertex -48.79548518359661 -18.05438094586134 28.35720441845382
    endloop
  endfacet
  facet normal 0.7730104346493292 -0.6343933069659982 0
    outer loop
      vertex -48.41906131058931 -18.080938689410686 28.170660171779822
      vertex -48.228950560092926 -17.84928808361292 28.35720441845382
      vertex -48.41906131058931 -18.080938689410686 28.35720441845382
    endloop
  endfacet
  facet normal 0 0 1
    outer loop
      vertex -48.79548518359661 -18.05438094586134 28.35720441845382
      vertex -48.41906131058931 -18.080938689410686 28.35720441845382
      vertex -48.603322722017765 -17.896677277982235 28.35720441845382
    endloop
  endfacet
  facet normal 0 0 1
    outer loop
      vertex -48.41906131058931 -18.080938689410686 28.35720441845382
      vertex -48.44561905413866 -17.70451481640339 28.35720441845382
      vertex -48.603322722017765 -17.896677277982235 28.35720441845382
    endloop
  endfacet
  facet normal 0 0 1
    outer loop
      vertex -48.41906131058931 -18.080938689410686 28.35720441845382
      vertex -48.228950560092926 -17.84928808361292 28.35720441845382
      vertex -48.44561905413866 -17.70451481640339 28.35720441845382
    endloop
  endfacet
  facet normal 0.7730104346493292 -0.6343933069659982 0
    outer loop
      vertex -48.41906131058931 -18.080938689410686 28.170660171779822
      vertex -48.228950560092926 -17.84928808361292 28.170660171779822
      vertex -48.228950560092926 -17.84928808361292 28.35720441845382
    endloop
  endfacet
  facet normal 0 0 1
    outer loop
      vertex -48.44561905413866 -17.70451481640339 28.35720441845382
      vertex -48.228950560092926 -17.84928808361292 28.35720441845382
      vertex -48.32843468338251 -17.485278263688087 28.35720441845382
    endloop
  endfacet
  facet normal 0.8819212741714291 -0.47139671844831843 0
    outer loop
      vertex -48.228950560092926 -17.84928808361292 28.170660171779822
      vertex -48.08768554031849 -17.584999807178974 28.35720441845382
      vertex -48.228950560092926 -17.84928808361292 28.35720441845382
    endloop
  endfacet
  facet normal 0.8819212741714291 -0.47139671844831843 0
    outer loop
      vertex -48.228950560092926 -17.84928808361292 28.170660171779822
      vertex -48.08768554031849 -17.584999807178974 28.170660171779822
      vertex -48.08768554031849 -17.584999807178974 28.35720441845382
    endloop
  endfacet
  facet normal 0 0 1
    outer loop
      vertex -48.32843468338251 -17.485278263688087 28.35720441845382
      vertex -48.228950560092926 -17.84928808361292 28.35720441845382
      vertex -48.08768554031849 -17.584999807178974 28.35720441845382
    endloop
  endfacet
  facet normal 0.956940330594402 -0.2902846941915412 0
    outer loop
      vertex -48.08768554031849 -17.584999807178974 28.170660171779822
      vertex -48.00069495290518 -17.298230290412903 28.35720441845382
      vertex -48.08768554031849 -17.584999807178974 28.35720441845382
    endloop
  endfacet
  facet normal 0 0 1
    outer loop
      vertex -48.32843468338251 -17.485278263688087 28.35720441845382
      vertex -48.08768554031849 -17.584999807178974 28.35720441845382
      vertex -48.25627288222313 -17.24739269167185 28.35720441845382
    endloop
  endfacet
  facet normal 0.956940330594402 -0.2902846941915412 0
    outer loop
      vertex -48.08768554031849 -17.584999807178974 28.170660171779822
      vertex -48.00069495290518 -17.298230290412903 28.170660171779822
      vertex -48.00069495290518 -17.298230290412903 28.35720441845382
    endloop
  endfacet
  facet normal 0 0 1
    outer loop
      vertex -48.08768554031849 -17.584999807178974 28.35720441845382
      vertex -48.00069495290518 -17.298230290412903 28.35720441845382
      vertex -48.25627288222313 -17.24739269167185 28.35720441845382
    endloop
  endfacet
  facet normal 0.9951847276601478 -0.09801713029872527 0
    outer loop
      vertex -48.00069495290518 -17.298230290412903 28.170660171779822
      vertex -47.97132183611393 -17 28.35720441845382
      vertex -48.00069495290518 -17.298230290412903 28.35720441845382
    endloop
  endfacet
  facet normal 0.9951847276601478 -0.09801713029872527 0
    outer loop
      vertex -48.00069495290518 -17.298230290412903 28.170660171779822
      vertex -47.97132183611393 -17 28.170660171779822
      vertex -47.97132183611393 -17 28.35720441845382
    endloop
  endfacet
  facet normal 0 0 1
    outer loop
      vertex -48.25627288222313 -17.24739269167185 28.35720441845382
      vertex -48.00069495290518 -17.298230290412903 28.35720441845382
      vertex -48.231906831264496 -17 28.35720441845382
    endloop
  endfacet
  facet normal 0 0 1
    outer loop
      vertex -48.00069495290518 -17.298230290412903 28.35720441845382
      vertex -47.97132183611393 -17 28.35720441845382
      vertex -48.231906831264496 -17 28.35720441845382
    endloop
  endfacet
  facet normal 0 0 1
    outer loop
      vertex -54.439771682024 -15.725974850356579 28.35720441845382
      vertex -49.560228317976 -15.725974850356579 28.35720441845382
      vertex -48.915000192821026 -15.587685540318489 28.35720441845382
    endloop
  endfacet
  facet normal 0 0 1
    outer loop
      vertex -55.084999807178974 -15.587685540318489 28.35720441845382
      vertex -48.915000192821026 -15.587685540318489 28.35720441845382
      vertex -49.2017697095871 -15.500694952905178 28.35720441845382
    endloop
  endfacet
  facet normal 0 1 0
    outer loop
      vertex -54.45251174271107 -15.466644644737244 28.35720441845382
      vertex -49.54748825728893 -15.466644644737244 28.35720441845382
      vertex -49.54748825728893 -15.466644644737244 28.170660171779822
    endloop
  endfacet
  facet normal 0 0 1
    outer loop
      vertex -54.7982302904129 -15.500694952905178 28.35720441845382
      vertex -49.2017697095871 -15.500694952905178 28.35720441845382
      vertex -49.54748825728893 -15.466644644737244 28.35720441845382
    endloop
  endfacet
  facet normal 0.09801714956142461 0.9951847257629376 0
    outer loop
      vertex -49.54748825728893 -15.466644644737244 28.170660171779822
      vertex -49.54748825728893 -15.466644644737244 28.35720441845382
      vertex -49.2017697095871 -15.500694952905178 28.170660171779822
    endloop
  endfacet
  facet normal 0.09801714956142461 0.9951847257629376 0
    outer loop
      vertex -49.54748825728893 -15.466644644737244 28.35720441845382
      vertex -49.2017697095871 -15.500694952905178 28.35720441845382
      vertex -49.2017697095871 -15.500694952905178 28.170660171779822
    endloop
  endfacet
  facet normal 0 0 1
    outer loop
      vertex -49.560228317976 -15.725974850356579 28.35720441845382
      vertex -49.25260730832815 -15.75627288222313 28.35720441845382
      vertex -48.65071191638708 -15.728950560092926 28.35720441845382
    endloop
  endfacet
  facet normal 0 0 1
    outer loop
      vertex -49.25260730832815 -15.75627288222313 28.35720441845382
      vertex -49.01472173631191 -15.828434683382511 28.35720441845382
      vertex -48.65071191638708 -15.728950560092926 28.35720441845382
    endloop
  endfacet
  facet normal 0 0 1
    outer loop
      vertex -49.01472173631191 -15.828434683382511 28.35720441845382
      vertex -48.79548518359661 -15.94561905413866 28.35720441845382
      vertex -48.41906131058931 -15.919061310589314 28.35720441845382
    endloop
  endfacet
  facet normal 0 0 1
    outer loop
      vertex -49.01472173631191 -15.828434683382511 28.35720441845382
      vertex -48.41906131058931 -15.919061310589314 28.35720441845382
      vertex -48.65071191638708 -15.728950560092926 28.35720441845382
    endloop
  endfacet
  facet normal 0.2902846941915412 0.956940330594402 0
    outer loop
      vertex -49.2017697095871 -15.500694952905178 28.170660171779822
      vertex -49.2017697095871 -15.500694952905178 28.35720441845382
      vertex -48.915000192821026 -15.587685540318489 28.170660171779822
    endloop
  endfacet
  facet normal 0.2902846941915412 0.956940330594402 0
    outer loop
      vertex -49.2017697095871 -15.500694952905178 28.35720441845382
      vertex -48.915000192821026 -15.587685540318489 28.35720441845382
      vertex -48.915000192821026 -15.587685540318489 28.170660171779822
    endloop
  endfacet
  facet normal 0 0 1
    outer loop
      vertex -49.560228317976 -15.725974850356579 28.35720441845382
      vertex -48.65071191638708 -15.728950560092926 28.35720441845382
      vertex -48.915000192821026 -15.587685540318489 28.35720441845382
    endloop
  endfacet
  facet normal 0.47139671844831843 0.8819212741714291 0
    outer loop
      vertex -48.65071191638708 -15.728950560092926 28.170660171779822
      vertex -48.915000192821026 -15.587685540318489 28.170660171779822
      vertex -48.915000192821026 -15.587685540318489 28.35720441845382
    endloop
  endfacet
  facet normal 0.47139671844831843 0.8819212741714291 0
    outer loop
      vertex -48.65071191638708 -15.728950560092926 28.170660171779822
      vertex -48.915000192821026 -15.587685540318489 28.35720441845382
      vertex -48.65071191638708 -15.728950560092926 28.35720441845382
    endloop
  endfacet
  facet normal 0.9951847276601478 0.09801713029872527 0
    outer loop
      vertex -47.97132183611393 -17 28.170660171779822
      vertex -48.00069495290518 -16.701769709587097 28.35720441845382
      vertex -47.97132183611393 -17 28.35720441845382
    endloop
  endfacet
  facet normal 0.9951847276601478 0.09801713029872527 0
    outer loop
      vertex -47.97132183611393 -17 28.170660171779822
      vertex -48.00069495290518 -16.701769709587097 28.170660171779822
      vertex -48.00069495290518 -16.701769709587097 28.35720441845382
    endloop
  endfacet
  facet normal 0 0 1
    outer loop
      vertex -48.231906831264496 -17 28.35720441845382
      vertex -47.97132183611393 -17 28.35720441845382
      vertex -48.25627288222313 -16.75260730832815 28.35720441845382
    endloop
  endfacet
  facet normal 0 0 1
    outer loop
      vertex -47.97132183611393 -17 28.35720441845382
      vertex -48.00069495290518 -16.701769709587097 28.35720441845382
      vertex -48.25627288222313 -16.75260730832815 28.35720441845382
    endloop
  endfacet
  facet normal 0.956940330594402 0.2902846941915412 0
    outer loop
      vertex -48.00069495290518 -16.701769709587097 28.170660171779822
      vertex -48.08768554031849 -16.415000192821026 28.35720441845382
      vertex -48.00069495290518 -16.701769709587097 28.35720441845382
    endloop
  endfacet
  facet normal 0 0 1
    outer loop
      vertex -48.25627288222313 -16.75260730832815 28.35720441845382
      vertex -48.00069495290518 -16.701769709587097 28.35720441845382
      vertex -48.32843468338251 -16.514721736311913 28.35720441845382
    endloop
  endfacet
  facet normal 0 0 1
    outer loop
      vertex -48.44561905413866 -16.29548518359661 28.35720441845382
      vertex -48.228950560092926 -16.15071191638708 28.35720441845382
      vertex -48.603322722017765 -16.103322722017765 28.35720441845382
    endloop
  endfacet
  facet normal 0.956940330594402 0.2902846941915412 0
    outer loop
      vertex -48.00069495290518 -16.701769709587097 28.170660171779822
      vertex -48.08768554031849 -16.415000192821026 28.170660171779822
      vertex -48.08768554031849 -16.415000192821026 28.35720441845382
    endloop
  endfacet
  facet normal 0 0 1
    outer loop
      vertex -48.00069495290518 -16.701769709587097 28.35720441845382
      vertex -48.08768554031849 -16.415000192821026 28.35720441845382
      vertex -48.32843468338251 -16.514721736311913 28.35720441845382
    endloop
  endfacet
  facet normal 0 0 1
    outer loop
      vertex -48.32843468338251 -16.514721736311913 28.35720441845382
      vertex -48.08768554031849 -16.415000192821026 28.35720441845382
      vertex -48.44561905413866 -16.29548518359661 28.35720441845382
    endloop
  endfacet
  facet normal 0.8819212741714291 0.47139671844831843 0
    outer loop
      vertex -48.08768554031849 -16.415000192821026 28.170660171779822
      vertex -48.228950560092926 -16.15071191638708 28.35720441845382
      vertex -48.08768554031849 -16.415000192821026 28.35720441845382
    endloop
  endfacet
  facet normal 0.8819212741714291 0.47139671844831843 0
    outer loop
      vertex -48.08768554031849 -16.415000192821026 28.170660171779822
      vertex -48.228950560092926 -16.15071191638708 28.170660171779822
      vertex -48.228950560092926 -16.15071191638708 28.35720441845382
    endloop
  endfacet
  facet normal 0 0 1
    outer loop
      vertex -48.44561905413866 -16.29548518359661 28.35720441845382
      vertex -48.08768554031849 -16.415000192821026 28.35720441845382
      vertex -48.228950560092926 -16.15071191638708 28.35720441845382
    endloop
  endfacet
  facet normal 0.7730104346493292 0.6343933069659982 0
    outer loop
      vertex -48.228950560092926 -16.15071191638708 28.170660171779822
      vertex -48.41906131058931 -15.919061310589314 28.170660171779822
      vertex -48.41906131058931 -15.919061310589314 28.35720441845382
    endloop
  endfacet
  facet normal 0 0 1
    outer loop
      vertex -48.79548518359661 -15.94561905413866 28.35720441845382
      vertex -48.603322722017765 -16.103322722017765 28.35720441845382
      vertex -48.41906131058931 -15.919061310589314 28.35720441845382
    endloop
  endfacet
  facet normal 0 0 1
    outer loop
      vertex -48.228950560092926 -16.15071191638708 28.35720441845382
      vertex -48.41906131058931 -15.919061310589314 28.35720441845382
      vertex -48.603322722017765 -16.103322722017765 28.35720441845382
    endloop
  endfacet
  facet normal 0.6343933069659982 0.7730104346493292 0
    outer loop
      vertex -48.65071191638708 -15.728950560092926 28.35720441845382
      vertex -48.41906131058931 -15.919061310589314 28.35720441845382
      vertex -48.41906131058931 -15.919061310589314 28.170660171779822
    endloop
  endfacet
  facet normal 0.6343933069659982 0.7730104346493292 0
    outer loop
      vertex -48.65071191638708 -15.728950560092926 28.170660171779822
      vertex -48.65071191638708 -15.728950560092926 28.35720441845382
      vertex -48.41906131058931 -15.919061310589314 28.170660171779822
    endloop
  endfacet
  facet normal 0.7730104346493292 0.6343933069659982 0
    outer loop
      vertex -48.228950560092926 -16.15071191638708 28.170660171779822
      vertex -48.41906131058931 -15.919061310589314 28.35720441845382
      vertex -48.228950560092926 -16.15071191638708 28.35720441845382
    endloop
  endfacet
  facet normal -0.6343933112487941 -0.7730104311345292 0
    outer loop
      vertex -55.396677277982235 -17.896677277982235 28.495819298766932
      vertex -55.20451481640339 -18.05438094586134 28.35720441845382
      vertex -55.20451481640339 -18.05438094586134 28.495819298766932
    endloop
  endfacet
  facet normal -0.6343933112487941 -0.7730104311345292 0
    outer loop
      vertex -55.396677277982235 -17.896677277982235 28.35720441845382
      vertex -55.20451481640339 -18.05438094586134 28.35720441845382
      vertex -55.396677277982235 -17.896677277982235 28.495819298766932
    endloop
  endfacet
  facet normal -0.8819212778571882 -0.4713967115527474 0
    outer loop
      vertex -55.67156531661749 -17.485278263688087 28.495819298766932
      vertex -55.55438094586134 -17.70451481640339 28.35720441845382
      vertex -55.55438094586134 -17.70451481640339 28.495819298766932
    endloop
  endfacet
  facet normal -0.8819212778571882 -0.4713967115527474 0
    outer loop
      vertex -55.67156531661749 -17.485278263688087 28.35720441845382
      vertex -55.55438094586134 -17.70451481640339 28.35720441845382
      vertex -55.67156531661749 -17.485278263688087 28.495819298766932
    endloop
  endfacet
  facet normal -0.7730104311345292 -0.6343933112487941 0
    outer loop
      vertex -55.396677277982235 -17.896677277982235 28.35720441845382
      vertex -55.55438094586134 -17.70451481640339 28.495819298766932
      vertex -55.55438094586134 -17.70451481640339 28.35720441845382
    endloop
  endfacet
  facet normal -0.7730104311345292 -0.6343933112487941 0
    outer loop
      vertex -55.396677277982235 -17.896677277982235 28.35720441845382
      vertex -55.396677277982235 -17.896677277982235 28.495819298766932
      vertex -55.55438094586134 -17.70451481640339 28.495819298766932
    endloop
  endfacet
  facet normal 0 0 1
    outer loop
      vertex -55.396677277982235 -17.896677277982235 28.495819298766932
      vertex -55.19674199074507 -17.696741990745068 28.495819298766932
      vertex -55.55438094586134 -17.70451481640339 28.495819298766932
    endloop
  endfacet
  facet normal 0 0 1
    outer loop
      vertex -55.55438094586134 -17.70451481640339 28.495819298766932
      vertex -55.19674199074507 -17.696741990745068 28.495819298766932
      vertex -55.31928192079067 -17.547426663339138 28.495819298766932
    endloop
  endfacet
  facet normal 0 0 1
    outer loop
      vertex -55.55438094586134 -17.70451481640339 28.495819298766932
      vertex -55.31928192079067 -17.547426663339138 28.495819298766932
      vertex -55.410337291657925 -17.377074040472507 28.495819298766932
    endloop
  endfacet
  facet normal 0 0 1
    outer loop
      vertex -55.67156531661749 -17.485278263688087 28.495819298766932
      vertex -55.55438094586134 -17.70451481640339 28.495819298766932
      vertex -55.410337291657925 -17.377074040472507 28.495819298766932
    endloop
  endfacet
  facet normal -0.9569403337093894 -0.2902846839228043 0
    outer loop
      vertex -55.67156531661749 -17.485278263688087 28.35720441845382
      vertex -55.67156531661749 -17.485278263688087 28.495819298766932
      vertex -55.74372711777687 -17.24739269167185 28.495819298766932
    endloop
  endfacet
  facet normal -0.9569403337093894 -0.2902846839228043 0
    outer loop
      vertex -55.67156531661749 -17.485278263688087 28.35720441845382
      vertex -55.74372711777687 -17.24739269167185 28.495819298766932
      vertex -55.74372711777687 -17.24739269167185 28.35720441845382
    endloop
  endfacet
  facet normal 0 0 1
    outer loop
      vertex -55.67156531661749 -17.485278263688087 28.495819298766932
      vertex -55.46640891581774 -17.19223067909479 28.495819298766932
      vertex -55.74372711777687 -17.24739269167185 28.495819298766932
    endloop
  endfacet
  facet normal -0.9951847276235303 -0.09801713067050966 0
    outer loop
      vertex -55.74372711777687 -17.24739269167185 28.35720441845382
      vertex -55.74372711777687 -17.24739269167185 28.495819298766932
      vertex -55.768093168735504 -17 28.495819298766932
    endloop
  endfacet
  facet normal -0.9951847276235303 -0.09801713067050966 0
    outer loop
      vertex -55.74372711777687 -17.24739269167185 28.35720441845382
      vertex -55.768093168735504 -17 28.495819298766932
      vertex -55.768093168735504 -17 28.35720441845382
    endloop
  endfacet
  facet normal 0 0 1
    outer loop
      vertex -55.74372711777687 -17.24739269167185 28.495819298766932
      vertex -55.48534198105335 -17 28.495819298766932
      vertex -55.768093168735504 -17 28.495819298766932
    endloop
  endfacet
  facet normal 0 0 1
    outer loop
      vertex -55.67156531661749 -17.485278263688087 28.495819298766932
      vertex -55.410337291657925 -17.377074040472507 28.495819298766932
      vertex -55.46640891581774 -17.19223067909479 28.495819298766932
    endloop
  endfacet
  facet normal 0 0 1
    outer loop
      vertex -55.74372711777687 -17.24739269167185 28.495819298766932
      vertex -55.46640891581774 -17.19223067909479 28.495819298766932
      vertex -55.48534198105335 -17 28.495819298766932
    endloop
  endfacet
  facet normal -0.4713967115527474 -0.8819212778571882 0
    outer loop
      vertex -54.98527826368809 -18.17156531661749 28.35720441845382
      vertex -55.20451481640339 -18.05438094586134 28.495819298766932
      vertex -55.20451481640339 -18.05438094586134 28.35720441845382
    endloop
  endfacet
  facet normal -0.4713967115527474 -0.8819212778571882 0
    outer loop
      vertex -54.98527826368809 -18.17156531661749 28.35720441845382
      vertex -54.98527826368809 -18.17156531661749 28.495819298766932
      vertex -55.20451481640339 -18.05438094586134 28.495819298766932
    endloop
  endfacet
  facet normal 0 0 1
    outer loop
      vertex -55.396677277982235 -17.896677277982235 28.495819298766932
      vertex -55.20451481640339 -18.05438094586134 28.495819298766932
      vertex -55.04742666333914 -17.819281920790672 28.495819298766932
    endloop
  endfacet
  facet normal 0 0 1
    outer loop
      vertex -55.20451481640339 -18.05438094586134 28.495819298766932
      vertex -54.69223068654537 -17.966408908367157 28.495819298766932
      vertex -54.87707404047251 -17.910337291657925 28.495819298766932
    endloop
  endfacet
  facet normal 0 0 1
    outer loop
      vertex -55.20451481640339 -18.05438094586134 28.495819298766932
      vertex -54.87707404047251 -17.910337291657925 28.495819298766932
      vertex -55.04742666333914 -17.819281920790672 28.495819298766932
    endloop
  endfacet
  facet normal -0.2902846839228043 -0.9569403337093894 0
    outer loop
      vertex -54.98527826368809 -18.17156531661749 28.35720441845382
      vertex -54.74739269167185 -18.24372711777687 28.35720441845382
      vertex -54.98527826368809 -18.17156531661749 28.495819298766932
    endloop
  endfacet
  facet normal -0.2902846839228043 -0.9569403337093894 0
    outer loop
      vertex -54.98527826368809 -18.17156531661749 28.495819298766932
      vertex -54.74739269167185 -18.24372711777687 28.35720441845382
      vertex -54.74739269167185 -18.24372711777687 28.495819298766932
    endloop
  endfacet
  facet normal -0.09801716251478657 -0.9951847244871426 0
    outer loop
      vertex -54.74739269167185 -18.24372711777687 28.35720441845382
      vertex -54.439771682024 -18.27402514964342 28.35720441845382
      vertex -54.74739269167185 -18.24372711777687 28.495819298766932
    endloop
  endfacet
  facet normal 0 0 1
    outer loop
      vertex -55.20451481640339 -18.05438094586134 28.495819298766932
      vertex -54.42594783753157 -17.992635488510132 28.495819298766932
      vertex -54.69223068654537 -17.966408908367157 28.495819298766932
    endloop
  endfacet
  facet normal -0.09801716251478657 -0.9951847244871426 0
    outer loop
      vertex -54.74739269167185 -18.24372711777687 28.495819298766932
      vertex -54.439771682024 -18.27402514964342 28.35720441845382
      vertex -54.439771682024 -18.27402514964342 28.495819298766932
    endloop
  endfacet
  facet normal 0 0 1
    outer loop
      vertex -55.396677277982235 -17.896677277982235 28.495819298766932
      vertex -55.04742666333914 -17.819281920790672 28.495819298766932
      vertex -55.19674199074507 -17.696741990745068 28.495819298766932
    endloop
  endfacet
  facet normal 0 0 1
    outer loop
      vertex -54.98527826368809 -18.17156531661749 28.495819298766932
      vertex -48.79548518359661 -18.05438094586134 28.495819298766932
      vertex -55.20451481640339 -18.05438094586134 28.495819298766932
    endloop
  endfacet
  facet normal 0 -1 0
    outer loop
      vertex -54.439771682024 -18.27402514964342 28.35720441845382
      vertex -49.560228317976 -18.27402514964342 28.35720441845382
      vertex -54.439771682024 -18.27402514964342 28.495819298766932
    endloop
  endfacet
  facet normal 0 0 1
    outer loop
      vertex -54.98527826368809 -18.17156531661749 28.495819298766932
      vertex -54.74739269167185 -18.24372711777687 28.495819298766932
      vertex -49.01472173631191 -18.17156531661749 28.495819298766932
    endloop
  endfacet
  facet normal 0 0 1
    outer loop
      vertex -54.74739269167185 -18.24372711777687 28.495819298766932
      vertex -54.439771682024 -18.27402514964342 28.495819298766932
      vertex -49.25260730832815 -18.24372711777687 28.495819298766932
    endloop
  endfacet
  facet normal 0 0 1
    outer loop
      vertex -55.20451481640339 -18.05438094586134 28.495819298766932
      vertex -48.79548518359661 -18.05438094586134 28.495819298766932
      vertex -54.42594783753157 -17.992635488510132 28.495819298766932
    endloop
  endfacet
  facet normal -0.9951847276235303 0.09801713067050966 0
    outer loop
      vertex -55.768093168735504 -17 28.35720441845382
      vertex -55.768093168735504 -17 28.495819298766932
      vertex -55.74372711777687 -16.75260730832815 28.495819298766932
    endloop
  endfacet
  facet normal -0.9951847276235303 0.09801713067050966 0
    outer loop
      vertex -55.768093168735504 -17 28.35720441845382
      vertex -55.74372711777687 -16.75260730832815 28.495819298766932
      vertex -55.74372711777687 -16.75260730832815 28.35720441845382
    endloop
  endfacet
  facet normal 0 0 1
    outer loop
      vertex -55.768093168735504 -17 28.495819298766932
      vertex -55.46640891581774 -16.80776932090521 28.495819298766932
      vertex -55.74372711777687 -16.75260730832815 28.495819298766932
    endloop
  endfacet
  facet normal -0.9569403337093894 0.2902846839228043 0
    outer loop
      vertex -55.74372711777687 -16.75260730832815 28.35720441845382
      vertex -55.74372711777687 -16.75260730832815 28.495819298766932
      vertex -55.67156531661749 -16.514721736311913 28.495819298766932
    endloop
  endfacet
  facet normal -0.9569403337093894 0.2902846839228043 0
    outer loop
      vertex -55.74372711777687 -16.75260730832815 28.35720441845382
      vertex -55.67156531661749 -16.514721736311913 28.495819298766932
      vertex -55.67156531661749 -16.514721736311913 28.35720441845382
    endloop
  endfacet
  facet normal 0 0 1
    outer loop
      vertex -55.74372711777687 -16.75260730832815 28.495819298766932
      vertex -55.410337291657925 -16.622925959527493 28.495819298766932
      vertex -55.67156531661749 -16.514721736311913 28.495819298766932
    endloop
  endfacet
  facet normal 0 0 1
    outer loop
      vertex -55.768093168735504 -17 28.495819298766932
      vertex -55.48534198105335 -17 28.495819298766932
      vertex -55.46640891581774 -16.80776932090521 28.495819298766932
    endloop
  endfacet
  facet normal 0 0 1
    outer loop
      vertex -55.74372711777687 -16.75260730832815 28.495819298766932
      vertex -55.46640891581774 -16.80776932090521 28.495819298766932
      vertex -55.410337291657925 -16.622925959527493 28.495819298766932
    endloop
  endfacet
  facet normal -0.8819212778571882 0.4713967115527474 0
    outer loop
      vertex -55.67156531661749 -16.514721736311913 28.35720441845382
      vertex -55.67156531661749 -16.514721736311913 28.495819298766932
      vertex -55.55438094586134 -16.29548518359661 28.495819298766932
    endloop
  endfacet
  facet normal -0.8819212778571882 0.4713967115527474 0
    outer loop
      vertex -55.67156531661749 -16.514721736311913 28.35720441845382
      vertex -55.55438094586134 -16.29548518359661 28.495819298766932
      vertex -55.55438094586134 -16.29548518359661 28.35720441845382
    endloop
  endfacet
  facet normal 0 0 1
    outer loop
      vertex -55.410337291657925 -16.622925959527493 28.495819298766932
      vertex -55.31928192079067 -16.452573336660862 28.495819298766932
      vertex -55.67156531661749 -16.514721736311913 28.495819298766932
    endloop
  endfacet
  facet normal 0 0 1
    outer loop
      vertex -55.67156531661749 -16.514721736311913 28.495819298766932
      vertex -55.31928192079067 -16.452573336660862 28.495819298766932
      vertex -55.55438094586134 -16.29548518359661 28.495819298766932
    endloop
  endfacet
  facet normal -0.7730104311345292 0.6343933112487941 0
    outer loop
      vertex -55.55438094586134 -16.29548518359661 28.35720441845382
      vertex -55.55438094586134 -16.29548518359661 28.495819298766932
      vertex -55.396677277982235 -16.103322722017765 28.495819298766932
    endloop
  endfacet
  facet normal -0.7730104311345292 0.6343933112487941 0
    outer loop
      vertex -55.55438094586134 -16.29548518359661 28.35720441845382
      vertex -55.396677277982235 -16.103322722017765 28.495819298766932
      vertex -55.396677277982235 -16.103322722017765 28.35720441845382
    endloop
  endfacet
  facet normal 0 0 1
    outer loop
      vertex -55.31928192079067 -16.452573336660862 28.495819298766932
      vertex -55.19674199074507 -16.303258009254932 28.495819298766932
      vertex -55.55438094586134 -16.29548518359661 28.495819298766932
    endloop
  endfacet
  facet normal 0 0 1
    outer loop
      vertex -55.55438094586134 -16.29548518359661 28.495819298766932
      vertex -55.19674199074507 -16.303258009254932 28.495819298766932
      vertex -55.04742666333914 -16.180718079209328 28.495819298766932
    endloop
  endfacet
  facet normal 0 0 1
    outer loop
      vertex -55.55438094586134 -16.29548518359661 28.495819298766932
      vertex -55.04742666333914 -16.180718079209328 28.495819298766932
      vertex -55.396677277982235 -16.103322722017765 28.495819298766932
    endloop
  endfacet
  facet normal -0.6343933112487941 0.7730104311345292 0
    outer loop
      vertex -55.396677277982235 -16.103322722017765 28.35720441845382
      vertex -55.396677277982235 -16.103322722017765 28.495819298766932
      vertex -55.20451481640339 -15.94561905413866 28.495819298766932
    endloop
  endfacet
  facet normal -0.6343933112487941 0.7730104311345292 0
    outer loop
      vertex -55.396677277982235 -16.103322722017765 28.35720441845382
      vertex -55.20451481640339 -15.94561905413866 28.495819298766932
      vertex -55.20451481640339 -15.94561905413866 28.35720441845382
    endloop
  endfacet
  facet normal 0 0 1
    outer loop
      vertex -55.396677277982235 -16.103322722017765 28.495819298766932
      vertex -55.04742666333914 -16.180718079209328 28.495819298766932
      vertex -54.87707404047251 -16.089662708342075 28.495819298766932
    endloop
  endfacet
  facet normal 0 0 1
    outer loop
      vertex -55.396677277982235 -16.103322722017765 28.495819298766932
      vertex -54.87707404047251 -16.089662708342075 28.495819298766932
      vertex -55.20451481640339 -15.94561905413866 28.495819298766932
    endloop
  endfacet
  facet normal 0 0 1
    outer loop
      vertex -55.20451481640339 -15.94561905413866 28.495819298766932
      vertex -54.87707404047251 -16.089662708342075 28.495819298766932
      vertex -54.69223068654537 -16.033591091632843 28.495819298766932
    endloop
  endfacet
  facet normal -0.4713967115527474 0.8819212778571882 0
    outer loop
      vertex -55.20451481640339 -15.94561905413866 28.35720441845382
      vertex -55.20451481640339 -15.94561905413866 28.495819298766932
      vertex -54.98527826368809 -15.828434683382511 28.495819298766932
    endloop
  endfacet
  facet normal -0.4713967115527474 0.8819212778571882 0
    outer loop
      vertex -55.20451481640339 -15.94561905413866 28.35720441845382
      vertex -54.98527826368809 -15.828434683382511 28.495819298766932
      vertex -54.98527826368809 -15.828434683382511 28.35720441845382
    endloop
  endfacet
  facet normal 0 0 1
    outer loop
      vertex -55.20451481640339 -15.94561905413866 28.495819298766932
      vertex -54.69223068654537 -16.033591091632843 28.495819298766932
      vertex -54.42594783753157 -16.007364511489868 28.495819298766932
    endloop
  endfacet
  facet normal -0.2902846839228043 0.9569403337093894 0
    outer loop
      vertex -54.98527826368809 -15.828434683382511 28.35720441845382
      vertex -54.98527826368809 -15.828434683382511 28.495819298766932
      vertex -54.74739269167185 -15.75627288222313 28.495819298766932
    endloop
  endfacet
  facet normal -0.2902846839228043 0.9569403337093894 0
    outer loop
      vertex -54.98527826368809 -15.828434683382511 28.35720441845382
      vertex -54.74739269167185 -15.75627288222313 28.495819298766932
      vertex -54.74739269167185 -15.75627288222313 28.35720441845382
    endloop
  endfacet
  facet normal -0.09801716251478657 0.9951847244871426 0
    outer loop
      vertex -54.74739269167185 -15.75627288222313 28.35720441845382
      vertex -54.74739269167185 -15.75627288222313 28.495819298766932
      vertex -54.439771682024 -15.725974850356579 28.495819298766932
    endloop
  endfacet
  facet normal -0.09801716251478657 0.9951847244871426 0
    outer loop
      vertex -54.74739269167185 -15.75627288222313 28.35720441845382
      vertex -54.439771682024 -15.725974850356579 28.495819298766932
      vertex -54.439771682024 -15.725974850356579 28.35720441845382
    endloop
  endfacet
  facet normal 0 0 1
    outer loop
      vertex -55.20451481640339 -15.94561905413866 28.495819298766932
      vertex -54.42594783753157 -16.007364511489868 28.495819298766932
      vertex -49.57405216246843 -16.007364511489868 28.495819298766932
    endloop
  endfacet
  facet normal 0 0 1
    outer loop
      vertex -55.20451481640339 -15.94561905413866 28.495819298766932
      vertex -49.01472173631191 -15.828434683382511 28.495819298766932
      vertex -54.98527826368809 -15.828434683382511 28.495819298766932
    endloop
  endfacet
  facet normal 0 0 1
    outer loop
      vertex -54.98527826368809 -15.828434683382511 28.495819298766932
      vertex -49.25260730832815 -15.75627288222313 28.495819298766932
      vertex -54.74739269167185 -15.75627288222313 28.495819298766932
    endloop
  endfacet
  facet normal 0 1 0
    outer loop
      vertex -54.439771682024 -15.725974850356579 28.35720441845382
      vertex -54.439771682024 -15.725974850356579 28.495819298766932
      vertex -49.560228317976 -15.725974850356579 28.495819298766932
    endloop
  endfacet
  facet normal 0 0 1
    outer loop
      vertex -54.74739269167185 -15.75627288222313 28.495819298766932
      vertex -49.560228317976 -15.725974850356579 28.495819298766932
      vertex -54.439771682024 -15.725974850356579 28.495819298766932
    endloop
  endfacet
  facet normal 0 -1 0
    outer loop
      vertex -54.439771682024 -18.27402514964342 28.495819298766932
      vertex -49.560228317976 -18.27402514964342 28.35720441845382
      vertex -49.560228317976 -18.27402514964342 28.495819298766932
    endloop
  endfacet
  facet normal 0 0 1
    outer loop
      vertex -54.439771682024 -18.27402514964342 28.495819298766932
      vertex -49.560228317976 -18.27402514964342 28.495819298766932
      vertex -49.25260730832815 -18.24372711777687 28.495819298766932
    endloop
  endfacet
  facet normal 0 0 1
    outer loop
      vertex -54.74739269167185 -18.24372711777687 28.495819298766932
      vertex -49.25260730832815 -18.24372711777687 28.495819298766932
      vertex -49.01472173631191 -18.17156531661749 28.495819298766932
    endloop
  endfacet
  facet normal 0 0 1
    outer loop
      vertex -54.98527826368809 -18.17156531661749 28.495819298766932
      vertex -49.01472173631191 -18.17156531661749 28.495819298766932
      vertex -48.79548518359661 -18.05438094586134 28.495819298766932
    endloop
  endfacet
  facet normal 0 0 1
    outer loop
      vertex -54.42594783753157 -17.992635488510132 28.495819298766932
      vertex -48.79548518359661 -18.05438094586134 28.495819298766932
      vertex -49.57405216246843 -17.992635488510132 28.495819298766932
    endloop
  endfacet
  facet normal 0.09801716251478657 -0.9951847244871426 0
    outer loop
      vertex -49.560228317976 -18.27402514964342 28.35720441845382
      vertex -49.25260730832815 -18.24372711777687 28.35720441845382
      vertex -49.560228317976 -18.27402514964342 28.495819298766932
    endloop
  endfacet
  facet normal 0.09801716251478657 -0.9951847244871426 0
    outer loop
      vertex -49.560228317976 -18.27402514964342 28.495819298766932
      vertex -49.25260730832815 -18.24372711777687 28.35720441845382
      vertex -49.25260730832815 -18.24372711777687 28.495819298766932
    endloop
  endfacet
  facet normal 0.2902846839228043 -0.9569403337093894 0
    outer loop
      vertex -49.25260730832815 -18.24372711777687 28.35720441845382
      vertex -49.01472173631191 -18.17156531661749 28.35720441845382
      vertex -49.25260730832815 -18.24372711777687 28.495819298766932
    endloop
  endfacet
  facet normal 0.2902846839228043 -0.9569403337093894 0
    outer loop
      vertex -49.25260730832815 -18.24372711777687 28.495819298766932
      vertex -49.01472173631191 -18.17156531661749 28.35720441845382
      vertex -49.01472173631191 -18.17156531661749 28.495819298766932
    endloop
  endfacet
  facet normal 0 0 1
    outer loop
      vertex -49.57405216246843 -17.992635488510132 28.495819298766932
      vertex -48.79548518359661 -18.05438094586134 28.495819298766932
      vertex -49.30776931345463 -17.966408908367157 28.495819298766932
    endloop
  endfacet
  facet normal 0 0 1
    outer loop
      vertex -49.30776931345463 -17.966408908367157 28.495819298766932
      vertex -48.79548518359661 -18.05438094586134 28.495819298766932
      vertex -49.12292595952749 -17.910337291657925 28.495819298766932
    endloop
  endfacet
  facet normal 0.4713967115527474 -0.8819212778571882 0
    outer loop
      vertex -49.01472173631191 -18.17156531661749 28.35720441845382
      vertex -48.79548518359661 -18.05438094586134 28.35720441845382
      vertex -49.01472173631191 -18.17156531661749 28.495819298766932
    endloop
  endfacet
  facet normal 0.4713967115527474 -0.8819212778571882 0
    outer loop
      vertex -49.01472173631191 -18.17156531661749 28.495819298766932
      vertex -48.79548518359661 -18.05438094586134 28.35720441845382
      vertex -48.79548518359661 -18.05438094586134 28.495819298766932
    endloop
  endfacet
  facet normal 0 0 1
    outer loop
      vertex -49.12292595952749 -17.910337291657925 28.495819298766932
      vertex -48.603322722017765 -17.896677277982235 28.495819298766932
      vertex -48.95257333666086 -17.819281920790672 28.495819298766932
    endloop
  endfacet
  facet normal 0 0 1
    outer loop
      vertex -49.12292595952749 -17.910337291657925 28.495819298766932
      vertex -48.79548518359661 -18.05438094586134 28.495819298766932
      vertex -48.603322722017765 -17.896677277982235 28.495819298766932
    endloop
  endfacet
  facet normal 0.6343933112487941 -0.7730104311345292 0
    outer loop
      vertex -48.79548518359661 -18.05438094586134 28.35720441845382
      vertex -48.603322722017765 -17.896677277982235 28.35720441845382
      vertex -48.79548518359661 -18.05438094586134 28.495819298766932
    endloop
  endfacet
  facet normal 0.6343933112487941 -0.7730104311345292 0
    outer loop
      vertex -48.79548518359661 -18.05438094586134 28.495819298766932
      vertex -48.603322722017765 -17.896677277982235 28.35720441845382
      vertex -48.603322722017765 -17.896677277982235 28.495819298766932
    endloop
  endfacet
  facet normal 0 0 1
    outer loop
      vertex -48.95257333666086 -17.819281920790672 28.495819298766932
      vertex -48.603322722017765 -17.896677277982235 28.495819298766932
      vertex -48.44561905413866 -17.70451481640339 28.495819298766932
    endloop
  endfacet
  facet normal 0 0 1
    outer loop
      vertex -48.95257333666086 -17.819281920790672 28.495819298766932
      vertex -48.44561905413866 -17.70451481640339 28.495819298766932
      vertex -48.80325800925493 -17.696741990745068 28.495819298766932
    endloop
  endfacet
  facet normal 0 0 1
    outer loop
      vertex -48.80325800925493 -17.696741990745068 28.495819298766932
      vertex -48.44561905413866 -17.70451481640339 28.495819298766932
      vertex -48.68071807920933 -17.547426663339138 28.495819298766932
    endloop
  endfacet
  facet normal 0.7730104311345292 -0.6343933112487941 0
    outer loop
      vertex -48.603322722017765 -17.896677277982235 28.35720441845382
      vertex -48.44561905413866 -17.70451481640339 28.35720441845382
      vertex -48.603322722017765 -17.896677277982235 28.495819298766932
    endloop
  endfacet
  facet normal 0.7730104311345292 -0.6343933112487941 0
    outer loop
      vertex -48.603322722017765 -17.896677277982235 28.495819298766932
      vertex -48.44561905413866 -17.70451481640339 28.35720441845382
      vertex -48.44561905413866 -17.70451481640339 28.495819298766932
    endloop
  endfacet
  facet normal 0 0 1
    outer loop
      vertex -48.68071807920933 -17.547426663339138 28.495819298766932
      vertex -48.44561905413866 -17.70451481640339 28.495819298766932
      vertex -48.32843468338251 -17.485278263688087 28.495819298766932
    endloop
  endfacet
  facet normal 0 0 1
    outer loop
      vertex -48.68071807920933 -17.547426663339138 28.495819298766932
      vertex -48.32843468338251 -17.485278263688087 28.495819298766932
      vertex -48.589662708342075 -17.377074040472507 28.495819298766932
    endloop
  endfacet
  facet normal 0.8819212778571882 -0.4713967115527474 0
    outer loop
      vertex -48.44561905413866 -17.70451481640339 28.35720441845382
      vertex -48.32843468338251 -17.485278263688087 28.35720441845382
      vertex -48.44561905413866 -17.70451481640339 28.495819298766932
    endloop
  endfacet
  facet normal 0.8819212778571882 -0.4713967115527474 0
    outer loop
      vertex -48.44561905413866 -17.70451481640339 28.495819298766932
      vertex -48.32843468338251 -17.485278263688087 28.35720441845382
      vertex -48.32843468338251 -17.485278263688087 28.495819298766932
    endloop
  endfacet
  facet normal 0.9569403337093894 -0.2902846839228043 0
    outer loop
      vertex -48.32843468338251 -17.485278263688087 28.35720441845382
      vertex -48.25627288222313 -17.24739269167185 28.35720441845382
      vertex -48.32843468338251 -17.485278263688087 28.495819298766932
    endloop
  endfacet
  facet normal 0 0 1
    outer loop
      vertex -48.32843468338251 -17.485278263688087 28.495819298766932
      vertex -48.25627288222313 -17.24739269167185 28.495819298766932
      vertex -48.589662708342075 -17.377074040472507 28.495819298766932
    endloop
  endfacet
  facet normal 0 0 1
    outer loop
      vertex -48.589662708342075 -17.377074040472507 28.495819298766932
      vertex -48.25627288222313 -17.24739269167185 28.495819298766932
      vertex -48.53359108418226 -17.19223067909479 28.495819298766932
    endloop
  endfacet
  facet normal 0 0 1
    outer loop
      vertex -48.53359108418226 -17.19223067909479 28.495819298766932
      vertex -48.25627288222313 -17.24739269167185 28.495819298766932
      vertex -48.231906831264496 -17 28.495819298766932
    endloop
  endfacet
  facet normal 0 0 1
    outer loop
      vertex -48.53359108418226 -17.19223067909479 28.495819298766932
      vertex -48.231906831264496 -17 28.495819298766932
      vertex -48.51465801894665 -17 28.495819298766932
    endloop
  endfacet
  facet normal 0.9569403337093894 -0.2902846839228043 0
    outer loop
      vertex -48.32843468338251 -17.485278263688087 28.495819298766932
      vertex -48.25627288222313 -17.24739269167185 28.35720441845382
      vertex -48.25627288222313 -17.24739269167185 28.495819298766932
    endloop
  endfacet
  facet normal 0.9951847276235303 -0.09801713067050966 0
    outer loop
      vertex -48.25627288222313 -17.24739269167185 28.35720441845382
      vertex -48.231906831264496 -17 28.35720441845382
      vertex -48.25627288222313 -17.24739269167185 28.495819298766932
    endloop
  endfacet
  facet normal 0.9951847276235303 -0.09801713067050966 0
    outer loop
      vertex -48.25627288222313 -17.24739269167185 28.495819298766932
      vertex -48.231906831264496 -17 28.35720441845382
      vertex -48.231906831264496 -17 28.495819298766932
    endloop
  endfacet
  facet normal 0 0 1
    outer loop
      vertex -55.20451481640339 -15.94561905413866 28.495819298766932
      vertex -49.57405216246843 -16.007364511489868 28.495819298766932
      vertex -48.79548518359661 -15.94561905413866 28.495819298766932
    endloop
  endfacet
  facet normal 0 1 0
    outer loop
      vertex -54.439771682024 -15.725974850356579 28.35720441845382
      vertex -49.560228317976 -15.725974850356579 28.495819298766932
      vertex -49.560228317976 -15.725974850356579 28.35720441845382
    endloop
  endfacet
  facet normal 0 0 1
    outer loop
      vertex -54.74739269167185 -15.75627288222313 28.495819298766932
      vertex -49.25260730832815 -15.75627288222313 28.495819298766932
      vertex -49.560228317976 -15.725974850356579 28.495819298766932
    endloop
  endfacet
  facet normal 0 0 1
    outer loop
      vertex -55.20451481640339 -15.94561905413866 28.495819298766932
      vertex -48.79548518359661 -15.94561905413866 28.495819298766932
      vertex -49.01472173631191 -15.828434683382511 28.495819298766932
    endloop
  endfacet
  facet normal 0 0 1
    outer loop
      vertex -54.98527826368809 -15.828434683382511 28.495819298766932
      vertex -49.01472173631191 -15.828434683382511 28.495819298766932
      vertex -49.25260730832815 -15.75627288222313 28.495819298766932
    endloop
  endfacet
  facet normal 0 0 1
    outer loop
      vertex -48.68071807920933 -16.452573336660862 28.495819298766932
      vertex -48.44561905413866 -16.29548518359661 28.495819298766932
      vertex -48.80325800925493 -16.303258009254932 28.495819298766932
    endloop
  endfacet
  facet normal 0 0 1
    outer loop
      vertex -48.80325800925493 -16.303258009254932 28.495819298766932
      vertex -48.603322722017765 -16.103322722017765 28.495819298766932
      vertex -48.95257333666086 -16.180718079209328 28.495819298766932
    endloop
  endfacet
  facet normal 0.09801716251478657 0.9951847244871426 0
    outer loop
      vertex -49.560228317976 -15.725974850356579 28.35720441845382
      vertex -49.560228317976 -15.725974850356579 28.495819298766932
      vertex -49.25260730832815 -15.75627288222313 28.495819298766932
    endloop
  endfacet
  facet normal 0.09801716251478657 0.9951847244871426 0
    outer loop
      vertex -49.560228317976 -15.725974850356579 28.35720441845382
      vertex -49.25260730832815 -15.75627288222313 28.495819298766932
      vertex -49.25260730832815 -15.75627288222313 28.35720441845382
    endloop
  endfacet
  facet normal 0 0 1
    outer loop
      vertex -49.57405216246843 -16.007364511489868 28.495819298766932
      vertex -49.30776931345463 -16.033591091632843 28.495819298766932
      vertex -48.79548518359661 -15.94561905413866 28.495819298766932
    endloop
  endfacet
  facet normal 0 0 1
    outer loop
      vertex -48.95257333666086 -16.180718079209328 28.495819298766932
      vertex -48.79548518359661 -15.94561905413866 28.495819298766932
      vertex -49.12292595952749 -16.089662708342075 28.495819298766932
    endloop
  endfacet
  facet normal 0 0 1
    outer loop
      vertex -49.30776931345463 -16.033591091632843 28.495819298766932
      vertex -49.12292595952749 -16.089662708342075 28.495819298766932
      vertex -48.79548518359661 -15.94561905413866 28.495819298766932
    endloop
  endfacet
  facet normal 0.2902846839228043 0.9569403337093894 0
    outer loop
      vertex -49.25260730832815 -15.75627288222313 28.35720441845382
      vertex -49.25260730832815 -15.75627288222313 28.495819298766932
      vertex -49.01472173631191 -15.828434683382511 28.495819298766932
    endloop
  endfacet
  facet normal 0.2902846839228043 0.9569403337093894 0
    outer loop
      vertex -49.25260730832815 -15.75627288222313 28.35720441845382
      vertex -49.01472173631191 -15.828434683382511 28.495819298766932
      vertex -49.01472173631191 -15.828434683382511 28.35720441845382
    endloop
  endfacet
  facet normal 0.6343933112487941 0.7730104311345292 0
    outer loop
      vertex -48.79548518359661 -15.94561905413866 28.35720441845382
      vertex -48.603322722017765 -16.103322722017765 28.495819298766932
      vertex -48.603322722017765 -16.103322722017765 28.35720441845382
    endloop
  endfacet
  facet normal 0 0 1
    outer loop
      vertex -48.95257333666086 -16.180718079209328 28.495819298766932
      vertex -48.603322722017765 -16.103322722017765 28.495819298766932
      vertex -48.79548518359661 -15.94561905413866 28.495819298766932
    endloop
  endfacet
  facet normal 0.6343933112487941 0.7730104311345292 0
    outer loop
      vertex -48.79548518359661 -15.94561905413866 28.35720441845382
      vertex -48.79548518359661 -15.94561905413866 28.495819298766932
      vertex -48.603322722017765 -16.103322722017765 28.495819298766932
    endloop
  endfacet
  facet normal 0.4713967115527474 0.8819212778571882 0
    outer loop
      vertex -49.01472173631191 -15.828434683382511 28.35720441845382
      vertex -49.01472173631191 -15.828434683382511 28.495819298766932
      vertex -48.79548518359661 -15.94561905413866 28.495819298766932
    endloop
  endfacet
  facet normal 0.4713967115527474 0.8819212778571882 0
    outer loop
      vertex -49.01472173631191 -15.828434683382511 28.35720441845382
      vertex -48.79548518359661 -15.94561905413866 28.495819298766932
      vertex -48.79548518359661 -15.94561905413866 28.35720441845382
    endloop
  endfacet
  facet normal 0 0 1
    outer loop
      vertex -48.51465801894665 -17 28.495819298766932
      vertex -48.231906831264496 -17 28.495819298766932
      vertex -48.25627288222313 -16.75260730832815 28.495819298766932
    endloop
  endfacet
  facet normal 0 0 1
    outer loop
      vertex -48.51465801894665 -17 28.495819298766932
      vertex -48.25627288222313 -16.75260730832815 28.495819298766932
      vertex -48.53359108418226 -16.80776932090521 28.495819298766932
    endloop
  endfacet
  facet normal 0 0 1
    outer loop
      vertex -48.53359108418226 -16.80776932090521 28.495819298766932
      vertex -48.32843468338251 -16.514721736311913 28.495819298766932
      vertex -48.589662708342075 -16.622925959527493 28.495819298766932
    endloop
  endfacet
  facet normal 0 0 1
    outer loop
      vertex -48.53359108418226 -16.80776932090521 28.495819298766932
      vertex -48.25627288222313 -16.75260730832815 28.495819298766932
      vertex -48.32843468338251 -16.514721736311913 28.495819298766932
    endloop
  endfacet
  facet normal 0.9569403337093894 0.2902846839228043 0
    outer loop
      vertex -48.25627288222313 -16.75260730832815 28.495819298766932
      vertex -48.32843468338251 -16.514721736311913 28.35720441845382
      vertex -48.32843468338251 -16.514721736311913 28.495819298766932
    endloop
  endfacet
  facet normal 0.9951847276235303 0.09801713067050966 0
    outer loop
      vertex -48.231906831264496 -17 28.35720441845382
      vertex -48.25627288222313 -16.75260730832815 28.35720441845382
      vertex -48.231906831264496 -17 28.495819298766932
    endloop
  endfacet
  facet normal 0.9951847276235303 0.09801713067050966 0
    outer loop
      vertex -48.231906831264496 -17 28.495819298766932
      vertex -48.25627288222313 -16.75260730832815 28.35720441845382
      vertex -48.25627288222313 -16.75260730832815 28.495819298766932
    endloop
  endfacet
  facet normal 0.9569403337093894 0.2902846839228043 0
    outer loop
      vertex -48.25627288222313 -16.75260730832815 28.35720441845382
      vertex -48.32843468338251 -16.514721736311913 28.35720441845382
      vertex -48.25627288222313 -16.75260730832815 28.495819298766932
    endloop
  endfacet
  facet normal 0 0 1
    outer loop
      vertex -48.68071807920933 -16.452573336660862 28.495819298766932
      vertex -48.589662708342075 -16.622925959527493 28.495819298766932
      vertex -48.44561905413866 -16.29548518359661 28.495819298766932
    endloop
  endfacet
  facet normal 0 0 1
    outer loop
      vertex -48.589662708342075 -16.622925959527493 28.495819298766932
      vertex -48.32843468338251 -16.514721736311913 28.495819298766932
      vertex -48.44561905413866 -16.29548518359661 28.495819298766932
    endloop
  endfacet
  facet normal 0.8819212778571882 0.4713967115527474 0
    outer loop
      vertex -48.32843468338251 -16.514721736311913 28.495819298766932
      vertex -48.44561905413866 -16.29548518359661 28.35720441845382
      vertex -48.44561905413866 -16.29548518359661 28.495819298766932
    endloop
  endfacet
  facet normal 0.8819212778571882 0.4713967115527474 0
    outer loop
      vertex -48.32843468338251 -16.514721736311913 28.35720441845382
      vertex -48.44561905413866 -16.29548518359661 28.35720441845382
      vertex -48.32843468338251 -16.514721736311913 28.495819298766932
    endloop
  endfacet
  facet normal 0.7730104311345292 0.6343933112487941 0
    outer loop
      vertex -48.44561905413866 -16.29548518359661 28.495819298766932
      vertex -48.603322722017765 -16.103322722017765 28.35720441845382
      vertex -48.603322722017765 -16.103322722017765 28.495819298766932
    endloop
  endfacet
  facet normal 0.7730104311345292 0.6343933112487941 0
    outer loop
      vertex -48.44561905413866 -16.29548518359661 28.35720441845382
      vertex -48.603322722017765 -16.103322722017765 28.35720441845382
      vertex -48.44561905413866 -16.29548518359661 28.495819298766932
    endloop
  endfacet
  facet normal 0 0 1
    outer loop
      vertex -48.80325800925493 -16.303258009254932 28.495819298766932
      vertex -48.44561905413866 -16.29548518359661 28.495819298766932
      vertex -48.603322722017765 -16.103322722017765 28.495819298766932
    endloop
  endfacet
  facet normal -0.7730104338194161 -0.63439330797725 0
    outer loop
      vertex -55.31928192079067 -17.547426663339138 28.495819298766932
      vertex -55.19674199074507 -17.696741990745068 28.581177920604848
      vertex -55.31928192079067 -17.547426663339138 28.581177920604848
    endloop
  endfacet
  facet normal -0.8819212710061689 -0.4713967243701037 0
    outer loop
      vertex -55.31928192079067 -17.547426663339138 28.495819298766932
      vertex -55.31928192079067 -17.547426663339138 28.581177920604848
      vertex -55.410337291657925 -17.377074040472507 28.495819298766932
    endloop
  endfacet
  facet normal -0.8819212710061689 -0.4713967243701037 0
    outer loop
      vertex -55.31928192079067 -17.547426663339138 28.581177920604848
      vertex -55.410337291657925 -17.377074040472507 28.581177920604848
      vertex -55.410337291657925 -17.377074040472507 28.495819298766932
    endloop
  endfacet
  facet normal 0 0 1
    outer loop
      vertex -55.31928192079067 -17.547426663339138 28.581177920604848
      vertex -55.074787102639675 -17.384060449898243 28.581177920604848
      vertex -55.410337291657925 -17.377074040472507 28.581177920604848
    endloop
  endfacet
  facet normal -0.9569403307002158 -0.2902846938427201 0
    outer loop
      vertex -55.410337291657925 -17.377074040472507 28.495819298766932
      vertex -55.410337291657925 -17.377074040472507 28.581177920604848
      vertex -55.46640891581774 -17.19223067909479 28.495819298766932
    endloop
  endfacet
  facet normal -0.9569403307002158 -0.2902846938427201 0
    outer loop
      vertex -55.410337291657925 -17.377074040472507 28.581177920604848
      vertex -55.46640891581774 -17.19223067909479 28.581177920604848
      vertex -55.46640891581774 -17.19223067909479 28.495819298766932
    endloop
  endfacet
  facet normal 0 0 1
    outer loop
      vertex -55.410337291657925 -17.377074040472507 28.581177920604848
      vertex -55.138669192790985 -17.26454544812441 28.581177920604848
      vertex -55.46640891581774 -17.19223067909479 28.581177920604848
    endloop
  endfacet
  facet normal -0.995184728751124 -0.09801711922185662 0
    outer loop
      vertex -55.46640891581774 -17.19223067909479 28.495819298766932
      vertex -55.46640891581774 -17.19223067909479 28.581177920604848
      vertex -55.48534198105335 -17 28.495819298766932
    endloop
  endfacet
  facet normal -0.995184728751124 -0.09801711922185662 0
    outer loop
      vertex -55.46640891581774 -17.19223067909479 28.581177920604848
      vertex -55.48534198105335 -17 28.581177920604848
      vertex -55.48534198105335 -17 28.495819298766932
    endloop
  endfacet
  facet normal 0 0 1
    outer loop
      vertex -55.46640891581774 -17.19223067909479 28.581177920604848
      vertex -55.17800761014223 -17.13486409187317 28.581177920604848
      vertex -55.48534198105335 -17 28.581177920604848
    endloop
  endfacet
  facet normal 0 0 1
    outer loop
      vertex -55.46640891581774 -17.19223067909479 28.581177920604848
      vertex -55.138669192790985 -17.26454544812441 28.581177920604848
      vertex -55.17800761014223 -17.13486409187317 28.581177920604848
    endloop
  endfacet
  facet normal 0 0 1
    outer loop
      vertex -55.17800761014223 -17.13486409187317 28.581177920604848
      vertex -55.19129055738449 -17 28.581177920604848
      vertex -55.48534198105335 -17 28.581177920604848
    endloop
  endfacet
  facet normal -0.4713967243701037 -0.8819212710061689 0
    outer loop
      vertex -54.87707404047251 -17.910337291657925 28.495819298766932
      vertex -54.87707404047251 -17.910337291657925 28.581177920604848
      vertex -55.04742666333914 -17.819281920790672 28.495819298766932
    endloop
  endfacet
  facet normal -0.2902846692357833 -0.9569403381646485 0
    outer loop
      vertex -54.87707404047251 -17.910337291657925 28.495819298766932
      vertex -54.69223068654537 -17.966408908367157 28.581177920604848
      vertex -54.87707404047251 -17.910337291657925 28.581177920604848
    endloop
  endfacet
  facet normal -0.09801717236036177 -0.9951847235174378 0
    outer loop
      vertex -54.69223068654537 -17.966408908367157 28.495819298766932
      vertex -54.42594783753157 -17.992635488510132 28.581177920604848
      vertex -54.69223068654537 -17.966408908367157 28.581177920604848
    endloop
  endfacet
  facet normal -0.2902846692357833 -0.9569403381646485 0
    outer loop
      vertex -54.87707404047251 -17.910337291657925 28.495819298766932
      vertex -54.69223068654537 -17.966408908367157 28.495819298766932
      vertex -54.69223068654537 -17.966408908367157 28.581177920604848
    endloop
  endfacet
  facet normal -0.09801717236036177 -0.9951847235174378 0
    outer loop
      vertex -54.69223068654537 -17.966408908367157 28.495819298766932
      vertex -54.42594783753157 -17.992635488510132 28.495819298766932
      vertex -54.42594783753157 -17.992635488510132 28.581177920604848
    endloop
  endfacet
  facet normal -0.63439330797725 -0.7730104338194161 0
    outer loop
      vertex -55.19674199074507 -17.696741990745068 28.495819298766932
      vertex -55.04742666333914 -17.819281920790672 28.495819298766932
      vertex -55.04742666333914 -17.819281920790672 28.581177920604848
    endloop
  endfacet
  facet normal -0.7730104338194161 -0.63439330797725 0
    outer loop
      vertex -55.31928192079067 -17.547426663339138 28.495819298766932
      vertex -55.19674199074507 -17.696741990745068 28.495819298766932
      vertex -55.19674199074507 -17.696741990745068 28.581177920604848
    endloop
  endfacet
  facet normal -0.63439330797725 -0.7730104338194161 0
    outer loop
      vertex -55.19674199074507 -17.696741990745068 28.495819298766932
      vertex -55.04742666333914 -17.819281920790672 28.581177920604848
      vertex -55.19674199074507 -17.696741990745068 28.581177920604848
    endloop
  endfacet
  facet normal -0.4713967243701037 -0.8819212710061689 0
    outer loop
      vertex -54.87707404047251 -17.910337291657925 28.581177920604848
      vertex -55.04742666333914 -17.819281920790672 28.581177920604848
      vertex -55.04742666333914 -17.819281920790672 28.495819298766932
    endloop
  endfacet
  facet normal 0 0 1
    outer loop
      vertex -55.31928192079067 -17.547426663339138 28.581177920604848
      vertex -55.19674199074507 -17.696741990745068 28.581177920604848
      vertex -54.88406044989824 -17.574787102639675 28.581177920604848
    endloop
  endfacet
  facet normal 0 0 1
    outer loop
      vertex -55.31928192079067 -17.547426663339138 28.581177920604848
      vertex -54.98881623893976 -17.488816238939762 28.581177920604848
      vertex -55.074787102639675 -17.384060449898243 28.581177920604848
    endloop
  endfacet
  facet normal 0 0 1
    outer loop
      vertex -55.31928192079067 -17.547426663339138 28.581177920604848
      vertex -54.88406044989824 -17.574787102639675 28.581177920604848
      vertex -54.98881623893976 -17.488816238939762 28.581177920604848
    endloop
  endfacet
  facet normal 0 0 1
    outer loop
      vertex -55.19674199074507 -17.696741990745068 28.581177920604848
      vertex -54.76454544812441 -17.638669192790985 28.581177920604848
      vertex -54.88406044989824 -17.574787102639675 28.581177920604848
    endloop
  endfacet
  facet normal 0 0 1
    outer loop
      vertex -55.19674199074507 -17.696741990745068 28.581177920604848
      vertex -55.04742666333914 -17.819281920790672 28.581177920604848
      vertex -54.41157166659832 -17.700000002980232 28.581177920604848
    endloop
  endfacet
  facet normal 0 0 1
    outer loop
      vertex -55.19674199074507 -17.696741990745068 28.581177920604848
      vertex -54.634864054620266 -17.67800761759281 28.581177920604848
      vertex -54.76454544812441 -17.638669192790985 28.581177920604848
    endloop
  endfacet
  facet normal 0 0 1
    outer loop
      vertex -55.19674199074507 -17.696741990745068 28.581177920604848
      vertex -54.41157166659832 -17.700000002980232 28.581177920604848
      vertex -54.634864054620266 -17.67800761759281 28.581177920604848
    endloop
  endfacet
  facet normal 0 0 1
    outer loop
      vertex -55.410337291657925 -17.377074040472507 28.581177920604848
      vertex -55.074787102639675 -17.384060449898243 28.581177920604848
      vertex -55.138669192790985 -17.26454544812441 28.581177920604848
    endloop
  endfacet
  facet normal 0 -1 0
    outer loop
      vertex -54.42594783753157 -17.992635488510132 28.495819298766932
      vertex -49.57405216246843 -17.992635488510132 28.581177920604848
      vertex -54.42594783753157 -17.992635488510132 28.581177920604848
    endloop
  endfacet
  facet normal 0 0 1
    outer loop
      vertex -54.69223068654537 -17.966408908367157 28.581177920604848
      vertex -54.42594783753157 -17.992635488510132 28.581177920604848
      vertex -49.30776931345463 -17.966408908367157 28.581177920604848
    endloop
  endfacet
  facet normal 0 0 1
    outer loop
      vertex -54.87707404047251 -17.910337291657925 28.581177920604848
      vertex -54.69223068654537 -17.966408908367157 28.581177920604848
      vertex -49.12292595952749 -17.910337291657925 28.581177920604848
    endloop
  endfacet
  facet normal 0 0 1
    outer loop
      vertex -54.87707404047251 -17.910337291657925 28.581177920604848
      vertex -48.95257333666086 -17.819281920790672 28.581177920604848
      vertex -55.04742666333914 -17.819281920790672 28.581177920604848
    endloop
  endfacet
  facet normal 0 0 1
    outer loop
      vertex -55.04742666333914 -17.819281920790672 28.581177920604848
      vertex -49.58842833340168 -17.700000002980232 28.581177920604848
      vertex -54.41157166659832 -17.700000002980232 28.581177920604848
    endloop
  endfacet
  facet normal -0.995184728751124 0.09801711922185662 0
    outer loop
      vertex -55.48534198105335 -17 28.495819298766932
      vertex -55.48534198105335 -17 28.581177920604848
      vertex -55.46640891581774 -16.80776932090521 28.495819298766932
    endloop
  endfacet
  facet normal -0.995184728751124 0.09801711922185662 0
    outer loop
      vertex -55.48534198105335 -17 28.581177920604848
      vertex -55.46640891581774 -16.80776932090521 28.581177920604848
      vertex -55.46640891581774 -16.80776932090521 28.495819298766932
    endloop
  endfacet
  facet normal 0 0 1
    outer loop
      vertex -55.48534198105335 -17 28.581177920604848
      vertex -55.19129055738449 -17 28.581177920604848
      vertex -55.46640891581774 -16.80776932090521 28.581177920604848
    endloop
  endfacet
  facet normal 0 0 1
    outer loop
      vertex -55.46640891581774 -16.80776932090521 28.581177920604848
      vertex -55.19129055738449 -17 28.581177920604848
      vertex -55.17800761014223 -16.86513590812683 28.581177920604848
    endloop
  endfacet
  facet normal -0.9569403307002158 0.2902846938427201 0
    outer loop
      vertex -55.46640891581774 -16.80776932090521 28.495819298766932
      vertex -55.46640891581774 -16.80776932090521 28.581177920604848
      vertex -55.410337291657925 -16.622925959527493 28.495819298766932
    endloop
  endfacet
  facet normal -0.9569403307002158 0.2902846938427201 0
    outer loop
      vertex -55.46640891581774 -16.80776932090521 28.581177920604848
      vertex -55.410337291657925 -16.622925959527493 28.581177920604848
      vertex -55.410337291657925 -16.622925959527493 28.495819298766932
    endloop
  endfacet
  facet normal 0 0 1
    outer loop
      vertex -55.46640891581774 -16.80776932090521 28.581177920604848
      vertex -55.17800761014223 -16.86513590812683 28.581177920604848
      vertex -55.410337291657925 -16.622925959527493 28.581177920604848
    endloop
  endfacet
  facet normal -0.8819212710061689 0.4713967243701037 0
    outer loop
      vertex -55.410337291657925 -16.622925959527493 28.495819298766932
      vertex -55.410337291657925 -16.622925959527493 28.581177920604848
      vertex -55.31928192079067 -16.452573336660862 28.495819298766932
    endloop
  endfacet
  facet normal -0.8819212710061689 0.4713967243701037 0
    outer loop
      vertex -55.410337291657925 -16.622925959527493 28.581177920604848
      vertex -55.31928192079067 -16.452573336660862 28.581177920604848
      vertex -55.31928192079067 -16.452573336660862 28.495819298766932
    endloop
  endfacet
  facet normal 0 0 1
    outer loop
      vertex -55.410337291657925 -16.622925959527493 28.581177920604848
      vertex -55.074787102639675 -16.615939550101757 28.581177920604848
      vertex -55.31928192079067 -16.452573336660862 28.581177920604848
    endloop
  endfacet
  facet normal -0.7730104338194161 0.63439330797725 0
    outer loop
      vertex -55.31928192079067 -16.452573336660862 28.495819298766932
      vertex -55.31928192079067 -16.452573336660862 28.581177920604848
      vertex -55.19674199074507 -16.303258009254932 28.495819298766932
    endloop
  endfacet
  facet normal 0 0 1
    outer loop
      vertex -55.410337291657925 -16.622925959527493 28.581177920604848
      vertex -55.17800761014223 -16.86513590812683 28.581177920604848
      vertex -55.138669192790985 -16.73545455187559 28.581177920604848
    endloop
  endfacet
  facet normal 0 0 1
    outer loop
      vertex -55.410337291657925 -16.622925959527493 28.581177920604848
      vertex -55.138669192790985 -16.73545455187559 28.581177920604848
      vertex -55.074787102639675 -16.615939550101757 28.581177920604848
    endloop
  endfacet
  facet normal 0 0 1
    outer loop
      vertex -55.31928192079067 -16.452573336660862 28.581177920604848
      vertex -55.074787102639675 -16.615939550101757 28.581177920604848
      vertex -54.98881623893976 -16.511183761060238 28.581177920604848
    endloop
  endfacet
  facet normal 0 0 1
    outer loop
      vertex -55.31928192079067 -16.452573336660862 28.581177920604848
      vertex -54.98881623893976 -16.511183761060238 28.581177920604848
      vertex -55.19674199074507 -16.303258009254932 28.581177920604848
    endloop
  endfacet
  facet normal 0 0 1
    outer loop
      vertex -54.98881623893976 -16.511183761060238 28.581177920604848
      vertex -54.88406044989824 -16.425212897360325 28.581177920604848
      vertex -55.19674199074507 -16.303258009254932 28.581177920604848
    endloop
  endfacet
  facet normal 0 0 1
    outer loop
      vertex -55.19674199074507 -16.303258009254932 28.581177920604848
      vertex -54.88406044989824 -16.425212897360325 28.581177920604848
      vertex -54.76454544812441 -16.361330807209015 28.581177920604848
    endloop
  endfacet
  facet normal -0.7730104338194161 0.63439330797725 0
    outer loop
      vertex -55.31928192079067 -16.452573336660862 28.581177920604848
      vertex -55.19674199074507 -16.303258009254932 28.581177920604848
      vertex -55.19674199074507 -16.303258009254932 28.495819298766932
    endloop
  endfacet
  facet normal -0.63439330797725 0.7730104338194161 0
    outer loop
      vertex -55.19674199074507 -16.303258009254932 28.495819298766932
      vertex -55.19674199074507 -16.303258009254932 28.581177920604848
      vertex -55.04742666333914 -16.180718079209328 28.495819298766932
    endloop
  endfacet
  facet normal -0.63439330797725 0.7730104338194161 0
    outer loop
      vertex -55.19674199074507 -16.303258009254932 28.581177920604848
      vertex -55.04742666333914 -16.180718079209328 28.581177920604848
      vertex -55.04742666333914 -16.180718079209328 28.495819298766932
    endloop
  endfacet
  facet normal -0.4713967243701037 0.8819212710061689 0
    outer loop
      vertex -55.04742666333914 -16.180718079209328 28.495819298766932
      vertex -55.04742666333914 -16.180718079209328 28.581177920604848
      vertex -54.87707404047251 -16.089662708342075 28.495819298766932
    endloop
  endfacet
  facet normal 0 0 1
    outer loop
      vertex -55.19674199074507 -16.303258009254932 28.581177920604848
      vertex -54.76454544812441 -16.361330807209015 28.581177920604848
      vertex -54.634864054620266 -16.32199238240719 28.581177920604848
    endloop
  endfacet
  facet normal 0 0 1
    outer loop
      vertex -55.19674199074507 -16.303258009254932 28.581177920604848
      vertex -54.634864054620266 -16.32199238240719 28.581177920604848
      vertex -54.41157166659832 -16.299999997019768 28.581177920604848
    endloop
  endfacet
  facet normal -0.4713967243701037 0.8819212710061689 0
    outer loop
      vertex -55.04742666333914 -16.180718079209328 28.581177920604848
      vertex -54.87707404047251 -16.089662708342075 28.581177920604848
      vertex -54.87707404047251 -16.089662708342075 28.495819298766932
    endloop
  endfacet
  facet normal -0.2902846692357833 0.9569403381646485 0
    outer loop
      vertex -54.87707404047251 -16.089662708342075 28.495819298766932
      vertex -54.87707404047251 -16.089662708342075 28.581177920604848
      vertex -54.69223068654537 -16.033591091632843 28.495819298766932
    endloop
  endfacet
  facet normal -0.2902846692357833 0.9569403381646485 0
    outer loop
      vertex -54.87707404047251 -16.089662708342075 28.581177920604848
      vertex -54.69223068654537 -16.033591091632843 28.581177920604848
      vertex -54.69223068654537 -16.033591091632843 28.495819298766932
    endloop
  endfacet
  facet normal -0.09801717236036177 0.9951847235174378 0
    outer loop
      vertex -54.69223068654537 -16.033591091632843 28.495819298766932
      vertex -54.69223068654537 -16.033591091632843 28.581177920604848
      vertex -54.42594783753157 -16.007364511489868 28.495819298766932
    endloop
  endfacet
  facet normal -0.09801717236036177 0.9951847235174378 0
    outer loop
      vertex -54.69223068654537 -16.033591091632843 28.581177920604848
      vertex -54.42594783753157 -16.007364511489868 28.581177920604848
      vertex -54.42594783753157 -16.007364511489868 28.495819298766932
    endloop
  endfacet
  facet normal 0 0 1
    outer loop
      vertex -55.19674199074507 -16.303258009254932 28.581177920604848
      vertex -48.95257333666086 -16.180718079209328 28.581177920604848
      vertex -55.04742666333914 -16.180718079209328 28.581177920604848
    endloop
  endfacet
  facet normal 0 0 1
    outer loop
      vertex -55.19674199074507 -16.303258009254932 28.581177920604848
      vertex -54.41157166659832 -16.299999997019768 28.581177920604848
      vertex -48.95257333666086 -16.180718079209328 28.581177920604848
    endloop
  endfacet
  facet normal 0 0 1
    outer loop
      vertex -55.04742666333914 -16.180718079209328 28.581177920604848
      vertex -49.12292595952749 -16.089662708342075 28.581177920604848
      vertex -54.87707404047251 -16.089662708342075 28.581177920604848
    endloop
  endfacet
  facet normal 0 0 1
    outer loop
      vertex -54.87707404047251 -16.089662708342075 28.581177920604848
      vertex -49.30776931345463 -16.033591091632843 28.581177920604848
      vertex -54.69223068654537 -16.033591091632843 28.581177920604848
    endloop
  endfacet
  facet normal 0 0 1
    outer loop
      vertex -54.69223068654537 -16.033591091632843 28.581177920604848
      vertex -49.57405216246843 -16.007364511489868 28.581177920604848
      vertex -54.42594783753157 -16.007364511489868 28.581177920604848
    endloop
  endfacet
  facet normal 0 1 0
    outer loop
      vertex -54.42594783753157 -16.007364511489868 28.495819298766932
      vertex -54.42594783753157 -16.007364511489868 28.581177920604848
      vertex -49.57405216246843 -16.007364511489868 28.495819298766932
    endloop
  endfacet
  facet normal 0 -1 0
    outer loop
      vertex -54.42594783753157 -17.992635488510132 28.495819298766932
      vertex -49.57405216246843 -17.992635488510132 28.495819298766932
      vertex -49.57405216246843 -17.992635488510132 28.581177920604848
    endloop
  endfacet
  facet normal 0 0 1
    outer loop
      vertex -54.42594783753157 -17.992635488510132 28.581177920604848
      vertex -49.57405216246843 -17.992635488510132 28.581177920604848
      vertex -49.30776931345463 -17.966408908367157 28.581177920604848
    endloop
  endfacet
  facet normal 0 0 1
    outer loop
      vertex -54.69223068654537 -17.966408908367157 28.581177920604848
      vertex -49.30776931345463 -17.966408908367157 28.581177920604848
      vertex -49.12292595952749 -17.910337291657925 28.581177920604848
    endloop
  endfacet
  facet normal 0 0 1
    outer loop
      vertex -54.87707404047251 -17.910337291657925 28.581177920604848
      vertex -49.12292595952749 -17.910337291657925 28.581177920604848
      vertex -48.95257333666086 -17.819281920790672 28.581177920604848
    endloop
  endfacet
  facet normal 0 0 1
    outer loop
      vertex -55.04742666333914 -17.819281920790672 28.581177920604848
      vertex -48.80325800925493 -17.696741990745068 28.581177920604848
      vertex -49.58842833340168 -17.700000002980232 28.581177920604848
    endloop
  endfacet
  facet normal 0 0 1
    outer loop
      vertex -55.04742666333914 -17.819281920790672 28.581177920604848
      vertex -48.95257333666086 -17.819281920790672 28.581177920604848
      vertex -48.80325800925493 -17.696741990745068 28.581177920604848
    endloop
  endfacet
  facet normal 0.09801717236036177 -0.9951847235174378 0
    outer loop
      vertex -49.57405216246843 -17.992635488510132 28.495819298766932
      vertex -49.30776931345463 -17.966408908367157 28.581177920604848
      vertex -49.57405216246843 -17.992635488510132 28.581177920604848
    endloop
  endfacet
  facet normal 0.09801717236036177 -0.9951847235174378 0
    outer loop
      vertex -49.57405216246843 -17.992635488510132 28.495819298766932
      vertex -49.30776931345463 -17.966408908367157 28.495819298766932
      vertex -49.30776931345463 -17.966408908367157 28.581177920604848
    endloop
  endfacet
  facet normal 0.2902846692357833 -0.9569403381646485 0
    outer loop
      vertex -49.30776931345463 -17.966408908367157 28.495819298766932
      vertex -49.12292595952749 -17.910337291657925 28.581177920604848
      vertex -49.30776931345463 -17.966408908367157 28.581177920604848
    endloop
  endfacet
  facet normal 0.2902846692357833 -0.9569403381646485 0
    outer loop
      vertex -49.30776931345463 -17.966408908367157 28.495819298766932
      vertex -49.12292595952749 -17.910337291657925 28.495819298766932
      vertex -49.12292595952749 -17.910337291657925 28.581177920604848
    endloop
  endfacet
  facet normal 0.4713967243701037 -0.8819212710061689 0
    outer loop
      vertex -49.12292595952749 -17.910337291657925 28.495819298766932
      vertex -48.95257333666086 -17.819281920790672 28.581177920604848
      vertex -49.12292595952749 -17.910337291657925 28.581177920604848
    endloop
  endfacet
  facet normal 0 0 1
    outer loop
      vertex -49.58842833340168 -17.700000002980232 28.581177920604848
      vertex -48.80325800925493 -17.696741990745068 28.581177920604848
      vertex -49.365135945379734 -17.67800761759281 28.581177920604848
    endloop
  endfacet
  facet normal 0 0 1
    outer loop
      vertex -49.365135945379734 -17.67800761759281 28.581177920604848
      vertex -48.80325800925493 -17.696741990745068 28.581177920604848
      vertex -49.23545455187559 -17.638669192790985 28.581177920604848
    endloop
  endfacet
  facet normal 0.4713967243701037 -0.8819212710061689 0
    outer loop
      vertex -49.12292595952749 -17.910337291657925 28.495819298766932
      vertex -48.95257333666086 -17.819281920790672 28.495819298766932
      vertex -48.95257333666086 -17.819281920790672 28.581177920604848
    endloop
  endfacet
  facet normal 0 0 1
    outer loop
      vertex -49.23545455187559 -17.638669192790985 28.581177920604848
      vertex -48.80325800925493 -17.696741990745068 28.581177920604848
      vertex -49.11593955010176 -17.574787102639675 28.581177920604848
    endloop
  endfacet
  facet normal 0 0 1
    outer loop
      vertex -49.11593955010176 -17.574787102639675 28.581177920604848
      vertex -48.80325800925493 -17.696741990745068 28.581177920604848
      vertex -49.01118376106024 -17.488816238939762 28.581177920604848
    endloop
  endfacet
  facet normal 0.63439330797725 -0.7730104338194161 0
    outer loop
      vertex -48.95257333666086 -17.819281920790672 28.495819298766932
      vertex -48.80325800925493 -17.696741990745068 28.581177920604848
      vertex -48.95257333666086 -17.819281920790672 28.581177920604848
    endloop
  endfacet
  facet normal 0.63439330797725 -0.7730104338194161 0
    outer loop
      vertex -48.95257333666086 -17.819281920790672 28.495819298766932
      vertex -48.80325800925493 -17.696741990745068 28.495819298766932
      vertex -48.80325800925493 -17.696741990745068 28.581177920604848
    endloop
  endfacet
  facet normal 0.7730104338194161 -0.63439330797725 0
    outer loop
      vertex -48.80325800925493 -17.696741990745068 28.495819298766932
      vertex -48.68071807920933 -17.547426663339138 28.581177920604848
      vertex -48.80325800925493 -17.696741990745068 28.581177920604848
    endloop
  endfacet
  facet normal 0 0 1
    outer loop
      vertex -49.01118376106024 -17.488816238939762 28.581177920604848
      vertex -48.80325800925493 -17.696741990745068 28.581177920604848
      vertex -48.68071807920933 -17.547426663339138 28.581177920604848
    endloop
  endfacet
  facet normal 0 0 1
    outer loop
      vertex -49.01118376106024 -17.488816238939762 28.581177920604848
      vertex -48.68071807920933 -17.547426663339138 28.581177920604848
      vertex -48.925212897360325 -17.384060449898243 28.581177920604848
    endloop
  endfacet
  facet normal 0.7730104338194161 -0.63439330797725 0
    outer loop
      vertex -48.80325800925493 -17.696741990745068 28.495819298766932
      vertex -48.68071807920933 -17.547426663339138 28.495819298766932
      vertex -48.68071807920933 -17.547426663339138 28.581177920604848
    endloop
  endfacet
  facet normal 0 0 1
    outer loop
      vertex -48.68071807920933 -17.547426663339138 28.581177920604848
      vertex -48.589662708342075 -17.377074040472507 28.581177920604848
      vertex -48.925212897360325 -17.384060449898243 28.581177920604848
    endloop
  endfacet
  facet normal 0.8819212710061689 -0.4713967243701037 0
    outer loop
      vertex -48.68071807920933 -17.547426663339138 28.495819298766932
      vertex -48.589662708342075 -17.377074040472507 28.581177920604848
      vertex -48.68071807920933 -17.547426663339138 28.581177920604848
    endloop
  endfacet
  facet normal 0 0 1
    outer loop
      vertex -48.925212897360325 -17.384060449898243 28.581177920604848
      vertex -48.589662708342075 -17.377074040472507 28.581177920604848
      vertex -48.861330807209015 -17.26454544812441 28.581177920604848
    endloop
  endfacet
  facet normal 0 0 1
    outer loop
      vertex -48.861330807209015 -17.26454544812441 28.581177920604848
      vertex -48.589662708342075 -17.377074040472507 28.581177920604848
      vertex -48.82199238985777 -17.13486409187317 28.581177920604848
    endloop
  endfacet
  facet normal 0 0 1
    outer loop
      vertex -48.82199238985777 -17.13486409187317 28.581177920604848
      vertex -48.589662708342075 -17.377074040472507 28.581177920604848
      vertex -48.53359108418226 -17.19223067909479 28.581177920604848
    endloop
  endfacet
  facet normal 0 0 1
    outer loop
      vertex -48.82199238985777 -17.13486409187317 28.581177920604848
      vertex -48.53359108418226 -17.19223067909479 28.581177920604848
      vertex -48.80870944261551 -17 28.581177920604848
    endloop
  endfacet
  facet normal 0.8819212710061689 -0.4713967243701037 0
    outer loop
      vertex -48.68071807920933 -17.547426663339138 28.495819298766932
      vertex -48.589662708342075 -17.377074040472507 28.495819298766932
      vertex -48.589662708342075 -17.377074040472507 28.581177920604848
    endloop
  endfacet
  facet normal 0.9569403307002158 -0.2902846938427201 0
    outer loop
      vertex -48.589662708342075 -17.377074040472507 28.495819298766932
      vertex -48.53359108418226 -17.19223067909479 28.581177920604848
      vertex -48.589662708342075 -17.377074040472507 28.581177920604848
    endloop
  endfacet
  facet normal 0.9569403307002158 -0.2902846938427201 0
    outer loop
      vertex -48.589662708342075 -17.377074040472507 28.495819298766932
      vertex -48.53359108418226 -17.19223067909479 28.495819298766932
      vertex -48.53359108418226 -17.19223067909479 28.581177920604848
    endloop
  endfacet
  facet normal 0.995184728751124 -0.09801711922185662 0
    outer loop
      vertex -48.53359108418226 -17.19223067909479 28.495819298766932
      vertex -48.51465801894665 -17 28.581177920604848
      vertex -48.53359108418226 -17.19223067909479 28.581177920604848
    endloop
  endfacet
  facet normal 0 0 1
    outer loop
      vertex -48.53359108418226 -17.19223067909479 28.581177920604848
      vertex -48.51465801894665 -17 28.581177920604848
      vertex -48.80870944261551 -17 28.581177920604848
    endloop
  endfacet
  facet normal 0.995184728751124 -0.09801711922185662 0
    outer loop
      vertex -48.53359108418226 -17.19223067909479 28.495819298766932
      vertex -48.51465801894665 -17 28.495819298766932
      vertex -48.51465801894665 -17 28.581177920604848
    endloop
  endfacet
  facet normal 0 0 1
    outer loop
      vertex -54.41157166659832 -16.299999997019768 28.581177920604848
      vertex -49.58842833340168 -16.299999997019768 28.581177920604848
      vertex -48.95257333666086 -16.180718079209328 28.581177920604848
    endloop
  endfacet
  facet normal 0 0 1
    outer loop
      vertex -55.04742666333914 -16.180718079209328 28.581177920604848
      vertex -48.95257333666086 -16.180718079209328 28.581177920604848
      vertex -49.12292595952749 -16.089662708342075 28.581177920604848
    endloop
  endfacet
  facet normal 0 0 1
    outer loop
      vertex -54.69223068654537 -16.033591091632843 28.581177920604848
      vertex -49.30776931345463 -16.033591091632843 28.581177920604848
      vertex -49.57405216246843 -16.007364511489868 28.581177920604848
    endloop
  endfacet
  facet normal 0 1 0
    outer loop
      vertex -54.42594783753157 -16.007364511489868 28.581177920604848
      vertex -49.57405216246843 -16.007364511489868 28.581177920604848
      vertex -49.57405216246843 -16.007364511489868 28.495819298766932
    endloop
  endfacet
  facet normal 0 0 1
    outer loop
      vertex -54.87707404047251 -16.089662708342075 28.581177920604848
      vertex -49.12292595952749 -16.089662708342075 28.581177920604848
      vertex -49.30776931345463 -16.033591091632843 28.581177920604848
    endloop
  endfacet
  facet normal 0 0 1
    outer loop
      vertex -48.80870944261551 -17 28.581177920604848
      vertex -48.51465801894665 -17 28.581177920604848
      vertex -48.82199238985777 -16.86513590812683 28.581177920604848
    endloop
  endfacet
  facet normal 0 0 1
    outer loop
      vertex -48.82199238985777 -16.86513590812683 28.581177920604848
      vertex -48.53359108418226 -16.80776932090521 28.581177920604848
      vertex -48.861330807209015 -16.73545455187559 28.581177920604848
    endloop
  endfacet
  facet normal 0 0 1
    outer loop
      vertex -48.861330807209015 -16.73545455187559 28.581177920604848
      vertex -48.589662708342075 -16.622925959527493 28.581177920604848
      vertex -48.925212897360325 -16.615939550101757 28.581177920604848
    endloop
  endfacet
  facet normal 0 0 1
    outer loop
      vertex -48.861330807209015 -16.73545455187559 28.581177920604848
      vertex -48.53359108418226 -16.80776932090521 28.581177920604848
      vertex -48.589662708342075 -16.622925959527493 28.581177920604848
    endloop
  endfacet
  facet normal 0 0 1
    outer loop
      vertex -49.11593955010176 -16.425212897360325 28.581177920604848
      vertex -48.80325800925493 -16.303258009254932 28.581177920604848
      vertex -49.23545455187559 -16.361330807209015 28.581177920604848
    endloop
  endfacet
  facet normal 0 0 1
    outer loop
      vertex -49.58842833340168 -16.299999997019768 28.581177920604848
      vertex -49.365135945379734 -16.32199238240719 28.581177920604848
      vertex -48.80325800925493 -16.303258009254932 28.581177920604848
    endloop
  endfacet
  facet normal 0 0 1
    outer loop
      vertex -49.365135945379734 -16.32199238240719 28.581177920604848
      vertex -49.23545455187559 -16.361330807209015 28.581177920604848
      vertex -48.80325800925493 -16.303258009254932 28.581177920604848
    endloop
  endfacet
  facet normal 0 0 1
    outer loop
      vertex -49.58842833340168 -16.299999997019768 28.581177920604848
      vertex -48.80325800925493 -16.303258009254932 28.581177920604848
      vertex -48.95257333666086 -16.180718079209328 28.581177920604848
    endloop
  endfacet
  facet normal 0.4713967243701037 0.8819212710061689 0
    outer loop
      vertex -48.95257333666086 -16.180718079209328 28.495819298766932
      vertex -49.12292595952749 -16.089662708342075 28.581177920604848
      vertex -48.95257333666086 -16.180718079209328 28.581177920604848
    endloop
  endfacet
  facet normal 0 0 1
    outer loop
      vertex -48.925212897360325 -16.615939550101757 28.581177920604848
      vertex -48.68071807920933 -16.452573336660862 28.581177920604848
      vertex -49.01118376106024 -16.511183761060238 28.581177920604848
    endloop
  endfacet
  facet normal 0 0 1
    outer loop
      vertex -49.01118376106024 -16.511183761060238 28.581177920604848
      vertex -48.68071807920933 -16.452573336660862 28.581177920604848
      vertex -49.11593955010176 -16.425212897360325 28.581177920604848
    endloop
  endfacet
  facet normal 0 0 1
    outer loop
      vertex -49.11593955010176 -16.425212897360325 28.581177920604848
      vertex -48.68071807920933 -16.452573336660862 28.581177920604848
      vertex -48.80325800925493 -16.303258009254932 28.581177920604848
    endloop
  endfacet
  facet normal 0 0 1
    outer loop
      vertex -48.925212897360325 -16.615939550101757 28.581177920604848
      vertex -48.589662708342075 -16.622925959527493 28.581177920604848
      vertex -48.68071807920933 -16.452573336660862 28.581177920604848
    endloop
  endfacet
  facet normal 0.8819212710061689 0.4713967243701037 0
    outer loop
      vertex -48.68071807920933 -16.452573336660862 28.495819298766932
      vertex -48.68071807920933 -16.452573336660862 28.581177920604848
      vertex -48.589662708342075 -16.622925959527493 28.495819298766932
    endloop
  endfacet
  facet normal 0.7730104338194161 0.63439330797725 0
    outer loop
      vertex -48.68071807920933 -16.452573336660862 28.495819298766932
      vertex -48.80325800925493 -16.303258009254932 28.581177920604848
      vertex -48.68071807920933 -16.452573336660862 28.581177920604848
    endloop
  endfacet
  facet normal 0.63439330797725 0.7730104338194161 0
    outer loop
      vertex -48.80325800925493 -16.303258009254932 28.495819298766932
      vertex -48.95257333666086 -16.180718079209328 28.581177920604848
      vertex -48.80325800925493 -16.303258009254932 28.581177920604848
    endloop
  endfacet
  facet normal 0.63439330797725 0.7730104338194161 0
    outer loop
      vertex -48.80325800925493 -16.303258009254932 28.495819298766932
      vertex -48.95257333666086 -16.180718079209328 28.495819298766932
      vertex -48.95257333666086 -16.180718079209328 28.581177920604848
    endloop
  endfacet
  facet normal 0.7730104338194161 0.63439330797725 0
    outer loop
      vertex -48.68071807920933 -16.452573336660862 28.495819298766932
      vertex -48.80325800925493 -16.303258009254932 28.495819298766932
      vertex -48.80325800925493 -16.303258009254932 28.581177920604848
    endloop
  endfacet
  facet normal 0.09801717236036177 0.9951847235174378 0
    outer loop
      vertex -49.57405216246843 -16.007364511489868 28.495819298766932
      vertex -49.57405216246843 -16.007364511489868 28.581177920604848
      vertex -49.30776931345463 -16.033591091632843 28.495819298766932
    endloop
  endfacet
  facet normal 0.09801717236036177 0.9951847235174378 0
    outer loop
      vertex -49.57405216246843 -16.007364511489868 28.581177920604848
      vertex -49.30776931345463 -16.033591091632843 28.581177920604848
      vertex -49.30776931345463 -16.033591091632843 28.495819298766932
    endloop
  endfacet
  facet normal 0.2902846692357833 0.9569403381646485 0
    outer loop
      vertex -49.30776931345463 -16.033591091632843 28.495819298766932
      vertex -49.30776931345463 -16.033591091632843 28.581177920604848
      vertex -49.12292595952749 -16.089662708342075 28.495819298766932
    endloop
  endfacet
  facet normal 0.2902846692357833 0.9569403381646485 0
    outer loop
      vertex -49.30776931345463 -16.033591091632843 28.581177920604848
      vertex -49.12292595952749 -16.089662708342075 28.581177920604848
      vertex -49.12292595952749 -16.089662708342075 28.495819298766932
    endloop
  endfacet
  facet normal 0.4713967243701037 0.8819212710061689 0
    outer loop
      vertex -48.95257333666086 -16.180718079209328 28.495819298766932
      vertex -49.12292595952749 -16.089662708342075 28.495819298766932
      vertex -49.12292595952749 -16.089662708342075 28.581177920604848
    endloop
  endfacet
  facet normal 0.995184728751124 0.09801711922185662 0
    outer loop
      vertex -48.51465801894665 -17 28.495819298766932
      vertex -48.53359108418226 -16.80776932090521 28.581177920604848
      vertex -48.51465801894665 -17 28.581177920604848
    endloop
  endfacet
  facet normal 0 0 1
    outer loop
      vertex -48.82199238985777 -16.86513590812683 28.581177920604848
      vertex -48.51465801894665 -17 28.581177920604848
      vertex -48.53359108418226 -16.80776932090521 28.581177920604848
    endloop
  endfacet
  facet normal 0.995184728751124 0.09801711922185662 0
    outer loop
      vertex -48.51465801894665 -17 28.495819298766932
      vertex -48.53359108418226 -16.80776932090521 28.495819298766932
      vertex -48.53359108418226 -16.80776932090521 28.581177920604848
    endloop
  endfacet
  facet normal 0.9569403307002158 0.2902846938427201 0
    outer loop
      vertex -48.53359108418226 -16.80776932090521 28.495819298766932
      vertex -48.589662708342075 -16.622925959527493 28.581177920604848
      vertex -48.53359108418226 -16.80776932090521 28.581177920604848
    endloop
  endfacet
  facet normal 0.9569403307002158 0.2902846938427201 0
    outer loop
      vertex -48.53359108418226 -16.80776932090521 28.495819298766932
      vertex -48.589662708342075 -16.622925959527493 28.495819298766932
      vertex -48.589662708342075 -16.622925959527493 28.581177920604848
    endloop
  endfacet
  facet normal 0.8819212710061689 0.4713967243701037 0
    outer loop
      vertex -48.68071807920933 -16.452573336660862 28.581177920604848
      vertex -48.589662708342075 -16.622925959527493 28.581177920604848
      vertex -48.589662708342075 -16.622925959527493 28.495819298766932
    endloop
  endfacet
  facet normal -0.7730104192854806 -0.6343933256869002 0
    outer loop
      vertex -54.98881623893976 -17.488816238939762 28.581177920604848
      vertex -54.98881623893976 -17.488816238939762 28.61
      vertex -55.074787102639675 -17.384060449898243 28.61
    endloop
  endfacet
  facet normal -0.6343933256869002 -0.7730104192854806 0
    outer loop
      vertex -54.98881623893976 -17.488816238939762 28.581177920604848
      vertex -54.88406044989824 -17.574787102639675 28.581177920604848
      vertex -54.98881623893976 -17.488816238939762 28.61
    endloop
  endfacet
  facet normal -0.29028470534321715 -0.9569403272115778 0
    outer loop
      vertex -54.76454544812441 -17.638669192790985 28.581177920604848
      vertex -54.634864054620266 -17.67800761759281 28.581177920604848
      vertex -54.76454544812441 -17.638669192790985 28.61
    endloop
  endfacet
  facet normal -0.29028470534321715 -0.9569403272115778 0
    outer loop
      vertex -54.76454544812441 -17.638669192790985 28.61
      vertex -54.634864054620266 -17.67800761759281 28.581177920604848
      vertex -54.634864054620266 -17.67800761759281 28.61
    endloop
  endfacet
  facet normal -0.4713966839661543 -0.8819212926025279 0
    outer loop
      vertex -54.76454544812441 -17.638669192790985 28.581177920604848
      vertex -54.88406044989824 -17.574787102639675 28.61
      vertex -54.88406044989824 -17.574787102639675 28.581177920604848
    endloop
  endfacet
  facet normal -0.6343933256869002 -0.7730104192854806 0
    outer loop
      vertex -54.98881623893976 -17.488816238939762 28.61
      vertex -54.88406044989824 -17.574787102639675 28.581177920604848
      vertex -54.88406044989824 -17.574787102639675 28.61
    endloop
  endfacet
  facet normal -0.4713966839661543 -0.8819212926025279 0
    outer loop
      vertex -54.76454544812441 -17.638669192790985 28.581177920604848
      vertex -54.76454544812441 -17.638669192790985 28.61
      vertex -54.88406044989824 -17.574787102639675 28.61
    endloop
  endfacet
  facet normal -0.8819212926025279 -0.4713966839661543 0
    outer loop
      vertex -55.138669192790985 -17.26454544812441 28.61
      vertex -55.074787102639675 -17.384060449898243 28.581177920604848
      vertex -55.074787102639675 -17.384060449898243 28.61
    endloop
  endfacet
  facet normal -0.8819212926025279 -0.4713966839661543 0
    outer loop
      vertex -55.138669192790985 -17.26454544812441 28.581177920604848
      vertex -55.074787102639675 -17.384060449898243 28.581177920604848
      vertex -55.138669192790985 -17.26454544812441 28.61
    endloop
  endfacet
  facet normal -0.956940319319831 -0.2902847313588157 0
    outer loop
      vertex -55.138669192790985 -17.26454544812441 28.581177920604848
      vertex -55.138669192790985 -17.26454544812441 28.61
      vertex -55.17800761014223 -17.13486409187317 28.61
    endloop
  endfacet
  facet normal -0.7730104192854806 -0.6343933256869002 0
    outer loop
      vertex -54.98881623893976 -17.488816238939762 28.581177920604848
      vertex -55.074787102639675 -17.384060449898243 28.61
      vertex -55.074787102639675 -17.384060449898243 28.581177920604848
    endloop
  endfacet
  facet normal -0.956940319319831 -0.2902847313588157 0
    outer loop
      vertex -55.138669192790985 -17.26454544812441 28.581177920604848
      vertex -55.17800761014223 -17.13486409187317 28.61
      vertex -55.17800761014223 -17.13486409187317 28.581177920604848
    endloop
  endfacet
  facet normal -0.9951847312996723 -0.09801709334600224 0
    outer loop
      vertex -55.17800761014223 -17.13486409187317 28.581177920604848
      vertex -55.17800761014223 -17.13486409187317 28.61
      vertex -55.19129055738449 -17 28.61
    endloop
  endfacet
  facet normal -0.9951847312996723 -0.09801709334600224 0
    outer loop
      vertex -55.17800761014223 -17.13486409187317 28.581177920604848
      vertex -55.19129055738449 -17 28.61
      vertex -55.19129055738449 -17 28.581177920604848
    endloop
  endfacet
  facet normal -0.09801716121757825 -0.9951847246149064 0
    outer loop
      vertex -54.634864054620266 -17.67800761759281 28.581177920604848
      vertex -54.41157166659832 -17.700000002980232 28.581177920604848
      vertex -54.634864054620266 -17.67800761759281 28.61
    endloop
  endfacet
  facet normal -0.09801716121757825 -0.9951847246149064 0
    outer loop
      vertex -54.634864054620266 -17.67800761759281 28.61
      vertex -54.41157166659832 -17.700000002980232 28.581177920604848
      vertex -54.41157166659832 -17.700000002980232 28.61
    endloop
  endfacet
  facet normal 0 0 1
    outer loop
      vertex -54.98881623893976 -17.488816238939762 28.61
      vertex -54.88406044989824 -17.574787102639675 28.61
      vertex -49.01118376106024 -17.488816238939762 28.61
    endloop
  endfacet
  facet normal 0 0 1
    outer loop
      vertex -54.76454544812441 -17.638669192790985 28.61
      vertex -54.634864054620266 -17.67800761759281 28.61
      vertex -49.23545455187559 -17.638669192790985 28.61
    endloop
  endfacet
  facet normal 0 -1 0
    outer loop
      vertex -54.41157166659832 -17.700000002980232 28.581177920604848
      vertex -49.58842833340168 -17.700000002980232 28.581177920604848
      vertex -54.41157166659832 -17.700000002980232 28.61
    endloop
  endfacet
  facet normal 0 0 1
    outer loop
      vertex -54.634864054620266 -17.67800761759281 28.61
      vertex -54.41157166659832 -17.700000002980232 28.61
      vertex -49.365135945379734 -17.67800761759281 28.61
    endloop
  endfacet
  facet normal 0 0 1
    outer loop
      vertex -54.76454544812441 -17.638669192790985 28.61
      vertex -49.11593955010176 -17.574787102639675 28.61
      vertex -54.88406044989824 -17.574787102639675 28.61
    endloop
  endfacet
  facet normal 0 0 1
    outer loop
      vertex -54.98881623893976 -17.488816238939762 28.61
      vertex -48.925212897360325 -17.384060449898243 28.61
      vertex -55.074787102639675 -17.384060449898243 28.61
    endloop
  endfacet
  facet normal 0 0 1
    outer loop
      vertex -55.138669192790985 -17.26454544812441 28.61
      vertex -55.074787102639675 -17.384060449898243 28.61
      vertex -48.861330807209015 -17.26454544812441 28.61
    endloop
  endfacet
  facet normal 0 0 1
    outer loop
      vertex -55.138669192790985 -17.26454544812441 28.61
      vertex -48.82199238985777 -17.13486409187317 28.61
      vertex -55.17800761014223 -17.13486409187317 28.61
    endloop
  endfacet
  facet normal 0 0 1
    outer loop
      vertex -55.17800761014223 -17.13486409187317 28.61
      vertex -48.80870944261551 -17 28.61
      vertex -55.19129055738449 -17 28.61
    endloop
  endfacet
  facet normal -0.9951847312996723 0.09801709334600224 0
    outer loop
      vertex -55.19129055738449 -17 28.581177920604848
      vertex -55.19129055738449 -17 28.61
      vertex -55.17800761014223 -16.86513590812683 28.61
    endloop
  endfacet
  facet normal -0.9951847312996723 0.09801709334600224 0
    outer loop
      vertex -55.19129055738449 -17 28.581177920604848
      vertex -55.17800761014223 -16.86513590812683 28.61
      vertex -55.17800761014223 -16.86513590812683 28.581177920604848
    endloop
  endfacet
  facet normal -0.956940319319831 0.2902847313588157 0
    outer loop
      vertex -55.17800761014223 -16.86513590812683 28.581177920604848
      vertex -55.17800761014223 -16.86513590812683 28.61
      vertex -55.138669192790985 -16.73545455187559 28.61
    endloop
  endfacet
  facet normal -0.956940319319831 0.2902847313588157 0
    outer loop
      vertex -55.17800761014223 -16.86513590812683 28.581177920604848
      vertex -55.138669192790985 -16.73545455187559 28.61
      vertex -55.138669192790985 -16.73545455187559 28.581177920604848
    endloop
  endfacet
  facet normal -0.8819212926025279 0.4713966839661543 0
    outer loop
      vertex -55.138669192790985 -16.73545455187559 28.581177920604848
      vertex -55.138669192790985 -16.73545455187559 28.61
      vertex -55.074787102639675 -16.615939550101757 28.61
    endloop
  endfacet
  facet normal -0.8819212926025279 0.4713966839661543 0
    outer loop
      vertex -55.138669192790985 -16.73545455187559 28.581177920604848
      vertex -55.074787102639675 -16.615939550101757 28.61
      vertex -55.074787102639675 -16.615939550101757 28.581177920604848
    endloop
  endfacet
  facet normal -0.7730104192854806 0.6343933256869002 0
    outer loop
      vertex -55.074787102639675 -16.615939550101757 28.581177920604848
      vertex -55.074787102639675 -16.615939550101757 28.61
      vertex -54.98881623893976 -16.511183761060238 28.61
    endloop
  endfacet
  facet normal -0.7730104192854806 0.6343933256869002 0
    outer loop
      vertex -55.074787102639675 -16.615939550101757 28.581177920604848
      vertex -54.98881623893976 -16.511183761060238 28.61
      vertex -54.98881623893976 -16.511183761060238 28.581177920604848
    endloop
  endfacet
  facet normal -0.6343933256869002 0.7730104192854806 0
    outer loop
      vertex -54.98881623893976 -16.511183761060238 28.581177920604848
      vertex -54.98881623893976 -16.511183761060238 28.61
      vertex -54.88406044989824 -16.425212897360325 28.61
    endloop
  endfacet
  facet normal -0.6343933256869002 0.7730104192854806 0
    outer loop
      vertex -54.98881623893976 -16.511183761060238 28.581177920604848
      vertex -54.88406044989824 -16.425212897360325 28.61
      vertex -54.88406044989824 -16.425212897360325 28.581177920604848
    endloop
  endfacet
  facet normal -0.4713966839661543 0.8819212926025279 0
    outer loop
      vertex -54.88406044989824 -16.425212897360325 28.581177920604848
      vertex -54.88406044989824 -16.425212897360325 28.61
      vertex -54.76454544812441 -16.361330807209015 28.61
    endloop
  endfacet
  facet normal -0.4713966839661543 0.8819212926025279 0
    outer loop
      vertex -54.88406044989824 -16.425212897360325 28.581177920604848
      vertex -54.76454544812441 -16.361330807209015 28.61
      vertex -54.76454544812441 -16.361330807209015 28.581177920604848
    endloop
  endfacet
  facet normal -0.29028470534321715 0.9569403272115778 0
    outer loop
      vertex -54.76454544812441 -16.361330807209015 28.581177920604848
      vertex -54.76454544812441 -16.361330807209015 28.61
      vertex -54.634864054620266 -16.32199238240719 28.61
    endloop
  endfacet
  facet normal -0.29028470534321715 0.9569403272115778 0
    outer loop
      vertex -54.76454544812441 -16.361330807209015 28.581177920604848
      vertex -54.634864054620266 -16.32199238240719 28.61
      vertex -54.634864054620266 -16.32199238240719 28.581177920604848
    endloop
  endfacet
  facet normal -0.09801716121757825 0.9951847246149064 0
    outer loop
      vertex -54.634864054620266 -16.32199238240719 28.581177920604848
      vertex -54.634864054620266 -16.32199238240719 28.61
      vertex -54.41157166659832 -16.299999997019768 28.61
    endloop
  endfacet
  facet normal -0.09801716121757825 0.9951847246149064 0
    outer loop
      vertex -54.634864054620266 -16.32199238240719 28.581177920604848
      vertex -54.41157166659832 -16.299999997019768 28.61
      vertex -54.41157166659832 -16.299999997019768 28.581177920604848
    endloop
  endfacet
  facet normal 0 0 1
    outer loop
      vertex -55.19129055738449 -17 28.61
      vertex -48.82199238985777 -16.86513590812683 28.61
      vertex -55.17800761014223 -16.86513590812683 28.61
    endloop
  endfacet
  facet normal 0 0 1
    outer loop
      vertex -55.17800761014223 -16.86513590812683 28.61
      vertex -48.861330807209015 -16.73545455187559 28.61
      vertex -55.138669192790985 -16.73545455187559 28.61
    endloop
  endfacet
  facet normal 0 0 1
    outer loop
      vertex -55.138669192790985 -16.73545455187559 28.61
      vertex -48.925212897360325 -16.615939550101757 28.61
      vertex -55.074787102639675 -16.615939550101757 28.61
    endloop
  endfacet
  facet normal 0 0 1
    outer loop
      vertex -55.074787102639675 -16.615939550101757 28.61
      vertex -49.01118376106024 -16.511183761060238 28.61
      vertex -54.98881623893976 -16.511183761060238 28.61
    endloop
  endfacet
  facet normal 0 0 1
    outer loop
      vertex -54.98881623893976 -16.511183761060238 28.61
      vertex -49.11593955010176 -16.425212897360325 28.61
      vertex -54.88406044989824 -16.425212897360325 28.61
    endloop
  endfacet
  facet normal 0 0 1
    outer loop
      vertex -54.88406044989824 -16.425212897360325 28.61
      vertex -49.23545455187559 -16.361330807209015 28.61
      vertex -54.76454544812441 -16.361330807209015 28.61
    endloop
  endfacet
  facet normal 0 0 1
    outer loop
      vertex -54.76454544812441 -16.361330807209015 28.61
      vertex -49.365135945379734 -16.32199238240719 28.61
      vertex -54.634864054620266 -16.32199238240719 28.61
    endloop
  endfacet
  facet normal 0 0 1
    outer loop
      vertex -54.634864054620266 -16.32199238240719 28.61
      vertex -49.58842833340168 -16.299999997019768 28.61
      vertex -54.41157166659832 -16.299999997019768 28.61
    endloop
  endfacet
  facet normal 0 1 0
    outer loop
      vertex -54.41157166659832 -16.299999997019768 28.581177920604848
      vertex -54.41157166659832 -16.299999997019768 28.61
      vertex -49.58842833340168 -16.299999997019768 28.61
    endloop
  endfacet
  facet normal 0 -1 0
    outer loop
      vertex -54.41157166659832 -17.700000002980232 28.61
      vertex -49.58842833340168 -17.700000002980232 28.581177920604848
      vertex -49.58842833340168 -17.700000002980232 28.61
    endloop
  endfacet
  facet normal 0 0 1
    outer loop
      vertex -54.41157166659832 -17.700000002980232 28.61
      vertex -49.58842833340168 -17.700000002980232 28.61
      vertex -49.365135945379734 -17.67800761759281 28.61
    endloop
  endfacet
  facet normal 0 0 1
    outer loop
      vertex -54.634864054620266 -17.67800761759281 28.61
      vertex -49.365135945379734 -17.67800761759281 28.61
      vertex -49.23545455187559 -17.638669192790985 28.61
    endloop
  endfacet
  facet normal 0 0 1
    outer loop
      vertex -54.76454544812441 -17.638669192790985 28.61
      vertex -49.23545455187559 -17.638669192790985 28.61
      vertex -49.11593955010176 -17.574787102639675 28.61
    endloop
  endfacet
  facet normal 0 0 1
    outer loop
      vertex -54.88406044989824 -17.574787102639675 28.61
      vertex -49.11593955010176 -17.574787102639675 28.61
      vertex -49.01118376106024 -17.488816238939762 28.61
    endloop
  endfacet
  facet normal 0 0 1
    outer loop
      vertex -54.98881623893976 -17.488816238939762 28.61
      vertex -49.01118376106024 -17.488816238939762 28.61
      vertex -48.925212897360325 -17.384060449898243 28.61
    endloop
  endfacet
  facet normal 0 0 1
    outer loop
      vertex -55.074787102639675 -17.384060449898243 28.61
      vertex -48.925212897360325 -17.384060449898243 28.61
      vertex -48.861330807209015 -17.26454544812441 28.61
    endloop
  endfacet
  facet normal 0 0 1
    outer loop
      vertex -55.138669192790985 -17.26454544812441 28.61
      vertex -48.861330807209015 -17.26454544812441 28.61
      vertex -48.82199238985777 -17.13486409187317 28.61
    endloop
  endfacet
  facet normal 0 0 1
    outer loop
      vertex -55.17800761014223 -17.13486409187317 28.61
      vertex -48.82199238985777 -17.13486409187317 28.61
      vertex -48.80870944261551 -17 28.61
    endloop
  endfacet
  facet normal 0.09801716121757825 -0.9951847246149064 0
    outer loop
      vertex -49.58842833340168 -17.700000002980232 28.581177920604848
      vertex -49.365135945379734 -17.67800761759281 28.581177920604848
      vertex -49.58842833340168 -17.700000002980232 28.61
    endloop
  endfacet
  facet normal 0.09801716121757825 -0.9951847246149064 0
    outer loop
      vertex -49.58842833340168 -17.700000002980232 28.61
      vertex -49.365135945379734 -17.67800761759281 28.581177920604848
      vertex -49.365135945379734 -17.67800761759281 28.61
    endloop
  endfacet
  facet normal 0.29028470534321715 -0.9569403272115778 0
    outer loop
      vertex -49.365135945379734 -17.67800761759281 28.581177920604848
      vertex -49.23545455187559 -17.638669192790985 28.581177920604848
      vertex -49.365135945379734 -17.67800761759281 28.61
    endloop
  endfacet
  facet normal 0.29028470534321715 -0.9569403272115778 0
    outer loop
      vertex -49.365135945379734 -17.67800761759281 28.61
      vertex -49.23545455187559 -17.638669192790985 28.581177920604848
      vertex -49.23545455187559 -17.638669192790985 28.61
    endloop
  endfacet
  facet normal 0.4713966839661543 -0.8819212926025279 0
    outer loop
      vertex -49.23545455187559 -17.638669192790985 28.581177920604848
      vertex -49.11593955010176 -17.574787102639675 28.581177920604848
      vertex -49.23545455187559 -17.638669192790985 28.61
    endloop
  endfacet
  facet normal 0.4713966839661543 -0.8819212926025279 0
    outer loop
      vertex -49.23545455187559 -17.638669192790985 28.61
      vertex -49.11593955010176 -17.574787102639675 28.581177920604848
      vertex -49.11593955010176 -17.574787102639675 28.61
    endloop
  endfacet
  facet normal 0.6343933256869002 -0.7730104192854806 0
    outer loop
      vertex -49.11593955010176 -17.574787102639675 28.581177920604848
      vertex -49.01118376106024 -17.488816238939762 28.581177920604848
      vertex -49.11593955010176 -17.574787102639675 28.61
    endloop
  endfacet
  facet normal 0.6343933256869002 -0.7730104192854806 0
    outer loop
      vertex -49.11593955010176 -17.574787102639675 28.61
      vertex -49.01118376106024 -17.488816238939762 28.581177920604848
      vertex -49.01118376106024 -17.488816238939762 28.61
    endloop
  endfacet
  facet normal 0.7730104192854806 -0.6343933256869002 0
    outer loop
      vertex -49.01118376106024 -17.488816238939762 28.581177920604848
      vertex -48.925212897360325 -17.384060449898243 28.581177920604848
      vertex -49.01118376106024 -17.488816238939762 28.61
    endloop
  endfacet
  facet normal 0.7730104192854806 -0.6343933256869002 0
    outer loop
      vertex -49.01118376106024 -17.488816238939762 28.61
      vertex -48.925212897360325 -17.384060449898243 28.581177920604848
      vertex -48.925212897360325 -17.384060449898243 28.61
    endloop
  endfacet
  facet normal 0.8819212926025279 -0.4713966839661543 0
    outer loop
      vertex -48.925212897360325 -17.384060449898243 28.581177920604848
      vertex -48.861330807209015 -17.26454544812441 28.581177920604848
      vertex -48.925212897360325 -17.384060449898243 28.61
    endloop
  endfacet
  facet normal 0.8819212926025279 -0.4713966839661543 0
    outer loop
      vertex -48.925212897360325 -17.384060449898243 28.61
      vertex -48.861330807209015 -17.26454544812441 28.581177920604848
      vertex -48.861330807209015 -17.26454544812441 28.61
    endloop
  endfacet
  facet normal 0.956940319319831 -0.2902847313588157 0
    outer loop
      vertex -48.861330807209015 -17.26454544812441 28.581177920604848
      vertex -48.82199238985777 -17.13486409187317 28.581177920604848
      vertex -48.861330807209015 -17.26454544812441 28.61
    endloop
  endfacet
  facet normal 0.956940319319831 -0.2902847313588157 0
    outer loop
      vertex -48.861330807209015 -17.26454544812441 28.61
      vertex -48.82199238985777 -17.13486409187317 28.581177920604848
      vertex -48.82199238985777 -17.13486409187317 28.61
    endloop
  endfacet
  facet normal 0.9951847312996723 -0.09801709334600224 0
    outer loop
      vertex -48.82199238985777 -17.13486409187317 28.581177920604848
      vertex -48.80870944261551 -17 28.581177920604848
      vertex -48.82199238985777 -17.13486409187317 28.61
    endloop
  endfacet
  facet normal 0.9951847312996723 -0.09801709334600224 0
    outer loop
      vertex -48.82199238985777 -17.13486409187317 28.61
      vertex -48.80870944261551 -17 28.581177920604848
      vertex -48.80870944261551 -17 28.61
    endloop
  endfacet
  facet normal 0 0 1
    outer loop
      vertex -55.17800761014223 -16.86513590812683 28.61
      vertex -48.82199238985777 -16.86513590812683 28.61
      vertex -48.861330807209015 -16.73545455187559 28.61
    endloop
  endfacet
  facet normal 0 0 1
    outer loop
      vertex -55.138669192790985 -16.73545455187559 28.61
      vertex -48.861330807209015 -16.73545455187559 28.61
      vertex -48.925212897360325 -16.615939550101757 28.61
    endloop
  endfacet
  facet normal 0 0 1
    outer loop
      vertex -55.074787102639675 -16.615939550101757 28.61
      vertex -48.925212897360325 -16.615939550101757 28.61
      vertex -49.01118376106024 -16.511183761060238 28.61
    endloop
  endfacet
  facet normal 0 0 1
    outer loop
      vertex -55.19129055738449 -17 28.61
      vertex -48.80870944261551 -17 28.61
      vertex -48.82199238985777 -16.86513590812683 28.61
    endloop
  endfacet
  facet normal 0 0 1
    outer loop
      vertex -54.98881623893976 -16.511183761060238 28.61
      vertex -49.01118376106024 -16.511183761060238 28.61
      vertex -49.11593955010176 -16.425212897360325 28.61
    endloop
  endfacet
  facet normal 0 0 1
    outer loop
      vertex -54.88406044989824 -16.425212897360325 28.61
      vertex -49.11593955010176 -16.425212897360325 28.61
      vertex -49.23545455187559 -16.361330807209015 28.61
    endloop
  endfacet
  facet normal 0 0 1
    outer loop
      vertex -54.634864054620266 -16.32199238240719 28.61
      vertex -49.365135945379734 -16.32199238240719 28.61
      vertex -49.58842833340168 -16.299999997019768 28.61
    endloop
  endfacet
  facet normal 0 1 0
    outer loop
      vertex -54.41157166659832 -16.299999997019768 28.581177920604848
      vertex -49.58842833340168 -16.299999997019768 28.61
      vertex -49.58842833340168 -16.299999997019768 28.581177920604848
    endloop
  endfacet
  facet normal 0 0 1
    outer loop
      vertex -54.76454544812441 -16.361330807209015 28.61
      vertex -49.23545455187559 -16.361330807209015 28.61
      vertex -49.365135945379734 -16.32199238240719 28.61
    endloop
  endfacet
  facet normal 0.09801716121757825 0.9951847246149064 0
    outer loop
      vertex -49.58842833340168 -16.299999997019768 28.581177920604848
      vertex -49.58842833340168 -16.299999997019768 28.61
      vertex -49.365135945379734 -16.32199238240719 28.61
    endloop
  endfacet
  facet normal 0.09801716121757825 0.9951847246149064 0
    outer loop
      vertex -49.58842833340168 -16.299999997019768 28.581177920604848
      vertex -49.365135945379734 -16.32199238240719 28.61
      vertex -49.365135945379734 -16.32199238240719 28.581177920604848
    endloop
  endfacet
  facet normal 0.29028470534321715 0.9569403272115778 0
    outer loop
      vertex -49.365135945379734 -16.32199238240719 28.581177920604848
      vertex -49.365135945379734 -16.32199238240719 28.61
      vertex -49.23545455187559 -16.361330807209015 28.61
    endloop
  endfacet
  facet normal 0.9951847312996723 0.09801709334600224 0
    outer loop
      vertex -48.80870944261551 -17 28.581177920604848
      vertex -48.82199238985777 -16.86513590812683 28.581177920604848
      vertex -48.80870944261551 -17 28.61
    endloop
  endfacet
  facet normal 0.9951847312996723 0.09801709334600224 0
    outer loop
      vertex -48.80870944261551 -17 28.61
      vertex -48.82199238985777 -16.86513590812683 28.581177920604848
      vertex -48.82199238985777 -16.86513590812683 28.61
    endloop
  endfacet
  facet normal 0.956940319319831 0.2902847313588157 0
    outer loop
      vertex -48.82199238985777 -16.86513590812683 28.581177920604848
      vertex -48.861330807209015 -16.73545455187559 28.581177920604848
      vertex -48.82199238985777 -16.86513590812683 28.61
    endloop
  endfacet
  facet normal 0.8819212926025279 0.4713966839661543 0
    outer loop
      vertex -48.861330807209015 -16.73545455187559 28.581177920604848
      vertex -48.925212897360325 -16.615939550101757 28.581177920604848
      vertex -48.861330807209015 -16.73545455187559 28.61
    endloop
  endfacet
  facet normal 0.956940319319831 0.2902847313588157 0
    outer loop
      vertex -48.82199238985777 -16.86513590812683 28.61
      vertex -48.861330807209015 -16.73545455187559 28.581177920604848
      vertex -48.861330807209015 -16.73545455187559 28.61
    endloop
  endfacet
  facet normal 0.8819212926025279 0.4713966839661543 0
    outer loop
      vertex -48.861330807209015 -16.73545455187559 28.61
      vertex -48.925212897360325 -16.615939550101757 28.581177920604848
      vertex -48.925212897360325 -16.615939550101757 28.61
    endloop
  endfacet
  facet normal 0.7730104192854806 0.6343933256869002 0
    outer loop
      vertex -48.925212897360325 -16.615939550101757 28.581177920604848
      vertex -49.01118376106024 -16.511183761060238 28.581177920604848
      vertex -48.925212897360325 -16.615939550101757 28.61
    endloop
  endfacet
  facet normal 0.4713966839661543 0.8819212926025279 0
    outer loop
      vertex -49.11593955010176 -16.425212897360325 28.61
      vertex -49.23545455187559 -16.361330807209015 28.581177920604848
      vertex -49.23545455187559 -16.361330807209015 28.61
    endloop
  endfacet
  facet normal 0.4713966839661543 0.8819212926025279 0
    outer loop
      vertex -49.11593955010176 -16.425212897360325 28.581177920604848
      vertex -49.23545455187559 -16.361330807209015 28.581177920604848
      vertex -49.11593955010176 -16.425212897360325 28.61
    endloop
  endfacet
  facet normal 0.6343933256869002 0.7730104192854806 0
    outer loop
      vertex -49.01118376106024 -16.511183761060238 28.581177920604848
      vertex -49.11593955010176 -16.425212897360325 28.581177920604848
      vertex -49.01118376106024 -16.511183761060238 28.61
    endloop
  endfacet
  facet normal 0.7730104192854806 0.6343933256869002 0
    outer loop
      vertex -48.925212897360325 -16.615939550101757 28.61
      vertex -49.01118376106024 -16.511183761060238 28.581177920604848
      vertex -49.01118376106024 -16.511183761060238 28.61
    endloop
  endfacet
  facet normal 0.6343933256869002 0.7730104192854806 0
    outer loop
      vertex -49.01118376106024 -16.511183761060238 28.61
      vertex -49.11593955010176 -16.425212897360325 28.581177920604848
      vertex -49.11593955010176 -16.425212897360325 28.61
    endloop
  endfacet
  facet normal 0.29028470534321715 0.9569403272115778 0
    outer loop
      vertex -49.365135945379734 -16.32199238240719 28.581177920604848
      vertex -49.23545455187559 -16.361330807209015 28.61
      vertex -49.23545455187559 -16.361330807209015 28.581177920604848
    endloop
  endfacet
  facet normal -0.4713967148632423 -0.881921276087692 0
    outer loop
      vertex -55.72144805639982 -18.828026212751865 23.110000000000003
      vertex -55.34134804457426 -19.031193889677525 23.110000000000003
      vertex -55.72144805639982 -18.828026212751865 27.11
    endloop
  endfacet
  facet normal -0.6343933030072048 -0.7730104378982271 0
    outer loop
      vertex -55.72144805639982 -18.828026212751865 23.110000000000003
      vertex -55.72144805639982 -18.828026212751865 27.11
      vertex -56.05460849404335 -18.55460849404335 27.11
    endloop
  endfacet
  facet normal -0.4713967148632423 -0.881921276087692 0
    outer loop
      vertex -55.34134804457426 -19.031193889677525 23.110000000000003
      vertex -55.34134804457426 -19.031193889677525 27.11
      vertex -55.72144805639982 -18.828026212751865 27.11
    endloop
  endfacet
  facet normal 0 0 1
    outer loop
      vertex -55.72144805639982 -18.828026212751865 27.11
      vertex -55.70535786449909 -18.80394558608532 27.11
      vertex -56.034129589796066 -18.534129589796066 27.11
    endloop
  endfacet
  facet normal 0 0 1
    outer loop
      vertex -55.72144805639982 -18.828026212751865 27.11
      vertex -55.34134804457426 -19.031193889677525 27.11
      vertex -55.70535786449909 -18.80394558608532 27.11
    endloop
  endfacet
  facet normal 0 0 1
    outer loop
      vertex -55.70535786449909 -18.80394558608532 27.11
      vertex -55.34134804457426 -19.031193889677525 27.11
      vertex -55.33026496320963 -19.004436902701855 27.11
    endloop
  endfacet
  facet normal -0.9569403309357638 -0.2902846930662226 0
    outer loop
      vertex -56.65630393475294 -17.42891552299261 23.110000000000003
      vertex -56.531193889677525 -17.84134804457426 23.110000000000003
      vertex -56.65630393475294 -17.42891552299261 27.11
    endloop
  endfacet
  facet normal -0.9951847278650479 -0.09801712821833986 0
    outer loop
      vertex -56.65630393475294 -17.42891552299261 23.110000000000003
      vertex -56.698548421263695 -17 27.11
      vertex -56.698548421263695 -17 23.110000000000003
    endloop
  endfacet
  facet normal -0.9951847278650479 -0.09801712821833986 0
    outer loop
      vertex -56.65630393475294 -17.42891552299261 23.110000000000003
      vertex -56.65630393475294 -17.42891552299261 27.11
      vertex -56.698548421263695 -17 27.11
    endloop
  endfacet
  facet normal -0.6343933030072048 -0.7730104378982271 0
    outer loop
      vertex -55.72144805639982 -18.828026212751865 23.110000000000003
      vertex -56.05460849404335 -18.55460849404335 27.11
      vertex -56.05460849404335 -18.55460849404335 23.110000000000003
    endloop
  endfacet
  facet normal -0.7730104378982271 -0.6343933030072048 0
    outer loop
      vertex -56.05460849404335 -18.55460849404335 23.110000000000003
      vertex -56.328026212751865 -18.221448056399822 27.11
      vertex -56.328026212751865 -18.221448056399822 23.110000000000003
    endloop
  endfacet
  facet normal -0.881921276087692 -0.4713967148632423 0
    outer loop
      vertex -56.328026212751865 -18.221448056399822 23.110000000000003
      vertex -56.531193889677525 -17.84134804457426 27.11
      vertex -56.531193889677525 -17.84134804457426 23.110000000000003
    endloop
  endfacet
  facet normal -0.7730104378982271 -0.6343933030072048 0
    outer loop
      vertex -56.05460849404335 -18.55460849404335 23.110000000000003
      vertex -56.05460849404335 -18.55460849404335 27.11
      vertex -56.328026212751865 -18.221448056399822 27.11
    endloop
  endfacet
  facet normal -0.881921276087692 -0.4713967148632423 0
    outer loop
      vertex -56.328026212751865 -18.221448056399822 23.110000000000003
      vertex -56.328026212751865 -18.221448056399822 27.11
      vertex -56.531193889677525 -17.84134804457426 27.11
    endloop
  endfacet
  facet normal -0.9569403309357638 -0.2902846930662226 0
    outer loop
      vertex -56.531193889677525 -17.84134804457426 23.110000000000003
      vertex -56.531193889677525 -17.84134804457426 27.11
      vertex -56.65630393475294 -17.42891552299261 27.11
    endloop
  endfacet
  facet normal 0 0 1
    outer loop
      vertex -56.65630393475294 -17.42891552299261 27.11
      vertex -56.531193889677525 -17.84134804457426 27.11
      vertex -56.62789888679981 -17.423265375196934 27.11
    endloop
  endfacet
  facet normal 0 0 1
    outer loop
      vertex -56.65630393475294 -17.42891552299261 27.11
      vertex -56.62789888679981 -17.423265375196934 27.11
      vertex -56.6695868819952 -17 27.11
    endloop
  endfacet
  facet normal 0 0 1
    outer loop
      vertex -56.65630393475294 -17.42891552299261 27.11
      vertex -56.6695868819952 -17 27.11
      vertex -56.698548421263695 -17 27.11
    endloop
  endfacet
  facet normal 0 0 1
    outer loop
      vertex -55.72144805639982 -18.828026212751865 27.11
      vertex -56.034129589796066 -18.534129589796066 27.11
      vertex -56.05460849404335 -18.55460849404335 27.11
    endloop
  endfacet
  facet normal 0 0 1
    outer loop
      vertex -56.05460849404335 -18.55460849404335 27.11
      vertex -56.034129589796066 -18.534129589796066 27.11
      vertex -56.30394558608532 -18.205357864499092 27.11
    endloop
  endfacet
  facet normal 0 0 1
    outer loop
      vertex -56.05460849404335 -18.55460849404335 27.11
      vertex -56.30394558608532 -18.205357864499092 27.11
      vertex -56.328026212751865 -18.221448056399822 27.11
    endloop
  endfacet
  facet normal 0 0 1
    outer loop
      vertex -56.328026212751865 -18.221448056399822 27.11
      vertex -56.30394558608532 -18.205357864499092 27.11
      vertex -56.504436902701855 -17.83026496320963 27.11
    endloop
  endfacet
  facet normal 0 0 1
    outer loop
      vertex -56.328026212751865 -18.221448056399822 27.11
      vertex -56.504436902701855 -17.83026496320963 27.11
      vertex -56.531193889677525 -17.84134804457426 27.11
    endloop
  endfacet
  facet normal 0 0 1
    outer loop
      vertex -56.62789888679981 -17.423265375196934 27.11
      vertex -56.531193889677525 -17.84134804457426 27.11
      vertex -56.504436902701855 -17.83026496320963 27.11
    endloop
  endfacet
  facet normal -0.09801714309778795 -0.9951847263995502 0
    outer loop
      vertex -54.92891552299261 -19.15630393475294 23.110000000000003
      vertex -54.48526190966368 -19.200000002980232 23.110000000000003
      vertex -54.92891552299261 -19.15630393475294 27.11
    endloop
  endfacet
  facet normal -0.2902846930662226 -0.9569403309357638 0
    outer loop
      vertex -55.34134804457426 -19.031193889677525 23.110000000000003
      vertex -54.92891552299261 -19.15630393475294 23.110000000000003
      vertex -55.34134804457426 -19.031193889677525 27.11
    endloop
  endfacet
  facet normal -0.09801714309778795 -0.9951847263995502 0
    outer loop
      vertex -54.48526190966368 -19.200000002980232 23.110000000000003
      vertex -54.48526190966368 -19.200000002980232 27.11
      vertex -54.92891552299261 -19.15630393475294 27.11
    endloop
  endfacet
  facet normal -0.2902846930662226 -0.9569403309357638 0
    outer loop
      vertex -54.92891552299261 -19.15630393475294 23.110000000000003
      vertex -54.92891552299261 -19.15630393475294 27.11
      vertex -55.34134804457426 -19.031193889677525 27.11
    endloop
  endfacet
  facet normal 0 -1 0
    outer loop
      vertex -54.48526190966368 -19.200000002980232 23.110000000000003
      vertex -49.51473809033632 -19.200000002980232 23.110000000000003
      vertex -54.48526190966368 -19.200000002980232 27.11
    endloop
  endfacet
  facet normal 0 0 1
    outer loop
      vertex -54.92891552299261 -19.15630393475294 27.11
      vertex -54.48526190966368 -19.200000002980232 27.11
      vertex -54.923265375196934 -19.127898886799812 27.11
    endloop
  endfacet
  facet normal 0 0 1
    outer loop
      vertex -54.923265375196934 -19.127898886799812 27.11
      vertex -54.48526190966368 -19.200000002980232 27.11
      vertex -54.48384600132704 -19.171177923679352 27.11
    endloop
  endfacet
  facet normal 0 0 1
    outer loop
      vertex -55.34134804457426 -19.031193889677525 27.11
      vertex -54.92891552299261 -19.15630393475294 27.11
      vertex -55.33026496320963 -19.004436902701855 27.11
    endloop
  endfacet
  facet normal 0 0 1
    outer loop
      vertex -55.33026496320963 -19.004436902701855 27.11
      vertex -54.92891552299261 -19.15630393475294 27.11
      vertex -54.923265375196934 -19.127898886799812 27.11
    endloop
  endfacet
  facet normal 0 0 1
    outer loop
      vertex -54.48526190966368 -19.200000002980232 27.11
      vertex -49.51473809033632 -19.200000002980232 27.11
      vertex -54.48384600132704 -19.171177923679352 27.11
    endloop
  endfacet
  facet normal -0.9951847278650479 0.09801712821833986 0
    outer loop
      vertex -56.698548421263695 -17 23.110000000000003
      vertex -56.65630393475294 -16.57108447700739 27.11
      vertex -56.65630393475294 -16.57108447700739 23.110000000000003
    endloop
  endfacet
  facet normal -0.9951847278650479 0.09801712821833986 0
    outer loop
      vertex -56.698548421263695 -17 23.110000000000003
      vertex -56.698548421263695 -17 27.11
      vertex -56.65630393475294 -16.57108447700739 27.11
    endloop
  endfacet
  facet normal -0.9569403309357638 0.2902846930662226 0
    outer loop
      vertex -56.65630393475294 -16.57108447700739 23.110000000000003
      vertex -56.65630393475294 -16.57108447700739 27.11
      vertex -56.531193889677525 -16.15865195542574 27.11
    endloop
  endfacet
  facet normal -0.9569403309357638 0.2902846930662226 0
    outer loop
      vertex -56.65630393475294 -16.57108447700739 23.110000000000003
      vertex -56.531193889677525 -16.15865195542574 27.11
      vertex -56.531193889677525 -16.15865195542574 23.110000000000003
    endloop
  endfacet
  facet normal -0.881921276087692 0.4713967148632423 0
    outer loop
      vertex -56.531193889677525 -16.15865195542574 23.110000000000003
      vertex -56.328026212751865 -15.778551943600178 27.11
      vertex -56.328026212751865 -15.778551943600178 23.110000000000003
    endloop
  endfacet
  facet normal -0.7730104378982271 0.6343933030072048 0
    outer loop
      vertex -56.328026212751865 -15.778551943600178 23.110000000000003
      vertex -56.05460849404335 -15.44539150595665 27.11
      vertex -56.05460849404335 -15.44539150595665 23.110000000000003
    endloop
  endfacet
  facet normal -0.881921276087692 0.4713967148632423 0
    outer loop
      vertex -56.531193889677525 -16.15865195542574 23.110000000000003
      vertex -56.531193889677525 -16.15865195542574 27.11
      vertex -56.328026212751865 -15.778551943600178 27.11
    endloop
  endfacet
  facet normal -0.7730104378982271 0.6343933030072048 0
    outer loop
      vertex -56.328026212751865 -15.778551943600178 23.110000000000003
      vertex -56.328026212751865 -15.778551943600178 27.11
      vertex -56.05460849404335 -15.44539150595665 27.11
    endloop
  endfacet
  facet normal -0.6343933030072048 0.7730104378982271 0
    outer loop
      vertex -56.05460849404335 -15.44539150595665 23.110000000000003
      vertex -56.05460849404335 -15.44539150595665 27.11
      vertex -55.72144805639982 -15.171973787248135 27.11
    endloop
  endfacet
  facet normal 0 0 1
    outer loop
      vertex -56.698548421263695 -17 27.11
      vertex -56.6695868819952 -17 27.11
      vertex -56.62789888679981 -16.576734624803066 27.11
    endloop
  endfacet
  facet normal 0 0 1
    outer loop
      vertex -56.698548421263695 -17 27.11
      vertex -56.62789888679981 -16.576734624803066 27.11
      vertex -56.65630393475294 -16.57108447700739 27.11
    endloop
  endfacet
  facet normal 0 0 1
    outer loop
      vertex -56.62789888679981 -16.576734624803066 27.11
      vertex -56.504436902701855 -16.16973503679037 27.11
      vertex -56.65630393475294 -16.57108447700739 27.11
    endloop
  endfacet
  facet normal 0 0 1
    outer loop
      vertex -56.65630393475294 -16.57108447700739 27.11
      vertex -56.504436902701855 -16.16973503679037 27.11
      vertex -56.531193889677525 -16.15865195542574 27.11
    endloop
  endfacet
  facet normal 0 0 1
    outer loop
      vertex -56.531193889677525 -16.15865195542574 27.11
      vertex -56.504436902701855 -16.16973503679037 27.11
      vertex -56.30394558608532 -15.794642135500908 27.11
    endloop
  endfacet
  facet normal 0 0 1
    outer loop
      vertex -56.531193889677525 -16.15865195542574 27.11
      vertex -56.30394558608532 -15.794642135500908 27.11
      vertex -56.328026212751865 -15.778551943600178 27.11
    endloop
  endfacet
  facet normal 0 0 1
    outer loop
      vertex -56.328026212751865 -15.778551943600178 27.11
      vertex -56.30394558608532 -15.794642135500908 27.11
      vertex -56.034129589796066 -15.465870410203934 27.11
    endloop
  endfacet
  facet normal 0 0 1
    outer loop
      vertex -56.328026212751865 -15.778551943600178 27.11
      vertex -56.034129589796066 -15.465870410203934 27.11
      vertex -56.05460849404335 -15.44539150595665 27.11
    endloop
  endfacet
  facet normal 0 0 1
    outer loop
      vertex -56.034129589796066 -15.465870410203934 27.11
      vertex -55.70535786449909 -15.19605441391468 27.11
      vertex -56.05460849404335 -15.44539150595665 27.11
    endloop
  endfacet
  facet normal -0.6343933030072048 0.7730104378982271 0
    outer loop
      vertex -56.05460849404335 -15.44539150595665 23.110000000000003
      vertex -55.72144805639982 -15.171973787248135 27.11
      vertex -55.72144805639982 -15.171973787248135 23.110000000000003
    endloop
  endfacet
  facet normal -0.4713967148632423 0.881921276087692 0
    outer loop
      vertex -55.72144805639982 -15.171973787248135 23.110000000000003
      vertex -55.34134804457426 -14.968806110322475 27.11
      vertex -55.34134804457426 -14.968806110322475 23.110000000000003
    endloop
  endfacet
  facet normal -0.4713967148632423 0.881921276087692 0
    outer loop
      vertex -55.72144805639982 -15.171973787248135 23.110000000000003
      vertex -55.72144805639982 -15.171973787248135 27.11
      vertex -55.34134804457426 -14.968806110322475 27.11
    endloop
  endfacet
  facet normal 0 0 1
    outer loop
      vertex -56.05460849404335 -15.44539150595665 27.11
      vertex -55.70535786449909 -15.19605441391468 27.11
      vertex -55.72144805639982 -15.171973787248135 27.11
    endloop
  endfacet
  facet normal 0 0 1
    outer loop
      vertex -55.70535786449909 -15.19605441391468 27.11
      vertex -55.33026496320963 -14.995563097298145 27.11
      vertex -55.72144805639982 -15.171973787248135 27.11
    endloop
  endfacet
  facet normal 0 0 1
    outer loop
      vertex -55.72144805639982 -15.171973787248135 27.11
      vertex -55.33026496320963 -14.995563097298145 27.11
      vertex -55.34134804457426 -14.968806110322475 27.11
    endloop
  endfacet
  facet normal -0.2902846930662226 0.9569403309357638 0
    outer loop
      vertex -55.34134804457426 -14.968806110322475 23.110000000000003
      vertex -54.92891552299261 -14.843696065247059 27.11
      vertex -54.92891552299261 -14.843696065247059 23.110000000000003
    endloop
  endfacet
  facet normal -0.09801714309778795 0.9951847263995502 0
    outer loop
      vertex -54.92891552299261 -14.843696065247059 23.110000000000003
      vertex -54.48526190966368 -14.799999997019768 27.11
      vertex -54.48526190966368 -14.799999997019768 23.110000000000003
    endloop
  endfacet
  facet normal -0.2902846930662226 0.9569403309357638 0
    outer loop
      vertex -55.34134804457426 -14.968806110322475 23.110000000000003
      vertex -55.34134804457426 -14.968806110322475 27.11
      vertex -54.92891552299261 -14.843696065247059 27.11
    endloop
  endfacet
  facet normal -0.09801714309778795 0.9951847263995502 0
    outer loop
      vertex -54.92891552299261 -14.843696065247059 23.110000000000003
      vertex -54.92891552299261 -14.843696065247059 27.11
      vertex -54.48526190966368 -14.799999997019768 27.11
    endloop
  endfacet
  facet normal 0 1 0
    outer loop
      vertex -54.48526190966368 -14.799999997019768 23.110000000000003
      vertex -54.48526190966368 -14.799999997019768 27.11
      vertex -49.51473809033632 -14.799999997019768 27.11
    endloop
  endfacet
  facet normal 0 0 1
    outer loop
      vertex -55.33026496320963 -14.995563097298145 27.11
      vertex -54.923265375196934 -14.872101113200188 27.11
      vertex -55.34134804457426 -14.968806110322475 27.11
    endloop
  endfacet
  facet normal 0 0 1
    outer loop
      vertex -55.34134804457426 -14.968806110322475 27.11
      vertex -54.923265375196934 -14.872101113200188 27.11
      vertex -54.92891552299261 -14.843696065247059 27.11
    endloop
  endfacet
  facet normal 0 0 1
    outer loop
      vertex -54.923265375196934 -14.872101113200188 27.11
      vertex -54.48384600132704 -14.828822076320648 27.11
      vertex -54.92891552299261 -14.843696065247059 27.11
    endloop
  endfacet
  facet normal 0 0 1
    outer loop
      vertex -54.92891552299261 -14.843696065247059 27.11
      vertex -54.48384600132704 -14.828822076320648 27.11
      vertex -54.48526190966368 -14.799999997019768 27.11
    endloop
  endfacet
  facet normal 0 0 1
    outer loop
      vertex -54.48384600132704 -14.828822076320648 27.11
      vertex -49.51615399867296 -14.828822076320648 27.11
      vertex -54.48526190966368 -14.799999997019768 27.11
    endloop
  endfacet
  facet normal 0 -1 0
    outer loop
      vertex -54.48526190966368 -19.200000002980232 27.11
      vertex -49.51473809033632 -19.200000002980232 23.110000000000003
      vertex -49.51473809033632 -19.200000002980232 27.11
    endloop
  endfacet
  facet normal 0 0 1
    outer loop
      vertex -54.48384600132704 -19.171177923679352 27.11
      vertex -49.51473809033632 -19.200000002980232 27.11
      vertex -49.51615399867296 -19.171177923679352 27.11
    endloop
  endfacet
  facet normal 0.09801714309778795 -0.9951847263995502 0
    outer loop
      vertex -49.51473809033632 -19.200000002980232 23.110000000000003
      vertex -49.07108447700739 -19.15630393475294 23.110000000000003
      vertex -49.51473809033632 -19.200000002980232 27.11
    endloop
  endfacet
  facet normal 0.2902846930662226 -0.9569403309357638 0
    outer loop
      vertex -49.07108447700739 -19.15630393475294 23.110000000000003
      vertex -48.65865195542574 -19.031193889677525 23.110000000000003
      vertex -49.07108447700739 -19.15630393475294 27.11
    endloop
  endfacet
  facet normal 0.09801714309778795 -0.9951847263995502 0
    outer loop
      vertex -49.07108447700739 -19.15630393475294 23.110000000000003
      vertex -49.07108447700739 -19.15630393475294 27.11
      vertex -49.51473809033632 -19.200000002980232 27.11
    endloop
  endfacet
  facet normal 0.2902846930662226 -0.9569403309357638 0
    outer loop
      vertex -48.65865195542574 -19.031193889677525 23.110000000000003
      vertex -48.65865195542574 -19.031193889677525 27.11
      vertex -49.07108447700739 -19.15630393475294 27.11
    endloop
  endfacet
  facet normal 0.4713967148632423 -0.881921276087692 0
    outer loop
      vertex -48.65865195542574 -19.031193889677525 23.110000000000003
      vertex -48.27855194360018 -18.828026212751865 23.110000000000003
      vertex -48.65865195542574 -19.031193889677525 27.11
    endloop
  endfacet
  facet normal 0.6343933030072048 -0.7730104378982271 0
    outer loop
      vertex -48.27855194360018 -18.828026212751865 23.110000000000003
      vertex -47.94539150595665 -18.55460849404335 23.110000000000003
      vertex -48.27855194360018 -18.828026212751865 27.11
    endloop
  endfacet
  facet normal 0.4713967148632423 -0.881921276087692 0
    outer loop
      vertex -48.27855194360018 -18.828026212751865 23.110000000000003
      vertex -48.27855194360018 -18.828026212751865 27.11
      vertex -48.65865195542574 -19.031193889677525 27.11
    endloop
  endfacet
  facet normal 0 0 1
    outer loop
      vertex -49.51473809033632 -19.200000002980232 27.11
      vertex -49.07108447700739 -19.15630393475294 27.11
      vertex -49.51615399867296 -19.171177923679352 27.11
    endloop
  endfacet
  facet normal 0 0 1
    outer loop
      vertex -49.51615399867296 -19.171177923679352 27.11
      vertex -49.07108447700739 -19.15630393475294 27.11
      vertex -49.076734624803066 -19.127898886799812 27.11
    endloop
  endfacet
  facet normal 0 0 1
    outer loop
      vertex -49.07108447700739 -19.15630393475294 27.11
      vertex -48.65865195542574 -19.031193889677525 27.11
      vertex -49.076734624803066 -19.127898886799812 27.11
    endloop
  endfacet
  facet normal 0 0 1
    outer loop
      vertex -49.076734624803066 -19.127898886799812 27.11
      vertex -48.65865195542574 -19.031193889677525 27.11
      vertex -48.66973503679037 -19.004436902701855 27.11
    endloop
  endfacet
  facet normal 0 0 1
    outer loop
      vertex -48.65865195542574 -19.031193889677525 27.11
      vertex -48.27855194360018 -18.828026212751865 27.11
      vertex -48.66973503679037 -19.004436902701855 27.11
    endloop
  endfacet
  facet normal 0 0 1
    outer loop
      vertex -48.66973503679037 -19.004436902701855 27.11
      vertex -48.27855194360018 -18.828026212751865 27.11
      vertex -48.29464213550091 -18.80394558608532 27.11
    endloop
  endfacet
  facet normal 0 0 1
    outer loop
      vertex -48.29464213550091 -18.80394558608532 27.11
      vertex -48.27855194360018 -18.828026212751865 27.11
      vertex -47.94539150595665 -18.55460849404335 27.11
    endloop
  endfacet
  facet normal 0.7730104378982271 -0.6343933030072048 0
    outer loop
      vertex -47.94539150595665 -18.55460849404335 23.110000000000003
      vertex -47.671973787248135 -18.221448056399822 23.110000000000003
      vertex -47.94539150595665 -18.55460849404335 27.11
    endloop
  endfacet
  facet normal 0.881921276087692 -0.4713967148632423 0
    outer loop
      vertex -47.671973787248135 -18.221448056399822 23.110000000000003
      vertex -47.468806110322475 -17.84134804457426 23.110000000000003
      vertex -47.671973787248135 -18.221448056399822 27.11
    endloop
  endfacet
  facet normal 0.6343933030072048 -0.7730104378982271 0
    outer loop
      vertex -47.94539150595665 -18.55460849404335 23.110000000000003
      vertex -47.94539150595665 -18.55460849404335 27.11
      vertex -48.27855194360018 -18.828026212751865 27.11
    endloop
  endfacet
  facet normal 0.7730104378982271 -0.6343933030072048 0
    outer loop
      vertex -47.671973787248135 -18.221448056399822 23.110000000000003
      vertex -47.671973787248135 -18.221448056399822 27.11
      vertex -47.94539150595665 -18.55460849404335 27.11
    endloop
  endfacet
  facet normal 0.881921276087692 -0.4713967148632423 0
    outer loop
      vertex -47.468806110322475 -17.84134804457426 23.110000000000003
      vertex -47.468806110322475 -17.84134804457426 27.11
      vertex -47.671973787248135 -18.221448056399822 27.11
    endloop
  endfacet
  facet normal 0.9569403309357638 -0.2902846930662226 0
    outer loop
      vertex -47.468806110322475 -17.84134804457426 23.110000000000003
      vertex -47.34369606524706 -17.42891552299261 23.110000000000003
      vertex -47.468806110322475 -17.84134804457426 27.11
    endloop
  endfacet
  facet normal 0.9951847278650479 -0.09801712821833986 0
    outer loop
      vertex -47.34369606524706 -17.42891552299261 23.110000000000003
      vertex -47.301451578736305 -17 23.110000000000003
      vertex -47.34369606524706 -17.42891552299261 27.11
    endloop
  endfacet
  facet normal 0.9569403309357638 -0.2902846930662226 0
    outer loop
      vertex -47.34369606524706 -17.42891552299261 23.110000000000003
      vertex -47.34369606524706 -17.42891552299261 27.11
      vertex -47.468806110322475 -17.84134804457426 27.11
    endloop
  endfacet
  facet normal 0.9951847278650479 -0.09801712821833986 0
    outer loop
      vertex -47.34369606524706 -17.42891552299261 27.11
      vertex -47.301451578736305 -17 23.110000000000003
      vertex -47.301451578736305 -17 27.11
    endloop
  endfacet
  facet normal 0 0 1
    outer loop
      vertex -48.29464213550091 -18.80394558608532 27.11
      vertex -47.94539150595665 -18.55460849404335 27.11
      vertex -47.965870410203934 -18.534129589796066 27.11
    endloop
  endfacet
  facet normal 0 0 1
    outer loop
      vertex -47.965870410203934 -18.534129589796066 27.11
      vertex -47.94539150595665 -18.55460849404335 27.11
      vertex -47.671973787248135 -18.221448056399822 27.11
    endloop
  endfacet
  facet normal 0 0 1
    outer loop
      vertex -47.965870410203934 -18.534129589796066 27.11
      vertex -47.671973787248135 -18.221448056399822 27.11
      vertex -47.69605441391468 -18.205357864499092 27.11
    endloop
  endfacet
  facet normal 0 0 1
    outer loop
      vertex -47.69605441391468 -18.205357864499092 27.11
      vertex -47.671973787248135 -18.221448056399822 27.11
      vertex -47.468806110322475 -17.84134804457426 27.11
    endloop
  endfacet
  facet normal 0 0 1
    outer loop
      vertex -47.69605441391468 -18.205357864499092 27.11
      vertex -47.468806110322475 -17.84134804457426 27.11
      vertex -47.495563097298145 -17.83026496320963 27.11
    endloop
  endfacet
  facet normal 0 0 1
    outer loop
      vertex -47.495563097298145 -17.83026496320963 27.11
      vertex -47.468806110322475 -17.84134804457426 27.11
      vertex -47.34369606524706 -17.42891552299261 27.11
    endloop
  endfacet
  facet normal 0 0 1
    outer loop
      vertex -47.495563097298145 -17.83026496320963 27.11
      vertex -47.34369606524706 -17.42891552299261 27.11
      vertex -47.37210111320019 -17.423265375196934 27.11
    endloop
  endfacet
  facet normal 0 0 1
    outer loop
      vertex -47.34369606524706 -17.42891552299261 27.11
      vertex -47.301451578736305 -17 27.11
      vertex -47.37210111320019 -17.423265375196934 27.11
    endloop
  endfacet
  facet normal 0 0 1
    outer loop
      vertex -47.37210111320019 -17.423265375196934 27.11
      vertex -47.301451578736305 -17 27.11
      vertex -47.3304131180048 -17 27.11
    endloop
  endfacet
  facet normal 0 1 0
    outer loop
      vertex -54.48526190966368 -14.799999997019768 23.110000000000003
      vertex -49.51473809033632 -14.799999997019768 27.11
      vertex -49.51473809033632 -14.799999997019768 23.110000000000003
    endloop
  endfacet
  facet normal 0 0 1
    outer loop
      vertex -54.48526190966368 -14.799999997019768 27.11
      vertex -49.51615399867296 -14.828822076320648 27.11
      vertex -49.51473809033632 -14.799999997019768 27.11
    endloop
  endfacet
  facet normal 0.9951847278650479 0.09801712821833986 0
    outer loop
      vertex -47.301451578736305 -17 23.110000000000003
      vertex -47.34369606524706 -16.57108447700739 23.110000000000003
      vertex -47.301451578736305 -17 27.11
    endloop
  endfacet
  facet normal 0.9569403309357638 0.2902846930662226 0
    outer loop
      vertex -47.34369606524706 -16.57108447700739 23.110000000000003
      vertex -47.468806110322475 -16.15865195542574 23.110000000000003
      vertex -47.34369606524706 -16.57108447700739 27.11
    endloop
  endfacet
  facet normal 0.9951847278650479 0.09801712821833986 0
    outer loop
      vertex -47.34369606524706 -16.57108447700739 23.110000000000003
      vertex -47.34369606524706 -16.57108447700739 27.11
      vertex -47.301451578736305 -17 27.11
    endloop
  endfacet
  facet normal 0.9569403309357638 0.2902846930662226 0
    outer loop
      vertex -47.468806110322475 -16.15865195542574 23.110000000000003
      vertex -47.468806110322475 -16.15865195542574 27.11
      vertex -47.34369606524706 -16.57108447700739 27.11
    endloop
  endfacet
  facet normal 0.6343933030072048 0.7730104378982271 0
    outer loop
      vertex -47.94539150595665 -15.44539150595665 23.110000000000003
      vertex -48.27855194360018 -15.171973787248135 23.110000000000003
      vertex -47.94539150595665 -15.44539150595665 27.11
    endloop
  endfacet
  facet normal 0.881921276087692 0.4713967148632423 0
    outer loop
      vertex -47.468806110322475 -16.15865195542574 23.110000000000003
      vertex -47.671973787248135 -15.778551943600178 23.110000000000003
      vertex -47.468806110322475 -16.15865195542574 27.11
    endloop
  endfacet
  facet normal 0.7730104378982271 0.6343933030072048 0
    outer loop
      vertex -47.671973787248135 -15.778551943600178 23.110000000000003
      vertex -47.94539150595665 -15.44539150595665 23.110000000000003
      vertex -47.671973787248135 -15.778551943600178 27.11
    endloop
  endfacet
  facet normal 0.881921276087692 0.4713967148632423 0
    outer loop
      vertex -47.671973787248135 -15.778551943600178 23.110000000000003
      vertex -47.671973787248135 -15.778551943600178 27.11
      vertex -47.468806110322475 -16.15865195542574 27.11
    endloop
  endfacet
  facet normal 0.7730104378982271 0.6343933030072048 0
    outer loop
      vertex -47.94539150595665 -15.44539150595665 23.110000000000003
      vertex -47.94539150595665 -15.44539150595665 27.11
      vertex -47.671973787248135 -15.778551943600178 27.11
    endloop
  endfacet
  facet normal 0 0 1
    outer loop
      vertex -47.3304131180048 -17 27.11
      vertex -47.301451578736305 -17 27.11
      vertex -47.34369606524706 -16.57108447700739 27.11
    endloop
  endfacet
  facet normal 0 0 1
    outer loop
      vertex -47.3304131180048 -17 27.11
      vertex -47.34369606524706 -16.57108447700739 27.11
      vertex -47.37210111320019 -16.576734624803066 27.11
    endloop
  endfacet
  facet normal 0 0 1
    outer loop
      vertex -47.37210111320019 -16.576734624803066 27.11
      vertex -47.34369606524706 -16.57108447700739 27.11
      vertex -47.468806110322475 -16.15865195542574 27.11
    endloop
  endfacet
  facet normal 0 0 1
    outer loop
      vertex -47.37210111320019 -16.576734624803066 27.11
      vertex -47.468806110322475 -16.15865195542574 27.11
      vertex -47.495563097298145 -16.16973503679037 27.11
    endloop
  endfacet
  facet normal 0 0 1
    outer loop
      vertex -47.965870410203934 -15.465870410203934 27.11
      vertex -47.94539150595665 -15.44539150595665 27.11
      vertex -48.27855194360018 -15.171973787248135 27.11
    endloop
  endfacet
  facet normal 0 0 1
    outer loop
      vertex -47.495563097298145 -16.16973503679037 27.11
      vertex -47.468806110322475 -16.15865195542574 27.11
      vertex -47.671973787248135 -15.778551943600178 27.11
    endloop
  endfacet
  facet normal 0 0 1
    outer loop
      vertex -47.495563097298145 -16.16973503679037 27.11
      vertex -47.671973787248135 -15.778551943600178 27.11
      vertex -47.69605441391468 -15.794642135500908 27.11
    endloop
  endfacet
  facet normal 0 0 1
    outer loop
      vertex -47.965870410203934 -15.465870410203934 27.11
      vertex -47.69605441391468 -15.794642135500908 27.11
      vertex -47.94539150595665 -15.44539150595665 27.11
    endloop
  endfacet
  facet normal 0 0 1
    outer loop
      vertex -47.69605441391468 -15.794642135500908 27.11
      vertex -47.671973787248135 -15.778551943600178 27.11
      vertex -47.94539150595665 -15.44539150595665 27.11
    endloop
  endfacet
  facet normal 0.2902846930662226 0.9569403309357638 0
    outer loop
      vertex -48.65865195542574 -14.968806110322475 23.110000000000003
      vertex -49.07108447700739 -14.843696065247059 23.110000000000003
      vertex -48.65865195542574 -14.968806110322475 27.11
    endloop
  endfacet
  facet normal 0.09801714309778795 0.9951847263995502 0
    outer loop
      vertex -49.51473809033632 -14.799999997019768 23.110000000000003
      vertex -49.07108447700739 -14.843696065247059 27.11
      vertex -49.07108447700739 -14.843696065247059 23.110000000000003
    endloop
  endfacet
  facet normal 0.09801714309778795 0.9951847263995502 0
    outer loop
      vertex -49.51473809033632 -14.799999997019768 23.110000000000003
      vertex -49.51473809033632 -14.799999997019768 27.11
      vertex -49.07108447700739 -14.843696065247059 27.11
    endloop
  endfacet
  facet normal 0.2902846930662226 0.9569403309357638 0
    outer loop
      vertex -49.07108447700739 -14.843696065247059 23.110000000000003
      vertex -49.07108447700739 -14.843696065247059 27.11
      vertex -48.65865195542574 -14.968806110322475 27.11
    endloop
  endfacet
  facet normal 0.4713967148632423 0.881921276087692 0
    outer loop
      vertex -48.65865195542574 -14.968806110322475 23.110000000000003
      vertex -48.27855194360018 -15.171973787248135 27.11
      vertex -48.27855194360018 -15.171973787248135 23.110000000000003
    endloop
  endfacet
  facet normal 0.4713967148632423 0.881921276087692 0
    outer loop
      vertex -48.65865195542574 -14.968806110322475 23.110000000000003
      vertex -48.65865195542574 -14.968806110322475 27.11
      vertex -48.27855194360018 -15.171973787248135 27.11
    endloop
  endfacet
  facet normal 0.6343933030072048 0.7730104378982271 0
    outer loop
      vertex -48.27855194360018 -15.171973787248135 23.110000000000003
      vertex -48.27855194360018 -15.171973787248135 27.11
      vertex -47.94539150595665 -15.44539150595665 27.11
    endloop
  endfacet
  facet normal 0 0 1
    outer loop
      vertex -49.51615399867296 -14.828822076320648 27.11
      vertex -49.076734624803066 -14.872101113200188 27.11
      vertex -49.51473809033632 -14.799999997019768 27.11
    endloop
  endfacet
  facet normal 0 0 1
    outer loop
      vertex -48.66973503679037 -14.995563097298145 27.11
      vertex -49.07108447700739 -14.843696065247059 27.11
      vertex -49.076734624803066 -14.872101113200188 27.11
    endloop
  endfacet
  facet normal 0 0 1
    outer loop
      vertex -48.66973503679037 -14.995563097298145 27.11
      vertex -48.65865195542574 -14.968806110322475 27.11
      vertex -49.07108447700739 -14.843696065247059 27.11
    endloop
  endfacet
  facet normal 0 0 1
    outer loop
      vertex -49.51473809033632 -14.799999997019768 27.11
      vertex -49.076734624803066 -14.872101113200188 27.11
      vertex -49.07108447700739 -14.843696065247059 27.11
    endloop
  endfacet
  facet normal 0 0 1
    outer loop
      vertex -48.65865195542574 -14.968806110322475 27.11
      vertex -48.29464213550091 -15.19605441391468 27.11
      vertex -48.27855194360018 -15.171973787248135 27.11
    endloop
  endfacet
  facet normal 0 0 1
    outer loop
      vertex -48.66973503679037 -14.995563097298145 27.11
      vertex -48.29464213550091 -15.19605441391468 27.11
      vertex -48.65865195542574 -14.968806110322475 27.11
    endloop
  endfacet
  facet normal 0 0 1
    outer loop
      vertex -47.965870410203934 -15.465870410203934 27.11
      vertex -48.27855194360018 -15.171973787248135 27.11
      vertex -48.29464213550091 -15.19605441391468 27.11
    endloop
  endfacet
  facet normal -0.7730104325548794 -0.6343933095180923 0
    outer loop
      vertex -57.330617502331734 -18.891358137130737 21.91
      vertex -56.90724229067564 -19.40724229067564 21.6
      vertex -56.90724229067564 -19.40724229067564 21.91
    endloop
  endfacet
  facet normal 0 0 1
    outer loop
      vertex -56.90724229067564 -19.40724229067564 21.91
      vertex -56.7367155328393 -19.2367155328393 21.91
      vertex -57.13009924441576 -18.757376119494438 21.91
    endloop
  endfacet
  facet normal -0.6343933095180923 -0.7730104325548794 0
    outer loop
      vertex -56.90724229067564 -19.40724229067564 21.6
      vertex -56.39135813713074 -19.830617502331734 21.6
      vertex -56.90724229067564 -19.40724229067564 21.91
    endloop
  endfacet
  facet normal 0 0 1
    outer loop
      vertex -56.90724229067564 -19.40724229067564 21.91
      vertex -56.39135813713074 -19.830617502331734 21.91
      vertex -56.7367155328393 -19.2367155328393 21.91
    endloop
  endfacet
  facet normal -0.7730104325548794 -0.6343933095180923 0
    outer loop
      vertex -57.330617502331734 -18.891358137130737 21.6
      vertex -56.90724229067564 -19.40724229067564 21.6
      vertex -57.330617502331734 -18.891358137130737 21.91
    endloop
  endfacet
  facet normal 0 0 1
    outer loop
      vertex -57.330617502331734 -18.891358137130737 21.91
      vertex -56.90724229067564 -19.40724229067564 21.91
      vertex -57.13009924441576 -18.757376119494438 21.91
    endloop
  endfacet
  facet normal -0.4713967176969862 -0.8819212745730243 0
    outer loop
      vertex -56.39135813713074 -19.830617502331734 21.91
      vertex -55.80279012769461 -20.14521364122629 21.6
      vertex -55.80279012769461 -20.14521364122629 21.91
    endloop
  endfacet
  facet normal -0.6343933095180923 -0.7730104325548794 0
    outer loop
      vertex -56.90724229067564 -19.40724229067564 21.91
      vertex -56.39135813713074 -19.830617502331734 21.6
      vertex -56.39135813713074 -19.830617502331734 21.91
    endloop
  endfacet
  facet normal 0 0 1
    outer loop
      vertex -56.7367155328393 -19.2367155328393 21.91
      vertex -56.39135813713074 -19.830617502331734 21.91
      vertex -56.25737611949444 -19.63009924441576 21.91
    endloop
  endfacet
  facet normal -0.4713967176969862 -0.8819212745730243 0
    outer loop
      vertex -56.39135813713074 -19.830617502331734 21.6
      vertex -55.80279012769461 -20.14521364122629 21.6
      vertex -56.39135813713074 -19.830617502331734 21.91
    endloop
  endfacet
  facet normal 0 0 1
    outer loop
      vertex -56.39135813713074 -19.830617502331734 21.91
      vertex -55.80279012769461 -20.14521364122629 21.91
      vertex -56.25737611949444 -19.63009924441576 21.91
    endloop
  endfacet
  facet normal 0 0 1
    outer loop
      vertex -56.25737611949444 -19.63009924441576 21.91
      vertex -55.80279012769461 -20.14521364122629 21.91
      vertex -55.710501708090305 -19.92240969091654 21.91
    endloop
  endfacet
  facet normal -0.2902846904986786 -0.9569403317146197 0
    outer loop
      vertex -55.80279012769461 -20.14521364122629 21.6
      vertex -55.164156667888165 -20.338940992951393 21.6
      vertex -55.80279012769461 -20.14521364122629 21.91
    endloop
  endfacet
  facet normal -0.2902846904986786 -0.9569403317146197 0
    outer loop
      vertex -55.80279012769461 -20.14521364122629 21.91
      vertex -55.164156667888165 -20.338940992951393 21.6
      vertex -55.164156667888165 -20.338940992951393 21.91
    endloop
  endfacet
  facet normal 0 0 1
    outer loop
      vertex -55.80279012769461 -20.14521364122629 21.91
      vertex -55.164156667888165 -20.338940992951393 21.91
      vertex -55.710501708090305 -19.92240969091654 21.91
    endloop
  endfacet
  facet normal 0 0 1
    outer loop
      vertex -55.710501708090305 -19.92240969091654 21.91
      vertex -55.164156667888165 -20.338940992951393 21.91
      vertex -55.117108441889286 -20.102413579821587 21.91
    endloop
  endfacet
  facet normal -0.8819212745730243 -0.4713967176969862 0
    outer loop
      vertex -57.330617502331734 -18.891358137130737 21.6
      vertex -57.330617502331734 -18.891358137130737 21.91
      vertex -57.64521364122629 -18.302790127694607 21.91
    endloop
  endfacet
  facet normal -0.8819212745730243 -0.4713967176969862 0
    outer loop
      vertex -57.330617502331734 -18.891358137130737 21.6
      vertex -57.64521364122629 -18.302790127694607 21.91
      vertex -57.64521364122629 -18.302790127694607 21.6
    endloop
  endfacet
  facet normal 0 0 1
    outer loop
      vertex -57.330617502331734 -18.891358137130737 21.91
      vertex -57.13009924441576 -18.757376119494438 21.91
      vertex -57.42240969091654 -18.210501708090305 21.91
    endloop
  endfacet
  facet normal 0 0 1
    outer loop
      vertex -57.330617502331734 -18.891358137130737 21.91
      vertex -57.42240969091654 -18.210501708090305 21.91
      vertex -57.64521364122629 -18.302790127694607 21.91
    endloop
  endfacet
  facet normal -0.9569403326553638 -0.2902846873974606 0
    outer loop
      vertex -57.64521364122629 -18.302790127694607 21.6
      vertex -57.64521364122629 -18.302790127694607 21.91
      vertex -57.83894099295139 -17.664156660437584 21.91
    endloop
  endfacet
  facet normal -0.9569403326553638 -0.2902846873974606 0
    outer loop
      vertex -57.64521364122629 -18.302790127694607 21.6
      vertex -57.83894099295139 -17.664156660437584 21.91
      vertex -57.83894099295139 -17.664156660437584 21.6
    endloop
  endfacet
  facet normal 0 0 1
    outer loop
      vertex -57.64521364122629 -18.302790127694607 21.91
      vertex -57.60241357982159 -17.617108434438705 21.91
      vertex -57.83894099295139 -17.664156660437584 21.91
    endloop
  endfacet
  facet normal 0 0 1
    outer loop
      vertex -57.64521364122629 -18.302790127694607 21.91
      vertex -57.42240969091654 -18.210501708090305 21.91
      vertex -57.60241357982159 -17.617108434438705 21.91
    endloop
  endfacet
  facet normal -0.9951847278532423 -0.0980171283382036 0
    outer loop
      vertex -57.83894099295139 -17.664156660437584 21.6
      vertex -57.83894099295139 -17.664156660437584 21.91
      vertex -57.90435470640659 -17 21.91
    endloop
  endfacet
  facet normal 0 0 1
    outer loop
      vertex -57.83894099295139 -17.664156660437584 21.91
      vertex -57.60241357982159 -17.617108434438705 21.91
      vertex -57.663193449378014 -17 21.91
    endloop
  endfacet
  facet normal -0.9951847278532423 -0.0980171283382036 0
    outer loop
      vertex -57.83894099295139 -17.664156660437584 21.6
      vertex -57.90435470640659 -17 21.91
      vertex -57.90435470640659 -17 21.6
    endloop
  endfacet
  facet normal 0 0 1
    outer loop
      vertex -57.83894099295139 -17.664156660437584 21.91
      vertex -57.663193449378014 -17 21.91
      vertex -57.90435470640659 -17 21.91
    endloop
  endfacet
  facet normal -0.09801714414092393 -0.9951847262968104 0
    outer loop
      vertex -55.164156667888165 -20.338940992951393 21.6
      vertex -54.54421412944794 -20.400000005960464 21.6
      vertex -55.164156667888165 -20.338940992951393 21.91
    endloop
  endfacet
  facet normal 0 0 1
    outer loop
      vertex -55.164156667888165 -20.338940992951393 21.91
      vertex -54.53242368996143 -20.160000003874302 21.91
      vertex -55.117108441889286 -20.102413579821587 21.91
    endloop
  endfacet
  facet normal -0.09801714414092393 -0.9951847262968104 0
    outer loop
      vertex -55.164156667888165 -20.338940992951393 21.91
      vertex -54.54421412944794 -20.400000005960464 21.6
      vertex -54.54421412944794 -20.400000005960464 21.91
    endloop
  endfacet
  facet normal 0 0 1
    outer loop
      vertex -55.164156667888165 -20.338940992951393 21.91
      vertex -54.54421412944794 -20.400000005960464 21.91
      vertex -54.53242368996143 -20.160000003874302 21.91
    endloop
  endfacet
  facet normal 0 -1 0
    outer loop
      vertex -54.54421412944794 -20.400000005960464 21.6
      vertex -49.45578587055206 -20.400000005960464 21.6
      vertex -54.54421412944794 -20.400000005960464 21.91
    endloop
  endfacet
  facet normal 0 0 1
    outer loop
      vertex -54.54421412944794 -20.400000005960464 21.91
      vertex -49.46757631003857 -20.160000003874302 21.91
      vertex -54.53242368996143 -20.160000003874302 21.91
    endloop
  endfacet
  facet normal 0 0 1
    outer loop
      vertex -57.90435470640659 -17 21.91
      vertex -57.663193449378014 -17 21.91
      vertex -57.60241357982159 -16.382891565561295 21.91
    endloop
  endfacet
  facet normal -0.9951847278532423 0.0980171283382036 0
    outer loop
      vertex -57.90435470640659 -17 21.6
      vertex -57.90435470640659 -17 21.91
      vertex -57.83894099295139 -16.335843339562416 21.91
    endloop
  endfacet
  facet normal -0.9951847278532423 0.0980171283382036 0
    outer loop
      vertex -57.90435470640659 -17 21.6
      vertex -57.83894099295139 -16.335843339562416 21.91
      vertex -57.83894099295139 -16.335843339562416 21.6
    endloop
  endfacet
  facet normal 0 0 1
    outer loop
      vertex -57.90435470640659 -17 21.91
      vertex -57.60241357982159 -16.382891565561295 21.91
      vertex -57.83894099295139 -16.335843339562416 21.91
    endloop
  endfacet
  facet normal 0 0 1
    outer loop
      vertex -57.60241357982159 -16.382891565561295 21.91
      vertex -57.42240969091654 -15.789498291909695 21.91
      vertex -57.83894099295139 -16.335843339562416 21.91
    endloop
  endfacet
  facet normal -0.9569403326553638 0.2902846873974606 0
    outer loop
      vertex -57.83894099295139 -16.335843339562416 21.6
      vertex -57.83894099295139 -16.335843339562416 21.91
      vertex -57.64521364122629 -15.697209872305393 21.91
    endloop
  endfacet
  facet normal 0 0 1
    outer loop
      vertex -57.83894099295139 -16.335843339562416 21.91
      vertex -57.42240969091654 -15.789498291909695 21.91
      vertex -57.64521364122629 -15.697209872305393 21.91
    endloop
  endfacet
  facet normal -0.9569403326553638 0.2902846873974606 0
    outer loop
      vertex -57.83894099295139 -16.335843339562416 21.6
      vertex -57.64521364122629 -15.697209872305393 21.91
      vertex -57.64521364122629 -15.697209872305393 21.6
    endloop
  endfacet
  facet normal 0 0 1
    outer loop
      vertex -57.42240969091654 -15.789498291909695 21.91
      vertex -57.13009924441576 -15.242623880505562 21.91
      vertex -57.64521364122629 -15.697209872305393 21.91
    endloop
  endfacet
  facet normal -0.8819212745730243 0.4713967176969862 0
    outer loop
      vertex -57.64521364122629 -15.697209872305393 21.6
      vertex -57.64521364122629 -15.697209872305393 21.91
      vertex -57.330617502331734 -15.108641862869263 21.91
    endloop
  endfacet
  facet normal -0.8819212745730243 0.4713967176969862 0
    outer loop
      vertex -57.64521364122629 -15.697209872305393 21.6
      vertex -57.330617502331734 -15.108641862869263 21.91
      vertex -57.330617502331734 -15.108641862869263 21.6
    endloop
  endfacet
  facet normal 0 0 1
    outer loop
      vertex -57.64521364122629 -15.697209872305393 21.91
      vertex -57.13009924441576 -15.242623880505562 21.91
      vertex -57.330617502331734 -15.108641862869263 21.91
    endloop
  endfacet
  facet normal -0.7730104325548794 0.6343933095180923 0
    outer loop
      vertex -57.330617502331734 -15.108641862869263 21.6
      vertex -57.330617502331734 -15.108641862869263 21.91
      vertex -56.90724229067564 -14.59275770932436 21.91
    endloop
  endfacet
  facet normal 0 0 1
    outer loop
      vertex -57.330617502331734 -15.108641862869263 21.91
      vertex -57.13009924441576 -15.242623880505562 21.91
      vertex -56.7367155328393 -14.763284467160702 21.91
    endloop
  endfacet
  facet normal 0 0 1
    outer loop
      vertex -57.330617502331734 -15.108641862869263 21.91
      vertex -56.7367155328393 -14.763284467160702 21.91
      vertex -56.90724229067564 -14.59275770932436 21.91
    endloop
  endfacet
  facet normal -0.7730104325548794 0.6343933095180923 0
    outer loop
      vertex -57.330617502331734 -15.108641862869263 21.6
      vertex -56.90724229067564 -14.59275770932436 21.91
      vertex -56.90724229067564 -14.59275770932436 21.6
    endloop
  endfacet
  facet normal 0 0 1
    outer loop
      vertex -56.7367155328393 -14.763284467160702 21.91
      vertex -56.25737611949444 -14.36990075558424 21.91
      vertex -56.90724229067564 -14.59275770932436 21.91
    endloop
  endfacet
  facet normal -0.6343933095180923 0.7730104325548794 0
    outer loop
      vertex -56.90724229067564 -14.59275770932436 21.6
      vertex -56.90724229067564 -14.59275770932436 21.91
      vertex -56.39135813713074 -14.169382497668266 21.91
    endloop
  endfacet
  facet normal 0 0 1
    outer loop
      vertex -56.90724229067564 -14.59275770932436 21.91
      vertex -56.25737611949444 -14.36990075558424 21.91
      vertex -56.39135813713074 -14.169382497668266 21.91
    endloop
  endfacet
  facet normal -0.6343933095180923 0.7730104325548794 0
    outer loop
      vertex -56.90724229067564 -14.59275770932436 21.6
      vertex -56.39135813713074 -14.169382497668266 21.91
      vertex -56.39135813713074 -14.169382497668266 21.6
    endloop
  endfacet
  facet normal 0 0 1
    outer loop
      vertex -56.25737611949444 -14.36990075558424 21.91
      vertex -55.710501708090305 -14.077590309083462 21.91
      vertex -56.39135813713074 -14.169382497668266 21.91
    endloop
  endfacet
  facet normal -0.4713967176969862 0.8819212745730243 0
    outer loop
      vertex -56.39135813713074 -14.169382497668266 21.6
      vertex -56.39135813713074 -14.169382497668266 21.91
      vertex -55.80279012769461 -13.854786358773708 21.91
    endloop
  endfacet
  facet normal 0 0 1
    outer loop
      vertex -56.39135813713074 -14.169382497668266 21.91
      vertex -55.710501708090305 -14.077590309083462 21.91
      vertex -55.80279012769461 -13.854786358773708 21.91
    endloop
  endfacet
  facet normal -0.4713967176969862 0.8819212745730243 0
    outer loop
      vertex -56.39135813713074 -14.169382497668266 21.6
      vertex -55.80279012769461 -13.854786358773708 21.91
      vertex -55.80279012769461 -13.854786358773708 21.6
    endloop
  endfacet
  facet normal -0.2902846904986786 0.9569403317146197 0
    outer loop
      vertex -55.80279012769461 -13.854786358773708 21.6
      vertex -55.80279012769461 -13.854786358773708 21.91
      vertex -55.164156667888165 -13.661059007048607 21.91
    endloop
  endfacet
  facet normal 0 0 1
    outer loop
      vertex -55.710501708090305 -14.077590309083462 21.91
      vertex -55.117108441889286 -13.897586420178413 21.91
      vertex -55.80279012769461 -13.854786358773708 21.91
    endloop
  endfacet
  facet normal -0.2902846904986786 0.9569403317146197 0
    outer loop
      vertex -55.80279012769461 -13.854786358773708 21.6
      vertex -55.164156667888165 -13.661059007048607 21.91
      vertex -55.164156667888165 -13.661059007048607 21.6
    endloop
  endfacet
  facet normal 0 0 1
    outer loop
      vertex -55.80279012769461 -13.854786358773708 21.91
      vertex -55.117108441889286 -13.897586420178413 21.91
      vertex -54.53242368996143 -13.839999996125698 21.91
    endloop
  endfacet
  facet normal 0 0 1
    outer loop
      vertex -55.80279012769461 -13.854786358773708 21.91
      vertex -54.54421412944794 -13.599999994039536 21.91
      vertex -55.164156667888165 -13.661059007048607 21.91
    endloop
  endfacet
  facet normal -0.09801714414092393 0.9951847262968104 0
    outer loop
      vertex -55.164156667888165 -13.661059007048607 21.6
      vertex -55.164156667888165 -13.661059007048607 21.91
      vertex -54.54421412944794 -13.599999994039536 21.91
    endloop
  endfacet
  facet normal -0.09801714414092393 0.9951847262968104 0
    outer loop
      vertex -55.164156667888165 -13.661059007048607 21.6
      vertex -54.54421412944794 -13.599999994039536 21.91
      vertex -54.54421412944794 -13.599999994039536 21.6
    endloop
  endfacet
  facet normal 0 0 1
    outer loop
      vertex -55.80279012769461 -13.854786358773708 21.91
      vertex -49.45578587055206 -13.599999994039536 21.91
      vertex -54.54421412944794 -13.599999994039536 21.91
    endloop
  endfacet
  facet normal 0 0 1
    outer loop
      vertex -55.80279012769461 -13.854786358773708 21.91
      vertex -54.53242368996143 -13.839999996125698 21.91
      vertex -49.45578587055206 -13.599999994039536 21.91
    endloop
  endfacet
  facet normal 0 1 0
    outer loop
      vertex -54.54421412944794 -13.599999994039536 21.6
      vertex -54.54421412944794 -13.599999994039536 21.91
      vertex -49.45578587055206 -13.599999994039536 21.91
    endloop
  endfacet
  facet normal 0 -1 0
    outer loop
      vertex -54.54421412944794 -20.400000005960464 21.91
      vertex -49.45578587055206 -20.400000005960464 21.6
      vertex -49.45578587055206 -20.400000005960464 21.91
    endloop
  endfacet
  facet normal 0 0 1
    outer loop
      vertex -54.54421412944794 -20.400000005960464 21.91
      vertex -49.45578587055206 -20.400000005960464 21.91
      vertex -48.19720987230539 -20.14521364122629 21.91
    endloop
  endfacet
  facet normal 0 0 1
    outer loop
      vertex -54.54421412944794 -20.400000005960464 21.91
      vertex -48.19720987230539 -20.14521364122629 21.91
      vertex -49.46757631003857 -20.160000003874302 21.91
    endloop
  endfacet
  facet normal 0.09801714414092393 -0.9951847262968104 0
    outer loop
      vertex -49.45578587055206 -20.400000005960464 21.6
      vertex -48.835843332111835 -20.338940992951393 21.6
      vertex -49.45578587055206 -20.400000005960464 21.91
    endloop
  endfacet
  facet normal 0.09801714414092393 -0.9951847262968104 0
    outer loop
      vertex -49.45578587055206 -20.400000005960464 21.91
      vertex -48.835843332111835 -20.338940992951393 21.6
      vertex -48.835843332111835 -20.338940992951393 21.91
    endloop
  endfacet
  facet normal 0 0 1
    outer loop
      vertex -49.45578587055206 -20.400000005960464 21.91
      vertex -48.835843332111835 -20.338940992951393 21.91
      vertex -48.19720987230539 -20.14521364122629 21.91
    endloop
  endfacet
  facet normal 0 0 1
    outer loop
      vertex -49.46757631003857 -20.160000003874302 21.91
      vertex -48.19720987230539 -20.14521364122629 21.91
      vertex -48.882891558110714 -20.102413579821587 21.91
    endloop
  endfacet
  facet normal 0.2902846904986786 -0.9569403317146197 0
    outer loop
      vertex -48.835843332111835 -20.338940992951393 21.6
      vertex -48.19720987230539 -20.14521364122629 21.6
      vertex -48.835843332111835 -20.338940992951393 21.91
    endloop
  endfacet
  facet normal 0.2902846904986786 -0.9569403317146197 0
    outer loop
      vertex -48.835843332111835 -20.338940992951393 21.91
      vertex -48.19720987230539 -20.14521364122629 21.6
      vertex -48.19720987230539 -20.14521364122629 21.91
    endloop
  endfacet
  facet normal 0 0 1
    outer loop
      vertex -48.882891558110714 -20.102413579821587 21.91
      vertex -48.19720987230539 -20.14521364122629 21.91
      vertex -48.289498291909695 -19.92240969091654 21.91
    endloop
  endfacet
  facet normal 0.4713967176969862 -0.8819212745730243 0
    outer loop
      vertex -48.19720987230539 -20.14521364122629 21.6
      vertex -47.60864186286926 -19.830617502331734 21.6
      vertex -48.19720987230539 -20.14521364122629 21.91
    endloop
  endfacet
  facet normal 0 0 1
    outer loop
      vertex -48.19720987230539 -20.14521364122629 21.91
      vertex -47.60864186286926 -19.830617502331734 21.91
      vertex -48.289498291909695 -19.92240969091654 21.91
    endloop
  endfacet
  facet normal 0.4713967176969862 -0.8819212745730243 0
    outer loop
      vertex -48.19720987230539 -20.14521364122629 21.91
      vertex -47.60864186286926 -19.830617502331734 21.6
      vertex -47.60864186286926 -19.830617502331734 21.91
    endloop
  endfacet
  facet normal 0 0 1
    outer loop
      vertex -48.289498291909695 -19.92240969091654 21.91
      vertex -47.60864186286926 -19.830617502331734 21.91
      vertex -47.74262388050556 -19.63009924441576 21.91
    endloop
  endfacet
  facet normal 0 0 1
    outer loop
      vertex -47.74262388050556 -19.63009924441576 21.91
      vertex -47.60864186286926 -19.830617502331734 21.91
      vertex -47.3 -19.57732165457154 21.91
    endloop
  endfacet
  facet normal 0.6343933095180896 -0.7730104325548818 0
    outer loop
      vertex -47.60864186286926 -19.830617502331734 21.6
      vertex -47.3 -19.57732165457154 21.91
      vertex -47.60864186286926 -19.830617502331734 21.91
    endloop
  endfacet
  facet normal 0.6343933095180896 -0.7730104325548818 -1.8103208975923282e-17
    outer loop
      vertex -47.60864186286926 -19.830617502331734 21.6
      vertex -47.3 -19.57732165457154 21.6
      vertex -47.3 -19.57732165457154 21.91
    endloop
  endfacet
  facet normal 0 0 1
    outer loop
      vertex -47.74262388050556 -19.63009924441576 21.91
      vertex -47.3 -19.57732165457154 21.91
      vertex -47.3 -19.266847193576403 21.91
    endloop
  endfacet
  facet normal 0 0 1
    outer loop
      vertex -54.53242368996143 -13.839999996125698 21.91
      vertex -49.46757631003857 -13.839999996125698 21.91
      vertex -49.45578587055206 -13.599999994039536 21.91
    endloop
  endfacet
  facet normal 0 1 0
    outer loop
      vertex -54.54421412944794 -13.599999994039536 21.6
      vertex -49.45578587055206 -13.599999994039536 21.91
      vertex -49.45578587055206 -13.599999994039536 21.6
    endloop
  endfacet
  facet normal 0 0 1
    outer loop
      vertex -49.46757631003857 -13.839999996125698 21.91
      vertex -48.835843332111835 -13.661059007048607 21.91
      vertex -49.45578587055206 -13.599999994039536 21.91
    endloop
  endfacet
  facet normal 0.09801714414092393 0.9951847262968104 0
    outer loop
      vertex -49.45578587055206 -13.599999994039536 21.6
      vertex -49.45578587055206 -13.599999994039536 21.91
      vertex -48.835843332111835 -13.661059007048607 21.91
    endloop
  endfacet
  facet normal 0 0 1
    outer loop
      vertex -49.46757631003857 -13.839999996125698 21.91
      vertex -48.882891558110714 -13.897586420178413 21.91
      vertex -48.835843332111835 -13.661059007048607 21.91
    endloop
  endfacet
  facet normal 0.09801714414092393 0.9951847262968104 0
    outer loop
      vertex -49.45578587055206 -13.599999994039536 21.6
      vertex -48.835843332111835 -13.661059007048607 21.91
      vertex -48.835843332111835 -13.661059007048607 21.6
    endloop
  endfacet
  facet normal 0 0 1
    outer loop
      vertex -48.882891558110714 -13.897586420178413 21.91
      vertex -48.289498291909695 -14.077590309083462 21.91
      vertex -48.835843332111835 -13.661059007048607 21.91
    endloop
  endfacet
  facet normal 0 0 1
    outer loop
      vertex -47.3 -14.733152806423599 21.91
      vertex -47.3 -14.42267834542846 21.91
      vertex -47.74262388050556 -14.36990075558424 21.91
    endloop
  endfacet
  facet normal 0 0 1
    outer loop
      vertex -48.289498291909695 -14.077590309083462 21.91
      vertex -47.74262388050556 -14.36990075558424 21.91
      vertex -48.19720987230539 -13.854786358773708 21.91
    endloop
  endfacet
  facet normal 0 0 1
    outer loop
      vertex -48.835843332111835 -13.661059007048607 21.91
      vertex -48.289498291909695 -14.077590309083462 21.91
      vertex -48.19720987230539 -13.854786358773708 21.91
    endloop
  endfacet
  facet normal 0.2902846904986786 0.9569403317146197 0
    outer loop
      vertex -48.835843332111835 -13.661059007048607 21.6
      vertex -48.835843332111835 -13.661059007048607 21.91
      vertex -48.19720987230539 -13.854786358773708 21.91
    endloop
  endfacet
  facet normal 0.2902846904986786 0.9569403317146197 0
    outer loop
      vertex -48.835843332111835 -13.661059007048607 21.6
      vertex -48.19720987230539 -13.854786358773708 21.91
      vertex -48.19720987230539 -13.854786358773708 21.6
    endloop
  endfacet
  facet normal 0.4713967176969862 0.8819212745730243 0
    outer loop
      vertex -48.19720987230539 -13.854786358773708 21.6
      vertex -48.19720987230539 -13.854786358773708 21.91
      vertex -47.60864186286926 -14.169382497668266 21.91
    endloop
  endfacet
  facet normal 0 0 1
    outer loop
      vertex -48.19720987230539 -13.854786358773708 21.91
      vertex -47.74262388050556 -14.36990075558424 21.91
      vertex -47.60864186286926 -14.169382497668266 21.91
    endloop
  endfacet
  facet normal 0.4713967176969862 0.8819212745730243 0
    outer loop
      vertex -48.19720987230539 -13.854786358773708 21.6
      vertex -47.60864186286926 -14.169382497668266 21.91
      vertex -47.60864186286926 -14.169382497668266 21.6
    endloop
  endfacet
  facet normal 0.6343933095180923 0.7730104325548796 -3.8648058019818934e-17
    outer loop
      vertex -47.3 -14.42267834542846 21.6
      vertex -47.60864186286926 -14.169382497668266 21.6
      vertex -47.60864186286926 -14.169382497668266 21.91
    endloop
  endfacet
  facet normal 0 0 1
    outer loop
      vertex -47.74262388050556 -14.36990075558424 21.91
      vertex -47.3 -14.42267834542846 21.91
      vertex -47.60864186286926 -14.169382497668266 21.91
    endloop
  endfacet
  facet normal 0.6343933095180923 0.7730104325548796 0
    outer loop
      vertex -47.3 -14.42267834542846 21.6
      vertex -47.60864186286926 -14.169382497668266 21.91
      vertex -47.3 -14.42267834542846 21.91
    endloop
  endfacet
  facet normal -0.7730104364103215 -0.6343933048202232 0
    outer loop
      vertex -56.7367155328393 -19.2367155328393 22.21
      vertex -57.13009924441576 -18.757376119494438 22.21
      vertex -57.13009924441576 -18.757376119494438 21.91
    endloop
  endfacet
  facet normal -0.7730104364103215 -0.6343933048202232 0
    outer loop
      vertex -56.7367155328393 -19.2367155328393 21.91
      vertex -56.7367155328393 -19.2367155328393 22.21
      vertex -57.13009924441576 -18.757376119494438 21.91
    endloop
  endfacet
  facet normal 0 0 1
    outer loop
      vertex -56.7367155328393 -19.2367155328393 22.21
      vertex -56.566188775002956 -19.066188775002956 22.21
      vertex -57.13009924441576 -18.757376119494438 22.21
    endloop
  endfacet
  facet normal 0 0 1
    outer loop
      vertex -57.13009924441576 -18.757376119494438 22.21
      vertex -56.566188775002956 -19.066188775002956 22.21
      vertex -56.929580986499786 -18.62339410185814 22.21
    endloop
  endfacet
  facet normal -0.4713967163040423 -0.8819212753175684 0
    outer loop
      vertex -56.25737611949444 -19.63009924441576 21.91
      vertex -55.710501708090305 -19.92240969091654 22.21
      vertex -56.25737611949444 -19.63009924441576 22.21
    endloop
  endfacet
  facet normal 0 0 1
    outer loop
      vertex -56.25737611949444 -19.63009924441576 22.21
      vertex -55.618213295936584 -19.699605740606785 22.21
      vertex -56.12339410185814 -19.429580986499786 22.21
    endloop
  endfacet
  facet normal -0.2902846913251574 -0.9569403314639101 0
    outer loop
      vertex -55.710501708090305 -19.92240969091654 21.91
      vertex -55.117108441889286 -20.102413579821587 22.21
      vertex -55.710501708090305 -19.92240969091654 22.21
    endloop
  endfacet
  facet normal -0.2902846913251574 -0.9569403314639101 0
    outer loop
      vertex -55.710501708090305 -19.92240969091654 21.91
      vertex -55.117108441889286 -20.102413579821587 21.91
      vertex -55.117108441889286 -20.102413579821587 22.21
    endloop
  endfacet
  facet normal -0.4713967163040423 -0.8819212753175684 0
    outer loop
      vertex -56.25737611949444 -19.63009924441576 21.91
      vertex -55.710501708090305 -19.92240969091654 21.91
      vertex -55.710501708090305 -19.92240969091654 22.21
    endloop
  endfacet
  facet normal 0 0 1
    outer loop
      vertex -56.25737611949444 -19.63009924441576 22.21
      vertex -55.710501708090305 -19.92240969091654 22.21
      vertex -55.618213295936584 -19.699605740606785 22.21
    endloop
  endfacet
  facet normal 0 0 1
    outer loop
      vertex -55.710501708090305 -19.92240969091654 22.21
      vertex -55.07006020843983 -19.86588616669178 22.21
      vertex -55.618213295936584 -19.699605740606785 22.21
    endloop
  endfacet
  facet normal -0.6343933048202232 -0.7730104364103215 0
    outer loop
      vertex -56.7367155328393 -19.2367155328393 21.91
      vertex -56.25737611949444 -19.63009924441576 21.91
      vertex -56.25737611949444 -19.63009924441576 22.21
    endloop
  endfacet
  facet normal -0.6343933048202232 -0.7730104364103215 0
    outer loop
      vertex -56.7367155328393 -19.2367155328393 21.91
      vertex -56.25737611949444 -19.63009924441576 22.21
      vertex -56.7367155328393 -19.2367155328393 22.21
    endloop
  endfacet
  facet normal 0 0 1
    outer loop
      vertex -56.7367155328393 -19.2367155328393 22.21
      vertex -56.25737611949444 -19.63009924441576 22.21
      vertex -56.12339410185814 -19.429580986499786 22.21
    endloop
  endfacet
  facet normal 0 0 1
    outer loop
      vertex -56.7367155328393 -19.2367155328393 22.21
      vertex -56.12339410185814 -19.429580986499786 22.21
      vertex -56.566188775002956 -19.066188775002956 22.21
    endloop
  endfacet
  facet normal -0.8819212753175684 -0.4713967163040423 0
    outer loop
      vertex -57.13009924441576 -18.757376119494438 22.21
      vertex -57.42240969091654 -18.210501708090305 22.21
      vertex -57.42240969091654 -18.210501708090305 21.91
    endloop
  endfacet
  facet normal -0.9569403324763766 -0.2902846879875031 0
    outer loop
      vertex -57.42240969091654 -18.210501708090305 21.91
      vertex -57.42240969091654 -18.210501708090305 22.21
      vertex -57.60241357982159 -17.617108434438705 21.91
    endloop
  endfacet
  facet normal 0 0 1
    outer loop
      vertex -57.42240969091654 -18.210501708090305 22.21
      vertex -57.199605740606785 -18.118213295936584 22.21
      vertex -57.60241357982159 -17.617108434438705 22.21
    endloop
  endfacet
  facet normal -0.8819212753175684 -0.4713967163040423 0
    outer loop
      vertex -57.13009924441576 -18.757376119494438 21.91
      vertex -57.13009924441576 -18.757376119494438 22.21
      vertex -57.42240969091654 -18.210501708090305 21.91
    endloop
  endfacet
  facet normal 0 0 1
    outer loop
      vertex -57.13009924441576 -18.757376119494438 22.21
      vertex -56.929580986499786 -18.62339410185814 22.21
      vertex -57.42240969091654 -18.210501708090305 22.21
    endloop
  endfacet
  facet normal 0 0 1
    outer loop
      vertex -57.42240969091654 -18.210501708090305 22.21
      vertex -56.929580986499786 -18.62339410185814 22.21
      vertex -57.199605740606785 -18.118213295936584 22.21
    endloop
  endfacet
  facet normal -0.9569403324763766 -0.2902846879875031 0
    outer loop
      vertex -57.42240969091654 -18.210501708090305 22.21
      vertex -57.60241357982159 -17.617108434438705 22.21
      vertex -57.60241357982159 -17.617108434438705 21.91
    endloop
  endfacet
  facet normal 0 0 1
    outer loop
      vertex -57.199605740606785 -18.118213295936584 22.21
      vertex -57.36588616669178 -17.570060208439827 22.21
      vertex -57.60241357982159 -17.617108434438705 22.21
    endloop
  endfacet
  facet normal -0.9951847276435648 -0.09801713046709641 0
    outer loop
      vertex -57.60241357982159 -17.617108434438705 21.91
      vertex -57.60241357982159 -17.617108434438705 22.21
      vertex -57.663193449378014 -17 21.91
    endloop
  endfacet
  facet normal -0.9951847276435648 -0.09801713046709641 0
    outer loop
      vertex -57.60241357982159 -17.617108434438705 22.21
      vertex -57.663193449378014 -17 22.21
      vertex -57.663193449378014 -17 21.91
    endloop
  endfacet
  facet normal 0 0 1
    outer loop
      vertex -57.60241357982159 -17.617108434438705 22.21
      vertex -57.36588616669178 -17.570060208439827 22.21
      vertex -57.663193449378014 -17 22.21
    endloop
  endfacet
  facet normal 0 0 1
    outer loop
      vertex -57.36588616669178 -17.570060208439827 22.21
      vertex -57.422032192349434 -17 22.21
      vertex -57.663193449378014 -17 22.21
    endloop
  endfacet
  facet normal -0.09801714423002408 -0.9951847262880348 0
    outer loop
      vertex -55.117108441889286 -20.102413579821587 21.91
      vertex -54.53242368996143 -20.160000003874302 22.21
      vertex -55.117108441889286 -20.102413579821587 22.21
    endloop
  endfacet
  facet normal -0.09801714423002408 -0.9951847262880348 0
    outer loop
      vertex -55.117108441889286 -20.102413579821587 21.91
      vertex -54.53242368996143 -20.160000003874302 21.91
      vertex -54.53242368996143 -20.160000003874302 22.21
    endloop
  endfacet
  facet normal 0 0 1
    outer loop
      vertex -55.710501708090305 -19.92240969091654 22.21
      vertex -55.117108441889286 -20.102413579821587 22.21
      vertex -54.52063324302435 -19.92000000178814 22.21
    endloop
  endfacet
  facet normal 0 0 1
    outer loop
      vertex -55.710501708090305 -19.92240969091654 22.21
      vertex -54.52063324302435 -19.92000000178814 22.21
      vertex -55.07006020843983 -19.86588616669178 22.21
    endloop
  endfacet
  facet normal 0 -1 0
    outer loop
      vertex -54.53242368996143 -20.160000003874302 21.91
      vertex -49.46757631003857 -20.160000003874302 22.21
      vertex -54.53242368996143 -20.160000003874302 22.21
    endloop
  endfacet
  facet normal 0 0 1
    outer loop
      vertex -55.117108441889286 -20.102413579821587 22.21
      vertex -54.53242368996143 -20.160000003874302 22.21
      vertex -49.47936675697565 -19.92000000178814 22.21
    endloop
  endfacet
  facet normal 0 0 1
    outer loop
      vertex -55.117108441889286 -20.102413579821587 22.21
      vertex -49.47936675697565 -19.92000000178814 22.21
      vertex -54.52063324302435 -19.92000000178814 22.21
    endloop
  endfacet
  facet normal -0.9951847276435648 0.09801713046709641 0
    outer loop
      vertex -57.663193449378014 -17 21.91
      vertex -57.663193449378014 -17 22.21
      vertex -57.60241357982159 -16.382891565561295 21.91
    endloop
  endfacet
  facet normal -0.9951847276435648 0.09801713046709641 0
    outer loop
      vertex -57.663193449378014 -17 22.21
      vertex -57.60241357982159 -16.382891565561295 22.21
      vertex -57.60241357982159 -16.382891565561295 21.91
    endloop
  endfacet
  facet normal 0 0 1
    outer loop
      vertex -57.663193449378014 -17 22.21
      vertex -57.422032192349434 -17 22.21
      vertex -57.60241357982159 -16.382891565561295 22.21
    endloop
  endfacet
  facet normal 0 0 1
    outer loop
      vertex -57.422032192349434 -17 22.21
      vertex -57.36588616669178 -16.429939791560173 22.21
      vertex -57.60241357982159 -16.382891565561295 22.21
    endloop
  endfacet
  facet normal -0.9569403324763766 0.2902846879875031 0
    outer loop
      vertex -57.60241357982159 -16.382891565561295 21.91
      vertex -57.60241357982159 -16.382891565561295 22.21
      vertex -57.42240969091654 -15.789498291909695 21.91
    endloop
  endfacet
  facet normal 0 0 1
    outer loop
      vertex -57.60241357982159 -16.382891565561295 22.21
      vertex -57.36588616669178 -16.429939791560173 22.21
      vertex -57.42240969091654 -15.789498291909695 22.21
    endloop
  endfacet
  facet normal -0.9569403324763766 0.2902846879875031 0
    outer loop
      vertex -57.60241357982159 -16.382891565561295 22.21
      vertex -57.42240969091654 -15.789498291909695 22.21
      vertex -57.42240969091654 -15.789498291909695 21.91
    endloop
  endfacet
  facet normal 0 0 1
    outer loop
      vertex -57.36588616669178 -16.429939791560173 22.21
      vertex -57.199605740606785 -15.881786704063416 22.21
      vertex -57.42240969091654 -15.789498291909695 22.21
    endloop
  endfacet
  facet normal -0.8819212753175684 0.4713967163040423 0
    outer loop
      vertex -57.42240969091654 -15.789498291909695 21.91
      vertex -57.42240969091654 -15.789498291909695 22.21
      vertex -57.13009924441576 -15.242623880505562 21.91
    endloop
  endfacet
  facet normal 0 0 1
    outer loop
      vertex -57.42240969091654 -15.789498291909695 22.21
      vertex -57.199605740606785 -15.881786704063416 22.21
      vertex -57.13009924441576 -15.242623880505562 22.21
    endloop
  endfacet
  facet normal -0.8819212753175684 0.4713967163040423 0
    outer loop
      vertex -57.42240969091654 -15.789498291909695 22.21
      vertex -57.13009924441576 -15.242623880505562 22.21
      vertex -57.13009924441576 -15.242623880505562 21.91
    endloop
  endfacet
  facet normal 0 0 1
    outer loop
      vertex -57.199605740606785 -15.881786704063416 22.21
      vertex -56.929580986499786 -15.376605898141861 22.21
      vertex -57.13009924441576 -15.242623880505562 22.21
    endloop
  endfacet
  facet normal -0.7730104364103215 0.6343933048202232 0
    outer loop
      vertex -57.13009924441576 -15.242623880505562 21.91
      vertex -57.13009924441576 -15.242623880505562 22.21
      vertex -56.7367155328393 -14.763284467160702 21.91
    endloop
  endfacet
  facet normal -0.7730104364103215 0.6343933048202232 0
    outer loop
      vertex -57.13009924441576 -15.242623880505562 22.21
      vertex -56.7367155328393 -14.763284467160702 22.21
      vertex -56.7367155328393 -14.763284467160702 21.91
    endloop
  endfacet
  facet normal 0 0 1
    outer loop
      vertex -56.929580986499786 -15.376605898141861 22.21
      vertex -56.7367155328393 -14.763284467160702 22.21
      vertex -57.13009924441576 -15.242623880505562 22.21
    endloop
  endfacet
  facet normal 0 0 1
    outer loop
      vertex -56.929580986499786 -15.376605898141861 22.21
      vertex -56.566188775002956 -14.933811224997044 22.21
      vertex -56.7367155328393 -14.763284467160702 22.21
    endloop
  endfacet
  facet normal -0.6343933048202232 0.7730104364103215 0
    outer loop
      vertex -56.7367155328393 -14.763284467160702 21.91
      vertex -56.7367155328393 -14.763284467160702 22.21
      vertex -56.25737611949444 -14.36990075558424 21.91
    endloop
  endfacet
  facet normal -0.6343933048202232 0.7730104364103215 0
    outer loop
      vertex -56.7367155328393 -14.763284467160702 22.21
      vertex -56.25737611949444 -14.36990075558424 22.21
      vertex -56.25737611949444 -14.36990075558424 21.91
    endloop
  endfacet
  facet normal 0 0 1
    outer loop
      vertex -56.7367155328393 -14.763284467160702 22.21
      vertex -56.566188775002956 -14.933811224997044 22.21
      vertex -56.25737611949444 -14.36990075558424 22.21
    endloop
  endfacet
  facet normal 0 0 1
    outer loop
      vertex -56.566188775002956 -14.933811224997044 22.21
      vertex -56.12339410185814 -14.570419013500214 22.21
      vertex -56.25737611949444 -14.36990075558424 22.21
    endloop
  endfacet
  facet normal -0.4713967163040423 0.8819212753175684 0
    outer loop
      vertex -56.25737611949444 -14.36990075558424 21.91
      vertex -56.25737611949444 -14.36990075558424 22.21
      vertex -55.710501708090305 -14.077590309083462 21.91
    endloop
  endfacet
  facet normal 0 0 1
    outer loop
      vertex -56.12339410185814 -14.570419013500214 22.21
      vertex -55.710501708090305 -14.077590309083462 22.21
      vertex -56.25737611949444 -14.36990075558424 22.21
    endloop
  endfacet
  facet normal -0.4713967163040423 0.8819212753175684 0
    outer loop
      vertex -56.25737611949444 -14.36990075558424 22.21
      vertex -55.710501708090305 -14.077590309083462 22.21
      vertex -55.710501708090305 -14.077590309083462 21.91
    endloop
  endfacet
  facet normal 0 0 1
    outer loop
      vertex -56.12339410185814 -14.570419013500214 22.21
      vertex -55.618213295936584 -14.300394259393215 22.21
      vertex -55.710501708090305 -14.077590309083462 22.21
    endloop
  endfacet
  facet normal 0 0 1
    outer loop
      vertex -55.618213295936584 -14.300394259393215 22.21
      vertex -55.07006020843983 -14.13411383330822 22.21
      vertex -55.710501708090305 -14.077590309083462 22.21
    endloop
  endfacet
  facet normal -0.2902846913251574 0.9569403314639101 0
    outer loop
      vertex -55.710501708090305 -14.077590309083462 21.91
      vertex -55.710501708090305 -14.077590309083462 22.21
      vertex -55.117108441889286 -13.897586420178413 21.91
    endloop
  endfacet
  facet normal -0.2902846913251574 0.9569403314639101 0
    outer loop
      vertex -55.710501708090305 -14.077590309083462 22.21
      vertex -55.117108441889286 -13.897586420178413 22.21
      vertex -55.117108441889286 -13.897586420178413 21.91
    endloop
  endfacet
  facet normal 0 0 1
    outer loop
      vertex -55.710501708090305 -14.077590309083462 22.21
      vertex -55.07006020843983 -14.13411383330822 22.21
      vertex -54.52063324302435 -14.07999999821186 22.21
    endloop
  endfacet
  facet normal -0.09801714423002408 0.9951847262880348 0
    outer loop
      vertex -55.117108441889286 -13.897586420178413 21.91
      vertex -55.117108441889286 -13.897586420178413 22.21
      vertex -54.53242368996143 -13.839999996125698 21.91
    endloop
  endfacet
  facet normal -0.09801714423002408 0.9951847262880348 0
    outer loop
      vertex -55.117108441889286 -13.897586420178413 22.21
      vertex -54.53242368996143 -13.839999996125698 22.21
      vertex -54.53242368996143 -13.839999996125698 21.91
    endloop
  endfacet
  facet normal 0 0 1
    outer loop
      vertex -55.710501708090305 -14.077590309083462 22.21
      vertex -54.53242368996143 -13.839999996125698 22.21
      vertex -55.117108441889286 -13.897586420178413 22.21
    endloop
  endfacet
  facet normal 0 1 0
    outer loop
      vertex -54.53242368996143 -13.839999996125698 21.91
      vertex -54.53242368996143 -13.839999996125698 22.21
      vertex -49.46757631003857 -13.839999996125698 21.91
    endloop
  endfacet
  facet normal 0 0 1
    outer loop
      vertex -55.710501708090305 -14.077590309083462 22.21
      vertex -54.52063324302435 -14.07999999821186 22.21
      vertex -49.46757631003857 -13.839999996125698 22.21
    endloop
  endfacet
  facet normal 0 0 1
    outer loop
      vertex -55.710501708090305 -14.077590309083462 22.21
      vertex -49.46757631003857 -13.839999996125698 22.21
      vertex -54.53242368996143 -13.839999996125698 22.21
    endloop
  endfacet
  facet normal 0 -1 0
    outer loop
      vertex -54.53242368996143 -20.160000003874302 21.91
      vertex -49.46757631003857 -20.160000003874302 21.91
      vertex -49.46757631003857 -20.160000003874302 22.21
    endloop
  endfacet
  facet normal 0 0 1
    outer loop
      vertex -54.53242368996143 -20.160000003874302 22.21
      vertex -49.46757631003857 -20.160000003874302 22.21
      vertex -48.289498291909695 -19.92240969091654 22.21
    endloop
  endfacet
  facet normal 0 0 1
    outer loop
      vertex -54.53242368996143 -20.160000003874302 22.21
      vertex -48.289498291909695 -19.92240969091654 22.21
      vertex -49.47936675697565 -19.92000000178814 22.21
    endloop
  endfacet
  facet normal 0.09801714423002408 -0.9951847262880348 0
    outer loop
      vertex -49.46757631003857 -20.160000003874302 21.91
      vertex -48.882891558110714 -20.102413579821587 22.21
      vertex -49.46757631003857 -20.160000003874302 22.21
    endloop
  endfacet
  facet normal 0.09801714423002408 -0.9951847262880348 0
    outer loop
      vertex -49.46757631003857 -20.160000003874302 21.91
      vertex -48.882891558110714 -20.102413579821587 21.91
      vertex -48.882891558110714 -20.102413579821587 22.21
    endloop
  endfacet
  facet normal 0.2902846913251574 -0.9569403314639101 0
    outer loop
      vertex -48.882891558110714 -20.102413579821587 21.91
      vertex -48.289498291909695 -19.92240969091654 22.21
      vertex -48.882891558110714 -20.102413579821587 22.21
    endloop
  endfacet
  facet normal 0 0 1
    outer loop
      vertex -49.46757631003857 -20.160000003874302 22.21
      vertex -48.882891558110714 -20.102413579821587 22.21
      vertex -48.289498291909695 -19.92240969091654 22.21
    endloop
  endfacet
  facet normal 0 0 1
    outer loop
      vertex -49.47936675697565 -19.92000000178814 22.21
      vertex -48.289498291909695 -19.92240969091654 22.21
      vertex -48.92993979156017 -19.86588616669178 22.21
    endloop
  endfacet
  facet normal 0.2902846913251574 -0.9569403314639101 0
    outer loop
      vertex -48.882891558110714 -20.102413579821587 21.91
      vertex -48.289498291909695 -19.92240969091654 21.91
      vertex -48.289498291909695 -19.92240969091654 22.21
    endloop
  endfacet
  facet normal 0.4713967163040423 -0.8819212753175684 0
    outer loop
      vertex -48.289498291909695 -19.92240969091654 21.91
      vertex -47.74262388050556 -19.63009924441576 22.21
      vertex -48.289498291909695 -19.92240969091654 22.21
    endloop
  endfacet
  facet normal 0 0 1
    outer loop
      vertex -48.92993979156017 -19.86588616669178 22.21
      vertex -48.289498291909695 -19.92240969091654 22.21
      vertex -48.381786704063416 -19.699605740606785 22.21
    endloop
  endfacet
  facet normal 0 0 1
    outer loop
      vertex -48.381786704063416 -19.699605740606785 22.21
      vertex -48.289498291909695 -19.92240969091654 22.21
      vertex -47.87660589814186 -19.429580986499786 22.21
    endloop
  endfacet
  facet normal 0 0 1
    outer loop
      vertex -48.289498291909695 -19.92240969091654 22.21
      vertex -47.74262388050556 -19.63009924441576 22.21
      vertex -47.87660589814186 -19.429580986499786 22.21
    endloop
  endfacet
  facet normal 0.4713967163040423 -0.8819212753175684 0
    outer loop
      vertex -48.289498291909695 -19.92240969091654 21.91
      vertex -47.74262388050556 -19.63009924441576 21.91
      vertex -47.74262388050556 -19.63009924441576 22.21
    endloop
  endfacet
  facet normal 0.6343933048202214 -0.7730104364103227 0
    outer loop
      vertex -47.74262388050556 -19.63009924441576 21.91
      vertex -47.3 -19.266847193576403 22.21
      vertex -47.74262388050556 -19.63009924441576 22.21
    endloop
  endfacet
  facet normal 0.6343933048202214 -0.7730104364103227 6.081103709637293e-17
    outer loop
      vertex -47.74262388050556 -19.63009924441576 21.91
      vertex -47.3 -19.266847193576403 21.91
      vertex -47.3 -19.266847193576403 22.21
    endloop
  endfacet
  facet normal 0 0 1
    outer loop
      vertex -47.74262388050556 -19.63009924441576 22.21
      vertex -47.433811224997044 -19.066188775002956 22.21
      vertex -47.87660589814186 -19.429580986499786 22.21
    endloop
  endfacet
  facet normal 0 0 1
    outer loop
      vertex -47.74262388050556 -19.63009924441576 22.21
      vertex -47.3 -19.266847193576403 22.21
      vertex -47.433811224997044 -19.066188775002956 22.21
    endloop
  endfacet
  facet normal 0 0 1
    outer loop
      vertex -47.3 -19.266847193576403 22.21
      vertex -47.3 -18.90313933211144 22.21
      vertex -47.433811224997044 -19.066188775002956 22.21
    endloop
  endfacet
  facet normal 0 1 0
    outer loop
      vertex -54.53242368996143 -13.839999996125698 22.21
      vertex -49.46757631003857 -13.839999996125698 22.21
      vertex -49.46757631003857 -13.839999996125698 21.91
    endloop
  endfacet
  facet normal 0 0 1
    outer loop
      vertex -54.52063324302435 -14.07999999821186 22.21
      vertex -49.47936675697565 -14.07999999821186 22.21
      vertex -48.882891558110714 -13.897586420178413 22.21
    endloop
  endfacet
  facet normal 0 0 1
    outer loop
      vertex -54.52063324302435 -14.07999999821186 22.21
      vertex -48.882891558110714 -13.897586420178413 22.21
      vertex -49.46757631003857 -13.839999996125698 22.21
    endloop
  endfacet
  facet normal 0 0 1
    outer loop
      vertex -49.47936675697565 -14.07999999821186 22.21
      vertex -48.92993979156017 -14.13411383330822 22.21
      vertex -48.289498291909695 -14.077590309083462 22.21
    endloop
  endfacet
  facet normal 0.09801714423002408 0.9951847262880348 0
    outer loop
      vertex -49.46757631003857 -13.839999996125698 21.91
      vertex -49.46757631003857 -13.839999996125698 22.21
      vertex -48.882891558110714 -13.897586420178413 21.91
    endloop
  endfacet
  facet normal 0.09801714423002408 0.9951847262880348 0
    outer loop
      vertex -49.46757631003857 -13.839999996125698 22.21
      vertex -48.882891558110714 -13.897586420178413 22.21
      vertex -48.882891558110714 -13.897586420178413 21.91
    endloop
  endfacet
  facet normal 0.2902846913251574 0.9569403314639101 0
    outer loop
      vertex -48.882891558110714 -13.897586420178413 21.91
      vertex -48.882891558110714 -13.897586420178413 22.21
      vertex -48.289498291909695 -14.077590309083462 21.91
    endloop
  endfacet
  facet normal 0 0 1
    outer loop
      vertex -49.47936675697565 -14.07999999821186 22.21
      vertex -48.289498291909695 -14.077590309083462 22.21
      vertex -48.882891558110714 -13.897586420178413 22.21
    endloop
  endfacet
  facet normal 0 0 1
    outer loop
      vertex -47.3 -15.096860667888562 22.21
      vertex -47.3 -14.733152806423599 22.21
      vertex -47.433811224997044 -14.933811224997044 22.21
    endloop
  endfacet
  facet normal 0.6343933048202234 0.7730104364103212 4.7780273378889123e-17
    outer loop
      vertex -47.3 -14.733152806423599 21.91
      vertex -47.74262388050556 -14.36990075558424 21.91
      vertex -47.74262388050556 -14.36990075558424 22.21
    endloop
  endfacet
  facet normal 0.6343933048202234 0.7730104364103212 0
    outer loop
      vertex -47.3 -14.733152806423599 21.91
      vertex -47.74262388050556 -14.36990075558424 22.21
      vertex -47.3 -14.733152806423599 22.21
    endloop
  endfacet
  facet normal 0 0 1
    outer loop
      vertex -47.87660589814186 -14.570419013500214 22.21
      vertex -47.3 -14.733152806423599 22.21
      vertex -47.74262388050556 -14.36990075558424 22.21
    endloop
  endfacet
  facet normal 0 0 1
    outer loop
      vertex -47.433811224997044 -14.933811224997044 22.21
      vertex -47.3 -14.733152806423599 22.21
      vertex -47.87660589814186 -14.570419013500214 22.21
    endloop
  endfacet
  facet normal 0.4713967163040423 0.8819212753175684 0
    outer loop
      vertex -48.289498291909695 -14.077590309083462 21.91
      vertex -48.289498291909695 -14.077590309083462 22.21
      vertex -47.74262388050556 -14.36990075558424 21.91
    endloop
  endfacet
  facet normal 0 0 1
    outer loop
      vertex -48.92993979156017 -14.13411383330822 22.21
      vertex -48.381786704063416 -14.300394259393215 22.21
      vertex -48.289498291909695 -14.077590309083462 22.21
    endloop
  endfacet
  facet normal 0 0 1
    outer loop
      vertex -48.381786704063416 -14.300394259393215 22.21
      vertex -47.74262388050556 -14.36990075558424 22.21
      vertex -48.289498291909695 -14.077590309083462 22.21
    endloop
  endfacet
  facet normal 0 0 1
    outer loop
      vertex -47.87660589814186 -14.570419013500214 22.21
      vertex -47.74262388050556 -14.36990075558424 22.21
      vertex -48.381786704063416 -14.300394259393215 22.21
    endloop
  endfacet
  facet normal 0.2902846913251574 0.9569403314639101 0
    outer loop
      vertex -48.882891558110714 -13.897586420178413 22.21
      vertex -48.289498291909695 -14.077590309083462 22.21
      vertex -48.289498291909695 -14.077590309083462 21.91
    endloop
  endfacet
  facet normal 0.4713967163040423 0.8819212753175684 0
    outer loop
      vertex -48.289498291909695 -14.077590309083462 22.21
      vertex -47.74262388050556 -14.36990075558424 22.21
      vertex -47.74262388050556 -14.36990075558424 21.91
    endloop
  endfacet
  facet normal -0.7730104409021581 -0.6343932993469045 0
    outer loop
      vertex -56.566188775002956 -19.066188775002956 22.21
      vertex -56.566188775002956 -19.066188775002956 22.51
      vertex -56.929580986499786 -18.62339410185814 22.51
    endloop
  endfacet
  facet normal -0.7730104409021581 -0.6343932993469045 0
    outer loop
      vertex -56.566188775002956 -19.066188775002956 22.21
      vertex -56.929580986499786 -18.62339410185814 22.51
      vertex -56.929580986499786 -18.62339410185814 22.21
    endloop
  endfacet
  facet normal 0 0 1
    outer loop
      vertex -56.566188775002956 -19.066188775002956 22.51
      vertex -56.72906272858381 -18.48941209167242 22.51
      vertex -56.929580986499786 -18.62339410185814 22.51
    endloop
  endfacet
  facet normal -0.47139672008858546 -0.881921273294688 0
    outer loop
      vertex -55.618213295936584 -19.699605740606785 22.21
      vertex -55.618213295936584 -19.699605740606785 22.51
      vertex -56.12339410185814 -19.429580986499786 22.51
    endloop
  endfacet
  facet normal -0.29028468506182276 -0.956940333363872 0
    outer loop
      vertex -55.618213295936584 -19.699605740606785 22.21
      vertex -55.07006020843983 -19.86588616669178 22.21
      vertex -55.618213295936584 -19.699605740606785 22.51
    endloop
  endfacet
  facet normal 0 0 1
    outer loop
      vertex -55.618213295936584 -19.699605740606785 22.51
      vertex -55.02301198244095 -19.629358753561974 22.51
      vertex -55.52592487633228 -19.47680179029703 22.51
    endloop
  endfacet
  facet normal -0.6343932993469045 -0.7730104409021581 0
    outer loop
      vertex -56.12339410185814 -19.429580986499786 22.21
      vertex -56.566188775002956 -19.066188775002956 22.51
      vertex -56.566188775002956 -19.066188775002956 22.21
    endloop
  endfacet
  facet normal -0.6343932993469045 -0.7730104409021581 0
    outer loop
      vertex -56.12339410185814 -19.429580986499786 22.21
      vertex -56.12339410185814 -19.429580986499786 22.51
      vertex -56.566188775002956 -19.066188775002956 22.51
    endloop
  endfacet
  facet normal 0 0 1
    outer loop
      vertex -56.12339410185814 -19.429580986499786 22.51
      vertex -56.395662017166615 -18.895662017166615 22.51
      vertex -56.566188775002956 -19.066188775002956 22.51
    endloop
  endfacet
  facet normal -0.47139672008858546 -0.881921273294688 0
    outer loop
      vertex -55.618213295936584 -19.699605740606785 22.21
      vertex -56.12339410185814 -19.429580986499786 22.51
      vertex -56.12339410185814 -19.429580986499786 22.21
    endloop
  endfacet
  facet normal 0 0 1
    outer loop
      vertex -56.12339410185814 -19.429580986499786 22.51
      vertex -55.98941209167242 -19.229062728583813 22.51
      vertex -56.395662017166615 -18.895662017166615 22.51
    endloop
  endfacet
  facet normal 0 0 1
    outer loop
      vertex -56.566188775002956 -19.066188775002956 22.51
      vertex -56.395662017166615 -18.895662017166615 22.51
      vertex -56.72906272858381 -18.48941209167242 22.51
    endloop
  endfacet
  facet normal 0 0 1
    outer loop
      vertex -55.618213295936584 -19.699605740606785 22.51
      vertex -55.98941209167242 -19.229062728583813 22.51
      vertex -56.12339410185814 -19.429580986499786 22.51
    endloop
  endfacet
  facet normal 0 0 1
    outer loop
      vertex -55.618213295936584 -19.699605740606785 22.51
      vertex -55.52592487633228 -19.47680179029703 22.51
      vertex -55.98941209167242 -19.229062728583813 22.51
    endloop
  endfacet
  facet normal -0.956940333363872 -0.29028468506182276 0
    outer loop
      vertex -57.199605740606785 -18.118213295936584 22.21
      vertex -57.199605740606785 -18.118213295936584 22.51
      vertex -57.36588616669178 -17.570060208439827 22.51
    endloop
  endfacet
  facet normal -0.881921273294688 -0.47139672008858546 0
    outer loop
      vertex -56.929580986499786 -18.62339410185814 22.21
      vertex -57.199605740606785 -18.118213295936584 22.51
      vertex -57.199605740606785 -18.118213295936584 22.21
    endloop
  endfacet
  facet normal -0.881921273294688 -0.47139672008858546 0
    outer loop
      vertex -56.929580986499786 -18.62339410185814 22.21
      vertex -56.929580986499786 -18.62339410185814 22.51
      vertex -57.199605740606785 -18.118213295936584 22.51
    endloop
  endfacet
  facet normal 0 0 1
    outer loop
      vertex -56.929580986499786 -18.62339410185814 22.51
      vertex -56.72906272858381 -18.48941209167242 22.51
      vertex -56.97680179029703 -18.025924876332283 22.51
    endloop
  endfacet
  facet normal 0 0 1
    outer loop
      vertex -56.929580986499786 -18.62339410185814 22.51
      vertex -56.97680179029703 -18.025924876332283 22.51
      vertex -57.199605740606785 -18.118213295936584 22.51
    endloop
  endfacet
  facet normal 0 0 1
    outer loop
      vertex -57.199605740606785 -18.118213295936584 22.51
      vertex -56.97680179029703 -18.025924876332283 22.51
      vertex -57.129358761012554 -17.52301198244095 22.51
    endloop
  endfacet
  facet normal -0.956940333363872 -0.29028468506182276 0
    outer loop
      vertex -57.199605740606785 -18.118213295936584 22.21
      vertex -57.36588616669178 -17.570060208439827 22.51
      vertex -57.36588616669178 -17.570060208439827 22.21
    endloop
  endfacet
  facet normal -0.9951847273992769 -0.09801713294739287 0
    outer loop
      vertex -57.36588616669178 -17.570060208439827 22.21
      vertex -57.36588616669178 -17.570060208439827 22.51
      vertex -57.422032192349434 -17 22.51
    endloop
  endfacet
  facet normal -0.9951847273992769 -0.09801713294739287 0
    outer loop
      vertex -57.36588616669178 -17.570060208439827 22.21
      vertex -57.422032192349434 -17 22.51
      vertex -57.422032192349434 -17 22.21
    endloop
  endfacet
  facet normal 0 0 1
    outer loop
      vertex -57.36588616669178 -17.570060208439827 22.51
      vertex -57.180870935320854 -17 22.51
      vertex -57.422032192349434 -17 22.51
    endloop
  endfacet
  facet normal 0 0 1
    outer loop
      vertex -57.199605740606785 -18.118213295936584 22.51
      vertex -57.129358761012554 -17.52301198244095 22.51
      vertex -57.36588616669178 -17.570060208439827 22.51
    endloop
  endfacet
  facet normal 0 0 1
    outer loop
      vertex -57.36588616669178 -17.570060208439827 22.51
      vertex -57.129358761012554 -17.52301198244095 22.51
      vertex -57.180870935320854 -17 22.51
    endloop
  endfacet
  facet normal -0.29028468506182276 -0.956940333363872 0
    outer loop
      vertex -55.618213295936584 -19.699605740606785 22.51
      vertex -55.07006020843983 -19.86588616669178 22.21
      vertex -55.07006020843983 -19.86588616669178 22.51
    endloop
  endfacet
  facet normal 0 0 1
    outer loop
      vertex -55.618213295936584 -19.699605740606785 22.51
      vertex -55.07006020843983 -19.86588616669178 22.51
      vertex -55.02301198244095 -19.629358753561974 22.51
    endloop
  endfacet
  facet normal -0.09801714433055968 -0.9951847262781329 0
    outer loop
      vertex -55.07006020843983 -19.86588616669178 22.21
      vertex -54.52063324302435 -19.92000000178814 22.21
      vertex -55.07006020843983 -19.86588616669178 22.51
    endloop
  endfacet
  facet normal -0.09801714433055968 -0.9951847262781329 0
    outer loop
      vertex -54.52063324302435 -19.92000000178814 22.21
      vertex -54.52063324302435 -19.92000000178814 22.51
      vertex -55.07006020843983 -19.86588616669178 22.51
    endloop
  endfacet
  facet normal 0 0 1
    outer loop
      vertex -55.07006020843983 -19.86588616669178 22.51
      vertex -54.52063324302435 -19.92000000178814 22.51
      vertex -54.508842796087265 -19.679999999701977 22.51
    endloop
  endfacet
  facet normal 0 0 1
    outer loop
      vertex -55.07006020843983 -19.86588616669178 22.51
      vertex -54.508842796087265 -19.679999999701977 22.51
      vertex -55.02301198244095 -19.629358753561974 22.51
    endloop
  endfacet
  facet normal 0 -1 0
    outer loop
      vertex -54.52063324302435 -19.92000000178814 22.21
      vertex -49.47936675697565 -19.92000000178814 22.21
      vertex -54.52063324302435 -19.92000000178814 22.51
    endloop
  endfacet
  facet normal 0 0 1
    outer loop
      vertex -54.52063324302435 -19.92000000178814 22.51
      vertex -49.491157203912735 -19.679999999701977 22.51
      vertex -54.508842796087265 -19.679999999701977 22.51
    endloop
  endfacet
  facet normal -0.9951847273992769 0.09801713294739287 0
    outer loop
      vertex -57.422032192349434 -17 22.21
      vertex -57.422032192349434 -17 22.51
      vertex -57.36588616669178 -16.429939791560173 22.51
    endloop
  endfacet
  facet normal 0 0 1
    outer loop
      vertex -57.422032192349434 -17 22.51
      vertex -57.180870935320854 -17 22.51
      vertex -57.129358761012554 -16.47698801755905 22.51
    endloop
  endfacet
  facet normal -0.9951847273992769 0.09801713294739287 0
    outer loop
      vertex -57.422032192349434 -17 22.21
      vertex -57.36588616669178 -16.429939791560173 22.51
      vertex -57.36588616669178 -16.429939791560173 22.21
    endloop
  endfacet
  facet normal 0 0 1
    outer loop
      vertex -57.422032192349434 -17 22.51
      vertex -57.129358761012554 -16.47698801755905 22.51
      vertex -57.36588616669178 -16.429939791560173 22.51
    endloop
  endfacet
  facet normal -0.956940333363872 0.29028468506182276 0
    outer loop
      vertex -57.36588616669178 -16.429939791560173 22.21
      vertex -57.36588616669178 -16.429939791560173 22.51
      vertex -57.199605740606785 -15.881786704063416 22.51
    endloop
  endfacet
  facet normal 0 0 1
    outer loop
      vertex -57.36588616669178 -16.429939791560173 22.51
      vertex -57.129358761012554 -16.47698801755905 22.51
      vertex -56.97680179029703 -15.974075123667717 22.51
    endloop
  endfacet
  facet normal -0.956940333363872 0.29028468506182276 0
    outer loop
      vertex -57.36588616669178 -16.429939791560173 22.21
      vertex -57.199605740606785 -15.881786704063416 22.51
      vertex -57.199605740606785 -15.881786704063416 22.21
    endloop
  endfacet
  facet normal 0 0 1
    outer loop
      vertex -57.36588616669178 -16.429939791560173 22.51
      vertex -56.97680179029703 -15.974075123667717 22.51
      vertex -57.199605740606785 -15.881786704063416 22.51
    endloop
  endfacet
  facet normal 0 0 1
    outer loop
      vertex -56.97680179029703 -15.974075123667717 22.51
      vertex -56.72906272858381 -15.51058790832758 22.51
      vertex -57.199605740606785 -15.881786704063416 22.51
    endloop
  endfacet
  facet normal -0.881921273294688 0.47139672008858546 0
    outer loop
      vertex -57.199605740606785 -15.881786704063416 22.21
      vertex -57.199605740606785 -15.881786704063416 22.51
      vertex -56.929580986499786 -15.376605898141861 22.51
    endloop
  endfacet
  facet normal -0.881921273294688 0.47139672008858546 0
    outer loop
      vertex -57.199605740606785 -15.881786704063416 22.21
      vertex -56.929580986499786 -15.376605898141861 22.51
      vertex -56.929580986499786 -15.376605898141861 22.21
    endloop
  endfacet
  facet normal 0 0 1
    outer loop
      vertex -57.199605740606785 -15.881786704063416 22.51
      vertex -56.72906272858381 -15.51058790832758 22.51
      vertex -56.929580986499786 -15.376605898141861 22.51
    endloop
  endfacet
  facet normal 0 0 1
    outer loop
      vertex -56.929580986499786 -15.376605898141861 22.51
      vertex -56.72906272858381 -15.51058790832758 22.51
      vertex -56.395662017166615 -15.104337982833385 22.51
    endloop
  endfacet
  facet normal -0.7730104409021581 0.6343932993469045 0
    outer loop
      vertex -56.929580986499786 -15.376605898141861 22.21
      vertex -56.929580986499786 -15.376605898141861 22.51
      vertex -56.566188775002956 -14.933811224997044 22.51
    endloop
  endfacet
  facet normal 0 0 1
    outer loop
      vertex -56.929580986499786 -15.376605898141861 22.51
      vertex -56.395662017166615 -15.104337982833385 22.51
      vertex -56.566188775002956 -14.933811224997044 22.51
    endloop
  endfacet
  facet normal -0.7730104409021581 0.6343932993469045 0
    outer loop
      vertex -56.929580986499786 -15.376605898141861 22.21
      vertex -56.566188775002956 -14.933811224997044 22.51
      vertex -56.566188775002956 -14.933811224997044 22.21
    endloop
  endfacet
  facet normal 0 0 1
    outer loop
      vertex -56.395662017166615 -15.104337982833385 22.51
      vertex -55.98941209167242 -14.770937271416187 22.51
      vertex -56.566188775002956 -14.933811224997044 22.51
    endloop
  endfacet
  facet normal -0.6343932993469045 0.7730104409021581 0
    outer loop
      vertex -56.566188775002956 -14.933811224997044 22.21
      vertex -56.566188775002956 -14.933811224997044 22.51
      vertex -56.12339410185814 -14.570419013500214 22.51
    endloop
  endfacet
  facet normal -0.6343932993469045 0.7730104409021581 0
    outer loop
      vertex -56.566188775002956 -14.933811224997044 22.21
      vertex -56.12339410185814 -14.570419013500214 22.51
      vertex -56.12339410185814 -14.570419013500214 22.21
    endloop
  endfacet
  facet normal 0 0 1
    outer loop
      vertex -56.566188775002956 -14.933811224997044 22.51
      vertex -55.98941209167242 -14.770937271416187 22.51
      vertex -56.12339410185814 -14.570419013500214 22.51
    endloop
  endfacet
  facet normal -0.47139672008858546 0.881921273294688 0
    outer loop
      vertex -56.12339410185814 -14.570419013500214 22.21
      vertex -56.12339410185814 -14.570419013500214 22.51
      vertex -55.618213295936584 -14.300394259393215 22.51
    endloop
  endfacet
  facet normal 0 0 1
    outer loop
      vertex -55.98941209167242 -14.770937271416187 22.51
      vertex -55.52592487633228 -14.523198209702969 22.51
      vertex -56.12339410185814 -14.570419013500214 22.51
    endloop
  endfacet
  facet normal 0 0 1
    outer loop
      vertex -56.12339410185814 -14.570419013500214 22.51
      vertex -55.52592487633228 -14.523198209702969 22.51
      vertex -55.618213295936584 -14.300394259393215 22.51
    endloop
  endfacet
  facet normal -0.47139672008858546 0.881921273294688 0
    outer loop
      vertex -56.12339410185814 -14.570419013500214 22.21
      vertex -55.618213295936584 -14.300394259393215 22.51
      vertex -55.618213295936584 -14.300394259393215 22.21
    endloop
  endfacet
  facet normal -0.29028468506182276 0.956940333363872 0
    outer loop
      vertex -55.618213295936584 -14.300394259393215 22.21
      vertex -55.618213295936584 -14.300394259393215 22.51
      vertex -55.07006020843983 -14.13411383330822 22.51
    endloop
  endfacet
  facet normal 0 0 1
    outer loop
      vertex -55.52592487633228 -14.523198209702969 22.51
      vertex -55.02301198244095 -14.370641246438026 22.51
      vertex -55.618213295936584 -14.300394259393215 22.51
    endloop
  endfacet
  facet normal 0 0 1
    outer loop
      vertex -55.618213295936584 -14.300394259393215 22.51
      vertex -55.02301198244095 -14.370641246438026 22.51
      vertex -54.508842796087265 -14.320000000298023 22.51
    endloop
  endfacet
  facet normal -0.29028468506182276 0.956940333363872 0
    outer loop
      vertex -55.618213295936584 -14.300394259393215 22.21
      vertex -55.07006020843983 -14.13411383330822 22.51
      vertex -55.07006020843983 -14.13411383330822 22.21
    endloop
  endfacet
  facet normal 0 0 1
    outer loop
      vertex -55.618213295936584 -14.300394259393215 22.51
      vertex -54.52063324302435 -14.07999999821186 22.51
      vertex -55.07006020843983 -14.13411383330822 22.51
    endloop
  endfacet
  facet normal -0.09801714433055968 0.9951847262781329 0
    outer loop
      vertex -55.07006020843983 -14.13411383330822 22.21
      vertex -55.07006020843983 -14.13411383330822 22.51
      vertex -54.52063324302435 -14.07999999821186 22.51
    endloop
  endfacet
  facet normal -0.09801714433055968 0.9951847262781329 0
    outer loop
      vertex -55.07006020843983 -14.13411383330822 22.21
      vertex -54.52063324302435 -14.07999999821186 22.51
      vertex -54.52063324302435 -14.07999999821186 22.21
    endloop
  endfacet
  facet normal 0 0 1
    outer loop
      vertex -55.618213295936584 -14.300394259393215 22.51
      vertex -54.508842796087265 -14.320000000298023 22.51
      vertex -49.47936675697565 -14.07999999821186 22.51
    endloop
  endfacet
  facet normal 0 0 1
    outer loop
      vertex -55.618213295936584 -14.300394259393215 22.51
      vertex -49.47936675697565 -14.07999999821186 22.51
      vertex -54.52063324302435 -14.07999999821186 22.51
    endloop
  endfacet
  facet normal 0 1 0
    outer loop
      vertex -54.52063324302435 -14.07999999821186 22.21
      vertex -54.52063324302435 -14.07999999821186 22.51
      vertex -49.47936675697565 -14.07999999821186 22.51
    endloop
  endfacet
  facet normal 0 -1 0
    outer loop
      vertex -54.52063324302435 -19.92000000178814 22.51
      vertex -49.47936675697565 -19.92000000178814 22.21
      vertex -49.47936675697565 -19.92000000178814 22.51
    endloop
  endfacet
  facet normal 0 0 1
    outer loop
      vertex -54.52063324302435 -19.92000000178814 22.51
      vertex -49.47936675697565 -19.92000000178814 22.51
      vertex -48.381786704063416 -19.699605740606785 22.51
    endloop
  endfacet
  facet normal 0 0 1
    outer loop
      vertex -54.52063324302435 -19.92000000178814 22.51
      vertex -48.381786704063416 -19.699605740606785 22.51
      vertex -49.491157203912735 -19.679999999701977 22.51
    endloop
  endfacet
  facet normal 0.09801714433055968 -0.9951847262781329 0
    outer loop
      vertex -49.47936675697565 -19.92000000178814 22.21
      vertex -48.92993979156017 -19.86588616669178 22.21
      vertex -49.47936675697565 -19.92000000178814 22.51
    endloop
  endfacet
  facet normal 0.09801714433055968 -0.9951847262781329 0
    outer loop
      vertex -48.92993979156017 -19.86588616669178 22.21
      vertex -48.92993979156017 -19.86588616669178 22.51
      vertex -49.47936675697565 -19.92000000178814 22.51
    endloop
  endfacet
  facet normal 0.29028468506182276 -0.956940333363872 0
    outer loop
      vertex -48.92993979156017 -19.86588616669178 22.21
      vertex -48.381786704063416 -19.699605740606785 22.21
      vertex -48.92993979156017 -19.86588616669178 22.51
    endloop
  endfacet
  facet normal 0 0 1
    outer loop
      vertex -49.47936675697565 -19.92000000178814 22.51
      vertex -48.92993979156017 -19.86588616669178 22.51
      vertex -48.381786704063416 -19.699605740606785 22.51
    endloop
  endfacet
  facet normal 0 0 1
    outer loop
      vertex -49.491157203912735 -19.679999999701977 22.51
      vertex -48.381786704063416 -19.699605740606785 22.51
      vertex -48.97698801755905 -19.629358753561974 22.51
    endloop
  endfacet
  facet normal 0.29028468506182276 -0.956940333363872 0
    outer loop
      vertex -48.381786704063416 -19.699605740606785 22.21
      vertex -48.381786704063416 -19.699605740606785 22.51
      vertex -48.92993979156017 -19.86588616669178 22.51
    endloop
  endfacet
  facet normal 0 0 1
    outer loop
      vertex -48.97698801755905 -19.629358753561974 22.51
      vertex -48.381786704063416 -19.699605740606785 22.51
      vertex -48.47407512366772 -19.47680179029703 22.51
    endloop
  endfacet
  facet normal 0.47139672008858546 -0.881921273294688 0
    outer loop
      vertex -48.381786704063416 -19.699605740606785 22.21
      vertex -47.87660589814186 -19.429580986499786 22.21
      vertex -48.381786704063416 -19.699605740606785 22.51
    endloop
  endfacet
  facet normal 0.47139672008858546 -0.881921273294688 0
    outer loop
      vertex -47.87660589814186 -19.429580986499786 22.21
      vertex -47.87660589814186 -19.429580986499786 22.51
      vertex -48.381786704063416 -19.699605740606785 22.51
    endloop
  endfacet
  facet normal 0 0 1
    outer loop
      vertex -48.381786704063416 -19.699605740606785 22.51
      vertex -47.87660589814186 -19.429580986499786 22.51
      vertex -48.47407512366772 -19.47680179029703 22.51
    endloop
  endfacet
  facet normal 0 0 1
    outer loop
      vertex -48.47407512366772 -19.47680179029703 22.51
      vertex -47.87660589814186 -19.429580986499786 22.51
      vertex -48.01058790832758 -19.229062728583813 22.51
    endloop
  endfacet
  facet normal 0.6343932993469045 -0.7730104409021581 0
    outer loop
      vertex -47.87660589814186 -19.429580986499786 22.21
      vertex -47.433811224997044 -19.066188775002956 22.21
      vertex -47.87660589814186 -19.429580986499786 22.51
    endloop
  endfacet
  facet normal 0 0 1
    outer loop
      vertex -48.01058790832758 -19.229062728583813 22.51
      vertex -47.87660589814186 -19.429580986499786 22.51
      vertex -47.433811224997044 -19.066188775002956 22.51
    endloop
  endfacet
  facet normal 0.6343932993469045 -0.7730104409021581 0
    outer loop
      vertex -47.433811224997044 -19.066188775002956 22.21
      vertex -47.433811224997044 -19.066188775002956 22.51
      vertex -47.87660589814186 -19.429580986499786 22.51
    endloop
  endfacet
  facet normal 0 0 1
    outer loop
      vertex -48.01058790832758 -19.229062728583813 22.51
      vertex -47.433811224997044 -19.066188775002956 22.51
      vertex -47.604337982833385 -18.895662017166615 22.51
    endloop
  endfacet
  facet normal 0.773010440902155 -0.6343932993469081 5.354170907560634e-18
    outer loop
      vertex -47.433811224997044 -19.066188775002956 22.21
      vertex -47.3 -18.90313933211144 22.21
      vertex -47.3 -18.90313933211144 22.51
    endloop
  endfacet
  facet normal 0.773010440902155 -0.6343932993469081 0
    outer loop
      vertex -47.433811224997044 -19.066188775002956 22.21
      vertex -47.3 -18.90313933211144 22.51
      vertex -47.433811224997044 -19.066188775002956 22.51
    endloop
  endfacet
  facet normal 0 0 1
    outer loop
      vertex -47.433811224997044 -19.066188775002956 22.51
      vertex -47.3 -18.90313933211144 22.51
      vertex -47.604337982833385 -18.895662017166615 22.51
    endloop
  endfacet
  facet normal 0 0 1
    outer loop
      vertex -47.604337982833385 -18.895662017166615 22.51
      vertex -47.3 -18.90313933211144 22.51
      vertex -47.3 -18.52482512745043 22.51
    endloop
  endfacet
  facet normal 0 0 1
    outer loop
      vertex -54.508842796087265 -14.320000000298023 22.51
      vertex -49.491157203912735 -14.320000000298023 22.51
      vertex -49.47936675697565 -14.07999999821186 22.51
    endloop
  endfacet
  facet normal 0 1 0
    outer loop
      vertex -54.52063324302435 -14.07999999821186 22.21
      vertex -49.47936675697565 -14.07999999821186 22.51
      vertex -49.47936675697565 -14.07999999821186 22.21
    endloop
  endfacet
  facet normal 0.09801714433055968 0.9951847262781329 0
    outer loop
      vertex -49.47936675697565 -14.07999999821186 22.21
      vertex -49.47936675697565 -14.07999999821186 22.51
      vertex -48.92993979156017 -14.13411383330822 22.51
    endloop
  endfacet
  facet normal 0 0 1
    outer loop
      vertex -49.491157203912735 -14.320000000298023 22.51
      vertex -48.92993979156017 -14.13411383330822 22.51
      vertex -49.47936675697565 -14.07999999821186 22.51
    endloop
  endfacet
  facet normal 0 0 1
    outer loop
      vertex -49.491157203912735 -14.320000000298023 22.51
      vertex -48.97698801755905 -14.370641246438026 22.51
      vertex -48.92993979156017 -14.13411383330822 22.51
    endloop
  endfacet
  facet normal 0.09801714433055968 0.9951847262781329 0
    outer loop
      vertex -49.47936675697565 -14.07999999821186 22.21
      vertex -48.92993979156017 -14.13411383330822 22.51
      vertex -48.92993979156017 -14.13411383330822 22.21
    endloop
  endfacet
  facet normal 0 0 1
    outer loop
      vertex -48.97698801755905 -14.370641246438026 22.51
      vertex -48.381786704063416 -14.300394259393215 22.51
      vertex -48.92993979156017 -14.13411383330822 22.51
    endloop
  endfacet
  facet normal 0.29028468506182276 0.956940333363872 0
    outer loop
      vertex -48.92993979156017 -14.13411383330822 22.21
      vertex -48.92993979156017 -14.13411383330822 22.51
      vertex -48.381786704063416 -14.300394259393215 22.51
    endloop
  endfacet
  facet normal 0.47139672008858546 0.881921273294688 0
    outer loop
      vertex -47.87660589814186 -14.570419013500214 22.21
      vertex -48.381786704063416 -14.300394259393215 22.21
      vertex -47.87660589814186 -14.570419013500214 22.51
    endloop
  endfacet
  facet normal 0 0 1
    outer loop
      vertex -48.47407512366772 -14.523198209702969 22.51
      vertex -48.01058790832758 -14.770937271416187 22.51
      vertex -48.381786704063416 -14.300394259393215 22.51
    endloop
  endfacet
  facet normal 0 0 1
    outer loop
      vertex -48.01058790832758 -14.770937271416187 22.51
      vertex -47.87660589814186 -14.570419013500214 22.51
      vertex -48.381786704063416 -14.300394259393215 22.51
    endloop
  endfacet
  facet normal 0 0 1
    outer loop
      vertex -47.3 -15.475174872549571 22.51
      vertex -47.3 -15.096860667888562 22.51
      vertex -47.604337982833385 -15.104337982833385 22.51
    endloop
  endfacet
  facet normal 0.7730104409021583 0.6343932993469041 2.14378473446096e-17
    outer loop
      vertex -47.3 -15.096860667888562 22.21
      vertex -47.433811224997044 -14.933811224997044 22.21
      vertex -47.433811224997044 -14.933811224997044 22.51
    endloop
  endfacet
  facet normal 0.7730104409021583 0.6343932993469041 0
    outer loop
      vertex -47.3 -15.096860667888562 22.21
      vertex -47.433811224997044 -14.933811224997044 22.51
      vertex -47.3 -15.096860667888562 22.51
    endloop
  endfacet
  facet normal 0 0 1
    outer loop
      vertex -47.604337982833385 -15.104337982833385 22.51
      vertex -47.3 -15.096860667888562 22.51
      vertex -47.433811224997044 -14.933811224997044 22.51
    endloop
  endfacet
  facet normal 0.6343932993469045 0.7730104409021581 0
    outer loop
      vertex -47.87660589814186 -14.570419013500214 22.21
      vertex -47.87660589814186 -14.570419013500214 22.51
      vertex -47.433811224997044 -14.933811224997044 22.51
    endloop
  endfacet
  facet normal 0 0 1
    outer loop
      vertex -48.01058790832758 -14.770937271416187 22.51
      vertex -47.604337982833385 -15.104337982833385 22.51
      vertex -47.87660589814186 -14.570419013500214 22.51
    endloop
  endfacet
  facet normal 0 0 1
    outer loop
      vertex -47.604337982833385 -15.104337982833385 22.51
      vertex -47.433811224997044 -14.933811224997044 22.51
      vertex -47.87660589814186 -14.570419013500214 22.51
    endloop
  endfacet
  facet normal 0.6343932993469045 0.7730104409021581 0
    outer loop
      vertex -47.433811224997044 -14.933811224997044 22.21
      vertex -47.87660589814186 -14.570419013500214 22.21
      vertex -47.433811224997044 -14.933811224997044 22.51
    endloop
  endfacet
  facet normal 0.29028468506182276 0.956940333363872 0
    outer loop
      vertex -48.92993979156017 -14.13411383330822 22.21
      vertex -48.381786704063416 -14.300394259393215 22.51
      vertex -48.381786704063416 -14.300394259393215 22.21
    endloop
  endfacet
  facet normal 0 0 1
    outer loop
      vertex -48.97698801755905 -14.370641246438026 22.51
      vertex -48.47407512366772 -14.523198209702969 22.51
      vertex -48.381786704063416 -14.300394259393215 22.51
    endloop
  endfacet
  facet normal 0.47139672008858546 0.881921273294688 0
    outer loop
      vertex -48.381786704063416 -14.300394259393215 22.21
      vertex -48.381786704063416 -14.300394259393215 22.51
      vertex -47.87660589814186 -14.570419013500214 22.51
    endloop
  endfacet
  facet normal -0.6343932998411288 -0.7730104404965588 0
    outer loop
      vertex -55.98941209167242 -19.229062728583813 22.810000000000002
      vertex -56.395662017166615 -18.895662017166615 22.810000000000002
      vertex -56.395662017166615 -18.895662017166615 22.51
    endloop
  endfacet
  facet normal -0.7730104404965588 -0.6343932998411288 0
    outer loop
      vertex -56.395662017166615 -18.895662017166615 22.51
      vertex -56.395662017166615 -18.895662017166615 22.810000000000002
      vertex -56.72906272858381 -18.48941209167242 22.51
    endloop
  endfacet
  facet normal -0.6343932998411288 -0.7730104404965588 0
    outer loop
      vertex -55.98941209167242 -19.229062728583813 22.51
      vertex -55.98941209167242 -19.229062728583813 22.810000000000002
      vertex -56.395662017166615 -18.895662017166615 22.51
    endloop
  endfacet
  facet normal -0.47139671276632994 -0.8819212772085149 0
    outer loop
      vertex -55.98941209167242 -19.229062728583813 22.51
      vertex -55.52592487633228 -19.47680179029703 22.51
      vertex -55.52592487633228 -19.47680179029703 22.810000000000002
    endloop
  endfacet
  facet normal -0.47139671276632994 -0.8819212772085149 0
    outer loop
      vertex -55.98941209167242 -19.229062728583813 22.51
      vertex -55.52592487633228 -19.47680179029703 22.810000000000002
      vertex -55.98941209167242 -19.229062728583813 22.810000000000002
    endloop
  endfacet
  facet normal -0.290284685547916 -0.9569403332164172 0
    outer loop
      vertex -55.52592487633228 -19.47680179029703 22.51
      vertex -55.02301198244095 -19.629358753561974 22.810000000000002
      vertex -55.52592487633228 -19.47680179029703 22.810000000000002
    endloop
  endfacet
  facet normal 0 0 1
    outer loop
      vertex -56.395662017166615 -18.895662017166615 22.810000000000002
      vertex -56.22513525187969 -18.725135251879692 22.810000000000002
      vertex -56.72906272858381 -18.48941209167242 22.810000000000002
    endloop
  endfacet
  facet normal 0 0 1
    outer loop
      vertex -55.98941209167242 -19.229062728583813 22.810000000000002
      vertex -55.85543007403612 -19.02854447066784 22.810000000000002
      vertex -56.395662017166615 -18.895662017166615 22.810000000000002
    endloop
  endfacet
  facet normal 0 0 1
    outer loop
      vertex -56.395662017166615 -18.895662017166615 22.810000000000002
      vertex -55.85543007403612 -19.02854447066784 22.810000000000002
      vertex -56.22513525187969 -18.725135251879692 22.810000000000002
    endloop
  endfacet
  facet normal 0 0 1
    outer loop
      vertex -55.98941209167242 -19.229062728583813 22.810000000000002
      vertex -55.43363646417856 -19.253997839987278 22.810000000000002
      vertex -55.85543007403612 -19.02854447066784 22.810000000000002
    endloop
  endfacet
  facet normal 0 0 1
    outer loop
      vertex -55.98941209167242 -19.229062728583813 22.810000000000002
      vertex -55.52592487633228 -19.47680179029703 22.810000000000002
      vertex -55.43363646417856 -19.253997839987278 22.810000000000002
    endloop
  endfacet
  facet normal 0 0 1
    outer loop
      vertex -55.52592487633228 -19.47680179029703 22.810000000000002
      vertex -54.97596374899149 -19.392831347882748 22.810000000000002
      vertex -55.43363646417856 -19.253997839987278 22.810000000000002
    endloop
  endfacet
  facet normal -0.7730104404965588 -0.6343932998411288 0
    outer loop
      vertex -56.395662017166615 -18.895662017166615 22.810000000000002
      vertex -56.72906272858381 -18.48941209167242 22.810000000000002
      vertex -56.72906272858381 -18.48941209167242 22.51
    endloop
  endfacet
  facet normal -0.8819212772085149 -0.47139671276632994 0
    outer loop
      vertex -56.72906272858381 -18.48941209167242 22.51
      vertex -56.72906272858381 -18.48941209167242 22.810000000000002
      vertex -56.97680179029703 -18.025924876332283 22.51
    endloop
  endfacet
  facet normal -0.9569403292782767 -0.29028469853022437 0
    outer loop
      vertex -56.97680179029703 -18.025924876332283 22.51
      vertex -56.97680179029703 -18.025924876332283 22.810000000000002
      vertex -57.129358761012554 -17.52301198244095 22.51
    endloop
  endfacet
  facet normal -0.8819212772085149 -0.47139671276632994 0
    outer loop
      vertex -56.72906272858381 -18.48941209167242 22.810000000000002
      vertex -56.97680179029703 -18.025924876332283 22.810000000000002
      vertex -56.97680179029703 -18.025924876332283 22.51
    endloop
  endfacet
  facet normal 0 0 1
    outer loop
      vertex -56.72906272858381 -18.48941209167242 22.810000000000002
      vertex -56.52854447066784 -18.35543007403612 22.810000000000002
      vertex -56.97680179029703 -18.025924876332283 22.810000000000002
    endloop
  endfacet
  facet normal 0 0 1
    outer loop
      vertex -56.97680179029703 -18.025924876332283 22.810000000000002
      vertex -56.52854447066784 -18.35543007403612 22.810000000000002
      vertex -56.75399783998728 -17.933636464178562 22.810000000000002
    endloop
  endfacet
  facet normal -0.9569403292782767 -0.29028469853022437 0
    outer loop
      vertex -56.97680179029703 -18.025924876332283 22.810000000000002
      vertex -57.129358761012554 -17.52301198244095 22.810000000000002
      vertex -57.129358761012554 -17.52301198244095 22.51
    endloop
  endfacet
  facet normal -0.9951847284939292 -0.09801712183319926 0
    outer loop
      vertex -57.129358761012554 -17.52301198244095 22.51
      vertex -57.129358761012554 -17.52301198244095 22.810000000000002
      vertex -57.180870935320854 -17 22.51
    endloop
  endfacet
  facet normal -0.9951847284939292 -0.09801712183319926 0
    outer loop
      vertex -57.129358761012554 -17.52301198244095 22.810000000000002
      vertex -57.180870935320854 -17 22.810000000000002
      vertex -57.180870935320854 -17 22.51
    endloop
  endfacet
  facet normal 0 0 1
    outer loop
      vertex -56.97680179029703 -18.025924876332283 22.810000000000002
      vertex -56.75399783998728 -17.933636464178562 22.810000000000002
      vertex -57.129358761012554 -17.52301198244095 22.810000000000002
    endloop
  endfacet
  facet normal 0 0 1
    outer loop
      vertex -56.75399783998728 -17.933636464178562 22.810000000000002
      vertex -56.89283134788275 -17.47596374899149 22.810000000000002
      vertex -57.129358761012554 -17.52301198244095 22.810000000000002
    endloop
  endfacet
  facet normal 0 0 1
    outer loop
      vertex -57.129358761012554 -17.52301198244095 22.810000000000002
      vertex -56.89283134788275 -17.47596374899149 22.810000000000002
      vertex -57.180870935320854 -17 22.810000000000002
    endloop
  endfacet
  facet normal 0 0 1
    outer loop
      vertex -56.89283134788275 -17.47596374899149 22.810000000000002
      vertex -56.939709678292274 -17 22.810000000000002
      vertex -57.180870935320854 -17 22.810000000000002
    endloop
  endfacet
  facet normal 0 0 1
    outer loop
      vertex -56.22513525187969 -18.725135251879692 22.810000000000002
      vertex -56.52854447066784 -18.35543007403612 22.810000000000002
      vertex -56.72906272858381 -18.48941209167242 22.810000000000002
    endloop
  endfacet
  facet normal -0.290284685547916 -0.9569403332164172 0
    outer loop
      vertex -55.52592487633228 -19.47680179029703 22.51
      vertex -55.02301198244095 -19.629358753561974 22.51
      vertex -55.02301198244095 -19.629358753561974 22.810000000000002
    endloop
  endfacet
  facet normal -0.098017143038209 -0.9951847264054182 0
    outer loop
      vertex -55.02301198244095 -19.629358753561974 22.51
      vertex -54.508842796087265 -19.679999999701977 22.810000000000002
      vertex -55.02301198244095 -19.629358753561974 22.810000000000002
    endloop
  endfacet
  facet normal -0.098017143038209 -0.9951847264054182 0
    outer loop
      vertex -55.02301198244095 -19.629358753561974 22.51
      vertex -54.508842796087265 -19.679999999701977 22.51
      vertex -54.508842796087265 -19.679999999701977 22.810000000000002
    endloop
  endfacet
  facet normal 0 0 1
    outer loop
      vertex -55.52592487633228 -19.47680179029703 22.810000000000002
      vertex -55.02301198244095 -19.629358753561974 22.810000000000002
      vertex -54.49705235660076 -19.440000005066395 22.810000000000002
    endloop
  endfacet
  facet normal 0 0 1
    outer loop
      vertex -55.52592487633228 -19.47680179029703 22.810000000000002
      vertex -54.49705235660076 -19.440000005066395 22.810000000000002
      vertex -54.97596374899149 -19.392831347882748 22.810000000000002
    endloop
  endfacet
  facet normal 0 -1 0
    outer loop
      vertex -54.508842796087265 -19.679999999701977 22.51
      vertex -49.491157203912735 -19.679999999701977 22.810000000000002
      vertex -54.508842796087265 -19.679999999701977 22.810000000000002
    endloop
  endfacet
  facet normal 0 0 1
    outer loop
      vertex -55.02301198244095 -19.629358753561974 22.810000000000002
      vertex -54.508842796087265 -19.679999999701977 22.810000000000002
      vertex -49.50294764339924 -19.440000005066395 22.810000000000002
    endloop
  endfacet
  facet normal 0 0 1
    outer loop
      vertex -55.02301198244095 -19.629358753561974 22.810000000000002
      vertex -49.50294764339924 -19.440000005066395 22.810000000000002
      vertex -54.49705235660076 -19.440000005066395 22.810000000000002
    endloop
  endfacet
  facet normal -0.9951847284939292 0.09801712183319926 0
    outer loop
      vertex -57.180870935320854 -17 22.51
      vertex -57.180870935320854 -17 22.810000000000002
      vertex -57.129358761012554 -16.47698801755905 22.51
    endloop
  endfacet
  facet normal -0.9951847284939292 0.09801712183319926 0
    outer loop
      vertex -57.180870935320854 -17 22.810000000000002
      vertex -57.129358761012554 -16.47698801755905 22.810000000000002
      vertex -57.129358761012554 -16.47698801755905 22.51
    endloop
  endfacet
  facet normal -0.9569403292782767 0.29028469853022437 0
    outer loop
      vertex -57.129358761012554 -16.47698801755905 22.51
      vertex -57.129358761012554 -16.47698801755905 22.810000000000002
      vertex -56.97680179029703 -15.974075123667717 22.51
    endloop
  endfacet
  facet normal 0 0 1
    outer loop
      vertex -57.180870935320854 -17 22.810000000000002
      vertex -56.939709678292274 -17 22.810000000000002
      vertex -57.129358761012554 -16.47698801755905 22.810000000000002
    endloop
  endfacet
  facet normal 0 0 1
    outer loop
      vertex -56.939709678292274 -17 22.810000000000002
      vertex -56.89283134788275 -16.52403625100851 22.810000000000002
      vertex -57.129358761012554 -16.47698801755905 22.810000000000002
    endloop
  endfacet
  facet normal 0 0 1
    outer loop
      vertex -57.129358761012554 -16.47698801755905 22.810000000000002
      vertex -56.89283134788275 -16.52403625100851 22.810000000000002
      vertex -56.97680179029703 -15.974075123667717 22.810000000000002
    endloop
  endfacet
  facet normal 0 0 1
    outer loop
      vertex -56.89283134788275 -16.52403625100851 22.810000000000002
      vertex -56.75399783998728 -16.066363535821438 22.810000000000002
      vertex -56.97680179029703 -15.974075123667717 22.810000000000002
    endloop
  endfacet
  facet normal -0.9569403292782767 0.29028469853022437 0
    outer loop
      vertex -57.129358761012554 -16.47698801755905 22.810000000000002
      vertex -56.97680179029703 -15.974075123667717 22.810000000000002
      vertex -56.97680179029703 -15.974075123667717 22.51
    endloop
  endfacet
  facet normal -0.8819212772085149 0.47139671276632994 0
    outer loop
      vertex -56.97680179029703 -15.974075123667717 22.51
      vertex -56.97680179029703 -15.974075123667717 22.810000000000002
      vertex -56.72906272858381 -15.51058790832758 22.51
    endloop
  endfacet
  facet normal -0.8819212772085149 0.47139671276632994 0
    outer loop
      vertex -56.97680179029703 -15.974075123667717 22.810000000000002
      vertex -56.72906272858381 -15.51058790832758 22.810000000000002
      vertex -56.72906272858381 -15.51058790832758 22.51
    endloop
  endfacet
  facet normal -0.7730104404965588 0.6343932998411288 0
    outer loop
      vertex -56.72906272858381 -15.51058790832758 22.51
      vertex -56.72906272858381 -15.51058790832758 22.810000000000002
      vertex -56.395662017166615 -15.104337982833385 22.51
    endloop
  endfacet
  facet normal 0 0 1
    outer loop
      vertex -56.97680179029703 -15.974075123667717 22.810000000000002
      vertex -56.75399783998728 -16.066363535821438 22.810000000000002
      vertex -56.72906272858381 -15.51058790832758 22.810000000000002
    endloop
  endfacet
  facet normal 0 0 1
    outer loop
      vertex -56.75399783998728 -16.066363535821438 22.810000000000002
      vertex -56.52854447066784 -15.644569925963879 22.810000000000002
      vertex -56.72906272858381 -15.51058790832758 22.810000000000002
    endloop
  endfacet
  facet normal 0 0 1
    outer loop
      vertex -56.72906272858381 -15.51058790832758 22.810000000000002
      vertex -56.52854447066784 -15.644569925963879 22.810000000000002
      vertex -56.395662017166615 -15.104337982833385 22.810000000000002
    endloop
  endfacet
  facet normal 0 0 1
    outer loop
      vertex -56.52854447066784 -15.644569925963879 22.810000000000002
      vertex -56.22513525187969 -15.274864748120308 22.810000000000002
      vertex -56.395662017166615 -15.104337982833385 22.810000000000002
    endloop
  endfacet
  facet normal -0.7730104404965588 0.6343932998411288 0
    outer loop
      vertex -56.72906272858381 -15.51058790832758 22.810000000000002
      vertex -56.395662017166615 -15.104337982833385 22.810000000000002
      vertex -56.395662017166615 -15.104337982833385 22.51
    endloop
  endfacet
  facet normal -0.6343932998411288 0.7730104404965588 0
    outer loop
      vertex -56.395662017166615 -15.104337982833385 22.51
      vertex -56.395662017166615 -15.104337982833385 22.810000000000002
      vertex -55.98941209167242 -14.770937271416187 22.51
    endloop
  endfacet
  facet normal -0.6343932998411288 0.7730104404965588 0
    outer loop
      vertex -56.395662017166615 -15.104337982833385 22.810000000000002
      vertex -55.98941209167242 -14.770937271416187 22.810000000000002
      vertex -55.98941209167242 -14.770937271416187 22.51
    endloop
  endfacet
  facet normal -0.47139671276632994 0.8819212772085149 0
    outer loop
      vertex -55.98941209167242 -14.770937271416187 22.51
      vertex -55.98941209167242 -14.770937271416187 22.810000000000002
      vertex -55.52592487633228 -14.523198209702969 22.51
    endloop
  endfacet
  facet normal -0.47139671276632994 0.8819212772085149 0
    outer loop
      vertex -55.98941209167242 -14.770937271416187 22.810000000000002
      vertex -55.52592487633228 -14.523198209702969 22.810000000000002
      vertex -55.52592487633228 -14.523198209702969 22.51
    endloop
  endfacet
  facet normal -0.290284685547916 0.9569403332164172 0
    outer loop
      vertex -55.52592487633228 -14.523198209702969 22.51
      vertex -55.52592487633228 -14.523198209702969 22.810000000000002
      vertex -55.02301198244095 -14.370641246438026 22.51
    endloop
  endfacet
  facet normal 0 0 1
    outer loop
      vertex -56.395662017166615 -15.104337982833385 22.810000000000002
      vertex -56.22513525187969 -15.274864748120308 22.810000000000002
      vertex -55.98941209167242 -14.770937271416187 22.810000000000002
    endloop
  endfacet
  facet normal 0 0 1
    outer loop
      vertex -56.22513525187969 -15.274864748120308 22.810000000000002
      vertex -55.85543007403612 -14.971455529332161 22.810000000000002
      vertex -55.98941209167242 -14.770937271416187 22.810000000000002
    endloop
  endfacet
  facet normal 0 0 1
    outer loop
      vertex -55.98941209167242 -14.770937271416187 22.810000000000002
      vertex -55.85543007403612 -14.971455529332161 22.810000000000002
      vertex -55.43363646417856 -14.746002160012722 22.810000000000002
    endloop
  endfacet
  facet normal 0 0 1
    outer loop
      vertex -55.98941209167242 -14.770937271416187 22.810000000000002
      vertex -55.43363646417856 -14.746002160012722 22.810000000000002
      vertex -55.52592487633228 -14.523198209702969 22.810000000000002
    endloop
  endfacet
  facet normal 0 0 1
    outer loop
      vertex -55.43363646417856 -14.746002160012722 22.810000000000002
      vertex -54.97596374899149 -14.607168652117252 22.810000000000002
      vertex -55.52592487633228 -14.523198209702969 22.810000000000002
    endloop
  endfacet
  facet normal 0 0 1
    outer loop
      vertex -55.52592487633228 -14.523198209702969 22.810000000000002
      vertex -54.97596374899149 -14.607168652117252 22.810000000000002
      vertex -54.49705235660076 -14.559999994933605 22.810000000000002
    endloop
  endfacet
  facet normal -0.290284685547916 0.9569403332164172 0
    outer loop
      vertex -55.52592487633228 -14.523198209702969 22.810000000000002
      vertex -55.02301198244095 -14.370641246438026 22.810000000000002
      vertex -55.02301198244095 -14.370641246438026 22.51
    endloop
  endfacet
  facet normal -0.098017143038209 0.9951847264054182 0
    outer loop
      vertex -55.02301198244095 -14.370641246438026 22.51
      vertex -55.02301198244095 -14.370641246438026 22.810000000000002
      vertex -54.508842796087265 -14.320000000298023 22.51
    endloop
  endfacet
  facet normal -0.098017143038209 0.9951847264054182 0
    outer loop
      vertex -55.02301198244095 -14.370641246438026 22.810000000000002
      vertex -54.508842796087265 -14.320000000298023 22.810000000000002
      vertex -54.508842796087265 -14.320000000298023 22.51
    endloop
  endfacet
  facet normal 0 0 1
    outer loop
      vertex -55.52592487633228 -14.523198209702969 22.810000000000002
      vertex -54.508842796087265 -14.320000000298023 22.810000000000002
      vertex -55.02301198244095 -14.370641246438026 22.810000000000002
    endloop
  endfacet
  facet normal 0 0 1
    outer loop
      vertex -55.52592487633228 -14.523198209702969 22.810000000000002
      vertex -54.49705235660076 -14.559999994933605 22.810000000000002
      vertex -49.491157203912735 -14.320000000298023 22.810000000000002
    endloop
  endfacet
  facet normal 0 1 0
    outer loop
      vertex -54.508842796087265 -14.320000000298023 22.51
      vertex -54.508842796087265 -14.320000000298023 22.810000000000002
      vertex -49.491157203912735 -14.320000000298023 22.51
    endloop
  endfacet
  facet normal 0 0 1
    outer loop
      vertex -55.52592487633228 -14.523198209702969 22.810000000000002
      vertex -49.491157203912735 -14.320000000298023 22.810000000000002
      vertex -54.508842796087265 -14.320000000298023 22.810000000000002
    endloop
  endfacet
  facet normal 0 -1 0
    outer loop
      vertex -54.508842796087265 -19.679999999701977 22.51
      vertex -49.491157203912735 -19.679999999701977 22.51
      vertex -49.491157203912735 -19.679999999701977 22.810000000000002
    endloop
  endfacet
  facet normal 0 0 1
    outer loop
      vertex -54.508842796087265 -19.679999999701977 22.810000000000002
      vertex -49.491157203912735 -19.679999999701977 22.810000000000002
      vertex -48.47407512366772 -19.47680179029703 22.810000000000002
    endloop
  endfacet
  facet normal 0 0 1
    outer loop
      vertex -54.508842796087265 -19.679999999701977 22.810000000000002
      vertex -48.47407512366772 -19.47680179029703 22.810000000000002
      vertex -49.50294764339924 -19.440000005066395 22.810000000000002
    endloop
  endfacet
  facet normal 0.098017143038209 -0.9951847264054182 0
    outer loop
      vertex -49.491157203912735 -19.679999999701977 22.51
      vertex -48.97698801755905 -19.629358753561974 22.810000000000002
      vertex -49.491157203912735 -19.679999999701977 22.810000000000002
    endloop
  endfacet
  facet normal 0.098017143038209 -0.9951847264054182 0
    outer loop
      vertex -49.491157203912735 -19.679999999701977 22.51
      vertex -48.97698801755905 -19.629358753561974 22.51
      vertex -48.97698801755905 -19.629358753561974 22.810000000000002
    endloop
  endfacet
  facet normal 0.290284685547916 -0.9569403332164172 0
    outer loop
      vertex -48.97698801755905 -19.629358753561974 22.51
      vertex -48.47407512366772 -19.47680179029703 22.810000000000002
      vertex -48.97698801755905 -19.629358753561974 22.810000000000002
    endloop
  endfacet
  facet normal 0 0 1
    outer loop
      vertex -49.491157203912735 -19.679999999701977 22.810000000000002
      vertex -48.97698801755905 -19.629358753561974 22.810000000000002
      vertex -48.47407512366772 -19.47680179029703 22.810000000000002
    endloop
  endfacet
  facet normal 0.290284685547916 -0.9569403332164172 0
    outer loop
      vertex -48.97698801755905 -19.629358753561974 22.51
      vertex -48.47407512366772 -19.47680179029703 22.51
      vertex -48.47407512366772 -19.47680179029703 22.810000000000002
    endloop
  endfacet
  facet normal 0 0 1
    outer loop
      vertex -49.50294764339924 -19.440000005066395 22.810000000000002
      vertex -48.47407512366772 -19.47680179029703 22.810000000000002
      vertex -49.02403625100851 -19.392831347882748 22.810000000000002
    endloop
  endfacet
  facet normal 0 0 1
    outer loop
      vertex -49.02403625100851 -19.392831347882748 22.810000000000002
      vertex -48.47407512366772 -19.47680179029703 22.810000000000002
      vertex -48.56636353582144 -19.253997839987278 22.810000000000002
    endloop
  endfacet
  facet normal 0.47139671276632994 -0.8819212772085149 0
    outer loop
      vertex -48.47407512366772 -19.47680179029703 22.51
      vertex -48.01058790832758 -19.229062728583813 22.810000000000002
      vertex -48.47407512366772 -19.47680179029703 22.810000000000002
    endloop
  endfacet
  facet normal 0.47139671276632994 -0.8819212772085149 0
    outer loop
      vertex -48.47407512366772 -19.47680179029703 22.51
      vertex -48.01058790832758 -19.229062728583813 22.51
      vertex -48.01058790832758 -19.229062728583813 22.810000000000002
    endloop
  endfacet
  facet normal 0.6343932998411288 -0.7730104404965588 0
    outer loop
      vertex -48.01058790832758 -19.229062728583813 22.51
      vertex -47.604337982833385 -18.895662017166615 22.810000000000002
      vertex -48.01058790832758 -19.229062728583813 22.810000000000002
    endloop
  endfacet
  facet normal 0.6343932998411288 -0.7730104404965588 0
    outer loop
      vertex -48.01058790832758 -19.229062728583813 22.51
      vertex -47.604337982833385 -18.895662017166615 22.51
      vertex -47.604337982833385 -18.895662017166615 22.810000000000002
    endloop
  endfacet
  facet normal 0.7730104404965575 -0.6343932998411302 0
    outer loop
      vertex -47.604337982833385 -18.895662017166615 22.51
      vertex -47.3 -18.52482512745043 22.810000000000002
      vertex -47.604337982833385 -18.895662017166615 22.810000000000002
    endloop
  endfacet
  facet normal 0 0 1
    outer loop
      vertex -48.47407512366772 -19.47680179029703 22.810000000000002
      vertex -48.01058790832758 -19.229062728583813 22.810000000000002
      vertex -48.56636353582144 -19.253997839987278 22.810000000000002
    endloop
  endfacet
  facet normal 0 0 1
    outer loop
      vertex -48.56636353582144 -19.253997839987278 22.810000000000002
      vertex -48.01058790832758 -19.229062728583813 22.810000000000002
      vertex -48.14456992596388 -19.02854447066784 22.810000000000002
    endloop
  endfacet
  facet normal 0 0 1
    outer loop
      vertex -48.01058790832758 -19.229062728583813 22.810000000000002
      vertex -47.77486474812031 -18.725135251879692 22.810000000000002
      vertex -48.14456992596388 -19.02854447066784 22.810000000000002
    endloop
  endfacet
  facet normal 0 0 1
    outer loop
      vertex -48.01058790832758 -19.229062728583813 22.810000000000002
      vertex -47.604337982833385 -18.895662017166615 22.810000000000002
      vertex -47.77486474812031 -18.725135251879692 22.810000000000002
    endloop
  endfacet
  facet normal 0.7730104404965575 -0.6343932998411302 -2.7908765885545184e-17
    outer loop
      vertex -47.604337982833385 -18.895662017166615 22.51
      vertex -47.3 -18.52482512745043 22.51
      vertex -47.3 -18.52482512745043 22.810000000000002
    endloop
  endfacet
  facet normal 0 0 1
    outer loop
      vertex -47.77486474812031 -18.725135251879692 22.810000000000002
      vertex -47.604337982833385 -18.895662017166615 22.810000000000002
      vertex -47.47145552933216 -18.35543007403612 22.810000000000002
    endloop
  endfacet
  facet normal 0 0 1
    outer loop
      vertex -47.604337982833385 -18.895662017166615 22.810000000000002
      vertex -47.3 -18.52482512745043 22.810000000000002
      vertex -47.47145552933216 -18.35543007403612 22.810000000000002
    endloop
  endfacet
  facet normal 0 0 1
    outer loop
      vertex -47.3 -18.52482512745043 22.810000000000002
      vertex -47.3 -18.03465932279228 22.810000000000002
      vertex -47.47145552933216 -18.35543007403612 22.810000000000002
    endloop
  endfacet
  facet normal 0 0 1
    outer loop
      vertex -54.49705235660076 -14.559999994933605 22.810000000000002
      vertex -49.50294764339924 -14.559999994933605 22.810000000000002
      vertex -48.97698801755905 -14.370641246438026 22.810000000000002
    endloop
  endfacet
  facet normal 0 1 0
    outer loop
      vertex -54.508842796087265 -14.320000000298023 22.810000000000002
      vertex -49.491157203912735 -14.320000000298023 22.810000000000002
      vertex -49.491157203912735 -14.320000000298023 22.51
    endloop
  endfacet
  facet normal 0 0 1
    outer loop
      vertex -54.49705235660076 -14.559999994933605 22.810000000000002
      vertex -48.97698801755905 -14.370641246438026 22.810000000000002
      vertex -49.491157203912735 -14.320000000298023 22.810000000000002
    endloop
  endfacet
  facet normal 0.773010440496559 0.6343932998411284 0
    outer loop
      vertex -47.3 -15.475174872549571 22.51
      vertex -47.604337982833385 -15.104337982833385 22.810000000000002
      vertex -47.3 -15.475174872549571 22.810000000000002
    endloop
  endfacet
  facet normal 0 0 1
    outer loop
      vertex -47.3 -15.965340677207722 22.810000000000002
      vertex -47.3 -15.475174872549571 22.810000000000002
      vertex -47.47145552933216 -15.644569925963879 22.810000000000002
    endloop
  endfacet
  facet normal 0 0 1
    outer loop
      vertex -47.47145552933216 -15.644569925963879 22.810000000000002
      vertex -47.3 -15.475174872549571 22.810000000000002
      vertex -47.77486474812031 -15.274864748120308 22.810000000000002
    endloop
  endfacet
  facet normal 0.290284685547916 0.9569403332164172 0
    outer loop
      vertex -48.97698801755905 -14.370641246438026 22.810000000000002
      vertex -48.47407512366772 -14.523198209702969 22.810000000000002
      vertex -48.47407512366772 -14.523198209702969 22.51
    endloop
  endfacet
  facet normal 0 0 1
    outer loop
      vertex -49.50294764339924 -14.559999994933605 22.810000000000002
      vertex -49.02403625100851 -14.607168652117252 22.810000000000002
      vertex -48.47407512366772 -14.523198209702969 22.810000000000002
    endloop
  endfacet
  facet normal 0 0 1
    outer loop
      vertex -49.50294764339924 -14.559999994933605 22.810000000000002
      vertex -48.47407512366772 -14.523198209702969 22.810000000000002
      vertex -48.97698801755905 -14.370641246438026 22.810000000000002
    endloop
  endfacet
  facet normal 0 0 1
    outer loop
      vertex -49.02403625100851 -14.607168652117252 22.810000000000002
      vertex -48.56636353582144 -14.746002160012722 22.810000000000002
      vertex -48.47407512366772 -14.523198209702969 22.810000000000002
    endloop
  endfacet
  facet normal 0.098017143038209 0.9951847264054182 0
    outer loop
      vertex -49.491157203912735 -14.320000000298023 22.51
      vertex -49.491157203912735 -14.320000000298023 22.810000000000002
      vertex -48.97698801755905 -14.370641246438026 22.51
    endloop
  endfacet
  facet normal 0.098017143038209 0.9951847264054182 0
    outer loop
      vertex -49.491157203912735 -14.320000000298023 22.810000000000002
      vertex -48.97698801755905 -14.370641246438026 22.810000000000002
      vertex -48.97698801755905 -14.370641246438026 22.51
    endloop
  endfacet
  facet normal 0.290284685547916 0.9569403332164172 0
    outer loop
      vertex -48.97698801755905 -14.370641246438026 22.51
      vertex -48.97698801755905 -14.370641246438026 22.810000000000002
      vertex -48.47407512366772 -14.523198209702969 22.51
    endloop
  endfacet
  facet normal 0.47139671276632994 0.8819212772085149 0
    outer loop
      vertex -48.47407512366772 -14.523198209702969 22.51
      vertex -48.47407512366772 -14.523198209702969 22.810000000000002
      vertex -48.01058790832758 -14.770937271416187 22.51
    endloop
  endfacet
  facet normal 0.47139671276632994 0.8819212772085149 0
    outer loop
      vertex -48.47407512366772 -14.523198209702969 22.810000000000002
      vertex -48.01058790832758 -14.770937271416187 22.810000000000002
      vertex -48.01058790832758 -14.770937271416187 22.51
    endloop
  endfacet
  facet normal 0.6343932998411288 0.7730104404965588 0
    outer loop
      vertex -48.01058790832758 -14.770937271416187 22.51
      vertex -48.01058790832758 -14.770937271416187 22.810000000000002
      vertex -47.604337982833385 -15.104337982833385 22.51
    endloop
  endfacet
  facet normal 0.6343932998411288 0.7730104404965588 0
    outer loop
      vertex -48.01058790832758 -14.770937271416187 22.810000000000002
      vertex -47.604337982833385 -15.104337982833385 22.810000000000002
      vertex -47.604337982833385 -15.104337982833385 22.51
    endloop
  endfacet
  facet normal 0.773010440496559 0.6343932998411284 3.2222763479782055e-17
    outer loop
      vertex -47.3 -15.475174872549571 22.51
      vertex -47.604337982833385 -15.104337982833385 22.51
      vertex -47.604337982833385 -15.104337982833385 22.810000000000002
    endloop
  endfacet
  facet normal 0 0 1
    outer loop
      vertex -48.56636353582144 -14.746002160012722 22.810000000000002
      vertex -48.01058790832758 -14.770937271416187 22.810000000000002
      vertex -48.47407512366772 -14.523198209702969 22.810000000000002
    endloop
  endfacet
  facet normal 0 0 1
    outer loop
      vertex -48.14456992596388 -14.971455529332161 22.810000000000002
      vertex -48.01058790832758 -14.770937271416187 22.810000000000002
      vertex -48.56636353582144 -14.746002160012722 22.810000000000002
    endloop
  endfacet
  facet normal 0 0 1
    outer loop
      vertex -48.14456992596388 -14.971455529332161 22.810000000000002
      vertex -47.77486474812031 -15.274864748120308 22.810000000000002
      vertex -47.604337982833385 -15.104337982833385 22.810000000000002
    endloop
  endfacet
  facet normal 0 0 1
    outer loop
      vertex -48.14456992596388 -14.971455529332161 22.810000000000002
      vertex -47.604337982833385 -15.104337982833385 22.810000000000002
      vertex -48.01058790832758 -14.770937271416187 22.810000000000002
    endloop
  endfacet
  facet normal 0 0 1
    outer loop
      vertex -47.3 -15.475174872549571 22.810000000000002
      vertex -47.604337982833385 -15.104337982833385 22.810000000000002
      vertex -47.77486474812031 -15.274864748120308 22.810000000000002
    endloop
  endfacet
  facet normal -0.6343933097417942 -0.7730104323712921 0
    outer loop
      vertex -56.22513525187969 -18.725135251879692 23.110000000000003
      vertex -55.85543007403612 -19.02854447066784 22.810000000000002
      vertex -55.85543007403612 -19.02854447066784 23.110000000000003
    endloop
  endfacet
  facet normal -0.6343933097417942 -0.7730104323712921 0
    outer loop
      vertex -56.22513525187969 -18.725135251879692 22.810000000000002
      vertex -55.85543007403612 -19.02854447066784 22.810000000000002
      vertex -56.22513525187969 -18.725135251879692 23.110000000000003
    endloop
  endfacet
  facet normal 0 0 1
    outer loop
      vertex -56.22513525187969 -18.725135251879692 23.110000000000003
      vertex -55.85543007403612 -19.02854447066784 23.110000000000003
      vertex -55.72144805639982 -18.828026212751865 23.110000000000003
    endloop
  endfacet
  facet normal 0 0 1
    outer loop
      vertex -56.22513525187969 -18.725135251879692 23.110000000000003
      vertex -55.72144805639982 -18.828026212751865 23.110000000000003
      vertex -56.05460849404335 -18.55460849404335 23.110000000000003
    endloop
  endfacet
  facet normal -0.47139671694936774 -0.8819212749726347 0
    outer loop
      vertex -55.43363646417856 -19.253997839987278 22.810000000000002
      vertex -55.43363646417856 -19.253997839987278 23.110000000000003
      vertex -55.85543007403612 -19.02854447066784 23.110000000000003
    endloop
  endfacet
  facet normal -0.2902846917408582 -0.9569403313378085 0
    outer loop
      vertex -55.43363646417856 -19.253997839987278 22.810000000000002
      vertex -54.97596374899149 -19.392831347882748 22.810000000000002
      vertex -55.43363646417856 -19.253997839987278 23.110000000000003
    endloop
  endfacet
  facet normal -0.47139671694936774 -0.8819212749726347 0
    outer loop
      vertex -55.43363646417856 -19.253997839987278 22.810000000000002
      vertex -55.85543007403612 -19.02854447066784 23.110000000000003
      vertex -55.85543007403612 -19.02854447066784 22.810000000000002
    endloop
  endfacet
  facet normal 0 0 1
    outer loop
      vertex -55.85543007403612 -19.02854447066784 23.110000000000003
      vertex -55.34134804457426 -19.031193889677525 23.110000000000003
      vertex -55.72144805639982 -18.828026212751865 23.110000000000003
    endloop
  endfacet
  facet normal 0 0 1
    outer loop
      vertex -55.43363646417856 -19.253997839987278 23.110000000000003
      vertex -55.34134804457426 -19.031193889677525 23.110000000000003
      vertex -55.85543007403612 -19.02854447066784 23.110000000000003
    endloop
  endfacet
  facet normal -0.8819212749726347 -0.47139671694936774 0
    outer loop
      vertex -56.75399783998728 -17.933636464178562 23.110000000000003
      vertex -56.52854447066784 -18.35543007403612 22.810000000000002
      vertex -56.52854447066784 -18.35543007403612 23.110000000000003
    endloop
  endfacet
  facet normal -0.8819212749726347 -0.47139671694936774 0
    outer loop
      vertex -56.75399783998728 -17.933636464178562 22.810000000000002
      vertex -56.52854447066784 -18.35543007403612 22.810000000000002
      vertex -56.75399783998728 -17.933636464178562 23.110000000000003
    endloop
  endfacet
  facet normal -0.9569403313378085 -0.2902846917408582 0
    outer loop
      vertex -56.75399783998728 -17.933636464178562 22.810000000000002
      vertex -56.75399783998728 -17.933636464178562 23.110000000000003
      vertex -56.89283134788275 -17.47596374899149 23.110000000000003
    endloop
  endfacet
  facet normal 0 0 1
    outer loop
      vertex -56.75399783998728 -17.933636464178562 23.110000000000003
      vertex -56.531193889677525 -17.84134804457426 23.110000000000003
      vertex -56.89283134788275 -17.47596374899149 23.110000000000003
    endloop
  endfacet
  facet normal -0.9569403313378085 -0.2902846917408582 0
    outer loop
      vertex -56.75399783998728 -17.933636464178562 22.810000000000002
      vertex -56.89283134788275 -17.47596374899149 23.110000000000003
      vertex -56.89283134788275 -17.47596374899149 22.810000000000002
    endloop
  endfacet
  facet normal 0 0 1
    outer loop
      vertex -56.89283134788275 -17.47596374899149 23.110000000000003
      vertex -56.531193889677525 -17.84134804457426 23.110000000000003
      vertex -56.65630393475294 -17.42891552299261 23.110000000000003
    endloop
  endfacet
  facet normal -0.9951847281357373 -0.09801712546998281 0
    outer loop
      vertex -56.89283134788275 -17.47596374899149 22.810000000000002
      vertex -56.939709678292274 -17 23.110000000000003
      vertex -56.939709678292274 -17 22.810000000000002
    endloop
  endfacet
  facet normal -0.9951847281357373 -0.09801712546998281 0
    outer loop
      vertex -56.89283134788275 -17.47596374899149 22.810000000000002
      vertex -56.89283134788275 -17.47596374899149 23.110000000000003
      vertex -56.939709678292274 -17 23.110000000000003
    endloop
  endfacet
  facet normal 0 0 1
    outer loop
      vertex -56.89283134788275 -17.47596374899149 23.110000000000003
      vertex -56.65630393475294 -17.42891552299261 23.110000000000003
      vertex -56.939709678292274 -17 23.110000000000003
    endloop
  endfacet
  facet normal 0 0 1
    outer loop
      vertex -56.65630393475294 -17.42891552299261 23.110000000000003
      vertex -56.698548421263695 -17 23.110000000000003
      vertex -56.939709678292274 -17 23.110000000000003
    endloop
  endfacet
  facet normal -0.7730104323712921 -0.6343933097417942 0
    outer loop
      vertex -56.22513525187969 -18.725135251879692 22.810000000000002
      vertex -56.22513525187969 -18.725135251879692 23.110000000000003
      vertex -56.52854447066784 -18.35543007403612 23.110000000000003
    endloop
  endfacet
  facet normal 0 0 1
    outer loop
      vertex -56.22513525187969 -18.725135251879692 23.110000000000003
      vertex -56.05460849404335 -18.55460849404335 23.110000000000003
      vertex -56.52854447066784 -18.35543007403612 23.110000000000003
    endloop
  endfacet
  facet normal -0.7730104323712921 -0.6343933097417942 0
    outer loop
      vertex -56.22513525187969 -18.725135251879692 22.810000000000002
      vertex -56.52854447066784 -18.35543007403612 23.110000000000003
      vertex -56.52854447066784 -18.35543007403612 22.810000000000002
    endloop
  endfacet
  facet normal 0 0 1
    outer loop
      vertex -56.52854447066784 -18.35543007403612 23.110000000000003
      vertex -56.05460849404335 -18.55460849404335 23.110000000000003
      vertex -56.328026212751865 -18.221448056399822 23.110000000000003
    endloop
  endfacet
  facet normal 0 0 1
    outer loop
      vertex -56.75399783998728 -17.933636464178562 23.110000000000003
      vertex -56.52854447066784 -18.35543007403612 23.110000000000003
      vertex -56.328026212751865 -18.221448056399822 23.110000000000003
    endloop
  endfacet
  facet normal 0 0 1
    outer loop
      vertex -56.75399783998728 -17.933636464178562 23.110000000000003
      vertex -56.328026212751865 -18.221448056399822 23.110000000000003
      vertex -56.531193889677525 -17.84134804457426 23.110000000000003
    endloop
  endfacet
  facet normal -0.2902846917408582 -0.9569403313378085 0
    outer loop
      vertex -55.43363646417856 -19.253997839987278 23.110000000000003
      vertex -54.97596374899149 -19.392831347882748 22.810000000000002
      vertex -54.97596374899149 -19.392831347882748 23.110000000000003
    endloop
  endfacet
  facet normal 0 0 1
    outer loop
      vertex -55.43363646417856 -19.253997839987278 23.110000000000003
      vertex -54.92891552299261 -19.15630393475294 23.110000000000003
      vertex -55.34134804457426 -19.031193889677525 23.110000000000003
    endloop
  endfacet
  facet normal 0 0 1
    outer loop
      vertex -55.43363646417856 -19.253997839987278 23.110000000000003
      vertex -54.97596374899149 -19.392831347882748 23.110000000000003
      vertex -54.48526190966368 -19.200000002980232 23.110000000000003
    endloop
  endfacet
  facet normal 0 0 1
    outer loop
      vertex -55.43363646417856 -19.253997839987278 23.110000000000003
      vertex -54.48526190966368 -19.200000002980232 23.110000000000003
      vertex -54.92891552299261 -19.15630393475294 23.110000000000003
    endloop
  endfacet
  facet normal -0.09801714457603988 -0.9951847262539552 0
    outer loop
      vertex -54.97596374899149 -19.392831347882748 22.810000000000002
      vertex -54.49705235660076 -19.440000005066395 22.810000000000002
      vertex -54.97596374899149 -19.392831347882748 23.110000000000003
    endloop
  endfacet
  facet normal -0.09801714457603988 -0.9951847262539552 0
    outer loop
      vertex -54.97596374899149 -19.392831347882748 23.110000000000003
      vertex -54.49705235660076 -19.440000005066395 22.810000000000002
      vertex -54.49705235660076 -19.440000005066395 23.110000000000003
    endloop
  endfacet
  facet normal 0 0 1
    outer loop
      vertex -54.97596374899149 -19.392831347882748 23.110000000000003
      vertex -54.49705235660076 -19.440000005066395 23.110000000000003
      vertex -49.51473809033632 -19.200000002980232 23.110000000000003
    endloop
  endfacet
  facet normal 0 0 1
    outer loop
      vertex -54.97596374899149 -19.392831347882748 23.110000000000003
      vertex -49.51473809033632 -19.200000002980232 23.110000000000003
      vertex -54.48526190966368 -19.200000002980232 23.110000000000003
    endloop
  endfacet
  facet normal 0 -1 0
    outer loop
      vertex -54.49705235660076 -19.440000005066395 22.810000000000002
      vertex -49.50294764339924 -19.440000005066395 22.810000000000002
      vertex -54.49705235660076 -19.440000005066395 23.110000000000003
    endloop
  endfacet
  facet normal -0.9951847281357373 0.09801712546998281 0
    outer loop
      vertex -56.939709678292274 -17 22.810000000000002
      vertex -56.939709678292274 -17 23.110000000000003
      vertex -56.89283134788275 -16.52403625100851 23.110000000000003
    endloop
  endfacet
  facet normal 0 0 1
    outer loop
      vertex -56.939709678292274 -17 23.110000000000003
      vertex -56.698548421263695 -17 23.110000000000003
      vertex -56.89283134788275 -16.52403625100851 23.110000000000003
    endloop
  endfacet
  facet normal -0.9951847281357373 0.09801712546998281 0
    outer loop
      vertex -56.939709678292274 -17 22.810000000000002
      vertex -56.89283134788275 -16.52403625100851 23.110000000000003
      vertex -56.89283134788275 -16.52403625100851 22.810000000000002
    endloop
  endfacet
  facet normal 0 0 1
    outer loop
      vertex -56.698548421263695 -17 23.110000000000003
      vertex -56.65630393475294 -16.57108447700739 23.110000000000003
      vertex -56.89283134788275 -16.52403625100851 23.110000000000003
    endloop
  endfacet
  facet normal -0.9569403313378085 0.2902846917408582 0
    outer loop
      vertex -56.89283134788275 -16.52403625100851 22.810000000000002
      vertex -56.89283134788275 -16.52403625100851 23.110000000000003
      vertex -56.75399783998728 -16.066363535821438 23.110000000000003
    endloop
  endfacet
  facet normal 0 0 1
    outer loop
      vertex -56.89283134788275 -16.52403625100851 23.110000000000003
      vertex -56.65630393475294 -16.57108447700739 23.110000000000003
      vertex -56.75399783998728 -16.066363535821438 23.110000000000003
    endloop
  endfacet
  facet normal -0.9569403313378085 0.2902846917408582 0
    outer loop
      vertex -56.89283134788275 -16.52403625100851 22.810000000000002
      vertex -56.75399783998728 -16.066363535821438 23.110000000000003
      vertex -56.75399783998728 -16.066363535821438 22.810000000000002
    endloop
  endfacet
  facet normal 0 0 1
    outer loop
      vertex -56.65630393475294 -16.57108447700739 23.110000000000003
      vertex -56.531193889677525 -16.15865195542574 23.110000000000003
      vertex -56.75399783998728 -16.066363535821438 23.110000000000003
    endloop
  endfacet
  facet normal 0 0 1
    outer loop
      vertex -56.75399783998728 -16.066363535821438 23.110000000000003
      vertex -56.531193889677525 -16.15865195542574 23.110000000000003
      vertex -56.52854447066784 -15.644569925963879 23.110000000000003
    endloop
  endfacet
  facet normal -0.8819212749726347 0.47139671694936774 0
    outer loop
      vertex -56.75399783998728 -16.066363535821438 22.810000000000002
      vertex -56.75399783998728 -16.066363535821438 23.110000000000003
      vertex -56.52854447066784 -15.644569925963879 23.110000000000003
    endloop
  endfacet
  facet normal -0.8819212749726347 0.47139671694936774 0
    outer loop
      vertex -56.75399783998728 -16.066363535821438 22.810000000000002
      vertex -56.52854447066784 -15.644569925963879 23.110000000000003
      vertex -56.52854447066784 -15.644569925963879 22.810000000000002
    endloop
  endfacet
  facet normal 0 0 1
    outer loop
      vertex -56.531193889677525 -16.15865195542574 23.110000000000003
      vertex -56.328026212751865 -15.778551943600178 23.110000000000003
      vertex -56.52854447066784 -15.644569925963879 23.110000000000003
    endloop
  endfacet
  facet normal -0.7730104323712921 0.6343933097417942 0
    outer loop
      vertex -56.52854447066784 -15.644569925963879 22.810000000000002
      vertex -56.52854447066784 -15.644569925963879 23.110000000000003
      vertex -56.22513525187969 -15.274864748120308 23.110000000000003
    endloop
  endfacet
  facet normal 0 0 1
    outer loop
      vertex -56.328026212751865 -15.778551943600178 23.110000000000003
      vertex -56.22513525187969 -15.274864748120308 23.110000000000003
      vertex -56.52854447066784 -15.644569925963879 23.110000000000003
    endloop
  endfacet
  facet normal -0.7730104323712921 0.6343933097417942 0
    outer loop
      vertex -56.52854447066784 -15.644569925963879 22.810000000000002
      vertex -56.22513525187969 -15.274864748120308 23.110000000000003
      vertex -56.22513525187969 -15.274864748120308 22.810000000000002
    endloop
  endfacet
  facet normal 0 0 1
    outer loop
      vertex -56.328026212751865 -15.778551943600178 23.110000000000003
      vertex -56.05460849404335 -15.44539150595665 23.110000000000003
      vertex -56.22513525187969 -15.274864748120308 23.110000000000003
    endloop
  endfacet
  facet normal -0.6343933097417942 0.7730104323712921 0
    outer loop
      vertex -56.22513525187969 -15.274864748120308 22.810000000000002
      vertex -56.22513525187969 -15.274864748120308 23.110000000000003
      vertex -55.85543007403612 -14.971455529332161 23.110000000000003
    endloop
  endfacet
  facet normal 0 0 1
    outer loop
      vertex -56.05460849404335 -15.44539150595665 23.110000000000003
      vertex -55.85543007403612 -14.971455529332161 23.110000000000003
      vertex -56.22513525187969 -15.274864748120308 23.110000000000003
    endloop
  endfacet
  facet normal -0.6343933097417942 0.7730104323712921 0
    outer loop
      vertex -56.22513525187969 -15.274864748120308 22.810000000000002
      vertex -55.85543007403612 -14.971455529332161 23.110000000000003
      vertex -55.85543007403612 -14.971455529332161 22.810000000000002
    endloop
  endfacet
  facet normal 0 0 1
    outer loop
      vertex -56.05460849404335 -15.44539150595665 23.110000000000003
      vertex -55.72144805639982 -15.171973787248135 23.110000000000003
      vertex -55.85543007403612 -14.971455529332161 23.110000000000003
    endloop
  endfacet
  facet normal -0.47139671694936774 0.8819212749726347 0
    outer loop
      vertex -55.85543007403612 -14.971455529332161 22.810000000000002
      vertex -55.85543007403612 -14.971455529332161 23.110000000000003
      vertex -55.43363646417856 -14.746002160012722 23.110000000000003
    endloop
  endfacet
  facet normal 0 0 1
    outer loop
      vertex -55.72144805639982 -15.171973787248135 23.110000000000003
      vertex -55.34134804457426 -14.968806110322475 23.110000000000003
      vertex -55.85543007403612 -14.971455529332161 23.110000000000003
    endloop
  endfacet
  facet normal 0 0 1
    outer loop
      vertex -55.85543007403612 -14.971455529332161 23.110000000000003
      vertex -55.34134804457426 -14.968806110322475 23.110000000000003
      vertex -55.43363646417856 -14.746002160012722 23.110000000000003
    endloop
  endfacet
  facet normal -0.47139671694936774 0.8819212749726347 0
    outer loop
      vertex -55.85543007403612 -14.971455529332161 22.810000000000002
      vertex -55.43363646417856 -14.746002160012722 23.110000000000003
      vertex -55.43363646417856 -14.746002160012722 22.810000000000002
    endloop
  endfacet
  facet normal -0.2902846917408582 0.9569403313378085 0
    outer loop
      vertex -55.43363646417856 -14.746002160012722 22.810000000000002
      vertex -55.43363646417856 -14.746002160012722 23.110000000000003
      vertex -54.97596374899149 -14.607168652117252 23.110000000000003
    endloop
  endfacet
  facet normal 0 0 1
    outer loop
      vertex -55.34134804457426 -14.968806110322475 23.110000000000003
      vertex -54.92891552299261 -14.843696065247059 23.110000000000003
      vertex -55.43363646417856 -14.746002160012722 23.110000000000003
    endloop
  endfacet
  facet normal 0 0 1
    outer loop
      vertex -55.43363646417856 -14.746002160012722 23.110000000000003
      vertex -54.92891552299261 -14.843696065247059 23.110000000000003
      vertex -54.48526190966368 -14.799999997019768 23.110000000000003
    endloop
  endfacet
  facet normal -0.2902846917408582 0.9569403313378085 0
    outer loop
      vertex -55.43363646417856 -14.746002160012722 22.810000000000002
      vertex -54.97596374899149 -14.607168652117252 23.110000000000003
      vertex -54.97596374899149 -14.607168652117252 22.810000000000002
    endloop
  endfacet
  facet normal 0 0 1
    outer loop
      vertex -55.43363646417856 -14.746002160012722 23.110000000000003
      vertex -54.49705235660076 -14.559999994933605 23.110000000000003
      vertex -54.97596374899149 -14.607168652117252 23.110000000000003
    endloop
  endfacet
  facet normal -0.09801714457603988 0.9951847262539552 0
    outer loop
      vertex -54.97596374899149 -14.607168652117252 22.810000000000002
      vertex -54.97596374899149 -14.607168652117252 23.110000000000003
      vertex -54.49705235660076 -14.559999994933605 23.110000000000003
    endloop
  endfacet
  facet normal -0.09801714457603988 0.9951847262539552 0
    outer loop
      vertex -54.97596374899149 -14.607168652117252 22.810000000000002
      vertex -54.49705235660076 -14.559999994933605 23.110000000000003
      vertex -54.49705235660076 -14.559999994933605 22.810000000000002
    endloop
  endfacet
  facet normal 0 0 1
    outer loop
      vertex -55.43363646417856 -14.746002160012722 23.110000000000003
      vertex -54.48526190966368 -14.799999997019768 23.110000000000003
      vertex -49.50294764339924 -14.559999994933605 23.110000000000003
    endloop
  endfacet
  facet normal 0 0 1
    outer loop
      vertex -55.43363646417856 -14.746002160012722 23.110000000000003
      vertex -49.50294764339924 -14.559999994933605 23.110000000000003
      vertex -54.49705235660076 -14.559999994933605 23.110000000000003
    endloop
  endfacet
  facet normal 0 1 0
    outer loop
      vertex -54.49705235660076 -14.559999994933605 22.810000000000002
      vertex -54.49705235660076 -14.559999994933605 23.110000000000003
      vertex -49.50294764339924 -14.559999994933605 23.110000000000003
    endloop
  endfacet
  facet normal 0 -1 0
    outer loop
      vertex -54.49705235660076 -19.440000005066395 23.110000000000003
      vertex -49.50294764339924 -19.440000005066395 22.810000000000002
      vertex -49.50294764339924 -19.440000005066395 23.110000000000003
    endloop
  endfacet
  facet normal 0 0 1
    outer loop
      vertex -54.49705235660076 -19.440000005066395 23.110000000000003
      vertex -49.50294764339924 -19.440000005066395 23.110000000000003
      vertex -48.56636353582144 -19.253997839987278 23.110000000000003
    endloop
  endfacet
  facet normal 0 0 1
    outer loop
      vertex -54.49705235660076 -19.440000005066395 23.110000000000003
      vertex -48.56636353582144 -19.253997839987278 23.110000000000003
      vertex -49.51473809033632 -19.200000002980232 23.110000000000003
    endloop
  endfacet
  facet normal 0.09801714457603988 -0.9951847262539552 0
    outer loop
      vertex -49.50294764339924 -19.440000005066395 22.810000000000002
      vertex -49.02403625100851 -19.392831347882748 22.810000000000002
      vertex -49.50294764339924 -19.440000005066395 23.110000000000003
    endloop
  endfacet
  facet normal 0.09801714457603988 -0.9951847262539552 0
    outer loop
      vertex -49.50294764339924 -19.440000005066395 23.110000000000003
      vertex -49.02403625100851 -19.392831347882748 22.810000000000002
      vertex -49.02403625100851 -19.392831347882748 23.110000000000003
    endloop
  endfacet
  facet normal 0 0 1
    outer loop
      vertex -49.50294764339924 -19.440000005066395 23.110000000000003
      vertex -49.02403625100851 -19.392831347882748 23.110000000000003
      vertex -48.56636353582144 -19.253997839987278 23.110000000000003
    endloop
  endfacet
  facet normal 0 0 1
    outer loop
      vertex -49.51473809033632 -19.200000002980232 23.110000000000003
      vertex -48.56636353582144 -19.253997839987278 23.110000000000003
      vertex -49.07108447700739 -19.15630393475294 23.110000000000003
    endloop
  endfacet
  facet normal 0.2902846917408582 -0.9569403313378085 0
    outer loop
      vertex -49.02403625100851 -19.392831347882748 22.810000000000002
      vertex -48.56636353582144 -19.253997839987278 22.810000000000002
      vertex -49.02403625100851 -19.392831347882748 23.110000000000003
    endloop
  endfacet
  facet normal 0.2902846917408582 -0.9569403313378085 0
    outer loop
      vertex -49.02403625100851 -19.392831347882748 23.110000000000003
      vertex -48.56636353582144 -19.253997839987278 22.810000000000002
      vertex -48.56636353582144 -19.253997839987278 23.110000000000003
    endloop
  endfacet
  facet normal 0 0 1
    outer loop
      vertex -49.07108447700739 -19.15630393475294 23.110000000000003
      vertex -48.56636353582144 -19.253997839987278 23.110000000000003
      vertex -48.65865195542574 -19.031193889677525 23.110000000000003
    endloop
  endfacet
  facet normal 0.47139671694936774 -0.8819212749726347 0
    outer loop
      vertex -48.56636353582144 -19.253997839987278 22.810000000000002
      vertex -48.14456992596388 -19.02854447066784 22.810000000000002
      vertex -48.56636353582144 -19.253997839987278 23.110000000000003
    endloop
  endfacet
  facet normal 0 0 1
    outer loop
      vertex -48.65865195542574 -19.031193889677525 23.110000000000003
      vertex -48.56636353582144 -19.253997839987278 23.110000000000003
      vertex -48.14456992596388 -19.02854447066784 23.110000000000003
    endloop
  endfacet
  facet normal 0 0 1
    outer loop
      vertex -48.65865195542574 -19.031193889677525 23.110000000000003
      vertex -48.14456992596388 -19.02854447066784 23.110000000000003
      vertex -48.27855194360018 -18.828026212751865 23.110000000000003
    endloop
  endfacet
  facet normal 0.47139671694936774 -0.8819212749726347 0
    outer loop
      vertex -48.56636353582144 -19.253997839987278 23.110000000000003
      vertex -48.14456992596388 -19.02854447066784 22.810000000000002
      vertex -48.14456992596388 -19.02854447066784 23.110000000000003
    endloop
  endfacet
  facet normal 0.6343933097417942 -0.7730104323712921 0
    outer loop
      vertex -48.14456992596388 -19.02854447066784 22.810000000000002
      vertex -47.77486474812031 -18.725135251879692 22.810000000000002
      vertex -48.14456992596388 -19.02854447066784 23.110000000000003
    endloop
  endfacet
  facet normal 0 0 1
    outer loop
      vertex -48.14456992596388 -19.02854447066784 23.110000000000003
      vertex -47.94539150595665 -18.55460849404335 23.110000000000003
      vertex -48.27855194360018 -18.828026212751865 23.110000000000003
    endloop
  endfacet
  facet normal 0.6343933097417942 -0.7730104323712921 0
    outer loop
      vertex -48.14456992596388 -19.02854447066784 23.110000000000003
      vertex -47.77486474812031 -18.725135251879692 22.810000000000002
      vertex -47.77486474812031 -18.725135251879692 23.110000000000003
    endloop
  endfacet
  facet normal 0 0 1
    outer loop
      vertex -48.14456992596388 -19.02854447066784 23.110000000000003
      vertex -47.77486474812031 -18.725135251879692 23.110000000000003
      vertex -47.94539150595665 -18.55460849404335 23.110000000000003
    endloop
  endfacet
  facet normal 0.7730104323712921 -0.6343933097417942 0
    outer loop
      vertex -47.77486474812031 -18.725135251879692 22.810000000000002
      vertex -47.47145552933216 -18.35543007403612 22.810000000000002
      vertex -47.77486474812031 -18.725135251879692 23.110000000000003
    endloop
  endfacet
  facet normal 0 0 1
    outer loop
      vertex -47.77486474812031 -18.725135251879692 23.110000000000003
      vertex -47.671973787248135 -18.221448056399822 23.110000000000003
      vertex -47.94539150595665 -18.55460849404335 23.110000000000003
    endloop
  endfacet
  facet normal 0 0 1
    outer loop
      vertex -47.77486474812031 -18.725135251879692 23.110000000000003
      vertex -47.47145552933216 -18.35543007403612 23.110000000000003
      vertex -47.671973787248135 -18.221448056399822 23.110000000000003
    endloop
  endfacet
  facet normal 0.7730104323712921 -0.6343933097417942 0
    outer loop
      vertex -47.77486474812031 -18.725135251879692 23.110000000000003
      vertex -47.47145552933216 -18.35543007403612 22.810000000000002
      vertex -47.47145552933216 -18.35543007403612 23.110000000000003
    endloop
  endfacet
  facet normal 0.8819212749726341 -0.4713967169493691 0
    outer loop
      vertex -47.47145552933216 -18.35543007403612 22.810000000000002
      vertex -47.3 -18.03465932279228 23.110000000000003
      vertex -47.47145552933216 -18.35543007403612 23.110000000000003
    endloop
  endfacet
  facet normal 0.8819212749726341 -0.4713967169493691 -1.7343584951796254e-17
    outer loop
      vertex -47.47145552933216 -18.35543007403612 22.810000000000002
      vertex -47.3 -18.03465932279228 22.810000000000002
      vertex -47.3 -18.03465932279228 23.110000000000003
    endloop
  endfacet
  facet normal 0 0 1
    outer loop
      vertex -47.47145552933216 -18.35543007403612 23.110000000000003
      vertex -47.468806110322475 -17.84134804457426 23.110000000000003
      vertex -47.671973787248135 -18.221448056399822 23.110000000000003
    endloop
  endfacet
  facet normal 0 0 1
    outer loop
      vertex -47.47145552933216 -18.35543007403612 23.110000000000003
      vertex -47.3 -18.03465932279228 23.110000000000003
      vertex -47.468806110322475 -17.84134804457426 23.110000000000003
    endloop
  endfacet
  facet normal 0 0 1
    outer loop
      vertex -47.3 -18.03465932279228 23.110000000000003
      vertex -47.34369606524706 -17.42891552299261 23.110000000000003
      vertex -47.468806110322475 -17.84134804457426 23.110000000000003
    endloop
  endfacet
  facet normal 0 0 1
    outer loop
      vertex -47.3 -18.03465932279228 23.110000000000003
      vertex -47.301451578736305 -17 23.110000000000003
      vertex -47.34369606524706 -17.42891552299261 23.110000000000003
    endloop
  endfacet
  facet normal 0 0 1
    outer loop
      vertex -54.48526190966368 -14.799999997019768 23.110000000000003
      vertex -49.51473809033632 -14.799999997019768 23.110000000000003
      vertex -49.02403625100851 -14.607168652117252 23.110000000000003
    endloop
  endfacet
  facet normal 0 1 0
    outer loop
      vertex -54.49705235660076 -14.559999994933605 22.810000000000002
      vertex -49.50294764339924 -14.559999994933605 23.110000000000003
      vertex -49.50294764339924 -14.559999994933605 22.810000000000002
    endloop
  endfacet
  facet normal 0 0 1
    outer loop
      vertex -54.48526190966368 -14.799999997019768 23.110000000000003
      vertex -49.02403625100851 -14.607168652117252 23.110000000000003
      vertex -49.50294764339924 -14.559999994933605 23.110000000000003
    endloop
  endfacet
  facet normal 0 0 1
    outer loop
      vertex -47.3 -18.03465932279228 23.110000000000003
      vertex -47.3 -15.965340677207722 23.110000000000003
      vertex -47.301451578736305 -17 23.110000000000003
    endloop
  endfacet
  facet normal 0 0 1
    outer loop
      vertex -47.301451578736305 -17 23.110000000000003
      vertex -47.3 -15.965340677207722 23.110000000000003
      vertex -47.34369606524706 -16.57108447700739 23.110000000000003
    endloop
  endfacet
  facet normal 0 0 1
    outer loop
      vertex -47.34369606524706 -16.57108447700739 23.110000000000003
      vertex -47.3 -15.965340677207722 23.110000000000003
      vertex -47.468806110322475 -16.15865195542574 23.110000000000003
    endloop
  endfacet
  facet normal 0 0 1
    outer loop
      vertex -47.468806110322475 -16.15865195542574 23.110000000000003
      vertex -47.3 -15.965340677207722 23.110000000000003
      vertex -47.671973787248135 -15.778551943600178 23.110000000000003
    endloop
  endfacet
  facet normal 0.8819212749726352 0.47139671694936697 0
    outer loop
      vertex -47.3 -15.965340677207722 22.810000000000002
      vertex -47.47145552933216 -15.644569925963879 23.110000000000003
      vertex -47.3 -15.965340677207722 23.110000000000003
    endloop
  endfacet
  facet normal 0.8819212749726352 0.47139671694936697 2.417240413448808e-17
    outer loop
      vertex -47.3 -15.965340677207722 22.810000000000002
      vertex -47.47145552933216 -15.644569925963879 22.810000000000002
      vertex -47.47145552933216 -15.644569925963879 23.110000000000003
    endloop
  endfacet
  facet normal 0 0 1
    outer loop
      vertex -47.671973787248135 -15.778551943600178 23.110000000000003
      vertex -47.3 -15.965340677207722 23.110000000000003
      vertex -47.47145552933216 -15.644569925963879 23.110000000000003
    endloop
  endfacet
  facet normal 0 0 1
    outer loop
      vertex -47.671973787248135 -15.778551943600178 23.110000000000003
      vertex -47.47145552933216 -15.644569925963879 23.110000000000003
      vertex -47.94539150595665 -15.44539150595665 23.110000000000003
    endloop
  endfacet
  facet normal 0.7730104323712921 0.6343933097417942 0
    outer loop
      vertex -47.47145552933216 -15.644569925963879 23.110000000000003
      vertex -47.77486474812031 -15.274864748120308 22.810000000000002
      vertex -47.77486474812031 -15.274864748120308 23.110000000000003
    endloop
  endfacet
  facet normal 0 0 1
    outer loop
      vertex -47.94539150595665 -15.44539150595665 23.110000000000003
      vertex -47.47145552933216 -15.644569925963879 23.110000000000003
      vertex -47.77486474812031 -15.274864748120308 23.110000000000003
    endloop
  endfacet
  facet normal 0.7730104323712921 0.6343933097417942 0
    outer loop
      vertex -47.47145552933216 -15.644569925963879 22.810000000000002
      vertex -47.77486474812031 -15.274864748120308 22.810000000000002
      vertex -47.47145552933216 -15.644569925963879 23.110000000000003
    endloop
  endfacet
  facet normal 0.09801714457603988 0.9951847262539552 0
    outer loop
      vertex -49.50294764339924 -14.559999994933605 22.810000000000002
      vertex -49.50294764339924 -14.559999994933605 23.110000000000003
      vertex -49.02403625100851 -14.607168652117252 23.110000000000003
    endloop
  endfacet
  facet normal 0 0 1
    outer loop
      vertex -49.51473809033632 -14.799999997019768 23.110000000000003
      vertex -49.07108447700739 -14.843696065247059 23.110000000000003
      vertex -48.56636353582144 -14.746002160012722 23.110000000000003
    endloop
  endfacet
  facet normal 0 0 1
    outer loop
      vertex -49.51473809033632 -14.799999997019768 23.110000000000003
      vertex -48.56636353582144 -14.746002160012722 23.110000000000003
      vertex -49.02403625100851 -14.607168652117252 23.110000000000003
    endloop
  endfacet
  facet normal 0.09801714457603988 0.9951847262539552 0
    outer loop
      vertex -49.50294764339924 -14.559999994933605 22.810000000000002
      vertex -49.02403625100851 -14.607168652117252 23.110000000000003
      vertex -49.02403625100851 -14.607168652117252 22.810000000000002
    endloop
  endfacet
  facet normal 0.2902846917408582 0.9569403313378085 0
    outer loop
      vertex -49.02403625100851 -14.607168652117252 22.810000000000002
      vertex -48.56636353582144 -14.746002160012722 23.110000000000003
      vertex -48.56636353582144 -14.746002160012722 22.810000000000002
    endloop
  endfacet
  facet normal 0 0 1
    outer loop
      vertex -48.65865195542574 -14.968806110322475 23.110000000000003
      vertex -48.56636353582144 -14.746002160012722 23.110000000000003
      vertex -49.07108447700739 -14.843696065247059 23.110000000000003
    endloop
  endfacet
  facet normal 0.2902846917408582 0.9569403313378085 0
    outer loop
      vertex -49.02403625100851 -14.607168652117252 22.810000000000002
      vertex -49.02403625100851 -14.607168652117252 23.110000000000003
      vertex -48.56636353582144 -14.746002160012722 23.110000000000003
    endloop
  endfacet
  facet normal 0 0 1
    outer loop
      vertex -48.65865195542574 -14.968806110322475 23.110000000000003
      vertex -48.27855194360018 -15.171973787248135 23.110000000000003
      vertex -48.14456992596388 -14.971455529332161 23.110000000000003
    endloop
  endfacet
  facet normal 0 0 1
    outer loop
      vertex -48.65865195542574 -14.968806110322475 23.110000000000003
      vertex -48.14456992596388 -14.971455529332161 23.110000000000003
      vertex -48.56636353582144 -14.746002160012722 23.110000000000003
    endloop
  endfacet
  facet normal 0 0 1
    outer loop
      vertex -47.94539150595665 -15.44539150595665 23.110000000000003
      vertex -47.77486474812031 -15.274864748120308 23.110000000000003
      vertex -48.27855194360018 -15.171973787248135 23.110000000000003
    endloop
  endfacet
  facet normal 0 0 1
    outer loop
      vertex -48.27855194360018 -15.171973787248135 23.110000000000003
      vertex -47.77486474812031 -15.274864748120308 23.110000000000003
      vertex -48.14456992596388 -14.971455529332161 23.110000000000003
    endloop
  endfacet
  facet normal 0.47139671694936774 0.8819212749726347 0
    outer loop
      vertex -48.14456992596388 -14.971455529332161 22.810000000000002
      vertex -48.56636353582144 -14.746002160012722 22.810000000000002
      vertex -48.14456992596388 -14.971455529332161 23.110000000000003
    endloop
  endfacet
  facet normal 0.6343933097417942 0.7730104323712921 0
    outer loop
      vertex -48.14456992596388 -14.971455529332161 22.810000000000002
      vertex -48.14456992596388 -14.971455529332161 23.110000000000003
      vertex -47.77486474812031 -15.274864748120308 23.110000000000003
    endloop
  endfacet
  facet normal 0.47139671694936774 0.8819212749726347 0
    outer loop
      vertex -48.14456992596388 -14.971455529332161 23.110000000000003
      vertex -48.56636353582144 -14.746002160012722 22.810000000000002
      vertex -48.56636353582144 -14.746002160012722 23.110000000000003
    endloop
  endfacet
  facet normal 0.6343933097417942 0.7730104323712921 0
    outer loop
      vertex -48.14456992596388 -14.971455529332161 22.810000000000002
      vertex -47.77486474812031 -15.274864748120308 23.110000000000003
      vertex -47.77486474812031 -15.274864748120308 22.810000000000002
    endloop
  endfacet
  facet normal -0.6343933095180923 -0.7730104325548794 0
    outer loop
      vertex -56.90724229067564 -19.40724229067564 20.400000000000002
      vertex -56.39135813713074 -19.830617502331734 20.400000000000002
      vertex -56.90724229067564 -19.40724229067564 21.6
    endloop
  endfacet
  facet normal -0.7730104325548794 -0.6343933095180923 0
    outer loop
      vertex -56.90724229067564 -19.40724229067564 20.400000000000002
      vertex -56.90724229067564 -19.40724229067564 21.6
      vertex -57.330617502331734 -18.891358137130737 21.6
    endloop
  endfacet
  facet normal -0.7730104325548794 -0.6343933095180923 0
    outer loop
      vertex -57.330617502331734 -18.891358137130737 20.400000000000002
      vertex -56.90724229067564 -19.40724229067564 20.400000000000002
      vertex -57.330617502331734 -18.891358137130737 21.6
    endloop
  endfacet
  facet normal -0.4713967176969862 -0.8819212745730244 0
    outer loop
      vertex -55.80279012769461 -20.14521364122629 20.400000000000002
      vertex -55.80279012769461 -20.14521364122629 21.6
      vertex -56.39135813713074 -19.830617502331734 21.6
    endloop
  endfacet
  facet normal -0.4713967176969862 -0.8819212745730244 0
    outer loop
      vertex -56.39135813713074 -19.830617502331734 20.400000000000002
      vertex -55.80279012769461 -20.14521364122629 20.400000000000002
      vertex -56.39135813713074 -19.830617502331734 21.6
    endloop
  endfacet
  facet normal -0.6343933095180923 -0.7730104325548794 0
    outer loop
      vertex -56.90724229067564 -19.40724229067564 21.6
      vertex -56.39135813713074 -19.830617502331734 20.400000000000002
      vertex -56.39135813713074 -19.830617502331734 21.6
    endloop
  endfacet
  facet normal -0.2902846904986786 -0.9569403317146197 0
    outer loop
      vertex -55.80279012769461 -20.14521364122629 20.400000000000002
      vertex -55.164156667888165 -20.338940992951393 20.400000000000002
      vertex -55.80279012769461 -20.14521364122629 21.6
    endloop
  endfacet
  facet normal -0.2902846904986786 -0.9569403317146197 0
    outer loop
      vertex -55.80279012769461 -20.14521364122629 21.6
      vertex -55.164156667888165 -20.338940992951393 20.400000000000002
      vertex -55.164156667888165 -20.338940992951393 21.6
    endloop
  endfacet
  facet normal -0.8819212745730244 -0.4713967176969862 0
    outer loop
      vertex -57.330617502331734 -18.891358137130737 20.400000000000002
      vertex -57.64521364122629 -18.302790127694607 21.6
      vertex -57.64521364122629 -18.302790127694607 20.400000000000002
    endloop
  endfacet
  facet normal -0.8819212745730244 -0.4713967176969862 0
    outer loop
      vertex -57.330617502331734 -18.891358137130737 20.400000000000002
      vertex -57.330617502331734 -18.891358137130737 21.6
      vertex -57.64521364122629 -18.302790127694607 21.6
    endloop
  endfacet
  facet normal -0.9569403326553639 -0.29028468739746066 0
    outer loop
      vertex -57.64521364122629 -18.302790127694607 20.400000000000002
      vertex -57.83894099295139 -17.664156660437584 21.6
      vertex -57.83894099295139 -17.664156660437584 20.400000000000002
    endloop
  endfacet
  facet normal -0.9569403326553639 -0.29028468739746066 0
    outer loop
      vertex -57.64521364122629 -18.302790127694607 20.400000000000002
      vertex -57.64521364122629 -18.302790127694607 21.6
      vertex -57.83894099295139 -17.664156660437584 21.6
    endloop
  endfacet
  facet normal -0.9951847278532424 -0.09801712833820363 0
    outer loop
      vertex -57.83894099295139 -17.664156660437584 20.400000000000002
      vertex -57.83894099295139 -17.664156660437584 21.6
      vertex -57.90435470640659 -17 21.6
    endloop
  endfacet
  facet normal -0.9951847278532424 -0.09801712833820363 0
    outer loop
      vertex -57.83894099295139 -17.664156660437584 20.400000000000002
      vertex -57.90435470640659 -17 21.6
      vertex -57.90435470640659 -17 20.400000000000002
    endloop
  endfacet
  facet normal 0 0 -1
    outer loop
      vertex -57.330617502331734 -18.891358137130737 20.400000000000002
      vertex -57.64521364122629 -18.302790127694607 20.400000000000002
      vertex -53.42658477444273 -17.46352549156242 20.400000000000002
    endloop
  endfacet
  facet normal 0 0 -1
    outer loop
      vertex -57.64521364122629 -18.302790127694607 20.400000000000002
      vertex -57.83894099295139 -17.664156660437584 20.400000000000002
      vertex -53.5 -17 20.400000000000002
    endloop
  endfacet
  facet normal 0 0 -1
    outer loop
      vertex -57.83894099295139 -17.664156660437584 20.400000000000002
      vertex -57.90435470640659 -17 20.400000000000002
      vertex -53.42658477444273 -16.53647450843758 20.400000000000002
    endloop
  endfacet
  facet normal -0.09801714414092394 -0.9951847262968103 0
    outer loop
      vertex -55.164156667888165 -20.338940992951393 20.400000000000002
      vertex -54.54421412944794 -20.400000005960464 20.400000000000002
      vertex -55.164156667888165 -20.338940992951393 21.6
    endloop
  endfacet
  facet normal -0.09801714414092394 -0.9951847262968103 0
    outer loop
      vertex -54.54421412944794 -20.400000005960464 20.400000000000002
      vertex -54.54421412944794 -20.400000005960464 21.6
      vertex -55.164156667888165 -20.338940992951393 21.6
    endloop
  endfacet
  facet normal 0 0 -1
    outer loop
      vertex -56.90724229067564 -19.40724229067564 20.400000000000002
      vertex -47.3 -19.57732165457154 20.400000000000002
      vertex -56.39135813713074 -19.830617502331734 20.400000000000002
    endloop
  endfacet
  facet normal 0 0 -1
    outer loop
      vertex -55.80279012769461 -20.14521364122629 20.400000000000002
      vertex -47.3 -19.57732165457154 20.400000000000002
      vertex -55.164156667888165 -20.338940992951393 20.400000000000002
    endloop
  endfacet
  facet normal 0 0 -1
    outer loop
      vertex -56.39135813713074 -19.830617502331734 20.400000000000002
      vertex -47.3 -19.57732165457154 20.400000000000002
      vertex -55.80279012769461 -20.14521364122629 20.400000000000002
    endloop
  endfacet
  facet normal 0 -1 0
    outer loop
      vertex -54.54421412944794 -20.400000005960464 20.400000000000002
      vertex -49.45578587055206 -20.400000005960464 20.400000000000002
      vertex -54.54421412944794 -20.400000005960464 21.6
    endloop
  endfacet
  facet normal 0 0 -1
    outer loop
      vertex -57.330617502331734 -18.891358137130737 20.400000000000002
      vertex -47.3 -19.57732165457154 20.400000000000002
      vertex -56.90724229067564 -19.40724229067564 20.400000000000002
    endloop
  endfacet
  facet normal 0 0 -1
    outer loop
      vertex -57.330617502331734 -18.891358137130737 20.400000000000002
      vertex -53.42658477444273 -17.46352549156242 20.400000000000002
      vertex -53.21352549156242 -17.88167787843871 20.400000000000002
    endloop
  endfacet
  facet normal 0 0 -1
    outer loop
      vertex -57.330617502331734 -18.891358137130737 20.400000000000002
      vertex -53.21352549156242 -17.88167787843871 20.400000000000002
      vertex -52.88167787843871 -18.21352549156242 20.400000000000002
    endloop
  endfacet
  facet normal 0 0 -1
    outer loop
      vertex -57.330617502331734 -18.891358137130737 20.400000000000002
      vertex -52.88167787843871 -18.21352549156242 20.400000000000002
      vertex -52.46352549156242 -18.42658477444273 20.400000000000002
    endloop
  endfacet
  facet normal 0 0 -1
    outer loop
      vertex -57.64521364122629 -18.302790127694607 20.400000000000002
      vertex -53.5 -17 20.400000000000002
      vertex -53.42658477444273 -17.46352549156242 20.400000000000002
    endloop
  endfacet
  facet normal 0 0 -1
    outer loop
      vertex -57.83894099295139 -17.664156660437584 20.400000000000002
      vertex -53.42658477444273 -16.53647450843758 20.400000000000002
      vertex -53.5 -17 20.400000000000002
    endloop
  endfacet
  facet normal -0.9951847278532424 0.09801712833820363 0
    outer loop
      vertex -57.90435470640659 -17 20.400000000000002
      vertex -57.90435470640659 -17 21.6
      vertex -57.83894099295139 -16.335843339562416 21.6
    endloop
  endfacet
  facet normal -0.9951847278532424 0.09801712833820363 0
    outer loop
      vertex -57.90435470640659 -17 20.400000000000002
      vertex -57.83894099295139 -16.335843339562416 21.6
      vertex -57.83894099295139 -16.335843339562416 20.400000000000002
    endloop
  endfacet
  facet normal -0.9569403326553639 0.29028468739746066 0
    outer loop
      vertex -57.83894099295139 -16.335843339562416 20.400000000000002
      vertex -57.64521364122629 -15.697209872305393 21.6
      vertex -57.64521364122629 -15.697209872305393 20.400000000000002
    endloop
  endfacet
  facet normal -0.9569403326553639 0.29028468739746066 0
    outer loop
      vertex -57.83894099295139 -16.335843339562416 20.400000000000002
      vertex -57.83894099295139 -16.335843339562416 21.6
      vertex -57.64521364122629 -15.697209872305393 21.6
    endloop
  endfacet
  facet normal -0.8819212745730244 0.4713967176969862 0
    outer loop
      vertex -57.64521364122629 -15.697209872305393 20.400000000000002
      vertex -57.330617502331734 -15.108641862869263 21.6
      vertex -57.330617502331734 -15.108641862869263 20.400000000000002
    endloop
  endfacet
  facet normal -0.8819212745730244 0.4713967176969862 0
    outer loop
      vertex -57.64521364122629 -15.697209872305393 20.400000000000002
      vertex -57.64521364122629 -15.697209872305393 21.6
      vertex -57.330617502331734 -15.108641862869263 21.6
    endloop
  endfacet
  facet normal 0 0 -1
    outer loop
      vertex -57.90435470640659 -17 20.400000000000002
      vertex -57.83894099295139 -16.335843339562416 20.400000000000002
      vertex -52.88167787843871 -15.786474508437578 20.400000000000002
    endloop
  endfacet
  facet normal -0.7730104325548794 0.6343933095180923 0
    outer loop
      vertex -57.330617502331734 -15.108641862869263 20.400000000000002
      vertex -57.330617502331734 -15.108641862869263 21.6
      vertex -56.90724229067564 -14.59275770932436 21.6
    endloop
  endfacet
  facet normal -0.7730104325548794 0.6343933095180923 0
    outer loop
      vertex -57.330617502331734 -15.108641862869263 20.400000000000002
      vertex -56.90724229067564 -14.59275770932436 21.6
      vertex -56.90724229067564 -14.59275770932436 20.400000000000002
    endloop
  endfacet
  facet normal -0.6343933095180923 0.7730104325548794 0
    outer loop
      vertex -56.90724229067564 -14.59275770932436 20.400000000000002
      vertex -56.90724229067564 -14.59275770932436 21.6
      vertex -56.39135813713074 -14.169382497668266 21.6
    endloop
  endfacet
  facet normal -0.6343933095180923 0.7730104325548794 0
    outer loop
      vertex -56.90724229067564 -14.59275770932436 20.400000000000002
      vertex -56.39135813713074 -14.169382497668266 21.6
      vertex -56.39135813713074 -14.169382497668266 20.400000000000002
    endloop
  endfacet
  facet normal -0.4713967176969862 0.8819212745730244 0
    outer loop
      vertex -56.39135813713074 -14.169382497668266 20.400000000000002
      vertex -56.39135813713074 -14.169382497668266 21.6
      vertex -55.80279012769461 -13.854786358773708 21.6
    endloop
  endfacet
  facet normal -0.4713967176969862 0.8819212745730244 0
    outer loop
      vertex -56.39135813713074 -14.169382497668266 20.400000000000002
      vertex -55.80279012769461 -13.854786358773708 21.6
      vertex -55.80279012769461 -13.854786358773708 20.400000000000002
    endloop
  endfacet
  facet normal -0.2902846904986786 0.9569403317146197 0
    outer loop
      vertex -55.80279012769461 -13.854786358773708 20.400000000000002
      vertex -55.164156667888165 -13.661059007048607 21.6
      vertex -55.164156667888165 -13.661059007048607 20.400000000000002
    endloop
  endfacet
  facet normal -0.2902846904986786 0.9569403317146197 0
    outer loop
      vertex -55.80279012769461 -13.854786358773708 20.400000000000002
      vertex -55.80279012769461 -13.854786358773708 21.6
      vertex -55.164156667888165 -13.661059007048607 21.6
    endloop
  endfacet
  facet normal 0 0 -1
    outer loop
      vertex -57.90435470640659 -17 20.400000000000002
      vertex -53.21352549156242 -16.11832212156129 20.400000000000002
      vertex -53.42658477444273 -16.53647450843758 20.400000000000002
    endloop
  endfacet
  facet normal 0 0 -1
    outer loop
      vertex -57.90435470640659 -17 20.400000000000002
      vertex -52.88167787843871 -15.786474508437578 20.400000000000002
      vertex -53.21352549156242 -16.11832212156129 20.400000000000002
    endloop
  endfacet
  facet normal 0 0 -1
    outer loop
      vertex -57.83894099295139 -16.335843339562416 20.400000000000002
      vertex -52.46352549156242 -15.57341522555727 20.400000000000002
      vertex -52.88167787843871 -15.786474508437578 20.400000000000002
    endloop
  endfacet
  facet normal 0 0 -1
    outer loop
      vertex -57.83894099295139 -16.335843339562416 20.400000000000002
      vertex -52 -15.5 20.400000000000002
      vertex -52.46352549156242 -15.57341522555727 20.400000000000002
    endloop
  endfacet
  facet normal 0 0 -1
    outer loop
      vertex -57.83894099295139 -16.335843339562416 20.400000000000002
      vertex -57.64521364122629 -15.697209872305393 20.400000000000002
      vertex -47.3 -14.42267834542846 20.400000000000002
    endloop
  endfacet
  facet normal 0 0 -1
    outer loop
      vertex -57.64521364122629 -15.697209872305393 20.400000000000002
      vertex -57.330617502331734 -15.108641862869263 20.400000000000002
      vertex -47.60864186286926 -14.169382497668266 20.400000000000002
    endloop
  endfacet
  facet normal 0 0 -1
    outer loop
      vertex -57.330617502331734 -15.108641862869263 20.400000000000002
      vertex -56.90724229067564 -14.59275770932436 20.400000000000002
      vertex -48.19720987230539 -13.854786358773708 20.400000000000002
    endloop
  endfacet
  facet normal 0 0 -1
    outer loop
      vertex -55.80279012769461 -13.854786358773708 20.400000000000002
      vertex -55.164156667888165 -13.661059007048607 20.400000000000002
      vertex -54.54421412944794 -13.599999994039536 20.400000000000002
    endloop
  endfacet
  facet normal 0 0 -1
    outer loop
      vertex -56.90724229067564 -14.59275770932436 20.400000000000002
      vertex -56.39135813713074 -14.169382497668266 20.400000000000002
      vertex -48.835843332111835 -13.661059007048607 20.400000000000002
    endloop
  endfacet
  facet normal -0.09801714414092394 0.9951847262968103 0
    outer loop
      vertex -55.164156667888165 -13.661059007048607 20.400000000000002
      vertex -54.54421412944794 -13.599999994039536 21.6
      vertex -54.54421412944794 -13.599999994039536 20.400000000000002
    endloop
  endfacet
  facet normal -0.09801714414092394 0.9951847262968103 0
    outer loop
      vertex -55.164156667888165 -13.661059007048607 20.400000000000002
      vertex -55.164156667888165 -13.661059007048607 21.6
      vertex -54.54421412944794 -13.599999994039536 21.6
    endloop
  endfacet
  facet normal 0 0 -1
    outer loop
      vertex -56.39135813713074 -14.169382497668266 20.400000000000002
      vertex -55.80279012769461 -13.854786358773708 20.400000000000002
      vertex -49.45578587055206 -13.599999994039536 20.400000000000002
    endloop
  endfacet
  facet normal 0 0 -1
    outer loop
      vertex -55.80279012769461 -13.854786358773708 20.400000000000002
      vertex -54.54421412944794 -13.599999994039536 20.400000000000002
      vertex -49.45578587055206 -13.599999994039536 20.400000000000002
    endloop
  endfacet
  facet normal 0 1 0
    outer loop
      vertex -54.54421412944794 -13.599999994039536 20.400000000000002
      vertex -54.54421412944794 -13.599999994039536 21.6
      vertex -49.45578587055206 -13.599999994039536 21.6
    endloop
  endfacet
  facet normal 0 0 -1
    outer loop
      vertex -55.164156667888165 -20.338940992951393 20.400000000000002
      vertex -47.60864186286926 -19.830617502331734 20.400000000000002
      vertex -54.54421412944794 -20.400000005960464 20.400000000000002
    endloop
  endfacet
  facet normal 0 0 -1
    outer loop
      vertex -57.330617502331734 -18.891358137130737 20.400000000000002
      vertex -52.46352549156242 -18.42658477444273 20.400000000000002
      vertex -47.3 -19.57732165457154 20.400000000000002
    endloop
  endfacet
  facet normal 0 0 -1
    outer loop
      vertex -54.54421412944794 -20.400000005960464 20.400000000000002
      vertex -48.19720987230539 -20.14521364122629 20.400000000000002
      vertex -49.45578587055206 -20.400000005960464 20.400000000000002
    endloop
  endfacet
  facet normal 0 0 -1
    outer loop
      vertex -54.54421412944794 -20.400000005960464 20.400000000000002
      vertex -47.60864186286926 -19.830617502331734 20.400000000000002
      vertex -48.19720987230539 -20.14521364122629 20.400000000000002
    endloop
  endfacet
  facet normal 0 0 -1
    outer loop
      vertex -55.164156667888165 -20.338940992951393 20.400000000000002
      vertex -47.3 -19.57732165457154 20.400000000000002
      vertex -47.60864186286926 -19.830617502331734 20.400000000000002
    endloop
  endfacet
  facet normal 0 -1 0
    outer loop
      vertex -54.54421412944794 -20.400000005960464 21.6
      vertex -49.45578587055206 -20.400000005960464 20.400000000000002
      vertex -49.45578587055206 -20.400000005960464 21.6
    endloop
  endfacet
  facet normal 0 0 -1
    outer loop
      vertex -47.3 -19.57732165457154 20.400000000000002
      vertex -52.46352549156242 -18.42658477444273 20.400000000000002
      vertex -52 -18.5 20.400000000000002
    endloop
  endfacet
  facet normal 0 0 -1
    outer loop
      vertex -47.3 -19.57732165457154 20.400000000000002
      vertex -52 -18.5 20.400000000000002
      vertex -51.53647450843758 -18.42658477444273 20.400000000000002
    endloop
  endfacet
  facet normal 0 0 -1
    outer loop
      vertex -47.3 -19.57732165457154 20.400000000000002
      vertex -51.53647450843758 -18.42658477444273 20.400000000000002
      vertex -51.11832212156129 -18.21352549156242 20.400000000000002
    endloop
  endfacet
  facet normal 0 0 -1
    outer loop
      vertex -49.45578587055206 -20.400000005960464 20.400000000000002
      vertex -48.19720987230539 -20.14521364122629 20.400000000000002
      vertex -48.835843332111835 -20.338940992951393 20.400000000000002
    endloop
  endfacet
  facet normal 0.09801714414092394 -0.9951847262968103 0
    outer loop
      vertex -49.45578587055206 -20.400000005960464 20.400000000000002
      vertex -48.835843332111835 -20.338940992951393 20.400000000000002
      vertex -49.45578587055206 -20.400000005960464 21.6
    endloop
  endfacet
  facet normal 0.09801714414092394 -0.9951847262968103 0
    outer loop
      vertex -48.835843332111835 -20.338940992951393 20.400000000000002
      vertex -48.835843332111835 -20.338940992951393 21.6
      vertex -49.45578587055206 -20.400000005960464 21.6
    endloop
  endfacet
  facet normal 0.2902846904986786 -0.9569403317146197 0
    outer loop
      vertex -48.835843332111835 -20.338940992951393 20.400000000000002
      vertex -48.19720987230539 -20.14521364122629 20.400000000000002
      vertex -48.835843332111835 -20.338940992951393 21.6
    endloop
  endfacet
  facet normal 0.4713967176969862 -0.8819212745730244 0
    outer loop
      vertex -48.19720987230539 -20.14521364122629 20.400000000000002
      vertex -47.60864186286926 -19.830617502331734 20.400000000000002
      vertex -48.19720987230539 -20.14521364122629 21.6
    endloop
  endfacet
  facet normal 0.2902846904986786 -0.9569403317146197 0
    outer loop
      vertex -48.835843332111835 -20.338940992951393 21.6
      vertex -48.19720987230539 -20.14521364122629 20.400000000000002
      vertex -48.19720987230539 -20.14521364122629 21.6
    endloop
  endfacet
  facet normal 0.6343933095180896 -0.7730104325548818 -4.676662318780165e-18
    outer loop
      vertex -47.60864186286926 -19.830617502331734 20.400000000000002
      vertex -47.3 -19.57732165457154 20.400000000000002
      vertex -47.3 -19.57732165457154 21.6
    endloop
  endfacet
  facet normal 0.4713967176969862 -0.8819212745730244 0
    outer loop
      vertex -47.60864186286926 -19.830617502331734 20.400000000000002
      vertex -47.60864186286926 -19.830617502331734 21.6
      vertex -48.19720987230539 -20.14521364122629 21.6
    endloop
  endfacet
  facet normal 0.6343933095180896 -0.7730104325548818 0
    outer loop
      vertex -47.60864186286926 -19.830617502331734 20.400000000000002
      vertex -47.3 -19.57732165457154 21.6
      vertex -47.60864186286926 -19.830617502331734 21.6
    endloop
  endfacet
  facet normal 0 0 -1
    outer loop
      vertex -47.3 -19.57732165457154 20.400000000000002
      vertex -51.11832212156129 -18.21352549156242 20.400000000000002
      vertex -50.78647450843758 -17.88167787843871 20.400000000000002
    endloop
  endfacet
  facet normal 0 0 -1
    outer loop
      vertex -47.3 -19.57732165457154 20.400000000000002
      vertex -50.78647450843758 -17.88167787843871 20.400000000000002
      vertex -50.57341522555727 -17.46352549156242 20.400000000000002
    endloop
  endfacet
  facet normal 0 0 -1
    outer loop
      vertex -47.3 -19.57732165457154 20.400000000000002
      vertex -50.57341522555727 -17.46352549156242 20.400000000000002
      vertex -50.5 -17 20.400000000000002
    endloop
  endfacet
  facet normal 0 0 -1
    outer loop
      vertex -47.3 -19.57732165457154 20.400000000000002
      vertex -50.5 -17 20.400000000000002
      vertex -50.57341522555727 -16.53647450843758 20.400000000000002
    endloop
  endfacet
  facet normal 0 0 -1
    outer loop
      vertex -57.83894099295139 -16.335843339562416 20.400000000000002
      vertex -47.3 -14.42267834542846 20.400000000000002
      vertex -52 -15.5 20.400000000000002
    endloop
  endfacet
  facet normal 0 0 -1
    outer loop
      vertex -56.90724229067564 -14.59275770932436 20.400000000000002
      vertex -48.835843332111835 -13.661059007048607 20.400000000000002
      vertex -48.19720987230539 -13.854786358773708 20.400000000000002
    endloop
  endfacet
  facet normal 0 0 -1
    outer loop
      vertex -56.39135813713074 -14.169382497668266 20.400000000000002
      vertex -49.45578587055206 -13.599999994039536 20.400000000000002
      vertex -48.835843332111835 -13.661059007048607 20.400000000000002
    endloop
  endfacet
  facet normal 0 0 -1
    outer loop
      vertex -57.64521364122629 -15.697209872305393 20.400000000000002
      vertex -47.60864186286926 -14.169382497668266 20.400000000000002
      vertex -47.3 -14.42267834542846 20.400000000000002
    endloop
  endfacet
  facet normal 0 0 -1
    outer loop
      vertex -47.3 -14.42267834542846 20.400000000000002
      vertex -51.53647450843758 -15.57341522555727 20.400000000000002
      vertex -52 -15.5 20.400000000000002
    endloop
  endfacet
  facet normal 0 0 -1
    outer loop
      vertex -47.3 -14.42267834542846 20.400000000000002
      vertex -51.11832212156129 -15.786474508437578 20.400000000000002
      vertex -51.53647450843758 -15.57341522555727 20.400000000000002
    endloop
  endfacet
  facet normal 0 0 -1
    outer loop
      vertex -57.330617502331734 -15.108641862869263 20.400000000000002
      vertex -48.19720987230539 -13.854786358773708 20.400000000000002
      vertex -47.60864186286926 -14.169382497668266 20.400000000000002
    endloop
  endfacet
  facet normal 0 1 0
    outer loop
      vertex -54.54421412944794 -13.599999994039536 20.400000000000002
      vertex -49.45578587055206 -13.599999994039536 21.6
      vertex -49.45578587055206 -13.599999994039536 20.400000000000002
    endloop
  endfacet
  facet normal 0 0 -1
    outer loop
      vertex -47.3 -14.42267834542846 20.400000000000002
      vertex -50.78647450843758 -16.11832212156129 20.400000000000002
      vertex -51.11832212156129 -15.786474508437578 20.400000000000002
    endloop
  endfacet
  facet normal 0 0 -1
    outer loop
      vertex -47.3 -14.42267834542846 20.400000000000002
      vertex -50.57341522555727 -16.53647450843758 20.400000000000002
      vertex -50.78647450843758 -16.11832212156129 20.400000000000002
    endloop
  endfacet
  facet normal 0 0 -1
    outer loop
      vertex -47.3 -19.57732165457154 20.400000000000002
      vertex -50.57341522555727 -16.53647450843758 20.400000000000002
      vertex -47.3 -14.42267834542846 20.400000000000002
    endloop
  endfacet
  facet normal 0.09801714414092394 0.9951847262968103 0
    outer loop
      vertex -49.45578587055206 -13.599999994039536 20.400000000000002
      vertex -48.835843332111835 -13.661059007048607 21.6
      vertex -48.835843332111835 -13.661059007048607 20.400000000000002
    endloop
  endfacet
  facet normal 0.09801714414092394 0.9951847262968103 0
    outer loop
      vertex -49.45578587055206 -13.599999994039536 20.400000000000002
      vertex -49.45578587055206 -13.599999994039536 21.6
      vertex -48.835843332111835 -13.661059007048607 21.6
    endloop
  endfacet
  facet normal 0.2902846904986786 0.9569403317146197 0
    outer loop
      vertex -48.835843332111835 -13.661059007048607 20.400000000000002
      vertex -48.19720987230539 -13.854786358773708 21.6
      vertex -48.19720987230539 -13.854786358773708 20.400000000000002
    endloop
  endfacet
  facet normal 0.2902846904986786 0.9569403317146197 0
    outer loop
      vertex -48.835843332111835 -13.661059007048607 20.400000000000002
      vertex -48.835843332111835 -13.661059007048607 21.6
      vertex -48.19720987230539 -13.854786358773708 21.6
    endloop
  endfacet
  facet normal 0.4713967176969862 0.8819212745730244 0
    outer loop
      vertex -48.19720987230539 -13.854786358773708 20.400000000000002
      vertex -48.19720987230539 -13.854786358773708 21.6
      vertex -47.60864186286926 -14.169382497668266 21.6
    endloop
  endfacet
  facet normal 0.4713967176969862 0.8819212745730244 0
    outer loop
      vertex -48.19720987230539 -13.854786358773708 20.400000000000002
      vertex -47.60864186286926 -14.169382497668266 21.6
      vertex -47.60864186286926 -14.169382497668266 20.400000000000002
    endloop
  endfacet
  facet normal 0.6343933095180923 0.7730104325548796 -9.984081655119855e-18
    outer loop
      vertex -47.3 -14.42267834542846 20.400000000000002
      vertex -47.60864186286926 -14.169382497668266 20.400000000000002
      vertex -47.60864186286926 -14.169382497668266 21.6
    endloop
  endfacet
  facet normal 0.6343933095180923 0.7730104325548796 0
    outer loop
      vertex -47.3 -14.42267834542846 20.400000000000002
      vertex -47.60864186286926 -14.169382497668266 21.6
      vertex -47.3 -14.42267834542846 21.6
    endloop
  endfacet
  facet normal 1 0 0
    outer loop
      vertex -47.3 -19.57732165457154 20.400000000000002
      vertex -47.3 -19.266847193576403 21.91
      vertex -47.3 -19.57732165457154 21.6
    endloop
  endfacet
  facet normal 1 0 0
    outer loop
      vertex -47.3 -19.57732165457154 21.6
      vertex -47.3 -19.266847193576403 21.91
      vertex -47.3 -19.57732165457154 21.91
    endloop
  endfacet
  facet normal 1 0 0
    outer loop
      vertex -47.3 -18.90313933211144 22.21
      vertex -47.3 -18.52482512745043 22.51
      vertex -47.3 -18.90313933211144 22.51
    endloop
  endfacet
  facet normal 1 0 0
    outer loop
      vertex -47.3 -19.57732165457154 20.400000000000002
      vertex -47.3 -14.42267834542846 20.400000000000002
      vertex -47.3 -19.266847193576403 21.91
    endloop
  endfacet
  facet normal 1 0 0
    outer loop
      vertex -47.3 -19.266847193576403 21.91
      vertex -47.3 -14.42267834542846 20.400000000000002
      vertex -47.3 -19.266847193576403 22.21
    endloop
  endfacet
  facet normal 1 0 0
    outer loop
      vertex -47.3 -19.266847193576403 22.21
      vertex -47.3 -14.42267834542846 20.400000000000002
      vertex -47.3 -18.90313933211144 22.21
    endloop
  endfacet
  facet normal 1 0 0
    outer loop
      vertex -47.3 -18.52482512745043 22.51
      vertex -47.3 -18.03465932279228 22.810000000000002
      vertex -47.3 -18.52482512745043 22.810000000000002
    endloop
  endfacet
  facet normal 1 0 0
    outer loop
      vertex -47.3 -18.90313933211144 22.21
      vertex -47.3 -14.42267834542846 20.400000000000002
      vertex -47.3 -18.52482512745043 22.51
    endloop
  endfacet
  facet normal 1 0 0
    outer loop
      vertex -47.3 -18.52482512745043 22.51
      vertex -47.3 -15.096860667888562 22.21
      vertex -47.3 -18.03465932279228 22.810000000000002
    endloop
  endfacet
  facet normal 1 0 0
    outer loop
      vertex -47.3 -18.03465932279228 22.810000000000002
      vertex -47.3 -15.475174872549571 22.51
      vertex -47.3 -18.03465932279228 23.110000000000003
    endloop
  endfacet
  facet normal 1 0 0
    outer loop
      vertex -47.3 -18.52482512745043 22.51
      vertex -47.3 -14.42267834542846 20.400000000000002
      vertex -47.3 -14.733152806423599 21.91
    endloop
  endfacet
  facet normal 1 0 0
    outer loop
      vertex -47.3 -18.03465932279228 22.810000000000002
      vertex -47.3 -15.096860667888562 22.21
      vertex -47.3 -15.475174872549571 22.51
    endloop
  endfacet
  facet normal 1 0 0
    outer loop
      vertex -47.3 -18.03465932279228 23.110000000000003
      vertex -47.3 -15.965340677207722 22.810000000000002
      vertex -47.3 -15.965340677207722 23.110000000000003
    endloop
  endfacet
  facet normal 1 0 0
    outer loop
      vertex -47.3 -18.03465932279228 23.110000000000003
      vertex -47.3 -15.475174872549571 22.51
      vertex -47.3 -15.965340677207722 22.810000000000002
    endloop
  endfacet
  facet normal 1 0 0
    outer loop
      vertex -47.3 -18.52482512745043 22.51
      vertex -47.3 -14.733152806423599 21.91
      vertex -47.3 -15.096860667888562 22.21
    endloop
  endfacet
  facet normal 1 0 0
    outer loop
      vertex -47.3 -15.965340677207722 22.810000000000002
      vertex -47.3 -15.475174872549571 22.51
      vertex -47.3 -15.475174872549571 22.810000000000002
    endloop
  endfacet
  facet normal 1 0 0
    outer loop
      vertex -47.3 -14.733152806423599 21.91
      vertex -47.3 -14.42267834542846 20.400000000000002
      vertex -47.3 -14.42267834542846 21.6
    endloop
  endfacet
  facet normal 1 0 0
    outer loop
      vertex -47.3 -15.475174872549571 22.51
      vertex -47.3 -15.096860667888562 22.21
      vertex -47.3 -15.096860667888562 22.51
    endloop
  endfacet
  facet normal 1 0 0
    outer loop
      vertex -47.3 -15.096860667888562 22.21
      vertex -47.3 -14.733152806423599 21.91
      vertex -47.3 -14.733152806423599 22.21
    endloop
  endfacet
  facet normal 1 0 0
    outer loop
      vertex -47.3 -14.733152806423599 21.91
      vertex -47.3 -14.42267834542846 21.6
      vertex -47.3 -14.42267834542846 21.91
    endloop
  endfacet
  facet normal -0.4539904997395478 -0.8910065241883673 -1.6620616387832074e-18
    outer loop
      vertex -52.88167787843871 -18.21352549156242 19.3
      vertex -52.46352549156242 -18.42658477444273 19.3
      vertex -52.46352549156242 -18.42658477444273 20.400000000000002
    endloop
  endfacet
  facet normal -0.4539904997395478 -0.8910065241883673 0
    outer loop
      vertex -52.88167787843871 -18.21352549156242 19.3
      vertex -52.46352549156242 -18.42658477444273 20.400000000000002
      vertex -52.88167787843871 -18.21352549156242 20.400000000000002
    endloop
  endfacet
  facet normal -0.7071067811865476 -0.7071067811865476 -1.3573013215702122e-19
    outer loop
      vertex -53.21352549156242 -17.88167787843871 19.3
      vertex -52.88167787843871 -18.21352549156242 19.3
      vertex -52.88167787843871 -18.21352549156242 20.400000000000002
    endloop
  endfacet
  facet normal -0.7071067811865476 -0.7071067811865476 0
    outer loop
      vertex -53.21352549156242 -17.88167787843871 19.3
      vertex -52.88167787843871 -18.21352549156242 20.400000000000002
      vertex -53.21352549156242 -17.88167787843871 20.400000000000002
    endloop
  endfacet
  facet normal -0.8910065241883673 -0.4539904997395478 0
    outer loop
      vertex -53.21352549156242 -17.88167787843871 19.3
      vertex -53.21352549156242 -17.88167787843871 20.400000000000002
      vertex -53.42658477444273 -17.46352549156242 19.3
    endloop
  endfacet
  facet normal -0.8910065241883673 -0.4539904997395478 0
    outer loop
      vertex -53.42658477444273 -17.46352549156242 19.3
      vertex -53.21352549156242 -17.88167787843871 20.400000000000002
      vertex -53.42658477444273 -17.46352549156242 20.400000000000002
    endloop
  endfacet
  facet normal -0.9876883405951378 -0.15643446504023048 0
    outer loop
      vertex -53.42658477444273 -17.46352549156242 19.3
      vertex -53.42658477444273 -17.46352549156242 20.400000000000002
      vertex -53.5 -17 19.3
    endloop
  endfacet
  facet normal 0 0 -1
    outer loop
      vertex -53.21352549156242 -17.88167787843871 19.3
      vertex -53.42658477444273 -17.46352549156242 19.3
      vertex -53.21352549156242 -16.11832212156129 19.3
    endloop
  endfacet
  facet normal -0.9876883405951378 -0.15643446504023048 0
    outer loop
      vertex -53.5 -17 19.3
      vertex -53.42658477444273 -17.46352549156242 20.400000000000002
      vertex -53.5 -17 20.400000000000002
    endloop
  endfacet
  facet normal 0 0 -1
    outer loop
      vertex -53.21352549156242 -17.88167787843871 19.3
      vertex -52.88167787843871 -15.786474508437578 19.3
      vertex -52.88167787843871 -18.21352549156242 19.3
    endloop
  endfacet
  facet normal 0 0 -1
    outer loop
      vertex -52.88167787843871 -18.21352549156242 19.3
      vertex -52.46352549156242 -15.57341522555727 19.3
      vertex -52.46352549156242 -18.42658477444273 19.3
    endloop
  endfacet
  facet normal 0 0 -1
    outer loop
      vertex -53.42658477444273 -17.46352549156242 19.3
      vertex -53.5 -17 19.3
      vertex -53.42658477444273 -16.53647450843758 19.3
    endloop
  endfacet
  facet normal -0.9876883405951378 0.15643446504023048 0
    outer loop
      vertex -53.5 -17 19.3
      vertex -53.5 -17 20.400000000000002
      vertex -53.42658477444273 -16.53647450843758 19.3
    endloop
  endfacet
  facet normal 0 0 -1
    outer loop
      vertex -53.42658477444273 -17.46352549156242 19.3
      vertex -53.42658477444273 -16.53647450843758 19.3
      vertex -53.21352549156242 -16.11832212156129 19.3
    endloop
  endfacet
  facet normal -0.9876883405951378 0.15643446504023048 0
    outer loop
      vertex -53.42658477444273 -16.53647450843758 19.3
      vertex -53.5 -17 20.400000000000002
      vertex -53.42658477444273 -16.53647450843758 20.400000000000002
    endloop
  endfacet
  facet normal -0.8910065241883673 0.4539904997395478 0
    outer loop
      vertex -53.42658477444273 -16.53647450843758 19.3
      vertex -53.42658477444273 -16.53647450843758 20.400000000000002
      vertex -53.21352549156242 -16.11832212156129 19.3
    endloop
  endfacet
  facet normal -0.8910065241883673 0.4539904997395478 0
    outer loop
      vertex -53.21352549156242 -16.11832212156129 19.3
      vertex -53.42658477444273 -16.53647450843758 20.400000000000002
      vertex -53.21352549156242 -16.11832212156129 20.400000000000002
    endloop
  endfacet
  facet normal 0 0 -1
    outer loop
      vertex -53.21352549156242 -17.88167787843871 19.3
      vertex -53.21352549156242 -16.11832212156129 19.3
      vertex -52.88167787843871 -15.786474508437578 19.3
    endloop
  endfacet
  facet normal 0 0 -1
    outer loop
      vertex -52.88167787843871 -18.21352549156242 19.3
      vertex -52.88167787843871 -15.786474508437578 19.3
      vertex -52.46352549156242 -15.57341522555727 19.3
    endloop
  endfacet
  facet normal -0.7071067811865476 0.7071067811865476 0
    outer loop
      vertex -53.21352549156242 -16.11832212156129 19.3
      vertex -53.21352549156242 -16.11832212156129 20.400000000000002
      vertex -52.88167787843871 -15.786474508437578 19.3
    endloop
  endfacet
  facet normal -0.7071067811865476 0.7071067811865476 0
    outer loop
      vertex -52.88167787843871 -15.786474508437578 19.3
      vertex -53.21352549156242 -16.11832212156129 20.400000000000002
      vertex -52.88167787843871 -15.786474508437578 20.400000000000002
    endloop
  endfacet
  facet normal -0.4539904997395478 0.8910065241883673 0
    outer loop
      vertex -52.88167787843871 -15.786474508437578 19.3
      vertex -52.88167787843871 -15.786474508437578 20.400000000000002
      vertex -52.46352549156242 -15.57341522555727 19.3
    endloop
  endfacet
  facet normal -0.4539904997395478 0.8910065241883673 0
    outer loop
      vertex -52.46352549156242 -15.57341522555727 19.3
      vertex -52.88167787843871 -15.786474508437578 20.400000000000002
      vertex -52.46352549156242 -15.57341522555727 20.400000000000002
    endloop
  endfacet
  facet normal -0.15643446504023048 -0.9876883405951378 5.563315214756035e-18
    outer loop
      vertex -52.46352549156242 -18.42658477444273 19.3
      vertex -52 -18.5 19.3
      vertex -52 -18.5 20.400000000000002
    endloop
  endfacet
  facet normal -0.15643446504023048 -0.9876883405951378 0
    outer loop
      vertex -52.46352549156242 -18.42658477444273 19.3
      vertex -52 -18.5 20.400000000000002
      vertex -52.46352549156242 -18.42658477444273 20.400000000000002
    endloop
  endfacet
  facet normal 0.15643446504023048 -0.9876883405951378 -5.563315214756035e-18
    outer loop
      vertex -52 -18.5 19.3
      vertex -51.53647450843758 -18.42658477444273 19.3
      vertex -51.53647450843758 -18.42658477444273 20.400000000000002
    endloop
  endfacet
  facet normal 0.15643446504023048 -0.9876883405951378 0
    outer loop
      vertex -52 -18.5 19.3
      vertex -51.53647450843758 -18.42658477444273 20.400000000000002
      vertex -52 -18.5 20.400000000000002
    endloop
  endfacet
  facet normal 0.4539904997395478 -0.8910065241883673 0
    outer loop
      vertex -51.53647450843758 -18.42658477444273 19.3
      vertex -51.11832212156129 -18.21352549156242 20.400000000000002
      vertex -51.53647450843758 -18.42658477444273 20.400000000000002
    endloop
  endfacet
  facet normal 0 0 -1
    outer loop
      vertex -52.46352549156242 -18.42658477444273 19.3
      vertex -52 -15.5 19.3
      vertex -52 -18.5 19.3
    endloop
  endfacet
  facet normal 0 0 -1
    outer loop
      vertex -52 -18.5 19.3
      vertex -51.53647450843758 -15.57341522555727 19.3
      vertex -51.53647450843758 -18.42658477444273 19.3
    endloop
  endfacet
  facet normal 0.4539904997395478 -0.8910065241883673 1.6620616387832074e-18
    outer loop
      vertex -51.53647450843758 -18.42658477444273 19.3
      vertex -51.11832212156129 -18.21352549156242 19.3
      vertex -51.11832212156129 -18.21352549156242 20.400000000000002
    endloop
  endfacet
  facet normal 0.7071067811865476 -0.7071067811865476 1.3573013215702122e-19
    outer loop
      vertex -51.11832212156129 -18.21352549156242 19.3
      vertex -50.78647450843758 -17.88167787843871 19.3
      vertex -50.78647450843758 -17.88167787843871 20.400000000000002
    endloop
  endfacet
  facet normal 0.7071067811865476 -0.7071067811865476 0
    outer loop
      vertex -51.11832212156129 -18.21352549156242 19.3
      vertex -50.78647450843758 -17.88167787843871 20.400000000000002
      vertex -51.11832212156129 -18.21352549156242 20.400000000000002
    endloop
  endfacet
  facet normal 0 0 -1
    outer loop
      vertex -51.53647450843758 -18.42658477444273 19.3
      vertex -51.11832212156129 -15.786474508437578 19.3
      vertex -51.11832212156129 -18.21352549156242 19.3
    endloop
  endfacet
  facet normal 0.8910065241883673 -0.4539904997395478 1.6620616387832074e-18
    outer loop
      vertex -50.78647450843758 -17.88167787843871 19.3
      vertex -50.57341522555727 -17.46352549156242 19.3
      vertex -50.57341522555727 -17.46352549156242 20.400000000000002
    endloop
  endfacet
  facet normal 0.8910065241883673 -0.4539904997395478 0
    outer loop
      vertex -50.78647450843758 -17.88167787843871 19.3
      vertex -50.57341522555727 -17.46352549156242 20.400000000000002
      vertex -50.78647450843758 -17.88167787843871 20.400000000000002
    endloop
  endfacet
  facet normal 0 0 -1
    outer loop
      vertex -51.11832212156129 -18.21352549156242 19.3
      vertex -50.78647450843758 -16.11832212156129 19.3
      vertex -50.78647450843758 -17.88167787843871 19.3
    endloop
  endfacet
  facet normal 0 0 -1
    outer loop
      vertex -50.78647450843758 -17.88167787843871 19.3
      vertex -50.57341522555727 -16.53647450843758 19.3
      vertex -50.57341522555727 -17.46352549156242 19.3
    endloop
  endfacet
  facet normal 0.9876883405951378 -0.15643446504023048 -5.563315214756035e-18
    outer loop
      vertex -50.57341522555727 -17.46352549156242 19.3
      vertex -50.5 -17 19.3
      vertex -50.5 -17 20.400000000000002
    endloop
  endfacet
  facet normal 0.9876883405951378 -0.15643446504023048 0
    outer loop
      vertex -50.57341522555727 -17.46352549156242 19.3
      vertex -50.5 -17 20.400000000000002
      vertex -50.57341522555727 -17.46352549156242 20.400000000000002
    endloop
  endfacet
  facet normal 0 0 -1
    outer loop
      vertex -52.46352549156242 -18.42658477444273 19.3
      vertex -52.46352549156242 -15.57341522555727 19.3
      vertex -52 -15.5 19.3
    endloop
  endfacet
  facet normal 0 0 -1
    outer loop
      vertex -51.53647450843758 -18.42658477444273 19.3
      vertex -51.53647450843758 -15.57341522555727 19.3
      vertex -51.11832212156129 -15.786474508437578 19.3
    endloop
  endfacet
  facet normal 0 0 -1
    outer loop
      vertex -52 -18.5 19.3
      vertex -52 -15.5 19.3
      vertex -51.53647450843758 -15.57341522555727 19.3
    endloop
  endfacet
  facet normal -0.15643446504023048 0.9876883405951378 0
    outer loop
      vertex -52.46352549156242 -15.57341522555727 19.3
      vertex -52.46352549156242 -15.57341522555727 20.400000000000002
      vertex -52 -15.5 19.3
    endloop
  endfacet
  facet normal -0.15643446504023048 0.9876883405951378 0
    outer loop
      vertex -52 -15.5 19.3
      vertex -52.46352549156242 -15.57341522555727 20.400000000000002
      vertex -52 -15.5 20.400000000000002
    endloop
  endfacet
  facet normal 0.15643446504023048 0.9876883405951378 0
    outer loop
      vertex -52 -15.5 19.3
      vertex -52 -15.5 20.400000000000002
      vertex -51.53647450843758 -15.57341522555727 19.3
    endloop
  endfacet
  facet normal 0.4539904997395478 0.8910065241883673 0
    outer loop
      vertex -51.53647450843758 -15.57341522555727 19.3
      vertex -51.53647450843758 -15.57341522555727 20.400000000000002
      vertex -51.11832212156129 -15.786474508437578 19.3
    endloop
  endfacet
  facet normal 0.15643446504023048 0.9876883405951378 0
    outer loop
      vertex -51.53647450843758 -15.57341522555727 19.3
      vertex -52 -15.5 20.400000000000002
      vertex -51.53647450843758 -15.57341522555727 20.400000000000002
    endloop
  endfacet
  facet normal 0 0 -1
    outer loop
      vertex -51.11832212156129 -18.21352549156242 19.3
      vertex -51.11832212156129 -15.786474508437578 19.3
      vertex -50.78647450843758 -16.11832212156129 19.3
    endloop
  endfacet
  facet normal 0 0 -1
    outer loop
      vertex -50.78647450843758 -17.88167787843871 19.3
      vertex -50.78647450843758 -16.11832212156129 19.3
      vertex -50.57341522555727 -16.53647450843758 19.3
    endloop
  endfacet
  facet normal 0.8910065241883673 0.4539904997395478 -1.6620616387832074e-18
    outer loop
      vertex -50.57341522555727 -16.53647450843758 19.3
      vertex -50.78647450843758 -16.11832212156129 19.3
      vertex -50.78647450843758 -16.11832212156129 20.400000000000002
    endloop
  endfacet
  facet normal 0.8910065241883673 0.4539904997395478 0
    outer loop
      vertex -50.57341522555727 -16.53647450843758 19.3
      vertex -50.78647450843758 -16.11832212156129 20.400000000000002
      vertex -50.57341522555727 -16.53647450843758 20.400000000000002
    endloop
  endfacet
  facet normal 0 0 -1
    outer loop
      vertex -50.57341522555727 -17.46352549156242 19.3
      vertex -50.57341522555727 -16.53647450843758 19.3
      vertex -50.5 -17 19.3
    endloop
  endfacet
  facet normal 0.9876883405951378 0.15643446504023048 5.563315214756035e-18
    outer loop
      vertex -50.5 -17 19.3
      vertex -50.57341522555727 -16.53647450843758 19.3
      vertex -50.57341522555727 -16.53647450843758 20.400000000000002
    endloop
  endfacet
  facet normal 0.9876883405951378 0.15643446504023048 0
    outer loop
      vertex -50.5 -17 19.3
      vertex -50.57341522555727 -16.53647450843758 20.400000000000002
      vertex -50.5 -17 20.400000000000002
    endloop
  endfacet
  facet normal 0.7071067811865476 0.7071067811865476 0
    outer loop
      vertex -51.11832212156129 -15.786474508437578 19.3
      vertex -51.11832212156129 -15.786474508437578 20.400000000000002
      vertex -50.78647450843758 -16.11832212156129 19.3
    endloop
  endfacet
  facet normal 0.7071067811865476 0.7071067811865476 0
    outer loop
      vertex -50.78647450843758 -16.11832212156129 19.3
      vertex -51.11832212156129 -15.786474508437578 20.400000000000002
      vertex -50.78647450843758 -16.11832212156129 20.400000000000002
    endloop
  endfacet
  facet normal 0.4539904997395478 0.8910065241883673 0
    outer loop
      vertex -51.11832212156129 -15.786474508437578 19.3
      vertex -51.53647450843758 -15.57341522555727 20.400000000000002
      vertex -51.11832212156129 -15.786474508437578 20.400000000000002
    endloop
  endfacet
endsolid OpenSCAD_Model
