solid OpenSCAD_Model
  facet normal -0.6343933095180923 -0.7730104325548794 0
    outer loop
      vertex -76.90724229067564 -19.40724229067564 21.91
      vertex -76.39135813713074 -19.830617502331734 21.6
      vertex -76.39135813713074 -19.830617502331734 21.91
    endloop
  endfacet
  facet normal 0 0 1
    outer loop
      vertex -76.7367155328393 -19.2367155328393 21.91
      vertex -76.39135813713074 -19.830617502331734 21.91
      vertex -76.25737611949444 -19.63009924441576 21.91
    endloop
  endfacet
  facet normal -0.7730104325548794 -0.6343933095180923 0
    outer loop
      vertex -77.33061750233173 -18.891358137130737 21.6
      vertex -76.90724229067564 -19.40724229067564 21.6
      vertex -77.33061750233173 -18.891358137130737 21.91
    endloop
  endfacet
  facet normal -0.6343933095180923 -0.7730104325548794 0
    outer loop
      vertex -76.90724229067564 -19.40724229067564 21.6
      vertex -76.39135813713074 -19.830617502331734 21.6
      vertex -76.90724229067564 -19.40724229067564 21.91
    endloop
  endfacet
  facet normal -0.7730104325548794 -0.6343933095180923 0
    outer loop
      vertex -77.33061750233173 -18.891358137130737 21.91
      vertex -76.90724229067564 -19.40724229067564 21.6
      vertex -76.90724229067564 -19.40724229067564 21.91
    endloop
  endfacet
  facet normal 0 0 1
    outer loop
      vertex -76.90724229067564 -19.40724229067564 21.91
      vertex -76.7367155328393 -19.2367155328393 21.91
      vertex -77.13009924441576 -18.757376119494438 21.91
    endloop
  endfacet
  facet normal 0 0 1
    outer loop
      vertex -76.90724229067564 -19.40724229067564 21.91
      vertex -76.39135813713074 -19.830617502331734 21.91
      vertex -76.7367155328393 -19.2367155328393 21.91
    endloop
  endfacet
  facet normal 0 0 1
    outer loop
      vertex -77.33061750233173 -18.891358137130737 21.91
      vertex -76.90724229067564 -19.40724229067564 21.91
      vertex -77.13009924441576 -18.757376119494438 21.91
    endloop
  endfacet
  facet normal -0.4713967176969862 -0.8819212745730243 0
    outer loop
      vertex -75.8027901276946 -20.14521364122629 21.6
      vertex -75.8027901276946 -20.14521364122629 21.91
      vertex -76.39135813713074 -19.830617502331734 21.91
    endloop
  endfacet
  facet normal -0.4713967176969862 -0.8819212745730243 0
    outer loop
      vertex -75.8027901276946 -20.14521364122629 21.6
      vertex -76.39135813713074 -19.830617502331734 21.91
      vertex -76.39135813713074 -19.830617502331734 21.6
    endloop
  endfacet
  facet normal 0 0 1
    outer loop
      vertex -75.8027901276946 -20.14521364122629 21.91
      vertex -76.25737611949444 -19.63009924441576 21.91
      vertex -76.39135813713074 -19.830617502331734 21.91
    endloop
  endfacet
  facet normal 0 0 1
    outer loop
      vertex -75.8027901276946 -20.14521364122629 21.91
      vertex -75.7105017080903 -19.92240969091654 21.91
      vertex -76.25737611949444 -19.63009924441576 21.91
    endloop
  endfacet
  facet normal -0.2902846904986786 -0.9569403317146197 0
    outer loop
      vertex -75.8027901276946 -20.14521364122629 21.6
      vertex -75.16415666788816 -20.338940992951393 21.6
      vertex -75.8027901276946 -20.14521364122629 21.91
    endloop
  endfacet
  facet normal -0.09801714414092393 -0.9951847262968104 0
    outer loop
      vertex -75.16415666788816 -20.338940992951393 21.6
      vertex -74.54421412944794 -20.400000005960464 21.6
      vertex -75.16415666788816 -20.338940992951393 21.91
    endloop
  endfacet
  facet normal -0.2902846904986786 -0.9569403317146197 0
    outer loop
      vertex -75.8027901276946 -20.14521364122629 21.91
      vertex -75.16415666788816 -20.338940992951393 21.6
      vertex -75.16415666788816 -20.338940992951393 21.91
    endloop
  endfacet
  facet normal 0 0 1
    outer loop
      vertex -75.8027901276946 -20.14521364122629 21.91
      vertex -75.16415666788816 -20.338940992951393 21.91
      vertex -75.7105017080903 -19.92240969091654 21.91
    endloop
  endfacet
  facet normal 0 0 1
    outer loop
      vertex -75.7105017080903 -19.92240969091654 21.91
      vertex -75.16415666788816 -20.338940992951393 21.91
      vertex -75.11710844188929 -20.102413579821587 21.91
    endloop
  endfacet
  facet normal -0.8819212745730243 -0.4713967176969862 0
    outer loop
      vertex -77.33061750233173 -18.891358137130737 21.6
      vertex -77.64521364122629 -18.302790127694607 21.91
      vertex -77.64521364122629 -18.302790127694607 21.6
    endloop
  endfacet
  facet normal -0.8819212745730243 -0.4713967176969862 0
    outer loop
      vertex -77.33061750233173 -18.891358137130737 21.6
      vertex -77.33061750233173 -18.891358137130737 21.91
      vertex -77.64521364122629 -18.302790127694607 21.91
    endloop
  endfacet
  facet normal 0 0 1
    outer loop
      vertex -77.33061750233173 -18.891358137130737 21.91
      vertex -77.13009924441576 -18.757376119494438 21.91
      vertex -77.42240969091654 -18.210501708090305 21.91
    endloop
  endfacet
  facet normal 0 0 1
    outer loop
      vertex -77.33061750233173 -18.891358137130737 21.91
      vertex -77.42240969091654 -18.210501708090305 21.91
      vertex -77.64521364122629 -18.302790127694607 21.91
    endloop
  endfacet
  facet normal -0.9569403326553638 -0.2902846873974606 0
    outer loop
      vertex -77.64521364122629 -18.302790127694607 21.6
      vertex -77.8389409929514 -17.664156660437584 21.91
      vertex -77.8389409929514 -17.664156660437584 21.6
    endloop
  endfacet
  facet normal -0.9569403326553638 -0.2902846873974606 0
    outer loop
      vertex -77.64521364122629 -18.302790127694607 21.6
      vertex -77.64521364122629 -18.302790127694607 21.91
      vertex -77.8389409929514 -17.664156660437584 21.91
    endloop
  endfacet
  facet normal 0 0 1
    outer loop
      vertex -77.64521364122629 -18.302790127694607 21.91
      vertex -77.42240969091654 -18.210501708090305 21.91
      vertex -77.60241357982159 -17.617108434438705 21.91
    endloop
  endfacet
  facet normal 0 0 1
    outer loop
      vertex -77.64521364122629 -18.302790127694607 21.91
      vertex -77.60241357982159 -17.617108434438705 21.91
      vertex -77.8389409929514 -17.664156660437584 21.91
    endloop
  endfacet
  facet normal -0.9951847278532423 -0.0980171283382036 0
    outer loop
      vertex -77.8389409929514 -17.664156660437584 21.6
      vertex -77.8389409929514 -17.664156660437584 21.91
      vertex -77.9043547064066 -17 21.91
    endloop
  endfacet
  facet normal 0 0 1
    outer loop
      vertex -77.8389409929514 -17.664156660437584 21.91
      vertex -77.60241357982159 -17.617108434438705 21.91
      vertex -77.66319344937801 -17 21.91
    endloop
  endfacet
  facet normal -0.9951847278532423 -0.0980171283382036 0
    outer loop
      vertex -77.8389409929514 -17.664156660437584 21.6
      vertex -77.9043547064066 -17 21.91
      vertex -77.9043547064066 -17 21.6
    endloop
  endfacet
  facet normal 0 0 1
    outer loop
      vertex -77.8389409929514 -17.664156660437584 21.91
      vertex -77.66319344937801 -17 21.91
      vertex -77.9043547064066 -17 21.91
    endloop
  endfacet
  facet normal 0 0 1
    outer loop
      vertex -75.16415666788816 -20.338940992951393 21.91
      vertex -74.53242368996143 -20.160000003874302 21.91
      vertex -75.11710844188929 -20.102413579821587 21.91
    endloop
  endfacet
  facet normal -0.09801714414092393 -0.9951847262968104 0
    outer loop
      vertex -75.16415666788816 -20.338940992951393 21.91
      vertex -74.54421412944794 -20.400000005960464 21.6
      vertex -74.54421412944794 -20.400000005960464 21.91
    endloop
  endfacet
  facet normal 0 0 1
    outer loop
      vertex -75.16415666788816 -20.338940992951393 21.91
      vertex -74.54421412944794 -20.400000005960464 21.91
      vertex -74.53242368996143 -20.160000003874302 21.91
    endloop
  endfacet
  facet normal 0 -1 0
    outer loop
      vertex -74.54421412944794 -20.400000005960464 21.6
      vertex -69.45578587055206 -20.400000005960464 21.6
      vertex -74.54421412944794 -20.400000005960464 21.91
    endloop
  endfacet
  facet normal 0 0 1
    outer loop
      vertex -74.54421412944794 -20.400000005960464 21.91
      vertex -69.46757631003857 -20.160000003874302 21.91
      vertex -74.53242368996143 -20.160000003874302 21.91
    endloop
  endfacet
  facet normal 0 0 1
    outer loop
      vertex -77.9043547064066 -17 21.91
      vertex -77.66319344937801 -17 21.91
      vertex -77.60241357982159 -16.382891565561295 21.91
    endloop
  endfacet
  facet normal -0.9951847278532423 0.0980171283382036 0
    outer loop
      vertex -77.9043547064066 -17 21.6
      vertex -77.9043547064066 -17 21.91
      vertex -77.8389409929514 -16.335843339562416 21.91
    endloop
  endfacet
  facet normal -0.9951847278532423 0.0980171283382036 0
    outer loop
      vertex -77.9043547064066 -17 21.6
      vertex -77.8389409929514 -16.335843339562416 21.91
      vertex -77.8389409929514 -16.335843339562416 21.6
    endloop
  endfacet
  facet normal 0 0 1
    outer loop
      vertex -77.9043547064066 -17 21.91
      vertex -77.60241357982159 -16.382891565561295 21.91
      vertex -77.8389409929514 -16.335843339562416 21.91
    endloop
  endfacet
  facet normal 0 0 1
    outer loop
      vertex -77.60241357982159 -16.382891565561295 21.91
      vertex -77.42240969091654 -15.789498291909695 21.91
      vertex -77.8389409929514 -16.335843339562416 21.91
    endloop
  endfacet
  facet normal -0.9569403326553638 0.2902846873974606 0
    outer loop
      vertex -77.8389409929514 -16.335843339562416 21.6
      vertex -77.64521364122629 -15.697209872305393 21.91
      vertex -77.64521364122629 -15.697209872305393 21.6
    endloop
  endfacet
  facet normal -0.9569403326553638 0.2902846873974606 0
    outer loop
      vertex -77.8389409929514 -16.335843339562416 21.6
      vertex -77.8389409929514 -16.335843339562416 21.91
      vertex -77.64521364122629 -15.697209872305393 21.91
    endloop
  endfacet
  facet normal 0 0 1
    outer loop
      vertex -77.8389409929514 -16.335843339562416 21.91
      vertex -77.42240969091654 -15.789498291909695 21.91
      vertex -77.64521364122629 -15.697209872305393 21.91
    endloop
  endfacet
  facet normal -0.8819212745730243 0.4713967176969862 0
    outer loop
      vertex -77.64521364122629 -15.697209872305393 21.6
      vertex -77.33061750233173 -15.108641862869263 21.91
      vertex -77.33061750233173 -15.108641862869263 21.6
    endloop
  endfacet
  facet normal -0.8819212745730243 0.4713967176969862 0
    outer loop
      vertex -77.64521364122629 -15.697209872305393 21.6
      vertex -77.64521364122629 -15.697209872305393 21.91
      vertex -77.33061750233173 -15.108641862869263 21.91
    endloop
  endfacet
  facet normal 0 0 1
    outer loop
      vertex -77.42240969091654 -15.789498291909695 21.91
      vertex -77.13009924441576 -15.242623880505562 21.91
      vertex -77.64521364122629 -15.697209872305393 21.91
    endloop
  endfacet
  facet normal 0 0 1
    outer loop
      vertex -77.64521364122629 -15.697209872305393 21.91
      vertex -77.13009924441576 -15.242623880505562 21.91
      vertex -77.33061750233173 -15.108641862869263 21.91
    endloop
  endfacet
  facet normal -0.7730104325548794 0.6343933095180923 0
    outer loop
      vertex -77.33061750233173 -15.108641862869263 21.6
      vertex -77.33061750233173 -15.108641862869263 21.91
      vertex -76.90724229067564 -14.59275770932436 21.91
    endloop
  endfacet
  facet normal 0 0 1
    outer loop
      vertex -77.33061750233173 -15.108641862869263 21.91
      vertex -77.13009924441576 -15.242623880505562 21.91
      vertex -76.7367155328393 -14.763284467160702 21.91
    endloop
  endfacet
  facet normal -0.7730104325548794 0.6343933095180923 0
    outer loop
      vertex -77.33061750233173 -15.108641862869263 21.6
      vertex -76.90724229067564 -14.59275770932436 21.91
      vertex -76.90724229067564 -14.59275770932436 21.6
    endloop
  endfacet
  facet normal 0 0 1
    outer loop
      vertex -77.33061750233173 -15.108641862869263 21.91
      vertex -76.7367155328393 -14.763284467160702 21.91
      vertex -76.90724229067564 -14.59275770932436 21.91
    endloop
  endfacet
  facet normal 0 0 1
    outer loop
      vertex -76.90724229067564 -14.59275770932436 21.91
      vertex -76.7367155328393 -14.763284467160702 21.91
      vertex -76.25737611949444 -14.36990075558424 21.91
    endloop
  endfacet
  facet normal -0.6343933095180923 0.7730104325548794 0
    outer loop
      vertex -76.90724229067564 -14.59275770932436 21.6
      vertex -76.90724229067564 -14.59275770932436 21.91
      vertex -76.39135813713074 -14.169382497668266 21.91
    endloop
  endfacet
  facet normal -0.6343933095180923 0.7730104325548794 0
    outer loop
      vertex -76.90724229067564 -14.59275770932436 21.6
      vertex -76.39135813713074 -14.169382497668266 21.91
      vertex -76.39135813713074 -14.169382497668266 21.6
    endloop
  endfacet
  facet normal 0 0 1
    outer loop
      vertex -76.90724229067564 -14.59275770932436 21.91
      vertex -76.25737611949444 -14.36990075558424 21.91
      vertex -76.39135813713074 -14.169382497668266 21.91
    endloop
  endfacet
  facet normal 0 0 1
    outer loop
      vertex -76.25737611949444 -14.36990075558424 21.91
      vertex -75.7105017080903 -14.077590309083462 21.91
      vertex -76.39135813713074 -14.169382497668266 21.91
    endloop
  endfacet
  facet normal -0.4713967176969862 0.8819212745730243 0
    outer loop
      vertex -76.39135813713074 -14.169382497668266 21.6
      vertex -76.39135813713074 -14.169382497668266 21.91
      vertex -75.8027901276946 -13.854786358773708 21.91
    endloop
  endfacet
  facet normal 0 0 1
    outer loop
      vertex -76.39135813713074 -14.169382497668266 21.91
      vertex -75.7105017080903 -14.077590309083462 21.91
      vertex -75.8027901276946 -13.854786358773708 21.91
    endloop
  endfacet
  facet normal -0.4713967176969862 0.8819212745730243 0
    outer loop
      vertex -76.39135813713074 -14.169382497668266 21.6
      vertex -75.8027901276946 -13.854786358773708 21.91
      vertex -75.8027901276946 -13.854786358773708 21.6
    endloop
  endfacet
  facet normal -0.2902846904986786 0.9569403317146197 0
    outer loop
      vertex -75.8027901276946 -13.854786358773708 21.6
      vertex -75.16415666788816 -13.661059007048607 21.91
      vertex -75.16415666788816 -13.661059007048607 21.6
    endloop
  endfacet
  facet normal 0 0 1
    outer loop
      vertex -75.7105017080903 -14.077590309083462 21.91
      vertex -75.11710844188929 -13.897586420178413 21.91
      vertex -75.8027901276946 -13.854786358773708 21.91
    endloop
  endfacet
  facet normal -0.2902846904986786 0.9569403317146197 0
    outer loop
      vertex -75.8027901276946 -13.854786358773708 21.6
      vertex -75.8027901276946 -13.854786358773708 21.91
      vertex -75.16415666788816 -13.661059007048607 21.91
    endloop
  endfacet
  facet normal 0 0 1
    outer loop
      vertex -75.8027901276946 -13.854786358773708 21.91
      vertex -75.11710844188929 -13.897586420178413 21.91
      vertex -74.53242368996143 -13.839999996125698 21.91
    endloop
  endfacet
  facet normal 0 0 1
    outer loop
      vertex -75.8027901276946 -13.854786358773708 21.91
      vertex -74.54421412944794 -13.599999994039536 21.91
      vertex -75.16415666788816 -13.661059007048607 21.91
    endloop
  endfacet
  facet normal -0.09801714414092393 0.9951847262968104 0
    outer loop
      vertex -75.16415666788816 -13.661059007048607 21.6
      vertex -75.16415666788816 -13.661059007048607 21.91
      vertex -74.54421412944794 -13.599999994039536 21.91
    endloop
  endfacet
  facet normal -0.09801714414092393 0.9951847262968104 0
    outer loop
      vertex -75.16415666788816 -13.661059007048607 21.6
      vertex -74.54421412944794 -13.599999994039536 21.91
      vertex -74.54421412944794 -13.599999994039536 21.6
    endloop
  endfacet
  facet normal 0 0 1
    outer loop
      vertex -75.8027901276946 -13.854786358773708 21.91
      vertex -74.53242368996143 -13.839999996125698 21.91
      vertex -69.45578587055206 -13.599999994039536 21.91
    endloop
  endfacet
  facet normal 0 0 1
    outer loop
      vertex -75.8027901276946 -13.854786358773708 21.91
      vertex -69.45578587055206 -13.599999994039536 21.91
      vertex -74.54421412944794 -13.599999994039536 21.91
    endloop
  endfacet
  facet normal 0 1 0
    outer loop
      vertex -74.54421412944794 -13.599999994039536 21.6
      vertex -74.54421412944794 -13.599999994039536 21.91
      vertex -69.45578587055206 -13.599999994039536 21.91
    endloop
  endfacet
  facet normal 0 -1 0
    outer loop
      vertex -74.54421412944794 -20.400000005960464 21.91
      vertex -69.45578587055206 -20.400000005960464 21.6
      vertex -69.45578587055206 -20.400000005960464 21.91
    endloop
  endfacet
  facet normal 0 0 1
    outer loop
      vertex -74.54421412944794 -20.400000005960464 21.91
      vertex -69.45578587055206 -20.400000005960464 21.91
      vertex -68.1972098723054 -20.14521364122629 21.91
    endloop
  endfacet
  facet normal 0 0 1
    outer loop
      vertex -74.54421412944794 -20.400000005960464 21.91
      vertex -68.1972098723054 -20.14521364122629 21.91
      vertex -69.46757631003857 -20.160000003874302 21.91
    endloop
  endfacet
  facet normal 0.09801714414092393 -0.9951847262968104 0
    outer loop
      vertex -69.45578587055206 -20.400000005960464 21.6
      vertex -68.83584333211184 -20.338940992951393 21.6
      vertex -69.45578587055206 -20.400000005960464 21.91
    endloop
  endfacet
  facet normal 0.2902846904986786 -0.9569403317146197 0
    outer loop
      vertex -68.83584333211184 -20.338940992951393 21.6
      vertex -68.1972098723054 -20.14521364122629 21.6
      vertex -68.83584333211184 -20.338940992951393 21.91
    endloop
  endfacet
  facet normal 0.09801714414092393 -0.9951847262968104 0
    outer loop
      vertex -69.45578587055206 -20.400000005960464 21.91
      vertex -68.83584333211184 -20.338940992951393 21.6
      vertex -68.83584333211184 -20.338940992951393 21.91
    endloop
  endfacet
  facet normal 0 0 1
    outer loop
      vertex -69.45578587055206 -20.400000005960464 21.91
      vertex -68.83584333211184 -20.338940992951393 21.91
      vertex -68.1972098723054 -20.14521364122629 21.91
    endloop
  endfacet
  facet normal 0 0 1
    outer loop
      vertex -69.46757631003857 -20.160000003874302 21.91
      vertex -68.1972098723054 -20.14521364122629 21.91
      vertex -68.88289155811071 -20.102413579821587 21.91
    endloop
  endfacet
  facet normal 0.2902846904986786 -0.9569403317146197 0
    outer loop
      vertex -68.83584333211184 -20.338940992951393 21.91
      vertex -68.1972098723054 -20.14521364122629 21.6
      vertex -68.1972098723054 -20.14521364122629 21.91
    endloop
  endfacet
  facet normal 0 0 1
    outer loop
      vertex -68.88289155811071 -20.102413579821587 21.91
      vertex -68.1972098723054 -20.14521364122629 21.91
      vertex -68.2894982919097 -19.92240969091654 21.91
    endloop
  endfacet
  facet normal 0.4713967176969862 -0.8819212745730243 0
    outer loop
      vertex -68.1972098723054 -20.14521364122629 21.6
      vertex -67.60864186286926 -19.830617502331734 21.6
      vertex -68.1972098723054 -20.14521364122629 21.91
    endloop
  endfacet
  facet normal 0 0 1
    outer loop
      vertex -68.1972098723054 -20.14521364122629 21.91
      vertex -67.60864186286926 -19.830617502331734 21.91
      vertex -68.2894982919097 -19.92240969091654 21.91
    endloop
  endfacet
  facet normal 0.4713967176969862 -0.8819212745730243 0
    outer loop
      vertex -68.1972098723054 -20.14521364122629 21.91
      vertex -67.60864186286926 -19.830617502331734 21.6
      vertex -67.60864186286926 -19.830617502331734 21.91
    endloop
  endfacet
  facet normal 0 0 1
    outer loop
      vertex -68.2894982919097 -19.92240969091654 21.91
      vertex -67.60864186286926 -19.830617502331734 21.91
      vertex -67.74262388050556 -19.63009924441576 21.91
    endloop
  endfacet
  facet normal 0.6343933095180923 -0.7730104325548794 0
    outer loop
      vertex -67.60864186286926 -19.830617502331734 21.6
      vertex -67.09275770932436 -19.40724229067564 21.6
      vertex -67.60864186286926 -19.830617502331734 21.91
    endloop
  endfacet
  facet normal 0 0 1
    outer loop
      vertex -67.60864186286926 -19.830617502331734 21.91
      vertex -67.09275770932436 -19.40724229067564 21.91
      vertex -67.74262388050556 -19.63009924441576 21.91
    endloop
  endfacet
  facet normal 0.7730104325548794 -0.6343933095180923 0
    outer loop
      vertex -67.09275770932436 -19.40724229067564 21.6
      vertex -66.66938249766827 -18.891358137130737 21.6
      vertex -67.09275770932436 -19.40724229067564 21.91
    endloop
  endfacet
  facet normal 0.6343933095180923 -0.7730104325548794 0
    outer loop
      vertex -67.60864186286926 -19.830617502331734 21.91
      vertex -67.09275770932436 -19.40724229067564 21.6
      vertex -67.09275770932436 -19.40724229067564 21.91
    endloop
  endfacet
  facet normal 0 0 1
    outer loop
      vertex -67.74262388050556 -19.63009924441576 21.91
      vertex -67.09275770932436 -19.40724229067564 21.91
      vertex -67.2632844671607 -19.2367155328393 21.91
    endloop
  endfacet
  facet normal 0 0 1
    outer loop
      vertex -67.2632844671607 -19.2367155328393 21.91
      vertex -67.09275770932436 -19.40724229067564 21.91
      vertex -66.66938249766827 -18.891358137130737 21.91
    endloop
  endfacet
  facet normal 0 0 1
    outer loop
      vertex -67.2632844671607 -19.2367155328393 21.91
      vertex -66.66938249766827 -18.891358137130737 21.91
      vertex -66.86990075558424 -18.757376119494438 21.91
    endloop
  endfacet
  facet normal 0.7730104325548794 -0.6343933095180923 0
    outer loop
      vertex -67.09275770932436 -19.40724229067564 21.91
      vertex -66.66938249766827 -18.891358137130737 21.6
      vertex -66.66938249766827 -18.891358137130737 21.91
    endloop
  endfacet
  facet normal 0.8819212745730243 -0.4713967176969862 0
    outer loop
      vertex -66.66938249766827 -18.891358137130737 21.6
      vertex -66.35478635877371 -18.302790127694607 21.6
      vertex -66.66938249766827 -18.891358137130737 21.91
    endloop
  endfacet
  facet normal 0 0 1
    outer loop
      vertex -66.86990075558424 -18.757376119494438 21.91
      vertex -66.66938249766827 -18.891358137130737 21.91
      vertex -66.35478635877371 -18.302790127694607 21.91
    endloop
  endfacet
  facet normal 0 0 1
    outer loop
      vertex -66.86990075558424 -18.757376119494438 21.91
      vertex -66.35478635877371 -18.302790127694607 21.91
      vertex -66.57759030908346 -18.210501708090305 21.91
    endloop
  endfacet
  facet normal 0.8819212745730243 -0.4713967176969862 0
    outer loop
      vertex -66.66938249766827 -18.891358137130737 21.91
      vertex -66.35478635877371 -18.302790127694607 21.6
      vertex -66.35478635877371 -18.302790127694607 21.91
    endloop
  endfacet
  facet normal 0.9569403326553638 -0.2902846873974606 0
    outer loop
      vertex -66.35478635877371 -18.302790127694607 21.6
      vertex -66.1610590070486 -17.664156660437584 21.6
      vertex -66.35478635877371 -18.302790127694607 21.91
    endloop
  endfacet
  facet normal 0 0 1
    outer loop
      vertex -66.35478635877371 -18.302790127694607 21.91
      vertex -66.1610590070486 -17.664156660437584 21.91
      vertex -66.57759030908346 -18.210501708090305 21.91
    endloop
  endfacet
  facet normal 0.9569403326553638 -0.2902846873974606 0
    outer loop
      vertex -66.35478635877371 -18.302790127694607 21.91
      vertex -66.1610590070486 -17.664156660437584 21.6
      vertex -66.1610590070486 -17.664156660437584 21.91
    endloop
  endfacet
  facet normal 0.9951847278532423 -0.0980171283382036 0
    outer loop
      vertex -66.1610590070486 -17.664156660437584 21.6
      vertex -66.0956452935934 -17 21.6
      vertex -66.1610590070486 -17.664156660437584 21.91
    endloop
  endfacet
  facet normal 0 0 1
    outer loop
      vertex -66.57759030908346 -18.210501708090305 21.91
      vertex -66.1610590070486 -17.664156660437584 21.91
      vertex -66.39758642017841 -17.617108434438705 21.91
    endloop
  endfacet
  facet normal 0 0 1
    outer loop
      vertex -66.1610590070486 -17.664156660437584 21.91
      vertex -66.0956452935934 -17 21.91
      vertex -66.39758642017841 -17.617108434438705 21.91
    endloop
  endfacet
  facet normal 0.9951847278532423 -0.0980171283382036 0
    outer loop
      vertex -66.1610590070486 -17.664156660437584 21.91
      vertex -66.0956452935934 -17 21.6
      vertex -66.0956452935934 -17 21.91
    endloop
  endfacet
  facet normal 0 0 1
    outer loop
      vertex -66.39758642017841 -17.617108434438705 21.91
      vertex -66.0956452935934 -17 21.91
      vertex -66.33680655062199 -17 21.91
    endloop
  endfacet
  facet normal 0 1 0
    outer loop
      vertex -74.54421412944794 -13.599999994039536 21.6
      vertex -69.45578587055206 -13.599999994039536 21.91
      vertex -69.45578587055206 -13.599999994039536 21.6
    endloop
  endfacet
  facet normal 0 0 1
    outer loop
      vertex -74.53242368996143 -13.839999996125698 21.91
      vertex -69.46757631003857 -13.839999996125698 21.91
      vertex -69.45578587055206 -13.599999994039536 21.91
    endloop
  endfacet
  facet normal 0.09801714414092393 0.9951847262968104 0
    outer loop
      vertex -69.45578587055206 -13.599999994039536 21.6
      vertex -69.45578587055206 -13.599999994039536 21.91
      vertex -68.83584333211184 -13.661059007048607 21.91
    endloop
  endfacet
  facet normal 0 0 1
    outer loop
      vertex -69.46757631003857 -13.839999996125698 21.91
      vertex -68.83584333211184 -13.661059007048607 21.91
      vertex -69.45578587055206 -13.599999994039536 21.91
    endloop
  endfacet
  facet normal 0 0 1
    outer loop
      vertex -69.46757631003857 -13.839999996125698 21.91
      vertex -68.88289155811071 -13.897586420178413 21.91
      vertex -68.83584333211184 -13.661059007048607 21.91
    endloop
  endfacet
  facet normal 0.9951847278532423 0.0980171283382036 0
    outer loop
      vertex -66.0956452935934 -17 21.6
      vertex -66.1610590070486 -16.335843339562416 21.6
      vertex -66.0956452935934 -17 21.91
    endloop
  endfacet
  facet normal 0 0 1
    outer loop
      vertex -66.33680655062199 -17 21.91
      vertex -66.0956452935934 -17 21.91
      vertex -66.1610590070486 -16.335843339562416 21.91
    endloop
  endfacet
  facet normal 0 0 1
    outer loop
      vertex -66.33680655062199 -17 21.91
      vertex -66.1610590070486 -16.335843339562416 21.91
      vertex -66.39758642017841 -16.382891565561295 21.91
    endloop
  endfacet
  facet normal 0.9951847278532423 0.0980171283382036 0
    outer loop
      vertex -66.0956452935934 -17 21.91
      vertex -66.1610590070486 -16.335843339562416 21.6
      vertex -66.1610590070486 -16.335843339562416 21.91
    endloop
  endfacet
  facet normal 0.9569403326553638 0.2902846873974606 0
    outer loop
      vertex -66.1610590070486 -16.335843339562416 21.6
      vertex -66.35478635877371 -15.697209872305393 21.6
      vertex -66.1610590070486 -16.335843339562416 21.91
    endloop
  endfacet
  facet normal 0 0 1
    outer loop
      vertex -66.39758642017841 -16.382891565561295 21.91
      vertex -66.1610590070486 -16.335843339562416 21.91
      vertex -66.35478635877371 -15.697209872305393 21.91
    endloop
  endfacet
  facet normal 0 0 1
    outer loop
      vertex -66.39758642017841 -16.382891565561295 21.91
      vertex -66.35478635877371 -15.697209872305393 21.91
      vertex -66.57759030908346 -15.789498291909695 21.91
    endloop
  endfacet
  facet normal 0.9569403326553638 0.2902846873974606 0
    outer loop
      vertex -66.1610590070486 -16.335843339562416 21.91
      vertex -66.35478635877371 -15.697209872305393 21.6
      vertex -66.35478635877371 -15.697209872305393 21.91
    endloop
  endfacet
  facet normal 0.8819212745730243 0.4713967176969862 0
    outer loop
      vertex -66.35478635877371 -15.697209872305393 21.6
      vertex -66.66938249766827 -15.108641862869263 21.6
      vertex -66.35478635877371 -15.697209872305393 21.91
    endloop
  endfacet
  facet normal 0 0 1
    outer loop
      vertex -66.57759030908346 -15.789498291909695 21.91
      vertex -66.35478635877371 -15.697209872305393 21.91
      vertex -66.66938249766827 -15.108641862869263 21.91
    endloop
  endfacet
  facet normal 0 0 1
    outer loop
      vertex -66.57759030908346 -15.789498291909695 21.91
      vertex -66.66938249766827 -15.108641862869263 21.91
      vertex -66.86990075558424 -15.242623880505562 21.91
    endloop
  endfacet
  facet normal 0.8819212745730243 0.4713967176969862 0
    outer loop
      vertex -66.35478635877371 -15.697209872305393 21.91
      vertex -66.66938249766827 -15.108641862869263 21.6
      vertex -66.66938249766827 -15.108641862869263 21.91
    endloop
  endfacet
  facet normal 0.09801714414092393 0.9951847262968104 0
    outer loop
      vertex -69.45578587055206 -13.599999994039536 21.6
      vertex -68.83584333211184 -13.661059007048607 21.91
      vertex -68.83584333211184 -13.661059007048607 21.6
    endloop
  endfacet
  facet normal 0.2902846904986786 0.9569403317146197 0
    outer loop
      vertex -68.83584333211184 -13.661059007048607 21.6
      vertex -68.1972098723054 -13.854786358773708 21.91
      vertex -68.1972098723054 -13.854786358773708 21.6
    endloop
  endfacet
  facet normal 0 0 1
    outer loop
      vertex -68.88289155811071 -13.897586420178413 21.91
      vertex -68.2894982919097 -14.077590309083462 21.91
      vertex -68.83584333211184 -13.661059007048607 21.91
    endloop
  endfacet
  facet normal 0 0 1
    outer loop
      vertex -68.83584333211184 -13.661059007048607 21.91
      vertex -68.2894982919097 -14.077590309083462 21.91
      vertex -68.1972098723054 -13.854786358773708 21.91
    endloop
  endfacet
  facet normal 0.2902846904986786 0.9569403317146197 0
    outer loop
      vertex -68.83584333211184 -13.661059007048607 21.6
      vertex -68.83584333211184 -13.661059007048607 21.91
      vertex -68.1972098723054 -13.854786358773708 21.91
    endloop
  endfacet
  facet normal 0.4713967176969862 0.8819212745730243 0
    outer loop
      vertex -67.60864186286926 -14.169382497668266 21.6
      vertex -68.1972098723054 -13.854786358773708 21.6
      vertex -67.60864186286926 -14.169382497668266 21.91
    endloop
  endfacet
  facet normal 0 0 1
    outer loop
      vertex -68.2894982919097 -14.077590309083462 21.91
      vertex -67.74262388050556 -14.36990075558424 21.91
      vertex -68.1972098723054 -13.854786358773708 21.91
    endloop
  endfacet
  facet normal 0 0 1
    outer loop
      vertex -67.74262388050556 -14.36990075558424 21.91
      vertex -67.60864186286926 -14.169382497668266 21.91
      vertex -68.1972098723054 -13.854786358773708 21.91
    endloop
  endfacet
  facet normal 0.4713967176969862 0.8819212745730243 0
    outer loop
      vertex -67.60864186286926 -14.169382497668266 21.91
      vertex -68.1972098723054 -13.854786358773708 21.6
      vertex -68.1972098723054 -13.854786358773708 21.91
    endloop
  endfacet
  facet normal 0 0 1
    outer loop
      vertex -66.86990075558424 -15.242623880505562 21.91
      vertex -66.66938249766827 -15.108641862869263 21.91
      vertex -67.09275770932436 -14.59275770932436 21.91
    endloop
  endfacet
  facet normal 0.6343933095180923 0.7730104325548794 0
    outer loop
      vertex -67.60864186286926 -14.169382497668266 21.6
      vertex -67.09275770932436 -14.59275770932436 21.91
      vertex -67.09275770932436 -14.59275770932436 21.6
    endloop
  endfacet
  facet normal 0 0 1
    outer loop
      vertex -67.60864186286926 -14.169382497668266 21.91
      vertex -67.2632844671607 -14.763284467160702 21.91
      vertex -67.09275770932436 -14.59275770932436 21.91
    endloop
  endfacet
  facet normal 0 0 1
    outer loop
      vertex -66.86990075558424 -15.242623880505562 21.91
      vertex -67.09275770932436 -14.59275770932436 21.91
      vertex -67.2632844671607 -14.763284467160702 21.91
    endloop
  endfacet
  facet normal 0.7730104325548794 0.6343933095180923 0
    outer loop
      vertex -67.09275770932436 -14.59275770932436 21.6
      vertex -67.09275770932436 -14.59275770932436 21.91
      vertex -66.66938249766827 -15.108641862869263 21.91
    endloop
  endfacet
  facet normal 0.7730104325548794 0.6343933095180923 0
    outer loop
      vertex -67.09275770932436 -14.59275770932436 21.6
      vertex -66.66938249766827 -15.108641862869263 21.91
      vertex -66.66938249766827 -15.108641862869263 21.6
    endloop
  endfacet
  facet normal 0 0 1
    outer loop
      vertex -67.74262388050556 -14.36990075558424 21.91
      vertex -67.2632844671607 -14.763284467160702 21.91
      vertex -67.60864186286926 -14.169382497668266 21.91
    endloop
  endfacet
  facet normal 0.6343933095180923 0.7730104325548794 0
    outer loop
      vertex -67.60864186286926 -14.169382497668266 21.6
      vertex -67.60864186286926 -14.169382497668266 21.91
      vertex -67.09275770932436 -14.59275770932436 21.91
    endloop
  endfacet
  facet normal -0.6343933048202232 -0.7730104364103215 0
    outer loop
      vertex -76.7367155328393 -19.2367155328393 21.91
      vertex -76.25737611949444 -19.63009924441576 22.21
      vertex -76.7367155328393 -19.2367155328393 22.21
    endloop
  endfacet
  facet normal 0 0 1
    outer loop
      vertex -76.7367155328393 -19.2367155328393 22.21
      vertex -76.12339410185814 -19.429580986499786 22.21
      vertex -76.56618877500296 -19.066188775002956 22.21
    endloop
  endfacet
  facet normal -0.7730104364103215 -0.6343933048202232 0
    outer loop
      vertex -76.7367155328393 -19.2367155328393 21.91
      vertex -76.7367155328393 -19.2367155328393 22.21
      vertex -77.13009924441576 -18.757376119494438 21.91
    endloop
  endfacet
  facet normal -0.7730104364103215 -0.6343933048202232 0
    outer loop
      vertex -77.13009924441576 -18.757376119494438 21.91
      vertex -76.7367155328393 -19.2367155328393 22.21
      vertex -77.13009924441576 -18.757376119494438 22.21
    endloop
  endfacet
  facet normal 0 0 1
    outer loop
      vertex -76.7367155328393 -19.2367155328393 22.21
      vertex -76.56618877500296 -19.066188775002956 22.21
      vertex -77.13009924441576 -18.757376119494438 22.21
    endloop
  endfacet
  facet normal 0 0 1
    outer loop
      vertex -77.13009924441576 -18.757376119494438 22.21
      vertex -76.56618877500296 -19.066188775002956 22.21
      vertex -76.92958098649979 -18.62339410185814 22.21
    endloop
  endfacet
  facet normal -0.4713967163040423 -0.8819212753175684 0
    outer loop
      vertex -76.25737611949444 -19.63009924441576 21.91
      vertex -75.7105017080903 -19.92240969091654 22.21
      vertex -76.25737611949444 -19.63009924441576 22.21
    endloop
  endfacet
  facet normal -0.4713967163040423 -0.8819212753175684 0
    outer loop
      vertex -76.25737611949444 -19.63009924441576 21.91
      vertex -75.7105017080903 -19.92240969091654 21.91
      vertex -75.7105017080903 -19.92240969091654 22.21
    endloop
  endfacet
  facet normal 0 0 1
    outer loop
      vertex -76.25737611949444 -19.63009924441576 22.21
      vertex -75.61821329593658 -19.699605740606785 22.21
      vertex -76.12339410185814 -19.429580986499786 22.21
    endloop
  endfacet
  facet normal 0 0 1
    outer loop
      vertex -76.25737611949444 -19.63009924441576 22.21
      vertex -75.7105017080903 -19.92240969091654 22.21
      vertex -75.61821329593658 -19.699605740606785 22.21
    endloop
  endfacet
  facet normal -0.2902846913251574 -0.9569403314639101 0
    outer loop
      vertex -75.7105017080903 -19.92240969091654 21.91
      vertex -75.11710844188929 -20.102413579821587 22.21
      vertex -75.7105017080903 -19.92240969091654 22.21
    endloop
  endfacet
  facet normal -0.2902846913251574 -0.9569403314639101 0
    outer loop
      vertex -75.7105017080903 -19.92240969091654 21.91
      vertex -75.11710844188929 -20.102413579821587 21.91
      vertex -75.11710844188929 -20.102413579821587 22.21
    endloop
  endfacet
  facet normal 0 0 1
    outer loop
      vertex -75.7105017080903 -19.92240969091654 22.21
      vertex -75.11710844188929 -20.102413579821587 22.21
      vertex -74.52063324302435 -19.92000000178814 22.21
    endloop
  endfacet
  facet normal 0 0 1
    outer loop
      vertex -75.7105017080903 -19.92240969091654 22.21
      vertex -75.07006020843983 -19.86588616669178 22.21
      vertex -75.61821329593658 -19.699605740606785 22.21
    endloop
  endfacet
  facet normal 0 0 1
    outer loop
      vertex -75.7105017080903 -19.92240969091654 22.21
      vertex -74.52063324302435 -19.92000000178814 22.21
      vertex -75.07006020843983 -19.86588616669178 22.21
    endloop
  endfacet
  facet normal -0.6343933048202232 -0.7730104364103215 0
    outer loop
      vertex -76.7367155328393 -19.2367155328393 21.91
      vertex -76.25737611949444 -19.63009924441576 21.91
      vertex -76.25737611949444 -19.63009924441576 22.21
    endloop
  endfacet
  facet normal 0 0 1
    outer loop
      vertex -76.7367155328393 -19.2367155328393 22.21
      vertex -76.25737611949444 -19.63009924441576 22.21
      vertex -76.12339410185814 -19.429580986499786 22.21
    endloop
  endfacet
  facet normal -0.8819212753175684 -0.4713967163040423 0
    outer loop
      vertex -77.13009924441576 -18.757376119494438 21.91
      vertex -77.13009924441576 -18.757376119494438 22.21
      vertex -77.42240969091654 -18.210501708090305 21.91
    endloop
  endfacet
  facet normal -0.8819212753175684 -0.4713967163040423 0
    outer loop
      vertex -77.13009924441576 -18.757376119494438 22.21
      vertex -77.42240969091654 -18.210501708090305 22.21
      vertex -77.42240969091654 -18.210501708090305 21.91
    endloop
  endfacet
  facet normal 0 0 1
    outer loop
      vertex -77.42240969091654 -18.210501708090305 22.21
      vertex -76.92958098649979 -18.62339410185814 22.21
      vertex -77.19960574060678 -18.118213295936584 22.21
    endloop
  endfacet
  facet normal -0.9569403324763766 -0.2902846879875031 0
    outer loop
      vertex -77.42240969091654 -18.210501708090305 21.91
      vertex -77.42240969091654 -18.210501708090305 22.21
      vertex -77.60241357982159 -17.617108434438705 21.91
    endloop
  endfacet
  facet normal 0 0 1
    outer loop
      vertex -77.42240969091654 -18.210501708090305 22.21
      vertex -77.19960574060678 -18.118213295936584 22.21
      vertex -77.60241357982159 -17.617108434438705 22.21
    endloop
  endfacet
  facet normal 0 0 1
    outer loop
      vertex -77.13009924441576 -18.757376119494438 22.21
      vertex -76.92958098649979 -18.62339410185814 22.21
      vertex -77.42240969091654 -18.210501708090305 22.21
    endloop
  endfacet
  facet normal -0.9569403324763766 -0.2902846879875031 0
    outer loop
      vertex -77.60241357982159 -17.617108434438705 21.91
      vertex -77.42240969091654 -18.210501708090305 22.21
      vertex -77.60241357982159 -17.617108434438705 22.21
    endloop
  endfacet
  facet normal 0 0 1
    outer loop
      vertex -77.19960574060678 -18.118213295936584 22.21
      vertex -77.36588616669178 -17.570060208439827 22.21
      vertex -77.60241357982159 -17.617108434438705 22.21
    endloop
  endfacet
  facet normal -0.9951847276435648 -0.09801713046709641 0
    outer loop
      vertex -77.60241357982159 -17.617108434438705 21.91
      vertex -77.60241357982159 -17.617108434438705 22.21
      vertex -77.66319344937801 -17 21.91
    endloop
  endfacet
  facet normal 0 0 1
    outer loop
      vertex -77.60241357982159 -17.617108434438705 22.21
      vertex -77.36588616669178 -17.570060208439827 22.21
      vertex -77.66319344937801 -17 22.21
    endloop
  endfacet
  facet normal -0.9951847276435648 -0.09801713046709641 0
    outer loop
      vertex -77.60241357982159 -17.617108434438705 22.21
      vertex -77.66319344937801 -17 22.21
      vertex -77.66319344937801 -17 21.91
    endloop
  endfacet
  facet normal 0 0 1
    outer loop
      vertex -77.36588616669178 -17.570060208439827 22.21
      vertex -77.42203219234943 -17 22.21
      vertex -77.66319344937801 -17 22.21
    endloop
  endfacet
  facet normal -0.09801714423002408 -0.9951847262880348 0
    outer loop
      vertex -75.11710844188929 -20.102413579821587 21.91
      vertex -74.53242368996143 -20.160000003874302 21.91
      vertex -74.53242368996143 -20.160000003874302 22.21
    endloop
  endfacet
  facet normal -0.09801714423002408 -0.9951847262880348 0
    outer loop
      vertex -75.11710844188929 -20.102413579821587 21.91
      vertex -74.53242368996143 -20.160000003874302 22.21
      vertex -75.11710844188929 -20.102413579821587 22.21
    endloop
  endfacet
  facet normal 0 0 1
    outer loop
      vertex -75.11710844188929 -20.102413579821587 22.21
      vertex -74.53242368996143 -20.160000003874302 22.21
      vertex -69.47936675697565 -19.92000000178814 22.21
    endloop
  endfacet
  facet normal 0 0 1
    outer loop
      vertex -75.11710844188929 -20.102413579821587 22.21
      vertex -69.47936675697565 -19.92000000178814 22.21
      vertex -74.52063324302435 -19.92000000178814 22.21
    endloop
  endfacet
  facet normal 0 -1 0
    outer loop
      vertex -74.53242368996143 -20.160000003874302 21.91
      vertex -69.46757631003857 -20.160000003874302 22.21
      vertex -74.53242368996143 -20.160000003874302 22.21
    endloop
  endfacet
  facet normal -0.9951847276435648 0.09801713046709641 0
    outer loop
      vertex -77.66319344937801 -17 21.91
      vertex -77.66319344937801 -17 22.21
      vertex -77.60241357982159 -16.382891565561295 21.91
    endloop
  endfacet
  facet normal 0 0 1
    outer loop
      vertex -77.66319344937801 -17 22.21
      vertex -77.42203219234943 -17 22.21
      vertex -77.60241357982159 -16.382891565561295 22.21
    endloop
  endfacet
  facet normal -0.9951847276435648 0.09801713046709641 0
    outer loop
      vertex -77.60241357982159 -16.382891565561295 21.91
      vertex -77.66319344937801 -17 22.21
      vertex -77.60241357982159 -16.382891565561295 22.21
    endloop
  endfacet
  facet normal 0 0 1
    outer loop
      vertex -77.42203219234943 -17 22.21
      vertex -77.36588616669178 -16.429939791560173 22.21
      vertex -77.60241357982159 -16.382891565561295 22.21
    endloop
  endfacet
  facet normal -0.9569403324763766 0.2902846879875031 0
    outer loop
      vertex -77.60241357982159 -16.382891565561295 21.91
      vertex -77.60241357982159 -16.382891565561295 22.21
      vertex -77.42240969091654 -15.789498291909695 21.91
    endloop
  endfacet
  facet normal 0 0 1
    outer loop
      vertex -77.60241357982159 -16.382891565561295 22.21
      vertex -77.36588616669178 -16.429939791560173 22.21
      vertex -77.42240969091654 -15.789498291909695 22.21
    endloop
  endfacet
  facet normal -0.9569403324763766 0.2902846879875031 0
    outer loop
      vertex -77.42240969091654 -15.789498291909695 21.91
      vertex -77.60241357982159 -16.382891565561295 22.21
      vertex -77.42240969091654 -15.789498291909695 22.21
    endloop
  endfacet
  facet normal 0 0 1
    outer loop
      vertex -77.36588616669178 -16.429939791560173 22.21
      vertex -77.19960574060678 -15.881786704063416 22.21
      vertex -77.42240969091654 -15.789498291909695 22.21
    endloop
  endfacet
  facet normal -0.8819212753175684 0.4713967163040423 0
    outer loop
      vertex -77.42240969091654 -15.789498291909695 21.91
      vertex -77.42240969091654 -15.789498291909695 22.21
      vertex -77.13009924441576 -15.242623880505562 21.91
    endloop
  endfacet
  facet normal 0 0 1
    outer loop
      vertex -77.42240969091654 -15.789498291909695 22.21
      vertex -77.19960574060678 -15.881786704063416 22.21
      vertex -77.13009924441576 -15.242623880505562 22.21
    endloop
  endfacet
  facet normal -0.8819212753175684 0.4713967163040423 0
    outer loop
      vertex -77.42240969091654 -15.789498291909695 22.21
      vertex -77.13009924441576 -15.242623880505562 22.21
      vertex -77.13009924441576 -15.242623880505562 21.91
    endloop
  endfacet
  facet normal 0 0 1
    outer loop
      vertex -77.19960574060678 -15.881786704063416 22.21
      vertex -76.92958098649979 -15.376605898141861 22.21
      vertex -77.13009924441576 -15.242623880505562 22.21
    endloop
  endfacet
  facet normal 0 0 1
    outer loop
      vertex -76.92958098649979 -15.376605898141861 22.21
      vertex -76.7367155328393 -14.763284467160702 22.21
      vertex -77.13009924441576 -15.242623880505562 22.21
    endloop
  endfacet
  facet normal -0.7730104364103215 0.6343933048202232 0
    outer loop
      vertex -77.13009924441576 -15.242623880505562 21.91
      vertex -77.13009924441576 -15.242623880505562 22.21
      vertex -76.7367155328393 -14.763284467160702 21.91
    endloop
  endfacet
  facet normal -0.7730104364103215 0.6343933048202232 0
    outer loop
      vertex -76.7367155328393 -14.763284467160702 21.91
      vertex -77.13009924441576 -15.242623880505562 22.21
      vertex -76.7367155328393 -14.763284467160702 22.21
    endloop
  endfacet
  facet normal 0 0 1
    outer loop
      vertex -76.92958098649979 -15.376605898141861 22.21
      vertex -76.56618877500296 -14.933811224997044 22.21
      vertex -76.7367155328393 -14.763284467160702 22.21
    endloop
  endfacet
  facet normal 0 0 1
    outer loop
      vertex -76.56618877500296 -14.933811224997044 22.21
      vertex -76.25737611949444 -14.36990075558424 22.21
      vertex -76.7367155328393 -14.763284467160702 22.21
    endloop
  endfacet
  facet normal -0.6343933048202232 0.7730104364103215 0
    outer loop
      vertex -76.7367155328393 -14.763284467160702 21.91
      vertex -76.7367155328393 -14.763284467160702 22.21
      vertex -76.25737611949444 -14.36990075558424 21.91
    endloop
  endfacet
  facet normal 0 0 1
    outer loop
      vertex -76.56618877500296 -14.933811224997044 22.21
      vertex -76.12339410185814 -14.570419013500214 22.21
      vertex -76.25737611949444 -14.36990075558424 22.21
    endloop
  endfacet
  facet normal -0.6343933048202232 0.7730104364103215 0
    outer loop
      vertex -76.25737611949444 -14.36990075558424 21.91
      vertex -76.7367155328393 -14.763284467160702 22.21
      vertex -76.25737611949444 -14.36990075558424 22.21
    endloop
  endfacet
  facet normal -0.4713967163040423 0.8819212753175684 0
    outer loop
      vertex -76.25737611949444 -14.36990075558424 21.91
      vertex -76.25737611949444 -14.36990075558424 22.21
      vertex -75.7105017080903 -14.077590309083462 21.91
    endloop
  endfacet
  facet normal 0 0 1
    outer loop
      vertex -76.12339410185814 -14.570419013500214 22.21
      vertex -75.7105017080903 -14.077590309083462 22.21
      vertex -76.25737611949444 -14.36990075558424 22.21
    endloop
  endfacet
  facet normal 0 0 1
    outer loop
      vertex -76.12339410185814 -14.570419013500214 22.21
      vertex -75.61821329593658 -14.300394259393215 22.21
      vertex -75.7105017080903 -14.077590309083462 22.21
    endloop
  endfacet
  facet normal -0.4713967163040423 0.8819212753175684 0
    outer loop
      vertex -75.7105017080903 -14.077590309083462 21.91
      vertex -76.25737611949444 -14.36990075558424 22.21
      vertex -75.7105017080903 -14.077590309083462 22.21
    endloop
  endfacet
  facet normal 0 0 1
    outer loop
      vertex -75.7105017080903 -14.077590309083462 22.21
      vertex -75.61821329593658 -14.300394259393215 22.21
      vertex -75.07006020843983 -14.13411383330822 22.21
    endloop
  endfacet
  facet normal 0 0 1
    outer loop
      vertex -75.7105017080903 -14.077590309083462 22.21
      vertex -75.07006020843983 -14.13411383330822 22.21
      vertex -74.52063324302435 -14.07999999821186 22.21
    endloop
  endfacet
  facet normal -0.2902846913251574 0.9569403314639101 0
    outer loop
      vertex -75.7105017080903 -14.077590309083462 21.91
      vertex -75.7105017080903 -14.077590309083462 22.21
      vertex -75.11710844188929 -13.897586420178413 21.91
    endloop
  endfacet
  facet normal -0.2902846913251574 0.9569403314639101 0
    outer loop
      vertex -75.11710844188929 -13.897586420178413 21.91
      vertex -75.7105017080903 -14.077590309083462 22.21
      vertex -75.11710844188929 -13.897586420178413 22.21
    endloop
  endfacet
  facet normal 0 0 1
    outer loop
      vertex -75.7105017080903 -14.077590309083462 22.21
      vertex -74.53242368996143 -13.839999996125698 22.21
      vertex -75.11710844188929 -13.897586420178413 22.21
    endloop
  endfacet
  facet normal -0.09801714423002408 0.9951847262880348 0
    outer loop
      vertex -75.11710844188929 -13.897586420178413 21.91
      vertex -75.11710844188929 -13.897586420178413 22.21
      vertex -74.53242368996143 -13.839999996125698 21.91
    endloop
  endfacet
  facet normal -0.09801714423002408 0.9951847262880348 0
    outer loop
      vertex -75.11710844188929 -13.897586420178413 22.21
      vertex -74.53242368996143 -13.839999996125698 22.21
      vertex -74.53242368996143 -13.839999996125698 21.91
    endloop
  endfacet
  facet normal 0 0 1
    outer loop
      vertex -75.7105017080903 -14.077590309083462 22.21
      vertex -74.52063324302435 -14.07999999821186 22.21
      vertex -69.46757631003857 -13.839999996125698 22.21
    endloop
  endfacet
  facet normal 0 0 1
    outer loop
      vertex -75.7105017080903 -14.077590309083462 22.21
      vertex -69.46757631003857 -13.839999996125698 22.21
      vertex -74.53242368996143 -13.839999996125698 22.21
    endloop
  endfacet
  facet normal 0 1 0
    outer loop
      vertex -74.53242368996143 -13.839999996125698 21.91
      vertex -74.53242368996143 -13.839999996125698 22.21
      vertex -69.46757631003857 -13.839999996125698 21.91
    endloop
  endfacet
  facet normal 0 -1 0
    outer loop
      vertex -74.53242368996143 -20.160000003874302 21.91
      vertex -69.46757631003857 -20.160000003874302 21.91
      vertex -69.46757631003857 -20.160000003874302 22.21
    endloop
  endfacet
  facet normal 0 0 1
    outer loop
      vertex -74.53242368996143 -20.160000003874302 22.21
      vertex -69.46757631003857 -20.160000003874302 22.21
      vertex -68.2894982919097 -19.92240969091654 22.21
    endloop
  endfacet
  facet normal 0 0 1
    outer loop
      vertex -74.53242368996143 -20.160000003874302 22.21
      vertex -68.2894982919097 -19.92240969091654 22.21
      vertex -69.47936675697565 -19.92000000178814 22.21
    endloop
  endfacet
  facet normal 0.09801714423002408 -0.9951847262880348 0
    outer loop
      vertex -69.46757631003857 -20.160000003874302 21.91
      vertex -68.88289155811071 -20.102413579821587 21.91
      vertex -68.88289155811071 -20.102413579821587 22.21
    endloop
  endfacet
  facet normal 0.09801714423002408 -0.9951847262880348 0
    outer loop
      vertex -69.46757631003857 -20.160000003874302 21.91
      vertex -68.88289155811071 -20.102413579821587 22.21
      vertex -69.46757631003857 -20.160000003874302 22.21
    endloop
  endfacet
  facet normal 0 0 1
    outer loop
      vertex -69.46757631003857 -20.160000003874302 22.21
      vertex -68.88289155811071 -20.102413579821587 22.21
      vertex -68.2894982919097 -19.92240969091654 22.21
    endloop
  endfacet
  facet normal 0.2902846913251574 -0.9569403314639101 0
    outer loop
      vertex -68.88289155811071 -20.102413579821587 21.91
      vertex -68.2894982919097 -19.92240969091654 22.21
      vertex -68.88289155811071 -20.102413579821587 22.21
    endloop
  endfacet
  facet normal 0.2902846913251574 -0.9569403314639101 0
    outer loop
      vertex -68.88289155811071 -20.102413579821587 21.91
      vertex -68.2894982919097 -19.92240969091654 21.91
      vertex -68.2894982919097 -19.92240969091654 22.21
    endloop
  endfacet
  facet normal 0 0 1
    outer loop
      vertex -69.47936675697565 -19.92000000178814 22.21
      vertex -68.2894982919097 -19.92240969091654 22.21
      vertex -68.92993979156017 -19.86588616669178 22.21
    endloop
  endfacet
  facet normal 0 0 1
    outer loop
      vertex -68.92993979156017 -19.86588616669178 22.21
      vertex -68.2894982919097 -19.92240969091654 22.21
      vertex -68.38178670406342 -19.699605740606785 22.21
    endloop
  endfacet
  facet normal 0.4713967163040423 -0.8819212753175684 0
    outer loop
      vertex -68.2894982919097 -19.92240969091654 21.91
      vertex -67.74262388050556 -19.63009924441576 22.21
      vertex -68.2894982919097 -19.92240969091654 22.21
    endloop
  endfacet
  facet normal 0 0 1
    outer loop
      vertex -68.38178670406342 -19.699605740606785 22.21
      vertex -68.2894982919097 -19.92240969091654 22.21
      vertex -67.87660589814186 -19.429580986499786 22.21
    endloop
  endfacet
  facet normal 0 0 1
    outer loop
      vertex -68.2894982919097 -19.92240969091654 22.21
      vertex -67.74262388050556 -19.63009924441576 22.21
      vertex -67.87660589814186 -19.429580986499786 22.21
    endloop
  endfacet
  facet normal 0.4713967163040423 -0.8819212753175684 0
    outer loop
      vertex -68.2894982919097 -19.92240969091654 21.91
      vertex -67.74262388050556 -19.63009924441576 21.91
      vertex -67.74262388050556 -19.63009924441576 22.21
    endloop
  endfacet
  facet normal 0.6343933048202232 -0.7730104364103215 0
    outer loop
      vertex -67.74262388050556 -19.63009924441576 21.91
      vertex -67.2632844671607 -19.2367155328393 22.21
      vertex -67.74262388050556 -19.63009924441576 22.21
    endloop
  endfacet
  facet normal 0 0 1
    outer loop
      vertex -67.74262388050556 -19.63009924441576 22.21
      vertex -67.43381122499704 -19.066188775002956 22.21
      vertex -67.87660589814186 -19.429580986499786 22.21
    endloop
  endfacet
  facet normal 0.6343933048202232 -0.7730104364103215 0
    outer loop
      vertex -67.74262388050556 -19.63009924441576 21.91
      vertex -67.2632844671607 -19.2367155328393 21.91
      vertex -67.2632844671607 -19.2367155328393 22.21
    endloop
  endfacet
  facet normal 0 0 1
    outer loop
      vertex -67.74262388050556 -19.63009924441576 22.21
      vertex -67.2632844671607 -19.2367155328393 22.21
      vertex -67.43381122499704 -19.066188775002956 22.21
    endloop
  endfacet
  facet normal 0 0 1
    outer loop
      vertex -67.2632844671607 -19.2367155328393 22.21
      vertex -67.07041901350021 -18.62339410185814 22.21
      vertex -67.43381122499704 -19.066188775002956 22.21
    endloop
  endfacet
  facet normal 0.7730104364103215 -0.6343933048202232 0
    outer loop
      vertex -67.2632844671607 -19.2367155328393 21.91
      vertex -66.86990075558424 -18.757376119494438 21.91
      vertex -66.86990075558424 -18.757376119494438 22.21
    endloop
  endfacet
  facet normal 0.7730104364103215 -0.6343933048202232 0
    outer loop
      vertex -67.2632844671607 -19.2367155328393 21.91
      vertex -66.86990075558424 -18.757376119494438 22.21
      vertex -67.2632844671607 -19.2367155328393 22.21
    endloop
  endfacet
  facet normal 0 0 1
    outer loop
      vertex -67.2632844671607 -19.2367155328393 22.21
      vertex -66.86990075558424 -18.757376119494438 22.21
      vertex -67.07041901350021 -18.62339410185814 22.21
    endloop
  endfacet
  facet normal 0 0 1
    outer loop
      vertex -66.86990075558424 -18.757376119494438 22.21
      vertex -66.80039425939322 -18.118213295936584 22.21
      vertex -67.07041901350021 -18.62339410185814 22.21
    endloop
  endfacet
  facet normal 0.8819212753175684 -0.4713967163040423 0
    outer loop
      vertex -66.86990075558424 -18.757376119494438 21.91
      vertex -66.57759030908346 -18.210501708090305 22.21
      vertex -66.86990075558424 -18.757376119494438 22.21
    endloop
  endfacet
  facet normal 0.8819212753175684 -0.4713967163040423 0
    outer loop
      vertex -66.86990075558424 -18.757376119494438 21.91
      vertex -66.57759030908346 -18.210501708090305 21.91
      vertex -66.57759030908346 -18.210501708090305 22.21
    endloop
  endfacet
  facet normal 0 0 1
    outer loop
      vertex -66.86990075558424 -18.757376119494438 22.21
      vertex -66.57759030908346 -18.210501708090305 22.21
      vertex -66.80039425939322 -18.118213295936584 22.21
    endloop
  endfacet
  facet normal 0 0 1
    outer loop
      vertex -66.80039425939322 -18.118213295936584 22.21
      vertex -66.57759030908346 -18.210501708090305 22.21
      vertex -66.63411383330822 -17.570060208439827 22.21
    endloop
  endfacet
  facet normal 0.9569403324763766 -0.2902846879875031 0
    outer loop
      vertex -66.57759030908346 -18.210501708090305 21.91
      vertex -66.39758642017841 -17.617108434438705 22.21
      vertex -66.57759030908346 -18.210501708090305 22.21
    endloop
  endfacet
  facet normal 0 0 1
    outer loop
      vertex -66.57759030908346 -18.210501708090305 22.21
      vertex -66.39758642017841 -17.617108434438705 22.21
      vertex -66.63411383330822 -17.570060208439827 22.21
    endloop
  endfacet
  facet normal 0.9569403324763766 -0.2902846879875031 0
    outer loop
      vertex -66.57759030908346 -18.210501708090305 21.91
      vertex -66.39758642017841 -17.617108434438705 21.91
      vertex -66.39758642017841 -17.617108434438705 22.21
    endloop
  endfacet
  facet normal 0 0 1
    outer loop
      vertex -66.63411383330822 -17.570060208439827 22.21
      vertex -66.39758642017841 -17.617108434438705 22.21
      vertex -66.57796780765057 -17 22.21
    endloop
  endfacet
  facet normal 0.9951847276435648 -0.09801713046709641 0
    outer loop
      vertex -66.39758642017841 -17.617108434438705 21.91
      vertex -66.33680655062199 -17 22.21
      vertex -66.39758642017841 -17.617108434438705 22.21
    endloop
  endfacet
  facet normal 0.9951847276435648 -0.09801713046709641 0
    outer loop
      vertex -66.39758642017841 -17.617108434438705 21.91
      vertex -66.33680655062199 -17 21.91
      vertex -66.33680655062199 -17 22.21
    endloop
  endfacet
  facet normal 0 0 1
    outer loop
      vertex -66.39758642017841 -17.617108434438705 22.21
      vertex -66.33680655062199 -17 22.21
      vertex -66.57796780765057 -17 22.21
    endloop
  endfacet
  facet normal 0 1 0
    outer loop
      vertex -74.53242368996143 -13.839999996125698 22.21
      vertex -69.46757631003857 -13.839999996125698 22.21
      vertex -69.46757631003857 -13.839999996125698 21.91
    endloop
  endfacet
  facet normal 0 0 1
    outer loop
      vertex -74.52063324302435 -14.07999999821186 22.21
      vertex -69.47936675697565 -14.07999999821186 22.21
      vertex -68.88289155811071 -13.897586420178413 22.21
    endloop
  endfacet
  facet normal 0 0 1
    outer loop
      vertex -74.52063324302435 -14.07999999821186 22.21
      vertex -68.88289155811071 -13.897586420178413 22.21
      vertex -69.46757631003857 -13.839999996125698 22.21
    endloop
  endfacet
  facet normal 0.09801714423002408 0.9951847262880348 0
    outer loop
      vertex -69.46757631003857 -13.839999996125698 21.91
      vertex -69.46757631003857 -13.839999996125698 22.21
      vertex -68.88289155811071 -13.897586420178413 21.91
    endloop
  endfacet
  facet normal 0.09801714423002408 0.9951847262880348 0
    outer loop
      vertex -69.46757631003857 -13.839999996125698 22.21
      vertex -68.88289155811071 -13.897586420178413 22.21
      vertex -68.88289155811071 -13.897586420178413 21.91
    endloop
  endfacet
  facet normal 0 0 1
    outer loop
      vertex -66.57796780765057 -17 22.21
      vertex -66.33680655062199 -17 22.21
      vertex -66.63411383330822 -16.429939791560173 22.21
    endloop
  endfacet
  facet normal 0.9951847276435648 0.09801713046709641 0
    outer loop
      vertex -66.33680655062199 -17 21.91
      vertex -66.39758642017841 -16.382891565561295 22.21
      vertex -66.33680655062199 -17 22.21
    endloop
  endfacet
  facet normal 0.9951847276435648 0.09801713046709641 0
    outer loop
      vertex -66.33680655062199 -17 21.91
      vertex -66.39758642017841 -16.382891565561295 21.91
      vertex -66.39758642017841 -16.382891565561295 22.21
    endloop
  endfacet
  facet normal 0 0 1
    outer loop
      vertex -66.33680655062199 -17 22.21
      vertex -66.39758642017841 -16.382891565561295 22.21
      vertex -66.63411383330822 -16.429939791560173 22.21
    endloop
  endfacet
  facet normal 0 0 1
    outer loop
      vertex -66.63411383330822 -16.429939791560173 22.21
      vertex -66.39758642017841 -16.382891565561295 22.21
      vertex -66.80039425939322 -15.881786704063416 22.21
    endloop
  endfacet
  facet normal 0.9569403324763766 0.2902846879875031 0
    outer loop
      vertex -66.39758642017841 -16.382891565561295 21.91
      vertex -66.57759030908346 -15.789498291909695 22.21
      vertex -66.39758642017841 -16.382891565561295 22.21
    endloop
  endfacet
  facet normal 0 0 1
    outer loop
      vertex -67.07041901350021 -15.376605898141861 22.21
      vertex -66.57759030908346 -15.789498291909695 22.21
      vertex -66.86990075558424 -15.242623880505562 22.21
    endloop
  endfacet
  facet normal 0.9569403324763766 0.2902846879875031 0
    outer loop
      vertex -66.39758642017841 -16.382891565561295 21.91
      vertex -66.57759030908346 -15.789498291909695 21.91
      vertex -66.57759030908346 -15.789498291909695 22.21
    endloop
  endfacet
  facet normal 0 0 1
    outer loop
      vertex -66.39758642017841 -16.382891565561295 22.21
      vertex -66.57759030908346 -15.789498291909695 22.21
      vertex -66.80039425939322 -15.881786704063416 22.21
    endloop
  endfacet
  facet normal 0 0 1
    outer loop
      vertex -67.07041901350021 -15.376605898141861 22.21
      vertex -66.80039425939322 -15.881786704063416 22.21
      vertex -66.57759030908346 -15.789498291909695 22.21
    endloop
  endfacet
  facet normal 0.8819212753175684 0.4713967163040423 0
    outer loop
      vertex -66.57759030908346 -15.789498291909695 21.91
      vertex -66.86990075558424 -15.242623880505562 22.21
      vertex -66.57759030908346 -15.789498291909695 22.21
    endloop
  endfacet
  facet normal 0.8819212753175684 0.4713967163040423 0
    outer loop
      vertex -66.57759030908346 -15.789498291909695 21.91
      vertex -66.86990075558424 -15.242623880505562 21.91
      vertex -66.86990075558424 -15.242623880505562 22.21
    endloop
  endfacet
  facet normal 0.6343933048202232 0.7730104364103215 0
    outer loop
      vertex -67.74262388050556 -14.36990075558424 21.91
      vertex -67.74262388050556 -14.36990075558424 22.21
      vertex -67.2632844671607 -14.763284467160702 21.91
    endloop
  endfacet
  facet normal 0 0 1
    outer loop
      vertex -67.87660589814186 -14.570419013500214 22.21
      vertex -67.2632844671607 -14.763284467160702 22.21
      vertex -67.74262388050556 -14.36990075558424 22.21
    endloop
  endfacet
  facet normal 0 0 1
    outer loop
      vertex -69.47936675697565 -14.07999999821186 22.21
      vertex -68.92993979156017 -14.13411383330822 22.21
      vertex -68.2894982919097 -14.077590309083462 22.21
    endloop
  endfacet
  facet normal 0 0 1
    outer loop
      vertex -68.92993979156017 -14.13411383330822 22.21
      vertex -68.38178670406342 -14.300394259393215 22.21
      vertex -68.2894982919097 -14.077590309083462 22.21
    endloop
  endfacet
  facet normal 0.2902846913251574 0.9569403314639101 0
    outer loop
      vertex -68.88289155811071 -13.897586420178413 21.91
      vertex -68.88289155811071 -13.897586420178413 22.21
      vertex -68.2894982919097 -14.077590309083462 21.91
    endloop
  endfacet
  facet normal 0 0 1
    outer loop
      vertex -69.47936675697565 -14.07999999821186 22.21
      vertex -68.2894982919097 -14.077590309083462 22.21
      vertex -68.88289155811071 -13.897586420178413 22.21
    endloop
  endfacet
  facet normal 0.2902846913251574 0.9569403314639101 0
    outer loop
      vertex -68.2894982919097 -14.077590309083462 21.91
      vertex -68.88289155811071 -13.897586420178413 22.21
      vertex -68.2894982919097 -14.077590309083462 22.21
    endloop
  endfacet
  facet normal 0 0 1
    outer loop
      vertex -68.38178670406342 -14.300394259393215 22.21
      vertex -67.74262388050556 -14.36990075558424 22.21
      vertex -68.2894982919097 -14.077590309083462 22.21
    endloop
  endfacet
  facet normal 0 0 1
    outer loop
      vertex -67.87660589814186 -14.570419013500214 22.21
      vertex -67.74262388050556 -14.36990075558424 22.21
      vertex -68.38178670406342 -14.300394259393215 22.21
    endloop
  endfacet
  facet normal 0.4713967163040423 0.8819212753175684 0
    outer loop
      vertex -68.2894982919097 -14.077590309083462 21.91
      vertex -68.2894982919097 -14.077590309083462 22.21
      vertex -67.74262388050556 -14.36990075558424 21.91
    endloop
  endfacet
  facet normal 0.4713967163040423 0.8819212753175684 0
    outer loop
      vertex -67.74262388050556 -14.36990075558424 21.91
      vertex -68.2894982919097 -14.077590309083462 22.21
      vertex -67.74262388050556 -14.36990075558424 22.21
    endloop
  endfacet
  facet normal 0 0 1
    outer loop
      vertex -67.07041901350021 -15.376605898141861 22.21
      vertex -66.86990075558424 -15.242623880505562 22.21
      vertex -67.43381122499704 -14.933811224997044 22.21
    endloop
  endfacet
  facet normal 0.7730104364103215 0.6343933048202232 0
    outer loop
      vertex -66.86990075558424 -15.242623880505562 21.91
      vertex -67.2632844671607 -14.763284467160702 21.91
      vertex -67.2632844671607 -14.763284467160702 22.21
    endloop
  endfacet
  facet normal 0 0 1
    outer loop
      vertex -67.43381122499704 -14.933811224997044 22.21
      vertex -66.86990075558424 -15.242623880505562 22.21
      vertex -67.2632844671607 -14.763284467160702 22.21
    endloop
  endfacet
  facet normal 0.7730104364103215 0.6343933048202232 0
    outer loop
      vertex -66.86990075558424 -15.242623880505562 21.91
      vertex -67.2632844671607 -14.763284467160702 22.21
      vertex -66.86990075558424 -15.242623880505562 22.21
    endloop
  endfacet
  facet normal 0 0 1
    outer loop
      vertex -67.87660589814186 -14.570419013500214 22.21
      vertex -67.43381122499704 -14.933811224997044 22.21
      vertex -67.2632844671607 -14.763284467160702 22.21
    endloop
  endfacet
  facet normal 0.6343933048202232 0.7730104364103215 0
    outer loop
      vertex -67.2632844671607 -14.763284467160702 21.91
      vertex -67.74262388050556 -14.36990075558424 22.21
      vertex -67.2632844671607 -14.763284467160702 22.21
    endloop
  endfacet
  facet normal -0.7730104409021581 -0.6343932993469045 0
    outer loop
      vertex -76.56618877500296 -19.066188775002956 22.21
      vertex -76.92958098649979 -18.62339410185814 22.51
      vertex -76.92958098649979 -18.62339410185814 22.21
    endloop
  endfacet
  facet normal -0.7730104409021581 -0.6343932993469045 0
    outer loop
      vertex -76.56618877500296 -19.066188775002956 22.21
      vertex -76.56618877500296 -19.066188775002956 22.51
      vertex -76.92958098649979 -18.62339410185814 22.51
    endloop
  endfacet
  facet normal 0 0 1
    outer loop
      vertex -76.56618877500296 -19.066188775002956 22.51
      vertex -76.72906272858381 -18.48941209167242 22.51
      vertex -76.92958098649979 -18.62339410185814 22.51
    endloop
  endfacet
  facet normal 0 0 1
    outer loop
      vertex -76.56618877500296 -19.066188775002956 22.51
      vertex -76.39566201716661 -18.895662017166615 22.51
      vertex -76.72906272858381 -18.48941209167242 22.51
    endloop
  endfacet
  facet normal -0.47139672008858546 -0.881921273294688 0
    outer loop
      vertex -75.61821329593658 -19.699605740606785 22.21
      vertex -75.61821329593658 -19.699605740606785 22.51
      vertex -76.12339410185814 -19.429580986499786 22.51
    endloop
  endfacet
  facet normal -0.29028468506182276 -0.956940333363872 0
    outer loop
      vertex -75.61821329593658 -19.699605740606785 22.21
      vertex -75.07006020843983 -19.86588616669178 22.21
      vertex -75.61821329593658 -19.699605740606785 22.51
    endloop
  endfacet
  facet normal 0 0 1
    outer loop
      vertex -75.61821329593658 -19.699605740606785 22.51
      vertex -75.02301198244095 -19.629358753561974 22.51
      vertex -75.52592487633228 -19.47680179029703 22.51
    endloop
  endfacet
  facet normal -0.29028468506182276 -0.956940333363872 0
    outer loop
      vertex -75.61821329593658 -19.699605740606785 22.51
      vertex -75.07006020843983 -19.86588616669178 22.21
      vertex -75.07006020843983 -19.86588616669178 22.51
    endloop
  endfacet
  facet normal 0 0 1
    outer loop
      vertex -75.61821329593658 -19.699605740606785 22.51
      vertex -75.07006020843983 -19.86588616669178 22.51
      vertex -75.02301198244095 -19.629358753561974 22.51
    endloop
  endfacet
  facet normal -0.6343932993469045 -0.7730104409021581 0
    outer loop
      vertex -76.56618877500296 -19.066188775002956 22.51
      vertex -76.12339410185814 -19.429580986499786 22.21
      vertex -76.12339410185814 -19.429580986499786 22.51
    endloop
  endfacet
  facet normal -0.6343932993469045 -0.7730104409021581 0
    outer loop
      vertex -76.56618877500296 -19.066188775002956 22.21
      vertex -76.12339410185814 -19.429580986499786 22.21
      vertex -76.56618877500296 -19.066188775002956 22.51
    endloop
  endfacet
  facet normal 0 0 1
    outer loop
      vertex -76.56618877500296 -19.066188775002956 22.51
      vertex -76.12339410185814 -19.429580986499786 22.51
      vertex -76.39566201716661 -18.895662017166615 22.51
    endloop
  endfacet
  facet normal 0 0 1
    outer loop
      vertex -76.12339410185814 -19.429580986499786 22.51
      vertex -75.98941209167242 -19.229062728583813 22.51
      vertex -76.39566201716661 -18.895662017166615 22.51
    endloop
  endfacet
  facet normal -0.47139672008858546 -0.881921273294688 0
    outer loop
      vertex -75.61821329593658 -19.699605740606785 22.21
      vertex -76.12339410185814 -19.429580986499786 22.51
      vertex -76.12339410185814 -19.429580986499786 22.21
    endloop
  endfacet
  facet normal 0 0 1
    outer loop
      vertex -75.61821329593658 -19.699605740606785 22.51
      vertex -75.98941209167242 -19.229062728583813 22.51
      vertex -76.12339410185814 -19.429580986499786 22.51
    endloop
  endfacet
  facet normal 0 0 1
    outer loop
      vertex -75.61821329593658 -19.699605740606785 22.51
      vertex -75.52592487633228 -19.47680179029703 22.51
      vertex -75.98941209167242 -19.229062728583813 22.51
    endloop
  endfacet
  facet normal -0.956940333363872 -0.29028468506182276 0
    outer loop
      vertex -77.19960574060678 -18.118213295936584 22.21
      vertex -77.19960574060678 -18.118213295936584 22.51
      vertex -77.36588616669178 -17.570060208439827 22.51
    endloop
  endfacet
  facet normal -0.881921273294688 -0.47139672008858546 0
    outer loop
      vertex -77.19960574060678 -18.118213295936584 22.51
      vertex -76.92958098649979 -18.62339410185814 22.21
      vertex -76.92958098649979 -18.62339410185814 22.51
    endloop
  endfacet
  facet normal -0.881921273294688 -0.47139672008858546 0
    outer loop
      vertex -77.19960574060678 -18.118213295936584 22.21
      vertex -76.92958098649979 -18.62339410185814 22.21
      vertex -77.19960574060678 -18.118213295936584 22.51
    endloop
  endfacet
  facet normal 0 0 1
    outer loop
      vertex -76.92958098649979 -18.62339410185814 22.51
      vertex -76.72906272858381 -18.48941209167242 22.51
      vertex -76.97680179029703 -18.025924876332283 22.51
    endloop
  endfacet
  facet normal 0 0 1
    outer loop
      vertex -77.19960574060678 -18.118213295936584 22.51
      vertex -76.92958098649979 -18.62339410185814 22.51
      vertex -76.97680179029703 -18.025924876332283 22.51
    endloop
  endfacet
  facet normal 0 0 1
    outer loop
      vertex -77.19960574060678 -18.118213295936584 22.51
      vertex -76.97680179029703 -18.025924876332283 22.51
      vertex -77.12935876101255 -17.52301198244095 22.51
    endloop
  endfacet
  facet normal -0.956940333363872 -0.29028468506182276 0
    outer loop
      vertex -77.19960574060678 -18.118213295936584 22.21
      vertex -77.36588616669178 -17.570060208439827 22.51
      vertex -77.36588616669178 -17.570060208439827 22.21
    endloop
  endfacet
  facet normal 0 0 1
    outer loop
      vertex -77.19960574060678 -18.118213295936584 22.51
      vertex -77.12935876101255 -17.52301198244095 22.51
      vertex -77.36588616669178 -17.570060208439827 22.51
    endloop
  endfacet
  facet normal -0.9951847273992769 -0.09801713294739287 0
    outer loop
      vertex -77.36588616669178 -17.570060208439827 22.21
      vertex -77.36588616669178 -17.570060208439827 22.51
      vertex -77.42203219234943 -17 22.51
    endloop
  endfacet
  facet normal 0 0 1
    outer loop
      vertex -77.36588616669178 -17.570060208439827 22.51
      vertex -77.12935876101255 -17.52301198244095 22.51
      vertex -77.18087093532085 -17 22.51
    endloop
  endfacet
  facet normal -0.9951847273992769 -0.09801713294739287 0
    outer loop
      vertex -77.36588616669178 -17.570060208439827 22.21
      vertex -77.42203219234943 -17 22.51
      vertex -77.42203219234943 -17 22.21
    endloop
  endfacet
  facet normal 0 0 1
    outer loop
      vertex -77.36588616669178 -17.570060208439827 22.51
      vertex -77.18087093532085 -17 22.51
      vertex -77.42203219234943 -17 22.51
    endloop
  endfacet
  facet normal -0.09801714433055968 -0.9951847262781329 0
    outer loop
      vertex -75.07006020843983 -19.86588616669178 22.21
      vertex -74.52063324302435 -19.92000000178814 22.21
      vertex -75.07006020843983 -19.86588616669178 22.51
    endloop
  endfacet
  facet normal -0.09801714433055968 -0.9951847262781329 0
    outer loop
      vertex -75.07006020843983 -19.86588616669178 22.51
      vertex -74.52063324302435 -19.92000000178814 22.21
      vertex -74.52063324302435 -19.92000000178814 22.51
    endloop
  endfacet
  facet normal 0 0 1
    outer loop
      vertex -75.07006020843983 -19.86588616669178 22.51
      vertex -74.52063324302435 -19.92000000178814 22.51
      vertex -74.50884279608727 -19.679999999701977 22.51
    endloop
  endfacet
  facet normal 0 0 1
    outer loop
      vertex -75.07006020843983 -19.86588616669178 22.51
      vertex -74.50884279608727 -19.679999999701977 22.51
      vertex -75.02301198244095 -19.629358753561974 22.51
    endloop
  endfacet
  facet normal 0 -1 0
    outer loop
      vertex -74.52063324302435 -19.92000000178814 22.21
      vertex -69.47936675697565 -19.92000000178814 22.21
      vertex -74.52063324302435 -19.92000000178814 22.51
    endloop
  endfacet
  facet normal 0 0 1
    outer loop
      vertex -74.52063324302435 -19.92000000178814 22.51
      vertex -69.49115720391273 -19.679999999701977 22.51
      vertex -74.50884279608727 -19.679999999701977 22.51
    endloop
  endfacet
  facet normal -0.9951847273992769 0.09801713294739287 0
    outer loop
      vertex -77.42203219234943 -17 22.21
      vertex -77.42203219234943 -17 22.51
      vertex -77.36588616669178 -16.429939791560173 22.51
    endloop
  endfacet
  facet normal 0 0 1
    outer loop
      vertex -77.42203219234943 -17 22.51
      vertex -77.18087093532085 -17 22.51
      vertex -77.12935876101255 -16.47698801755905 22.51
    endloop
  endfacet
  facet normal -0.9951847273992769 0.09801713294739287 0
    outer loop
      vertex -77.42203219234943 -17 22.21
      vertex -77.36588616669178 -16.429939791560173 22.51
      vertex -77.36588616669178 -16.429939791560173 22.21
    endloop
  endfacet
  facet normal 0 0 1
    outer loop
      vertex -77.42203219234943 -17 22.51
      vertex -77.12935876101255 -16.47698801755905 22.51
      vertex -77.36588616669178 -16.429939791560173 22.51
    endloop
  endfacet
  facet normal -0.956940333363872 0.29028468506182276 0
    outer loop
      vertex -77.36588616669178 -16.429939791560173 22.21
      vertex -77.36588616669178 -16.429939791560173 22.51
      vertex -77.19960574060678 -15.881786704063416 22.51
    endloop
  endfacet
  facet normal 0 0 1
    outer loop
      vertex -77.36588616669178 -16.429939791560173 22.51
      vertex -77.12935876101255 -16.47698801755905 22.51
      vertex -76.97680179029703 -15.974075123667717 22.51
    endloop
  endfacet
  facet normal -0.956940333363872 0.29028468506182276 0
    outer loop
      vertex -77.36588616669178 -16.429939791560173 22.21
      vertex -77.19960574060678 -15.881786704063416 22.51
      vertex -77.19960574060678 -15.881786704063416 22.21
    endloop
  endfacet
  facet normal 0 0 1
    outer loop
      vertex -77.36588616669178 -16.429939791560173 22.51
      vertex -76.97680179029703 -15.974075123667717 22.51
      vertex -77.19960574060678 -15.881786704063416 22.51
    endloop
  endfacet
  facet normal 0 0 1
    outer loop
      vertex -77.19960574060678 -15.881786704063416 22.51
      vertex -76.97680179029703 -15.974075123667717 22.51
      vertex -76.72906272858381 -15.51058790832758 22.51
    endloop
  endfacet
  facet normal -0.881921273294688 0.47139672008858546 0
    outer loop
      vertex -77.19960574060678 -15.881786704063416 22.21
      vertex -77.19960574060678 -15.881786704063416 22.51
      vertex -76.92958098649979 -15.376605898141861 22.51
    endloop
  endfacet
  facet normal -0.881921273294688 0.47139672008858546 0
    outer loop
      vertex -77.19960574060678 -15.881786704063416 22.21
      vertex -76.92958098649979 -15.376605898141861 22.51
      vertex -76.92958098649979 -15.376605898141861 22.21
    endloop
  endfacet
  facet normal 0 0 1
    outer loop
      vertex -77.19960574060678 -15.881786704063416 22.51
      vertex -76.72906272858381 -15.51058790832758 22.51
      vertex -76.92958098649979 -15.376605898141861 22.51
    endloop
  endfacet
  facet normal 0 0 1
    outer loop
      vertex -76.92958098649979 -15.376605898141861 22.51
      vertex -76.72906272858381 -15.51058790832758 22.51
      vertex -76.39566201716661 -15.104337982833385 22.51
    endloop
  endfacet
  facet normal -0.7730104409021581 0.6343932993469045 0
    outer loop
      vertex -76.92958098649979 -15.376605898141861 22.21
      vertex -76.92958098649979 -15.376605898141861 22.51
      vertex -76.56618877500296 -14.933811224997044 22.51
    endloop
  endfacet
  facet normal 0 0 1
    outer loop
      vertex -76.92958098649979 -15.376605898141861 22.51
      vertex -76.39566201716661 -15.104337982833385 22.51
      vertex -76.56618877500296 -14.933811224997044 22.51
    endloop
  endfacet
  facet normal -0.7730104409021581 0.6343932993469045 0
    outer loop
      vertex -76.92958098649979 -15.376605898141861 22.21
      vertex -76.56618877500296 -14.933811224997044 22.51
      vertex -76.56618877500296 -14.933811224997044 22.21
    endloop
  endfacet
  facet normal 0 0 1
    outer loop
      vertex -76.56618877500296 -14.933811224997044 22.51
      vertex -76.39566201716661 -15.104337982833385 22.51
      vertex -75.98941209167242 -14.770937271416187 22.51
    endloop
  endfacet
  facet normal -0.6343932993469045 0.7730104409021581 0
    outer loop
      vertex -76.56618877500296 -14.933811224997044 22.21
      vertex -76.56618877500296 -14.933811224997044 22.51
      vertex -76.12339410185814 -14.570419013500214 22.51
    endloop
  endfacet
  facet normal -0.6343932993469045 0.7730104409021581 0
    outer loop
      vertex -76.56618877500296 -14.933811224997044 22.21
      vertex -76.12339410185814 -14.570419013500214 22.51
      vertex -76.12339410185814 -14.570419013500214 22.21
    endloop
  endfacet
  facet normal 0 0 1
    outer loop
      vertex -76.56618877500296 -14.933811224997044 22.51
      vertex -75.98941209167242 -14.770937271416187 22.51
      vertex -76.12339410185814 -14.570419013500214 22.51
    endloop
  endfacet
  facet normal -0.47139672008858546 0.881921273294688 0
    outer loop
      vertex -76.12339410185814 -14.570419013500214 22.21
      vertex -76.12339410185814 -14.570419013500214 22.51
      vertex -75.61821329593658 -14.300394259393215 22.51
    endloop
  endfacet
  facet normal 0 0 1
    outer loop
      vertex -76.12339410185814 -14.570419013500214 22.51
      vertex -75.98941209167242 -14.770937271416187 22.51
      vertex -75.52592487633228 -14.523198209702969 22.51
    endloop
  endfacet
  facet normal 0 0 1
    outer loop
      vertex -76.12339410185814 -14.570419013500214 22.51
      vertex -75.52592487633228 -14.523198209702969 22.51
      vertex -75.61821329593658 -14.300394259393215 22.51
    endloop
  endfacet
  facet normal -0.47139672008858546 0.881921273294688 0
    outer loop
      vertex -76.12339410185814 -14.570419013500214 22.21
      vertex -75.61821329593658 -14.300394259393215 22.51
      vertex -75.61821329593658 -14.300394259393215 22.21
    endloop
  endfacet
  facet normal -0.29028468506182276 0.956940333363872 0
    outer loop
      vertex -75.61821329593658 -14.300394259393215 22.21
      vertex -75.61821329593658 -14.300394259393215 22.51
      vertex -75.07006020843983 -14.13411383330822 22.51
    endloop
  endfacet
  facet normal 0 0 1
    outer loop
      vertex -75.52592487633228 -14.523198209702969 22.51
      vertex -75.02301198244095 -14.370641246438026 22.51
      vertex -75.61821329593658 -14.300394259393215 22.51
    endloop
  endfacet
  facet normal 0 0 1
    outer loop
      vertex -75.61821329593658 -14.300394259393215 22.51
      vertex -75.02301198244095 -14.370641246438026 22.51
      vertex -74.50884279608727 -14.320000000298023 22.51
    endloop
  endfacet
  facet normal -0.29028468506182276 0.956940333363872 0
    outer loop
      vertex -75.61821329593658 -14.300394259393215 22.21
      vertex -75.07006020843983 -14.13411383330822 22.51
      vertex -75.07006020843983 -14.13411383330822 22.21
    endloop
  endfacet
  facet normal 0 0 1
    outer loop
      vertex -75.61821329593658 -14.300394259393215 22.51
      vertex -74.52063324302435 -14.07999999821186 22.51
      vertex -75.07006020843983 -14.13411383330822 22.51
    endloop
  endfacet
  facet normal -0.09801714433055968 0.9951847262781329 0
    outer loop
      vertex -75.07006020843983 -14.13411383330822 22.21
      vertex -75.07006020843983 -14.13411383330822 22.51
      vertex -74.52063324302435 -14.07999999821186 22.51
    endloop
  endfacet
  facet normal -0.09801714433055968 0.9951847262781329 0
    outer loop
      vertex -75.07006020843983 -14.13411383330822 22.21
      vertex -74.52063324302435 -14.07999999821186 22.51
      vertex -74.52063324302435 -14.07999999821186 22.21
    endloop
  endfacet
  facet normal 0 0 1
    outer loop
      vertex -75.61821329593658 -14.300394259393215 22.51
      vertex -74.50884279608727 -14.320000000298023 22.51
      vertex -69.47936675697565 -14.07999999821186 22.51
    endloop
  endfacet
  facet normal 0 0 1
    outer loop
      vertex -75.61821329593658 -14.300394259393215 22.51
      vertex -69.47936675697565 -14.07999999821186 22.51
      vertex -74.52063324302435 -14.07999999821186 22.51
    endloop
  endfacet
  facet normal 0 1 0
    outer loop
      vertex -74.52063324302435 -14.07999999821186 22.21
      vertex -74.52063324302435 -14.07999999821186 22.51
      vertex -69.47936675697565 -14.07999999821186 22.51
    endloop
  endfacet
  facet normal 0 -1 0
    outer loop
      vertex -74.52063324302435 -19.92000000178814 22.51
      vertex -69.47936675697565 -19.92000000178814 22.21
      vertex -69.47936675697565 -19.92000000178814 22.51
    endloop
  endfacet
  facet normal 0 0 1
    outer loop
      vertex -74.52063324302435 -19.92000000178814 22.51
      vertex -69.47936675697565 -19.92000000178814 22.51
      vertex -68.38178670406342 -19.699605740606785 22.51
    endloop
  endfacet
  facet normal 0 0 1
    outer loop
      vertex -74.52063324302435 -19.92000000178814 22.51
      vertex -68.38178670406342 -19.699605740606785 22.51
      vertex -69.49115720391273 -19.679999999701977 22.51
    endloop
  endfacet
  facet normal 0.09801714433055968 -0.9951847262781329 0
    outer loop
      vertex -69.47936675697565 -19.92000000178814 22.21
      vertex -68.92993979156017 -19.86588616669178 22.21
      vertex -69.47936675697565 -19.92000000178814 22.51
    endloop
  endfacet
  facet normal 0.09801714433055968 -0.9951847262781329 0
    outer loop
      vertex -69.47936675697565 -19.92000000178814 22.51
      vertex -68.92993979156017 -19.86588616669178 22.21
      vertex -68.92993979156017 -19.86588616669178 22.51
    endloop
  endfacet
  facet normal 0.29028468506182276 -0.956940333363872 0
    outer loop
      vertex -68.92993979156017 -19.86588616669178 22.21
      vertex -68.38178670406342 -19.699605740606785 22.21
      vertex -68.92993979156017 -19.86588616669178 22.51
    endloop
  endfacet
  facet normal 0 0 1
    outer loop
      vertex -69.47936675697565 -19.92000000178814 22.51
      vertex -68.92993979156017 -19.86588616669178 22.51
      vertex -68.38178670406342 -19.699605740606785 22.51
    endloop
  endfacet
  facet normal 0 0 1
    outer loop
      vertex -69.49115720391273 -19.679999999701977 22.51
      vertex -68.38178670406342 -19.699605740606785 22.51
      vertex -68.97698801755905 -19.629358753561974 22.51
    endloop
  endfacet
  facet normal 0.29028468506182276 -0.956940333363872 0
    outer loop
      vertex -68.92993979156017 -19.86588616669178 22.51
      vertex -68.38178670406342 -19.699605740606785 22.21
      vertex -68.38178670406342 -19.699605740606785 22.51
    endloop
  endfacet
  facet normal 0 0 1
    outer loop
      vertex -68.97698801755905 -19.629358753561974 22.51
      vertex -68.38178670406342 -19.699605740606785 22.51
      vertex -68.47407512366772 -19.47680179029703 22.51
    endloop
  endfacet
  facet normal 0.47139672008858546 -0.881921273294688 0
    outer loop
      vertex -68.38178670406342 -19.699605740606785 22.21
      vertex -67.87660589814186 -19.429580986499786 22.21
      vertex -68.38178670406342 -19.699605740606785 22.51
    endloop
  endfacet
  facet normal 0.47139672008858546 -0.881921273294688 0
    outer loop
      vertex -68.38178670406342 -19.699605740606785 22.51
      vertex -67.87660589814186 -19.429580986499786 22.21
      vertex -67.87660589814186 -19.429580986499786 22.51
    endloop
  endfacet
  facet normal 0 0 1
    outer loop
      vertex -68.38178670406342 -19.699605740606785 22.51
      vertex -67.87660589814186 -19.429580986499786 22.51
      vertex -68.47407512366772 -19.47680179029703 22.51
    endloop
  endfacet
  facet normal 0 0 1
    outer loop
      vertex -68.47407512366772 -19.47680179029703 22.51
      vertex -67.87660589814186 -19.429580986499786 22.51
      vertex -68.01058790832758 -19.229062728583813 22.51
    endloop
  endfacet
  facet normal 0.6343932993469045 -0.7730104409021581 0
    outer loop
      vertex -67.87660589814186 -19.429580986499786 22.21
      vertex -67.43381122499704 -19.066188775002956 22.21
      vertex -67.87660589814186 -19.429580986499786 22.51
    endloop
  endfacet
  facet normal 0.6343932993469045 -0.7730104409021581 0
    outer loop
      vertex -67.87660589814186 -19.429580986499786 22.51
      vertex -67.43381122499704 -19.066188775002956 22.21
      vertex -67.43381122499704 -19.066188775002956 22.51
    endloop
  endfacet
  facet normal 0 0 1
    outer loop
      vertex -68.01058790832758 -19.229062728583813 22.51
      vertex -67.87660589814186 -19.429580986499786 22.51
      vertex -67.43381122499704 -19.066188775002956 22.51
    endloop
  endfacet
  facet normal 0 0 1
    outer loop
      vertex -68.01058790832758 -19.229062728583813 22.51
      vertex -67.43381122499704 -19.066188775002956 22.51
      vertex -67.60433798283339 -18.895662017166615 22.51
    endloop
  endfacet
  facet normal 0.7730104409021581 -0.6343932993469045 0
    outer loop
      vertex -67.43381122499704 -19.066188775002956 22.21
      vertex -67.07041901350021 -18.62339410185814 22.21
      vertex -67.43381122499704 -19.066188775002956 22.51
    endloop
  endfacet
  facet normal 0 0 1
    outer loop
      vertex -67.60433798283339 -18.895662017166615 22.51
      vertex -67.43381122499704 -19.066188775002956 22.51
      vertex -67.07041901350021 -18.62339410185814 22.51
    endloop
  endfacet
  facet normal 0.7730104409021581 -0.6343932993469045 0
    outer loop
      vertex -67.43381122499704 -19.066188775002956 22.51
      vertex -67.07041901350021 -18.62339410185814 22.21
      vertex -67.07041901350021 -18.62339410185814 22.51
    endloop
  endfacet
  facet normal 0 0 1
    outer loop
      vertex -67.60433798283339 -18.895662017166615 22.51
      vertex -67.07041901350021 -18.62339410185814 22.51
      vertex -67.27093727141619 -18.48941209167242 22.51
    endloop
  endfacet
  facet normal 0.881921273294688 -0.47139672008858546 0
    outer loop
      vertex -67.07041901350021 -18.62339410185814 22.21
      vertex -66.80039425939322 -18.118213295936584 22.21
      vertex -67.07041901350021 -18.62339410185814 22.51
    endloop
  endfacet
  facet normal 0.881921273294688 -0.47139672008858546 0
    outer loop
      vertex -67.07041901350021 -18.62339410185814 22.51
      vertex -66.80039425939322 -18.118213295936584 22.21
      vertex -66.80039425939322 -18.118213295936584 22.51
    endloop
  endfacet
  facet normal 0 0 1
    outer loop
      vertex -67.27093727141619 -18.48941209167242 22.51
      vertex -67.07041901350021 -18.62339410185814 22.51
      vertex -66.80039425939322 -18.118213295936584 22.51
    endloop
  endfacet
  facet normal 0 0 1
    outer loop
      vertex -67.27093727141619 -18.48941209167242 22.51
      vertex -66.80039425939322 -18.118213295936584 22.51
      vertex -67.02319820970297 -18.025924876332283 22.51
    endloop
  endfacet
  facet normal 0.956940333363872 -0.29028468506182276 0
    outer loop
      vertex -66.80039425939322 -18.118213295936584 22.21
      vertex -66.63411383330822 -17.570060208439827 22.21
      vertex -66.80039425939322 -18.118213295936584 22.51
    endloop
  endfacet
  facet normal 0 0 1
    outer loop
      vertex -67.02319820970297 -18.025924876332283 22.51
      vertex -66.80039425939322 -18.118213295936584 22.51
      vertex -66.63411383330822 -17.570060208439827 22.51
    endloop
  endfacet
  facet normal 0 0 1
    outer loop
      vertex -67.02319820970297 -18.025924876332283 22.51
      vertex -66.63411383330822 -17.570060208439827 22.51
      vertex -66.87064123898745 -17.52301198244095 22.51
    endloop
  endfacet
  facet normal 0.956940333363872 -0.29028468506182276 0
    outer loop
      vertex -66.80039425939322 -18.118213295936584 22.51
      vertex -66.63411383330822 -17.570060208439827 22.21
      vertex -66.63411383330822 -17.570060208439827 22.51
    endloop
  endfacet
  facet normal 0.9951847273992769 -0.09801713294739287 0
    outer loop
      vertex -66.63411383330822 -17.570060208439827 22.21
      vertex -66.57796780765057 -17 22.21
      vertex -66.63411383330822 -17.570060208439827 22.51
    endloop
  endfacet
  facet normal 0 0 1
    outer loop
      vertex -66.87064123898745 -17.52301198244095 22.51
      vertex -66.63411383330822 -17.570060208439827 22.51
      vertex -66.57796780765057 -17 22.51
    endloop
  endfacet
  facet normal 0.9951847273992769 -0.09801713294739287 0
    outer loop
      vertex -66.63411383330822 -17.570060208439827 22.51
      vertex -66.57796780765057 -17 22.21
      vertex -66.57796780765057 -17 22.51
    endloop
  endfacet
  facet normal 0 0 1
    outer loop
      vertex -66.87064123898745 -17.52301198244095 22.51
      vertex -66.57796780765057 -17 22.51
      vertex -66.81912906467915 -17 22.51
    endloop
  endfacet
  facet normal 0 0 1
    outer loop
      vertex -74.50884279608727 -14.320000000298023 22.51
      vertex -69.49115720391273 -14.320000000298023 22.51
      vertex -69.47936675697565 -14.07999999821186 22.51
    endloop
  endfacet
  facet normal 0 1 0
    outer loop
      vertex -74.52063324302435 -14.07999999821186 22.21
      vertex -69.47936675697565 -14.07999999821186 22.51
      vertex -69.47936675697565 -14.07999999821186 22.21
    endloop
  endfacet
  facet normal 0 0 1
    outer loop
      vertex -69.49115720391273 -14.320000000298023 22.51
      vertex -68.97698801755905 -14.370641246438026 22.51
      vertex -68.92993979156017 -14.13411383330822 22.51
    endloop
  endfacet
  facet normal 0.09801714433055968 0.9951847262781329 0
    outer loop
      vertex -69.47936675697565 -14.07999999821186 22.21
      vertex -69.47936675697565 -14.07999999821186 22.51
      vertex -68.92993979156017 -14.13411383330822 22.51
    endloop
  endfacet
  facet normal 0.09801714433055968 0.9951847262781329 0
    outer loop
      vertex -69.47936675697565 -14.07999999821186 22.21
      vertex -68.92993979156017 -14.13411383330822 22.51
      vertex -68.92993979156017 -14.13411383330822 22.21
    endloop
  endfacet
  facet normal 0 0 1
    outer loop
      vertex -69.49115720391273 -14.320000000298023 22.51
      vertex -68.92993979156017 -14.13411383330822 22.51
      vertex -69.47936675697565 -14.07999999821186 22.51
    endloop
  endfacet
  facet normal 0.9951847273992769 0.09801713294739287 0
    outer loop
      vertex -66.57796780765057 -17 22.21
      vertex -66.63411383330822 -16.429939791560173 22.21
      vertex -66.57796780765057 -17 22.51
    endloop
  endfacet
  facet normal 0 0 1
    outer loop
      vertex -66.81912906467915 -17 22.51
      vertex -66.57796780765057 -17 22.51
      vertex -66.63411383330822 -16.429939791560173 22.51
    endloop
  endfacet
  facet normal 0.9951847273992769 0.09801713294739287 0
    outer loop
      vertex -66.57796780765057 -17 22.51
      vertex -66.63411383330822 -16.429939791560173 22.21
      vertex -66.63411383330822 -16.429939791560173 22.51
    endloop
  endfacet
  facet normal 0 0 1
    outer loop
      vertex -66.87064123898745 -16.47698801755905 22.51
      vertex -66.81912906467915 -17 22.51
      vertex -66.63411383330822 -16.429939791560173 22.51
    endloop
  endfacet
  facet normal 0.956940333363872 0.29028468506182276 0
    outer loop
      vertex -66.63411383330822 -16.429939791560173 22.21
      vertex -66.80039425939322 -15.881786704063416 22.21
      vertex -66.63411383330822 -16.429939791560173 22.51
    endloop
  endfacet
  facet normal 0 0 1
    outer loop
      vertex -66.87064123898745 -16.47698801755905 22.51
      vertex -66.63411383330822 -16.429939791560173 22.51
      vertex -66.80039425939322 -15.881786704063416 22.51
    endloop
  endfacet
  facet normal 0 0 1
    outer loop
      vertex -66.87064123898745 -16.47698801755905 22.51
      vertex -66.80039425939322 -15.881786704063416 22.51
      vertex -67.02319820970297 -15.974075123667717 22.51
    endloop
  endfacet
  facet normal 0 0 1
    outer loop
      vertex -67.02319820970297 -15.974075123667717 22.51
      vertex -66.80039425939322 -15.881786704063416 22.51
      vertex -67.07041901350021 -15.376605898141861 22.51
    endloop
  endfacet
  facet normal 0.881921273294688 0.47139672008858546 0
    outer loop
      vertex -67.07041901350021 -15.376605898141861 22.21
      vertex -66.80039425939322 -15.881786704063416 22.51
      vertex -66.80039425939322 -15.881786704063416 22.21
    endloop
  endfacet
  facet normal 0.881921273294688 0.47139672008858546 0
    outer loop
      vertex -67.07041901350021 -15.376605898141861 22.21
      vertex -67.07041901350021 -15.376605898141861 22.51
      vertex -66.80039425939322 -15.881786704063416 22.51
    endloop
  endfacet
  facet normal 0 0 1
    outer loop
      vertex -67.02319820970297 -15.974075123667717 22.51
      vertex -67.07041901350021 -15.376605898141861 22.51
      vertex -67.27093727141619 -15.51058790832758 22.51
    endloop
  endfacet
  facet normal 0.956940333363872 0.29028468506182276 0
    outer loop
      vertex -66.63411383330822 -16.429939791560173 22.51
      vertex -66.80039425939322 -15.881786704063416 22.21
      vertex -66.80039425939322 -15.881786704063416 22.51
    endloop
  endfacet
  facet normal 0.47139672008858546 0.881921273294688 0
    outer loop
      vertex -67.87660589814186 -14.570419013500214 22.21
      vertex -68.38178670406342 -14.300394259393215 22.21
      vertex -67.87660589814186 -14.570419013500214 22.51
    endloop
  endfacet
  facet normal 0 0 1
    outer loop
      vertex -68.47407512366772 -14.523198209702969 22.51
      vertex -68.01058790832758 -14.770937271416187 22.51
      vertex -68.38178670406342 -14.300394259393215 22.51
    endloop
  endfacet
  facet normal 0 0 1
    outer loop
      vertex -68.01058790832758 -14.770937271416187 22.51
      vertex -67.87660589814186 -14.570419013500214 22.51
      vertex -68.38178670406342 -14.300394259393215 22.51
    endloop
  endfacet
  facet normal 0.6343932993469045 0.7730104409021581 0
    outer loop
      vertex -67.87660589814186 -14.570419013500214 22.21
      vertex -67.43381122499704 -14.933811224997044 22.51
      vertex -67.43381122499704 -14.933811224997044 22.21
    endloop
  endfacet
  facet normal 0.6343932993469045 0.7730104409021581 0
    outer loop
      vertex -67.87660589814186 -14.570419013500214 22.21
      vertex -67.87660589814186 -14.570419013500214 22.51
      vertex -67.43381122499704 -14.933811224997044 22.51
    endloop
  endfacet
  facet normal 0 0 1
    outer loop
      vertex -67.60433798283339 -15.104337982833385 22.51
      vertex -67.87660589814186 -14.570419013500214 22.51
      vertex -68.01058790832758 -14.770937271416187 22.51
    endloop
  endfacet
  facet normal 0 0 1
    outer loop
      vertex -67.60433798283339 -15.104337982833385 22.51
      vertex -67.43381122499704 -14.933811224997044 22.51
      vertex -67.87660589814186 -14.570419013500214 22.51
    endloop
  endfacet
  facet normal 0 0 1
    outer loop
      vertex -68.97698801755905 -14.370641246438026 22.51
      vertex -68.38178670406342 -14.300394259393215 22.51
      vertex -68.92993979156017 -14.13411383330822 22.51
    endloop
  endfacet
  facet normal 0.29028468506182276 0.956940333363872 0
    outer loop
      vertex -68.92993979156017 -14.13411383330822 22.21
      vertex -68.92993979156017 -14.13411383330822 22.51
      vertex -68.38178670406342 -14.300394259393215 22.51
    endloop
  endfacet
  facet normal 0.29028468506182276 0.956940333363872 0
    outer loop
      vertex -68.92993979156017 -14.13411383330822 22.21
      vertex -68.38178670406342 -14.300394259393215 22.51
      vertex -68.38178670406342 -14.300394259393215 22.21
    endloop
  endfacet
  facet normal 0 0 1
    outer loop
      vertex -68.47407512366772 -14.523198209702969 22.51
      vertex -68.38178670406342 -14.300394259393215 22.51
      vertex -68.97698801755905 -14.370641246438026 22.51
    endloop
  endfacet
  facet normal 0.47139672008858546 0.881921273294688 0
    outer loop
      vertex -67.87660589814186 -14.570419013500214 22.51
      vertex -68.38178670406342 -14.300394259393215 22.21
      vertex -68.38178670406342 -14.300394259393215 22.51
    endloop
  endfacet
  facet normal 0 0 1
    outer loop
      vertex -67.27093727141619 -15.51058790832758 22.51
      vertex -67.43381122499704 -14.933811224997044 22.51
      vertex -67.60433798283339 -15.104337982833385 22.51
    endloop
  endfacet
  facet normal 0 0 1
    outer loop
      vertex -67.27093727141619 -15.51058790832758 22.51
      vertex -67.07041901350021 -15.376605898141861 22.51
      vertex -67.43381122499704 -14.933811224997044 22.51
    endloop
  endfacet
  facet normal 0.7730104409021581 0.6343932993469045 0
    outer loop
      vertex -67.07041901350021 -15.376605898141861 22.51
      vertex -67.43381122499704 -14.933811224997044 22.21
      vertex -67.43381122499704 -14.933811224997044 22.51
    endloop
  endfacet
  facet normal 0.7730104409021581 0.6343932993469045 0
    outer loop
      vertex -67.07041901350021 -15.376605898141861 22.21
      vertex -67.43381122499704 -14.933811224997044 22.21
      vertex -67.07041901350021 -15.376605898141861 22.51
    endloop
  endfacet
  facet normal -0.7730104404965588 -0.6343932998411288 0
    outer loop
      vertex -76.39566201716661 -18.895662017166615 22.51
      vertex -76.39566201716661 -18.895662017166615 22.810000000000002
      vertex -76.72906272858381 -18.48941209167242 22.51
    endloop
  endfacet
  facet normal 0 0 1
    outer loop
      vertex -76.39566201716661 -18.895662017166615 22.810000000000002
      vertex -76.22513525187969 -18.725135251879692 22.810000000000002
      vertex -76.72906272858381 -18.48941209167242 22.810000000000002
    endloop
  endfacet
  facet normal -0.290284685547916 -0.9569403332164172 0
    outer loop
      vertex -75.02301198244095 -19.629358753561974 22.51
      vertex -75.02301198244095 -19.629358753561974 22.810000000000002
      vertex -75.52592487633228 -19.47680179029703 22.51
    endloop
  endfacet
  facet normal -0.47139671276632994 -0.8819212772085149 0
    outer loop
      vertex -75.98941209167242 -19.229062728583813 22.51
      vertex -75.52592487633228 -19.47680179029703 22.810000000000002
      vertex -75.98941209167242 -19.229062728583813 22.810000000000002
    endloop
  endfacet
  facet normal 0 0 1
    outer loop
      vertex -75.98941209167242 -19.229062728583813 22.810000000000002
      vertex -75.43363646417856 -19.253997839987278 22.810000000000002
      vertex -75.85543007403612 -19.02854447066784 22.810000000000002
    endloop
  endfacet
  facet normal -0.6343932998411288 -0.7730104404965588 0
    outer loop
      vertex -75.98941209167242 -19.229062728583813 22.810000000000002
      vertex -76.39566201716661 -18.895662017166615 22.810000000000002
      vertex -76.39566201716661 -18.895662017166615 22.51
    endloop
  endfacet
  facet normal -0.6343932998411288 -0.7730104404965588 0
    outer loop
      vertex -75.98941209167242 -19.229062728583813 22.51
      vertex -75.98941209167242 -19.229062728583813 22.810000000000002
      vertex -76.39566201716661 -18.895662017166615 22.51
    endloop
  endfacet
  facet normal 0 0 1
    outer loop
      vertex -75.98941209167242 -19.229062728583813 22.810000000000002
      vertex -75.85543007403612 -19.02854447066784 22.810000000000002
      vertex -76.39566201716661 -18.895662017166615 22.810000000000002
    endloop
  endfacet
  facet normal 0 0 1
    outer loop
      vertex -76.39566201716661 -18.895662017166615 22.810000000000002
      vertex -75.85543007403612 -19.02854447066784 22.810000000000002
      vertex -76.22513525187969 -18.725135251879692 22.810000000000002
    endloop
  endfacet
  facet normal -0.47139671276632994 -0.8819212772085149 0
    outer loop
      vertex -75.98941209167242 -19.229062728583813 22.51
      vertex -75.52592487633228 -19.47680179029703 22.51
      vertex -75.52592487633228 -19.47680179029703 22.810000000000002
    endloop
  endfacet
  facet normal -0.290284685547916 -0.9569403332164172 0
    outer loop
      vertex -75.02301198244095 -19.629358753561974 22.810000000000002
      vertex -75.52592487633228 -19.47680179029703 22.810000000000002
      vertex -75.52592487633228 -19.47680179029703 22.51
    endloop
  endfacet
  facet normal 0 0 1
    outer loop
      vertex -75.98941209167242 -19.229062728583813 22.810000000000002
      vertex -75.52592487633228 -19.47680179029703 22.810000000000002
      vertex -75.43363646417856 -19.253997839987278 22.810000000000002
    endloop
  endfacet
  facet normal 0 0 1
    outer loop
      vertex -75.52592487633228 -19.47680179029703 22.810000000000002
      vertex -74.97596374899149 -19.392831347882748 22.810000000000002
      vertex -75.43363646417856 -19.253997839987278 22.810000000000002
    endloop
  endfacet
  facet normal 0 0 1
    outer loop
      vertex -75.02301198244095 -19.629358753561974 22.810000000000002
      vertex -74.49705235660076 -19.440000005066395 22.810000000000002
      vertex -75.52592487633228 -19.47680179029703 22.810000000000002
    endloop
  endfacet
  facet normal 0 0 1
    outer loop
      vertex -75.52592487633228 -19.47680179029703 22.810000000000002
      vertex -74.49705235660076 -19.440000005066395 22.810000000000002
      vertex -74.97596374899149 -19.392831347882748 22.810000000000002
    endloop
  endfacet
  facet normal -0.8819212772085149 -0.47139671276632994 0
    outer loop
      vertex -76.72906272858381 -18.48941209167242 22.51
      vertex -76.72906272858381 -18.48941209167242 22.810000000000002
      vertex -76.97680179029703 -18.025924876332283 22.51
    endloop
  endfacet
  facet normal -0.7730104404965588 -0.6343932998411288 0
    outer loop
      vertex -76.39566201716661 -18.895662017166615 22.810000000000002
      vertex -76.72906272858381 -18.48941209167242 22.810000000000002
      vertex -76.72906272858381 -18.48941209167242 22.51
    endloop
  endfacet
  facet normal 0 0 1
    outer loop
      vertex -76.22513525187969 -18.725135251879692 22.810000000000002
      vertex -76.52854447066784 -18.35543007403612 22.810000000000002
      vertex -76.72906272858381 -18.48941209167242 22.810000000000002
    endloop
  endfacet
  facet normal 0 0 1
    outer loop
      vertex -76.72906272858381 -18.48941209167242 22.810000000000002
      vertex -76.52854447066784 -18.35543007403612 22.810000000000002
      vertex -76.97680179029703 -18.025924876332283 22.810000000000002
    endloop
  endfacet
  facet normal -0.8819212772085149 -0.47139671276632994 0
    outer loop
      vertex -76.72906272858381 -18.48941209167242 22.810000000000002
      vertex -76.97680179029703 -18.025924876332283 22.810000000000002
      vertex -76.97680179029703 -18.025924876332283 22.51
    endloop
  endfacet
  facet normal -0.9569403292782767 -0.29028469853022437 0
    outer loop
      vertex -76.97680179029703 -18.025924876332283 22.51
      vertex -76.97680179029703 -18.025924876332283 22.810000000000002
      vertex -77.12935876101255 -17.52301198244095 22.51
    endloop
  endfacet
  facet normal 0 0 1
    outer loop
      vertex -76.52854447066784 -18.35543007403612 22.810000000000002
      vertex -76.75399783998728 -17.933636464178562 22.810000000000002
      vertex -76.97680179029703 -18.025924876332283 22.810000000000002
    endloop
  endfacet
  facet normal -0.9569403292782767 -0.29028469853022437 0
    outer loop
      vertex -76.97680179029703 -18.025924876332283 22.810000000000002
      vertex -77.12935876101255 -17.52301198244095 22.810000000000002
      vertex -77.12935876101255 -17.52301198244095 22.51
    endloop
  endfacet
  facet normal 0 0 1
    outer loop
      vertex -76.97680179029703 -18.025924876332283 22.810000000000002
      vertex -76.75399783998728 -17.933636464178562 22.810000000000002
      vertex -77.12935876101255 -17.52301198244095 22.810000000000002
    endloop
  endfacet
  facet normal 0 0 1
    outer loop
      vertex -76.75399783998728 -17.933636464178562 22.810000000000002
      vertex -76.89283134788275 -17.47596374899149 22.810000000000002
      vertex -77.12935876101255 -17.52301198244095 22.810000000000002
    endloop
  endfacet
  facet normal -0.9951847284939292 -0.09801712183319926 0
    outer loop
      vertex -77.12935876101255 -17.52301198244095 22.51
      vertex -77.12935876101255 -17.52301198244095 22.810000000000002
      vertex -77.18087093532085 -17 22.51
    endloop
  endfacet
  facet normal -0.9951847284939292 -0.09801712183319926 0
    outer loop
      vertex -77.12935876101255 -17.52301198244095 22.810000000000002
      vertex -77.18087093532085 -17 22.810000000000002
      vertex -77.18087093532085 -17 22.51
    endloop
  endfacet
  facet normal 0 0 1
    outer loop
      vertex -77.12935876101255 -17.52301198244095 22.810000000000002
      vertex -76.89283134788275 -17.47596374899149 22.810000000000002
      vertex -77.18087093532085 -17 22.810000000000002
    endloop
  endfacet
  facet normal 0 0 1
    outer loop
      vertex -76.89283134788275 -17.47596374899149 22.810000000000002
      vertex -76.93970967829227 -17 22.810000000000002
      vertex -77.18087093532085 -17 22.810000000000002
    endloop
  endfacet
  facet normal -0.098017143038209 -0.9951847264054182 0
    outer loop
      vertex -75.02301198244095 -19.629358753561974 22.51
      vertex -74.50884279608727 -19.679999999701977 22.810000000000002
      vertex -75.02301198244095 -19.629358753561974 22.810000000000002
    endloop
  endfacet
  facet normal -0.098017143038209 -0.9951847264054182 0
    outer loop
      vertex -75.02301198244095 -19.629358753561974 22.51
      vertex -74.50884279608727 -19.679999999701977 22.51
      vertex -74.50884279608727 -19.679999999701977 22.810000000000002
    endloop
  endfacet
  facet normal 0 -1 0
    outer loop
      vertex -74.50884279608727 -19.679999999701977 22.51
      vertex -69.49115720391273 -19.679999999701977 22.810000000000002
      vertex -74.50884279608727 -19.679999999701977 22.810000000000002
    endloop
  endfacet
  facet normal 0 0 1
    outer loop
      vertex -75.02301198244095 -19.629358753561974 22.810000000000002
      vertex -74.50884279608727 -19.679999999701977 22.810000000000002
      vertex -69.50294764339924 -19.440000005066395 22.810000000000002
    endloop
  endfacet
  facet normal 0 0 1
    outer loop
      vertex -75.02301198244095 -19.629358753561974 22.810000000000002
      vertex -69.50294764339924 -19.440000005066395 22.810000000000002
      vertex -74.49705235660076 -19.440000005066395 22.810000000000002
    endloop
  endfacet
  facet normal -0.9951847284939292 0.09801712183319926 0
    outer loop
      vertex -77.18087093532085 -17 22.51
      vertex -77.18087093532085 -17 22.810000000000002
      vertex -77.12935876101255 -16.47698801755905 22.51
    endloop
  endfacet
  facet normal -0.9951847284939292 0.09801712183319926 0
    outer loop
      vertex -77.18087093532085 -17 22.810000000000002
      vertex -77.12935876101255 -16.47698801755905 22.810000000000002
      vertex -77.12935876101255 -16.47698801755905 22.51
    endloop
  endfacet
  facet normal 0 0 1
    outer loop
      vertex -77.18087093532085 -17 22.810000000000002
      vertex -76.93970967829227 -17 22.810000000000002
      vertex -77.12935876101255 -16.47698801755905 22.810000000000002
    endloop
  endfacet
  facet normal 0 0 1
    outer loop
      vertex -76.93970967829227 -17 22.810000000000002
      vertex -76.89283134788275 -16.52403625100851 22.810000000000002
      vertex -77.12935876101255 -16.47698801755905 22.810000000000002
    endloop
  endfacet
  facet normal -0.9569403292782767 0.29028469853022437 0
    outer loop
      vertex -77.12935876101255 -16.47698801755905 22.51
      vertex -77.12935876101255 -16.47698801755905 22.810000000000002
      vertex -76.97680179029703 -15.974075123667717 22.51
    endloop
  endfacet
  facet normal 0 0 1
    outer loop
      vertex -77.12935876101255 -16.47698801755905 22.810000000000002
      vertex -76.89283134788275 -16.52403625100851 22.810000000000002
      vertex -76.97680179029703 -15.974075123667717 22.810000000000002
    endloop
  endfacet
  facet normal 0 0 1
    outer loop
      vertex -76.89283134788275 -16.52403625100851 22.810000000000002
      vertex -76.75399783998728 -16.066363535821438 22.810000000000002
      vertex -76.97680179029703 -15.974075123667717 22.810000000000002
    endloop
  endfacet
  facet normal -0.9569403292782767 0.29028469853022437 0
    outer loop
      vertex -77.12935876101255 -16.47698801755905 22.810000000000002
      vertex -76.97680179029703 -15.974075123667717 22.810000000000002
      vertex -76.97680179029703 -15.974075123667717 22.51
    endloop
  endfacet
  facet normal -0.8819212772085149 0.47139671276632994 0
    outer loop
      vertex -76.97680179029703 -15.974075123667717 22.51
      vertex -76.97680179029703 -15.974075123667717 22.810000000000002
      vertex -76.72906272858381 -15.51058790832758 22.51
    endloop
  endfacet
  facet normal 0 0 1
    outer loop
      vertex -76.97680179029703 -15.974075123667717 22.810000000000002
      vertex -76.75399783998728 -16.066363535821438 22.810000000000002
      vertex -76.72906272858381 -15.51058790832758 22.810000000000002
    endloop
  endfacet
  facet normal 0 0 1
    outer loop
      vertex -76.75399783998728 -16.066363535821438 22.810000000000002
      vertex -76.52854447066784 -15.644569925963879 22.810000000000002
      vertex -76.72906272858381 -15.51058790832758 22.810000000000002
    endloop
  endfacet
  facet normal -0.8819212772085149 0.47139671276632994 0
    outer loop
      vertex -76.97680179029703 -15.974075123667717 22.810000000000002
      vertex -76.72906272858381 -15.51058790832758 22.810000000000002
      vertex -76.72906272858381 -15.51058790832758 22.51
    endloop
  endfacet
  facet normal -0.7730104404965588 0.6343932998411288 0
    outer loop
      vertex -76.72906272858381 -15.51058790832758 22.51
      vertex -76.72906272858381 -15.51058790832758 22.810000000000002
      vertex -76.39566201716661 -15.104337982833385 22.51
    endloop
  endfacet
  facet normal 0 0 1
    outer loop
      vertex -76.52854447066784 -15.644569925963879 22.810000000000002
      vertex -76.39566201716661 -15.104337982833385 22.810000000000002
      vertex -76.72906272858381 -15.51058790832758 22.810000000000002
    endloop
  endfacet
  facet normal 0 0 1
    outer loop
      vertex -76.52854447066784 -15.644569925963879 22.810000000000002
      vertex -76.22513525187969 -15.274864748120308 22.810000000000002
      vertex -76.39566201716661 -15.104337982833385 22.810000000000002
    endloop
  endfacet
  facet normal -0.7730104404965588 0.6343932998411288 0
    outer loop
      vertex -76.72906272858381 -15.51058790832758 22.810000000000002
      vertex -76.39566201716661 -15.104337982833385 22.810000000000002
      vertex -76.39566201716661 -15.104337982833385 22.51
    endloop
  endfacet
  facet normal -0.6343932998411288 0.7730104404965588 0
    outer loop
      vertex -76.39566201716661 -15.104337982833385 22.51
      vertex -76.39566201716661 -15.104337982833385 22.810000000000002
      vertex -75.98941209167242 -14.770937271416187 22.51
    endloop
  endfacet
  facet normal -0.6343932998411288 0.7730104404965588 0
    outer loop
      vertex -76.39566201716661 -15.104337982833385 22.810000000000002
      vertex -75.98941209167242 -14.770937271416187 22.810000000000002
      vertex -75.98941209167242 -14.770937271416187 22.51
    endloop
  endfacet
  facet normal 0 0 1
    outer loop
      vertex -76.39566201716661 -15.104337982833385 22.810000000000002
      vertex -76.22513525187969 -15.274864748120308 22.810000000000002
      vertex -75.98941209167242 -14.770937271416187 22.810000000000002
    endloop
  endfacet
  facet normal 0 0 1
    outer loop
      vertex -76.22513525187969 -15.274864748120308 22.810000000000002
      vertex -75.85543007403612 -14.971455529332161 22.810000000000002
      vertex -75.98941209167242 -14.770937271416187 22.810000000000002
    endloop
  endfacet
  facet normal -0.47139671276632994 0.8819212772085149 0
    outer loop
      vertex -75.98941209167242 -14.770937271416187 22.51
      vertex -75.98941209167242 -14.770937271416187 22.810000000000002
      vertex -75.52592487633228 -14.523198209702969 22.51
    endloop
  endfacet
  facet normal 0 0 1
    outer loop
      vertex -75.85543007403612 -14.971455529332161 22.810000000000002
      vertex -75.43363646417856 -14.746002160012722 22.810000000000002
      vertex -75.98941209167242 -14.770937271416187 22.810000000000002
    endloop
  endfacet
  facet normal -0.47139671276632994 0.8819212772085149 0
    outer loop
      vertex -75.98941209167242 -14.770937271416187 22.810000000000002
      vertex -75.52592487633228 -14.523198209702969 22.810000000000002
      vertex -75.52592487633228 -14.523198209702969 22.51
    endloop
  endfacet
  facet normal -0.290284685547916 0.9569403332164172 0
    outer loop
      vertex -75.52592487633228 -14.523198209702969 22.51
      vertex -75.52592487633228 -14.523198209702969 22.810000000000002
      vertex -75.02301198244095 -14.370641246438026 22.51
    endloop
  endfacet
  facet normal 0 0 1
    outer loop
      vertex -75.98941209167242 -14.770937271416187 22.810000000000002
      vertex -75.43363646417856 -14.746002160012722 22.810000000000002
      vertex -75.52592487633228 -14.523198209702969 22.810000000000002
    endloop
  endfacet
  facet normal 0 0 1
    outer loop
      vertex -75.43363646417856 -14.746002160012722 22.810000000000002
      vertex -74.97596374899149 -14.607168652117252 22.810000000000002
      vertex -75.52592487633228 -14.523198209702969 22.810000000000002
    endloop
  endfacet
  facet normal 0 0 1
    outer loop
      vertex -75.52592487633228 -14.523198209702969 22.810000000000002
      vertex -74.97596374899149 -14.607168652117252 22.810000000000002
      vertex -74.49705235660076 -14.559999994933605 22.810000000000002
    endloop
  endfacet
  facet normal -0.290284685547916 0.9569403332164172 0
    outer loop
      vertex -75.52592487633228 -14.523198209702969 22.810000000000002
      vertex -75.02301198244095 -14.370641246438026 22.810000000000002
      vertex -75.02301198244095 -14.370641246438026 22.51
    endloop
  endfacet
  facet normal 0 0 1
    outer loop
      vertex -75.52592487633228 -14.523198209702969 22.810000000000002
      vertex -74.50884279608727 -14.320000000298023 22.810000000000002
      vertex -75.02301198244095 -14.370641246438026 22.810000000000002
    endloop
  endfacet
  facet normal -0.098017143038209 0.9951847264054182 0
    outer loop
      vertex -75.02301198244095 -14.370641246438026 22.51
      vertex -75.02301198244095 -14.370641246438026 22.810000000000002
      vertex -74.50884279608727 -14.320000000298023 22.51
    endloop
  endfacet
  facet normal -0.098017143038209 0.9951847264054182 0
    outer loop
      vertex -75.02301198244095 -14.370641246438026 22.810000000000002
      vertex -74.50884279608727 -14.320000000298023 22.810000000000002
      vertex -74.50884279608727 -14.320000000298023 22.51
    endloop
  endfacet
  facet normal 0 0 1
    outer loop
      vertex -75.52592487633228 -14.523198209702969 22.810000000000002
      vertex -74.49705235660076 -14.559999994933605 22.810000000000002
      vertex -69.49115720391273 -14.320000000298023 22.810000000000002
    endloop
  endfacet
  facet normal 0 1 0
    outer loop
      vertex -74.50884279608727 -14.320000000298023 22.51
      vertex -74.50884279608727 -14.320000000298023 22.810000000000002
      vertex -69.49115720391273 -14.320000000298023 22.51
    endloop
  endfacet
  facet normal 0 0 1
    outer loop
      vertex -75.52592487633228 -14.523198209702969 22.810000000000002
      vertex -69.49115720391273 -14.320000000298023 22.810000000000002
      vertex -74.50884279608727 -14.320000000298023 22.810000000000002
    endloop
  endfacet
  facet normal 0 -1 0
    outer loop
      vertex -74.50884279608727 -19.679999999701977 22.51
      vertex -69.49115720391273 -19.679999999701977 22.51
      vertex -69.49115720391273 -19.679999999701977 22.810000000000002
    endloop
  endfacet
  facet normal 0 0 1
    outer loop
      vertex -74.50884279608727 -19.679999999701977 22.810000000000002
      vertex -69.49115720391273 -19.679999999701977 22.810000000000002
      vertex -68.47407512366772 -19.47680179029703 22.810000000000002
    endloop
  endfacet
  facet normal 0 0 1
    outer loop
      vertex -74.50884279608727 -19.679999999701977 22.810000000000002
      vertex -68.47407512366772 -19.47680179029703 22.810000000000002
      vertex -69.50294764339924 -19.440000005066395 22.810000000000002
    endloop
  endfacet
  facet normal 0.098017143038209 -0.9951847264054182 0
    outer loop
      vertex -69.49115720391273 -19.679999999701977 22.51
      vertex -68.97698801755905 -19.629358753561974 22.810000000000002
      vertex -69.49115720391273 -19.679999999701977 22.810000000000002
    endloop
  endfacet
  facet normal 0.098017143038209 -0.9951847264054182 0
    outer loop
      vertex -69.49115720391273 -19.679999999701977 22.51
      vertex -68.97698801755905 -19.629358753561974 22.51
      vertex -68.97698801755905 -19.629358753561974 22.810000000000002
    endloop
  endfacet
  facet normal 0.290284685547916 -0.9569403332164172 0
    outer loop
      vertex -68.97698801755905 -19.629358753561974 22.51
      vertex -68.47407512366772 -19.47680179029703 22.810000000000002
      vertex -68.97698801755905 -19.629358753561974 22.810000000000002
    endloop
  endfacet
  facet normal 0 0 1
    outer loop
      vertex -69.49115720391273 -19.679999999701977 22.810000000000002
      vertex -68.97698801755905 -19.629358753561974 22.810000000000002
      vertex -68.47407512366772 -19.47680179029703 22.810000000000002
    endloop
  endfacet
  facet normal 0.290284685547916 -0.9569403332164172 0
    outer loop
      vertex -68.97698801755905 -19.629358753561974 22.51
      vertex -68.47407512366772 -19.47680179029703 22.51
      vertex -68.47407512366772 -19.47680179029703 22.810000000000002
    endloop
  endfacet
  facet normal 0.47139671276632994 -0.8819212772085149 0
    outer loop
      vertex -68.47407512366772 -19.47680179029703 22.51
      vertex -68.01058790832758 -19.229062728583813 22.810000000000002
      vertex -68.47407512366772 -19.47680179029703 22.810000000000002
    endloop
  endfacet
  facet normal 0 0 1
    outer loop
      vertex -69.50294764339924 -19.440000005066395 22.810000000000002
      vertex -68.47407512366772 -19.47680179029703 22.810000000000002
      vertex -69.02403625100851 -19.392831347882748 22.810000000000002
    endloop
  endfacet
  facet normal 0 0 1
    outer loop
      vertex -69.02403625100851 -19.392831347882748 22.810000000000002
      vertex -68.47407512366772 -19.47680179029703 22.810000000000002
      vertex -68.56636353582144 -19.253997839987278 22.810000000000002
    endloop
  endfacet
  facet normal 0 0 1
    outer loop
      vertex -68.47407512366772 -19.47680179029703 22.810000000000002
      vertex -68.01058790832758 -19.229062728583813 22.810000000000002
      vertex -68.56636353582144 -19.253997839987278 22.810000000000002
    endloop
  endfacet
  facet normal 0.47139671276632994 -0.8819212772085149 0
    outer loop
      vertex -68.47407512366772 -19.47680179029703 22.51
      vertex -68.01058790832758 -19.229062728583813 22.51
      vertex -68.01058790832758 -19.229062728583813 22.810000000000002
    endloop
  endfacet
  facet normal 0 0 1
    outer loop
      vertex -68.56636353582144 -19.253997839987278 22.810000000000002
      vertex -68.01058790832758 -19.229062728583813 22.810000000000002
      vertex -68.14456992596388 -19.02854447066784 22.810000000000002
    endloop
  endfacet
  facet normal 0.6343932998411288 -0.7730104404965588 0
    outer loop
      vertex -68.01058790832758 -19.229062728583813 22.51
      vertex -67.60433798283339 -18.895662017166615 22.810000000000002
      vertex -68.01058790832758 -19.229062728583813 22.810000000000002
    endloop
  endfacet
  facet normal 0.6343932998411288 -0.7730104404965588 0
    outer loop
      vertex -68.01058790832758 -19.229062728583813 22.51
      vertex -67.60433798283339 -18.895662017166615 22.51
      vertex -67.60433798283339 -18.895662017166615 22.810000000000002
    endloop
  endfacet
  facet normal 0 0 1
    outer loop
      vertex -68.01058790832758 -19.229062728583813 22.810000000000002
      vertex -67.77486474812031 -18.725135251879692 22.810000000000002
      vertex -68.14456992596388 -19.02854447066784 22.810000000000002
    endloop
  endfacet
  facet normal 0 0 1
    outer loop
      vertex -68.01058790832758 -19.229062728583813 22.810000000000002
      vertex -67.60433798283339 -18.895662017166615 22.810000000000002
      vertex -67.77486474812031 -18.725135251879692 22.810000000000002
    endloop
  endfacet
  facet normal 0.7730104404965588 -0.6343932998411288 0
    outer loop
      vertex -67.60433798283339 -18.895662017166615 22.51
      vertex -67.27093727141619 -18.48941209167242 22.810000000000002
      vertex -67.60433798283339 -18.895662017166615 22.810000000000002
    endloop
  endfacet
  facet normal 0 0 1
    outer loop
      vertex -67.77486474812031 -18.725135251879692 22.810000000000002
      vertex -67.60433798283339 -18.895662017166615 22.810000000000002
      vertex -67.47145552933216 -18.35543007403612 22.810000000000002
    endloop
  endfacet
  facet normal 0.7730104404965588 -0.6343932998411288 0
    outer loop
      vertex -67.60433798283339 -18.895662017166615 22.51
      vertex -67.27093727141619 -18.48941209167242 22.51
      vertex -67.27093727141619 -18.48941209167242 22.810000000000002
    endloop
  endfacet
  facet normal 0.8819212772085149 -0.47139671276632994 0
    outer loop
      vertex -67.27093727141619 -18.48941209167242 22.51
      vertex -67.02319820970297 -18.025924876332283 22.810000000000002
      vertex -67.27093727141619 -18.48941209167242 22.810000000000002
    endloop
  endfacet
  facet normal 0 0 1
    outer loop
      vertex -67.60433798283339 -18.895662017166615 22.810000000000002
      vertex -67.27093727141619 -18.48941209167242 22.810000000000002
      vertex -67.47145552933216 -18.35543007403612 22.810000000000002
    endloop
  endfacet
  facet normal 0.8819212772085149 -0.47139671276632994 0
    outer loop
      vertex -67.27093727141619 -18.48941209167242 22.51
      vertex -67.02319820970297 -18.025924876332283 22.51
      vertex -67.02319820970297 -18.025924876332283 22.810000000000002
    endloop
  endfacet
  facet normal 0.9569403292782767 -0.29028469853022437 0
    outer loop
      vertex -67.02319820970297 -18.025924876332283 22.51
      vertex -66.87064123898745 -17.52301198244095 22.810000000000002
      vertex -67.02319820970297 -18.025924876332283 22.810000000000002
    endloop
  endfacet
  facet normal 0 0 1
    outer loop
      vertex -67.27093727141619 -18.48941209167242 22.810000000000002
      vertex -67.24600216001272 -17.933636464178562 22.810000000000002
      vertex -67.47145552933216 -18.35543007403612 22.810000000000002
    endloop
  endfacet
  facet normal 0 0 1
    outer loop
      vertex -67.27093727141619 -18.48941209167242 22.810000000000002
      vertex -67.02319820970297 -18.025924876332283 22.810000000000002
      vertex -67.24600216001272 -17.933636464178562 22.810000000000002
    endloop
  endfacet
  facet normal 0.9569403292782767 -0.29028469853022437 0
    outer loop
      vertex -67.02319820970297 -18.025924876332283 22.51
      vertex -66.87064123898745 -17.52301198244095 22.51
      vertex -66.87064123898745 -17.52301198244095 22.810000000000002
    endloop
  endfacet
  facet normal 0 0 1
    outer loop
      vertex -67.24600216001272 -17.933636464178562 22.810000000000002
      vertex -67.02319820970297 -18.025924876332283 22.810000000000002
      vertex -67.10716865211725 -17.47596374899149 22.810000000000002
    endloop
  endfacet
  facet normal 0 0 1
    outer loop
      vertex -67.02319820970297 -18.025924876332283 22.810000000000002
      vertex -66.87064123898745 -17.52301198244095 22.810000000000002
      vertex -67.10716865211725 -17.47596374899149 22.810000000000002
    endloop
  endfacet
  facet normal 0.9951847284939292 -0.09801712183319926 0
    outer loop
      vertex -66.87064123898745 -17.52301198244095 22.51
      vertex -66.81912906467915 -17 22.810000000000002
      vertex -66.87064123898745 -17.52301198244095 22.810000000000002
    endloop
  endfacet
  facet normal 0.9951847284939292 -0.09801712183319926 0
    outer loop
      vertex -66.87064123898745 -17.52301198244095 22.51
      vertex -66.81912906467915 -17 22.51
      vertex -66.81912906467915 -17 22.810000000000002
    endloop
  endfacet
  facet normal 0 0 1
    outer loop
      vertex -67.10716865211725 -17.47596374899149 22.810000000000002
      vertex -66.87064123898745 -17.52301198244095 22.810000000000002
      vertex -67.06029032170773 -17 22.810000000000002
    endloop
  endfacet
  facet normal 0 0 1
    outer loop
      vertex -66.87064123898745 -17.52301198244095 22.810000000000002
      vertex -66.81912906467915 -17 22.810000000000002
      vertex -67.06029032170773 -17 22.810000000000002
    endloop
  endfacet
  facet normal 0 0 1
    outer loop
      vertex -74.49705235660076 -14.559999994933605 22.810000000000002
      vertex -69.50294764339924 -14.559999994933605 22.810000000000002
      vertex -68.97698801755905 -14.370641246438026 22.810000000000002
    endloop
  endfacet
  facet normal 0 1 0
    outer loop
      vertex -74.50884279608727 -14.320000000298023 22.810000000000002
      vertex -69.49115720391273 -14.320000000298023 22.810000000000002
      vertex -69.49115720391273 -14.320000000298023 22.51
    endloop
  endfacet
  facet normal 0 0 1
    outer loop
      vertex -74.49705235660076 -14.559999994933605 22.810000000000002
      vertex -68.97698801755905 -14.370641246438026 22.810000000000002
      vertex -69.49115720391273 -14.320000000298023 22.810000000000002
    endloop
  endfacet
  facet normal 0.098017143038209 0.9951847264054182 0
    outer loop
      vertex -69.49115720391273 -14.320000000298023 22.51
      vertex -69.49115720391273 -14.320000000298023 22.810000000000002
      vertex -68.97698801755905 -14.370641246438026 22.51
    endloop
  endfacet
  facet normal 0.098017143038209 0.9951847264054182 0
    outer loop
      vertex -69.49115720391273 -14.320000000298023 22.810000000000002
      vertex -68.97698801755905 -14.370641246438026 22.810000000000002
      vertex -68.97698801755905 -14.370641246438026 22.51
    endloop
  endfacet
  facet normal 0.9951847284939292 0.09801712183319926 0
    outer loop
      vertex -66.87064123898745 -16.47698801755905 22.810000000000002
      vertex -66.81912906467915 -17 22.810000000000002
      vertex -66.81912906467915 -17 22.51
    endloop
  endfacet
  facet normal 0.9951847284939292 0.09801712183319926 0
    outer loop
      vertex -66.87064123898745 -16.47698801755905 22.51
      vertex -66.87064123898745 -16.47698801755905 22.810000000000002
      vertex -66.81912906467915 -17 22.51
    endloop
  endfacet
  facet normal 0 0 1
    outer loop
      vertex -67.06029032170773 -17 22.810000000000002
      vertex -66.81912906467915 -17 22.810000000000002
      vertex -67.10716865211725 -16.52403625100851 22.810000000000002
    endloop
  endfacet
  facet normal 0 0 1
    outer loop
      vertex -67.10716865211725 -16.52403625100851 22.810000000000002
      vertex -66.81912906467915 -17 22.810000000000002
      vertex -66.87064123898745 -16.47698801755905 22.810000000000002
    endloop
  endfacet
  facet normal 0.9569403292782767 0.29028469853022437 0
    outer loop
      vertex -66.87064123898745 -16.47698801755905 22.51
      vertex -67.02319820970297 -15.974075123667717 22.810000000000002
      vertex -66.87064123898745 -16.47698801755905 22.810000000000002
    endloop
  endfacet
  facet normal 0 0 1
    outer loop
      vertex -67.10716865211725 -16.52403625100851 22.810000000000002
      vertex -66.87064123898745 -16.47698801755905 22.810000000000002
      vertex -67.24600216001272 -16.066363535821438 22.810000000000002
    endloop
  endfacet
  facet normal 0 0 1
    outer loop
      vertex -66.87064123898745 -16.47698801755905 22.810000000000002
      vertex -67.02319820970297 -15.974075123667717 22.810000000000002
      vertex -67.24600216001272 -16.066363535821438 22.810000000000002
    endloop
  endfacet
  facet normal 0.9569403292782767 0.29028469853022437 0
    outer loop
      vertex -66.87064123898745 -16.47698801755905 22.51
      vertex -67.02319820970297 -15.974075123667717 22.51
      vertex -67.02319820970297 -15.974075123667717 22.810000000000002
    endloop
  endfacet
  facet normal 0.8819212772085149 0.47139671276632994 0
    outer loop
      vertex -67.02319820970297 -15.974075123667717 22.51
      vertex -67.27093727141619 -15.51058790832758 22.810000000000002
      vertex -67.02319820970297 -15.974075123667717 22.810000000000002
    endloop
  endfacet
  facet normal 0 0 1
    outer loop
      vertex -67.24600216001272 -16.066363535821438 22.810000000000002
      vertex -67.02319820970297 -15.974075123667717 22.810000000000002
      vertex -67.47145552933216 -15.644569925963879 22.810000000000002
    endloop
  endfacet
  facet normal 0.7730104404965588 0.6343932998411288 0
    outer loop
      vertex -67.27093727141619 -15.51058790832758 22.51
      vertex -67.60433798283339 -15.104337982833385 22.810000000000002
      vertex -67.27093727141619 -15.51058790832758 22.810000000000002
    endloop
  endfacet
  facet normal 0.8819212772085149 0.47139671276632994 0
    outer loop
      vertex -67.02319820970297 -15.974075123667717 22.51
      vertex -67.27093727141619 -15.51058790832758 22.51
      vertex -67.27093727141619 -15.51058790832758 22.810000000000002
    endloop
  endfacet
  facet normal 0 0 1
    outer loop
      vertex -67.02319820970297 -15.974075123667717 22.810000000000002
      vertex -67.27093727141619 -15.51058790832758 22.810000000000002
      vertex -67.47145552933216 -15.644569925963879 22.810000000000002
    endloop
  endfacet
  facet normal 0 0 1
    outer loop
      vertex -67.47145552933216 -15.644569925963879 22.810000000000002
      vertex -67.27093727141619 -15.51058790832758 22.810000000000002
      vertex -67.77486474812031 -15.274864748120308 22.810000000000002
    endloop
  endfacet
  facet normal 0.290284685547916 0.9569403332164172 0
    outer loop
      vertex -68.47407512366772 -14.523198209702969 22.51
      vertex -68.97698801755905 -14.370641246438026 22.810000000000002
      vertex -68.47407512366772 -14.523198209702969 22.810000000000002
    endloop
  endfacet
  facet normal 0.47139671276632994 0.8819212772085149 0
    outer loop
      vertex -68.47407512366772 -14.523198209702969 22.51
      vertex -68.47407512366772 -14.523198209702969 22.810000000000002
      vertex -68.01058790832758 -14.770937271416187 22.51
    endloop
  endfacet
  facet normal 0 0 1
    outer loop
      vertex -69.50294764339924 -14.559999994933605 22.810000000000002
      vertex -69.02403625100851 -14.607168652117252 22.810000000000002
      vertex -68.47407512366772 -14.523198209702969 22.810000000000002
    endloop
  endfacet
  facet normal 0 0 1
    outer loop
      vertex -69.50294764339924 -14.559999994933605 22.810000000000002
      vertex -68.47407512366772 -14.523198209702969 22.810000000000002
      vertex -68.97698801755905 -14.370641246438026 22.810000000000002
    endloop
  endfacet
  facet normal 0 0 1
    outer loop
      vertex -69.02403625100851 -14.607168652117252 22.810000000000002
      vertex -68.56636353582144 -14.746002160012722 22.810000000000002
      vertex -68.47407512366772 -14.523198209702969 22.810000000000002
    endloop
  endfacet
  facet normal 0 0 1
    outer loop
      vertex -68.56636353582144 -14.746002160012722 22.810000000000002
      vertex -68.01058790832758 -14.770937271416187 22.810000000000002
      vertex -68.47407512366772 -14.523198209702969 22.810000000000002
    endloop
  endfacet
  facet normal 0.6343932998411288 0.7730104404965588 0
    outer loop
      vertex -67.60433798283339 -15.104337982833385 22.51
      vertex -68.01058790832758 -14.770937271416187 22.51
      vertex -68.01058790832758 -14.770937271416187 22.810000000000002
    endloop
  endfacet
  facet normal 0.6343932998411288 0.7730104404965588 0
    outer loop
      vertex -67.60433798283339 -15.104337982833385 22.51
      vertex -68.01058790832758 -14.770937271416187 22.810000000000002
      vertex -67.60433798283339 -15.104337982833385 22.810000000000002
    endloop
  endfacet
  facet normal 0 0 1
    outer loop
      vertex -68.14456992596388 -14.971455529332161 22.810000000000002
      vertex -67.77486474812031 -15.274864748120308 22.810000000000002
      vertex -67.60433798283339 -15.104337982833385 22.810000000000002
    endloop
  endfacet
  facet normal 0 0 1
    outer loop
      vertex -68.14456992596388 -14.971455529332161 22.810000000000002
      vertex -67.60433798283339 -15.104337982833385 22.810000000000002
      vertex -68.01058790832758 -14.770937271416187 22.810000000000002
    endloop
  endfacet
  facet normal 0.47139671276632994 0.8819212772085149 0
    outer loop
      vertex -68.47407512366772 -14.523198209702969 22.810000000000002
      vertex -68.01058790832758 -14.770937271416187 22.810000000000002
      vertex -68.01058790832758 -14.770937271416187 22.51
    endloop
  endfacet
  facet normal 0 0 1
    outer loop
      vertex -68.56636353582144 -14.746002160012722 22.810000000000002
      vertex -68.14456992596388 -14.971455529332161 22.810000000000002
      vertex -68.01058790832758 -14.770937271416187 22.810000000000002
    endloop
  endfacet
  facet normal 0.290284685547916 0.9569403332164172 0
    outer loop
      vertex -68.47407512366772 -14.523198209702969 22.51
      vertex -68.97698801755905 -14.370641246438026 22.51
      vertex -68.97698801755905 -14.370641246438026 22.810000000000002
    endloop
  endfacet
  facet normal 0.7730104404965588 0.6343932998411288 0
    outer loop
      vertex -67.27093727141619 -15.51058790832758 22.51
      vertex -67.60433798283339 -15.104337982833385 22.51
      vertex -67.60433798283339 -15.104337982833385 22.810000000000002
    endloop
  endfacet
  facet normal 0 0 1
    outer loop
      vertex -67.27093727141619 -15.51058790832758 22.810000000000002
      vertex -67.60433798283339 -15.104337982833385 22.810000000000002
      vertex -67.77486474812031 -15.274864748120308 22.810000000000002
    endloop
  endfacet
  facet normal -0.6343933097417942 -0.7730104323712921 0
    outer loop
      vertex -76.22513525187969 -18.725135251879692 22.810000000000002
      vertex -75.85543007403612 -19.02854447066784 22.810000000000002
      vertex -76.22513525187969 -18.725135251879692 23.110000000000003
    endloop
  endfacet
  facet normal -0.47139671694936774 -0.8819212749726347 0
    outer loop
      vertex -75.85543007403612 -19.02854447066784 22.810000000000002
      vertex -75.43363646417856 -19.253997839987278 22.810000000000002
      vertex -75.85543007403612 -19.02854447066784 23.110000000000003
    endloop
  endfacet
  facet normal -0.6343933097417942 -0.7730104323712921 0
    outer loop
      vertex -75.85543007403612 -19.02854447066784 22.810000000000002
      vertex -75.85543007403612 -19.02854447066784 23.110000000000003
      vertex -76.22513525187969 -18.725135251879692 23.110000000000003
    endloop
  endfacet
  facet normal 0 0 1
    outer loop
      vertex -76.22513525187969 -18.725135251879692 23.110000000000003
      vertex -75.85543007403612 -19.02854447066784 23.110000000000003
      vertex -75.72144805639982 -18.828026212751865 23.110000000000003
    endloop
  endfacet
  facet normal 0 0 1
    outer loop
      vertex -76.22513525187969 -18.725135251879692 23.110000000000003
      vertex -75.72144805639982 -18.828026212751865 23.110000000000003
      vertex -76.05460849404335 -18.55460849404335 23.110000000000003
    endloop
  endfacet
  facet normal -0.47139671694936774 -0.8819212749726347 0
    outer loop
      vertex -75.43363646417856 -19.253997839987278 22.810000000000002
      vertex -75.43363646417856 -19.253997839987278 23.110000000000003
      vertex -75.85543007403612 -19.02854447066784 23.110000000000003
    endloop
  endfacet
  facet normal -0.2902846917408582 -0.9569403313378085 0
    outer loop
      vertex -74.97596374899149 -19.392831347882748 22.810000000000002
      vertex -74.97596374899149 -19.392831347882748 23.110000000000003
      vertex -75.43363646417856 -19.253997839987278 23.110000000000003
    endloop
  endfacet
  facet normal -0.2902846917408582 -0.9569403313378085 0
    outer loop
      vertex -75.43363646417856 -19.253997839987278 22.810000000000002
      vertex -74.97596374899149 -19.392831347882748 22.810000000000002
      vertex -75.43363646417856 -19.253997839987278 23.110000000000003
    endloop
  endfacet
  facet normal 0 0 1
    outer loop
      vertex -75.43363646417856 -19.253997839987278 23.110000000000003
      vertex -74.92891552299261 -19.15630393475294 23.110000000000003
      vertex -75.34134804457426 -19.031193889677525 23.110000000000003
    endloop
  endfacet
  facet normal 0 0 1
    outer loop
      vertex -75.43363646417856 -19.253997839987278 23.110000000000003
      vertex -74.97596374899149 -19.392831347882748 23.110000000000003
      vertex -74.48526190966368 -19.200000002980232 23.110000000000003
    endloop
  endfacet
  facet normal 0 0 1
    outer loop
      vertex -75.85543007403612 -19.02854447066784 23.110000000000003
      vertex -75.43363646417856 -19.253997839987278 23.110000000000003
      vertex -75.34134804457426 -19.031193889677525 23.110000000000003
    endloop
  endfacet
  facet normal 0 0 1
    outer loop
      vertex -75.85543007403612 -19.02854447066784 23.110000000000003
      vertex -75.34134804457426 -19.031193889677525 23.110000000000003
      vertex -75.72144805639982 -18.828026212751865 23.110000000000003
    endloop
  endfacet
  facet normal -0.8819212749726347 -0.47139671694936774 0
    outer loop
      vertex -76.52854447066784 -18.35543007403612 22.810000000000002
      vertex -76.75399783998728 -17.933636464178562 23.110000000000003
      vertex -76.75399783998728 -17.933636464178562 22.810000000000002
    endloop
  endfacet
  facet normal -0.8819212749726347 -0.47139671694936774 0
    outer loop
      vertex -76.52854447066784 -18.35543007403612 22.810000000000002
      vertex -76.52854447066784 -18.35543007403612 23.110000000000003
      vertex -76.75399783998728 -17.933636464178562 23.110000000000003
    endloop
  endfacet
  facet normal 0 0 1
    outer loop
      vertex -76.52854447066784 -18.35543007403612 23.110000000000003
      vertex -76.32802621275187 -18.221448056399822 23.110000000000003
      vertex -76.75399783998728 -17.933636464178562 23.110000000000003
    endloop
  endfacet
  facet normal 0 0 1
    outer loop
      vertex -76.75399783998728 -17.933636464178562 23.110000000000003
      vertex -76.32802621275187 -18.221448056399822 23.110000000000003
      vertex -76.53119388967752 -17.84134804457426 23.110000000000003
    endloop
  endfacet
  facet normal -0.9569403313378085 -0.2902846917408582 0
    outer loop
      vertex -76.75399783998728 -17.933636464178562 22.810000000000002
      vertex -76.75399783998728 -17.933636464178562 23.110000000000003
      vertex -76.89283134788275 -17.47596374899149 23.110000000000003
    endloop
  endfacet
  facet normal -0.9569403313378085 -0.2902846917408582 0
    outer loop
      vertex -76.75399783998728 -17.933636464178562 22.810000000000002
      vertex -76.89283134788275 -17.47596374899149 23.110000000000003
      vertex -76.89283134788275 -17.47596374899149 22.810000000000002
    endloop
  endfacet
  facet normal 0 0 1
    outer loop
      vertex -76.75399783998728 -17.933636464178562 23.110000000000003
      vertex -76.53119388967752 -17.84134804457426 23.110000000000003
      vertex -76.89283134788275 -17.47596374899149 23.110000000000003
    endloop
  endfacet
  facet normal 0 0 1
    outer loop
      vertex -76.89283134788275 -17.47596374899149 23.110000000000003
      vertex -76.53119388967752 -17.84134804457426 23.110000000000003
      vertex -76.65630393475294 -17.42891552299261 23.110000000000003
    endloop
  endfacet
  facet normal -0.9951847281357373 -0.09801712546998281 0
    outer loop
      vertex -76.89283134788275 -17.47596374899149 22.810000000000002
      vertex -76.89283134788275 -17.47596374899149 23.110000000000003
      vertex -76.93970967829227 -17 23.110000000000003
    endloop
  endfacet
  facet normal 0 0 1
    outer loop
      vertex -76.89283134788275 -17.47596374899149 23.110000000000003
      vertex -76.65630393475294 -17.42891552299261 23.110000000000003
      vertex -76.93970967829227 -17 23.110000000000003
    endloop
  endfacet
  facet normal -0.9951847281357373 -0.09801712546998281 0
    outer loop
      vertex -76.89283134788275 -17.47596374899149 22.810000000000002
      vertex -76.93970967829227 -17 23.110000000000003
      vertex -76.93970967829227 -17 22.810000000000002
    endloop
  endfacet
  facet normal 0 0 1
    outer loop
      vertex -76.65630393475294 -17.42891552299261 23.110000000000003
      vertex -76.6985484212637 -17 23.110000000000003
      vertex -76.93970967829227 -17 23.110000000000003
    endloop
  endfacet
  facet normal -0.7730104323712921 -0.6343933097417942 0
    outer loop
      vertex -76.22513525187969 -18.725135251879692 22.810000000000002
      vertex -76.22513525187969 -18.725135251879692 23.110000000000003
      vertex -76.52854447066784 -18.35543007403612 23.110000000000003
    endloop
  endfacet
  facet normal 0 0 1
    outer loop
      vertex -76.22513525187969 -18.725135251879692 23.110000000000003
      vertex -76.05460849404335 -18.55460849404335 23.110000000000003
      vertex -76.52854447066784 -18.35543007403612 23.110000000000003
    endloop
  endfacet
  facet normal -0.7730104323712921 -0.6343933097417942 0
    outer loop
      vertex -76.22513525187969 -18.725135251879692 22.810000000000002
      vertex -76.52854447066784 -18.35543007403612 23.110000000000003
      vertex -76.52854447066784 -18.35543007403612 22.810000000000002
    endloop
  endfacet
  facet normal 0 0 1
    outer loop
      vertex -76.52854447066784 -18.35543007403612 23.110000000000003
      vertex -76.05460849404335 -18.55460849404335 23.110000000000003
      vertex -76.32802621275187 -18.221448056399822 23.110000000000003
    endloop
  endfacet
  facet normal -0.09801714457603988 -0.9951847262539552 0
    outer loop
      vertex -74.97596374899149 -19.392831347882748 22.810000000000002
      vertex -74.49705235660076 -19.440000005066395 22.810000000000002
      vertex -74.97596374899149 -19.392831347882748 23.110000000000003
    endloop
  endfacet
  facet normal -0.09801714457603988 -0.9951847262539552 0
    outer loop
      vertex -74.97596374899149 -19.392831347882748 23.110000000000003
      vertex -74.49705235660076 -19.440000005066395 22.810000000000002
      vertex -74.49705235660076 -19.440000005066395 23.110000000000003
    endloop
  endfacet
  facet normal 0 0 1
    outer loop
      vertex -75.43363646417856 -19.253997839987278 23.110000000000003
      vertex -74.48526190966368 -19.200000002980232 23.110000000000003
      vertex -74.92891552299261 -19.15630393475294 23.110000000000003
    endloop
  endfacet
  facet normal 0 -1 0
    outer loop
      vertex -74.49705235660076 -19.440000005066395 22.810000000000002
      vertex -69.50294764339924 -19.440000005066395 22.810000000000002
      vertex -74.49705235660076 -19.440000005066395 23.110000000000003
    endloop
  endfacet
  facet normal 0 0 1
    outer loop
      vertex -74.97596374899149 -19.392831347882748 23.110000000000003
      vertex -74.49705235660076 -19.440000005066395 23.110000000000003
      vertex -69.51473809033632 -19.200000002980232 23.110000000000003
    endloop
  endfacet
  facet normal 0 0 1
    outer loop
      vertex -74.97596374899149 -19.392831347882748 23.110000000000003
      vertex -69.51473809033632 -19.200000002980232 23.110000000000003
      vertex -74.48526190966368 -19.200000002980232 23.110000000000003
    endloop
  endfacet
  facet normal -0.9951847281357373 0.09801712546998281 0
    outer loop
      vertex -76.93970967829227 -17 22.810000000000002
      vertex -76.93970967829227 -17 23.110000000000003
      vertex -76.89283134788275 -16.52403625100851 23.110000000000003
    endloop
  endfacet
  facet normal 0 0 1
    outer loop
      vertex -76.93970967829227 -17 23.110000000000003
      vertex -76.6985484212637 -17 23.110000000000003
      vertex -76.89283134788275 -16.52403625100851 23.110000000000003
    endloop
  endfacet
  facet normal -0.9951847281357373 0.09801712546998281 0
    outer loop
      vertex -76.93970967829227 -17 22.810000000000002
      vertex -76.89283134788275 -16.52403625100851 23.110000000000003
      vertex -76.89283134788275 -16.52403625100851 22.810000000000002
    endloop
  endfacet
  facet normal 0 0 1
    outer loop
      vertex -76.6985484212637 -17 23.110000000000003
      vertex -76.65630393475294 -16.57108447700739 23.110000000000003
      vertex -76.89283134788275 -16.52403625100851 23.110000000000003
    endloop
  endfacet
  facet normal -0.9569403313378085 0.2902846917408582 0
    outer loop
      vertex -76.89283134788275 -16.52403625100851 22.810000000000002
      vertex -76.89283134788275 -16.52403625100851 23.110000000000003
      vertex -76.75399783998728 -16.066363535821438 23.110000000000003
    endloop
  endfacet
  facet normal -0.9569403313378085 0.2902846917408582 0
    outer loop
      vertex -76.89283134788275 -16.52403625100851 22.810000000000002
      vertex -76.75399783998728 -16.066363535821438 23.110000000000003
      vertex -76.75399783998728 -16.066363535821438 22.810000000000002
    endloop
  endfacet
  facet normal 0 0 1
    outer loop
      vertex -76.89283134788275 -16.52403625100851 23.110000000000003
      vertex -76.65630393475294 -16.57108447700739 23.110000000000003
      vertex -76.75399783998728 -16.066363535821438 23.110000000000003
    endloop
  endfacet
  facet normal 0 0 1
    outer loop
      vertex -76.65630393475294 -16.57108447700739 23.110000000000003
      vertex -76.53119388967752 -16.15865195542574 23.110000000000003
      vertex -76.75399783998728 -16.066363535821438 23.110000000000003
    endloop
  endfacet
  facet normal 0 0 1
    outer loop
      vertex -76.53119388967752 -16.15865195542574 23.110000000000003
      vertex -76.52854447066784 -15.644569925963879 23.110000000000003
      vertex -76.75399783998728 -16.066363535821438 23.110000000000003
    endloop
  endfacet
  facet normal -0.8819212749726347 0.47139671694936774 0
    outer loop
      vertex -76.75399783998728 -16.066363535821438 22.810000000000002
      vertex -76.52854447066784 -15.644569925963879 23.110000000000003
      vertex -76.52854447066784 -15.644569925963879 22.810000000000002
    endloop
  endfacet
  facet normal -0.8819212749726347 0.47139671694936774 0
    outer loop
      vertex -76.75399783998728 -16.066363535821438 22.810000000000002
      vertex -76.75399783998728 -16.066363535821438 23.110000000000003
      vertex -76.52854447066784 -15.644569925963879 23.110000000000003
    endloop
  endfacet
  facet normal 0 0 1
    outer loop
      vertex -76.53119388967752 -16.15865195542574 23.110000000000003
      vertex -76.32802621275187 -15.778551943600178 23.110000000000003
      vertex -76.52854447066784 -15.644569925963879 23.110000000000003
    endloop
  endfacet
  facet normal 0 0 1
    outer loop
      vertex -76.52854447066784 -15.644569925963879 23.110000000000003
      vertex -76.32802621275187 -15.778551943600178 23.110000000000003
      vertex -76.22513525187969 -15.274864748120308 23.110000000000003
    endloop
  endfacet
  facet normal -0.7730104323712921 0.6343933097417942 0
    outer loop
      vertex -76.52854447066784 -15.644569925963879 22.810000000000002
      vertex -76.52854447066784 -15.644569925963879 23.110000000000003
      vertex -76.22513525187969 -15.274864748120308 23.110000000000003
    endloop
  endfacet
  facet normal -0.7730104323712921 0.6343933097417942 0
    outer loop
      vertex -76.52854447066784 -15.644569925963879 22.810000000000002
      vertex -76.22513525187969 -15.274864748120308 23.110000000000003
      vertex -76.22513525187969 -15.274864748120308 22.810000000000002
    endloop
  endfacet
  facet normal 0 0 1
    outer loop
      vertex -76.32802621275187 -15.778551943600178 23.110000000000003
      vertex -76.05460849404335 -15.44539150595665 23.110000000000003
      vertex -76.22513525187969 -15.274864748120308 23.110000000000003
    endloop
  endfacet
  facet normal -0.6343933097417942 0.7730104323712921 0
    outer loop
      vertex -76.22513525187969 -15.274864748120308 22.810000000000002
      vertex -76.22513525187969 -15.274864748120308 23.110000000000003
      vertex -75.85543007403612 -14.971455529332161 23.110000000000003
    endloop
  endfacet
  facet normal 0 0 1
    outer loop
      vertex -76.05460849404335 -15.44539150595665 23.110000000000003
      vertex -75.85543007403612 -14.971455529332161 23.110000000000003
      vertex -76.22513525187969 -15.274864748120308 23.110000000000003
    endloop
  endfacet
  facet normal 0 0 1
    outer loop
      vertex -76.05460849404335 -15.44539150595665 23.110000000000003
      vertex -75.72144805639982 -15.171973787248135 23.110000000000003
      vertex -75.85543007403612 -14.971455529332161 23.110000000000003
    endloop
  endfacet
  facet normal -0.6343933097417942 0.7730104323712921 0
    outer loop
      vertex -76.22513525187969 -15.274864748120308 22.810000000000002
      vertex -75.85543007403612 -14.971455529332161 23.110000000000003
      vertex -75.85543007403612 -14.971455529332161 22.810000000000002
    endloop
  endfacet
  facet normal -0.47139671694936774 0.8819212749726347 0
    outer loop
      vertex -75.85543007403612 -14.971455529332161 22.810000000000002
      vertex -75.85543007403612 -14.971455529332161 23.110000000000003
      vertex -75.43363646417856 -14.746002160012722 23.110000000000003
    endloop
  endfacet
  facet normal 0 0 1
    outer loop
      vertex -75.72144805639982 -15.171973787248135 23.110000000000003
      vertex -75.34134804457426 -14.968806110322475 23.110000000000003
      vertex -75.85543007403612 -14.971455529332161 23.110000000000003
    endloop
  endfacet
  facet normal 0 0 1
    outer loop
      vertex -75.85543007403612 -14.971455529332161 23.110000000000003
      vertex -75.34134804457426 -14.968806110322475 23.110000000000003
      vertex -75.43363646417856 -14.746002160012722 23.110000000000003
    endloop
  endfacet
  facet normal -0.47139671694936774 0.8819212749726347 0
    outer loop
      vertex -75.85543007403612 -14.971455529332161 22.810000000000002
      vertex -75.43363646417856 -14.746002160012722 23.110000000000003
      vertex -75.43363646417856 -14.746002160012722 22.810000000000002
    endloop
  endfacet
  facet normal 0 0 1
    outer loop
      vertex -75.34134804457426 -14.968806110322475 23.110000000000003
      vertex -74.92891552299261 -14.843696065247059 23.110000000000003
      vertex -75.43363646417856 -14.746002160012722 23.110000000000003
    endloop
  endfacet
  facet normal -0.2902846917408582 0.9569403313378085 0
    outer loop
      vertex -75.43363646417856 -14.746002160012722 22.810000000000002
      vertex -75.43363646417856 -14.746002160012722 23.110000000000003
      vertex -74.97596374899149 -14.607168652117252 23.110000000000003
    endloop
  endfacet
  facet normal -0.2902846917408582 0.9569403313378085 0
    outer loop
      vertex -75.43363646417856 -14.746002160012722 22.810000000000002
      vertex -74.97596374899149 -14.607168652117252 23.110000000000003
      vertex -74.97596374899149 -14.607168652117252 22.810000000000002
    endloop
  endfacet
  facet normal 0 0 1
    outer loop
      vertex -75.43363646417856 -14.746002160012722 23.110000000000003
      vertex -74.49705235660076 -14.559999994933605 23.110000000000003
      vertex -74.97596374899149 -14.607168652117252 23.110000000000003
    endloop
  endfacet
  facet normal 0 0 1
    outer loop
      vertex -75.43363646417856 -14.746002160012722 23.110000000000003
      vertex -74.92891552299261 -14.843696065247059 23.110000000000003
      vertex -74.48526190966368 -14.799999997019768 23.110000000000003
    endloop
  endfacet
  facet normal -0.09801714457603988 0.9951847262539552 0
    outer loop
      vertex -74.97596374899149 -14.607168652117252 22.810000000000002
      vertex -74.49705235660076 -14.559999994933605 23.110000000000003
      vertex -74.49705235660076 -14.559999994933605 22.810000000000002
    endloop
  endfacet
  facet normal -0.09801714457603988 0.9951847262539552 0
    outer loop
      vertex -74.97596374899149 -14.607168652117252 22.810000000000002
      vertex -74.97596374899149 -14.607168652117252 23.110000000000003
      vertex -74.49705235660076 -14.559999994933605 23.110000000000003
    endloop
  endfacet
  facet normal 0 0 1
    outer loop
      vertex -75.43363646417856 -14.746002160012722 23.110000000000003
      vertex -74.48526190966368 -14.799999997019768 23.110000000000003
      vertex -69.50294764339924 -14.559999994933605 23.110000000000003
    endloop
  endfacet
  facet normal 0 0 1
    outer loop
      vertex -75.43363646417856 -14.746002160012722 23.110000000000003
      vertex -69.50294764339924 -14.559999994933605 23.110000000000003
      vertex -74.49705235660076 -14.559999994933605 23.110000000000003
    endloop
  endfacet
  facet normal 0 1 0
    outer loop
      vertex -74.49705235660076 -14.559999994933605 22.810000000000002
      vertex -74.49705235660076 -14.559999994933605 23.110000000000003
      vertex -69.50294764339924 -14.559999994933605 23.110000000000003
    endloop
  endfacet
  facet normal 0 -1 0
    outer loop
      vertex -74.49705235660076 -19.440000005066395 23.110000000000003
      vertex -69.50294764339924 -19.440000005066395 22.810000000000002
      vertex -69.50294764339924 -19.440000005066395 23.110000000000003
    endloop
  endfacet
  facet normal 0 0 1
    outer loop
      vertex -74.49705235660076 -19.440000005066395 23.110000000000003
      vertex -69.50294764339924 -19.440000005066395 23.110000000000003
      vertex -68.56636353582144 -19.253997839987278 23.110000000000003
    endloop
  endfacet
  facet normal 0 0 1
    outer loop
      vertex -74.49705235660076 -19.440000005066395 23.110000000000003
      vertex -68.56636353582144 -19.253997839987278 23.110000000000003
      vertex -69.51473809033632 -19.200000002980232 23.110000000000003
    endloop
  endfacet
  facet normal 0.09801714457603988 -0.9951847262539552 0
    outer loop
      vertex -69.50294764339924 -19.440000005066395 22.810000000000002
      vertex -69.02403625100851 -19.392831347882748 22.810000000000002
      vertex -69.50294764339924 -19.440000005066395 23.110000000000003
    endloop
  endfacet
  facet normal 0.09801714457603988 -0.9951847262539552 0
    outer loop
      vertex -69.50294764339924 -19.440000005066395 23.110000000000003
      vertex -69.02403625100851 -19.392831347882748 22.810000000000002
      vertex -69.02403625100851 -19.392831347882748 23.110000000000003
    endloop
  endfacet
  facet normal 0 0 1
    outer loop
      vertex -69.51473809033632 -19.200000002980232 23.110000000000003
      vertex -68.56636353582144 -19.253997839987278 23.110000000000003
      vertex -69.07108447700739 -19.15630393475294 23.110000000000003
    endloop
  endfacet
  facet normal 0.2902846917408582 -0.9569403313378085 0
    outer loop
      vertex -69.02403625100851 -19.392831347882748 22.810000000000002
      vertex -68.56636353582144 -19.253997839987278 22.810000000000002
      vertex -69.02403625100851 -19.392831347882748 23.110000000000003
    endloop
  endfacet
  facet normal 0 0 1
    outer loop
      vertex -69.50294764339924 -19.440000005066395 23.110000000000003
      vertex -69.02403625100851 -19.392831347882748 23.110000000000003
      vertex -68.56636353582144 -19.253997839987278 23.110000000000003
    endloop
  endfacet
  facet normal 0.2902846917408582 -0.9569403313378085 0
    outer loop
      vertex -68.56636353582144 -19.253997839987278 22.810000000000002
      vertex -68.56636353582144 -19.253997839987278 23.110000000000003
      vertex -69.02403625100851 -19.392831347882748 23.110000000000003
    endloop
  endfacet
  facet normal 0 0 1
    outer loop
      vertex -69.07108447700739 -19.15630393475294 23.110000000000003
      vertex -68.56636353582144 -19.253997839987278 23.110000000000003
      vertex -68.65865195542574 -19.031193889677525 23.110000000000003
    endloop
  endfacet
  facet normal 0.47139671694936774 -0.8819212749726347 0
    outer loop
      vertex -68.56636353582144 -19.253997839987278 22.810000000000002
      vertex -68.14456992596388 -19.02854447066784 22.810000000000002
      vertex -68.56636353582144 -19.253997839987278 23.110000000000003
    endloop
  endfacet
  facet normal 0 0 1
    outer loop
      vertex -68.56636353582144 -19.253997839987278 23.110000000000003
      vertex -68.14456992596388 -19.02854447066784 23.110000000000003
      vertex -68.65865195542574 -19.031193889677525 23.110000000000003
    endloop
  endfacet
  facet normal 0 0 1
    outer loop
      vertex -68.65865195542574 -19.031193889677525 23.110000000000003
      vertex -68.14456992596388 -19.02854447066784 23.110000000000003
      vertex -68.27855194360018 -18.828026212751865 23.110000000000003
    endloop
  endfacet
  facet normal 0.6343933097417942 -0.7730104323712921 0
    outer loop
      vertex -68.14456992596388 -19.02854447066784 22.810000000000002
      vertex -67.77486474812031 -18.725135251879692 22.810000000000002
      vertex -68.14456992596388 -19.02854447066784 23.110000000000003
    endloop
  endfacet
  facet normal 0.47139671694936774 -0.8819212749726347 0
    outer loop
      vertex -68.14456992596388 -19.02854447066784 22.810000000000002
      vertex -68.14456992596388 -19.02854447066784 23.110000000000003
      vertex -68.56636353582144 -19.253997839987278 23.110000000000003
    endloop
  endfacet
  facet normal 0 0 1
    outer loop
      vertex -68.14456992596388 -19.02854447066784 23.110000000000003
      vertex -67.94539150595665 -18.55460849404335 23.110000000000003
      vertex -68.27855194360018 -18.828026212751865 23.110000000000003
    endloop
  endfacet
  facet normal 0 0 1
    outer loop
      vertex -68.14456992596388 -19.02854447066784 23.110000000000003
      vertex -67.77486474812031 -18.725135251879692 23.110000000000003
      vertex -67.94539150595665 -18.55460849404335 23.110000000000003
    endloop
  endfacet
  facet normal 0.6343933097417942 -0.7730104323712921 0
    outer loop
      vertex -67.77486474812031 -18.725135251879692 22.810000000000002
      vertex -67.77486474812031 -18.725135251879692 23.110000000000003
      vertex -68.14456992596388 -19.02854447066784 23.110000000000003
    endloop
  endfacet
  facet normal 0.7730104323712921 -0.6343933097417942 0
    outer loop
      vertex -67.77486474812031 -18.725135251879692 22.810000000000002
      vertex -67.47145552933216 -18.35543007403612 22.810000000000002
      vertex -67.77486474812031 -18.725135251879692 23.110000000000003
    endloop
  endfacet
  facet normal 0 0 1
    outer loop
      vertex -67.77486474812031 -18.725135251879692 23.110000000000003
      vertex -67.67197378724813 -18.221448056399822 23.110000000000003
      vertex -67.94539150595665 -18.55460849404335 23.110000000000003
    endloop
  endfacet
  facet normal 0.7730104323712921 -0.6343933097417942 0
    outer loop
      vertex -67.77486474812031 -18.725135251879692 23.110000000000003
      vertex -67.47145552933216 -18.35543007403612 22.810000000000002
      vertex -67.47145552933216 -18.35543007403612 23.110000000000003
    endloop
  endfacet
  facet normal 0 0 1
    outer loop
      vertex -67.77486474812031 -18.725135251879692 23.110000000000003
      vertex -67.47145552933216 -18.35543007403612 23.110000000000003
      vertex -67.67197378724813 -18.221448056399822 23.110000000000003
    endloop
  endfacet
  facet normal 0.8819212749726347 -0.47139671694936774 0
    outer loop
      vertex -67.47145552933216 -18.35543007403612 22.810000000000002
      vertex -67.24600216001272 -17.933636464178562 22.810000000000002
      vertex -67.47145552933216 -18.35543007403612 23.110000000000003
    endloop
  endfacet
  facet normal 0 0 1
    outer loop
      vertex -67.67197378724813 -18.221448056399822 23.110000000000003
      vertex -67.47145552933216 -18.35543007403612 23.110000000000003
      vertex -67.46880611032248 -17.84134804457426 23.110000000000003
    endloop
  endfacet
  facet normal 0.8819212749726347 -0.47139671694936774 0
    outer loop
      vertex -67.24600216001272 -17.933636464178562 22.810000000000002
      vertex -67.24600216001272 -17.933636464178562 23.110000000000003
      vertex -67.47145552933216 -18.35543007403612 23.110000000000003
    endloop
  endfacet
  facet normal 0 0 1
    outer loop
      vertex -67.47145552933216 -18.35543007403612 23.110000000000003
      vertex -67.24600216001272 -17.933636464178562 23.110000000000003
      vertex -67.46880611032248 -17.84134804457426 23.110000000000003
    endloop
  endfacet
  facet normal 0 0 1
    outer loop
      vertex -67.24600216001272 -17.933636464178562 23.110000000000003
      vertex -67.34369606524706 -17.42891552299261 23.110000000000003
      vertex -67.46880611032248 -17.84134804457426 23.110000000000003
    endloop
  endfacet
  facet normal 0 0 1
    outer loop
      vertex -67.24600216001272 -17.933636464178562 23.110000000000003
      vertex -67.10716865211725 -17.47596374899149 23.110000000000003
      vertex -67.34369606524706 -17.42891552299261 23.110000000000003
    endloop
  endfacet
  facet normal 0.9569403313378085 -0.2902846917408582 0
    outer loop
      vertex -67.24600216001272 -17.933636464178562 22.810000000000002
      vertex -67.10716865211725 -17.47596374899149 22.810000000000002
      vertex -67.24600216001272 -17.933636464178562 23.110000000000003
    endloop
  endfacet
  facet normal 0.9569403313378085 -0.2902846917408582 0
    outer loop
      vertex -67.24600216001272 -17.933636464178562 23.110000000000003
      vertex -67.10716865211725 -17.47596374899149 22.810000000000002
      vertex -67.10716865211725 -17.47596374899149 23.110000000000003
    endloop
  endfacet
  facet normal 0 0 1
    outer loop
      vertex -67.34369606524706 -17.42891552299261 23.110000000000003
      vertex -67.10716865211725 -17.47596374899149 23.110000000000003
      vertex -67.3014515787363 -17 23.110000000000003
    endloop
  endfacet
  facet normal 0.9951847281357373 -0.09801712546998281 0
    outer loop
      vertex -67.10716865211725 -17.47596374899149 22.810000000000002
      vertex -67.06029032170773 -17 22.810000000000002
      vertex -67.10716865211725 -17.47596374899149 23.110000000000003
    endloop
  endfacet
  facet normal 0 0 1
    outer loop
      vertex -67.10716865211725 -17.47596374899149 23.110000000000003
      vertex -67.06029032170773 -17 23.110000000000003
      vertex -67.3014515787363 -17 23.110000000000003
    endloop
  endfacet
  facet normal 0.9951847281357373 -0.09801712546998281 0
    outer loop
      vertex -67.10716865211725 -17.47596374899149 23.110000000000003
      vertex -67.06029032170773 -17 22.810000000000002
      vertex -67.06029032170773 -17 23.110000000000003
    endloop
  endfacet
  facet normal 0 0 1
    outer loop
      vertex -74.48526190966368 -14.799999997019768 23.110000000000003
      vertex -69.51473809033632 -14.799999997019768 23.110000000000003
      vertex -69.02403625100851 -14.607168652117252 23.110000000000003
    endloop
  endfacet
  facet normal 0 1 0
    outer loop
      vertex -74.49705235660076 -14.559999994933605 22.810000000000002
      vertex -69.50294764339924 -14.559999994933605 23.110000000000003
      vertex -69.50294764339924 -14.559999994933605 22.810000000000002
    endloop
  endfacet
  facet normal 0 0 1
    outer loop
      vertex -74.48526190966368 -14.799999997019768 23.110000000000003
      vertex -69.02403625100851 -14.607168652117252 23.110000000000003
      vertex -69.50294764339924 -14.559999994933605 23.110000000000003
    endloop
  endfacet
  facet normal 0 0 1
    outer loop
      vertex -69.51473809033632 -14.799999997019768 23.110000000000003
      vertex -69.07108447700739 -14.843696065247059 23.110000000000003
      vertex -68.56636353582144 -14.746002160012722 23.110000000000003
    endloop
  endfacet
  facet normal 0.09801714457603988 0.9951847262539552 0
    outer loop
      vertex -69.50294764339924 -14.559999994933605 22.810000000000002
      vertex -69.02403625100851 -14.607168652117252 23.110000000000003
      vertex -69.02403625100851 -14.607168652117252 22.810000000000002
    endloop
  endfacet
  facet normal 0.09801714457603988 0.9951847262539552 0
    outer loop
      vertex -69.50294764339924 -14.559999994933605 22.810000000000002
      vertex -69.50294764339924 -14.559999994933605 23.110000000000003
      vertex -69.02403625100851 -14.607168652117252 23.110000000000003
    endloop
  endfacet
  facet normal 0.7730104323712921 0.6343933097417942 0
    outer loop
      vertex -67.47145552933216 -15.644569925963879 22.810000000000002
      vertex -67.77486474812031 -15.274864748120308 22.810000000000002
      vertex -67.47145552933216 -15.644569925963879 23.110000000000003
    endloop
  endfacet
  facet normal 0 0 1
    outer loop
      vertex -67.67197378724813 -15.778551943600178 23.110000000000003
      vertex -67.47145552933216 -15.644569925963879 23.110000000000003
      vertex -67.94539150595665 -15.44539150595665 23.110000000000003
    endloop
  endfacet
  facet normal 0 0 1
    outer loop
      vertex -67.94539150595665 -15.44539150595665 23.110000000000003
      vertex -67.47145552933216 -15.644569925963879 23.110000000000003
      vertex -67.77486474812031 -15.274864748120308 23.110000000000003
    endloop
  endfacet
  facet normal 0.7730104323712921 0.6343933097417942 0
    outer loop
      vertex -67.47145552933216 -15.644569925963879 23.110000000000003
      vertex -67.77486474812031 -15.274864748120308 22.810000000000002
      vertex -67.77486474812031 -15.274864748120308 23.110000000000003
    endloop
  endfacet
  facet normal 0 0 1
    outer loop
      vertex -67.3014515787363 -17 23.110000000000003
      vertex -67.06029032170773 -17 23.110000000000003
      vertex -67.34369606524706 -16.57108447700739 23.110000000000003
    endloop
  endfacet
  facet normal 0.9951847281357373 0.09801712546998281 0
    outer loop
      vertex -67.06029032170773 -17 22.810000000000002
      vertex -67.10716865211725 -16.52403625100851 22.810000000000002
      vertex -67.06029032170773 -17 23.110000000000003
    endloop
  endfacet
  facet normal 0 0 1
    outer loop
      vertex -67.06029032170773 -17 23.110000000000003
      vertex -67.10716865211725 -16.52403625100851 23.110000000000003
      vertex -67.34369606524706 -16.57108447700739 23.110000000000003
    endloop
  endfacet
  facet normal 0.9951847281357373 0.09801712546998281 0
    outer loop
      vertex -67.10716865211725 -16.52403625100851 22.810000000000002
      vertex -67.10716865211725 -16.52403625100851 23.110000000000003
      vertex -67.06029032170773 -17 23.110000000000003
    endloop
  endfacet
  facet normal 0 0 1
    outer loop
      vertex -67.34369606524706 -16.57108447700739 23.110000000000003
      vertex -67.10716865211725 -16.52403625100851 23.110000000000003
      vertex -67.46880611032248 -16.15865195542574 23.110000000000003
    endloop
  endfacet
  facet normal 0 0 1
    outer loop
      vertex -67.46880611032248 -16.15865195542574 23.110000000000003
      vertex -67.10716865211725 -16.52403625100851 23.110000000000003
      vertex -67.24600216001272 -16.066363535821438 23.110000000000003
    endloop
  endfacet
  facet normal 0.9569403313378085 0.2902846917408582 0
    outer loop
      vertex -67.10716865211725 -16.52403625100851 22.810000000000002
      vertex -67.24600216001272 -16.066363535821438 22.810000000000002
      vertex -67.10716865211725 -16.52403625100851 23.110000000000003
    endloop
  endfacet
  facet normal 0.9569403313378085 0.2902846917408582 0
    outer loop
      vertex -67.10716865211725 -16.52403625100851 23.110000000000003
      vertex -67.24600216001272 -16.066363535821438 22.810000000000002
      vertex -67.24600216001272 -16.066363535821438 23.110000000000003
    endloop
  endfacet
  facet normal 0 0 1
    outer loop
      vertex -67.67197378724813 -15.778551943600178 23.110000000000003
      vertex -67.46880611032248 -16.15865195542574 23.110000000000003
      vertex -67.24600216001272 -16.066363535821438 23.110000000000003
    endloop
  endfacet
  facet normal 0.8819212749726347 0.47139671694936774 0
    outer loop
      vertex -67.24600216001272 -16.066363535821438 22.810000000000002
      vertex -67.47145552933216 -15.644569925963879 22.810000000000002
      vertex -67.24600216001272 -16.066363535821438 23.110000000000003
    endloop
  endfacet
  facet normal 0.8819212749726347 0.47139671694936774 0
    outer loop
      vertex -67.47145552933216 -15.644569925963879 22.810000000000002
      vertex -67.47145552933216 -15.644569925963879 23.110000000000003
      vertex -67.24600216001272 -16.066363535821438 23.110000000000003
    endloop
  endfacet
  facet normal 0 0 1
    outer loop
      vertex -67.67197378724813 -15.778551943600178 23.110000000000003
      vertex -67.24600216001272 -16.066363535821438 23.110000000000003
      vertex -67.47145552933216 -15.644569925963879 23.110000000000003
    endloop
  endfacet
  facet normal 0 0 1
    outer loop
      vertex -68.65865195542574 -14.968806110322475 23.110000000000003
      vertex -68.27855194360018 -15.171973787248135 23.110000000000003
      vertex -68.14456992596388 -14.971455529332161 23.110000000000003
    endloop
  endfacet
  facet normal 0 0 1
    outer loop
      vertex -68.65865195542574 -14.968806110322475 23.110000000000003
      vertex -68.14456992596388 -14.971455529332161 23.110000000000003
      vertex -68.56636353582144 -14.746002160012722 23.110000000000003
    endloop
  endfacet
  facet normal 0.2902846917408582 0.9569403313378085 0
    outer loop
      vertex -69.02403625100851 -14.607168652117252 22.810000000000002
      vertex -68.56636353582144 -14.746002160012722 23.110000000000003
      vertex -68.56636353582144 -14.746002160012722 22.810000000000002
    endloop
  endfacet
  facet normal 0 0 1
    outer loop
      vertex -69.51473809033632 -14.799999997019768 23.110000000000003
      vertex -68.56636353582144 -14.746002160012722 23.110000000000003
      vertex -69.02403625100851 -14.607168652117252 23.110000000000003
    endloop
  endfacet
  facet normal 0 0 1
    outer loop
      vertex -69.07108447700739 -14.843696065247059 23.110000000000003
      vertex -68.65865195542574 -14.968806110322475 23.110000000000003
      vertex -68.56636353582144 -14.746002160012722 23.110000000000003
    endloop
  endfacet
  facet normal 0.2902846917408582 0.9569403313378085 0
    outer loop
      vertex -69.02403625100851 -14.607168652117252 22.810000000000002
      vertex -69.02403625100851 -14.607168652117252 23.110000000000003
      vertex -68.56636353582144 -14.746002160012722 23.110000000000003
    endloop
  endfacet
  facet normal 0.47139671694936774 0.8819212749726347 0
    outer loop
      vertex -68.56636353582144 -14.746002160012722 22.810000000000002
      vertex -68.56636353582144 -14.746002160012722 23.110000000000003
      vertex -68.14456992596388 -14.971455529332161 23.110000000000003
    endloop
  endfacet
  facet normal 0 0 1
    outer loop
      vertex -67.94539150595665 -15.44539150595665 23.110000000000003
      vertex -67.77486474812031 -15.274864748120308 23.110000000000003
      vertex -68.27855194360018 -15.171973787248135 23.110000000000003
    endloop
  endfacet
  facet normal 0 0 1
    outer loop
      vertex -68.27855194360018 -15.171973787248135 23.110000000000003
      vertex -67.77486474812031 -15.274864748120308 23.110000000000003
      vertex -68.14456992596388 -14.971455529332161 23.110000000000003
    endloop
  endfacet
  facet normal 0.47139671694936774 0.8819212749726347 0
    outer loop
      vertex -68.56636353582144 -14.746002160012722 22.810000000000002
      vertex -68.14456992596388 -14.971455529332161 23.110000000000003
      vertex -68.14456992596388 -14.971455529332161 22.810000000000002
    endloop
  endfacet
  facet normal 0.6343933097417942 0.7730104323712921 0
    outer loop
      vertex -68.14456992596388 -14.971455529332161 22.810000000000002
      vertex -68.14456992596388 -14.971455529332161 23.110000000000003
      vertex -67.77486474812031 -15.274864748120308 23.110000000000003
    endloop
  endfacet
  facet normal 0.6343933097417942 0.7730104323712921 0
    outer loop
      vertex -68.14456992596388 -14.971455529332161 22.810000000000002
      vertex -67.77486474812031 -15.274864748120308 23.110000000000003
      vertex -67.77486474812031 -15.274864748120308 22.810000000000002
    endloop
  endfacet
  facet normal -0.6343933095180923 -0.7730104325548794 0
    outer loop
      vertex -76.90724229067564 -19.40724229067564 21.6
      vertex -76.39135813713074 -19.830617502331734 20.400000000000002
      vertex -76.39135813713074 -19.830617502331734 21.6
    endloop
  endfacet
  facet normal -0.7730104325548794 -0.6343933095180923 0
    outer loop
      vertex -77.33061750233173 -18.891358137130737 20.400000000000002
      vertex -76.90724229067564 -19.40724229067564 20.400000000000002
      vertex -77.33061750233173 -18.891358137130737 21.6
    endloop
  endfacet
  facet normal -0.7730104325548794 -0.6343933095180923 0
    outer loop
      vertex -76.90724229067564 -19.40724229067564 20.400000000000002
      vertex -76.90724229067564 -19.40724229067564 21.6
      vertex -77.33061750233173 -18.891358137130737 21.6
    endloop
  endfacet
  facet normal -0.6343933095180923 -0.7730104325548794 0
    outer loop
      vertex -76.90724229067564 -19.40724229067564 20.400000000000002
      vertex -76.39135813713074 -19.830617502331734 20.400000000000002
      vertex -76.90724229067564 -19.40724229067564 21.6
    endloop
  endfacet
  facet normal -0.4713967176969862 -0.8819212745730244 0
    outer loop
      vertex -75.8027901276946 -20.14521364122629 20.400000000000002
      vertex -75.8027901276946 -20.14521364122629 21.6
      vertex -76.39135813713074 -19.830617502331734 21.6
    endloop
  endfacet
  facet normal -0.4713967176969862 -0.8819212745730244 0
    outer loop
      vertex -75.8027901276946 -20.14521364122629 20.400000000000002
      vertex -76.39135813713074 -19.830617502331734 21.6
      vertex -76.39135813713074 -19.830617502331734 20.400000000000002
    endloop
  endfacet
  facet normal -0.2902846904986786 -0.9569403317146197 0
    outer loop
      vertex -75.8027901276946 -20.14521364122629 20.400000000000002
      vertex -75.16415666788816 -20.338940992951393 20.400000000000002
      vertex -75.8027901276946 -20.14521364122629 21.6
    endloop
  endfacet
  facet normal -0.2902846904986786 -0.9569403317146197 0
    outer loop
      vertex -75.16415666788816 -20.338940992951393 20.400000000000002
      vertex -75.16415666788816 -20.338940992951393 21.6
      vertex -75.8027901276946 -20.14521364122629 21.6
    endloop
  endfacet
  facet normal -0.09801714414092394 -0.9951847262968103 0
    outer loop
      vertex -75.16415666788816 -20.338940992951393 20.400000000000002
      vertex -74.54421412944794 -20.400000005960464 20.400000000000002
      vertex -75.16415666788816 -20.338940992951393 21.6
    endloop
  endfacet
  facet normal 0 0 -1
    outer loop
      vertex -77.33061750233173 -18.891358137130737 20.400000000000002
      vertex -72.46352549156242 -18.42658477444273 20.400000000000002
      vertex -76.90724229067564 -19.40724229067564 20.400000000000002
    endloop
  endfacet
  facet normal -0.8819212745730244 -0.4713967176969862 0
    outer loop
      vertex -77.33061750233173 -18.891358137130737 20.400000000000002
      vertex -77.64521364122629 -18.302790127694607 21.6
      vertex -77.64521364122629 -18.302790127694607 20.400000000000002
    endloop
  endfacet
  facet normal -0.8819212745730244 -0.4713967176969862 0
    outer loop
      vertex -77.33061750233173 -18.891358137130737 20.400000000000002
      vertex -77.33061750233173 -18.891358137130737 21.6
      vertex -77.64521364122629 -18.302790127694607 21.6
    endloop
  endfacet
  facet normal -0.9569403326553639 -0.29028468739746066 0
    outer loop
      vertex -77.64521364122629 -18.302790127694607 20.400000000000002
      vertex -77.64521364122629 -18.302790127694607 21.6
      vertex -77.8389409929514 -17.664156660437584 21.6
    endloop
  endfacet
  facet normal -0.9569403326553639 -0.29028468739746066 0
    outer loop
      vertex -77.64521364122629 -18.302790127694607 20.400000000000002
      vertex -77.8389409929514 -17.664156660437584 21.6
      vertex -77.8389409929514 -17.664156660437584 20.400000000000002
    endloop
  endfacet
  facet normal -0.9951847278532424 -0.09801712833820363 0
    outer loop
      vertex -77.8389409929514 -17.664156660437584 20.400000000000002
      vertex -77.8389409929514 -17.664156660437584 21.6
      vertex -77.9043547064066 -17 21.6
    endloop
  endfacet
  facet normal -0.9951847278532424 -0.09801712833820363 0
    outer loop
      vertex -77.8389409929514 -17.664156660437584 20.400000000000002
      vertex -77.9043547064066 -17 21.6
      vertex -77.9043547064066 -17 20.400000000000002
    endloop
  endfacet
  facet normal 0 0 -1
    outer loop
      vertex -77.33061750233173 -18.891358137130737 20.400000000000002
      vertex -77.64521364122629 -18.302790127694607 20.400000000000002
      vertex -73.21352549156242 -17.88167787843871 20.400000000000002
    endloop
  endfacet
  facet normal 0 0 -1
    outer loop
      vertex -77.64521364122629 -18.302790127694607 20.400000000000002
      vertex -77.8389409929514 -17.664156660437584 20.400000000000002
      vertex -73.42658477444273 -17.46352549156242 20.400000000000002
    endloop
  endfacet
  facet normal 0 0 -1
    outer loop
      vertex -77.8389409929514 -17.664156660437584 20.400000000000002
      vertex -77.9043547064066 -17 20.400000000000002
      vertex -73.5 -17 20.400000000000002
    endloop
  endfacet
  facet normal -0.09801714414092394 -0.9951847262968103 0
    outer loop
      vertex -75.16415666788816 -20.338940992951393 21.6
      vertex -74.54421412944794 -20.400000005960464 20.400000000000002
      vertex -74.54421412944794 -20.400000005960464 21.6
    endloop
  endfacet
  facet normal 0 0 -1
    outer loop
      vertex -76.90724229067564 -19.40724229067564 20.400000000000002
      vertex -72.46352549156242 -18.42658477444273 20.400000000000002
      vertex -72 -18.5 20.400000000000002
    endloop
  endfacet
  facet normal 0 0 -1
    outer loop
      vertex -76.90724229067564 -19.40724229067564 20.400000000000002
      vertex -72 -18.5 20.400000000000002
      vertex -71.53647450843758 -18.42658477444273 20.400000000000002
    endloop
  endfacet
  facet normal 0 -1 0
    outer loop
      vertex -74.54421412944794 -20.400000005960464 20.400000000000002
      vertex -69.45578587055206 -20.400000005960464 20.400000000000002
      vertex -74.54421412944794 -20.400000005960464 21.6
    endloop
  endfacet
  facet normal 0 0 -1
    outer loop
      vertex -75.8027901276946 -20.14521364122629 20.400000000000002
      vertex -76.39135813713074 -19.830617502331734 20.400000000000002
      vertex -66.66938249766827 -18.891358137130737 20.400000000000002
    endloop
  endfacet
  facet normal 0 0 -1
    outer loop
      vertex -75.16415666788816 -20.338940992951393 20.400000000000002
      vertex -67.60864186286926 -19.830617502331734 20.400000000000002
      vertex -74.54421412944794 -20.400000005960464 20.400000000000002
    endloop
  endfacet
  facet normal 0 0 -1
    outer loop
      vertex -75.8027901276946 -20.14521364122629 20.400000000000002
      vertex -67.09275770932436 -19.40724229067564 20.400000000000002
      vertex -75.16415666788816 -20.338940992951393 20.400000000000002
    endloop
  endfacet
  facet normal 0 0 -1
    outer loop
      vertex -76.90724229067564 -19.40724229067564 20.400000000000002
      vertex -66.35478635877371 -18.302790127694607 20.400000000000002
      vertex -76.39135813713074 -19.830617502331734 20.400000000000002
    endloop
  endfacet
  facet normal 0 0 -1
    outer loop
      vertex -77.33061750233173 -18.891358137130737 20.400000000000002
      vertex -72.88167787843871 -18.21352549156242 20.400000000000002
      vertex -72.46352549156242 -18.42658477444273 20.400000000000002
    endloop
  endfacet
  facet normal 0 0 -1
    outer loop
      vertex -77.33061750233173 -18.891358137130737 20.400000000000002
      vertex -73.21352549156242 -17.88167787843871 20.400000000000002
      vertex -72.88167787843871 -18.21352549156242 20.400000000000002
    endloop
  endfacet
  facet normal 0 0 -1
    outer loop
      vertex -77.64521364122629 -18.302790127694607 20.400000000000002
      vertex -73.42658477444273 -17.46352549156242 20.400000000000002
      vertex -73.21352549156242 -17.88167787843871 20.400000000000002
    endloop
  endfacet
  facet normal 0 0 -1
    outer loop
      vertex -77.8389409929514 -17.664156660437584 20.400000000000002
      vertex -73.5 -17 20.400000000000002
      vertex -73.42658477444273 -17.46352549156242 20.400000000000002
    endloop
  endfacet
  facet normal -0.9951847278532424 0.09801712833820363 0
    outer loop
      vertex -77.9043547064066 -17 20.400000000000002
      vertex -77.9043547064066 -17 21.6
      vertex -77.8389409929514 -16.335843339562416 21.6
    endloop
  endfacet
  facet normal -0.9951847278532424 0.09801712833820363 0
    outer loop
      vertex -77.9043547064066 -17 20.400000000000002
      vertex -77.8389409929514 -16.335843339562416 21.6
      vertex -77.8389409929514 -16.335843339562416 20.400000000000002
    endloop
  endfacet
  facet normal -0.9569403326553639 0.29028468739746066 0
    outer loop
      vertex -77.8389409929514 -16.335843339562416 20.400000000000002
      vertex -77.8389409929514 -16.335843339562416 21.6
      vertex -77.64521364122629 -15.697209872305393 21.6
    endloop
  endfacet
  facet normal -0.9569403326553639 0.29028468739746066 0
    outer loop
      vertex -77.8389409929514 -16.335843339562416 20.400000000000002
      vertex -77.64521364122629 -15.697209872305393 21.6
      vertex -77.64521364122629 -15.697209872305393 20.400000000000002
    endloop
  endfacet
  facet normal -0.8819212745730244 0.4713967176969862 0
    outer loop
      vertex -77.64521364122629 -15.697209872305393 20.400000000000002
      vertex -77.64521364122629 -15.697209872305393 21.6
      vertex -77.33061750233173 -15.108641862869263 21.6
    endloop
  endfacet
  facet normal -0.8819212745730244 0.4713967176969862 0
    outer loop
      vertex -77.64521364122629 -15.697209872305393 20.400000000000002
      vertex -77.33061750233173 -15.108641862869263 21.6
      vertex -77.33061750233173 -15.108641862869263 20.400000000000002
    endloop
  endfacet
  facet normal 0 0 -1
    outer loop
      vertex -77.9043547064066 -17 20.400000000000002
      vertex -77.8389409929514 -16.335843339562416 20.400000000000002
      vertex -73.42658477444273 -16.53647450843758 20.400000000000002
    endloop
  endfacet
  facet normal -0.7730104325548794 0.6343933095180923 0
    outer loop
      vertex -77.33061750233173 -15.108641862869263 20.400000000000002
      vertex -77.33061750233173 -15.108641862869263 21.6
      vertex -76.90724229067564 -14.59275770932436 21.6
    endloop
  endfacet
  facet normal -0.7730104325548794 0.6343933095180923 0
    outer loop
      vertex -77.33061750233173 -15.108641862869263 20.400000000000002
      vertex -76.90724229067564 -14.59275770932436 21.6
      vertex -76.90724229067564 -14.59275770932436 20.400000000000002
    endloop
  endfacet
  facet normal -0.6343933095180923 0.7730104325548794 0
    outer loop
      vertex -76.90724229067564 -14.59275770932436 20.400000000000002
      vertex -76.90724229067564 -14.59275770932436 21.6
      vertex -76.39135813713074 -14.169382497668266 21.6
    endloop
  endfacet
  facet normal -0.6343933095180923 0.7730104325548794 0
    outer loop
      vertex -76.90724229067564 -14.59275770932436 20.400000000000002
      vertex -76.39135813713074 -14.169382497668266 21.6
      vertex -76.39135813713074 -14.169382497668266 20.400000000000002
    endloop
  endfacet
  facet normal -0.4713967176969862 0.8819212745730244 0
    outer loop
      vertex -76.39135813713074 -14.169382497668266 20.400000000000002
      vertex -76.39135813713074 -14.169382497668266 21.6
      vertex -75.8027901276946 -13.854786358773708 21.6
    endloop
  endfacet
  facet normal -0.4713967176969862 0.8819212745730244 0
    outer loop
      vertex -76.39135813713074 -14.169382497668266 20.400000000000002
      vertex -75.8027901276946 -13.854786358773708 21.6
      vertex -75.8027901276946 -13.854786358773708 20.400000000000002
    endloop
  endfacet
  facet normal 0 0 -1
    outer loop
      vertex -75.8027901276946 -13.854786358773708 20.400000000000002
      vertex -75.16415666788816 -13.661059007048607 20.400000000000002
      vertex -74.54421412944794 -13.599999994039536 20.400000000000002
    endloop
  endfacet
  facet normal -0.2902846904986786 0.9569403317146197 0
    outer loop
      vertex -75.8027901276946 -13.854786358773708 20.400000000000002
      vertex -75.16415666788816 -13.661059007048607 21.6
      vertex -75.16415666788816 -13.661059007048607 20.400000000000002
    endloop
  endfacet
  facet normal -0.2902846904986786 0.9569403317146197 0
    outer loop
      vertex -75.8027901276946 -13.854786358773708 20.400000000000002
      vertex -75.8027901276946 -13.854786358773708 21.6
      vertex -75.16415666788816 -13.661059007048607 21.6
    endloop
  endfacet
  facet normal -0.09801714414092394 0.9951847262968103 0
    outer loop
      vertex -75.16415666788816 -13.661059007048607 20.400000000000002
      vertex -75.16415666788816 -13.661059007048607 21.6
      vertex -74.54421412944794 -13.599999994039536 21.6
    endloop
  endfacet
  facet normal 0 0 -1
    outer loop
      vertex -77.9043547064066 -17 20.400000000000002
      vertex -73.42658477444273 -16.53647450843758 20.400000000000002
      vertex -73.5 -17 20.400000000000002
    endloop
  endfacet
  facet normal 0 0 -1
    outer loop
      vertex -77.8389409929514 -16.335843339562416 20.400000000000002
      vertex -73.21352549156242 -16.11832212156129 20.400000000000002
      vertex -73.42658477444273 -16.53647450843758 20.400000000000002
    endloop
  endfacet
  facet normal 0 0 -1
    outer loop
      vertex -77.8389409929514 -16.335843339562416 20.400000000000002
      vertex -72.88167787843871 -15.786474508437578 20.400000000000002
      vertex -73.21352549156242 -16.11832212156129 20.400000000000002
    endloop
  endfacet
  facet normal 0 0 -1
    outer loop
      vertex -77.8389409929514 -16.335843339562416 20.400000000000002
      vertex -72.46352549156242 -15.57341522555727 20.400000000000002
      vertex -72.88167787843871 -15.786474508437578 20.400000000000002
    endloop
  endfacet
  facet normal 0 0 -1
    outer loop
      vertex -77.8389409929514 -16.335843339562416 20.400000000000002
      vertex -77.64521364122629 -15.697209872305393 20.400000000000002
      vertex -67.09275770932436 -14.59275770932436 20.400000000000002
    endloop
  endfacet
  facet normal 0 0 -1
    outer loop
      vertex -77.8389409929514 -16.335843339562416 20.400000000000002
      vertex -67.09275770932436 -14.59275770932436 20.400000000000002
      vertex -72.46352549156242 -15.57341522555727 20.400000000000002
    endloop
  endfacet
  facet normal 0 0 -1
    outer loop
      vertex -77.64521364122629 -15.697209872305393 20.400000000000002
      vertex -77.33061750233173 -15.108641862869263 20.400000000000002
      vertex -67.60864186286926 -14.169382497668266 20.400000000000002
    endloop
  endfacet
  facet normal 0 0 -1
    outer loop
      vertex -77.33061750233173 -15.108641862869263 20.400000000000002
      vertex -76.90724229067564 -14.59275770932436 20.400000000000002
      vertex -68.1972098723054 -13.854786358773708 20.400000000000002
    endloop
  endfacet
  facet normal -0.09801714414092394 0.9951847262968103 0
    outer loop
      vertex -75.16415666788816 -13.661059007048607 20.400000000000002
      vertex -74.54421412944794 -13.599999994039536 21.6
      vertex -74.54421412944794 -13.599999994039536 20.400000000000002
    endloop
  endfacet
  facet normal 0 0 -1
    outer loop
      vertex -76.90724229067564 -14.59275770932436 20.400000000000002
      vertex -76.39135813713074 -14.169382497668266 20.400000000000002
      vertex -68.83584333211184 -13.661059007048607 20.400000000000002
    endloop
  endfacet
  facet normal 0 0 -1
    outer loop
      vertex -76.39135813713074 -14.169382497668266 20.400000000000002
      vertex -75.8027901276946 -13.854786358773708 20.400000000000002
      vertex -69.45578587055206 -13.599999994039536 20.400000000000002
    endloop
  endfacet
  facet normal 0 0 -1
    outer loop
      vertex -75.8027901276946 -13.854786358773708 20.400000000000002
      vertex -74.54421412944794 -13.599999994039536 20.400000000000002
      vertex -69.45578587055206 -13.599999994039536 20.400000000000002
    endloop
  endfacet
  facet normal 0 1 0
    outer loop
      vertex -74.54421412944794 -13.599999994039536 20.400000000000002
      vertex -74.54421412944794 -13.599999994039536 21.6
      vertex -69.45578587055206 -13.599999994039536 21.6
    endloop
  endfacet
  facet normal 0 0 -1
    outer loop
      vertex -74.54421412944794 -20.400000005960464 20.400000000000002
      vertex -68.1972098723054 -20.14521364122629 20.400000000000002
      vertex -69.45578587055206 -20.400000005960464 20.400000000000002
    endloop
  endfacet
  facet normal 0 -1 0
    outer loop
      vertex -74.54421412944794 -20.400000005960464 21.6
      vertex -69.45578587055206 -20.400000005960464 20.400000000000002
      vertex -69.45578587055206 -20.400000005960464 21.6
    endloop
  endfacet
  facet normal 0 0 -1
    outer loop
      vertex -74.54421412944794 -20.400000005960464 20.400000000000002
      vertex -67.60864186286926 -19.830617502331734 20.400000000000002
      vertex -68.1972098723054 -20.14521364122629 20.400000000000002
    endloop
  endfacet
  facet normal 0 0 -1
    outer loop
      vertex -75.16415666788816 -20.338940992951393 20.400000000000002
      vertex -67.09275770932436 -19.40724229067564 20.400000000000002
      vertex -67.60864186286926 -19.830617502331734 20.400000000000002
    endloop
  endfacet
  facet normal 0.09801714414092394 -0.9951847262968103 0
    outer loop
      vertex -69.45578587055206 -20.400000005960464 20.400000000000002
      vertex -68.83584333211184 -20.338940992951393 20.400000000000002
      vertex -69.45578587055206 -20.400000005960464 21.6
    endloop
  endfacet
  facet normal 0 0 -1
    outer loop
      vertex -75.8027901276946 -20.14521364122629 20.400000000000002
      vertex -66.66938249766827 -18.891358137130737 20.400000000000002
      vertex -67.09275770932436 -19.40724229067564 20.400000000000002
    endloop
  endfacet
  facet normal 0 0 -1
    outer loop
      vertex -76.39135813713074 -19.830617502331734 20.400000000000002
      vertex -66.35478635877371 -18.302790127694607 20.400000000000002
      vertex -66.66938249766827 -18.891358137130737 20.400000000000002
    endloop
  endfacet
  facet normal 0 0 -1
    outer loop
      vertex -76.90724229067564 -19.40724229067564 20.400000000000002
      vertex -71.53647450843758 -18.42658477444273 20.400000000000002
      vertex -66.1610590070486 -17.664156660437584 20.400000000000002
    endloop
  endfacet
  facet normal 0 0 -1
    outer loop
      vertex -76.90724229067564 -19.40724229067564 20.400000000000002
      vertex -66.1610590070486 -17.664156660437584 20.400000000000002
      vertex -66.35478635877371 -18.302790127694607 20.400000000000002
    endloop
  endfacet
  facet normal 0 0 -1
    outer loop
      vertex -66.1610590070486 -17.664156660437584 20.400000000000002
      vertex -71.53647450843758 -18.42658477444273 20.400000000000002
      vertex -71.11832212156129 -18.21352549156242 20.400000000000002
    endloop
  endfacet
  facet normal 0 0 -1
    outer loop
      vertex -66.1610590070486 -17.664156660437584 20.400000000000002
      vertex -71.11832212156129 -18.21352549156242 20.400000000000002
      vertex -70.78647450843758 -17.88167787843871 20.400000000000002
    endloop
  endfacet
  facet normal 0 0 -1
    outer loop
      vertex -66.1610590070486 -17.664156660437584 20.400000000000002
      vertex -70.78647450843758 -17.88167787843871 20.400000000000002
      vertex -70.57341522555727 -17.46352549156242 20.400000000000002
    endloop
  endfacet
  facet normal 0 0 -1
    outer loop
      vertex -66.0956452935934 -17 20.400000000000002
      vertex -70.57341522555727 -17.46352549156242 20.400000000000002
      vertex -70.5 -17 20.400000000000002
    endloop
  endfacet
  facet normal 0 0 -1
    outer loop
      vertex -69.45578587055206 -20.400000005960464 20.400000000000002
      vertex -68.1972098723054 -20.14521364122629 20.400000000000002
      vertex -68.83584333211184 -20.338940992951393 20.400000000000002
    endloop
  endfacet
  facet normal 0.09801714414092394 -0.9951847262968103 0
    outer loop
      vertex -69.45578587055206 -20.400000005960464 21.6
      vertex -68.83584333211184 -20.338940992951393 20.400000000000002
      vertex -68.83584333211184 -20.338940992951393 21.6
    endloop
  endfacet
  facet normal 0.2902846904986786 -0.9569403317146197 0
    outer loop
      vertex -68.83584333211184 -20.338940992951393 20.400000000000002
      vertex -68.1972098723054 -20.14521364122629 20.400000000000002
      vertex -68.83584333211184 -20.338940992951393 21.6
    endloop
  endfacet
  facet normal 0.2902846904986786 -0.9569403317146197 0
    outer loop
      vertex -68.1972098723054 -20.14521364122629 20.400000000000002
      vertex -68.1972098723054 -20.14521364122629 21.6
      vertex -68.83584333211184 -20.338940992951393 21.6
    endloop
  endfacet
  facet normal 0.4713967176969862 -0.8819212745730244 0
    outer loop
      vertex -68.1972098723054 -20.14521364122629 20.400000000000002
      vertex -67.60864186286926 -19.830617502331734 20.400000000000002
      vertex -68.1972098723054 -20.14521364122629 21.6
    endloop
  endfacet
  facet normal 0.4713967176969862 -0.8819212745730244 0
    outer loop
      vertex -67.60864186286926 -19.830617502331734 20.400000000000002
      vertex -67.60864186286926 -19.830617502331734 21.6
      vertex -68.1972098723054 -20.14521364122629 21.6
    endloop
  endfacet
  facet normal 0.6343933095180923 -0.7730104325548794 0
    outer loop
      vertex -67.60864186286926 -19.830617502331734 20.400000000000002
      vertex -67.09275770932436 -19.40724229067564 20.400000000000002
      vertex -67.60864186286926 -19.830617502331734 21.6
    endloop
  endfacet
  facet normal 0.6343933095180923 -0.7730104325548794 0
    outer loop
      vertex -67.60864186286926 -19.830617502331734 21.6
      vertex -67.09275770932436 -19.40724229067564 20.400000000000002
      vertex -67.09275770932436 -19.40724229067564 21.6
    endloop
  endfacet
  facet normal 0.7730104325548794 -0.6343933095180923 0
    outer loop
      vertex -67.09275770932436 -19.40724229067564 20.400000000000002
      vertex -66.66938249766827 -18.891358137130737 20.400000000000002
      vertex -67.09275770932436 -19.40724229067564 21.6
    endloop
  endfacet
  facet normal 0.7730104325548794 -0.6343933095180923 0
    outer loop
      vertex -66.66938249766827 -18.891358137130737 20.400000000000002
      vertex -66.66938249766827 -18.891358137130737 21.6
      vertex -67.09275770932436 -19.40724229067564 21.6
    endloop
  endfacet
  facet normal 0 0 -1
    outer loop
      vertex -66.1610590070486 -17.664156660437584 20.400000000000002
      vertex -70.57341522555727 -17.46352549156242 20.400000000000002
      vertex -66.0956452935934 -17 20.400000000000002
    endloop
  endfacet
  facet normal 0.8819212745730244 -0.4713967176969862 0
    outer loop
      vertex -66.66938249766827 -18.891358137130737 20.400000000000002
      vertex -66.35478635877371 -18.302790127694607 20.400000000000002
      vertex -66.66938249766827 -18.891358137130737 21.6
    endloop
  endfacet
  facet normal 0.8819212745730244 -0.4713967176969862 0
    outer loop
      vertex -66.66938249766827 -18.891358137130737 21.6
      vertex -66.35478635877371 -18.302790127694607 20.400000000000002
      vertex -66.35478635877371 -18.302790127694607 21.6
    endloop
  endfacet
  facet normal 0.9569403326553639 -0.29028468739746066 0
    outer loop
      vertex -66.35478635877371 -18.302790127694607 20.400000000000002
      vertex -66.1610590070486 -17.664156660437584 20.400000000000002
      vertex -66.35478635877371 -18.302790127694607 21.6
    endloop
  endfacet
  facet normal 0.9569403326553639 -0.29028468739746066 0
    outer loop
      vertex -66.35478635877371 -18.302790127694607 21.6
      vertex -66.1610590070486 -17.664156660437584 20.400000000000002
      vertex -66.1610590070486 -17.664156660437584 21.6
    endloop
  endfacet
  facet normal 0.9951847278532424 -0.09801712833820363 0
    outer loop
      vertex -66.1610590070486 -17.664156660437584 20.400000000000002
      vertex -66.0956452935934 -17 20.400000000000002
      vertex -66.1610590070486 -17.664156660437584 21.6
    endloop
  endfacet
  facet normal 0.9951847278532424 -0.09801712833820363 0
    outer loop
      vertex -66.1610590070486 -17.664156660437584 21.6
      vertex -66.0956452935934 -17 20.400000000000002
      vertex -66.0956452935934 -17 21.6
    endloop
  endfacet
  facet normal 0 0 -1
    outer loop
      vertex -66.1610590070486 -16.335843339562416 20.400000000000002
      vertex -70.5 -17 20.400000000000002
      vertex -70.57341522555727 -16.53647450843758 20.400000000000002
    endloop
  endfacet
  facet normal 0 0 -1
    outer loop
      vertex -66.35478635877371 -15.697209872305393 20.400000000000002
      vertex -70.57341522555727 -16.53647450843758 20.400000000000002
      vertex -70.78647450843758 -16.11832212156129 20.400000000000002
    endloop
  endfacet
  facet normal 0 0 -1
    outer loop
      vertex -66.66938249766827 -15.108641862869263 20.400000000000002
      vertex -70.78647450843758 -16.11832212156129 20.400000000000002
      vertex -71.11832212156129 -15.786474508437578 20.400000000000002
    endloop
  endfacet
  facet normal 0 0 -1
    outer loop
      vertex -66.66938249766827 -15.108641862869263 20.400000000000002
      vertex -71.11832212156129 -15.786474508437578 20.400000000000002
      vertex -71.53647450843758 -15.57341522555727 20.400000000000002
    endloop
  endfacet
  facet normal 0 0 -1
    outer loop
      vertex -77.64521364122629 -15.697209872305393 20.400000000000002
      vertex -67.60864186286926 -14.169382497668266 20.400000000000002
      vertex -67.09275770932436 -14.59275770932436 20.400000000000002
    endloop
  endfacet
  facet normal 0 0 -1
    outer loop
      vertex -76.90724229067564 -14.59275770932436 20.400000000000002
      vertex -68.83584333211184 -13.661059007048607 20.400000000000002
      vertex -68.1972098723054 -13.854786358773708 20.400000000000002
    endloop
  endfacet
  facet normal 0 0 -1
    outer loop
      vertex -76.39135813713074 -14.169382497668266 20.400000000000002
      vertex -69.45578587055206 -13.599999994039536 20.400000000000002
      vertex -68.83584333211184 -13.661059007048607 20.400000000000002
    endloop
  endfacet
  facet normal 0 0 -1
    outer loop
      vertex -77.33061750233173 -15.108641862869263 20.400000000000002
      vertex -68.1972098723054 -13.854786358773708 20.400000000000002
      vertex -67.60864186286926 -14.169382497668266 20.400000000000002
    endloop
  endfacet
  facet normal 0 1 0
    outer loop
      vertex -74.54421412944794 -13.599999994039536 20.400000000000002
      vertex -69.45578587055206 -13.599999994039536 21.6
      vertex -69.45578587055206 -13.599999994039536 20.400000000000002
    endloop
  endfacet
  facet normal 0 0 -1
    outer loop
      vertex -67.09275770932436 -14.59275770932436 20.400000000000002
      vertex -72 -15.5 20.400000000000002
      vertex -72.46352549156242 -15.57341522555727 20.400000000000002
    endloop
  endfacet
  facet normal 0 0 -1
    outer loop
      vertex -67.09275770932436 -14.59275770932436 20.400000000000002
      vertex -71.53647450843758 -15.57341522555727 20.400000000000002
      vertex -72 -15.5 20.400000000000002
    endloop
  endfacet
  facet normal 0.09801714414092394 0.9951847262968103 0
    outer loop
      vertex -69.45578587055206 -13.599999994039536 20.400000000000002
      vertex -69.45578587055206 -13.599999994039536 21.6
      vertex -68.83584333211184 -13.661059007048607 21.6
    endloop
  endfacet
  facet normal 0 0 -1
    outer loop
      vertex -66.0956452935934 -17 20.400000000000002
      vertex -70.5 -17 20.400000000000002
      vertex -66.1610590070486 -16.335843339562416 20.400000000000002
    endloop
  endfacet
  facet normal 0 0 -1
    outer loop
      vertex -66.1610590070486 -16.335843339562416 20.400000000000002
      vertex -70.57341522555727 -16.53647450843758 20.400000000000002
      vertex -66.35478635877371 -15.697209872305393 20.400000000000002
    endloop
  endfacet
  facet normal 0 0 -1
    outer loop
      vertex -66.35478635877371 -15.697209872305393 20.400000000000002
      vertex -70.78647450843758 -16.11832212156129 20.400000000000002
      vertex -66.66938249766827 -15.108641862869263 20.400000000000002
    endloop
  endfacet
  facet normal 0.9951847278532424 0.09801712833820363 0
    outer loop
      vertex -66.0956452935934 -17 20.400000000000002
      vertex -66.1610590070486 -16.335843339562416 20.400000000000002
      vertex -66.0956452935934 -17 21.6
    endloop
  endfacet
  facet normal 0.9951847278532424 0.09801712833820363 0
    outer loop
      vertex -66.1610590070486 -16.335843339562416 20.400000000000002
      vertex -66.1610590070486 -16.335843339562416 21.6
      vertex -66.0956452935934 -17 21.6
    endloop
  endfacet
  facet normal 0.9569403326553639 0.29028468739746066 0
    outer loop
      vertex -66.1610590070486 -16.335843339562416 20.400000000000002
      vertex -66.35478635877371 -15.697209872305393 20.400000000000002
      vertex -66.1610590070486 -16.335843339562416 21.6
    endloop
  endfacet
  facet normal 0.9569403326553639 0.29028468739746066 0
    outer loop
      vertex -66.1610590070486 -16.335843339562416 21.6
      vertex -66.35478635877371 -15.697209872305393 20.400000000000002
      vertex -66.35478635877371 -15.697209872305393 21.6
    endloop
  endfacet
  facet normal 0.8819212745730244 0.4713967176969862 0
    outer loop
      vertex -66.35478635877371 -15.697209872305393 21.6
      vertex -66.66938249766827 -15.108641862869263 20.400000000000002
      vertex -66.66938249766827 -15.108641862869263 21.6
    endloop
  endfacet
  facet normal 0.8819212745730244 0.4713967176969862 0
    outer loop
      vertex -66.35478635877371 -15.697209872305393 20.400000000000002
      vertex -66.66938249766827 -15.108641862869263 20.400000000000002
      vertex -66.35478635877371 -15.697209872305393 21.6
    endloop
  endfacet
  facet normal 0 0 -1
    outer loop
      vertex -67.09275770932436 -14.59275770932436 20.400000000000002
      vertex -66.66938249766827 -15.108641862869263 20.400000000000002
      vertex -71.53647450843758 -15.57341522555727 20.400000000000002
    endloop
  endfacet
  facet normal 0.09801714414092394 0.9951847262968103 0
    outer loop
      vertex -69.45578587055206 -13.599999994039536 20.400000000000002
      vertex -68.83584333211184 -13.661059007048607 21.6
      vertex -68.83584333211184 -13.661059007048607 20.400000000000002
    endloop
  endfacet
  facet normal 0.2902846904986786 0.9569403317146197 0
    outer loop
      vertex -68.83584333211184 -13.661059007048607 20.400000000000002
      vertex -68.1972098723054 -13.854786358773708 21.6
      vertex -68.1972098723054 -13.854786358773708 20.400000000000002
    endloop
  endfacet
  facet normal 0.2902846904986786 0.9569403317146197 0
    outer loop
      vertex -68.83584333211184 -13.661059007048607 20.400000000000002
      vertex -68.83584333211184 -13.661059007048607 21.6
      vertex -68.1972098723054 -13.854786358773708 21.6
    endloop
  endfacet
  facet normal 0.4713967176969862 0.8819212745730244 0
    outer loop
      vertex -67.60864186286926 -14.169382497668266 20.400000000000002
      vertex -68.1972098723054 -13.854786358773708 20.400000000000002
      vertex -67.60864186286926 -14.169382497668266 21.6
    endloop
  endfacet
  facet normal 0.4713967176969862 0.8819212745730244 0
    outer loop
      vertex -68.1972098723054 -13.854786358773708 20.400000000000002
      vertex -68.1972098723054 -13.854786358773708 21.6
      vertex -67.60864186286926 -14.169382497668266 21.6
    endloop
  endfacet
  facet normal 0.6343933095180923 0.7730104325548794 0
    outer loop
      vertex -67.60864186286926 -14.169382497668266 20.400000000000002
      vertex -67.09275770932436 -14.59275770932436 21.6
      vertex -67.09275770932436 -14.59275770932436 20.400000000000002
    endloop
  endfacet
  facet normal 0.7730104325548794 0.6343933095180923 0
    outer loop
      vertex -67.09275770932436 -14.59275770932436 20.400000000000002
      vertex -67.09275770932436 -14.59275770932436 21.6
      vertex -66.66938249766827 -15.108641862869263 21.6
    endloop
  endfacet
  facet normal 0.7730104325548794 0.6343933095180923 0
    outer loop
      vertex -67.09275770932436 -14.59275770932436 20.400000000000002
      vertex -66.66938249766827 -15.108641862869263 21.6
      vertex -66.66938249766827 -15.108641862869263 20.400000000000002
    endloop
  endfacet
  facet normal 0.6343933095180923 0.7730104325548794 0
    outer loop
      vertex -67.60864186286926 -14.169382497668266 20.400000000000002
      vertex -67.60864186286926 -14.169382497668266 21.6
      vertex -67.09275770932436 -14.59275770932436 21.6
    endloop
  endfacet
  facet normal -0.47139671486324236 -0.881921276087692 0
    outer loop
      vertex -75.72144805639982 -18.828026212751865 23.110000000000003
      vertex -75.34134804457426 -19.031193889677525 23.110000000000003
      vertex -75.72144805639982 -18.828026212751865 27.200000000000003
    endloop
  endfacet
  facet normal -0.2902846930662226 -0.9569403309357638 0
    outer loop
      vertex -75.34134804457426 -19.031193889677525 23.110000000000003
      vertex -74.92891552299261 -19.15630393475294 23.110000000000003
      vertex -75.34134804457426 -19.031193889677525 27.200000000000003
    endloop
  endfacet
  facet normal -0.6343933030072049 -0.7730104378982272 0
    outer loop
      vertex -75.72144805639982 -18.828026212751865 23.110000000000003
      vertex -75.72144805639982 -18.828026212751865 27.200000000000003
      vertex -76.05460849404335 -18.55460849404335 27.200000000000003
    endloop
  endfacet
  facet normal -0.47139671486324236 -0.881921276087692 0
    outer loop
      vertex -75.34134804457426 -19.031193889677525 23.110000000000003
      vertex -75.34134804457426 -19.031193889677525 27.200000000000003
      vertex -75.72144805639982 -18.828026212751865 27.200000000000003
    endloop
  endfacet
  facet normal -0.2902846930662226 -0.9569403309357638 0
    outer loop
      vertex -74.92891552299261 -19.15630393475294 23.110000000000003
      vertex -74.92891552299261 -19.15630393475294 27.200000000000003
      vertex -75.34134804457426 -19.031193889677525 27.200000000000003
    endloop
  endfacet
  facet normal -0.881921276087692 -0.47139671486324236 0
    outer loop
      vertex -76.53119388967752 -17.84134804457426 23.110000000000003
      vertex -76.32802621275187 -18.221448056399822 23.110000000000003
      vertex -76.53119388967752 -17.84134804457426 27.200000000000003
    endloop
  endfacet
  facet normal -0.9569403309357638 -0.2902846930662226 0
    outer loop
      vertex -76.53119388967752 -17.84134804457426 23.110000000000003
      vertex -76.65630393475294 -17.42891552299261 27.200000000000003
      vertex -76.65630393475294 -17.42891552299261 23.110000000000003
    endloop
  endfacet
  facet normal -0.9951847278650479 -0.09801712821833984 0
    outer loop
      vertex -76.65630393475294 -17.42891552299261 23.110000000000003
      vertex -76.6985484212637 -17 27.200000000000003
      vertex -76.6985484212637 -17 23.110000000000003
    endloop
  endfacet
  facet normal -0.7730104378982272 -0.6343933030072049 0
    outer loop
      vertex -76.05460849404335 -18.55460849404335 23.110000000000003
      vertex -76.32802621275187 -18.221448056399822 27.200000000000003
      vertex -76.32802621275187 -18.221448056399822 23.110000000000003
    endloop
  endfacet
  facet normal -0.6343933030072049 -0.7730104378982272 0
    outer loop
      vertex -75.72144805639982 -18.828026212751865 23.110000000000003
      vertex -76.05460849404335 -18.55460849404335 27.200000000000003
      vertex -76.05460849404335 -18.55460849404335 23.110000000000003
    endloop
  endfacet
  facet normal -0.9569403309357638 -0.2902846930662226 0
    outer loop
      vertex -76.53119388967752 -17.84134804457426 23.110000000000003
      vertex -76.53119388967752 -17.84134804457426 27.200000000000003
      vertex -76.65630393475294 -17.42891552299261 27.200000000000003
    endloop
  endfacet
  facet normal -0.9951847278650479 -0.09801712821833984 0
    outer loop
      vertex -76.65630393475294 -17.42891552299261 23.110000000000003
      vertex -76.65630393475294 -17.42891552299261 27.200000000000003
      vertex -76.6985484212637 -17 27.200000000000003
    endloop
  endfacet
  facet normal -0.7730104378982272 -0.6343933030072049 0
    outer loop
      vertex -76.05460849404335 -18.55460849404335 23.110000000000003
      vertex -76.05460849404335 -18.55460849404335 27.200000000000003
      vertex -76.32802621275187 -18.221448056399822 27.200000000000003
    endloop
  endfacet
  facet normal -0.881921276087692 -0.47139671486324236 0
    outer loop
      vertex -76.32802621275187 -18.221448056399822 23.110000000000003
      vertex -76.32802621275187 -18.221448056399822 27.200000000000003
      vertex -76.53119388967752 -17.84134804457426 27.200000000000003
    endloop
  endfacet
  facet normal -0.09801714309778796 -0.9951847263995504 0
    outer loop
      vertex -74.92891552299261 -19.15630393475294 23.110000000000003
      vertex -74.48526190966368 -19.200000002980232 23.110000000000003
      vertex -74.92891552299261 -19.15630393475294 27.200000000000003
    endloop
  endfacet
  facet normal 0 -1 0
    outer loop
      vertex -74.48526190966368 -19.200000002980232 23.110000000000003
      vertex -69.51473809033632 -19.200000002980232 23.110000000000003
      vertex -74.48526190966368 -19.200000002980232 27.200000000000003
    endloop
  endfacet
  facet normal -0.09801714309778796 -0.9951847263995504 0
    outer loop
      vertex -74.48526190966368 -19.200000002980232 23.110000000000003
      vertex -74.48526190966368 -19.200000002980232 27.200000000000003
      vertex -74.92891552299261 -19.15630393475294 27.200000000000003
    endloop
  endfacet
  facet normal 0 0 1
    outer loop
      vertex -74.92891552299261 -19.15630393475294 27.200000000000003
      vertex -74.48526190966368 -19.200000002980232 27.200000000000003
      vertex -69.07108447700739 -19.15630393475294 27.200000000000003
    endloop
  endfacet
  facet normal 0 0 1
    outer loop
      vertex -75.72144805639982 -18.828026212751865 27.200000000000003
      vertex -75.34134804457426 -19.031193889677525 27.200000000000003
      vertex -68.27855194360018 -18.828026212751865 27.200000000000003
    endloop
  endfacet
  facet normal 0 0 1
    outer loop
      vertex -75.34134804457426 -19.031193889677525 27.200000000000003
      vertex -74.92891552299261 -19.15630393475294 27.200000000000003
      vertex -68.65865195542574 -19.031193889677525 27.200000000000003
    endloop
  endfacet
  facet normal 0 0 1
    outer loop
      vertex -76.53119388967752 -17.84134804457426 27.200000000000003
      vertex -67.34369606524706 -17.42891552299261 27.200000000000003
      vertex -76.65630393475294 -17.42891552299261 27.200000000000003
    endloop
  endfacet
  facet normal 0 0 1
    outer loop
      vertex -76.65630393475294 -17.42891552299261 27.200000000000003
      vertex -67.3014515787363 -17 27.200000000000003
      vertex -76.6985484212637 -17 27.200000000000003
    endloop
  endfacet
  facet normal 0 0 1
    outer loop
      vertex -75.72144805639982 -18.828026212751865 27.200000000000003
      vertex -67.94539150595665 -18.55460849404335 27.200000000000003
      vertex -76.05460849404335 -18.55460849404335 27.200000000000003
    endloop
  endfacet
  facet normal 0 0 1
    outer loop
      vertex -76.05460849404335 -18.55460849404335 27.200000000000003
      vertex -67.67197378724813 -18.221448056399822 27.200000000000003
      vertex -76.32802621275187 -18.221448056399822 27.200000000000003
    endloop
  endfacet
  facet normal 0 0 1
    outer loop
      vertex -76.53119388967752 -17.84134804457426 27.200000000000003
      vertex -76.32802621275187 -18.221448056399822 27.200000000000003
      vertex -67.46880611032248 -17.84134804457426 27.200000000000003
    endloop
  endfacet
  facet normal -0.9951847278650479 0.09801712821833984 0
    outer loop
      vertex -76.6985484212637 -17 23.110000000000003
      vertex -76.65630393475294 -16.57108447700739 27.200000000000003
      vertex -76.65630393475294 -16.57108447700739 23.110000000000003
    endloop
  endfacet
  facet normal -0.9569403309357638 0.2902846930662226 0
    outer loop
      vertex -76.65630393475294 -16.57108447700739 23.110000000000003
      vertex -76.53119388967752 -16.15865195542574 27.200000000000003
      vertex -76.53119388967752 -16.15865195542574 23.110000000000003
    endloop
  endfacet
  facet normal -0.881921276087692 0.47139671486324236 0
    outer loop
      vertex -76.53119388967752 -16.15865195542574 23.110000000000003
      vertex -76.32802621275187 -15.778551943600178 27.200000000000003
      vertex -76.32802621275187 -15.778551943600178 23.110000000000003
    endloop
  endfacet
  facet normal -0.7730104378982272 0.6343933030072049 0
    outer loop
      vertex -76.32802621275187 -15.778551943600178 23.110000000000003
      vertex -76.05460849404335 -15.44539150595665 27.200000000000003
      vertex -76.05460849404335 -15.44539150595665 23.110000000000003
    endloop
  endfacet
  facet normal -0.9951847278650479 0.09801712821833984 0
    outer loop
      vertex -76.6985484212637 -17 23.110000000000003
      vertex -76.6985484212637 -17 27.200000000000003
      vertex -76.65630393475294 -16.57108447700739 27.200000000000003
    endloop
  endfacet
  facet normal -0.9569403309357638 0.2902846930662226 0
    outer loop
      vertex -76.65630393475294 -16.57108447700739 23.110000000000003
      vertex -76.65630393475294 -16.57108447700739 27.200000000000003
      vertex -76.53119388967752 -16.15865195542574 27.200000000000003
    endloop
  endfacet
  facet normal -0.881921276087692 0.47139671486324236 0
    outer loop
      vertex -76.53119388967752 -16.15865195542574 23.110000000000003
      vertex -76.53119388967752 -16.15865195542574 27.200000000000003
      vertex -76.32802621275187 -15.778551943600178 27.200000000000003
    endloop
  endfacet
  facet normal -0.7730104378982272 0.6343933030072049 0
    outer loop
      vertex -76.32802621275187 -15.778551943600178 23.110000000000003
      vertex -76.32802621275187 -15.778551943600178 27.200000000000003
      vertex -76.05460849404335 -15.44539150595665 27.200000000000003
    endloop
  endfacet
  facet normal -0.6343933030072049 0.7730104378982272 0
    outer loop
      vertex -76.05460849404335 -15.44539150595665 23.110000000000003
      vertex -76.05460849404335 -15.44539150595665 27.200000000000003
      vertex -75.72144805639982 -15.171973787248135 27.200000000000003
    endloop
  endfacet
  facet normal -0.6343933030072049 0.7730104378982272 0
    outer loop
      vertex -76.05460849404335 -15.44539150595665 23.110000000000003
      vertex -75.72144805639982 -15.171973787248135 27.200000000000003
      vertex -75.72144805639982 -15.171973787248135 23.110000000000003
    endloop
  endfacet
  facet normal -0.47139671486324236 0.881921276087692 0
    outer loop
      vertex -75.72144805639982 -15.171973787248135 23.110000000000003
      vertex -75.34134804457426 -14.968806110322475 27.200000000000003
      vertex -75.34134804457426 -14.968806110322475 23.110000000000003
    endloop
  endfacet
  facet normal -0.2902846930662226 0.9569403309357638 0
    outer loop
      vertex -75.34134804457426 -14.968806110322475 23.110000000000003
      vertex -74.92891552299261 -14.843696065247059 27.200000000000003
      vertex -74.92891552299261 -14.843696065247059 23.110000000000003
    endloop
  endfacet
  facet normal -0.47139671486324236 0.881921276087692 0
    outer loop
      vertex -75.72144805639982 -15.171973787248135 23.110000000000003
      vertex -75.72144805639982 -15.171973787248135 27.200000000000003
      vertex -75.34134804457426 -14.968806110322475 27.200000000000003
    endloop
  endfacet
  facet normal -0.2902846930662226 0.9569403309357638 0
    outer loop
      vertex -75.34134804457426 -14.968806110322475 23.110000000000003
      vertex -75.34134804457426 -14.968806110322475 27.200000000000003
      vertex -74.92891552299261 -14.843696065247059 27.200000000000003
    endloop
  endfacet
  facet normal 0 0 1
    outer loop
      vertex -76.6985484212637 -17 27.200000000000003
      vertex -67.34369606524706 -16.57108447700739 27.200000000000003
      vertex -76.65630393475294 -16.57108447700739 27.200000000000003
    endloop
  endfacet
  facet normal 0 0 1
    outer loop
      vertex -76.65630393475294 -16.57108447700739 27.200000000000003
      vertex -67.46880611032248 -16.15865195542574 27.200000000000003
      vertex -76.53119388967752 -16.15865195542574 27.200000000000003
    endloop
  endfacet
  facet normal 0 0 1
    outer loop
      vertex -76.53119388967752 -16.15865195542574 27.200000000000003
      vertex -67.67197378724813 -15.778551943600178 27.200000000000003
      vertex -76.32802621275187 -15.778551943600178 27.200000000000003
    endloop
  endfacet
  facet normal 0 0 1
    outer loop
      vertex -76.32802621275187 -15.778551943600178 27.200000000000003
      vertex -67.94539150595665 -15.44539150595665 27.200000000000003
      vertex -76.05460849404335 -15.44539150595665 27.200000000000003
    endloop
  endfacet
  facet normal -0.09801714309778796 0.9951847263995504 0
    outer loop
      vertex -74.92891552299261 -14.843696065247059 23.110000000000003
      vertex -74.48526190966368 -14.799999997019768 27.200000000000003
      vertex -74.48526190966368 -14.799999997019768 23.110000000000003
    endloop
  endfacet
  facet normal -0.09801714309778796 0.9951847263995504 0
    outer loop
      vertex -74.92891552299261 -14.843696065247059 23.110000000000003
      vertex -74.92891552299261 -14.843696065247059 27.200000000000003
      vertex -74.48526190966368 -14.799999997019768 27.200000000000003
    endloop
  endfacet
  facet normal 0 1 0
    outer loop
      vertex -74.48526190966368 -14.799999997019768 23.110000000000003
      vertex -74.48526190966368 -14.799999997019768 27.200000000000003
      vertex -69.51473809033632 -14.799999997019768 27.200000000000003
    endloop
  endfacet
  facet normal 0 0 1
    outer loop
      vertex -76.05460849404335 -15.44539150595665 27.200000000000003
      vertex -68.27855194360018 -15.171973787248135 27.200000000000003
      vertex -75.72144805639982 -15.171973787248135 27.200000000000003
    endloop
  endfacet
  facet normal 0 0 1
    outer loop
      vertex -75.72144805639982 -15.171973787248135 27.200000000000003
      vertex -68.65865195542574 -14.968806110322475 27.200000000000003
      vertex -75.34134804457426 -14.968806110322475 27.200000000000003
    endloop
  endfacet
  facet normal 0 0 1
    outer loop
      vertex -75.34134804457426 -14.968806110322475 27.200000000000003
      vertex -69.07108447700739 -14.843696065247059 27.200000000000003
      vertex -74.92891552299261 -14.843696065247059 27.200000000000003
    endloop
  endfacet
  facet normal 0 0 1
    outer loop
      vertex -74.92891552299261 -14.843696065247059 27.200000000000003
      vertex -69.51473809033632 -14.799999997019768 27.200000000000003
      vertex -74.48526190966368 -14.799999997019768 27.200000000000003
    endloop
  endfacet
  facet normal 0.09801714309778796 -0.9951847263995504 0
    outer loop
      vertex -69.51473809033632 -19.200000002980232 23.110000000000003
      vertex -69.07108447700739 -19.15630393475294 23.110000000000003
      vertex -69.51473809033632 -19.200000002980232 27.200000000000003
    endloop
  endfacet
  facet normal 0 -1 0
    outer loop
      vertex -74.48526190966368 -19.200000002980232 27.200000000000003
      vertex -69.51473809033632 -19.200000002980232 23.110000000000003
      vertex -69.51473809033632 -19.200000002980232 27.200000000000003
    endloop
  endfacet
  facet normal 0 0 1
    outer loop
      vertex -74.48526190966368 -19.200000002980232 27.200000000000003
      vertex -69.51473809033632 -19.200000002980232 27.200000000000003
      vertex -69.07108447700739 -19.15630393475294 27.200000000000003
    endloop
  endfacet
  facet normal 0 0 1
    outer loop
      vertex -74.92891552299261 -19.15630393475294 27.200000000000003
      vertex -69.07108447700739 -19.15630393475294 27.200000000000003
      vertex -68.65865195542574 -19.031193889677525 27.200000000000003
    endloop
  endfacet
  facet normal 0 0 1
    outer loop
      vertex -75.34134804457426 -19.031193889677525 27.200000000000003
      vertex -68.65865195542574 -19.031193889677525 27.200000000000003
      vertex -68.27855194360018 -18.828026212751865 27.200000000000003
    endloop
  endfacet
  facet normal 0 0 1
    outer loop
      vertex -75.72144805639982 -18.828026212751865 27.200000000000003
      vertex -68.27855194360018 -18.828026212751865 27.200000000000003
      vertex -67.94539150595665 -18.55460849404335 27.200000000000003
    endloop
  endfacet
  facet normal 0.09801714309778796 -0.9951847263995504 0
    outer loop
      vertex -69.07108447700739 -19.15630393475294 23.110000000000003
      vertex -69.07108447700739 -19.15630393475294 27.200000000000003
      vertex -69.51473809033632 -19.200000002980232 27.200000000000003
    endloop
  endfacet
  facet normal 0 0 1
    outer loop
      vertex -76.05460849404335 -18.55460849404335 27.200000000000003
      vertex -67.94539150595665 -18.55460849404335 27.200000000000003
      vertex -67.67197378724813 -18.221448056399822 27.200000000000003
    endloop
  endfacet
  facet normal 0 0 1
    outer loop
      vertex -76.32802621275187 -18.221448056399822 27.200000000000003
      vertex -67.67197378724813 -18.221448056399822 27.200000000000003
      vertex -67.46880611032248 -17.84134804457426 27.200000000000003
    endloop
  endfacet
  facet normal 0 0 1
    outer loop
      vertex -76.53119388967752 -17.84134804457426 27.200000000000003
      vertex -67.46880611032248 -17.84134804457426 27.200000000000003
      vertex -67.34369606524706 -17.42891552299261 27.200000000000003
    endloop
  endfacet
  facet normal 0 0 1
    outer loop
      vertex -76.65630393475294 -17.42891552299261 27.200000000000003
      vertex -67.34369606524706 -17.42891552299261 27.200000000000003
      vertex -67.3014515787363 -17 27.200000000000003
    endloop
  endfacet
  facet normal 0.2902846930662226 -0.9569403309357638 0
    outer loop
      vertex -69.07108447700739 -19.15630393475294 23.110000000000003
      vertex -68.65865195542574 -19.031193889677525 23.110000000000003
      vertex -69.07108447700739 -19.15630393475294 27.200000000000003
    endloop
  endfacet
  facet normal 0.47139671486324236 -0.881921276087692 0
    outer loop
      vertex -68.65865195542574 -19.031193889677525 23.110000000000003
      vertex -68.27855194360018 -18.828026212751865 23.110000000000003
      vertex -68.65865195542574 -19.031193889677525 27.200000000000003
    endloop
  endfacet
  facet normal 0.6343933030072049 -0.7730104378982272 0
    outer loop
      vertex -68.27855194360018 -18.828026212751865 23.110000000000003
      vertex -67.94539150595665 -18.55460849404335 23.110000000000003
      vertex -68.27855194360018 -18.828026212751865 27.200000000000003
    endloop
  endfacet
  facet normal 0.2902846930662226 -0.9569403309357638 0
    outer loop
      vertex -68.65865195542574 -19.031193889677525 23.110000000000003
      vertex -68.65865195542574 -19.031193889677525 27.200000000000003
      vertex -69.07108447700739 -19.15630393475294 27.200000000000003
    endloop
  endfacet
  facet normal 0.47139671486324236 -0.881921276087692 0
    outer loop
      vertex -68.27855194360018 -18.828026212751865 23.110000000000003
      vertex -68.27855194360018 -18.828026212751865 27.200000000000003
      vertex -68.65865195542574 -19.031193889677525 27.200000000000003
    endloop
  endfacet
  facet normal 0.7730104378982272 -0.6343933030072049 0
    outer loop
      vertex -67.94539150595665 -18.55460849404335 23.110000000000003
      vertex -67.67197378724813 -18.221448056399822 23.110000000000003
      vertex -67.94539150595665 -18.55460849404335 27.200000000000003
    endloop
  endfacet
  facet normal 0.881921276087692 -0.47139671486324236 0
    outer loop
      vertex -67.67197378724813 -18.221448056399822 23.110000000000003
      vertex -67.46880611032248 -17.84134804457426 23.110000000000003
      vertex -67.67197378724813 -18.221448056399822 27.200000000000003
    endloop
  endfacet
  facet normal 0.9569403309357638 -0.2902846930662226 0
    outer loop
      vertex -67.46880611032248 -17.84134804457426 23.110000000000003
      vertex -67.34369606524706 -17.42891552299261 23.110000000000003
      vertex -67.46880611032248 -17.84134804457426 27.200000000000003
    endloop
  endfacet
  facet normal 0.9951847278650479 -0.09801712821833984 0
    outer loop
      vertex -67.34369606524706 -17.42891552299261 23.110000000000003
      vertex -67.3014515787363 -17 23.110000000000003
      vertex -67.34369606524706 -17.42891552299261 27.200000000000003
    endloop
  endfacet
  facet normal 0.6343933030072049 -0.7730104378982272 0
    outer loop
      vertex -67.94539150595665 -18.55460849404335 23.110000000000003
      vertex -67.94539150595665 -18.55460849404335 27.200000000000003
      vertex -68.27855194360018 -18.828026212751865 27.200000000000003
    endloop
  endfacet
  facet normal 0.7730104378982272 -0.6343933030072049 0
    outer loop
      vertex -67.67197378724813 -18.221448056399822 23.110000000000003
      vertex -67.67197378724813 -18.221448056399822 27.200000000000003
      vertex -67.94539150595665 -18.55460849404335 27.200000000000003
    endloop
  endfacet
  facet normal 0.881921276087692 -0.47139671486324236 0
    outer loop
      vertex -67.46880611032248 -17.84134804457426 23.110000000000003
      vertex -67.46880611032248 -17.84134804457426 27.200000000000003
      vertex -67.67197378724813 -18.221448056399822 27.200000000000003
    endloop
  endfacet
  facet normal 0.9569403309357638 -0.2902846930662226 0
    outer loop
      vertex -67.34369606524706 -17.42891552299261 23.110000000000003
      vertex -67.34369606524706 -17.42891552299261 27.200000000000003
      vertex -67.46880611032248 -17.84134804457426 27.200000000000003
    endloop
  endfacet
  facet normal 0.9951847278650479 -0.09801712821833984 0
    outer loop
      vertex -67.34369606524706 -17.42891552299261 27.200000000000003
      vertex -67.3014515787363 -17 23.110000000000003
      vertex -67.3014515787363 -17 27.200000000000003
    endloop
  endfacet
  facet normal 0 0 1
    outer loop
      vertex -76.53119388967752 -16.15865195542574 27.200000000000003
      vertex -67.46880611032248 -16.15865195542574 27.200000000000003
      vertex -67.67197378724813 -15.778551943600178 27.200000000000003
    endloop
  endfacet
  facet normal 0 0 1
    outer loop
      vertex -76.32802621275187 -15.778551943600178 27.200000000000003
      vertex -67.67197378724813 -15.778551943600178 27.200000000000003
      vertex -67.94539150595665 -15.44539150595665 27.200000000000003
    endloop
  endfacet
  facet normal 0 0 1
    outer loop
      vertex -76.05460849404335 -15.44539150595665 27.200000000000003
      vertex -67.94539150595665 -15.44539150595665 27.200000000000003
      vertex -68.27855194360018 -15.171973787248135 27.200000000000003
    endloop
  endfacet
  facet normal 0 0 1
    outer loop
      vertex -76.6985484212637 -17 27.200000000000003
      vertex -67.3014515787363 -17 27.200000000000003
      vertex -67.34369606524706 -16.57108447700739 27.200000000000003
    endloop
  endfacet
  facet normal 0 0 1
    outer loop
      vertex -76.65630393475294 -16.57108447700739 27.200000000000003
      vertex -67.34369606524706 -16.57108447700739 27.200000000000003
      vertex -67.46880611032248 -16.15865195542574 27.200000000000003
    endloop
  endfacet
  facet normal 0 1 0
    outer loop
      vertex -74.48526190966368 -14.799999997019768 23.110000000000003
      vertex -69.51473809033632 -14.799999997019768 27.200000000000003
      vertex -69.51473809033632 -14.799999997019768 23.110000000000003
    endloop
  endfacet
  facet normal 0.09801714309778796 0.9951847263995504 0
    outer loop
      vertex -69.51473809033632 -14.799999997019768 23.110000000000003
      vertex -69.07108447700739 -14.843696065247059 27.200000000000003
      vertex -69.07108447700739 -14.843696065247059 23.110000000000003
    endloop
  endfacet
  facet normal 0 0 1
    outer loop
      vertex -75.34134804457426 -14.968806110322475 27.200000000000003
      vertex -68.65865195542574 -14.968806110322475 27.200000000000003
      vertex -69.07108447700739 -14.843696065247059 27.200000000000003
    endloop
  endfacet
  facet normal 0 0 1
    outer loop
      vertex -75.72144805639982 -15.171973787248135 27.200000000000003
      vertex -68.27855194360018 -15.171973787248135 27.200000000000003
      vertex -68.65865195542574 -14.968806110322475 27.200000000000003
    endloop
  endfacet
  facet normal 0 0 1
    outer loop
      vertex -74.92891552299261 -14.843696065247059 27.200000000000003
      vertex -69.07108447700739 -14.843696065247059 27.200000000000003
      vertex -69.51473809033632 -14.799999997019768 27.200000000000003
    endloop
  endfacet
  facet normal 0.09801714309778796 0.9951847263995504 0
    outer loop
      vertex -69.51473809033632 -14.799999997019768 23.110000000000003
      vertex -69.51473809033632 -14.799999997019768 27.200000000000003
      vertex -69.07108447700739 -14.843696065247059 27.200000000000003
    endloop
  endfacet
  facet normal 0.6343933030072049 0.7730104378982272 0
    outer loop
      vertex -67.94539150595665 -15.44539150595665 23.110000000000003
      vertex -68.27855194360018 -15.171973787248135 23.110000000000003
      vertex -67.94539150595665 -15.44539150595665 27.200000000000003
    endloop
  endfacet
  facet normal 0.7730104378982272 0.6343933030072049 0
    outer loop
      vertex -67.67197378724813 -15.778551943600178 23.110000000000003
      vertex -67.94539150595665 -15.44539150595665 23.110000000000003
      vertex -67.67197378724813 -15.778551943600178 27.200000000000003
    endloop
  endfacet
  facet normal 0.9951847278650479 0.09801712821833984 0
    outer loop
      vertex -67.3014515787363 -17 23.110000000000003
      vertex -67.34369606524706 -16.57108447700739 23.110000000000003
      vertex -67.3014515787363 -17 27.200000000000003
    endloop
  endfacet
  facet normal 0.9569403309357638 0.2902846930662226 0
    outer loop
      vertex -67.34369606524706 -16.57108447700739 23.110000000000003
      vertex -67.46880611032248 -16.15865195542574 23.110000000000003
      vertex -67.34369606524706 -16.57108447700739 27.200000000000003
    endloop
  endfacet
  facet normal 0.881921276087692 0.47139671486324236 0
    outer loop
      vertex -67.67197378724813 -15.778551943600178 23.110000000000003
      vertex -67.46880611032248 -16.15865195542574 27.200000000000003
      vertex -67.46880611032248 -16.15865195542574 23.110000000000003
    endloop
  endfacet
  facet normal 0.881921276087692 0.47139671486324236 0
    outer loop
      vertex -67.67197378724813 -15.778551943600178 23.110000000000003
      vertex -67.67197378724813 -15.778551943600178 27.200000000000003
      vertex -67.46880611032248 -16.15865195542574 27.200000000000003
    endloop
  endfacet
  facet normal 0.7730104378982272 0.6343933030072049 0
    outer loop
      vertex -67.94539150595665 -15.44539150595665 23.110000000000003
      vertex -67.94539150595665 -15.44539150595665 27.200000000000003
      vertex -67.67197378724813 -15.778551943600178 27.200000000000003
    endloop
  endfacet
  facet normal 0.9951847278650479 0.09801712821833984 0
    outer loop
      vertex -67.34369606524706 -16.57108447700739 23.110000000000003
      vertex -67.34369606524706 -16.57108447700739 27.200000000000003
      vertex -67.3014515787363 -17 27.200000000000003
    endloop
  endfacet
  facet normal 0.9569403309357638 0.2902846930662226 0
    outer loop
      vertex -67.46880611032248 -16.15865195542574 23.110000000000003
      vertex -67.46880611032248 -16.15865195542574 27.200000000000003
      vertex -67.34369606524706 -16.57108447700739 27.200000000000003
    endloop
  endfacet
  facet normal 0.2902846930662226 0.9569403309357638 0
    outer loop
      vertex -69.07108447700739 -14.843696065247059 23.110000000000003
      vertex -68.65865195542574 -14.968806110322475 27.200000000000003
      vertex -68.65865195542574 -14.968806110322475 23.110000000000003
    endloop
  endfacet
  facet normal 0.47139671486324236 0.881921276087692 0
    outer loop
      vertex -68.65865195542574 -14.968806110322475 23.110000000000003
      vertex -68.27855194360018 -15.171973787248135 27.200000000000003
      vertex -68.27855194360018 -15.171973787248135 23.110000000000003
    endloop
  endfacet
  facet normal 0.2902846930662226 0.9569403309357638 0
    outer loop
      vertex -69.07108447700739 -14.843696065247059 23.110000000000003
      vertex -69.07108447700739 -14.843696065247059 27.200000000000003
      vertex -68.65865195542574 -14.968806110322475 27.200000000000003
    endloop
  endfacet
  facet normal 0.47139671486324236 0.881921276087692 0
    outer loop
      vertex -68.65865195542574 -14.968806110322475 23.110000000000003
      vertex -68.65865195542574 -14.968806110322475 27.200000000000003
      vertex -68.27855194360018 -15.171973787248135 27.200000000000003
    endloop
  endfacet
  facet normal 0.6343933030072049 0.7730104378982272 0
    outer loop
      vertex -68.27855194360018 -15.171973787248135 23.110000000000003
      vertex -68.27855194360018 -15.171973787248135 27.200000000000003
      vertex -67.94539150595665 -15.44539150595665 27.200000000000003
    endloop
  endfacet
  facet normal -0.4539904997395478 -0.8910065241883673 0
    outer loop
      vertex -72.88167787843871 -18.21352549156242 19.3
      vertex -72.46352549156242 -18.42658477444273 20.400000000000002
      vertex -72.88167787843871 -18.21352549156242 20.400000000000002
    endloop
  endfacet
  facet normal -0.7071067811865476 -0.7071067811865476 0
    outer loop
      vertex -73.21352549156242 -17.88167787843871 19.3
      vertex -72.88167787843871 -18.21352549156242 19.3
      vertex -72.88167787843871 -18.21352549156242 20.400000000000002
    endloop
  endfacet
  facet normal -0.7071067811865476 -0.7071067811865476 0
    outer loop
      vertex -73.21352549156242 -17.88167787843871 19.3
      vertex -72.88167787843871 -18.21352549156242 20.400000000000002
      vertex -73.21352549156242 -17.88167787843871 20.400000000000002
    endloop
  endfacet
  facet normal -0.4539904997395478 -0.8910065241883673 0
    outer loop
      vertex -72.88167787843871 -18.21352549156242 19.3
      vertex -72.46352549156242 -18.42658477444273 19.3
      vertex -72.46352549156242 -18.42658477444273 20.400000000000002
    endloop
  endfacet
  facet normal -0.15643446504023048 -0.9876883405951378 0
    outer loop
      vertex -72.46352549156242 -18.42658477444273 19.3
      vertex -72 -18.5 19.3
      vertex -72 -18.5 20.400000000000002
    endloop
  endfacet
  facet normal -0.15643446504023048 -0.9876883405951378 0
    outer loop
      vertex -72.46352549156242 -18.42658477444273 19.3
      vertex -72 -18.5 20.400000000000002
      vertex -72.46352549156242 -18.42658477444273 20.400000000000002
    endloop
  endfacet
  facet normal -0.8910065241883673 -0.4539904997395478 0
    outer loop
      vertex -73.21352549156242 -17.88167787843871 19.3
      vertex -73.21352549156242 -17.88167787843871 20.400000000000002
      vertex -73.42658477444273 -17.46352549156242 19.3
    endloop
  endfacet
  facet normal -0.8910065241883673 -0.4539904997395478 0
    outer loop
      vertex -73.42658477444273 -17.46352549156242 19.3
      vertex -73.21352549156242 -17.88167787843871 20.400000000000002
      vertex -73.42658477444273 -17.46352549156242 20.400000000000002
    endloop
  endfacet
  facet normal -0.9876883405951378 -0.15643446504023048 0
    outer loop
      vertex -73.42658477444273 -17.46352549156242 19.3
      vertex -73.42658477444273 -17.46352549156242 20.400000000000002
      vertex -73.5 -17 19.3
    endloop
  endfacet
  facet normal 0 0 -1
    outer loop
      vertex -73.21352549156242 -17.88167787843871 19.3
      vertex -73.42658477444273 -17.46352549156242 19.3
      vertex -73.21352549156242 -16.11832212156129 19.3
    endloop
  endfacet
  facet normal 0 0 -1
    outer loop
      vertex -73.21352549156242 -17.88167787843871 19.3
      vertex -72.88167787843871 -15.786474508437578 19.3
      vertex -72.88167787843871 -18.21352549156242 19.3
    endloop
  endfacet
  facet normal -0.9876883405951378 -0.15643446504023048 0
    outer loop
      vertex -73.5 -17 19.3
      vertex -73.42658477444273 -17.46352549156242 20.400000000000002
      vertex -73.5 -17 20.400000000000002
    endloop
  endfacet
  facet normal 0 0 -1
    outer loop
      vertex -72.46352549156242 -18.42658477444273 19.3
      vertex -72 -15.5 19.3
      vertex -72 -18.5 19.3
    endloop
  endfacet
  facet normal 0 0 -1
    outer loop
      vertex -72.88167787843871 -18.21352549156242 19.3
      vertex -72.46352549156242 -15.57341522555727 19.3
      vertex -72.46352549156242 -18.42658477444273 19.3
    endloop
  endfacet
  facet normal 0 0 -1
    outer loop
      vertex -73.42658477444273 -17.46352549156242 19.3
      vertex -73.5 -17 19.3
      vertex -73.42658477444273 -16.53647450843758 19.3
    endloop
  endfacet
  facet normal -0.9876883405951378 0.15643446504023048 0
    outer loop
      vertex -73.5 -17 19.3
      vertex -73.5 -17 20.400000000000002
      vertex -73.42658477444273 -16.53647450843758 19.3
    endloop
  endfacet
  facet normal 0 0 -1
    outer loop
      vertex -73.42658477444273 -17.46352549156242 19.3
      vertex -73.42658477444273 -16.53647450843758 19.3
      vertex -73.21352549156242 -16.11832212156129 19.3
    endloop
  endfacet
  facet normal 0 0 -1
    outer loop
      vertex -73.21352549156242 -17.88167787843871 19.3
      vertex -73.21352549156242 -16.11832212156129 19.3
      vertex -72.88167787843871 -15.786474508437578 19.3
    endloop
  endfacet
  facet normal -0.9876883405951378 0.15643446504023048 0
    outer loop
      vertex -73.42658477444273 -16.53647450843758 19.3
      vertex -73.5 -17 20.400000000000002
      vertex -73.42658477444273 -16.53647450843758 20.400000000000002
    endloop
  endfacet
  facet normal -0.8910065241883673 0.4539904997395478 0
    outer loop
      vertex -73.42658477444273 -16.53647450843758 19.3
      vertex -73.42658477444273 -16.53647450843758 20.400000000000002
      vertex -73.21352549156242 -16.11832212156129 19.3
    endloop
  endfacet
  facet normal 0 0 -1
    outer loop
      vertex -72.88167787843871 -18.21352549156242 19.3
      vertex -72.88167787843871 -15.786474508437578 19.3
      vertex -72.46352549156242 -15.57341522555727 19.3
    endloop
  endfacet
  facet normal -0.8910065241883673 0.4539904997395478 0
    outer loop
      vertex -73.21352549156242 -16.11832212156129 19.3
      vertex -73.42658477444273 -16.53647450843758 20.400000000000002
      vertex -73.21352549156242 -16.11832212156129 20.400000000000002
    endloop
  endfacet
  facet normal 0 0 -1
    outer loop
      vertex -72.46352549156242 -18.42658477444273 19.3
      vertex -72.46352549156242 -15.57341522555727 19.3
      vertex -72 -15.5 19.3
    endloop
  endfacet
  facet normal -0.7071067811865476 0.7071067811865476 0
    outer loop
      vertex -73.21352549156242 -16.11832212156129 19.3
      vertex -73.21352549156242 -16.11832212156129 20.400000000000002
      vertex -72.88167787843871 -15.786474508437578 19.3
    endloop
  endfacet
  facet normal -0.7071067811865476 0.7071067811865476 0
    outer loop
      vertex -72.88167787843871 -15.786474508437578 19.3
      vertex -73.21352549156242 -16.11832212156129 20.400000000000002
      vertex -72.88167787843871 -15.786474508437578 20.400000000000002
    endloop
  endfacet
  facet normal -0.4539904997395478 0.8910065241883673 0
    outer loop
      vertex -72.88167787843871 -15.786474508437578 19.3
      vertex -72.88167787843871 -15.786474508437578 20.400000000000002
      vertex -72.46352549156242 -15.57341522555727 19.3
    endloop
  endfacet
  facet normal -0.15643446504023048 0.9876883405951378 0
    outer loop
      vertex -72.46352549156242 -15.57341522555727 19.3
      vertex -72.46352549156242 -15.57341522555727 20.400000000000002
      vertex -72 -15.5 19.3
    endloop
  endfacet
  facet normal -0.4539904997395478 0.8910065241883673 0
    outer loop
      vertex -72.46352549156242 -15.57341522555727 19.3
      vertex -72.88167787843871 -15.786474508437578 20.400000000000002
      vertex -72.46352549156242 -15.57341522555727 20.400000000000002
    endloop
  endfacet
  facet normal -0.15643446504023048 0.9876883405951378 0
    outer loop
      vertex -72 -15.5 19.3
      vertex -72.46352549156242 -15.57341522555727 20.400000000000002
      vertex -72 -15.5 20.400000000000002
    endloop
  endfacet
  facet normal 0.15643446504023048 -0.9876883405951378 0
    outer loop
      vertex -72 -18.5 19.3
      vertex -71.53647450843758 -18.42658477444273 19.3
      vertex -71.53647450843758 -18.42658477444273 20.400000000000002
    endloop
  endfacet
  facet normal 0.15643446504023048 -0.9876883405951378 0
    outer loop
      vertex -72 -18.5 19.3
      vertex -71.53647450843758 -18.42658477444273 20.400000000000002
      vertex -72 -18.5 20.400000000000002
    endloop
  endfacet
  facet normal 0.4539904997395478 -0.8910065241883673 0
    outer loop
      vertex -71.53647450843758 -18.42658477444273 19.3
      vertex -71.11832212156129 -18.21352549156242 20.400000000000002
      vertex -71.53647450843758 -18.42658477444273 20.400000000000002
    endloop
  endfacet
  facet normal 0.4539904997395478 -0.8910065241883673 0
    outer loop
      vertex -71.53647450843758 -18.42658477444273 19.3
      vertex -71.11832212156129 -18.21352549156242 19.3
      vertex -71.11832212156129 -18.21352549156242 20.400000000000002
    endloop
  endfacet
  facet normal 0.7071067811865476 -0.7071067811865476 0
    outer loop
      vertex -71.11832212156129 -18.21352549156242 19.3
      vertex -70.78647450843758 -17.88167787843871 19.3
      vertex -70.78647450843758 -17.88167787843871 20.400000000000002
    endloop
  endfacet
  facet normal 0.7071067811865476 -0.7071067811865476 0
    outer loop
      vertex -71.11832212156129 -18.21352549156242 19.3
      vertex -70.78647450843758 -17.88167787843871 20.400000000000002
      vertex -71.11832212156129 -18.21352549156242 20.400000000000002
    endloop
  endfacet
  facet normal 0 0 -1
    outer loop
      vertex -72 -18.5 19.3
      vertex -71.53647450843758 -15.57341522555727 19.3
      vertex -71.53647450843758 -18.42658477444273 19.3
    endloop
  endfacet
  facet normal 0 0 -1
    outer loop
      vertex -71.53647450843758 -18.42658477444273 19.3
      vertex -71.11832212156129 -15.786474508437578 19.3
      vertex -71.11832212156129 -18.21352549156242 19.3
    endloop
  endfacet
  facet normal 0.8910065241883673 -0.4539904997395478 0
    outer loop
      vertex -70.78647450843758 -17.88167787843871 19.3
      vertex -70.57341522555727 -17.46352549156242 19.3
      vertex -70.57341522555727 -17.46352549156242 20.400000000000002
    endloop
  endfacet
  facet normal 0.8910065241883673 -0.4539904997395478 0
    outer loop
      vertex -70.78647450843758 -17.88167787843871 19.3
      vertex -70.57341522555727 -17.46352549156242 20.400000000000002
      vertex -70.78647450843758 -17.88167787843871 20.400000000000002
    endloop
  endfacet
  facet normal 0 0 -1
    outer loop
      vertex -71.11832212156129 -18.21352549156242 19.3
      vertex -70.78647450843758 -16.11832212156129 19.3
      vertex -70.78647450843758 -17.88167787843871 19.3
    endloop
  endfacet
  facet normal 0 0 -1
    outer loop
      vertex -70.78647450843758 -17.88167787843871 19.3
      vertex -70.57341522555727 -16.53647450843758 19.3
      vertex -70.57341522555727 -17.46352549156242 19.3
    endloop
  endfacet
  facet normal 0.9876883405951378 -0.15643446504023048 0
    outer loop
      vertex -70.57341522555727 -17.46352549156242 19.3
      vertex -70.5 -17 19.3
      vertex -70.5 -17 20.400000000000002
    endloop
  endfacet
  facet normal 0.9876883405951378 -0.15643446504023048 0
    outer loop
      vertex -70.57341522555727 -17.46352549156242 19.3
      vertex -70.5 -17 20.400000000000002
      vertex -70.57341522555727 -17.46352549156242 20.400000000000002
    endloop
  endfacet
  facet normal 0 0 -1
    outer loop
      vertex -71.53647450843758 -18.42658477444273 19.3
      vertex -71.53647450843758 -15.57341522555727 19.3
      vertex -71.11832212156129 -15.786474508437578 19.3
    endloop
  endfacet
  facet normal 0 0 -1
    outer loop
      vertex -72 -18.5 19.3
      vertex -72 -15.5 19.3
      vertex -71.53647450843758 -15.57341522555727 19.3
    endloop
  endfacet
  facet normal 0 0 -1
    outer loop
      vertex -71.11832212156129 -18.21352549156242 19.3
      vertex -71.11832212156129 -15.786474508437578 19.3
      vertex -70.78647450843758 -16.11832212156129 19.3
    endloop
  endfacet
  facet normal 0 0 -1
    outer loop
      vertex -70.78647450843758 -17.88167787843871 19.3
      vertex -70.78647450843758 -16.11832212156129 19.3
      vertex -70.57341522555727 -16.53647450843758 19.3
    endloop
  endfacet
  facet normal 0 0 -1
    outer loop
      vertex -70.57341522555727 -17.46352549156242 19.3
      vertex -70.57341522555727 -16.53647450843758 19.3
      vertex -70.5 -17 19.3
    endloop
  endfacet
  facet normal 0.9876883405951378 0.15643446504023048 0
    outer loop
      vertex -70.5 -17 19.3
      vertex -70.57341522555727 -16.53647450843758 19.3
      vertex -70.57341522555727 -16.53647450843758 20.400000000000002
    endloop
  endfacet
  facet normal 0.9876883405951378 0.15643446504023048 0
    outer loop
      vertex -70.5 -17 19.3
      vertex -70.57341522555727 -16.53647450843758 20.400000000000002
      vertex -70.5 -17 20.400000000000002
    endloop
  endfacet
  facet normal 0.8910065241883673 0.4539904997395478 0
    outer loop
      vertex -70.57341522555727 -16.53647450843758 19.3
      vertex -70.78647450843758 -16.11832212156129 19.3
      vertex -70.78647450843758 -16.11832212156129 20.400000000000002
    endloop
  endfacet
  facet normal 0.8910065241883673 0.4539904997395478 0
    outer loop
      vertex -70.57341522555727 -16.53647450843758 19.3
      vertex -70.78647450843758 -16.11832212156129 20.400000000000002
      vertex -70.57341522555727 -16.53647450843758 20.400000000000002
    endloop
  endfacet
  facet normal 0.15643446504023048 0.9876883405951378 0
    outer loop
      vertex -72 -15.5 19.3
      vertex -72 -15.5 20.400000000000002
      vertex -71.53647450843758 -15.57341522555727 19.3
    endloop
  endfacet
  facet normal 0.4539904997395478 0.8910065241883673 0
    outer loop
      vertex -71.53647450843758 -15.57341522555727 19.3
      vertex -71.53647450843758 -15.57341522555727 20.400000000000002
      vertex -71.11832212156129 -15.786474508437578 19.3
    endloop
  endfacet
  facet normal 0.15643446504023048 0.9876883405951378 0
    outer loop
      vertex -71.53647450843758 -15.57341522555727 19.3
      vertex -72 -15.5 20.400000000000002
      vertex -71.53647450843758 -15.57341522555727 20.400000000000002
    endloop
  endfacet
  facet normal 0.7071067811865476 0.7071067811865476 0
    outer loop
      vertex -71.11832212156129 -15.786474508437578 19.3
      vertex -71.11832212156129 -15.786474508437578 20.400000000000002
      vertex -70.78647450843758 -16.11832212156129 19.3
    endloop
  endfacet
  facet normal 0.7071067811865476 0.7071067811865476 0
    outer loop
      vertex -70.78647450843758 -16.11832212156129 19.3
      vertex -71.11832212156129 -15.786474508437578 20.400000000000002
      vertex -70.78647450843758 -16.11832212156129 20.400000000000002
    endloop
  endfacet
  facet normal 0.4539904997395478 0.8910065241883673 0
    outer loop
      vertex -71.11832212156129 -15.786474508437578 19.3
      vertex -71.53647450843758 -15.57341522555727 20.400000000000002
      vertex -71.11832212156129 -15.786474508437578 20.400000000000002
    endloop
  endfacet
endsolid OpenSCAD_Model
