#VRML V2.0 utf8
# 3D model generated by easyeda2kicad.py (https://github.com/uPesy/easyeda2kicad.py)

Shape{
    appearance Appearance {
        material  Material 	{
            diffuseColor 0.7686274509803922 0.7686274509803922 0.7686274509803922
            specularColor 0.615686274509804 0.615686274509804 0.615686274509804
            ambientIntensity 0.7686
            transparency 0.0
            shininess 0.5
        }
    }
    geometry IndexedFaceSet {
        ccw TRUE
        solid FALSE
        coord DEF co Coordinate {
            point [
                -3.8779 0.1726 0.0236, -3.8779 0.1726 0.0197, -3.7992 0.1726 0.0236, -3.7992 0.1726 0.0197, -3.8779 0.1723 0.0271, -3.7992 0.1723 0.0271, -3.8779 0.1711 0.0305, -3.7992 0.1711 0.0305, -3.8779 0.1692 0.0334, -3.7992 0.1692 0.0334, -3.8779 0.1667 0.0359, -3.7992 0.1667 0.0359, -3.8779 0.1637 0.0378, -3.7992 0.1637 0.0378, -3.8779 0.1604 0.039, -3.7992 0.1604 0.039, -3.8779 0.1569 0.0394, -3.7992 0.1569 0.0394, -3.8779 0.0939 0.0394, -3.7992 0.0939 0.0394, -3.8779 0.0939 0.1181, -3.7992 0.0939 0.1181, -3.8779 -1.4022 0.1181, -3.7992 -1.4022 0.1181, -3.7992 -1.4115 0.1192, -3.8779 -1.4115 0.1192, -3.7992 -1.4203 0.1225, -3.8779 -1.4203 0.1225, -3.7992 -1.4281 0.1279, -3.8779 -1.4281 0.1279, -3.7992 -1.4344 0.1349, -3.8779 -1.4344 0.1349, -3.7992 -1.4388 0.1432, -3.8779 -1.4388 0.1432, -3.7992 -1.4412 0.1523, -3.8779 -1.4412 0.1523, -3.7992 -1.4413 0.1617, -3.8779 -1.4413 0.1617, -3.7992 -1.4392 0.1709, -3.8779 -1.4392 0.1709, -3.7992 -1.4349 0.1793, -3.8779 -1.4349 0.1793, -3.7992 -1.4288 0.1864, -3.8779 -1.4288 0.1864, -3.8779 -1.3107 0.2953, -3.7992 -1.3107 0.2953, -3.8779 -1.3107 0.2165, -3.7992 -1.3107 0.2165, -3.8779 -0.2166 0.2165, -3.7992 -0.2166 0.2165, -3.8779 -0.2166 0.1969, -3.7992 -0.2166 0.1969, -3.8779 0.0742 0.1969, -3.7992 0.0742 0.1969, -3.8779 0.0742 0.6521, -3.7992 0.0742 0.6521, -3.8779 -0.5739 0.6521, -3.7992 -0.5739 0.6521, -3.8779 -0.6208 0.5709, -3.7992 -0.6208 0.5709, -3.8779 -1.142 0.6501, -3.7992 -1.142 0.6501, -3.7992 -1.1514 0.6527, -3.8779 -1.1514 0.6527, -3.7992 -1.1598 0.6576, -3.8779 -1.1598 0.6576, -3.7992 -1.1668 0.6645, -3.8779 -1.1668 0.6645, -3.7992 -1.1719 0.6728, -3.8779 -1.1719 0.6728, -3.7992 -1.1748 0.6822, -3.8779 -1.1748 0.6822, -3.7992 -1.1753 0.6919, -3.8779 -1.1753 0.6919, -3.7992 -1.1734 0.7015, -3.8779 -1.1734 0.7015, -3.7992 -1.1691 0.7103, -3.8779 -1.1691 0.7103, -3.7992 -1.1628 0.7178, -3.8779 -1.1628 0.7178, -3.7992 -1.1549 0.7236, -3.8779 -1.1549 0.7236, -3.7992 -1.1458 0.7271, -3.8779 -1.1458 0.7271, -3.7992 -1.136 0.7283, -3.8779 -1.136 0.7283, -3.8779 0.1726 0.7283, -3.7992 0.1726 0.7283, -3.8779 0.1726 0.5315, -3.7992 0.1726 0.5315, -3.8779 0.1923 0.5315, -3.7992 0.1923 0.5315, -3.8779 0.1923 0.4134, -3.7992 0.1923 0.4134, -3.8779 0.1726 0.4134, -3.7992 0.1726 0.4134, -3.8779 0.1726 0.1378, -3.7992 0.1726 0.1378, -3.8779 0.2317 0.0787, -3.7992 0.2317 0.0787, -3.8779 0.4286 0.0787, -3.7992 0.4286 0.0787, -3.7992 0.4387 0.0774, -3.8779 0.4387 0.0774, -3.7992 0.4482 0.0735, -3.8779 0.4482 0.0735, -3.7992 0.4564 0.0672, -3.8779 0.4564 0.0672, -3.7992 0.4626 0.0591, -3.8779 0.4626 0.0591, -3.7992 0.4666 0.0496, -3.8779 0.4666 0.0496, -3.7992 0.4679 0.0394, -3.8779 0.4679 0.0394, -3.8779 0.4679 0.0, -3.7992 0.4679 0.0, -3.8779 0.1923 0.0, -3.7992 0.1923 0.0, -3.7992 0.188 0.0005, -3.8779 0.188 0.0005, -3.7992 0.1838 0.0019, -3.8779 0.1838 0.0019, -3.7992 0.1801 0.0043, -3.8779 0.1801 0.0043, -3.7992 0.1769 0.0074, -3.8779 0.1769 0.0074, -3.7992 0.1746 0.0111, -3.8779 0.1746 0.0111, -3.7992 0.1731 0.0153, -3.8779 0.1731 0.0153, -3.6811 0.1726 0.0236, -3.6811 0.1726 0.0197, -3.6023 0.1726 0.0236, -3.6023 0.1726 0.0197, -3.6811 0.1723 0.0271, -3.6023 0.1723 0.0271, -3.6811 0.1711 0.0305, -3.6023 0.1711 0.0305, -3.6811 0.1692 0.0334, -3.6023 0.1692 0.0334, -3.6811 0.1667 0.0359, -3.6023 0.1667 0.0359, -3.6811 0.1637 0.0378, -3.6023 0.1637 0.0378, -3.6811 0.1604 0.039, -3.6023 0.1604 0.039, -3.6811 0.1569 0.0394, -3.6023 0.1569 0.0394, -3.6811 0.0939 0.0394, -3.6023 0.0939 0.0394, -3.6811 0.0939 0.1181, -3.6023 0.0939 0.1181, -3.6811 -1.4022 0.1181, -3.6023 -1.4022 0.1181, -3.6023 -1.4115 0.1192, -3.6811 -1.4115 0.1192, -3.6023 -1.4203 0.1225, -3.6811 -1.4203 0.1225, -3.6023 -1.4281 0.1279, -3.6811 -1.4281 0.1279, -3.6023 -1.4344 0.1349, -3.6811 -1.4344 0.1349, -3.6023 -1.4388 0.1432, -3.6811 -1.4388 0.1432, -3.6023 -1.4412 0.1523, -3.6811 -1.4412 0.1523, -3.6023 -1.4413 0.1617, -3.6811 -1.4413 0.1617, -3.6023 -1.4392 0.1709, -3.6811 -1.4392 0.1709, -3.6023 -1.4349 0.1793, -3.6811 -1.4349 0.1793, -3.6023 -1.4288 0.1864, -3.6811 -1.4288 0.1864, -3.6811 -1.3107 0.2953, -3.6023 -1.3107 0.2953, -3.6811 -1.3107 0.2165, -3.6023 -1.3107 0.2165, -3.6811 -0.2166 0.2165, -3.6023 -0.2166 0.2165, -3.6811 -0.2166 0.1969, -3.6023 -0.2166 0.1969, -3.6811 0.0742 0.1969, -3.6023 0.0742 0.1969, -3.6811 0.0742 0.6521, -3.6023 0.0742 0.6521, -3.6811 -0.5739 0.6521, -3.6023 -0.5739 0.6521, -3.6811 -0.6208 0.5709, -3.6023 -0.6208 0.5709, -3.6811 -1.142 0.6501, -3.6023 -1.142 0.6501, -3.6023 -1.1514 0.6527, -3.6811 -1.1514 0.6527, -3.6023 -1.1598 0.6576, -3.6811 -1.1598 0.6576, -3.6023 -1.1668 0.6645, -3.6811 -1.1668 0.6645, -3.6023 -1.1719 0.6728, -3.6811 -1.1719 0.6728, -3.6023 -1.1748 0.6822, -3.6811 -1.1748 0.6822, -3.6023 -1.1753 0.6919, -3.6811 -1.1753 0.6919, -3.6023 -1.1734 0.7015, -3.6811 -1.1734 0.7015, -3.6023 -1.1691 0.7103, -3.6811 -1.1691 0.7103, -3.6023 -1.1628 0.7178, -3.6811 -1.1628 0.7178, -3.6023 -1.1549 0.7236, -3.6811 -1.1549 0.7236, -3.6023 -1.1458 0.7271, -3.6811 -1.1458 0.7271, -3.6023 -1.136 0.7283, -3.6811 -1.136 0.7283, -3.6811 0.1726 0.7283, -3.6023 0.1726 0.7283, -3.6811 0.1726 0.5315, -3.6023 0.1726 0.5315, -3.6811 0.1923 0.5315, -3.6023 0.1923 0.5315, -3.6811 0.1923 0.4134, -3.6023 0.1923 0.4134, -3.6811 0.1726 0.4134, -3.6023 0.1726 0.4134, -3.6811 0.1726 0.1378, -3.6023 0.1726 0.1378, -3.6811 0.2317 0.0787, -3.6023 0.2317 0.0787, -3.6811 0.4286 0.0787, -3.6023 0.4286 0.0787, -3.6023 0.4387 0.0774, -3.6811 0.4387 0.0774, -3.6023 0.4482 0.0735, -3.6811 0.4482 0.0735, -3.6023 0.4564 0.0672, -3.6811 0.4564 0.0672, -3.6023 0.4626 0.0591, -3.6811 0.4626 0.0591, -3.6023 0.4666 0.0496, -3.6811 0.4666 0.0496, -3.6023 0.4679 0.0394, -3.6811 0.4679 0.0394, -3.6811 0.4679 0.0, -3.6023 0.4679 0.0, -3.6811 0.1923 0.0, -3.6023 0.1923 0.0, -3.6023 0.188 0.0005, -3.6811 0.188 0.0005, -3.6023 0.1838 0.0019, -3.6811 0.1838 0.0019, -3.6023 0.1801 0.0043, -3.6811 0.1801 0.0043, -3.6023 0.1769 0.0074, -3.6811 0.1769 0.0074, -3.6023 0.1746 0.0111, -3.6811 0.1746 0.0111, -3.6023 0.1731 0.0153, -3.6811 0.1731 0.0153, -3.4842 0.1726 0.0236, -3.4842 0.1726 0.0197, -3.4055 0.1726 0.0236, -3.4055 0.1726 0.0197, -3.4842 0.1723 0.0271, -3.4055 0.1723 0.0271, -3.4842 0.1711 0.0305, -3.4055 0.1711 0.0305, -3.4842 0.1692 0.0334, -3.4055 0.1692 0.0334, -3.4842 0.1667 0.0359, -3.4055 0.1667 0.0359, -3.4842 0.1637 0.0378, -3.4055 0.1637 0.0378, -3.4842 0.1604 0.039, -3.4055 0.1604 0.039, -3.4842 0.1569 0.0394, -3.4055 0.1569 0.0394, -3.4842 0.0939 0.0394, -3.4055 0.0939 0.0394, -3.4842 0.0939 0.1181, -3.4055 0.0939 0.1181, -3.4842 -1.4022 0.1181, -3.4055 -1.4022 0.1181, -3.4055 -1.4115 0.1192, -3.4842 -1.4115 0.1192, -3.4055 -1.4203 0.1225, -3.4842 -1.4203 0.1225, -3.4055 -1.4281 0.1279, -3.4842 -1.4281 0.1279, -3.4055 -1.4344 0.1349, -3.4842 -1.4344 0.1349, -3.4055 -1.4388 0.1432, -3.4842 -1.4388 0.1432, -3.4055 -1.4412 0.1523, -3.4842 -1.4412 0.1523, -3.4055 -1.4413 0.1617, -3.4842 -1.4413 0.1617, -3.4055 -1.4392 0.1709, -3.4842 -1.4392 0.1709, -3.4055 -1.4349 0.1793, -3.4842 -1.4349 0.1793, -3.4055 -1.4288 0.1864, -3.4842 -1.4288 0.1864, -3.4842 -1.3107 0.2953, -3.4055 -1.3107 0.2953, -3.4842 -1.3107 0.2165, -3.4055 -1.3107 0.2165, -3.4842 -0.2166 0.2165, -3.4055 -0.2166 0.2165, -3.4842 -0.2166 0.1969, -3.4055 -0.2166 0.1969, -3.4842 0.0742 0.1969, -3.4055 0.0742 0.1969, -3.4842 0.0742 0.6521, -3.4055 0.0742 0.6521, -3.4842 -0.5739 0.6521, -3.4055 -0.5739 0.6521, -3.4842 -0.6208 0.5709, -3.4055 -0.6208 0.5709, -3.4842 -1.142 0.6501, -3.4055 -1.142 0.6501, -3.4055 -1.1514 0.6527, -3.4842 -1.1514 0.6527, -3.4055 -1.1598 0.6576, -3.4842 -1.1598 0.6576, -3.4055 -1.1668 0.6645, -3.4842 -1.1668 0.6645, -3.4055 -1.1719 0.6728, -3.4842 -1.1719 0.6728, -3.4055 -1.1748 0.6822, -3.4842 -1.1748 0.6822, -3.4055 -1.1753 0.6919, -3.4842 -1.1753 0.6919, -3.4055 -1.1734 0.7015, -3.4842 -1.1734 0.7015, -3.4055 -1.1691 0.7103, -3.4842 -1.1691 0.7103, -3.4055 -1.1628 0.7178, -3.4842 -1.1628 0.7178, -3.4055 -1.1549 0.7236, -3.4842 -1.1549 0.7236, -3.4055 -1.1458 0.7271, -3.4842 -1.1458 0.7271, -3.4055 -1.136 0.7283, -3.4842 -1.136 0.7283, -3.4842 0.1726 0.7283, -3.4055 0.1726 0.7283, -3.4842 0.1726 0.5315, -3.4055 0.1726 0.5315, -3.4842 0.1923 0.5315, -3.4055 0.1923 0.5315, -3.4842 0.1923 0.4134, -3.4055 0.1923 0.4134, -3.4842 0.1726 0.4134, -3.4055 0.1726 0.4134, -3.4842 0.1726 0.1378, -3.4055 0.1726 0.1378, -3.4842 0.2317 0.0787, -3.4055 0.2317 0.0787, -3.4842 0.4286 0.0787, -3.4055 0.4286 0.0787, -3.4055 0.4387 0.0774, -3.4842 0.4387 0.0774, -3.4055 0.4482 0.0735, -3.4842 0.4482 0.0735, -3.4055 0.4564 0.0672, -3.4842 0.4564 0.0672, -3.4055 0.4626 0.0591, -3.4842 0.4626 0.0591, -3.4055 0.4666 0.0496, -3.4842 0.4666 0.0496, -3.4055 0.4679 0.0394, -3.4842 0.4679 0.0394, -3.4842 0.4679 0.0, -3.4055 0.4679 0.0, -3.4842 0.1923 0.0, -3.4055 0.1923 0.0, -3.4055 0.188 0.0005, -3.4842 0.188 0.0005, -3.4055 0.1838 0.0019, -3.4842 0.1838 0.0019, -3.4055 0.1801 0.0043, -3.4842 0.1801 0.0043, -3.4055 0.1769 0.0074, -3.4842 0.1769 0.0074, -3.4055 0.1746 0.0111, -3.4842 0.1746 0.0111, -3.4055 0.1731 0.0153, -3.4842 0.1731 0.0153, -3.2874 0.1726 0.0236, -3.2874 0.1726 0.0197, -3.2086 0.1726 0.0236, -3.2086 0.1726 0.0197, -3.2874 0.1723 0.0271, -3.2086 0.1723 0.0271, -3.2874 0.1711 0.0305, -3.2086 0.1711 0.0305, -3.2874 0.1692 0.0334, -3.2086 0.1692 0.0334, -3.2874 0.1667 0.0359, -3.2086 0.1667 0.0359, -3.2874 0.1637 0.0378, -3.2086 0.1637 0.0378, -3.2874 0.1604 0.039, -3.2086 0.1604 0.039, -3.2874 0.1569 0.0394, -3.2086 0.1569 0.0394, -3.2874 0.0939 0.0394, -3.2086 0.0939 0.0394, -3.2874 0.0939 0.1181, -3.2086 0.0939 0.1181, -3.2874 -1.4022 0.1181, -3.2086 -1.4022 0.1181, -3.2086 -1.4115 0.1192, -3.2874 -1.4115 0.1192, -3.2086 -1.4203 0.1225, -3.2874 -1.4203 0.1225, -3.2086 -1.4281 0.1279, -3.2874 -1.4281 0.1279, -3.2086 -1.4344 0.1349, -3.2874 -1.4344 0.1349, -3.2086 -1.4388 0.1432, -3.2874 -1.4388 0.1432, -3.2086 -1.4412 0.1523, -3.2874 -1.4412 0.1523, -3.2086 -1.4413 0.1617, -3.2874 -1.4413 0.1617, -3.2086 -1.4392 0.1709, -3.2874 -1.4392 0.1709, -3.2086 -1.4349 0.1793, -3.2874 -1.4349 0.1793, -3.2086 -1.4288 0.1864, -3.2874 -1.4288 0.1864, -3.2874 -1.3107 0.2953, -3.2086 -1.3107 0.2953, -3.2874 -1.3107 0.2165, -3.2086 -1.3107 0.2165, -3.2874 -0.2166 0.2165, -3.2086 -0.2166 0.2165, -3.2874 -0.2166 0.1969, -3.2086 -0.2166 0.1969, -3.2874 0.0742 0.1969, -3.2086 0.0742 0.1969, -3.2874 0.0742 0.6521, -3.2086 0.0742 0.6521, -3.2874 -0.5739 0.6521, -3.2086 -0.5739 0.6521, -3.2874 -0.6208 0.5709, -3.2086 -0.6208 0.5709, -3.2874 -1.142 0.6501, -3.2086 -1.142 0.6501, -3.2086 -1.1514 0.6527, -3.2874 -1.1514 0.6527, -3.2086 -1.1598 0.6576, -3.2874 -1.1598 0.6576, -3.2086 -1.1668 0.6645, -3.2874 -1.1668 0.6645, -3.2086 -1.1719 0.6728, -3.2874 -1.1719 0.6728, -3.2086 -1.1748 0.6822, -3.2874 -1.1748 0.6822, -3.2086 -1.1753 0.6919, -3.2874 -1.1753 0.6919, -3.2086 -1.1734 0.7015, -3.2874 -1.1734 0.7015, -3.2086 -1.1691 0.7103, -3.2874 -1.1691 0.7103, -3.2086 -1.1628 0.7178, -3.2874 -1.1628 0.7178, -3.2086 -1.1549 0.7236, -3.2874 -1.1549 0.7236, -3.2086 -1.1458 0.7271, -3.2874 -1.1458 0.7271, -3.2086 -1.136 0.7283, -3.2874 -1.136 0.7283, -3.2874 0.1726 0.7283, -3.2086 0.1726 0.7283, -3.2874 0.1726 0.5315, -3.2086 0.1726 0.5315, -3.2874 0.1923 0.5315, -3.2086 0.1923 0.5315, -3.2874 0.1923 0.4134, -3.2086 0.1923 0.4134, -3.2874 0.1726 0.4134, -3.2086 0.1726 0.4134, -3.2874 0.1726 0.1378, -3.2086 0.1726 0.1378, -3.2874 0.2317 0.0787, -3.2086 0.2317 0.0787, -3.2874 0.4286 0.0787, -3.2086 0.4286 0.0787, -3.2086 0.4387 0.0774, -3.2874 0.4387 0.0774, -3.2086 0.4482 0.0735, -3.2874 0.4482 0.0735, -3.2086 0.4564 0.0672, -3.2874 0.4564 0.0672, -3.2086 0.4626 0.0591, -3.2874 0.4626 0.0591, -3.2086 0.4666 0.0496, -3.2874 0.4666 0.0496, -3.2086 0.4679 0.0394, -3.2874 0.4679 0.0394, -3.2874 0.4679 0.0, -3.2086 0.4679 0.0, -3.2874 0.1923 0.0, -3.2086 0.1923 0.0, -3.2086 0.188 0.0005, -3.2874 0.188 0.0005, -3.2086 0.1838 0.0019, -3.2874 0.1838 0.0019, -3.2086 0.1801 0.0043, -3.2874 0.1801 0.0043, -3.2086 0.1769 0.0074, -3.2874 0.1769 0.0074, -3.2086 0.1746 0.0111, -3.2874 0.1746 0.0111, -3.2086 0.1731 0.0153, -3.2874 0.1731 0.0153, -3.0905 0.1726 0.0236, -3.0905 0.1726 0.0197, -3.0118 0.1726 0.0236, -3.0118 0.1726 0.0197, -3.0905 0.1723 0.0271, -3.0118 0.1723 0.0271, -3.0905 0.1711 0.0305, -3.0118 0.1711 0.0305, -3.0905 0.1692 0.0334, -3.0118 0.1692 0.0334, -3.0905 0.1667 0.0359, -3.0118 0.1667 0.0359, -3.0905 0.1637 0.0378, -3.0118 0.1637 0.0378, -3.0905 0.1604 0.039, -3.0118 0.1604 0.039, -3.0905 0.1569 0.0394, -3.0118 0.1569 0.0394, -3.0905 0.0939 0.0394, -3.0118 0.0939 0.0394, -3.0905 0.0939 0.1181, -3.0118 0.0939 0.1181, -3.0905 -1.4022 0.1181, -3.0118 -1.4022 0.1181, -3.0118 -1.4115 0.1192, -3.0905 -1.4115 0.1192, -3.0118 -1.4203 0.1225, -3.0905 -1.4203 0.1225, -3.0118 -1.4281 0.1279, -3.0905 -1.4281 0.1279, -3.0118 -1.4344 0.1349, -3.0905 -1.4344 0.1349, -3.0118 -1.4388 0.1432, -3.0905 -1.4388 0.1432, -3.0118 -1.4412 0.1523, -3.0905 -1.4412 0.1523, -3.0118 -1.4413 0.1617, -3.0905 -1.4413 0.1617, -3.0118 -1.4392 0.1709, -3.0905 -1.4392 0.1709, -3.0118 -1.4349 0.1793, -3.0905 -1.4349 0.1793, -3.0118 -1.4288 0.1864, -3.0905 -1.4288 0.1864, -3.0905 -1.3107 0.2953, -3.0118 -1.3107 0.2953, -3.0905 -1.3107 0.2165, -3.0118 -1.3107 0.2165, -3.0905 -0.2166 0.2165, -3.0118 -0.2166 0.2165, -3.0905 -0.2166 0.1969, -3.0118 -0.2166 0.1969, -3.0905 0.0742 0.1969, -3.0118 0.0742 0.1969, -3.0905 0.0742 0.6521, -3.0118 0.0742 0.6521, -3.0905 -0.5739 0.6521, -3.0118 -0.5739 0.6521, -3.0905 -0.6208 0.5709, -3.0118 -0.6208 0.5709, -3.0905 -1.142 0.6501, -3.0118 -1.142 0.6501, -3.0118 -1.1514 0.6527, -3.0905 -1.1514 0.6527, -3.0118 -1.1598 0.6576, -3.0905 -1.1598 0.6576, -3.0118 -1.1668 0.6645, -3.0905 -1.1668 0.6645, -3.0118 -1.1719 0.6728, -3.0905 -1.1719 0.6728, -3.0118 -1.1748 0.6822, -3.0905 -1.1748 0.6822, -3.0118 -1.1753 0.6919, -3.0905 -1.1753 0.6919, -3.0118 -1.1734 0.7015, -3.0905 -1.1734 0.7015, -3.0118 -1.1691 0.7103, -3.0905 -1.1691 0.7103, -3.0118 -1.1628 0.7178, -3.0905 -1.1628 0.7178, -3.0118 -1.1549 0.7236, -3.0905 -1.1549 0.7236, -3.0118 -1.1458 0.7271, -3.0905 -1.1458 0.7271, -3.0118 -1.136 0.7283, -3.0905 -1.136 0.7283, -3.0905 0.1726 0.7283, -3.0118 0.1726 0.7283, -3.0905 0.1726 0.5315, -3.0118 0.1726 0.5315, -3.0905 0.1923 0.5315, -3.0118 0.1923 0.5315, -3.0905 0.1923 0.4134, -3.0118 0.1923 0.4134, -3.0905 0.1726 0.4134, -3.0118 0.1726 0.4134, -3.0905 0.1726 0.1378, -3.0118 0.1726 0.1378, -3.0905 0.2317 0.0787, -3.0118 0.2317 0.0787, -3.0905 0.4286 0.0787, -3.0118 0.4286 0.0787, -3.0118 0.4387 0.0774, -3.0905 0.4387 0.0774, -3.0118 0.4482 0.0735, -3.0905 0.4482 0.0735, -3.0118 0.4564 0.0672, -3.0905 0.4564 0.0672, -3.0118 0.4626 0.0591, -3.0905 0.4626 0.0591, -3.0118 0.4666 0.0496, -3.0905 0.4666 0.0496, -3.0118 0.4679 0.0394, -3.0905 0.4679 0.0394, -3.0905 0.4679 0.0, -3.0118 0.4679 0.0, -3.0905 0.1923 0.0, -3.0118 0.1923 0.0, -3.0118 0.188 0.0005, -3.0905 0.188 0.0005, -3.0118 0.1838 0.0019, -3.0905 0.1838 0.0019, -3.0118 0.1801 0.0043, -3.0905 0.1801 0.0043, -3.0118 0.1769 0.0074, -3.0905 0.1769 0.0074, -3.0118 0.1746 0.0111, -3.0905 0.1746 0.0111, -3.0118 0.1731 0.0153, -3.0905 0.1731 0.0153, -2.8937 0.1726 0.0236, -2.8937 0.1726 0.0197, -2.8149 0.1726 0.0236, -2.8149 0.1726 0.0197, -2.8937 0.1723 0.0271, -2.8149 0.1723 0.0271, -2.8937 0.1711 0.0305, -2.8149 0.1711 0.0305, -2.8937 0.1692 0.0334, -2.8149 0.1692 0.0334, -2.8937 0.1667 0.0359, -2.8149 0.1667 0.0359, -2.8937 0.1637 0.0378, -2.8149 0.1637 0.0378, -2.8937 0.1604 0.039, -2.8149 0.1604 0.039, -2.8937 0.1569 0.0394, -2.8149 0.1569 0.0394, -2.8937 0.0939 0.0394, -2.8149 0.0939 0.0394, -2.8937 0.0939 0.1181, -2.8149 0.0939 0.1181, -2.8937 -1.4022 0.1181, -2.8149 -1.4022 0.1181, -2.8149 -1.4115 0.1192, -2.8937 -1.4115 0.1192, -2.8149 -1.4203 0.1225, -2.8937 -1.4203 0.1225, -2.8149 -1.4281 0.1279, -2.8937 -1.4281 0.1279, -2.8149 -1.4344 0.1349, -2.8937 -1.4344 0.1349, -2.8149 -1.4388 0.1432, -2.8937 -1.4388 0.1432, -2.8149 -1.4412 0.1523, -2.8937 -1.4412 0.1523, -2.8149 -1.4413 0.1617, -2.8937 -1.4413 0.1617, -2.8149 -1.4392 0.1709, -2.8937 -1.4392 0.1709, -2.8149 -1.4349 0.1793, -2.8937 -1.4349 0.1793, -2.8149 -1.4288 0.1864, -2.8937 -1.4288 0.1864, -2.8937 -1.3107 0.2953, -2.8149 -1.3107 0.2953, -2.8937 -1.3107 0.2165, -2.8149 -1.3107 0.2165, -2.8937 -0.2166 0.2165, -2.8149 -0.2166 0.2165, -2.8937 -0.2166 0.1969, -2.8149 -0.2166 0.1969, -2.8937 0.0742 0.1969, -2.8149 0.0742 0.1969, -2.8937 0.0742 0.6521, -2.8149 0.0742 0.6521, -2.8937 -0.5739 0.6521, -2.8149 -0.5739 0.6521, -2.8937 -0.6208 0.5709, -2.8149 -0.6208 0.5709, -2.8937 -1.142 0.6501, -2.8149 -1.142 0.6501, -2.8149 -1.1514 0.6527, -2.8937 -1.1514 0.6527, -2.8149 -1.1598 0.6576, -2.8937 -1.1598 0.6576, -2.8149 -1.1668 0.6645, -2.8937 -1.1668 0.6645, -2.8149 -1.1719 0.6728, -2.8937 -1.1719 0.6728, -2.8149 -1.1748 0.6822, -2.8937 -1.1748 0.6822, -2.8149 -1.1753 0.6919, -2.8937 -1.1753 0.6919, -2.8149 -1.1734 0.7015, -2.8937 -1.1734 0.7015, -2.8149 -1.1691 0.7103, -2.8937 -1.1691 0.7103, -2.8149 -1.1628 0.7178, -2.8937 -1.1628 0.7178, -2.8149 -1.1549 0.7236, -2.8937 -1.1549 0.7236, -2.8149 -1.1458 0.7271, -2.8937 -1.1458 0.7271, -2.8149 -1.136 0.7283, -2.8937 -1.136 0.7283, -2.8937 0.1726 0.7283, -2.8149 0.1726 0.7283, -2.8937 0.1726 0.5315, -2.8149 0.1726 0.5315, -2.8937 0.1923 0.5315, -2.8149 0.1923 0.5315, -2.8937 0.1923 0.4134, -2.8149 0.1923 0.4134, -2.8937 0.1726 0.4134, -2.8149 0.1726 0.4134, -2.8937 0.1726 0.1378, -2.8149 0.1726 0.1378, -2.8937 0.2317 0.0787, -2.8149 0.2317 0.0787, -2.8937 0.4286 0.0787, -2.8149 0.4286 0.0787, -2.8149 0.4387 0.0774, -2.8937 0.4387 0.0774, -2.8149 0.4482 0.0735, -2.8937 0.4482 0.0735, -2.8149 0.4564 0.0672, -2.8937 0.4564 0.0672, -2.8149 0.4626 0.0591, -2.8937 0.4626 0.0591, -2.8149 0.4666 0.0496, -2.8937 0.4666 0.0496, -2.8149 0.4679 0.0394, -2.8937 0.4679 0.0394, -2.8937 0.4679 0.0, -2.8149 0.4679 0.0, -2.8937 0.1923 0.0, -2.8149 0.1923 0.0, -2.8149 0.188 0.0005, -2.8937 0.188 0.0005, -2.8149 0.1838 0.0019, -2.8937 0.1838 0.0019, -2.8149 0.1801 0.0043, -2.8937 0.1801 0.0043, -2.8149 0.1769 0.0074, -2.8937 0.1769 0.0074, -2.8149 0.1746 0.0111, -2.8937 0.1746 0.0111, -2.8149 0.1731 0.0153, -2.8937 0.1731 0.0153, -2.6968 0.1726 0.0236, -2.6968 0.1726 0.0197, -2.6181 0.1726 0.0236, -2.6181 0.1726 0.0197, -2.6968 0.1723 0.0271, -2.6181 0.1723 0.0271, -2.6968 0.1711 0.0305, -2.6181 0.1711 0.0305, -2.6968 0.1692 0.0334, -2.6181 0.1692 0.0334, -2.6968 0.1667 0.0359, -2.6181 0.1667 0.0359, -2.6968 0.1637 0.0378, -2.6181 0.1637 0.0378, -2.6968 0.1604 0.039, -2.6181 0.1604 0.039, -2.6968 0.1569 0.0394, -2.6181 0.1569 0.0394, -2.6968 0.0939 0.0394, -2.6181 0.0939 0.0394, -2.6968 0.0939 0.1181, -2.6181 0.0939 0.1181, -2.6968 -1.4022 0.1181, -2.6181 -1.4022 0.1181, -2.6181 -1.4115 0.1192, -2.6968 -1.4115 0.1192, -2.6181 -1.4203 0.1225, -2.6968 -1.4203 0.1225, -2.6181 -1.4281 0.1279, -2.6968 -1.4281 0.1279, -2.6181 -1.4344 0.1349, -2.6968 -1.4344 0.1349, -2.6181 -1.4388 0.1432, -2.6968 -1.4388 0.1432, -2.6181 -1.4412 0.1523, -2.6968 -1.4412 0.1523, -2.6181 -1.4413 0.1617, -2.6968 -1.4413 0.1617, -2.6181 -1.4392 0.1709, -2.6968 -1.4392 0.1709, -2.6181 -1.4349 0.1793, -2.6968 -1.4349 0.1793, -2.6181 -1.4288 0.1864, -2.6968 -1.4288 0.1864, -2.6968 -1.3107 0.2953, -2.6181 -1.3107 0.2953, -2.6968 -1.3107 0.2165, -2.6181 -1.3107 0.2165, -2.6968 -0.2166 0.2165, -2.6181 -0.2166 0.2165, -2.6968 -0.2166 0.1969, -2.6181 -0.2166 0.1969, -2.6968 0.0742 0.1969, -2.6181 0.0742 0.1969, -2.6968 0.0742 0.6521, -2.6181 0.0742 0.6521, -2.6968 -0.5739 0.6521, -2.6181 -0.5739 0.6521, -2.6968 -0.6208 0.5709, -2.6181 -0.6208 0.5709, -2.6968 -1.142 0.6501, -2.6181 -1.142 0.6501, -2.6181 -1.1514 0.6527, -2.6968 -1.1514 0.6527, -2.6181 -1.1598 0.6576, -2.6968 -1.1598 0.6576, -2.6181 -1.1668 0.6645, -2.6968 -1.1668 0.6645, -2.6181 -1.1719 0.6728, -2.6968 -1.1719 0.6728, -2.6181 -1.1748 0.6822, -2.6968 -1.1748 0.6822, -2.6181 -1.1753 0.6919, -2.6968 -1.1753 0.6919, -2.6181 -1.1734 0.7015, -2.6968 -1.1734 0.7015, -2.6181 -1.1691 0.7103, -2.6968 -1.1691 0.7103, -2.6181 -1.1628 0.7178, -2.6968 -1.1628 0.7178, -2.6181 -1.1549 0.7236, -2.6968 -1.1549 0.7236, -2.6181 -1.1458 0.7271, -2.6968 -1.1458 0.7271, -2.6181 -1.136 0.7283, -2.6968 -1.136 0.7283, -2.6968 0.1726 0.7283, -2.6181 0.1726 0.7283, -2.6968 0.1726 0.5315, -2.6181 0.1726 0.5315, -2.6968 0.1923 0.5315, -2.6181 0.1923 0.5315, -2.6968 0.1923 0.4134, -2.6181 0.1923 0.4134, -2.6968 0.1726 0.4134, -2.6181 0.1726 0.4134, -2.6968 0.1726 0.1378, -2.6181 0.1726 0.1378, -2.6968 0.2317 0.0787, -2.6181 0.2317 0.0787, -2.6968 0.4286 0.0787, -2.6181 0.4286 0.0787, -2.6181 0.4387 0.0774, -2.6968 0.4387 0.0774, -2.6181 0.4482 0.0735, -2.6968 0.4482 0.0735, -2.6181 0.4564 0.0672, -2.6968 0.4564 0.0672, -2.6181 0.4626 0.0591, -2.6968 0.4626 0.0591, -2.6181 0.4666 0.0496, -2.6968 0.4666 0.0496, -2.6181 0.4679 0.0394, -2.6968 0.4679 0.0394, -2.6968 0.4679 0.0, -2.6181 0.4679 0.0, -2.6968 0.1923 0.0, -2.6181 0.1923 0.0, -2.6181 0.188 0.0005, -2.6968 0.188 0.0005, -2.6181 0.1838 0.0019, -2.6968 0.1838 0.0019, -2.6181 0.1801 0.0043, -2.6968 0.1801 0.0043, -2.6181 0.1769 0.0074, -2.6968 0.1769 0.0074, -2.6181 0.1746 0.0111, -2.6968 0.1746 0.0111, -2.6181 0.1731 0.0153, -2.6968 0.1731 0.0153, -2.5 0.1726 0.0236, -2.5 0.1726 0.0197, -2.4212 0.1726 0.0236, -2.4212 0.1726 0.0197, -2.5 0.1723 0.0271, -2.4212 0.1723 0.0271, -2.5 0.1711 0.0305, -2.4212 0.1711 0.0305, -2.5 0.1692 0.0334, -2.4212 0.1692 0.0334, -2.5 0.1667 0.0359, -2.4212 0.1667 0.0359, -2.5 0.1637 0.0378, -2.4212 0.1637 0.0378, -2.5 0.1604 0.039, -2.4212 0.1604 0.039, -2.5 0.1569 0.0394, -2.4212 0.1569 0.0394, -2.5 0.0939 0.0394, -2.4212 0.0939 0.0394, -2.5 0.0939 0.1181, -2.4212 0.0939 0.1181, -2.5 -1.4022 0.1181, -2.4212 -1.4022 0.1181, -2.4212 -1.4115 0.1192, -2.5 -1.4115 0.1192, -2.4212 -1.4203 0.1225, -2.5 -1.4203 0.1225, -2.4212 -1.4281 0.1279, -2.5 -1.4281 0.1279, -2.4212 -1.4344 0.1349, -2.5 -1.4344 0.1349, -2.4212 -1.4388 0.1432, -2.5 -1.4388 0.1432, -2.4212 -1.4412 0.1523, -2.5 -1.4412 0.1523, -2.4212 -1.4413 0.1617, -2.5 -1.4413 0.1617, -2.4212 -1.4392 0.1709, -2.5 -1.4392 0.1709, -2.4212 -1.4349 0.1793, -2.5 -1.4349 0.1793, -2.4212 -1.4288 0.1864, -2.5 -1.4288 0.1864, -2.5 -1.3107 0.2953, -2.4212 -1.3107 0.2953, -2.5 -1.3107 0.2165, -2.4212 -1.3107 0.2165, -2.5 -0.2166 0.2165, -2.4212 -0.2166 0.2165, -2.5 -0.2166 0.1969, -2.4212 -0.2166 0.1969, -2.5 0.0742 0.1969, -2.4212 0.0742 0.1969, -2.5 0.0742 0.6521, -2.4212 0.0742 0.6521, -2.5 -0.5739 0.6521, -2.4212 -0.5739 0.6521, -2.5 -0.6208 0.5709, -2.4212 -0.6208 0.5709, -2.5 -1.142 0.6501, -2.4212 -1.142 0.6501, -2.4212 -1.1514 0.6527, -2.5 -1.1514 0.6527, -2.4212 -1.1598 0.6576, -2.5 -1.1598 0.6576, -2.4212 -1.1668 0.6645, -2.5 -1.1668 0.6645, -2.4212 -1.1719 0.6728, -2.5 -1.1719 0.6728, -2.4212 -1.1748 0.6822, -2.5 -1.1748 0.6822, -2.4212 -1.1753 0.6919, -2.5 -1.1753 0.6919, -2.4212 -1.1734 0.7015, -2.5 -1.1734 0.7015, -2.4212 -1.1691 0.7103, -2.5 -1.1691 0.7103, -2.4212 -1.1628 0.7178, -2.5 -1.1628 0.7178, -2.4212 -1.1549 0.7236, -2.5 -1.1549 0.7236, -2.4212 -1.1458 0.7271, -2.5 -1.1458 0.7271, -2.4212 -1.136 0.7283, -2.5 -1.136 0.7283, -2.5 0.1726 0.7283, -2.4212 0.1726 0.7283, -2.5 0.1726 0.5315, -2.4212 0.1726 0.5315, -2.5 0.1923 0.5315, -2.4212 0.1923 0.5315, -2.5 0.1923 0.4134, -2.4212 0.1923 0.4134, -2.5 0.1726 0.4134, -2.4212 0.1726 0.4134, -2.5 0.1726 0.1378, -2.4212 0.1726 0.1378, -2.5 0.2317 0.0787, -2.4212 0.2317 0.0787, -2.5 0.4286 0.0787, -2.4212 0.4286 0.0787, -2.4212 0.4387 0.0774, -2.5 0.4387 0.0774, -2.4212 0.4482 0.0735, -2.5 0.4482 0.0735, -2.4212 0.4564 0.0672, -2.5 0.4564 0.0672, -2.4212 0.4626 0.0591, -2.5 0.4626 0.0591, -2.4212 0.4666 0.0496, -2.5 0.4666 0.0496, -2.4212 0.4679 0.0394, -2.5 0.4679 0.0394, -2.5 0.4679 0.0, -2.4212 0.4679 0.0, -2.5 0.1923 0.0, -2.4212 0.1923 0.0, -2.4212 0.188 0.0005, -2.5 0.188 0.0005, -2.4212 0.1838 0.0019, -2.5 0.1838 0.0019, -2.4212 0.1801 0.0043, -2.5 0.1801 0.0043, -2.4212 0.1769 0.0074, -2.5 0.1769 0.0074, -2.4212 0.1746 0.0111, -2.5 0.1746 0.0111, -2.4212 0.1731 0.0153, -2.5 0.1731 0.0153, -2.3031 0.1726 0.0236, -2.3031 0.1726 0.0197, -2.2244 0.1726 0.0236, -2.2244 0.1726 0.0197, -2.3031 0.1723 0.0271, -2.2244 0.1723 0.0271, -2.3031 0.1711 0.0305, -2.2244 0.1711 0.0305, -2.3031 0.1692 0.0334, -2.2244 0.1692 0.0334, -2.3031 0.1667 0.0359, -2.2244 0.1667 0.0359, -2.3031 0.1637 0.0378, -2.2244 0.1637 0.0378, -2.3031 0.1604 0.039, -2.2244 0.1604 0.039, -2.3031 0.1569 0.0394, -2.2244 0.1569 0.0394, -2.3031 0.0939 0.0394, -2.2244 0.0939 0.0394, -2.3031 0.0939 0.1181, -2.2244 0.0939 0.1181, -2.3031 -1.4022 0.1181, -2.2244 -1.4022 0.1181, -2.2244 -1.4115 0.1192, -2.3031 -1.4115 0.1192, -2.2244 -1.4203 0.1225, -2.3031 -1.4203 0.1225, -2.2244 -1.4281 0.1279, -2.3031 -1.4281 0.1279, -2.2244 -1.4344 0.1349, -2.3031 -1.4344 0.1349, -2.2244 -1.4388 0.1432, -2.3031 -1.4388 0.1432, -2.2244 -1.4412 0.1523, -2.3031 -1.4412 0.1523, -2.2244 -1.4413 0.1617, -2.3031 -1.4413 0.1617, -2.2244 -1.4392 0.1709, -2.3031 -1.4392 0.1709, -2.2244 -1.4349 0.1793, -2.3031 -1.4349 0.1793, -2.2244 -1.4288 0.1864, -2.3031 -1.4288 0.1864, -2.3031 -1.3107 0.2953, -2.2244 -1.3107 0.2953, -2.3031 -1.3107 0.2165, -2.2244 -1.3107 0.2165, -2.3031 -0.2166 0.2165, -2.2244 -0.2166 0.2165, -2.3031 -0.2166 0.1969, -2.2244 -0.2166 0.1969, -2.3031 0.0742 0.1969, -2.2244 0.0742 0.1969, -2.3031 0.0742 0.6521, -2.2244 0.0742 0.6521, -2.3031 -0.5739 0.6521, -2.2244 -0.5739 0.6521, -2.3031 -0.6208 0.5709, -2.2244 -0.6208 0.5709, -2.3031 -1.142 0.6501, -2.2244 -1.142 0.6501, -2.2244 -1.1514 0.6527, -2.3031 -1.1514 0.6527, -2.2244 -1.1598 0.6576, -2.3031 -1.1598 0.6576, -2.2244 -1.1668 0.6645, -2.3031 -1.1668 0.6645, -2.2244 -1.1719 0.6728, -2.3031 -1.1719 0.6728, -2.2244 -1.1748 0.6822, -2.3031 -1.1748 0.6822, -2.2244 -1.1753 0.6919, -2.3031 -1.1753 0.6919, -2.2244 -1.1734 0.7015, -2.3031 -1.1734 0.7015, -2.2244 -1.1691 0.7103, -2.3031 -1.1691 0.7103, -2.2244 -1.1628 0.7178, -2.3031 -1.1628 0.7178, -2.2244 -1.1549 0.7236, -2.3031 -1.1549 0.7236, -2.2244 -1.1458 0.7271, -2.3031 -1.1458 0.7271, -2.2244 -1.136 0.7283, -2.3031 -1.136 0.7283, -2.3031 0.1726 0.7283, -2.2244 0.1726 0.7283, -2.3031 0.1726 0.5315, -2.2244 0.1726 0.5315, -2.3031 0.1923 0.5315, -2.2244 0.1923 0.5315, -2.3031 0.1923 0.4134, -2.2244 0.1923 0.4134, -2.3031 0.1726 0.4134, -2.2244 0.1726 0.4134, -2.3031 0.1726 0.1378, -2.2244 0.1726 0.1378, -2.3031 0.2317 0.0787, -2.2244 0.2317 0.0787, -2.3031 0.4286 0.0787, -2.2244 0.4286 0.0787, -2.2244 0.4387 0.0774, -2.3031 0.4387 0.0774, -2.2244 0.4482 0.0735, -2.3031 0.4482 0.0735, -2.2244 0.4564 0.0672, -2.3031 0.4564 0.0672, -2.2244 0.4626 0.0591, -2.3031 0.4626 0.0591, -2.2244 0.4666 0.0496, -2.3031 0.4666 0.0496, -2.2244 0.4679 0.0394, -2.3031 0.4679 0.0394, -2.3031 0.4679 0.0, -2.2244 0.4679 0.0, -2.3031 0.1923 0.0, -2.2244 0.1923 0.0, -2.2244 0.188 0.0005, -2.3031 0.188 0.0005, -2.2244 0.1838 0.0019, -2.3031 0.1838 0.0019, -2.2244 0.1801 0.0043, -2.3031 0.1801 0.0043, -2.2244 0.1769 0.0074, -2.3031 0.1769 0.0074, -2.2244 0.1746 0.0111, -2.3031 0.1746 0.0111, -2.2244 0.1731 0.0153, -2.3031 0.1731 0.0153, -2.1063 0.1726 0.0236, -2.1063 0.1726 0.0197, -2.0275 0.1726 0.0236, -2.0275 0.1726 0.0197, -2.1063 0.1723 0.0271, -2.0275 0.1723 0.0271, -2.1063 0.1711 0.0305, -2.0275 0.1711 0.0305, -2.1063 0.1692 0.0334, -2.0275 0.1692 0.0334, -2.1063 0.1667 0.0359, -2.0275 0.1667 0.0359, -2.1063 0.1637 0.0378, -2.0275 0.1637 0.0378, -2.1063 0.1604 0.039, -2.0275 0.1604 0.039, -2.1063 0.1569 0.0394, -2.0275 0.1569 0.0394, -2.1063 0.0939 0.0394, -2.0275 0.0939 0.0394, -2.1063 0.0939 0.1181, -2.0275 0.0939 0.1181, -2.1063 -1.4022 0.1181, -2.0275 -1.4022 0.1181, -2.0275 -1.4115 0.1192, -2.1063 -1.4115 0.1192, -2.0275 -1.4203 0.1225, -2.1063 -1.4203 0.1225, -2.0275 -1.4281 0.1279, -2.1063 -1.4281 0.1279, -2.0275 -1.4344 0.1349, -2.1063 -1.4344 0.1349, -2.0275 -1.4388 0.1432, -2.1063 -1.4388 0.1432, -2.0275 -1.4412 0.1523, -2.1063 -1.4412 0.1523, -2.0275 -1.4413 0.1617, -2.1063 -1.4413 0.1617, -2.0275 -1.4392 0.1709, -2.1063 -1.4392 0.1709, -2.0275 -1.4349 0.1793, -2.1063 -1.4349 0.1793, -2.0275 -1.4288 0.1864, -2.1063 -1.4288 0.1864, -2.1063 -1.3107 0.2953, -2.0275 -1.3107 0.2953, -2.1063 -1.3107 0.2165, -2.0275 -1.3107 0.2165, -2.1063 -0.2166 0.2165, -2.0275 -0.2166 0.2165, -2.1063 -0.2166 0.1969, -2.0275 -0.2166 0.1969, -2.1063 0.0742 0.1969, -2.0275 0.0742 0.1969, -2.1063 0.0742 0.6521, -2.0275 0.0742 0.6521, -2.1063 -0.5739 0.6521, -2.0275 -0.5739 0.6521, -2.1063 -0.6208 0.5709, -2.0275 -0.6208 0.5709, -2.1063 -1.142 0.6501, -2.0275 -1.142 0.6501, -2.0275 -1.1514 0.6527, -2.1063 -1.1514 0.6527, -2.0275 -1.1598 0.6576, -2.1063 -1.1598 0.6576, -2.0275 -1.1668 0.6645, -2.1063 -1.1668 0.6645, -2.0275 -1.1719 0.6728, -2.1063 -1.1719 0.6728, -2.0275 -1.1748 0.6822, -2.1063 -1.1748 0.6822, -2.0275 -1.1753 0.6919, -2.1063 -1.1753 0.6919, -2.0275 -1.1734 0.7015, -2.1063 -1.1734 0.7015, -2.0275 -1.1691 0.7103, -2.1063 -1.1691 0.7103, -2.0275 -1.1628 0.7178, -2.1063 -1.1628 0.7178, -2.0275 -1.1549 0.7236, -2.1063 -1.1549 0.7236, -2.0275 -1.1458 0.7271, -2.1063 -1.1458 0.7271, -2.0275 -1.136 0.7283, -2.1063 -1.136 0.7283, -2.1063 0.1726 0.7283, -2.0275 0.1726 0.7283, -2.1063 0.1726 0.5315, -2.0275 0.1726 0.5315, -2.1063 0.1923 0.5315, -2.0275 0.1923 0.5315, -2.1063 0.1923 0.4134, -2.0275 0.1923 0.4134, -2.1063 0.1726 0.4134, -2.0275 0.1726 0.4134, -2.1063 0.1726 0.1378, -2.0275 0.1726 0.1378, -2.1063 0.2317 0.0787, -2.0275 0.2317 0.0787, -2.1063 0.4286 0.0787, -2.0275 0.4286 0.0787, -2.0275 0.4387 0.0774, -2.1063 0.4387 0.0774, -2.0275 0.4482 0.0735, -2.1063 0.4482 0.0735, -2.0275 0.4564 0.0672, -2.1063 0.4564 0.0672, -2.0275 0.4626 0.0591, -2.1063 0.4626 0.0591, -2.0275 0.4666 0.0496, -2.1063 0.4666 0.0496, -2.0275 0.4679 0.0394, -2.1063 0.4679 0.0394, -2.1063 0.4679 0.0, -2.0275 0.4679 0.0, -2.1063 0.1923 0.0, -2.0275 0.1923 0.0, -2.0275 0.188 0.0005, -2.1063 0.188 0.0005, -2.0275 0.1838 0.0019, -2.1063 0.1838 0.0019, -2.0275 0.1801 0.0043, -2.1063 0.1801 0.0043, -2.0275 0.1769 0.0074, -2.1063 0.1769 0.0074, -2.0275 0.1746 0.0111, -2.1063 0.1746 0.0111, -2.0275 0.1731 0.0153, -2.1063 0.1731 0.0153, -1.9094 0.1726 0.0236, -1.9094 0.1726 0.0197, -1.8307 0.1726 0.0236, -1.8307 0.1726 0.0197, -1.9094 0.1723 0.0271, -1.8307 0.1723 0.0271, -1.9094 0.1711 0.0305, -1.8307 0.1711 0.0305, -1.9094 0.1692 0.0334, -1.8307 0.1692 0.0334, -1.9094 0.1667 0.0359, -1.8307 0.1667 0.0359, -1.9094 0.1637 0.0378, -1.8307 0.1637 0.0378, -1.9094 0.1604 0.039, -1.8307 0.1604 0.039, -1.9094 0.1569 0.0394, -1.8307 0.1569 0.0394, -1.9094 0.0939 0.0394, -1.8307 0.0939 0.0394, -1.9094 0.0939 0.1181, -1.8307 0.0939 0.1181, -1.9094 -1.4022 0.1181, -1.8307 -1.4022 0.1181, -1.8307 -1.4115 0.1192, -1.9094 -1.4115 0.1192, -1.8307 -1.4203 0.1225, -1.9094 -1.4203 0.1225, -1.8307 -1.4281 0.1279, -1.9094 -1.4281 0.1279, -1.8307 -1.4344 0.1349, -1.9094 -1.4344 0.1349, -1.8307 -1.4388 0.1432, -1.9094 -1.4388 0.1432, -1.8307 -1.4412 0.1523, -1.9094 -1.4412 0.1523, -1.8307 -1.4413 0.1617, -1.9094 -1.4413 0.1617, -1.8307 -1.4392 0.1709, -1.9094 -1.4392 0.1709, -1.8307 -1.4349 0.1793, -1.9094 -1.4349 0.1793, -1.8307 -1.4288 0.1864, -1.9094 -1.4288 0.1864, -1.9094 -1.3107 0.2953, -1.8307 -1.3107 0.2953, -1.9094 -1.3107 0.2165, -1.8307 -1.3107 0.2165, -1.9094 -0.2166 0.2165, -1.8307 -0.2166 0.2165, -1.9094 -0.2166 0.1969, -1.8307 -0.2166 0.1969, -1.9094 0.0742 0.1969, -1.8307 0.0742 0.1969, -1.9094 0.0742 0.6521, -1.8307 0.0742 0.6521, -1.9094 -0.5739 0.6521, -1.8307 -0.5739 0.6521, -1.9094 -0.6208 0.5709, -1.8307 -0.6208 0.5709, -1.9094 -1.142 0.6501, -1.8307 -1.142 0.6501, -1.8307 -1.1514 0.6527, -1.9094 -1.1514 0.6527, -1.8307 -1.1598 0.6576, -1.9094 -1.1598 0.6576, -1.8307 -1.1668 0.6645, -1.9094 -1.1668 0.6645, -1.8307 -1.1719 0.6728, -1.9094 -1.1719 0.6728, -1.8307 -1.1748 0.6822, -1.9094 -1.1748 0.6822, -1.8307 -1.1753 0.6919, -1.9094 -1.1753 0.6919, -1.8307 -1.1734 0.7015, -1.9094 -1.1734 0.7015, -1.8307 -1.1691 0.7103, -1.9094 -1.1691 0.7103, -1.8307 -1.1628 0.7178, -1.9094 -1.1628 0.7178, -1.8307 -1.1549 0.7236, -1.9094 -1.1549 0.7236, -1.8307 -1.1458 0.7271, -1.9094 -1.1458 0.7271, -1.8307 -1.136 0.7283, -1.9094 -1.136 0.7283, -1.9094 0.1726 0.7283, -1.8307 0.1726 0.7283, -1.9094 0.1726 0.5315, -1.8307 0.1726 0.5315, -1.9094 0.1923 0.5315, -1.8307 0.1923 0.5315, -1.9094 0.1923 0.4134, -1.8307 0.1923 0.4134, -1.9094 0.1726 0.4134, -1.8307 0.1726 0.4134, -1.9094 0.1726 0.1378, -1.8307 0.1726 0.1378, -1.9094 0.2317 0.0787, -1.8307 0.2317 0.0787, -1.9094 0.4286 0.0787, -1.8307 0.4286 0.0787, -1.8307 0.4387 0.0774, -1.9094 0.4387 0.0774, -1.8307 0.4482 0.0735, -1.9094 0.4482 0.0735, -1.8307 0.4564 0.0672, -1.9094 0.4564 0.0672, -1.8307 0.4626 0.0591, -1.9094 0.4626 0.0591, -1.8307 0.4666 0.0496, -1.9094 0.4666 0.0496, -1.8307 0.4679 0.0394, -1.9094 0.4679 0.0394, -1.9094 0.4679 0.0, -1.8307 0.4679 0.0, -1.9094 0.1923 0.0, -1.8307 0.1923 0.0, -1.8307 0.188 0.0005, -1.9094 0.188 0.0005, -1.8307 0.1838 0.0019, -1.9094 0.1838 0.0019, -1.8307 0.1801 0.0043, -1.9094 0.1801 0.0043, -1.8307 0.1769 0.0074, -1.9094 0.1769 0.0074, -1.8307 0.1746 0.0111, -1.9094 0.1746 0.0111, -1.8307 0.1731 0.0153, -1.9094 0.1731 0.0153, -1.7126 0.1726 0.0236, -1.7126 0.1726 0.0197, -1.6338 0.1726 0.0236, -1.6338 0.1726 0.0197, -1.7126 0.1723 0.0271, -1.6338 0.1723 0.0271, -1.7126 0.1711 0.0305, -1.6338 0.1711 0.0305, -1.7126 0.1692 0.0334, -1.6338 0.1692 0.0334, -1.7126 0.1667 0.0359, -1.6338 0.1667 0.0359, -1.7126 0.1637 0.0378, -1.6338 0.1637 0.0378, -1.7126 0.1604 0.039, -1.6338 0.1604 0.039, -1.7126 0.1569 0.0394, -1.6338 0.1569 0.0394, -1.7126 0.0939 0.0394, -1.6338 0.0939 0.0394, -1.7126 0.0939 0.1181, -1.6338 0.0939 0.1181, -1.7126 -1.4022 0.1181, -1.6338 -1.4022 0.1181, -1.6338 -1.4115 0.1192, -1.7126 -1.4115 0.1192, -1.6338 -1.4203 0.1225, -1.7126 -1.4203 0.1225, -1.6338 -1.4281 0.1279, -1.7126 -1.4281 0.1279, -1.6338 -1.4344 0.1349, -1.7126 -1.4344 0.1349, -1.6338 -1.4388 0.1432, -1.7126 -1.4388 0.1432, -1.6338 -1.4412 0.1523, -1.7126 -1.4412 0.1523, -1.6338 -1.4413 0.1617, -1.7126 -1.4413 0.1617, -1.6338 -1.4392 0.1709, -1.7126 -1.4392 0.1709, -1.6338 -1.4349 0.1793, -1.7126 -1.4349 0.1793, -1.6338 -1.4288 0.1864, -1.7126 -1.4288 0.1864, -1.7126 -1.3107 0.2953, -1.6338 -1.3107 0.2953, -1.7126 -1.3107 0.2165, -1.6338 -1.3107 0.2165, -1.7126 -0.2166 0.2165, -1.6338 -0.2166 0.2165, -1.7126 -0.2166 0.1969, -1.6338 -0.2166 0.1969, -1.7126 0.0742 0.1969, -1.6338 0.0742 0.1969, -1.7126 0.0742 0.6521, -1.6338 0.0742 0.6521, -1.7126 -0.5739 0.6521, -1.6338 -0.5739 0.6521, -1.7126 -0.6208 0.5709, -1.6338 -0.6208 0.5709, -1.7126 -1.142 0.6501, -1.6338 -1.142 0.6501, -1.6338 -1.1514 0.6527, -1.7126 -1.1514 0.6527, -1.6338 -1.1598 0.6576, -1.7126 -1.1598 0.6576, -1.6338 -1.1668 0.6645, -1.7126 -1.1668 0.6645, -1.6338 -1.1719 0.6728, -1.7126 -1.1719 0.6728, -1.6338 -1.1748 0.6822, -1.7126 -1.1748 0.6822, -1.6338 -1.1753 0.6919, -1.7126 -1.1753 0.6919, -1.6338 -1.1734 0.7015, -1.7126 -1.1734 0.7015, -1.6338 -1.1691 0.7103, -1.7126 -1.1691 0.7103, -1.6338 -1.1628 0.7178, -1.7126 -1.1628 0.7178, -1.6338 -1.1549 0.7236, -1.7126 -1.1549 0.7236, -1.6338 -1.1458 0.7271, -1.7126 -1.1458 0.7271, -1.6338 -1.136 0.7283, -1.7126 -1.136 0.7283, -1.7126 0.1726 0.7283, -1.6338 0.1726 0.7283, -1.7126 0.1726 0.5315, -1.6338 0.1726 0.5315, -1.7126 0.1923 0.5315, -1.6338 0.1923 0.5315, -1.7126 0.1923 0.4134, -1.6338 0.1923 0.4134, -1.7126 0.1726 0.4134, -1.6338 0.1726 0.4134, -1.7126 0.1726 0.1378, -1.6338 0.1726 0.1378, -1.7126 0.2317 0.0787, -1.6338 0.2317 0.0787, -1.7126 0.4286 0.0787, -1.6338 0.4286 0.0787, -1.6338 0.4387 0.0774, -1.7126 0.4387 0.0774, -1.6338 0.4482 0.0735, -1.7126 0.4482 0.0735, -1.6338 0.4564 0.0672, -1.7126 0.4564 0.0672, -1.6338 0.4626 0.0591, -1.7126 0.4626 0.0591, -1.6338 0.4666 0.0496, -1.7126 0.4666 0.0496, -1.6338 0.4679 0.0394, -1.7126 0.4679 0.0394, -1.7126 0.4679 0.0, -1.6338 0.4679 0.0, -1.7126 0.1923 0.0, -1.6338 0.1923 0.0, -1.6338 0.188 0.0005, -1.7126 0.188 0.0005, -1.6338 0.1838 0.0019, -1.7126 0.1838 0.0019, -1.6338 0.1801 0.0043, -1.7126 0.1801 0.0043, -1.6338 0.1769 0.0074, -1.7126 0.1769 0.0074, -1.6338 0.1746 0.0111, -1.7126 0.1746 0.0111, -1.6338 0.1731 0.0153, -1.7126 0.1731 0.0153, -1.5157 0.1726 0.0236, -1.5157 0.1726 0.0197, -1.437 0.1726 0.0236, -1.437 0.1726 0.0197, -1.5157 0.1723 0.0271, -1.437 0.1723 0.0271, -1.5157 0.1711 0.0305, -1.437 0.1711 0.0305, -1.5157 0.1692 0.0334, -1.437 0.1692 0.0334, -1.5157 0.1667 0.0359, -1.437 0.1667 0.0359, -1.5157 0.1637 0.0378, -1.437 0.1637 0.0378, -1.5157 0.1604 0.039, -1.437 0.1604 0.039, -1.5157 0.1569 0.0394, -1.437 0.1569 0.0394, -1.5157 0.0939 0.0394, -1.437 0.0939 0.0394, -1.5157 0.0939 0.1181, -1.437 0.0939 0.1181, -1.5157 -1.4022 0.1181, -1.437 -1.4022 0.1181, -1.437 -1.4115 0.1192, -1.5157 -1.4115 0.1192, -1.437 -1.4203 0.1225, -1.5157 -1.4203 0.1225, -1.437 -1.4281 0.1279, -1.5157 -1.4281 0.1279, -1.437 -1.4344 0.1349, -1.5157 -1.4344 0.1349, -1.437 -1.4388 0.1432, -1.5157 -1.4388 0.1432, -1.437 -1.4412 0.1523, -1.5157 -1.4412 0.1523, -1.437 -1.4413 0.1617, -1.5157 -1.4413 0.1617, -1.437 -1.4392 0.1709, -1.5157 -1.4392 0.1709, -1.437 -1.4349 0.1793, -1.5157 -1.4349 0.1793, -1.437 -1.4288 0.1864, -1.5157 -1.4288 0.1864, -1.5157 -1.3107 0.2953, -1.437 -1.3107 0.2953, -1.5157 -1.3107 0.2165, -1.437 -1.3107 0.2165, -1.5157 -0.2166 0.2165, -1.437 -0.2166 0.2165, -1.5157 -0.2166 0.1969, -1.437 -0.2166 0.1969, -1.5157 0.0742 0.1969, -1.437 0.0742 0.1969, -1.5157 0.0742 0.6521, -1.437 0.0742 0.6521, -1.5157 -0.5739 0.6521, -1.437 -0.5739 0.6521, -1.5157 -0.6208 0.5709, -1.437 -0.6208 0.5709, -1.5157 -1.142 0.6501, -1.437 -1.142 0.6501, -1.437 -1.1514 0.6527, -1.5157 -1.1514 0.6527, -1.437 -1.1598 0.6576, -1.5157 -1.1598 0.6576, -1.437 -1.1668 0.6645, -1.5157 -1.1668 0.6645, -1.437 -1.1719 0.6728, -1.5157 -1.1719 0.6728, -1.437 -1.1748 0.6822, -1.5157 -1.1748 0.6822, -1.437 -1.1753 0.6919, -1.5157 -1.1753 0.6919, -1.437 -1.1734 0.7015, -1.5157 -1.1734 0.7015, -1.437 -1.1691 0.7103, -1.5157 -1.1691 0.7103, -1.437 -1.1628 0.7178, -1.5157 -1.1628 0.7178, -1.437 -1.1549 0.7236, -1.5157 -1.1549 0.7236, -1.437 -1.1458 0.7271, -1.5157 -1.1458 0.7271, -1.437 -1.136 0.7283, -1.5157 -1.136 0.7283, -1.5157 0.1726 0.7283, -1.437 0.1726 0.7283, -1.5157 0.1726 0.5315, -1.437 0.1726 0.5315, -1.5157 0.1923 0.5315, -1.437 0.1923 0.5315, -1.5157 0.1923 0.4134, -1.437 0.1923 0.4134, -1.5157 0.1726 0.4134, -1.437 0.1726 0.4134, -1.5157 0.1726 0.1378, -1.437 0.1726 0.1378, -1.5157 0.2317 0.0787, -1.437 0.2317 0.0787, -1.5157 0.4286 0.0787, -1.437 0.4286 0.0787, -1.437 0.4387 0.0774, -1.5157 0.4387 0.0774, -1.437 0.4482 0.0735, -1.5157 0.4482 0.0735, -1.437 0.4564 0.0672, -1.5157 0.4564 0.0672, -1.437 0.4626 0.0591, -1.5157 0.4626 0.0591, -1.437 0.4666 0.0496, -1.5157 0.4666 0.0496, -1.437 0.4679 0.0394, -1.5157 0.4679 0.0394, -1.5157 0.4679 0.0, -1.437 0.4679 0.0, -1.5157 0.1923 0.0, -1.437 0.1923 0.0, -1.437 0.188 0.0005, -1.5157 0.188 0.0005, -1.437 0.1838 0.0019, -1.5157 0.1838 0.0019, -1.437 0.1801 0.0043, -1.5157 0.1801 0.0043, -1.437 0.1769 0.0074, -1.5157 0.1769 0.0074, -1.437 0.1746 0.0111, -1.5157 0.1746 0.0111, -1.437 0.1731 0.0153, -1.5157 0.1731 0.0153, -1.3189 0.1726 0.0236, -1.3189 0.1726 0.0197, -1.2401 0.1726 0.0236, -1.2401 0.1726 0.0197, -1.3189 0.1723 0.0271, -1.2401 0.1723 0.0271, -1.3189 0.1711 0.0305, -1.2401 0.1711 0.0305, -1.3189 0.1692 0.0334, -1.2401 0.1692 0.0334, -1.3189 0.1667 0.0359, -1.2401 0.1667 0.0359, -1.3189 0.1637 0.0378, -1.2401 0.1637 0.0378, -1.3189 0.1604 0.039, -1.2401 0.1604 0.039, -1.3189 0.1569 0.0394, -1.2401 0.1569 0.0394, -1.3189 0.0939 0.0394, -1.2401 0.0939 0.0394, -1.3189 0.0939 0.1181, -1.2401 0.0939 0.1181, -1.3189 -1.4022 0.1181, -1.2401 -1.4022 0.1181, -1.2401 -1.4115 0.1192, -1.3189 -1.4115 0.1192, -1.2401 -1.4203 0.1225, -1.3189 -1.4203 0.1225, -1.2401 -1.4281 0.1279, -1.3189 -1.4281 0.1279, -1.2401 -1.4344 0.1349, -1.3189 -1.4344 0.1349, -1.2401 -1.4388 0.1432, -1.3189 -1.4388 0.1432, -1.2401 -1.4412 0.1523, -1.3189 -1.4412 0.1523, -1.2401 -1.4413 0.1617, -1.3189 -1.4413 0.1617, -1.2401 -1.4392 0.1709, -1.3189 -1.4392 0.1709, -1.2401 -1.4349 0.1793, -1.3189 -1.4349 0.1793, -1.2401 -1.4288 0.1864, -1.3189 -1.4288 0.1864, -1.3189 -1.3107 0.2953, -1.2401 -1.3107 0.2953, -1.3189 -1.3107 0.2165, -1.2401 -1.3107 0.2165, -1.3189 -0.2166 0.2165, -1.2401 -0.2166 0.2165, -1.3189 -0.2166 0.1969, -1.2401 -0.2166 0.1969, -1.3189 0.0742 0.1969, -1.2401 0.0742 0.1969, -1.3189 0.0742 0.6521, -1.2401 0.0742 0.6521, -1.3189 -0.5739 0.6521, -1.2401 -0.5739 0.6521, -1.3189 -0.6208 0.5709, -1.2401 -0.6208 0.5709, -1.3189 -1.142 0.6501, -1.2401 -1.142 0.6501, -1.2401 -1.1514 0.6527, -1.3189 -1.1514 0.6527, -1.2401 -1.1598 0.6576, -1.3189 -1.1598 0.6576, -1.2401 -1.1668 0.6645, -1.3189 -1.1668 0.6645, -1.2401 -1.1719 0.6728, -1.3189 -1.1719 0.6728, -1.2401 -1.1748 0.6822, -1.3189 -1.1748 0.6822, -1.2401 -1.1753 0.6919, -1.3189 -1.1753 0.6919, -1.2401 -1.1734 0.7015, -1.3189 -1.1734 0.7015, -1.2401 -1.1691 0.7103, -1.3189 -1.1691 0.7103, -1.2401 -1.1628 0.7178, -1.3189 -1.1628 0.7178, -1.2401 -1.1549 0.7236, -1.3189 -1.1549 0.7236, -1.2401 -1.1458 0.7271, -1.3189 -1.1458 0.7271, -1.2401 -1.136 0.7283, -1.3189 -1.136 0.7283, -1.3189 0.1726 0.7283, -1.2401 0.1726 0.7283, -1.3189 0.1726 0.5315, -1.2401 0.1726 0.5315, -1.3189 0.1923 0.5315, -1.2401 0.1923 0.5315, -1.3189 0.1923 0.4134, -1.2401 0.1923 0.4134, -1.3189 0.1726 0.4134, -1.2401 0.1726 0.4134, -1.3189 0.1726 0.1378, -1.2401 0.1726 0.1378, -1.3189 0.2317 0.0787, -1.2401 0.2317 0.0787, -1.3189 0.4286 0.0787, -1.2401 0.4286 0.0787, -1.2401 0.4387 0.0774, -1.3189 0.4387 0.0774, -1.2401 0.4482 0.0735, -1.3189 0.4482 0.0735, -1.2401 0.4564 0.0672, -1.3189 0.4564 0.0672, -1.2401 0.4626 0.0591, -1.3189 0.4626 0.0591, -1.2401 0.4666 0.0496, -1.3189 0.4666 0.0496, -1.2401 0.4679 0.0394, -1.3189 0.4679 0.0394, -1.3189 0.4679 0.0, -1.2401 0.4679 0.0, -1.3189 0.1923 0.0, -1.2401 0.1923 0.0, -1.2401 0.188 0.0005, -1.3189 0.188 0.0005, -1.2401 0.1838 0.0019, -1.3189 0.1838 0.0019, -1.2401 0.1801 0.0043, -1.3189 0.1801 0.0043, -1.2401 0.1769 0.0074, -1.3189 0.1769 0.0074, -1.2401 0.1746 0.0111, -1.3189 0.1746 0.0111, -1.2401 0.1731 0.0153, -1.3189 0.1731 0.0153, -1.122 0.1726 0.0236, -1.122 0.1726 0.0197, -1.0433 0.1726 0.0236, -1.0433 0.1726 0.0197, -1.122 0.1723 0.0271, -1.0433 0.1723 0.0271, -1.122 0.1711 0.0305, -1.0433 0.1711 0.0305, -1.122 0.1692 0.0334, -1.0433 0.1692 0.0334, -1.122 0.1667 0.0359, -1.0433 0.1667 0.0359, -1.122 0.1637 0.0378, -1.0433 0.1637 0.0378, -1.122 0.1604 0.039, -1.0433 0.1604 0.039, -1.122 0.1569 0.0394, -1.0433 0.1569 0.0394, -1.122 0.0939 0.0394, -1.0433 0.0939 0.0394, -1.122 0.0939 0.1181, -1.0433 0.0939 0.1181, -1.122 -1.4022 0.1181, -1.0433 -1.4022 0.1181, -1.0433 -1.4115 0.1192, -1.122 -1.4115 0.1192, -1.0433 -1.4203 0.1225, -1.122 -1.4203 0.1225, -1.0433 -1.4281 0.1279, -1.122 -1.4281 0.1279, -1.0433 -1.4344 0.1349, -1.122 -1.4344 0.1349, -1.0433 -1.4388 0.1432, -1.122 -1.4388 0.1432, -1.0433 -1.4412 0.1523, -1.122 -1.4412 0.1523, -1.0433 -1.4413 0.1617, -1.122 -1.4413 0.1617, -1.0433 -1.4392 0.1709, -1.122 -1.4392 0.1709, -1.0433 -1.4349 0.1793, -1.122 -1.4349 0.1793, -1.0433 -1.4288 0.1864, -1.122 -1.4288 0.1864, -1.122 -1.3107 0.2953, -1.0433 -1.3107 0.2953, -1.122 -1.3107 0.2165, -1.0433 -1.3107 0.2165, -1.122 -0.2166 0.2165, -1.0433 -0.2166 0.2165, -1.122 -0.2166 0.1969, -1.0433 -0.2166 0.1969, -1.122 0.0742 0.1969, -1.0433 0.0742 0.1969, -1.122 0.0742 0.6521, -1.0433 0.0742 0.6521, -1.122 -0.5739 0.6521, -1.0433 -0.5739 0.6521, -1.122 -0.6208 0.5709, -1.0433 -0.6208 0.5709, -1.122 -1.142 0.6501, -1.0433 -1.142 0.6501, -1.0433 -1.1514 0.6527, -1.122 -1.1514 0.6527, -1.0433 -1.1598 0.6576, -1.122 -1.1598 0.6576, -1.0433 -1.1668 0.6645, -1.122 -1.1668 0.6645, -1.0433 -1.1719 0.6728, -1.122 -1.1719 0.6728, -1.0433 -1.1748 0.6822, -1.122 -1.1748 0.6822, -1.0433 -1.1753 0.6919, -1.122 -1.1753 0.6919, -1.0433 -1.1734 0.7015, -1.122 -1.1734 0.7015, -1.0433 -1.1691 0.7103, -1.122 -1.1691 0.7103, -1.0433 -1.1628 0.7178, -1.122 -1.1628 0.7178, -1.0433 -1.1549 0.7236, -1.122 -1.1549 0.7236, -1.0433 -1.1458 0.7271, -1.122 -1.1458 0.7271, -1.0433 -1.136 0.7283, -1.122 -1.136 0.7283, -1.122 0.1726 0.7283, -1.0433 0.1726 0.7283, -1.122 0.1726 0.5315, -1.0433 0.1726 0.5315, -1.122 0.1923 0.5315, -1.0433 0.1923 0.5315, -1.122 0.1923 0.4134, -1.0433 0.1923 0.4134, -1.122 0.1726 0.4134, -1.0433 0.1726 0.4134, -1.122 0.1726 0.1378, -1.0433 0.1726 0.1378, -1.122 0.2317 0.0787, -1.0433 0.2317 0.0787, -1.122 0.4286 0.0787, -1.0433 0.4286 0.0787, -1.0433 0.4387 0.0774, -1.122 0.4387 0.0774, -1.0433 0.4482 0.0735, -1.122 0.4482 0.0735, -1.0433 0.4564 0.0672, -1.122 0.4564 0.0672, -1.0433 0.4626 0.0591, -1.122 0.4626 0.0591, -1.0433 0.4666 0.0496, -1.122 0.4666 0.0496, -1.0433 0.4679 0.0394, -1.122 0.4679 0.0394, -1.122 0.4679 0.0, -1.0433 0.4679 0.0, -1.122 0.1923 0.0, -1.0433 0.1923 0.0, -1.0433 0.188 0.0005, -1.122 0.188 0.0005, -1.0433 0.1838 0.0019, -1.122 0.1838 0.0019, -1.0433 0.1801 0.0043, -1.122 0.1801 0.0043, -1.0433 0.1769 0.0074, -1.122 0.1769 0.0074, -1.0433 0.1746 0.0111, -1.122 0.1746 0.0111, -1.0433 0.1731 0.0153, -1.122 0.1731 0.0153, -0.9252 0.1726 0.0236, -0.9252 0.1726 0.0197, -0.8464 0.1726 0.0236, -0.8464 0.1726 0.0197, -0.9252 0.1723 0.0271, -0.8464 0.1723 0.0271, -0.9252 0.1711 0.0305, -0.8464 0.1711 0.0305, -0.9252 0.1692 0.0334, -0.8464 0.1692 0.0334, -0.9252 0.1667 0.0359, -0.8464 0.1667 0.0359, -0.9252 0.1637 0.0378, -0.8464 0.1637 0.0378, -0.9252 0.1604 0.039, -0.8464 0.1604 0.039, -0.9252 0.1569 0.0394, -0.8464 0.1569 0.0394, -0.9252 0.0939 0.0394, -0.8464 0.0939 0.0394, -0.9252 0.0939 0.1181, -0.8464 0.0939 0.1181, -0.9252 -1.4022 0.1181, -0.8464 -1.4022 0.1181, -0.8464 -1.4115 0.1192, -0.9252 -1.4115 0.1192, -0.8464 -1.4203 0.1225, -0.9252 -1.4203 0.1225, -0.8464 -1.4281 0.1279, -0.9252 -1.4281 0.1279, -0.8464 -1.4344 0.1349, -0.9252 -1.4344 0.1349, -0.8464 -1.4388 0.1432, -0.9252 -1.4388 0.1432, -0.8464 -1.4412 0.1523, -0.9252 -1.4412 0.1523, -0.8464 -1.4413 0.1617, -0.9252 -1.4413 0.1617, -0.8464 -1.4392 0.1709, -0.9252 -1.4392 0.1709, -0.8464 -1.4349 0.1793, -0.9252 -1.4349 0.1793, -0.8464 -1.4288 0.1864, -0.9252 -1.4288 0.1864, -0.9252 -1.3107 0.2953, -0.8464 -1.3107 0.2953, -0.9252 -1.3107 0.2165, -0.8464 -1.3107 0.2165, -0.9252 -0.2166 0.2165, -0.8464 -0.2166 0.2165, -0.9252 -0.2166 0.1969, -0.8464 -0.2166 0.1969, -0.9252 0.0742 0.1969, -0.8464 0.0742 0.1969, -0.9252 0.0742 0.6521, -0.8464 0.0742 0.6521, -0.9252 -0.5739 0.6521, -0.8464 -0.5739 0.6521, -0.9252 -0.6208 0.5709, -0.8464 -0.6208 0.5709, -0.9252 -1.142 0.6501, -0.8464 -1.142 0.6501, -0.8464 -1.1514 0.6527, -0.9252 -1.1514 0.6527, -0.8464 -1.1598 0.6576, -0.9252 -1.1598 0.6576, -0.8464 -1.1668 0.6645, -0.9252 -1.1668 0.6645, -0.8464 -1.1719 0.6728, -0.9252 -1.1719 0.6728, -0.8464 -1.1748 0.6822, -0.9252 -1.1748 0.6822, -0.8464 -1.1753 0.6919, -0.9252 -1.1753 0.6919, -0.8464 -1.1734 0.7015, -0.9252 -1.1734 0.7015, -0.8464 -1.1691 0.7103, -0.9252 -1.1691 0.7103, -0.8464 -1.1628 0.7178, -0.9252 -1.1628 0.7178, -0.8464 -1.1549 0.7236, -0.9252 -1.1549 0.7236, -0.8464 -1.1458 0.7271, -0.9252 -1.1458 0.7271, -0.8464 -1.136 0.7283, -0.9252 -1.136 0.7283, -0.9252 0.1726 0.7283, -0.8464 0.1726 0.7283, -0.9252 0.1726 0.5315, -0.8464 0.1726 0.5315, -0.9252 0.1923 0.5315, -0.8464 0.1923 0.5315, -0.9252 0.1923 0.4134, -0.8464 0.1923 0.4134, -0.9252 0.1726 0.4134, -0.8464 0.1726 0.4134, -0.9252 0.1726 0.1378, -0.8464 0.1726 0.1378, -0.9252 0.2317 0.0787, -0.8464 0.2317 0.0787, -0.9252 0.4286 0.0787, -0.8464 0.4286 0.0787, -0.8464 0.4387 0.0774, -0.9252 0.4387 0.0774, -0.8464 0.4482 0.0735, -0.9252 0.4482 0.0735, -0.8464 0.4564 0.0672, -0.9252 0.4564 0.0672, -0.8464 0.4626 0.0591, -0.9252 0.4626 0.0591, -0.8464 0.4666 0.0496, -0.9252 0.4666 0.0496, -0.8464 0.4679 0.0394, -0.9252 0.4679 0.0394, -0.9252 0.4679 0.0, -0.8464 0.4679 0.0, -0.9252 0.1923 0.0, -0.8464 0.1923 0.0, -0.8464 0.188 0.0005, -0.9252 0.188 0.0005, -0.8464 0.1838 0.0019, -0.9252 0.1838 0.0019, -0.8464 0.1801 0.0043, -0.9252 0.1801 0.0043, -0.8464 0.1769 0.0074, -0.9252 0.1769 0.0074, -0.8464 0.1746 0.0111, -0.9252 0.1746 0.0111, -0.8464 0.1731 0.0153, -0.9252 0.1731 0.0153, -0.7283 0.1726 0.0236, -0.7283 0.1726 0.0197, -0.6496 0.1726 0.0236, -0.6496 0.1726 0.0197, -0.7283 0.1723 0.0271, -0.6496 0.1723 0.0271, -0.7283 0.1711 0.0305, -0.6496 0.1711 0.0305, -0.7283 0.1692 0.0334, -0.6496 0.1692 0.0334, -0.7283 0.1667 0.0359, -0.6496 0.1667 0.0359, -0.7283 0.1637 0.0378, -0.6496 0.1637 0.0378, -0.7283 0.1604 0.039, -0.6496 0.1604 0.039, -0.7283 0.1569 0.0394, -0.6496 0.1569 0.0394, -0.7283 0.0939 0.0394, -0.6496 0.0939 0.0394, -0.7283 0.0939 0.1181, -0.6496 0.0939 0.1181, -0.7283 -1.4022 0.1181, -0.6496 -1.4022 0.1181, -0.6496 -1.4115 0.1192, -0.7283 -1.4115 0.1192, -0.6496 -1.4203 0.1225, -0.7283 -1.4203 0.1225, -0.6496 -1.4281 0.1279, -0.7283 -1.4281 0.1279, -0.6496 -1.4344 0.1349, -0.7283 -1.4344 0.1349, -0.6496 -1.4388 0.1432, -0.7283 -1.4388 0.1432, -0.6496 -1.4412 0.1523, -0.7283 -1.4412 0.1523, -0.6496 -1.4413 0.1617, -0.7283 -1.4413 0.1617, -0.6496 -1.4392 0.1709, -0.7283 -1.4392 0.1709, -0.6496 -1.4349 0.1793, -0.7283 -1.4349 0.1793, -0.6496 -1.4288 0.1864, -0.7283 -1.4288 0.1864, -0.7283 -1.3107 0.2953, -0.6496 -1.3107 0.2953, -0.7283 -1.3107 0.2165, -0.6496 -1.3107 0.2165, -0.7283 -0.2166 0.2165, -0.6496 -0.2166 0.2165, -0.7283 -0.2166 0.1969, -0.6496 -0.2166 0.1969, -0.7283 0.0742 0.1969, -0.6496 0.0742 0.1969, -0.7283 0.0742 0.6521, -0.6496 0.0742 0.6521, -0.7283 -0.5739 0.6521, -0.6496 -0.5739 0.6521, -0.7283 -0.6208 0.5709, -0.6496 -0.6208 0.5709, -0.7283 -1.142 0.6501, -0.6496 -1.142 0.6501, -0.6496 -1.1514 0.6527, -0.7283 -1.1514 0.6527, -0.6496 -1.1598 0.6576, -0.7283 -1.1598 0.6576, -0.6496 -1.1668 0.6645, -0.7283 -1.1668 0.6645, -0.6496 -1.1719 0.6728, -0.7283 -1.1719 0.6728, -0.6496 -1.1748 0.6822, -0.7283 -1.1748 0.6822, -0.6496 -1.1753 0.6919, -0.7283 -1.1753 0.6919, -0.6496 -1.1734 0.7015, -0.7283 -1.1734 0.7015, -0.6496 -1.1691 0.7103, -0.7283 -1.1691 0.7103, -0.6496 -1.1628 0.7178, -0.7283 -1.1628 0.7178, -0.6496 -1.1549 0.7236, -0.7283 -1.1549 0.7236, -0.6496 -1.1458 0.7271, -0.7283 -1.1458 0.7271, -0.6496 -1.136 0.7283, -0.7283 -1.136 0.7283, -0.7283 0.1726 0.7283, -0.6496 0.1726 0.7283, -0.7283 0.1726 0.5315, -0.6496 0.1726 0.5315, -0.7283 0.1923 0.5315, -0.6496 0.1923 0.5315, -0.7283 0.1923 0.4134, -0.6496 0.1923 0.4134, -0.7283 0.1726 0.4134, -0.6496 0.1726 0.4134, -0.7283 0.1726 0.1378, -0.6496 0.1726 0.1378, -0.7283 0.2317 0.0787, -0.6496 0.2317 0.0787, -0.7283 0.4286 0.0787, -0.6496 0.4286 0.0787, -0.6496 0.4387 0.0774, -0.7283 0.4387 0.0774, -0.6496 0.4482 0.0735, -0.7283 0.4482 0.0735, -0.6496 0.4564 0.0672, -0.7283 0.4564 0.0672, -0.6496 0.4626 0.0591, -0.7283 0.4626 0.0591, -0.6496 0.4666 0.0496, -0.7283 0.4666 0.0496, -0.6496 0.4679 0.0394, -0.7283 0.4679 0.0394, -0.7283 0.4679 0.0, -0.6496 0.4679 0.0, -0.7283 0.1923 0.0, -0.6496 0.1923 0.0, -0.6496 0.188 0.0005, -0.7283 0.188 0.0005, -0.6496 0.1838 0.0019, -0.7283 0.1838 0.0019, -0.6496 0.1801 0.0043, -0.7283 0.1801 0.0043, -0.6496 0.1769 0.0074, -0.7283 0.1769 0.0074, -0.6496 0.1746 0.0111, -0.7283 0.1746 0.0111, -0.6496 0.1731 0.0153, -0.7283 0.1731 0.0153, -0.5315 0.1726 0.0236, -0.5315 0.1726 0.0197, -0.4527 0.1726 0.0236, -0.4527 0.1726 0.0197, -0.5315 0.1723 0.0271, -0.4527 0.1723 0.0271, -0.5315 0.1711 0.0305, -0.4527 0.1711 0.0305, -0.5315 0.1692 0.0334, -0.4527 0.1692 0.0334, -0.5315 0.1667 0.0359, -0.4527 0.1667 0.0359, -0.5315 0.1637 0.0378, -0.4527 0.1637 0.0378, -0.5315 0.1604 0.039, -0.4527 0.1604 0.039, -0.5315 0.1569 0.0394, -0.4527 0.1569 0.0394, -0.5315 0.0939 0.0394, -0.4527 0.0939 0.0394, -0.5315 0.0939 0.1181, -0.4527 0.0939 0.1181, -0.5315 -1.4022 0.1181, -0.4527 -1.4022 0.1181, -0.4527 -1.4115 0.1192, -0.5315 -1.4115 0.1192, -0.4527 -1.4203 0.1225, -0.5315 -1.4203 0.1225, -0.4527 -1.4281 0.1279, -0.5315 -1.4281 0.1279, -0.4527 -1.4344 0.1349, -0.5315 -1.4344 0.1349, -0.4527 -1.4388 0.1432, -0.5315 -1.4388 0.1432, -0.4527 -1.4412 0.1523, -0.5315 -1.4412 0.1523, -0.4527 -1.4413 0.1617, -0.5315 -1.4413 0.1617, -0.4527 -1.4392 0.1709, -0.5315 -1.4392 0.1709, -0.4527 -1.4349 0.1793, -0.5315 -1.4349 0.1793, -0.4527 -1.4288 0.1864, -0.5315 -1.4288 0.1864, -0.5315 -1.3107 0.2953, -0.4527 -1.3107 0.2953, -0.5315 -1.3107 0.2165, -0.4527 -1.3107 0.2165, -0.5315 -0.2166 0.2165, -0.4527 -0.2166 0.2165, -0.5315 -0.2166 0.1969, -0.4527 -0.2166 0.1969, -0.5315 0.0742 0.1969, -0.4527 0.0742 0.1969, -0.5315 0.0742 0.6521, -0.4527 0.0742 0.6521, -0.5315 -0.5739 0.6521, -0.4527 -0.5739 0.6521, -0.5315 -0.6208 0.5709, -0.4527 -0.6208 0.5709, -0.5315 -1.142 0.6501, -0.4527 -1.142 0.6501, -0.4527 -1.1514 0.6527, -0.5315 -1.1514 0.6527, -0.4527 -1.1598 0.6576, -0.5315 -1.1598 0.6576, -0.4527 -1.1668 0.6645, -0.5315 -1.1668 0.6645, -0.4527 -1.1719 0.6728, -0.5315 -1.1719 0.6728, -0.4527 -1.1748 0.6822, -0.5315 -1.1748 0.6822, -0.4527 -1.1753 0.6919, -0.5315 -1.1753 0.6919, -0.4527 -1.1734 0.7015, -0.5315 -1.1734 0.7015, -0.4527 -1.1691 0.7103, -0.5315 -1.1691 0.7103, -0.4527 -1.1628 0.7178, -0.5315 -1.1628 0.7178, -0.4527 -1.1549 0.7236, -0.5315 -1.1549 0.7236, -0.4527 -1.1458 0.7271, -0.5315 -1.1458 0.7271, -0.4527 -1.136 0.7283, -0.5315 -1.136 0.7283, -0.5315 0.1726 0.7283, -0.4527 0.1726 0.7283, -0.5315 0.1726 0.5315, -0.4527 0.1726 0.5315, -0.5315 0.1923 0.5315, -0.4527 0.1923 0.5315, -0.5315 0.1923 0.4134, -0.4527 0.1923 0.4134, -0.5315 0.1726 0.4134, -0.4527 0.1726 0.4134, -0.5315 0.1726 0.1378, -0.4527 0.1726 0.1378, -0.5315 0.2317 0.0787, -0.4527 0.2317 0.0787, -0.5315 0.4286 0.0787, -0.4527 0.4286 0.0787, -0.4527 0.4387 0.0774, -0.5315 0.4387 0.0774, -0.4527 0.4482 0.0735, -0.5315 0.4482 0.0735, -0.4527 0.4564 0.0672, -0.5315 0.4564 0.0672, -0.4527 0.4626 0.0591, -0.5315 0.4626 0.0591, -0.4527 0.4666 0.0496, -0.5315 0.4666 0.0496, -0.4527 0.4679 0.0394, -0.5315 0.4679 0.0394, -0.5315 0.4679 0.0, -0.4527 0.4679 0.0, -0.5315 0.1923 0.0, -0.4527 0.1923 0.0, -0.4527 0.188 0.0005, -0.5315 0.188 0.0005, -0.4527 0.1838 0.0019, -0.5315 0.1838 0.0019, -0.4527 0.1801 0.0043, -0.5315 0.1801 0.0043, -0.4527 0.1769 0.0074, -0.5315 0.1769 0.0074, -0.4527 0.1746 0.0111, -0.5315 0.1746 0.0111, -0.4527 0.1731 0.0153, -0.5315 0.1731 0.0153, -0.3346 0.1726 0.0236, -0.3346 0.1726 0.0197, -0.2559 0.1726 0.0236, -0.2559 0.1726 0.0197, -0.3346 0.1723 0.0271, -0.2559 0.1723 0.0271, -0.3346 0.1711 0.0305, -0.2559 0.1711 0.0305, -0.3346 0.1692 0.0334, -0.2559 0.1692 0.0334, -0.3346 0.1667 0.0359, -0.2559 0.1667 0.0359, -0.3346 0.1637 0.0378, -0.2559 0.1637 0.0378, -0.3346 0.1604 0.039, -0.2559 0.1604 0.039, -0.3346 0.1569 0.0394, -0.2559 0.1569 0.0394, -0.3346 0.0939 0.0394, -0.2559 0.0939 0.0394, -0.3346 0.0939 0.1181, -0.2559 0.0939 0.1181, -0.3346 -1.4022 0.1181, -0.2559 -1.4022 0.1181, -0.2559 -1.4115 0.1192, -0.3346 -1.4115 0.1192, -0.2559 -1.4203 0.1225, -0.3346 -1.4203 0.1225, -0.2559 -1.4281 0.1279, -0.3346 -1.4281 0.1279, -0.2559 -1.4344 0.1349, -0.3346 -1.4344 0.1349, -0.2559 -1.4388 0.1432, -0.3346 -1.4388 0.1432, -0.2559 -1.4412 0.1523, -0.3346 -1.4412 0.1523, -0.2559 -1.4413 0.1617, -0.3346 -1.4413 0.1617, -0.2559 -1.4392 0.1709, -0.3346 -1.4392 0.1709, -0.2559 -1.4349 0.1793, -0.3346 -1.4349 0.1793, -0.2559 -1.4288 0.1864, -0.3346 -1.4288 0.1864, -0.3346 -1.3107 0.2953, -0.2559 -1.3107 0.2953, -0.3346 -1.3107 0.2165, -0.2559 -1.3107 0.2165, -0.3346 -0.2166 0.2165, -0.2559 -0.2166 0.2165, -0.3346 -0.2166 0.1969, -0.2559 -0.2166 0.1969, -0.3346 0.0742 0.1969, -0.2559 0.0742 0.1969, -0.3346 0.0742 0.6521, -0.2559 0.0742 0.6521, -0.3346 -0.5739 0.6521, -0.2559 -0.5739 0.6521, -0.3346 -0.6208 0.5709, -0.2559 -0.6208 0.5709, -0.3346 -1.142 0.6501, -0.2559 -1.142 0.6501, -0.2559 -1.1514 0.6527, -0.3346 -1.1514 0.6527, -0.2559 -1.1598 0.6576, -0.3346 -1.1598 0.6576, -0.2559 -1.1668 0.6645, -0.3346 -1.1668 0.6645, -0.2559 -1.1719 0.6728, -0.3346 -1.1719 0.6728, -0.2559 -1.1748 0.6822, -0.3346 -1.1748 0.6822, -0.2559 -1.1753 0.6919, -0.3346 -1.1753 0.6919, -0.2559 -1.1734 0.7015, -0.3346 -1.1734 0.7015, -0.2559 -1.1691 0.7103, -0.3346 -1.1691 0.7103, -0.2559 -1.1628 0.7178, -0.3346 -1.1628 0.7178, -0.2559 -1.1549 0.7236, -0.3346 -1.1549 0.7236, -0.2559 -1.1458 0.7271, -0.3346 -1.1458 0.7271, -0.2559 -1.136 0.7283, -0.3346 -1.136 0.7283, -0.3346 0.1726 0.7283, -0.2559 0.1726 0.7283, -0.3346 0.1726 0.5315, -0.2559 0.1726 0.5315, -0.3346 0.1923 0.5315, -0.2559 0.1923 0.5315, -0.3346 0.1923 0.4134, -0.2559 0.1923 0.4134, -0.3346 0.1726 0.4134, -0.2559 0.1726 0.4134, -0.3346 0.1726 0.1378, -0.2559 0.1726 0.1378, -0.3346 0.2317 0.0787, -0.2559 0.2317 0.0787, -0.3346 0.4286 0.0787, -0.2559 0.4286 0.0787, -0.2559 0.4387 0.0774, -0.3346 0.4387 0.0774, -0.2559 0.4482 0.0735, -0.3346 0.4482 0.0735, -0.2559 0.4564 0.0672, -0.3346 0.4564 0.0672, -0.2559 0.4626 0.0591, -0.3346 0.4626 0.0591, -0.2559 0.4666 0.0496, -0.3346 0.4666 0.0496, -0.2559 0.4679 0.0394, -0.3346 0.4679 0.0394, -0.3346 0.4679 0.0, -0.2559 0.4679 0.0, -0.3346 0.1923 0.0, -0.2559 0.1923 0.0, -0.2559 0.188 0.0005, -0.3346 0.188 0.0005, -0.2559 0.1838 0.0019, -0.3346 0.1838 0.0019, -0.2559 0.1801 0.0043, -0.3346 0.1801 0.0043, -0.2559 0.1769 0.0074, -0.3346 0.1769 0.0074, -0.2559 0.1746 0.0111, -0.3346 0.1746 0.0111, -0.2559 0.1731 0.0153, -0.3346 0.1731 0.0153, -0.1378 0.1726 0.0236, -0.1378 0.1726 0.0197, -0.059 0.1726 0.0236, -0.059 0.1726 0.0197, -0.1378 0.1723 0.0271, -0.059 0.1723 0.0271, -0.1378 0.1711 0.0305, -0.059 0.1711 0.0305, -0.1378 0.1692 0.0334, -0.059 0.1692 0.0334, -0.1378 0.1667 0.0359, -0.059 0.1667 0.0359, -0.1378 0.1637 0.0378, -0.059 0.1637 0.0378, -0.1378 0.1604 0.039, -0.059 0.1604 0.039, -0.1378 0.1569 0.0394, -0.059 0.1569 0.0394, -0.1378 0.0939 0.0394, -0.059 0.0939 0.0394, -0.1378 0.0939 0.1181, -0.059 0.0939 0.1181, -0.1378 -1.4022 0.1181, -0.059 -1.4022 0.1181, -0.059 -1.4115 0.1192, -0.1378 -1.4115 0.1192, -0.059 -1.4203 0.1225, -0.1378 -1.4203 0.1225, -0.059 -1.4281 0.1279, -0.1378 -1.4281 0.1279, -0.059 -1.4344 0.1349, -0.1378 -1.4344 0.1349, -0.059 -1.4388 0.1432, -0.1378 -1.4388 0.1432, -0.059 -1.4412 0.1523, -0.1378 -1.4412 0.1523, -0.059 -1.4413 0.1617, -0.1378 -1.4413 0.1617, -0.059 -1.4392 0.1709, -0.1378 -1.4392 0.1709, -0.059 -1.4349 0.1793, -0.1378 -1.4349 0.1793, -0.059 -1.4288 0.1864, -0.1378 -1.4288 0.1864, -0.1378 -1.3107 0.2953, -0.059 -1.3107 0.2953, -0.1378 -1.3107 0.2165, -0.059 -1.3107 0.2165, -0.1378 -0.2166 0.2165, -0.059 -0.2166 0.2165, -0.1378 -0.2166 0.1969, -0.059 -0.2166 0.1969, -0.1378 0.0742 0.1969, -0.059 0.0742 0.1969, -0.1378 0.0742 0.6521, -0.059 0.0742 0.6521, -0.1378 -0.5739 0.6521, -0.059 -0.5739 0.6521, -0.1378 -0.6208 0.5709, -0.059 -0.6208 0.5709, -0.1378 -1.142 0.6501, -0.059 -1.142 0.6501, -0.059 -1.1514 0.6527, -0.1378 -1.1514 0.6527, -0.059 -1.1598 0.6576, -0.1378 -1.1598 0.6576, -0.059 -1.1668 0.6645, -0.1378 -1.1668 0.6645, -0.059 -1.1719 0.6728, -0.1378 -1.1719 0.6728, -0.059 -1.1748 0.6822, -0.1378 -1.1748 0.6822, -0.059 -1.1753 0.6919, -0.1378 -1.1753 0.6919, -0.059 -1.1734 0.7015, -0.1378 -1.1734 0.7015, -0.059 -1.1691 0.7103, -0.1378 -1.1691 0.7103, -0.059 -1.1628 0.7178, -0.1378 -1.1628 0.7178, -0.059 -1.1549 0.7236, -0.1378 -1.1549 0.7236, -0.059 -1.1458 0.7271, -0.1378 -1.1458 0.7271, -0.059 -1.136 0.7283, -0.1378 -1.136 0.7283, -0.1378 0.1726 0.7283, -0.059 0.1726 0.7283, -0.1378 0.1726 0.5315, -0.059 0.1726 0.5315, -0.1378 0.1923 0.5315, -0.059 0.1923 0.5315, -0.1378 0.1923 0.4134, -0.059 0.1923 0.4134, -0.1378 0.1726 0.4134, -0.059 0.1726 0.4134, -0.1378 0.1726 0.1378, -0.059 0.1726 0.1378, -0.1378 0.2317 0.0787, -0.059 0.2317 0.0787, -0.1378 0.4286 0.0787, -0.059 0.4286 0.0787, -0.059 0.4387 0.0774, -0.1378 0.4387 0.0774, -0.059 0.4482 0.0735, -0.1378 0.4482 0.0735, -0.059 0.4564 0.0672, -0.1378 0.4564 0.0672, -0.059 0.4626 0.0591, -0.1378 0.4626 0.0591, -0.059 0.4666 0.0496, -0.1378 0.4666 0.0496, -0.059 0.4679 0.0394, -0.1378 0.4679 0.0394, -0.1378 0.4679 0.0, -0.059 0.4679 0.0, -0.1378 0.1923 0.0, -0.059 0.1923 0.0, -0.059 0.188 0.0005, -0.1378 0.188 0.0005, -0.059 0.1838 0.0019, -0.1378 0.1838 0.0019, -0.059 0.1801 0.0043, -0.1378 0.1801 0.0043, -0.059 0.1769 0.0074, -0.1378 0.1769 0.0074, -0.059 0.1746 0.0111, -0.1378 0.1746 0.0111, -0.059 0.1731 0.0153, -0.1378 0.1731 0.0153, 0.0591 0.1726 0.0236, 0.0591 0.1726 0.0197, 0.1378 0.1726 0.0236, 0.1378 0.1726 0.0197, 0.0591 0.1723 0.0271, 0.1378 0.1723 0.0271, 0.0591 0.1711 0.0305, 0.1378 0.1711 0.0305, 0.0591 0.1692 0.0334, 0.1378 0.1692 0.0334, 0.0591 0.1667 0.0359, 0.1378 0.1667 0.0359, 0.0591 0.1637 0.0378, 0.1378 0.1637 0.0378, 0.0591 0.1604 0.039, 0.1378 0.1604 0.039, 0.0591 0.1569 0.0394, 0.1378 0.1569 0.0394, 0.0591 0.0939 0.0394, 0.1378 0.0939 0.0394, 0.0591 0.0939 0.1181, 0.1378 0.0939 0.1181, 0.0591 -1.4022 0.1181, 0.1378 -1.4022 0.1181, 0.1378 -1.4115 0.1192, 0.0591 -1.4115 0.1192, 0.1378 -1.4203 0.1225, 0.0591 -1.4203 0.1225, 0.1378 -1.4281 0.1279, 0.0591 -1.4281 0.1279, 0.1378 -1.4344 0.1349, 0.0591 -1.4344 0.1349, 0.1378 -1.4388 0.1432, 0.0591 -1.4388 0.1432, 0.1378 -1.4412 0.1523, 0.0591 -1.4412 0.1523, 0.1378 -1.4413 0.1617, 0.0591 -1.4413 0.1617, 0.1378 -1.4392 0.1709, 0.0591 -1.4392 0.1709, 0.1378 -1.4349 0.1793, 0.0591 -1.4349 0.1793, 0.1378 -1.4288 0.1864, 0.0591 -1.4288 0.1864, 0.0591 -1.3107 0.2953, 0.1378 -1.3107 0.2953, 0.0591 -1.3107 0.2165, 0.1378 -1.3107 0.2165, 0.0591 -0.2166 0.2165, 0.1378 -0.2166 0.2165, 0.0591 -0.2166 0.1969, 0.1378 -0.2166 0.1969, 0.0591 0.0742 0.1969, 0.1378 0.0742 0.1969, 0.0591 0.0742 0.6521, 0.1378 0.0742 0.6521, 0.0591 -0.5739 0.6521, 0.1378 -0.5739 0.6521, 0.0591 -0.6208 0.5709, 0.1378 -0.6208 0.5709, 0.0591 -1.142 0.6501, 0.1378 -1.142 0.6501, 0.1378 -1.1514 0.6527, 0.0591 -1.1514 0.6527, 0.1378 -1.1598 0.6576, 0.0591 -1.1598 0.6576, 0.1378 -1.1668 0.6645, 0.0591 -1.1668 0.6645, 0.1378 -1.1719 0.6728, 0.0591 -1.1719 0.6728, 0.1378 -1.1748 0.6822, 0.0591 -1.1748 0.6822, 0.1378 -1.1753 0.6919, 0.0591 -1.1753 0.6919, 0.1378 -1.1734 0.7015, 0.0591 -1.1734 0.7015, 0.1378 -1.1691 0.7103, 0.0591 -1.1691 0.7103, 0.1378 -1.1628 0.7178, 0.0591 -1.1628 0.7178, 0.1378 -1.1549 0.7236, 0.0591 -1.1549 0.7236, 0.1378 -1.1458 0.7271, 0.0591 -1.1458 0.7271, 0.1378 -1.136 0.7283, 0.0591 -1.136 0.7283, 0.0591 0.1726 0.7283, 0.1378 0.1726 0.7283, 0.0591 0.1726 0.5315, 0.1378 0.1726 0.5315, 0.0591 0.1923 0.5315, 0.1378 0.1923 0.5315, 0.0591 0.1923 0.4134, 0.1378 0.1923 0.4134, 0.0591 0.1726 0.4134, 0.1378 0.1726 0.4134, 0.0591 0.1726 0.1378, 0.1378 0.1726 0.1378, 0.0591 0.2317 0.0787, 0.1378 0.2317 0.0787, 0.0591 0.4286 0.0787, 0.1378 0.4286 0.0787, 0.1378 0.4387 0.0774, 0.0591 0.4387 0.0774, 0.1378 0.4482 0.0735, 0.0591 0.4482 0.0735, 0.1378 0.4564 0.0672, 0.0591 0.4564 0.0672, 0.1378 0.4626 0.0591, 0.0591 0.4626 0.0591, 0.1378 0.4666 0.0496, 0.0591 0.4666 0.0496, 0.1378 0.4679 0.0394, 0.0591 0.4679 0.0394, 0.0591 0.4679 0.0, 0.1378 0.4679 0.0, 0.0591 0.1923 0.0, 0.1378 0.1923 0.0, 0.1378 0.188 0.0005, 0.0591 0.188 0.0005, 0.1378 0.1838 0.0019, 0.0591 0.1838 0.0019, 0.1378 0.1801 0.0043, 0.0591 0.1801 0.0043, 0.1378 0.1769 0.0074, 0.0591 0.1769 0.0074, 0.1378 0.1746 0.0111, 0.0591 0.1746 0.0111, 0.1378 0.1731 0.0153, 0.0591 0.1731 0.0153, 0.2559 0.1726 0.0236, 0.2559 0.1726 0.0197, 0.3347 0.1726 0.0236, 0.3347 0.1726 0.0197, 0.2559 0.1723 0.0271, 0.3347 0.1723 0.0271, 0.2559 0.1711 0.0305, 0.3347 0.1711 0.0305, 0.2559 0.1692 0.0334, 0.3347 0.1692 0.0334, 0.2559 0.1667 0.0359, 0.3347 0.1667 0.0359, 0.2559 0.1637 0.0378, 0.3347 0.1637 0.0378, 0.2559 0.1604 0.039, 0.3347 0.1604 0.039, 0.2559 0.1569 0.0394, 0.3347 0.1569 0.0394, 0.2559 0.0939 0.0394, 0.3347 0.0939 0.0394, 0.2559 0.0939 0.1181, 0.3347 0.0939 0.1181, 0.2559 -1.4022 0.1181, 0.3347 -1.4022 0.1181, 0.3347 -1.4115 0.1192, 0.2559 -1.4115 0.1192, 0.3347 -1.4203 0.1225, 0.2559 -1.4203 0.1225, 0.3347 -1.4281 0.1279, 0.2559 -1.4281 0.1279, 0.3347 -1.4344 0.1349, 0.2559 -1.4344 0.1349, 0.3347 -1.4388 0.1432, 0.2559 -1.4388 0.1432, 0.3347 -1.4412 0.1523, 0.2559 -1.4412 0.1523, 0.3347 -1.4413 0.1617, 0.2559 -1.4413 0.1617, 0.3347 -1.4392 0.1709, 0.2559 -1.4392 0.1709, 0.3347 -1.4349 0.1793, 0.2559 -1.4349 0.1793, 0.3347 -1.4288 0.1864, 0.2559 -1.4288 0.1864, 0.2559 -1.3107 0.2953, 0.3347 -1.3107 0.2953, 0.2559 -1.3107 0.2165, 0.3347 -1.3107 0.2165, 0.2559 -0.2166 0.2165, 0.3347 -0.2166 0.2165, 0.2559 -0.2166 0.1969, 0.3347 -0.2166 0.1969, 0.2559 0.0742 0.1969, 0.3347 0.0742 0.1969, 0.2559 0.0742 0.6521, 0.3347 0.0742 0.6521, 0.2559 -0.5739 0.6521, 0.3347 -0.5739 0.6521, 0.2559 -0.6208 0.5709, 0.3347 -0.6208 0.5709, 0.2559 -1.142 0.6501, 0.3347 -1.142 0.6501, 0.3347 -1.1514 0.6527, 0.2559 -1.1514 0.6527, 0.3347 -1.1598 0.6576, 0.2559 -1.1598 0.6576, 0.3347 -1.1668 0.6645, 0.2559 -1.1668 0.6645, 0.3347 -1.1719 0.6728, 0.2559 -1.1719 0.6728, 0.3347 -1.1748 0.6822, 0.2559 -1.1748 0.6822, 0.3347 -1.1753 0.6919, 0.2559 -1.1753 0.6919, 0.3347 -1.1734 0.7015, 0.2559 -1.1734 0.7015, 0.3347 -1.1691 0.7103, 0.2559 -1.1691 0.7103, 0.3347 -1.1628 0.7178, 0.2559 -1.1628 0.7178, 0.3347 -1.1549 0.7236, 0.2559 -1.1549 0.7236, 0.3347 -1.1458 0.7271, 0.2559 -1.1458 0.7271, 0.3347 -1.136 0.7283, 0.2559 -1.136 0.7283, 0.2559 0.1726 0.7283, 0.3347 0.1726 0.7283, 0.2559 0.1726 0.5315, 0.3347 0.1726 0.5315, 0.2559 0.1923 0.5315, 0.3347 0.1923 0.5315, 0.2559 0.1923 0.4134, 0.3347 0.1923 0.4134, 0.2559 0.1726 0.4134, 0.3347 0.1726 0.4134, 0.2559 0.1726 0.1378, 0.3347 0.1726 0.1378, 0.2559 0.2317 0.0787, 0.3347 0.2317 0.0787, 0.2559 0.4286 0.0787, 0.3347 0.4286 0.0787, 0.3347 0.4387 0.0774, 0.2559 0.4387 0.0774, 0.3347 0.4482 0.0735, 0.2559 0.4482 0.0735, 0.3347 0.4564 0.0672, 0.2559 0.4564 0.0672, 0.3347 0.4626 0.0591, 0.2559 0.4626 0.0591, 0.3347 0.4666 0.0496, 0.2559 0.4666 0.0496, 0.3347 0.4679 0.0394, 0.2559 0.4679 0.0394, 0.2559 0.4679 0.0, 0.3347 0.4679 0.0, 0.2559 0.1923 0.0, 0.3347 0.1923 0.0, 0.3347 0.188 0.0005, 0.2559 0.188 0.0005, 0.3347 0.1838 0.0019, 0.2559 0.1838 0.0019, 0.3347 0.1801 0.0043, 0.2559 0.1801 0.0043, 0.3347 0.1769 0.0074, 0.2559 0.1769 0.0074, 0.3347 0.1746 0.0111, 0.2559 0.1746 0.0111, 0.3347 0.1731 0.0153, 0.2559 0.1731 0.0153, 0.4528 0.1726 0.0236, 0.4528 0.1726 0.0197, 0.5315 0.1726 0.0236, 0.5315 0.1726 0.0197, 0.4528 0.1723 0.0271, 0.5315 0.1723 0.0271, 0.4528 0.1711 0.0305, 0.5315 0.1711 0.0305, 0.4528 0.1692 0.0334, 0.5315 0.1692 0.0334, 0.4528 0.1667 0.0359, 0.5315 0.1667 0.0359, 0.4528 0.1637 0.0378, 0.5315 0.1637 0.0378, 0.4528 0.1604 0.039, 0.5315 0.1604 0.039, 0.4528 0.1569 0.0394, 0.5315 0.1569 0.0394, 0.4528 0.0939 0.0394, 0.5315 0.0939 0.0394, 0.4528 0.0939 0.1181, 0.5315 0.0939 0.1181, 0.4528 -1.4022 0.1181, 0.5315 -1.4022 0.1181, 0.5315 -1.4115 0.1192, 0.4528 -1.4115 0.1192, 0.5315 -1.4203 0.1225, 0.4528 -1.4203 0.1225, 0.5315 -1.4281 0.1279, 0.4528 -1.4281 0.1279, 0.5315 -1.4344 0.1349, 0.4528 -1.4344 0.1349, 0.5315 -1.4388 0.1432, 0.4528 -1.4388 0.1432, 0.5315 -1.4412 0.1523, 0.4528 -1.4412 0.1523, 0.5315 -1.4413 0.1617, 0.4528 -1.4413 0.1617, 0.5315 -1.4392 0.1709, 0.4528 -1.4392 0.1709, 0.5315 -1.4349 0.1793, 0.4528 -1.4349 0.1793, 0.5315 -1.4288 0.1864, 0.4528 -1.4288 0.1864, 0.4528 -1.3107 0.2953, 0.5315 -1.3107 0.2953, 0.4528 -1.3107 0.2165, 0.5315 -1.3107 0.2165, 0.4528 -0.2166 0.2165, 0.5315 -0.2166 0.2165, 0.4528 -0.2166 0.1969, 0.5315 -0.2166 0.1969, 0.4528 0.0742 0.1969, 0.5315 0.0742 0.1969, 0.4528 0.0742 0.6521, 0.5315 0.0742 0.6521, 0.4528 -0.5739 0.6521, 0.5315 -0.5739 0.6521, 0.4528 -0.6208 0.5709, 0.5315 -0.6208 0.5709, 0.4528 -1.142 0.6501, 0.5315 -1.142 0.6501, 0.5315 -1.1514 0.6527, 0.4528 -1.1514 0.6527, 0.5315 -1.1598 0.6576, 0.4528 -1.1598 0.6576, 0.5315 -1.1668 0.6645, 0.4528 -1.1668 0.6645, 0.5315 -1.1719 0.6728, 0.4528 -1.1719 0.6728, 0.5315 -1.1748 0.6822, 0.4528 -1.1748 0.6822, 0.5315 -1.1753 0.6919, 0.4528 -1.1753 0.6919, 0.5315 -1.1734 0.7015, 0.4528 -1.1734 0.7015, 0.5315 -1.1691 0.7103, 0.4528 -1.1691 0.7103, 0.5315 -1.1628 0.7178, 0.4528 -1.1628 0.7178, 0.5315 -1.1549 0.7236, 0.4528 -1.1549 0.7236, 0.5315 -1.1458 0.7271, 0.4528 -1.1458 0.7271, 0.5315 -1.136 0.7283, 0.4528 -1.136 0.7283, 0.4528 0.1726 0.7283, 0.5315 0.1726 0.7283, 0.4528 0.1726 0.5315, 0.5315 0.1726 0.5315, 0.4528 0.1923 0.5315, 0.5315 0.1923 0.5315, 0.4528 0.1923 0.4134, 0.5315 0.1923 0.4134, 0.4528 0.1726 0.4134, 0.5315 0.1726 0.4134, 0.4528 0.1726 0.1378, 0.5315 0.1726 0.1378, 0.4528 0.2317 0.0787, 0.5315 0.2317 0.0787, 0.4528 0.4286 0.0787, 0.5315 0.4286 0.0787, 0.5315 0.4387 0.0774, 0.4528 0.4387 0.0774, 0.5315 0.4482 0.0735, 0.4528 0.4482 0.0735, 0.5315 0.4564 0.0672, 0.4528 0.4564 0.0672, 0.5315 0.4626 0.0591, 0.4528 0.4626 0.0591, 0.5315 0.4666 0.0496, 0.4528 0.4666 0.0496, 0.5315 0.4679 0.0394, 0.4528 0.4679 0.0394, 0.4528 0.4679 0.0, 0.5315 0.4679 0.0, 0.4528 0.1923 0.0, 0.5315 0.1923 0.0, 0.5315 0.188 0.0005, 0.4528 0.188 0.0005, 0.5315 0.1838 0.0019, 0.4528 0.1838 0.0019, 0.5315 0.1801 0.0043, 0.4528 0.1801 0.0043, 0.5315 0.1769 0.0074, 0.4528 0.1769 0.0074, 0.5315 0.1746 0.0111, 0.4528 0.1746 0.0111, 0.5315 0.1731 0.0153, 0.4528 0.1731 0.0153, 0.6496 0.1726 0.0236, 0.6496 0.1726 0.0197, 0.7284 0.1726 0.0236, 0.7284 0.1726 0.0197, 0.6496 0.1723 0.0271, 0.7284 0.1723 0.0271, 0.6496 0.1711 0.0305, 0.7284 0.1711 0.0305, 0.6496 0.1692 0.0334, 0.7284 0.1692 0.0334, 0.6496 0.1667 0.0359, 0.7284 0.1667 0.0359, 0.6496 0.1637 0.0378, 0.7284 0.1637 0.0378, 0.6496 0.1604 0.039, 0.7284 0.1604 0.039, 0.6496 0.1569 0.0394, 0.7284 0.1569 0.0394, 0.6496 0.0939 0.0394, 0.7284 0.0939 0.0394, 0.6496 0.0939 0.1181, 0.7284 0.0939 0.1181, 0.6496 -1.4022 0.1181, 0.7284 -1.4022 0.1181, 0.7284 -1.4115 0.1192, 0.6496 -1.4115 0.1192, 0.7284 -1.4203 0.1225, 0.6496 -1.4203 0.1225, 0.7284 -1.4281 0.1279, 0.6496 -1.4281 0.1279, 0.7284 -1.4344 0.1349, 0.6496 -1.4344 0.1349, 0.7284 -1.4388 0.1432, 0.6496 -1.4388 0.1432, 0.7284 -1.4412 0.1523, 0.6496 -1.4412 0.1523, 0.7284 -1.4413 0.1617, 0.6496 -1.4413 0.1617, 0.7284 -1.4392 0.1709, 0.6496 -1.4392 0.1709, 0.7284 -1.4349 0.1793, 0.6496 -1.4349 0.1793, 0.7284 -1.4288 0.1864, 0.6496 -1.4288 0.1864, 0.6496 -1.3107 0.2953, 0.7284 -1.3107 0.2953, 0.6496 -1.3107 0.2165, 0.7284 -1.3107 0.2165, 0.6496 -0.2166 0.2165, 0.7284 -0.2166 0.2165, 0.6496 -0.2166 0.1969, 0.7284 -0.2166 0.1969, 0.6496 0.0742 0.1969, 0.7284 0.0742 0.1969, 0.6496 0.0742 0.6521, 0.7284 0.0742 0.6521, 0.6496 -0.5739 0.6521, 0.7284 -0.5739 0.6521, 0.6496 -0.6208 0.5709, 0.7284 -0.6208 0.5709, 0.6496 -1.142 0.6501, 0.7284 -1.142 0.6501, 0.7284 -1.1514 0.6527, 0.6496 -1.1514 0.6527, 0.7284 -1.1598 0.6576, 0.6496 -1.1598 0.6576, 0.7284 -1.1668 0.6645, 0.6496 -1.1668 0.6645, 0.7284 -1.1719 0.6728, 0.6496 -1.1719 0.6728, 0.7284 -1.1748 0.6822, 0.6496 -1.1748 0.6822, 0.7284 -1.1753 0.6919, 0.6496 -1.1753 0.6919, 0.7284 -1.1734 0.7015, 0.6496 -1.1734 0.7015, 0.7284 -1.1691 0.7103, 0.6496 -1.1691 0.7103, 0.7284 -1.1628 0.7178, 0.6496 -1.1628 0.7178, 0.7284 -1.1549 0.7236, 0.6496 -1.1549 0.7236, 0.7284 -1.1458 0.7271, 0.6496 -1.1458 0.7271, 0.7284 -1.136 0.7283, 0.6496 -1.136 0.7283, 0.6496 0.1726 0.7283, 0.7284 0.1726 0.7283, 0.6496 0.1726 0.5315, 0.7284 0.1726 0.5315, 0.6496 0.1923 0.5315, 0.7284 0.1923 0.5315, 0.6496 0.1923 0.4134, 0.7284 0.1923 0.4134, 0.6496 0.1726 0.4134, 0.7284 0.1726 0.4134, 0.6496 0.1726 0.1378, 0.7284 0.1726 0.1378, 0.6496 0.2317 0.0787, 0.7284 0.2317 0.0787, 0.6496 0.4286 0.0787, 0.7284 0.4286 0.0787, 0.7284 0.4387 0.0774, 0.6496 0.4387 0.0774, 0.7284 0.4482 0.0735, 0.6496 0.4482 0.0735, 0.7284 0.4564 0.0672, 0.6496 0.4564 0.0672, 0.7284 0.4626 0.0591, 0.6496 0.4626 0.0591, 0.7284 0.4666 0.0496, 0.6496 0.4666 0.0496, 0.7284 0.4679 0.0394, 0.6496 0.4679 0.0394, 0.6496 0.4679 0.0, 0.7284 0.4679 0.0, 0.6496 0.1923 0.0, 0.7284 0.1923 0.0, 0.7284 0.188 0.0005, 0.6496 0.188 0.0005, 0.7284 0.1838 0.0019, 0.6496 0.1838 0.0019, 0.7284 0.1801 0.0043, 0.6496 0.1801 0.0043, 0.7284 0.1769 0.0074, 0.6496 0.1769 0.0074, 0.7284 0.1746 0.0111, 0.6496 0.1746 0.0111, 0.7284 0.1731 0.0153, 0.6496 0.1731 0.0153, 0.8465 0.1726 0.0236, 0.8465 0.1726 0.0197, 0.9252 0.1726 0.0236, 0.9252 0.1726 0.0197, 0.8465 0.1723 0.0271, 0.9252 0.1723 0.0271, 0.8465 0.1711 0.0305, 0.9252 0.1711 0.0305, 0.8465 0.1692 0.0334, 0.9252 0.1692 0.0334, 0.8465 0.1667 0.0359, 0.9252 0.1667 0.0359, 0.8465 0.1637 0.0378, 0.9252 0.1637 0.0378, 0.8465 0.1604 0.039, 0.9252 0.1604 0.039, 0.8465 0.1569 0.0394, 0.9252 0.1569 0.0394, 0.8465 0.0939 0.0394, 0.9252 0.0939 0.0394, 0.8465 0.0939 0.1181, 0.9252 0.0939 0.1181, 0.8465 -1.4022 0.1181, 0.9252 -1.4022 0.1181, 0.9252 -1.4115 0.1192, 0.8465 -1.4115 0.1192, 0.9252 -1.4203 0.1225, 0.8465 -1.4203 0.1225, 0.9252 -1.4281 0.1279, 0.8465 -1.4281 0.1279, 0.9252 -1.4344 0.1349, 0.8465 -1.4344 0.1349, 0.9252 -1.4388 0.1432, 0.8465 -1.4388 0.1432, 0.9252 -1.4412 0.1523, 0.8465 -1.4412 0.1523, 0.9252 -1.4413 0.1617, 0.8465 -1.4413 0.1617, 0.9252 -1.4392 0.1709, 0.8465 -1.4392 0.1709, 0.9252 -1.4349 0.1793, 0.8465 -1.4349 0.1793, 0.9252 -1.4288 0.1864, 0.8465 -1.4288 0.1864, 0.8465 -1.3107 0.2953, 0.9252 -1.3107 0.2953, 0.8465 -1.3107 0.2165, 0.9252 -1.3107 0.2165, 0.8465 -0.2166 0.2165, 0.9252 -0.2166 0.2165, 0.8465 -0.2166 0.1969, 0.9252 -0.2166 0.1969, 0.8465 0.0742 0.1969, 0.9252 0.0742 0.1969, 0.8465 0.0742 0.6521, 0.9252 0.0742 0.6521, 0.8465 -0.5739 0.6521, 0.9252 -0.5739 0.6521, 0.8465 -0.6208 0.5709, 0.9252 -0.6208 0.5709, 0.8465 -1.142 0.6501, 0.9252 -1.142 0.6501, 0.9252 -1.1514 0.6527, 0.8465 -1.1514 0.6527, 0.9252 -1.1598 0.6576, 0.8465 -1.1598 0.6576, 0.9252 -1.1668 0.6645, 0.8465 -1.1668 0.6645, 0.9252 -1.1719 0.6728, 0.8465 -1.1719 0.6728, 0.9252 -1.1748 0.6822, 0.8465 -1.1748 0.6822, 0.9252 -1.1753 0.6919, 0.8465 -1.1753 0.6919, 0.9252 -1.1734 0.7015, 0.8465 -1.1734 0.7015, 0.9252 -1.1691 0.7103, 0.8465 -1.1691 0.7103, 0.9252 -1.1628 0.7178, 0.8465 -1.1628 0.7178, 0.9252 -1.1549 0.7236, 0.8465 -1.1549 0.7236, 0.9252 -1.1458 0.7271, 0.8465 -1.1458 0.7271, 0.9252 -1.136 0.7283, 0.8465 -1.136 0.7283, 0.8465 0.1726 0.7283, 0.9252 0.1726 0.7283, 0.8465 0.1726 0.5315, 0.9252 0.1726 0.5315, 0.8465 0.1923 0.5315, 0.9252 0.1923 0.5315, 0.8465 0.1923 0.4134, 0.9252 0.1923 0.4134, 0.8465 0.1726 0.4134, 0.9252 0.1726 0.4134, 0.8465 0.1726 0.1378, 0.9252 0.1726 0.1378, 0.8465 0.2317 0.0787, 0.9252 0.2317 0.0787, 0.8465 0.4286 0.0787, 0.9252 0.4286 0.0787, 0.9252 0.4387 0.0774, 0.8465 0.4387 0.0774, 0.9252 0.4482 0.0735, 0.8465 0.4482 0.0735, 0.9252 0.4564 0.0672, 0.8465 0.4564 0.0672, 0.9252 0.4626 0.0591, 0.8465 0.4626 0.0591, 0.9252 0.4666 0.0496, 0.8465 0.4666 0.0496, 0.9252 0.4679 0.0394, 0.8465 0.4679 0.0394, 0.8465 0.4679 0.0, 0.9252 0.4679 0.0, 0.8465 0.1923 0.0, 0.9252 0.1923 0.0, 0.9252 0.188 0.0005, 0.8465 0.188 0.0005, 0.9252 0.1838 0.0019, 0.8465 0.1838 0.0019, 0.9252 0.1801 0.0043, 0.8465 0.1801 0.0043, 0.9252 0.1769 0.0074, 0.8465 0.1769 0.0074, 0.9252 0.1746 0.0111, 0.8465 0.1746 0.0111, 0.9252 0.1731 0.0153, 0.8465 0.1731 0.0153, 1.0433 0.1726 0.0236, 1.0433 0.1726 0.0197, 1.1221 0.1726 0.0236, 1.1221 0.1726 0.0197, 1.0433 0.1723 0.0271, 1.1221 0.1723 0.0271, 1.0433 0.1711 0.0305, 1.1221 0.1711 0.0305, 1.0433 0.1692 0.0334, 1.1221 0.1692 0.0334, 1.0433 0.1667 0.0359, 1.1221 0.1667 0.0359, 1.0433 0.1637 0.0378, 1.1221 0.1637 0.0378, 1.0433 0.1604 0.039, 1.1221 0.1604 0.039, 1.0433 0.1569 0.0394, 1.1221 0.1569 0.0394, 1.0433 0.0939 0.0394, 1.1221 0.0939 0.0394, 1.0433 0.0939 0.1181, 1.1221 0.0939 0.1181, 1.0433 -1.4022 0.1181, 1.1221 -1.4022 0.1181, 1.1221 -1.4115 0.1192, 1.0433 -1.4115 0.1192, 1.1221 -1.4203 0.1225, 1.0433 -1.4203 0.1225, 1.1221 -1.4281 0.1279, 1.0433 -1.4281 0.1279, 1.1221 -1.4344 0.1349, 1.0433 -1.4344 0.1349, 1.1221 -1.4388 0.1432, 1.0433 -1.4388 0.1432, 1.1221 -1.4412 0.1523, 1.0433 -1.4412 0.1523, 1.1221 -1.4413 0.1617, 1.0433 -1.4413 0.1617, 1.1221 -1.4392 0.1709, 1.0433 -1.4392 0.1709, 1.1221 -1.4349 0.1793, 1.0433 -1.4349 0.1793, 1.1221 -1.4288 0.1864, 1.0433 -1.4288 0.1864, 1.0433 -1.3107 0.2953, 1.1221 -1.3107 0.2953, 1.0433 -1.3107 0.2165, 1.1221 -1.3107 0.2165, 1.0433 -0.2166 0.2165, 1.1221 -0.2166 0.2165, 1.0433 -0.2166 0.1969, 1.1221 -0.2166 0.1969, 1.0433 0.0742 0.1969, 1.1221 0.0742 0.1969, 1.0433 0.0742 0.6521, 1.1221 0.0742 0.6521, 1.0433 -0.5739 0.6521, 1.1221 -0.5739 0.6521, 1.0433 -0.6208 0.5709, 1.1221 -0.6208 0.5709, 1.0433 -1.142 0.6501, 1.1221 -1.142 0.6501, 1.1221 -1.1514 0.6527, 1.0433 -1.1514 0.6527, 1.1221 -1.1598 0.6576, 1.0433 -1.1598 0.6576, 1.1221 -1.1668 0.6645, 1.0433 -1.1668 0.6645, 1.1221 -1.1719 0.6728, 1.0433 -1.1719 0.6728, 1.1221 -1.1748 0.6822, 1.0433 -1.1748 0.6822, 1.1221 -1.1753 0.6919, 1.0433 -1.1753 0.6919, 1.1221 -1.1734 0.7015, 1.0433 -1.1734 0.7015, 1.1221 -1.1691 0.7103, 1.0433 -1.1691 0.7103, 1.1221 -1.1628 0.7178, 1.0433 -1.1628 0.7178, 1.1221 -1.1549 0.7236, 1.0433 -1.1549 0.7236, 1.1221 -1.1458 0.7271, 1.0433 -1.1458 0.7271, 1.1221 -1.136 0.7283, 1.0433 -1.136 0.7283, 1.0433 0.1726 0.7283, 1.1221 0.1726 0.7283, 1.0433 0.1726 0.5315, 1.1221 0.1726 0.5315, 1.0433 0.1923 0.5315, 1.1221 0.1923 0.5315, 1.0433 0.1923 0.4134, 1.1221 0.1923 0.4134, 1.0433 0.1726 0.4134, 1.1221 0.1726 0.4134, 1.0433 0.1726 0.1378, 1.1221 0.1726 0.1378, 1.0433 0.2317 0.0787, 1.1221 0.2317 0.0787, 1.0433 0.4286 0.0787, 1.1221 0.4286 0.0787, 1.1221 0.4387 0.0774, 1.0433 0.4387 0.0774, 1.1221 0.4482 0.0735, 1.0433 0.4482 0.0735, 1.1221 0.4564 0.0672, 1.0433 0.4564 0.0672, 1.1221 0.4626 0.0591, 1.0433 0.4626 0.0591, 1.1221 0.4666 0.0496, 1.0433 0.4666 0.0496, 1.1221 0.4679 0.0394, 1.0433 0.4679 0.0394, 1.0433 0.4679 0.0, 1.1221 0.4679 0.0, 1.0433 0.1923 0.0, 1.1221 0.1923 0.0, 1.1221 0.188 0.0005, 1.0433 0.188 0.0005, 1.1221 0.1838 0.0019, 1.0433 0.1838 0.0019, 1.1221 0.1801 0.0043, 1.0433 0.1801 0.0043, 1.1221 0.1769 0.0074, 1.0433 0.1769 0.0074, 1.1221 0.1746 0.0111, 1.0433 0.1746 0.0111, 1.1221 0.1731 0.0153, 1.0433 0.1731 0.0153, 1.2402 0.1726 0.0236, 1.2402 0.1726 0.0197, 1.3189 0.1726 0.0236, 1.3189 0.1726 0.0197, 1.2402 0.1723 0.0271, 1.3189 0.1723 0.0271, 1.2402 0.1711 0.0305, 1.3189 0.1711 0.0305, 1.2402 0.1692 0.0334, 1.3189 0.1692 0.0334, 1.2402 0.1667 0.0359, 1.3189 0.1667 0.0359, 1.2402 0.1637 0.0378, 1.3189 0.1637 0.0378, 1.2402 0.1604 0.039, 1.3189 0.1604 0.039, 1.2402 0.1569 0.0394, 1.3189 0.1569 0.0394, 1.2402 0.0939 0.0394, 1.3189 0.0939 0.0394, 1.2402 0.0939 0.1181, 1.3189 0.0939 0.1181, 1.2402 -1.4022 0.1181, 1.3189 -1.4022 0.1181, 1.3189 -1.4115 0.1192, 1.2402 -1.4115 0.1192, 1.3189 -1.4203 0.1225, 1.2402 -1.4203 0.1225, 1.3189 -1.4281 0.1279, 1.2402 -1.4281 0.1279, 1.3189 -1.4344 0.1349, 1.2402 -1.4344 0.1349, 1.3189 -1.4388 0.1432, 1.2402 -1.4388 0.1432, 1.3189 -1.4412 0.1523, 1.2402 -1.4412 0.1523, 1.3189 -1.4413 0.1617, 1.2402 -1.4413 0.1617, 1.3189 -1.4392 0.1709, 1.2402 -1.4392 0.1709, 1.3189 -1.4349 0.1793, 1.2402 -1.4349 0.1793, 1.3189 -1.4288 0.1864, 1.2402 -1.4288 0.1864, 1.2402 -1.3107 0.2953, 1.3189 -1.3107 0.2953, 1.2402 -1.3107 0.2165, 1.3189 -1.3107 0.2165, 1.2402 -0.2166 0.2165, 1.3189 -0.2166 0.2165, 1.2402 -0.2166 0.1969, 1.3189 -0.2166 0.1969, 1.2402 0.0742 0.1969, 1.3189 0.0742 0.1969, 1.2402 0.0742 0.6521, 1.3189 0.0742 0.6521, 1.2402 -0.5739 0.6521, 1.3189 -0.5739 0.6521, 1.2402 -0.6208 0.5709, 1.3189 -0.6208 0.5709, 1.2402 -1.142 0.6501, 1.3189 -1.142 0.6501, 1.3189 -1.1514 0.6527, 1.2402 -1.1514 0.6527, 1.3189 -1.1598 0.6576, 1.2402 -1.1598 0.6576, 1.3189 -1.1668 0.6645, 1.2402 -1.1668 0.6645, 1.3189 -1.1719 0.6728, 1.2402 -1.1719 0.6728, 1.3189 -1.1748 0.6822, 1.2402 -1.1748 0.6822, 1.3189 -1.1753 0.6919, 1.2402 -1.1753 0.6919, 1.3189 -1.1734 0.7015, 1.2402 -1.1734 0.7015, 1.3189 -1.1691 0.7103, 1.2402 -1.1691 0.7103, 1.3189 -1.1628 0.7178, 1.2402 -1.1628 0.7178, 1.3189 -1.1549 0.7236, 1.2402 -1.1549 0.7236, 1.3189 -1.1458 0.7271, 1.2402 -1.1458 0.7271, 1.3189 -1.136 0.7283, 1.2402 -1.136 0.7283, 1.2402 0.1726 0.7283, 1.3189 0.1726 0.7283, 1.2402 0.1726 0.5315, 1.3189 0.1726 0.5315, 1.2402 0.1923 0.5315, 1.3189 0.1923 0.5315, 1.2402 0.1923 0.4134, 1.3189 0.1923 0.4134, 1.2402 0.1726 0.4134, 1.3189 0.1726 0.4134, 1.2402 0.1726 0.1378, 1.3189 0.1726 0.1378, 1.2402 0.2317 0.0787, 1.3189 0.2317 0.0787, 1.2402 0.4286 0.0787, 1.3189 0.4286 0.0787, 1.3189 0.4387 0.0774, 1.2402 0.4387 0.0774, 1.3189 0.4482 0.0735, 1.2402 0.4482 0.0735, 1.3189 0.4564 0.0672, 1.2402 0.4564 0.0672, 1.3189 0.4626 0.0591, 1.2402 0.4626 0.0591, 1.3189 0.4666 0.0496, 1.2402 0.4666 0.0496, 1.3189 0.4679 0.0394, 1.2402 0.4679 0.0394, 1.2402 0.4679 0.0, 1.3189 0.4679 0.0, 1.2402 0.1923 0.0, 1.3189 0.1923 0.0, 1.3189 0.188 0.0005, 1.2402 0.188 0.0005, 1.3189 0.1838 0.0019, 1.2402 0.1838 0.0019, 1.3189 0.1801 0.0043, 1.2402 0.1801 0.0043, 1.3189 0.1769 0.0074, 1.2402 0.1769 0.0074, 1.3189 0.1746 0.0111, 1.2402 0.1746 0.0111, 1.3189 0.1731 0.0153, 1.2402 0.1731 0.0153, 1.437 0.1726 0.0236, 1.437 0.1726 0.0197, 1.5158 0.1726 0.0236, 1.5158 0.1726 0.0197, 1.437 0.1723 0.0271, 1.5158 0.1723 0.0271, 1.437 0.1711 0.0305, 1.5158 0.1711 0.0305, 1.437 0.1692 0.0334, 1.5158 0.1692 0.0334, 1.437 0.1667 0.0359, 1.5158 0.1667 0.0359, 1.437 0.1637 0.0378, 1.5158 0.1637 0.0378, 1.437 0.1604 0.039, 1.5158 0.1604 0.039, 1.437 0.1569 0.0394, 1.5158 0.1569 0.0394, 1.437 0.0939 0.0394, 1.5158 0.0939 0.0394, 1.437 0.0939 0.1181, 1.5158 0.0939 0.1181, 1.437 -1.4022 0.1181, 1.5158 -1.4022 0.1181, 1.5158 -1.4115 0.1192, 1.437 -1.4115 0.1192, 1.5158 -1.4203 0.1225, 1.437 -1.4203 0.1225, 1.5158 -1.4281 0.1279, 1.437 -1.4281 0.1279, 1.5158 -1.4344 0.1349, 1.437 -1.4344 0.1349, 1.5158 -1.4388 0.1432, 1.437 -1.4388 0.1432, 1.5158 -1.4412 0.1523, 1.437 -1.4412 0.1523, 1.5158 -1.4413 0.1617, 1.437 -1.4413 0.1617, 1.5158 -1.4392 0.1709, 1.437 -1.4392 0.1709, 1.5158 -1.4349 0.1793, 1.437 -1.4349 0.1793, 1.5158 -1.4288 0.1864, 1.437 -1.4288 0.1864, 1.437 -1.3107 0.2953, 1.5158 -1.3107 0.2953, 1.437 -1.3107 0.2165, 1.5158 -1.3107 0.2165, 1.437 -0.2166 0.2165, 1.5158 -0.2166 0.2165, 1.437 -0.2166 0.1969, 1.5158 -0.2166 0.1969, 1.437 0.0742 0.1969, 1.5158 0.0742 0.1969, 1.437 0.0742 0.6521, 1.5158 0.0742 0.6521, 1.437 -0.5739 0.6521, 1.5158 -0.5739 0.6521, 1.437 -0.6208 0.5709, 1.5158 -0.6208 0.5709, 1.437 -1.142 0.6501, 1.5158 -1.142 0.6501, 1.5158 -1.1514 0.6527, 1.437 -1.1514 0.6527, 1.5158 -1.1598 0.6576, 1.437 -1.1598 0.6576, 1.5158 -1.1668 0.6645, 1.437 -1.1668 0.6645, 1.5158 -1.1719 0.6728, 1.437 -1.1719 0.6728, 1.5158 -1.1748 0.6822, 1.437 -1.1748 0.6822, 1.5158 -1.1753 0.6919, 1.437 -1.1753 0.6919, 1.5158 -1.1734 0.7015, 1.437 -1.1734 0.7015, 1.5158 -1.1691 0.7103, 1.437 -1.1691 0.7103, 1.5158 -1.1628 0.7178, 1.437 -1.1628 0.7178, 1.5158 -1.1549 0.7236, 1.437 -1.1549 0.7236, 1.5158 -1.1458 0.7271, 1.437 -1.1458 0.7271, 1.5158 -1.136 0.7283, 1.437 -1.136 0.7283, 1.437 0.1726 0.7283, 1.5158 0.1726 0.7283, 1.437 0.1726 0.5315, 1.5158 0.1726 0.5315, 1.437 0.1923 0.5315, 1.5158 0.1923 0.5315, 1.437 0.1923 0.4134, 1.5158 0.1923 0.4134, 1.437 0.1726 0.4134, 1.5158 0.1726 0.4134, 1.437 0.1726 0.1378, 1.5158 0.1726 0.1378, 1.437 0.2317 0.0787, 1.5158 0.2317 0.0787, 1.437 0.4286 0.0787, 1.5158 0.4286 0.0787, 1.5158 0.4387 0.0774, 1.437 0.4387 0.0774, 1.5158 0.4482 0.0735, 1.437 0.4482 0.0735, 1.5158 0.4564 0.0672, 1.437 0.4564 0.0672, 1.5158 0.4626 0.0591, 1.437 0.4626 0.0591, 1.5158 0.4666 0.0496, 1.437 0.4666 0.0496, 1.5158 0.4679 0.0394, 1.437 0.4679 0.0394, 1.437 0.4679 0.0, 1.5158 0.4679 0.0, 1.437 0.1923 0.0, 1.5158 0.1923 0.0, 1.5158 0.188 0.0005, 1.437 0.188 0.0005, 1.5158 0.1838 0.0019, 1.437 0.1838 0.0019, 1.5158 0.1801 0.0043, 1.437 0.1801 0.0043, 1.5158 0.1769 0.0074, 1.437 0.1769 0.0074, 1.5158 0.1746 0.0111, 1.437 0.1746 0.0111, 1.5158 0.1731 0.0153, 1.437 0.1731 0.0153, 1.6339 0.1726 0.0236, 1.6339 0.1726 0.0197, 1.7126 0.1726 0.0236, 1.7126 0.1726 0.0197, 1.6339 0.1723 0.0271, 1.7126 0.1723 0.0271, 1.6339 0.1711 0.0305, 1.7126 0.1711 0.0305, 1.6339 0.1692 0.0334, 1.7126 0.1692 0.0334, 1.6339 0.1667 0.0359, 1.7126 0.1667 0.0359, 1.6339 0.1637 0.0378, 1.7126 0.1637 0.0378, 1.6339 0.1604 0.039, 1.7126 0.1604 0.039, 1.6339 0.1569 0.0394, 1.7126 0.1569 0.0394, 1.6339 0.0939 0.0394, 1.7126 0.0939 0.0394, 1.6339 0.0939 0.1181, 1.7126 0.0939 0.1181, 1.6339 -1.4022 0.1181, 1.7126 -1.4022 0.1181, 1.7126 -1.4115 0.1192, 1.6339 -1.4115 0.1192, 1.7126 -1.4203 0.1225, 1.6339 -1.4203 0.1225, 1.7126 -1.4281 0.1279, 1.6339 -1.4281 0.1279, 1.7126 -1.4344 0.1349, 1.6339 -1.4344 0.1349, 1.7126 -1.4388 0.1432, 1.6339 -1.4388 0.1432, 1.7126 -1.4412 0.1523, 1.6339 -1.4412 0.1523, 1.7126 -1.4413 0.1617, 1.6339 -1.4413 0.1617, 1.7126 -1.4392 0.1709, 1.6339 -1.4392 0.1709, 1.7126 -1.4349 0.1793, 1.6339 -1.4349 0.1793, 1.7126 -1.4288 0.1864, 1.6339 -1.4288 0.1864, 1.6339 -1.3107 0.2953, 1.7126 -1.3107 0.2953, 1.6339 -1.3107 0.2165, 1.7126 -1.3107 0.2165, 1.6339 -0.2166 0.2165, 1.7126 -0.2166 0.2165, 1.6339 -0.2166 0.1969, 1.7126 -0.2166 0.1969, 1.6339 0.0742 0.1969, 1.7126 0.0742 0.1969, 1.6339 0.0742 0.6521, 1.7126 0.0742 0.6521, 1.6339 -0.5739 0.6521, 1.7126 -0.5739 0.6521, 1.6339 -0.6208 0.5709, 1.7126 -0.6208 0.5709, 1.6339 -1.142 0.6501, 1.7126 -1.142 0.6501, 1.7126 -1.1514 0.6527, 1.6339 -1.1514 0.6527, 1.7126 -1.1598 0.6576, 1.6339 -1.1598 0.6576, 1.7126 -1.1668 0.6645, 1.6339 -1.1668 0.6645, 1.7126 -1.1719 0.6728, 1.6339 -1.1719 0.6728, 1.7126 -1.1748 0.6822, 1.6339 -1.1748 0.6822, 1.7126 -1.1753 0.6919, 1.6339 -1.1753 0.6919, 1.7126 -1.1734 0.7015, 1.6339 -1.1734 0.7015, 1.7126 -1.1691 0.7103, 1.6339 -1.1691 0.7103, 1.7126 -1.1628 0.7178, 1.6339 -1.1628 0.7178, 1.7126 -1.1549 0.7236, 1.6339 -1.1549 0.7236, 1.7126 -1.1458 0.7271, 1.6339 -1.1458 0.7271, 1.7126 -1.136 0.7283, 1.6339 -1.136 0.7283, 1.6339 0.1726 0.7283, 1.7126 0.1726 0.7283, 1.6339 0.1726 0.5315, 1.7126 0.1726 0.5315, 1.6339 0.1923 0.5315, 1.7126 0.1923 0.5315, 1.6339 0.1923 0.4134, 1.7126 0.1923 0.4134, 1.6339 0.1726 0.4134, 1.7126 0.1726 0.4134, 1.6339 0.1726 0.1378, 1.7126 0.1726 0.1378, 1.6339 0.2317 0.0787, 1.7126 0.2317 0.0787, 1.6339 0.4286 0.0787, 1.7126 0.4286 0.0787, 1.7126 0.4387 0.0774, 1.6339 0.4387 0.0774, 1.7126 0.4482 0.0735, 1.6339 0.4482 0.0735, 1.7126 0.4564 0.0672, 1.6339 0.4564 0.0672, 1.7126 0.4626 0.0591, 1.6339 0.4626 0.0591, 1.7126 0.4666 0.0496, 1.6339 0.4666 0.0496, 1.7126 0.4679 0.0394, 1.6339 0.4679 0.0394, 1.6339 0.4679 0.0, 1.7126 0.4679 0.0, 1.6339 0.1923 0.0, 1.7126 0.1923 0.0, 1.7126 0.188 0.0005, 1.6339 0.188 0.0005, 1.7126 0.1838 0.0019, 1.6339 0.1838 0.0019, 1.7126 0.1801 0.0043, 1.6339 0.1801 0.0043, 1.7126 0.1769 0.0074, 1.6339 0.1769 0.0074, 1.7126 0.1746 0.0111, 1.6339 0.1746 0.0111, 1.7126 0.1731 0.0153, 1.6339 0.1731 0.0153, 1.8307 0.1726 0.0236, 1.8307 0.1726 0.0197, 1.9095 0.1726 0.0236, 1.9095 0.1726 0.0197, 1.8307 0.1723 0.0271, 1.9095 0.1723 0.0271, 1.8307 0.1711 0.0305, 1.9095 0.1711 0.0305, 1.8307 0.1692 0.0334, 1.9095 0.1692 0.0334, 1.8307 0.1667 0.0359, 1.9095 0.1667 0.0359, 1.8307 0.1637 0.0378, 1.9095 0.1637 0.0378, 1.8307 0.1604 0.039, 1.9095 0.1604 0.039, 1.8307 0.1569 0.0394, 1.9095 0.1569 0.0394, 1.8307 0.0939 0.0394, 1.9095 0.0939 0.0394, 1.8307 0.0939 0.1181, 1.9095 0.0939 0.1181, 1.8307 -1.4022 0.1181, 1.9095 -1.4022 0.1181, 1.9095 -1.4115 0.1192, 1.8307 -1.4115 0.1192, 1.9095 -1.4203 0.1225, 1.8307 -1.4203 0.1225, 1.9095 -1.4281 0.1279, 1.8307 -1.4281 0.1279, 1.9095 -1.4344 0.1349, 1.8307 -1.4344 0.1349, 1.9095 -1.4388 0.1432, 1.8307 -1.4388 0.1432, 1.9095 -1.4412 0.1523, 1.8307 -1.4412 0.1523, 1.9095 -1.4413 0.1617, 1.8307 -1.4413 0.1617, 1.9095 -1.4392 0.1709, 1.8307 -1.4392 0.1709, 1.9095 -1.4349 0.1793, 1.8307 -1.4349 0.1793, 1.9095 -1.4288 0.1864, 1.8307 -1.4288 0.1864, 1.8307 -1.3107 0.2953, 1.9095 -1.3107 0.2953, 1.8307 -1.3107 0.2165, 1.9095 -1.3107 0.2165, 1.8307 -0.2166 0.2165, 1.9095 -0.2166 0.2165, 1.8307 -0.2166 0.1969, 1.9095 -0.2166 0.1969, 1.8307 0.0742 0.1969, 1.9095 0.0742 0.1969, 1.8307 0.0742 0.6521, 1.9095 0.0742 0.6521, 1.8307 -0.5739 0.6521, 1.9095 -0.5739 0.6521, 1.8307 -0.6208 0.5709, 1.9095 -0.6208 0.5709, 1.8307 -1.142 0.6501, 1.9095 -1.142 0.6501, 1.9095 -1.1514 0.6527, 1.8307 -1.1514 0.6527, 1.9095 -1.1598 0.6576, 1.8307 -1.1598 0.6576, 1.9095 -1.1668 0.6645, 1.8307 -1.1668 0.6645, 1.9095 -1.1719 0.6728, 1.8307 -1.1719 0.6728, 1.9095 -1.1748 0.6822, 1.8307 -1.1748 0.6822, 1.9095 -1.1753 0.6919, 1.8307 -1.1753 0.6919, 1.9095 -1.1734 0.7015, 1.8307 -1.1734 0.7015, 1.9095 -1.1691 0.7103, 1.8307 -1.1691 0.7103, 1.9095 -1.1628 0.7178, 1.8307 -1.1628 0.7178, 1.9095 -1.1549 0.7236, 1.8307 -1.1549 0.7236, 1.9095 -1.1458 0.7271, 1.8307 -1.1458 0.7271, 1.9095 -1.136 0.7283, 1.8307 -1.136 0.7283, 1.8307 0.1726 0.7283, 1.9095 0.1726 0.7283, 1.8307 0.1726 0.5315, 1.9095 0.1726 0.5315, 1.8307 0.1923 0.5315, 1.9095 0.1923 0.5315, 1.8307 0.1923 0.4134, 1.9095 0.1923 0.4134, 1.8307 0.1726 0.4134, 1.9095 0.1726 0.4134, 1.8307 0.1726 0.1378, 1.9095 0.1726 0.1378, 1.8307 0.2317 0.0787, 1.9095 0.2317 0.0787, 1.8307 0.4286 0.0787, 1.9095 0.4286 0.0787, 1.9095 0.4387 0.0774, 1.8307 0.4387 0.0774, 1.9095 0.4482 0.0735, 1.8307 0.4482 0.0735, 1.9095 0.4564 0.0672, 1.8307 0.4564 0.0672, 1.9095 0.4626 0.0591, 1.8307 0.4626 0.0591, 1.9095 0.4666 0.0496, 1.8307 0.4666 0.0496, 1.9095 0.4679 0.0394, 1.8307 0.4679 0.0394, 1.8307 0.4679 0.0, 1.9095 0.4679 0.0, 1.8307 0.1923 0.0, 1.9095 0.1923 0.0, 1.9095 0.188 0.0005, 1.8307 0.188 0.0005, 1.9095 0.1838 0.0019, 1.8307 0.1838 0.0019, 1.9095 0.1801 0.0043, 1.8307 0.1801 0.0043, 1.9095 0.1769 0.0074, 1.8307 0.1769 0.0074, 1.9095 0.1746 0.0111, 1.8307 0.1746 0.0111, 1.9095 0.1731 0.0153, 1.8307 0.1731 0.0153, 2.0276 0.1726 0.0236, 2.0276 0.1726 0.0197, 2.1063 0.1726 0.0236, 2.1063 0.1726 0.0197, 2.0276 0.1723 0.0271, 2.1063 0.1723 0.0271, 2.0276 0.1711 0.0305, 2.1063 0.1711 0.0305, 2.0276 0.1692 0.0334, 2.1063 0.1692 0.0334, 2.0276 0.1667 0.0359, 2.1063 0.1667 0.0359, 2.0276 0.1637 0.0378, 2.1063 0.1637 0.0378, 2.0276 0.1604 0.039, 2.1063 0.1604 0.039, 2.0276 0.1569 0.0394, 2.1063 0.1569 0.0394, 2.0276 0.0939 0.0394, 2.1063 0.0939 0.0394, 2.0276 0.0939 0.1181, 2.1063 0.0939 0.1181, 2.0276 -1.4022 0.1181, 2.1063 -1.4022 0.1181, 2.1063 -1.4115 0.1192, 2.0276 -1.4115 0.1192, 2.1063 -1.4203 0.1225, 2.0276 -1.4203 0.1225, 2.1063 -1.4281 0.1279, 2.0276 -1.4281 0.1279, 2.1063 -1.4344 0.1349, 2.0276 -1.4344 0.1349, 2.1063 -1.4388 0.1432, 2.0276 -1.4388 0.1432, 2.1063 -1.4412 0.1523, 2.0276 -1.4412 0.1523, 2.1063 -1.4413 0.1617, 2.0276 -1.4413 0.1617, 2.1063 -1.4392 0.1709, 2.0276 -1.4392 0.1709, 2.1063 -1.4349 0.1793, 2.0276 -1.4349 0.1793, 2.1063 -1.4288 0.1864, 2.0276 -1.4288 0.1864, 2.0276 -1.3107 0.2953, 2.1063 -1.3107 0.2953, 2.0276 -1.3107 0.2165, 2.1063 -1.3107 0.2165, 2.0276 -0.2166 0.2165, 2.1063 -0.2166 0.2165, 2.0276 -0.2166 0.1969, 2.1063 -0.2166 0.1969, 2.0276 0.0742 0.1969, 2.1063 0.0742 0.1969, 2.0276 0.0742 0.6521, 2.1063 0.0742 0.6521, 2.0276 -0.5739 0.6521, 2.1063 -0.5739 0.6521, 2.0276 -0.6208 0.5709, 2.1063 -0.6208 0.5709, 2.0276 -1.142 0.6501, 2.1063 -1.142 0.6501, 2.1063 -1.1514 0.6527, 2.0276 -1.1514 0.6527, 2.1063 -1.1598 0.6576, 2.0276 -1.1598 0.6576, 2.1063 -1.1668 0.6645, 2.0276 -1.1668 0.6645, 2.1063 -1.1719 0.6728, 2.0276 -1.1719 0.6728, 2.1063 -1.1748 0.6822, 2.0276 -1.1748 0.6822, 2.1063 -1.1753 0.6919, 2.0276 -1.1753 0.6919, 2.1063 -1.1734 0.7015, 2.0276 -1.1734 0.7015, 2.1063 -1.1691 0.7103, 2.0276 -1.1691 0.7103, 2.1063 -1.1628 0.7178, 2.0276 -1.1628 0.7178, 2.1063 -1.1549 0.7236, 2.0276 -1.1549 0.7236, 2.1063 -1.1458 0.7271, 2.0276 -1.1458 0.7271, 2.1063 -1.136 0.7283, 2.0276 -1.136 0.7283, 2.0276 0.1726 0.7283, 2.1063 0.1726 0.7283, 2.0276 0.1726 0.5315, 2.1063 0.1726 0.5315, 2.0276 0.1923 0.5315, 2.1063 0.1923 0.5315, 2.0276 0.1923 0.4134, 2.1063 0.1923 0.4134, 2.0276 0.1726 0.4134, 2.1063 0.1726 0.4134, 2.0276 0.1726 0.1378, 2.1063 0.1726 0.1378, 2.0276 0.2317 0.0787, 2.1063 0.2317 0.0787, 2.0276 0.4286 0.0787, 2.1063 0.4286 0.0787, 2.1063 0.4387 0.0774, 2.0276 0.4387 0.0774, 2.1063 0.4482 0.0735, 2.0276 0.4482 0.0735, 2.1063 0.4564 0.0672, 2.0276 0.4564 0.0672, 2.1063 0.4626 0.0591, 2.0276 0.4626 0.0591, 2.1063 0.4666 0.0496, 2.0276 0.4666 0.0496, 2.1063 0.4679 0.0394, 2.0276 0.4679 0.0394, 2.0276 0.4679 0.0, 2.1063 0.4679 0.0, 2.0276 0.1923 0.0, 2.1063 0.1923 0.0, 2.1063 0.188 0.0005, 2.0276 0.188 0.0005, 2.1063 0.1838 0.0019, 2.0276 0.1838 0.0019, 2.1063 0.1801 0.0043, 2.0276 0.1801 0.0043, 2.1063 0.1769 0.0074, 2.0276 0.1769 0.0074, 2.1063 0.1746 0.0111, 2.0276 0.1746 0.0111, 2.1063 0.1731 0.0153, 2.0276 0.1731 0.0153, 2.2244 0.1726 0.0236, 2.2244 0.1726 0.0197, 2.3032 0.1726 0.0236, 2.3032 0.1726 0.0197, 2.2244 0.1723 0.0271, 2.3032 0.1723 0.0271, 2.2244 0.1711 0.0305, 2.3032 0.1711 0.0305, 2.2244 0.1692 0.0334, 2.3032 0.1692 0.0334, 2.2244 0.1667 0.0359, 2.3032 0.1667 0.0359, 2.2244 0.1637 0.0378, 2.3032 0.1637 0.0378, 2.2244 0.1604 0.039, 2.3032 0.1604 0.039, 2.2244 0.1569 0.0394, 2.3032 0.1569 0.0394, 2.2244 0.0939 0.0394, 2.3032 0.0939 0.0394, 2.2244 0.0939 0.1181, 2.3032 0.0939 0.1181, 2.2244 -1.4022 0.1181, 2.3032 -1.4022 0.1181, 2.3032 -1.4115 0.1192, 2.2244 -1.4115 0.1192, 2.3032 -1.4203 0.1225, 2.2244 -1.4203 0.1225, 2.3032 -1.4281 0.1279, 2.2244 -1.4281 0.1279, 2.3032 -1.4344 0.1349, 2.2244 -1.4344 0.1349, 2.3032 -1.4388 0.1432, 2.2244 -1.4388 0.1432, 2.3032 -1.4412 0.1523, 2.2244 -1.4412 0.1523, 2.3032 -1.4413 0.1617, 2.2244 -1.4413 0.1617, 2.3032 -1.4392 0.1709, 2.2244 -1.4392 0.1709, 2.3032 -1.4349 0.1793, 2.2244 -1.4349 0.1793, 2.3032 -1.4288 0.1864, 2.2244 -1.4288 0.1864, 2.2244 -1.3107 0.2953, 2.3032 -1.3107 0.2953, 2.2244 -1.3107 0.2165, 2.3032 -1.3107 0.2165, 2.2244 -0.2166 0.2165, 2.3032 -0.2166 0.2165, 2.2244 -0.2166 0.1969, 2.3032 -0.2166 0.1969, 2.2244 0.0742 0.1969, 2.3032 0.0742 0.1969, 2.2244 0.0742 0.6521, 2.3032 0.0742 0.6521, 2.2244 -0.5739 0.6521, 2.3032 -0.5739 0.6521, 2.2244 -0.6208 0.5709, 2.3032 -0.6208 0.5709, 2.2244 -1.142 0.6501, 2.3032 -1.142 0.6501, 2.3032 -1.1514 0.6527, 2.2244 -1.1514 0.6527, 2.3032 -1.1598 0.6576, 2.2244 -1.1598 0.6576, 2.3032 -1.1668 0.6645, 2.2244 -1.1668 0.6645, 2.3032 -1.1719 0.6728, 2.2244 -1.1719 0.6728, 2.3032 -1.1748 0.6822, 2.2244 -1.1748 0.6822, 2.3032 -1.1753 0.6919, 2.2244 -1.1753 0.6919, 2.3032 -1.1734 0.7015, 2.2244 -1.1734 0.7015, 2.3032 -1.1691 0.7103, 2.2244 -1.1691 0.7103, 2.3032 -1.1628 0.7178, 2.2244 -1.1628 0.7178, 2.3032 -1.1549 0.7236, 2.2244 -1.1549 0.7236, 2.3032 -1.1458 0.7271, 2.2244 -1.1458 0.7271, 2.3032 -1.136 0.7283, 2.2244 -1.136 0.7283, 2.2244 0.1726 0.7283, 2.3032 0.1726 0.7283, 2.2244 0.1726 0.5315, 2.3032 0.1726 0.5315, 2.2244 0.1923 0.5315, 2.3032 0.1923 0.5315, 2.2244 0.1923 0.4134, 2.3032 0.1923 0.4134, 2.2244 0.1726 0.4134, 2.3032 0.1726 0.4134, 2.2244 0.1726 0.1378, 2.3032 0.1726 0.1378, 2.2244 0.2317 0.0787, 2.3032 0.2317 0.0787, 2.2244 0.4286 0.0787, 2.3032 0.4286 0.0787, 2.3032 0.4387 0.0774, 2.2244 0.4387 0.0774, 2.3032 0.4482 0.0735, 2.2244 0.4482 0.0735, 2.3032 0.4564 0.0672, 2.2244 0.4564 0.0672, 2.3032 0.4626 0.0591, 2.2244 0.4626 0.0591, 2.3032 0.4666 0.0496, 2.2244 0.4666 0.0496, 2.3032 0.4679 0.0394, 2.2244 0.4679 0.0394, 2.2244 0.4679 0.0, 2.3032 0.4679 0.0, 2.2244 0.1923 0.0, 2.3032 0.1923 0.0, 2.3032 0.188 0.0005, 2.2244 0.188 0.0005, 2.3032 0.1838 0.0019, 2.2244 0.1838 0.0019, 2.3032 0.1801 0.0043, 2.2244 0.1801 0.0043, 2.3032 0.1769 0.0074, 2.2244 0.1769 0.0074, 2.3032 0.1746 0.0111, 2.2244 0.1746 0.0111, 2.3032 0.1731 0.0153, 2.2244 0.1731 0.0153, 2.4213 0.1726 0.0236, 2.4213 0.1726 0.0197, 2.5 0.1726 0.0236, 2.5 0.1726 0.0197, 2.4213 0.1723 0.0271, 2.5 0.1723 0.0271, 2.4213 0.1711 0.0305, 2.5 0.1711 0.0305, 2.4213 0.1692 0.0334, 2.5 0.1692 0.0334, 2.4213 0.1667 0.0359, 2.5 0.1667 0.0359, 2.4213 0.1637 0.0378, 2.5 0.1637 0.0378, 2.4213 0.1604 0.039, 2.5 0.1604 0.039, 2.4213 0.1569 0.0394, 2.5 0.1569 0.0394, 2.4213 0.0939 0.0394, 2.5 0.0939 0.0394, 2.4213 0.0939 0.1181, 2.5 0.0939 0.1181, 2.4213 -1.4022 0.1181, 2.5 -1.4022 0.1181, 2.5 -1.4115 0.1192, 2.4213 -1.4115 0.1192, 2.5 -1.4203 0.1225, 2.4213 -1.4203 0.1225, 2.5 -1.4281 0.1279, 2.4213 -1.4281 0.1279, 2.5 -1.4344 0.1349, 2.4213 -1.4344 0.1349, 2.5 -1.4388 0.1432, 2.4213 -1.4388 0.1432, 2.5 -1.4412 0.1523, 2.4213 -1.4412 0.1523, 2.5 -1.4413 0.1617, 2.4213 -1.4413 0.1617, 2.5 -1.4392 0.1709, 2.4213 -1.4392 0.1709, 2.5 -1.4349 0.1793, 2.4213 -1.4349 0.1793, 2.5 -1.4288 0.1864, 2.4213 -1.4288 0.1864, 2.4213 -1.3107 0.2953, 2.5 -1.3107 0.2953, 2.4213 -1.3107 0.2165, 2.5 -1.3107 0.2165, 2.4213 -0.2166 0.2165, 2.5 -0.2166 0.2165, 2.4213 -0.2166 0.1969, 2.5 -0.2166 0.1969, 2.4213 0.0742 0.1969, 2.5 0.0742 0.1969, 2.4213 0.0742 0.6521, 2.5 0.0742 0.6521, 2.4213 -0.5739 0.6521, 2.5 -0.5739 0.6521, 2.4213 -0.6208 0.5709, 2.5 -0.6208 0.5709, 2.4213 -1.142 0.6501, 2.5 -1.142 0.6501, 2.5 -1.1514 0.6527, 2.4213 -1.1514 0.6527, 2.5 -1.1598 0.6576, 2.4213 -1.1598 0.6576, 2.5 -1.1668 0.6645, 2.4213 -1.1668 0.6645, 2.5 -1.1719 0.6728, 2.4213 -1.1719 0.6728, 2.5 -1.1748 0.6822, 2.4213 -1.1748 0.6822, 2.5 -1.1753 0.6919, 2.4213 -1.1753 0.6919, 2.5 -1.1734 0.7015, 2.4213 -1.1734 0.7015, 2.5 -1.1691 0.7103, 2.4213 -1.1691 0.7103, 2.5 -1.1628 0.7178, 2.4213 -1.1628 0.7178, 2.5 -1.1549 0.7236, 2.4213 -1.1549 0.7236, 2.5 -1.1458 0.7271, 2.4213 -1.1458 0.7271, 2.5 -1.136 0.7283, 2.4213 -1.136 0.7283, 2.4213 0.1726 0.7283, 2.5 0.1726 0.7283, 2.4213 0.1726 0.5315, 2.5 0.1726 0.5315, 2.4213 0.1923 0.5315, 2.5 0.1923 0.5315, 2.4213 0.1923 0.4134, 2.5 0.1923 0.4134, 2.4213 0.1726 0.4134, 2.5 0.1726 0.4134, 2.4213 0.1726 0.1378, 2.5 0.1726 0.1378, 2.4213 0.2317 0.0787, 2.5 0.2317 0.0787, 2.4213 0.4286 0.0787, 2.5 0.4286 0.0787, 2.5 0.4387 0.0774, 2.4213 0.4387 0.0774, 2.5 0.4482 0.0735, 2.4213 0.4482 0.0735, 2.5 0.4564 0.0672, 2.4213 0.4564 0.0672, 2.5 0.4626 0.0591, 2.4213 0.4626 0.0591, 2.5 0.4666 0.0496, 2.4213 0.4666 0.0496, 2.5 0.4679 0.0394, 2.4213 0.4679 0.0394, 2.4213 0.4679 0.0, 2.5 0.4679 0.0, 2.4213 0.1923 0.0, 2.5 0.1923 0.0, 2.5 0.188 0.0005, 2.4213 0.188 0.0005, 2.5 0.1838 0.0019, 2.4213 0.1838 0.0019, 2.5 0.1801 0.0043, 2.4213 0.1801 0.0043, 2.5 0.1769 0.0074, 2.4213 0.1769 0.0074, 2.5 0.1746 0.0111, 2.4213 0.1746 0.0111, 2.5 0.1731 0.0153, 2.4213 0.1731 0.0153, 2.6181 0.1726 0.0236, 2.6181 0.1726 0.0197, 2.6969 0.1726 0.0236, 2.6969 0.1726 0.0197, 2.6181 0.1723 0.0271, 2.6969 0.1723 0.0271, 2.6181 0.1711 0.0305, 2.6969 0.1711 0.0305, 2.6181 0.1692 0.0334, 2.6969 0.1692 0.0334, 2.6181 0.1667 0.0359, 2.6969 0.1667 0.0359, 2.6181 0.1637 0.0378, 2.6969 0.1637 0.0378, 2.6181 0.1604 0.039, 2.6969 0.1604 0.039, 2.6181 0.1569 0.0394, 2.6969 0.1569 0.0394, 2.6181 0.0939 0.0394, 2.6969 0.0939 0.0394, 2.6181 0.0939 0.1181, 2.6969 0.0939 0.1181, 2.6181 -1.4022 0.1181, 2.6969 -1.4022 0.1181, 2.6969 -1.4115 0.1192, 2.6181 -1.4115 0.1192, 2.6969 -1.4203 0.1225, 2.6181 -1.4203 0.1225, 2.6969 -1.4281 0.1279, 2.6181 -1.4281 0.1279, 2.6969 -1.4344 0.1349, 2.6181 -1.4344 0.1349, 2.6969 -1.4388 0.1432, 2.6181 -1.4388 0.1432, 2.6969 -1.4412 0.1523, 2.6181 -1.4412 0.1523, 2.6969 -1.4413 0.1617, 2.6181 -1.4413 0.1617, 2.6969 -1.4392 0.1709, 2.6181 -1.4392 0.1709, 2.6969 -1.4349 0.1793, 2.6181 -1.4349 0.1793, 2.6969 -1.4288 0.1864, 2.6181 -1.4288 0.1864, 2.6181 -1.3107 0.2953, 2.6969 -1.3107 0.2953, 2.6181 -1.3107 0.2165, 2.6969 -1.3107 0.2165, 2.6181 -0.2166 0.2165, 2.6969 -0.2166 0.2165, 2.6181 -0.2166 0.1969, 2.6969 -0.2166 0.1969, 2.6181 0.0742 0.1969, 2.6969 0.0742 0.1969, 2.6181 0.0742 0.6521, 2.6969 0.0742 0.6521, 2.6181 -0.5739 0.6521, 2.6969 -0.5739 0.6521, 2.6181 -0.6208 0.5709, 2.6969 -0.6208 0.5709, 2.6181 -1.142 0.6501, 2.6969 -1.142 0.6501, 2.6969 -1.1514 0.6527, 2.6181 -1.1514 0.6527, 2.6969 -1.1598 0.6576, 2.6181 -1.1598 0.6576, 2.6969 -1.1668 0.6645, 2.6181 -1.1668 0.6645, 2.6969 -1.1719 0.6728, 2.6181 -1.1719 0.6728, 2.6969 -1.1748 0.6822, 2.6181 -1.1748 0.6822, 2.6969 -1.1753 0.6919, 2.6181 -1.1753 0.6919, 2.6969 -1.1734 0.7015, 2.6181 -1.1734 0.7015, 2.6969 -1.1691 0.7103, 2.6181 -1.1691 0.7103, 2.6969 -1.1628 0.7178, 2.6181 -1.1628 0.7178, 2.6969 -1.1549 0.7236, 2.6181 -1.1549 0.7236, 2.6969 -1.1458 0.7271, 2.6181 -1.1458 0.7271, 2.6969 -1.136 0.7283, 2.6181 -1.136 0.7283, 2.6181 0.1726 0.7283, 2.6969 0.1726 0.7283, 2.6181 0.1726 0.5315, 2.6969 0.1726 0.5315, 2.6181 0.1923 0.5315, 2.6969 0.1923 0.5315, 2.6181 0.1923 0.4134, 2.6969 0.1923 0.4134, 2.6181 0.1726 0.4134, 2.6969 0.1726 0.4134, 2.6181 0.1726 0.1378, 2.6969 0.1726 0.1378, 2.6181 0.2317 0.0787, 2.6969 0.2317 0.0787, 2.6181 0.4286 0.0787, 2.6969 0.4286 0.0787, 2.6969 0.4387 0.0774, 2.6181 0.4387 0.0774, 2.6969 0.4482 0.0735, 2.6181 0.4482 0.0735, 2.6969 0.4564 0.0672, 2.6181 0.4564 0.0672, 2.6969 0.4626 0.0591, 2.6181 0.4626 0.0591, 2.6969 0.4666 0.0496, 2.6181 0.4666 0.0496, 2.6969 0.4679 0.0394, 2.6181 0.4679 0.0394, 2.6181 0.4679 0.0, 2.6969 0.4679 0.0, 2.6181 0.1923 0.0, 2.6969 0.1923 0.0, 2.6969 0.188 0.0005, 2.6181 0.188 0.0005, 2.6969 0.1838 0.0019, 2.6181 0.1838 0.0019, 2.6969 0.1801 0.0043, 2.6181 0.1801 0.0043, 2.6969 0.1769 0.0074, 2.6181 0.1769 0.0074, 2.6969 0.1746 0.0111, 2.6181 0.1746 0.0111, 2.6969 0.1731 0.0153, 2.6181 0.1731 0.0153, 2.815 0.1726 0.0236, 2.815 0.1726 0.0197, 2.8937 0.1726 0.0236, 2.8937 0.1726 0.0197, 2.815 0.1723 0.0271, 2.8937 0.1723 0.0271, 2.815 0.1711 0.0305, 2.8937 0.1711 0.0305, 2.815 0.1692 0.0334, 2.8937 0.1692 0.0334, 2.815 0.1667 0.0359, 2.8937 0.1667 0.0359, 2.815 0.1637 0.0378, 2.8937 0.1637 0.0378, 2.815 0.1604 0.039, 2.8937 0.1604 0.039, 2.815 0.1569 0.0394, 2.8937 0.1569 0.0394, 2.815 0.0939 0.0394, 2.8937 0.0939 0.0394, 2.815 0.0939 0.1181, 2.8937 0.0939 0.1181, 2.815 -1.4022 0.1181, 2.8937 -1.4022 0.1181, 2.8937 -1.4115 0.1192, 2.815 -1.4115 0.1192, 2.8937 -1.4203 0.1225, 2.815 -1.4203 0.1225, 2.8937 -1.4281 0.1279, 2.815 -1.4281 0.1279, 2.8937 -1.4344 0.1349, 2.815 -1.4344 0.1349, 2.8937 -1.4388 0.1432, 2.815 -1.4388 0.1432, 2.8937 -1.4412 0.1523, 2.815 -1.4412 0.1523, 2.8937 -1.4413 0.1617, 2.815 -1.4413 0.1617, 2.8937 -1.4392 0.1709, 2.815 -1.4392 0.1709, 2.8937 -1.4349 0.1793, 2.815 -1.4349 0.1793, 2.8937 -1.4288 0.1864, 2.815 -1.4288 0.1864, 2.815 -1.3107 0.2953, 2.8937 -1.3107 0.2953, 2.815 -1.3107 0.2165, 2.8937 -1.3107 0.2165, 2.815 -0.2166 0.2165, 2.8937 -0.2166 0.2165, 2.815 -0.2166 0.1969, 2.8937 -0.2166 0.1969, 2.815 0.0742 0.1969, 2.8937 0.0742 0.1969, 2.815 0.0742 0.6521, 2.8937 0.0742 0.6521, 2.815 -0.5739 0.6521, 2.8937 -0.5739 0.6521, 2.815 -0.6208 0.5709, 2.8937 -0.6208 0.5709, 2.815 -1.142 0.6501, 2.8937 -1.142 0.6501, 2.8937 -1.1514 0.6527, 2.815 -1.1514 0.6527, 2.8937 -1.1598 0.6576, 2.815 -1.1598 0.6576, 2.8937 -1.1668 0.6645, 2.815 -1.1668 0.6645, 2.8937 -1.1719 0.6728, 2.815 -1.1719 0.6728, 2.8937 -1.1748 0.6822, 2.815 -1.1748 0.6822, 2.8937 -1.1753 0.6919, 2.815 -1.1753 0.6919, 2.8937 -1.1734 0.7015, 2.815 -1.1734 0.7015, 2.8937 -1.1691 0.7103, 2.815 -1.1691 0.7103, 2.8937 -1.1628 0.7178, 2.815 -1.1628 0.7178, 2.8937 -1.1549 0.7236, 2.815 -1.1549 0.7236, 2.8937 -1.1458 0.7271, 2.815 -1.1458 0.7271, 2.8937 -1.136 0.7283, 2.815 -1.136 0.7283, 2.815 0.1726 0.7283, 2.8937 0.1726 0.7283, 2.815 0.1726 0.5315, 2.8937 0.1726 0.5315, 2.815 0.1923 0.5315, 2.8937 0.1923 0.5315, 2.815 0.1923 0.4134, 2.8937 0.1923 0.4134, 2.815 0.1726 0.4134, 2.8937 0.1726 0.4134, 2.815 0.1726 0.1378, 2.8937 0.1726 0.1378, 2.815 0.2317 0.0787, 2.8937 0.2317 0.0787, 2.815 0.4286 0.0787, 2.8937 0.4286 0.0787, 2.8937 0.4387 0.0774, 2.815 0.4387 0.0774, 2.8937 0.4482 0.0735, 2.815 0.4482 0.0735, 2.8937 0.4564 0.0672, 2.815 0.4564 0.0672, 2.8937 0.4626 0.0591, 2.815 0.4626 0.0591, 2.8937 0.4666 0.0496, 2.815 0.4666 0.0496, 2.8937 0.4679 0.0394, 2.815 0.4679 0.0394, 2.815 0.4679 0.0, 2.8937 0.4679 0.0, 2.815 0.1923 0.0, 2.8937 0.1923 0.0, 2.8937 0.188 0.0005, 2.815 0.188 0.0005, 2.8937 0.1838 0.0019, 2.815 0.1838 0.0019, 2.8937 0.1801 0.0043, 2.815 0.1801 0.0043, 2.8937 0.1769 0.0074, 2.815 0.1769 0.0074, 2.8937 0.1746 0.0111, 2.815 0.1746 0.0111, 2.8937 0.1731 0.0153, 2.815 0.1731 0.0153, 3.0118 0.1726 0.0236, 3.0118 0.1726 0.0197, 3.0906 0.1726 0.0236, 3.0906 0.1726 0.0197, 3.0118 0.1723 0.0271, 3.0906 0.1723 0.0271, 3.0118 0.1711 0.0305, 3.0906 0.1711 0.0305, 3.0118 0.1692 0.0334, 3.0906 0.1692 0.0334, 3.0118 0.1667 0.0359, 3.0906 0.1667 0.0359, 3.0118 0.1637 0.0378, 3.0906 0.1637 0.0378, 3.0118 0.1604 0.039, 3.0906 0.1604 0.039, 3.0118 0.1569 0.0394, 3.0906 0.1569 0.0394, 3.0118 0.0939 0.0394, 3.0906 0.0939 0.0394, 3.0118 0.0939 0.1181, 3.0906 0.0939 0.1181, 3.0118 -1.4022 0.1181, 3.0906 -1.4022 0.1181, 3.0906 -1.4115 0.1192, 3.0118 -1.4115 0.1192, 3.0906 -1.4203 0.1225, 3.0118 -1.4203 0.1225, 3.0906 -1.4281 0.1279, 3.0118 -1.4281 0.1279, 3.0906 -1.4344 0.1349, 3.0118 -1.4344 0.1349, 3.0906 -1.4388 0.1432, 3.0118 -1.4388 0.1432, 3.0906 -1.4412 0.1523, 3.0118 -1.4412 0.1523, 3.0906 -1.4413 0.1617, 3.0118 -1.4413 0.1617, 3.0906 -1.4392 0.1709, 3.0118 -1.4392 0.1709, 3.0906 -1.4349 0.1793, 3.0118 -1.4349 0.1793, 3.0906 -1.4288 0.1864, 3.0118 -1.4288 0.1864, 3.0118 -1.3107 0.2953, 3.0906 -1.3107 0.2953, 3.0118 -1.3107 0.2165, 3.0906 -1.3107 0.2165, 3.0118 -0.2166 0.2165, 3.0906 -0.2166 0.2165, 3.0118 -0.2166 0.1969, 3.0906 -0.2166 0.1969, 3.0118 0.0742 0.1969, 3.0906 0.0742 0.1969, 3.0118 0.0742 0.6521, 3.0906 0.0742 0.6521, 3.0118 -0.5739 0.6521, 3.0906 -0.5739 0.6521, 3.0118 -0.6208 0.5709, 3.0906 -0.6208 0.5709, 3.0118 -1.142 0.6501, 3.0906 -1.142 0.6501, 3.0906 -1.1514 0.6527, 3.0118 -1.1514 0.6527, 3.0906 -1.1598 0.6576, 3.0118 -1.1598 0.6576, 3.0906 -1.1668 0.6645, 3.0118 -1.1668 0.6645, 3.0906 -1.1719 0.6728, 3.0118 -1.1719 0.6728, 3.0906 -1.1748 0.6822, 3.0118 -1.1748 0.6822, 3.0906 -1.1753 0.6919, 3.0118 -1.1753 0.6919, 3.0906 -1.1734 0.7015, 3.0118 -1.1734 0.7015, 3.0906 -1.1691 0.7103, 3.0118 -1.1691 0.7103, 3.0906 -1.1628 0.7178, 3.0118 -1.1628 0.7178, 3.0906 -1.1549 0.7236, 3.0118 -1.1549 0.7236, 3.0906 -1.1458 0.7271, 3.0118 -1.1458 0.7271, 3.0906 -1.136 0.7283, 3.0118 -1.136 0.7283, 3.0118 0.1726 0.7283, 3.0906 0.1726 0.7283, 3.0118 0.1726 0.5315, 3.0906 0.1726 0.5315, 3.0118 0.1923 0.5315, 3.0906 0.1923 0.5315, 3.0118 0.1923 0.4134, 3.0906 0.1923 0.4134, 3.0118 0.1726 0.4134, 3.0906 0.1726 0.4134, 3.0118 0.1726 0.1378, 3.0906 0.1726 0.1378, 3.0118 0.2317 0.0787, 3.0906 0.2317 0.0787, 3.0118 0.4286 0.0787, 3.0906 0.4286 0.0787, 3.0906 0.4387 0.0774, 3.0118 0.4387 0.0774, 3.0906 0.4482 0.0735, 3.0118 0.4482 0.0735, 3.0906 0.4564 0.0672, 3.0118 0.4564 0.0672, 3.0906 0.4626 0.0591, 3.0118 0.4626 0.0591, 3.0906 0.4666 0.0496, 3.0118 0.4666 0.0496, 3.0906 0.4679 0.0394, 3.0118 0.4679 0.0394, 3.0118 0.4679 0.0, 3.0906 0.4679 0.0, 3.0118 0.1923 0.0, 3.0906 0.1923 0.0, 3.0906 0.188 0.0005, 3.0118 0.188 0.0005, 3.0906 0.1838 0.0019, 3.0118 0.1838 0.0019, 3.0906 0.1801 0.0043, 3.0118 0.1801 0.0043, 3.0906 0.1769 0.0074, 3.0118 0.1769 0.0074, 3.0906 0.1746 0.0111, 3.0118 0.1746 0.0111, 3.0906 0.1731 0.0153, 3.0118 0.1731 0.0153, 3.2087 0.1726 0.0236, 3.2087 0.1726 0.0197, 3.2874 0.1726 0.0236, 3.2874 0.1726 0.0197, 3.2087 0.1723 0.0271, 3.2874 0.1723 0.0271, 3.2087 0.1711 0.0305, 3.2874 0.1711 0.0305, 3.2087 0.1692 0.0334, 3.2874 0.1692 0.0334, 3.2087 0.1667 0.0359, 3.2874 0.1667 0.0359, 3.2087 0.1637 0.0378, 3.2874 0.1637 0.0378, 3.2087 0.1604 0.039, 3.2874 0.1604 0.039, 3.2087 0.1569 0.0394, 3.2874 0.1569 0.0394, 3.2087 0.0939 0.0394, 3.2874 0.0939 0.0394, 3.2087 0.0939 0.1181, 3.2874 0.0939 0.1181, 3.2087 -1.4022 0.1181, 3.2874 -1.4022 0.1181, 3.2874 -1.4115 0.1192, 3.2087 -1.4115 0.1192, 3.2874 -1.4203 0.1225, 3.2087 -1.4203 0.1225, 3.2874 -1.4281 0.1279, 3.2087 -1.4281 0.1279, 3.2874 -1.4344 0.1349, 3.2087 -1.4344 0.1349, 3.2874 -1.4388 0.1432, 3.2087 -1.4388 0.1432, 3.2874 -1.4412 0.1523, 3.2087 -1.4412 0.1523, 3.2874 -1.4413 0.1617, 3.2087 -1.4413 0.1617, 3.2874 -1.4392 0.1709, 3.2087 -1.4392 0.1709, 3.2874 -1.4349 0.1793, 3.2087 -1.4349 0.1793, 3.2874 -1.4288 0.1864, 3.2087 -1.4288 0.1864, 3.2087 -1.3107 0.2953, 3.2874 -1.3107 0.2953, 3.2087 -1.3107 0.2165, 3.2874 -1.3107 0.2165, 3.2087 -0.2166 0.2165, 3.2874 -0.2166 0.2165, 3.2087 -0.2166 0.1969, 3.2874 -0.2166 0.1969, 3.2087 0.0742 0.1969, 3.2874 0.0742 0.1969, 3.2087 0.0742 0.6521, 3.2874 0.0742 0.6521, 3.2087 -0.5739 0.6521, 3.2874 -0.5739 0.6521, 3.2087 -0.6208 0.5709, 3.2874 -0.6208 0.5709, 3.2087 -1.142 0.6501, 3.2874 -1.142 0.6501, 3.2874 -1.1514 0.6527, 3.2087 -1.1514 0.6527, 3.2874 -1.1598 0.6576, 3.2087 -1.1598 0.6576, 3.2874 -1.1668 0.6645, 3.2087 -1.1668 0.6645, 3.2874 -1.1719 0.6728, 3.2087 -1.1719 0.6728, 3.2874 -1.1748 0.6822, 3.2087 -1.1748 0.6822, 3.2874 -1.1753 0.6919, 3.2087 -1.1753 0.6919, 3.2874 -1.1734 0.7015, 3.2087 -1.1734 0.7015, 3.2874 -1.1691 0.7103, 3.2087 -1.1691 0.7103, 3.2874 -1.1628 0.7178, 3.2087 -1.1628 0.7178, 3.2874 -1.1549 0.7236, 3.2087 -1.1549 0.7236, 3.2874 -1.1458 0.7271, 3.2087 -1.1458 0.7271, 3.2874 -1.136 0.7283, 3.2087 -1.136 0.7283, 3.2087 0.1726 0.7283, 3.2874 0.1726 0.7283, 3.2087 0.1726 0.5315, 3.2874 0.1726 0.5315, 3.2087 0.1923 0.5315, 3.2874 0.1923 0.5315, 3.2087 0.1923 0.4134, 3.2874 0.1923 0.4134, 3.2087 0.1726 0.4134, 3.2874 0.1726 0.4134, 3.2087 0.1726 0.1378, 3.2874 0.1726 0.1378, 3.2087 0.2317 0.0787, 3.2874 0.2317 0.0787, 3.2087 0.4286 0.0787, 3.2874 0.4286 0.0787, 3.2874 0.4387 0.0774, 3.2087 0.4387 0.0774, 3.2874 0.4482 0.0735, 3.2087 0.4482 0.0735, 3.2874 0.4564 0.0672, 3.2087 0.4564 0.0672, 3.2874 0.4626 0.0591, 3.2087 0.4626 0.0591, 3.2874 0.4666 0.0496, 3.2087 0.4666 0.0496, 3.2874 0.4679 0.0394, 3.2087 0.4679 0.0394, 3.2087 0.4679 0.0, 3.2874 0.4679 0.0, 3.2087 0.1923 0.0, 3.2874 0.1923 0.0, 3.2874 0.188 0.0005, 3.2087 0.188 0.0005, 3.2874 0.1838 0.0019, 3.2087 0.1838 0.0019, 3.2874 0.1801 0.0043, 3.2087 0.1801 0.0043, 3.2874 0.1769 0.0074, 3.2087 0.1769 0.0074, 3.2874 0.1746 0.0111, 3.2087 0.1746 0.0111, 3.2874 0.1731 0.0153, 3.2087 0.1731 0.0153, 3.4055 0.1726 0.0236, 3.4055 0.1726 0.0197, 3.4843 0.1726 0.0236, 3.4843 0.1726 0.0197, 3.4055 0.1723 0.0271, 3.4843 0.1723 0.0271, 3.4055 0.1711 0.0305, 3.4843 0.1711 0.0305, 3.4055 0.1692 0.0334, 3.4843 0.1692 0.0334, 3.4055 0.1667 0.0359, 3.4843 0.1667 0.0359, 3.4055 0.1637 0.0378, 3.4843 0.1637 0.0378, 3.4055 0.1604 0.039, 3.4843 0.1604 0.039, 3.4055 0.1569 0.0394, 3.4843 0.1569 0.0394, 3.4055 0.0939 0.0394, 3.4843 0.0939 0.0394, 3.4055 0.0939 0.1181, 3.4843 0.0939 0.1181, 3.4055 -1.4022 0.1181, 3.4843 -1.4022 0.1181, 3.4843 -1.4115 0.1192, 3.4055 -1.4115 0.1192, 3.4843 -1.4203 0.1225, 3.4055 -1.4203 0.1225, 3.4843 -1.4281 0.1279, 3.4055 -1.4281 0.1279, 3.4843 -1.4344 0.1349, 3.4055 -1.4344 0.1349, 3.4843 -1.4388 0.1432, 3.4055 -1.4388 0.1432, 3.4843 -1.4412 0.1523, 3.4055 -1.4412 0.1523, 3.4843 -1.4413 0.1617, 3.4055 -1.4413 0.1617, 3.4843 -1.4392 0.1709, 3.4055 -1.4392 0.1709, 3.4843 -1.4349 0.1793, 3.4055 -1.4349 0.1793, 3.4843 -1.4288 0.1864, 3.4055 -1.4288 0.1864, 3.4055 -1.3107 0.2953, 3.4843 -1.3107 0.2953, 3.4055 -1.3107 0.2165, 3.4843 -1.3107 0.2165, 3.4055 -0.2166 0.2165, 3.4843 -0.2166 0.2165, 3.4055 -0.2166 0.1969, 3.4843 -0.2166 0.1969, 3.4055 0.0742 0.1969, 3.4843 0.0742 0.1969, 3.4055 0.0742 0.6521, 3.4843 0.0742 0.6521, 3.4055 -0.5739 0.6521, 3.4843 -0.5739 0.6521, 3.4055 -0.6208 0.5709, 3.4843 -0.6208 0.5709, 3.4055 -1.142 0.6501, 3.4843 -1.142 0.6501, 3.4843 -1.1514 0.6527, 3.4055 -1.1514 0.6527, 3.4843 -1.1598 0.6576, 3.4055 -1.1598 0.6576, 3.4843 -1.1668 0.6645, 3.4055 -1.1668 0.6645, 3.4843 -1.1719 0.6728, 3.4055 -1.1719 0.6728, 3.4843 -1.1748 0.6822, 3.4055 -1.1748 0.6822, 3.4843 -1.1753 0.6919, 3.4055 -1.1753 0.6919, 3.4843 -1.1734 0.7015, 3.4055 -1.1734 0.7015, 3.4843 -1.1691 0.7103, 3.4055 -1.1691 0.7103, 3.4843 -1.1628 0.7178, 3.4055 -1.1628 0.7178, 3.4843 -1.1549 0.7236, 3.4055 -1.1549 0.7236, 3.4843 -1.1458 0.7271, 3.4055 -1.1458 0.7271, 3.4843 -1.136 0.7283, 3.4055 -1.136 0.7283, 3.4055 0.1726 0.7283, 3.4843 0.1726 0.7283, 3.4055 0.1726 0.5315, 3.4843 0.1726 0.5315, 3.4055 0.1923 0.5315, 3.4843 0.1923 0.5315, 3.4055 0.1923 0.4134, 3.4843 0.1923 0.4134, 3.4055 0.1726 0.4134, 3.4843 0.1726 0.4134, 3.4055 0.1726 0.1378, 3.4843 0.1726 0.1378, 3.4055 0.2317 0.0787, 3.4843 0.2317 0.0787, 3.4055 0.4286 0.0787, 3.4843 0.4286 0.0787, 3.4843 0.4387 0.0774, 3.4055 0.4387 0.0774, 3.4843 0.4482 0.0735, 3.4055 0.4482 0.0735, 3.4843 0.4564 0.0672, 3.4055 0.4564 0.0672, 3.4843 0.4626 0.0591, 3.4055 0.4626 0.0591, 3.4843 0.4666 0.0496, 3.4055 0.4666 0.0496, 3.4843 0.4679 0.0394, 3.4055 0.4679 0.0394, 3.4055 0.4679 0.0, 3.4843 0.4679 0.0, 3.4055 0.1923 0.0, 3.4843 0.1923 0.0, 3.4843 0.188 0.0005, 3.4055 0.188 0.0005, 3.4843 0.1838 0.0019, 3.4055 0.1838 0.0019, 3.4843 0.1801 0.0043, 3.4055 0.1801 0.0043, 3.4843 0.1769 0.0074, 3.4055 0.1769 0.0074, 3.4843 0.1746 0.0111, 3.4055 0.1746 0.0111, 3.4843 0.1731 0.0153, 3.4055 0.1731 0.0153, 3.6024 0.1726 0.0236, 3.6024 0.1726 0.0197, 3.6811 0.1726 0.0236, 3.6811 0.1726 0.0197, 3.6024 0.1723 0.0271, 3.6811 0.1723 0.0271, 3.6024 0.1711 0.0305, 3.6811 0.1711 0.0305, 3.6024 0.1692 0.0334, 3.6811 0.1692 0.0334, 3.6024 0.1667 0.0359, 3.6811 0.1667 0.0359, 3.6024 0.1637 0.0378, 3.6811 0.1637 0.0378, 3.6024 0.1604 0.039, 3.6811 0.1604 0.039, 3.6024 0.1569 0.0394, 3.6811 0.1569 0.0394, 3.6024 0.0939 0.0394, 3.6811 0.0939 0.0394, 3.6024 0.0939 0.1181, 3.6811 0.0939 0.1181, 3.6024 -1.4022 0.1181, 3.6811 -1.4022 0.1181, 3.6811 -1.4115 0.1192, 3.6024 -1.4115 0.1192, 3.6811 -1.4203 0.1225, 3.6024 -1.4203 0.1225, 3.6811 -1.4281 0.1279, 3.6024 -1.4281 0.1279, 3.6811 -1.4344 0.1349, 3.6024 -1.4344 0.1349, 3.6811 -1.4388 0.1432, 3.6024 -1.4388 0.1432, 3.6811 -1.4412 0.1523, 3.6024 -1.4412 0.1523, 3.6811 -1.4413 0.1617, 3.6024 -1.4413 0.1617, 3.6811 -1.4392 0.1709, 3.6024 -1.4392 0.1709, 3.6811 -1.4349 0.1793, 3.6024 -1.4349 0.1793, 3.6811 -1.4288 0.1864, 3.6024 -1.4288 0.1864, 3.6024 -1.3107 0.2953, 3.6811 -1.3107 0.2953, 3.6024 -1.3107 0.2165, 3.6811 -1.3107 0.2165, 3.6024 -0.2166 0.2165, 3.6811 -0.2166 0.2165, 3.6024 -0.2166 0.1969, 3.6811 -0.2166 0.1969, 3.6024 0.0742 0.1969, 3.6811 0.0742 0.1969, 3.6024 0.0742 0.6521, 3.6811 0.0742 0.6521, 3.6024 -0.5739 0.6521, 3.6811 -0.5739 0.6521, 3.6024 -0.6208 0.5709, 3.6811 -0.6208 0.5709, 3.6024 -1.142 0.6501, 3.6811 -1.142 0.6501, 3.6811 -1.1514 0.6527, 3.6024 -1.1514 0.6527, 3.6811 -1.1598 0.6576, 3.6024 -1.1598 0.6576, 3.6811 -1.1668 0.6645, 3.6024 -1.1668 0.6645, 3.6811 -1.1719 0.6728, 3.6024 -1.1719 0.6728, 3.6811 -1.1748 0.6822, 3.6024 -1.1748 0.6822, 3.6811 -1.1753 0.6919, 3.6024 -1.1753 0.6919, 3.6811 -1.1734 0.7015, 3.6024 -1.1734 0.7015, 3.6811 -1.1691 0.7103, 3.6024 -1.1691 0.7103, 3.6811 -1.1628 0.7178, 3.6024 -1.1628 0.7178, 3.6811 -1.1549 0.7236, 3.6024 -1.1549 0.7236, 3.6811 -1.1458 0.7271, 3.6024 -1.1458 0.7271, 3.6811 -1.136 0.7283, 3.6024 -1.136 0.7283, 3.6024 0.1726 0.7283, 3.6811 0.1726 0.7283, 3.6024 0.1726 0.5315, 3.6811 0.1726 0.5315, 3.6024 0.1923 0.5315, 3.6811 0.1923 0.5315, 3.6024 0.1923 0.4134, 3.6811 0.1923 0.4134, 3.6024 0.1726 0.4134, 3.6811 0.1726 0.4134, 3.6024 0.1726 0.1378, 3.6811 0.1726 0.1378, 3.6024 0.2317 0.0787, 3.6811 0.2317 0.0787, 3.6024 0.4286 0.0787, 3.6811 0.4286 0.0787, 3.6811 0.4387 0.0774, 3.6024 0.4387 0.0774, 3.6811 0.4482 0.0735, 3.6024 0.4482 0.0735, 3.6811 0.4564 0.0672, 3.6024 0.4564 0.0672, 3.6811 0.4626 0.0591, 3.6024 0.4626 0.0591, 3.6811 0.4666 0.0496, 3.6024 0.4666 0.0496, 3.6811 0.4679 0.0394, 3.6024 0.4679 0.0394, 3.6024 0.4679 0.0, 3.6811 0.4679 0.0, 3.6024 0.1923 0.0, 3.6811 0.1923 0.0, 3.6811 0.188 0.0005, 3.6024 0.188 0.0005, 3.6811 0.1838 0.0019, 3.6024 0.1838 0.0019, 3.6811 0.1801 0.0043, 3.6024 0.1801 0.0043, 3.6811 0.1769 0.0074, 3.6024 0.1769 0.0074, 3.6811 0.1746 0.0111, 3.6024 0.1746 0.0111, 3.6811 0.1731 0.0153, 3.6024 0.1731 0.0153, 3.7992 0.1726 0.0236, 3.7992 0.1726 0.0197, 3.878 0.1726 0.0236, 3.878 0.1726 0.0197, 3.7992 0.1723 0.0271, 3.878 0.1723 0.0271, 3.7992 0.1711 0.0305, 3.878 0.1711 0.0305, 3.7992 0.1692 0.0334, 3.878 0.1692 0.0334, 3.7992 0.1667 0.0359, 3.878 0.1667 0.0359, 3.7992 0.1637 0.0378, 3.878 0.1637 0.0378, 3.7992 0.1604 0.039, 3.878 0.1604 0.039, 3.7992 0.1569 0.0394, 3.878 0.1569 0.0394, 3.7992 0.0939 0.0394, 3.878 0.0939 0.0394, 3.7992 0.0939 0.1181, 3.878 0.0939 0.1181, 3.7992 -1.4022 0.1181, 3.878 -1.4022 0.1181, 3.878 -1.4115 0.1192, 3.7992 -1.4115 0.1192, 3.878 -1.4203 0.1225, 3.7992 -1.4203 0.1225, 3.878 -1.4281 0.1279, 3.7992 -1.4281 0.1279, 3.878 -1.4344 0.1349, 3.7992 -1.4344 0.1349, 3.878 -1.4388 0.1432, 3.7992 -1.4388 0.1432, 3.878 -1.4412 0.1523, 3.7992 -1.4412 0.1523, 3.878 -1.4413 0.1617, 3.7992 -1.4413 0.1617, 3.878 -1.4392 0.1709, 3.7992 -1.4392 0.1709, 3.878 -1.4349 0.1793, 3.7992 -1.4349 0.1793, 3.878 -1.4288 0.1864, 3.7992 -1.4288 0.1864, 3.7992 -1.3107 0.2953, 3.878 -1.3107 0.2953, 3.7992 -1.3107 0.2165, 3.878 -1.3107 0.2165, 3.7992 -0.2166 0.2165, 3.878 -0.2166 0.2165, 3.7992 -0.2166 0.1969, 3.878 -0.2166 0.1969, 3.7992 0.0742 0.1969, 3.878 0.0742 0.1969, 3.7992 0.0742 0.6521, 3.878 0.0742 0.6521, 3.7992 -0.5739 0.6521, 3.878 -0.5739 0.6521, 3.7992 -0.6208 0.5709, 3.878 -0.6208 0.5709, 3.7992 -1.142 0.6501, 3.878 -1.142 0.6501, 3.878 -1.1514 0.6527, 3.7992 -1.1514 0.6527, 3.878 -1.1598 0.6576, 3.7992 -1.1598 0.6576, 3.878 -1.1668 0.6645, 3.7992 -1.1668 0.6645, 3.878 -1.1719 0.6728, 3.7992 -1.1719 0.6728, 3.878 -1.1748 0.6822, 3.7992 -1.1748 0.6822, 3.878 -1.1753 0.6919, 3.7992 -1.1753 0.6919, 3.878 -1.1734 0.7015, 3.7992 -1.1734 0.7015, 3.878 -1.1691 0.7103, 3.7992 -1.1691 0.7103, 3.878 -1.1628 0.7178, 3.7992 -1.1628 0.7178, 3.878 -1.1549 0.7236, 3.7992 -1.1549 0.7236, 3.878 -1.1458 0.7271, 3.7992 -1.1458 0.7271, 3.878 -1.136 0.7283, 3.7992 -1.136 0.7283, 3.7992 0.1726 0.7283, 3.878 0.1726 0.7283, 3.7992 0.1726 0.5315, 3.878 0.1726 0.5315, 3.7992 0.1923 0.5315, 3.878 0.1923 0.5315, 3.7992 0.1923 0.4134, 3.878 0.1923 0.4134, 3.7992 0.1726 0.4134, 3.878 0.1726 0.4134, 3.7992 0.1726 0.1378, 3.878 0.1726 0.1378, 3.7992 0.2317 0.0787, 3.878 0.2317 0.0787, 3.7992 0.4286 0.0787, 3.878 0.4286 0.0787, 3.878 0.4387 0.0774, 3.7992 0.4387 0.0774, 3.878 0.4482 0.0735, 3.7992 0.4482 0.0735, 3.878 0.4564 0.0672, 3.7992 0.4564 0.0672, 3.878 0.4626 0.0591, 3.7992 0.4626 0.0591, 3.878 0.4666 0.0496, 3.7992 0.4666 0.0496, 3.878 0.4679 0.0394, 3.7992 0.4679 0.0394, 3.7992 0.4679 0.0, 3.878 0.4679 0.0, 3.7992 0.1923 0.0, 3.878 0.1923 0.0, 3.878 0.188 0.0005, 3.7992 0.188 0.0005, 3.878 0.1838 0.0019, 3.7992 0.1838 0.0019, 3.878 0.1801 0.0043, 3.7992 0.1801 0.0043, 3.878 0.1769 0.0074, 3.7992 0.1769 0.0074, 3.878 0.1746 0.0111, 3.7992 0.1746 0.0111, 3.878 0.1731 0.0153, 3.7992 0.1731 0.0153
            ]
        }
        coordIndex [
            0,1,2,-1,2,1,3,-1,0,2,4,-1,4,2,5,-1,4,5,6,-1,6,5,7,-1,6,7,8,-1,8,7,9,-1,8,9,10,-1,10,9,11,-1,10,11,12,-1,12,11,13,-1,12,13,14,-1,14,13,15,-1,14,15,16,-1,16,15,17,-1,18,16,19,-1,19,16,17,-1,20,18,21,-1,21,18,19,-1,22,20,23,-1,23,20,21,-1,22,23,24,-1,22,24,25,-1,25,24,26,-1,25,26,27,-1,27,26,28,-1,27,28,29,-1,29,28,30,-1,29,30,31,-1,31,30,32,-1,31,32,33,-1,33,32,34,-1,33,34,35,-1,35,34,36,-1,35,36,37,-1,37,36,38,-1,37,38,39,-1,39,38,40,-1,39,40,41,-1,41,40,42,-1,41,42,43,-1,44,43,45,-1,45,43,42,-1,46,44,47,-1,47,44,45,-1,48,46,49,-1,49,46,47,-1,50,48,51,-1,51,48,49,-1,52,50,53,-1,53,50,51,-1,54,52,55,-1,55,52,53,-1,56,54,57,-1,57,54,55,-1,58,56,59,-1,59,56,57,-1,60,58,61,-1,61,58,59,-1,60,61,62,-1,60,62,63,-1,63,62,64,-1,63,64,65,-1,65,64,66,-1,65,66,67,-1,67,66,68,-1,67,68,69,-1,69,68,70,-1,69,70,71,-1,71,70,72,-1,71,72,73,-1,73,72,74,-1,73,74,75,-1,75,74,76,-1,75,76,77,-1,77,76,78,-1,77,78,79,-1,79,78,80,-1,79,80,81,-1,81,80,82,-1,81,82,83,-1,83,82,84,-1,83,84,85,-1,86,85,87,-1,87,85,84,-1,88,86,89,-1,89,86,87,-1,90,88,91,-1,91,88,89,-1,92,90,93,-1,93,90,91,-1,94,92,95,-1,95,92,93,-1,96,94,97,-1,97,94,95,-1,98,96,99,-1,99,96,97,-1,100,98,101,-1,101,98,99,-1,100,101,102,-1,100,102,103,-1,103,102,104,-1,103,104,105,-1,105,104,106,-1,105,106,107,-1,107,106,108,-1,107,108,109,-1,109,108,110,-1,109,110,111,-1,111,110,112,-1,111,112,113,-1,114,113,115,-1,115,113,112,-1,116,114,117,-1,117,114,115,-1,116,117,118,-1,116,118,119,-1,119,118,120,-1,119,120,121,-1,121,120,122,-1,121,122,123,-1,123,122,124,-1,123,124,125,-1,125,124,126,-1,125,126,127,-1,127,126,128,-1,127,128,129,-1,129,128,3,-1,129,3,1,-1,16,18,20,-1,43,44,46,-1,46,48,50,-1,4,6,98,-1,103,105,107,-1,27,29,31,-1,52,20,50,-1,50,20,22,-1,50,22,46,-1,46,22,25,-1,46,25,43,-1,43,25,41,-1,4,98,0,-1,27,31,25,-1,25,31,33,-1,25,33,35,-1,103,107,100,-1,100,107,109,-1,100,109,111,-1,35,37,25,-1,25,37,39,-1,25,39,41,-1,6,8,98,-1,98,8,10,-1,98,10,96,-1,96,10,12,-1,96,12,14,-1,90,92,88,-1,88,92,94,-1,14,16,96,-1,96,16,20,-1,96,20,94,-1,94,20,52,-1,94,52,88,-1,88,52,54,-1,88,54,86,-1,86,54,56,-1,86,56,85,-1,85,56,58,-1,85,58,60,-1,119,121,98,-1,73,60,71,-1,71,60,69,-1,111,113,100,-1,100,113,114,-1,100,114,98,-1,98,114,116,-1,98,116,119,-1,121,123,98,-1,98,123,125,-1,98,125,127,-1,127,129,98,-1,98,129,1,-1,98,1,0,-1,69,60,67,-1,67,60,63,-1,67,63,65,-1,73,75,60,-1,60,75,77,-1,60,77,79,-1,79,81,60,-1,60,81,83,-1,60,83,85,-1,95,55,97,-1,97,55,53,-1,97,53,99,-1,61,59,57,-1,47,24,23,-1,117,115,112,-1,99,53,21,-1,21,53,51,-1,21,51,23,-1,23,51,49,-1,23,49,47,-1,21,19,17,-1,11,9,99,-1,80,78,61,-1,11,99,13,-1,47,45,24,-1,24,45,42,-1,24,42,40,-1,40,38,24,-1,24,38,36,-1,24,36,34,-1,34,32,24,-1,24,32,30,-1,24,30,26,-1,26,30,28,-1,68,61,70,-1,70,61,72,-1,21,17,99,-1,99,17,15,-1,99,15,13,-1,93,91,95,-1,95,91,89,-1,95,89,55,-1,55,89,87,-1,55,87,57,-1,57,87,84,-1,57,84,61,-1,61,84,82,-1,61,82,80,-1,78,76,61,-1,61,76,74,-1,61,74,72,-1,68,66,61,-1,61,66,64,-1,61,64,62,-1,104,102,106,-1,106,102,101,-1,106,101,108,-1,108,101,110,-1,9,7,99,-1,99,7,5,-1,99,5,2,-1,2,3,99,-1,99,3,128,-1,99,128,126,-1,126,124,99,-1,99,124,122,-1,99,122,120,-1,120,118,99,-1,99,118,117,-1,99,117,101,-1,101,117,112,-1,101,112,110,-1,130,131,132,-1,132,131,133,-1,130,132,134,-1,134,132,135,-1,134,135,136,-1,136,135,137,-1,136,137,138,-1,138,137,139,-1,138,139,140,-1,140,139,141,-1,140,141,142,-1,142,141,143,-1,142,143,144,-1,144,143,145,-1,144,145,146,-1,146,145,147,-1,148,146,149,-1,149,146,147,-1,150,148,151,-1,151,148,149,-1,152,150,153,-1,153,150,151,-1,152,153,154,-1,152,154,155,-1,155,154,156,-1,155,156,157,-1,157,156,158,-1,157,158,159,-1,159,158,160,-1,159,160,161,-1,161,160,162,-1,161,162,163,-1,163,162,164,-1,163,164,165,-1,165,164,166,-1,165,166,167,-1,167,166,168,-1,167,168,169,-1,169,168,170,-1,169,170,171,-1,171,170,172,-1,171,172,173,-1,174,173,175,-1,175,173,172,-1,176,174,177,-1,177,174,175,-1,178,176,179,-1,179,176,177,-1,180,178,181,-1,181,178,179,-1,182,180,183,-1,183,180,181,-1,184,182,185,-1,185,182,183,-1,186,184,187,-1,187,184,185,-1,188,186,189,-1,189,186,187,-1,190,188,191,-1,191,188,189,-1,190,191,192,-1,190,192,193,-1,193,192,194,-1,193,194,195,-1,195,194,196,-1,195,196,197,-1,197,196,198,-1,197,198,199,-1,199,198,200,-1,199,200,201,-1,201,200,202,-1,201,202,203,-1,203,202,204,-1,203,204,205,-1,205,204,206,-1,205,206,207,-1,207,206,208,-1,207,208,209,-1,209,208,210,-1,209,210,211,-1,211,210,212,-1,211,212,213,-1,213,212,214,-1,213,214,215,-1,216,215,217,-1,217,215,214,-1,218,216,219,-1,219,216,217,-1,220,218,221,-1,221,218,219,-1,222,220,223,-1,223,220,221,-1,224,222,225,-1,225,222,223,-1,226,224,227,-1,227,224,225,-1,228,226,229,-1,229,226,227,-1,230,228,231,-1,231,228,229,-1,230,231,232,-1,230,232,233,-1,233,232,234,-1,233,234,235,-1,235,234,236,-1,235,236,237,-1,237,236,238,-1,237,238,239,-1,239,238,240,-1,239,240,241,-1,241,240,242,-1,241,242,243,-1,244,243,245,-1,245,243,242,-1,246,244,247,-1,247,244,245,-1,246,247,248,-1,246,248,249,-1,249,248,250,-1,249,250,251,-1,251,250,252,-1,251,252,253,-1,253,252,254,-1,253,254,255,-1,255,254,256,-1,255,256,257,-1,257,256,258,-1,257,258,259,-1,259,258,133,-1,259,133,131,-1,146,148,150,-1,173,174,176,-1,176,178,180,-1,134,136,228,-1,233,235,237,-1,157,159,161,-1,182,150,180,-1,180,150,152,-1,180,152,176,-1,176,152,155,-1,176,155,173,-1,173,155,171,-1,134,228,130,-1,157,161,155,-1,155,161,163,-1,155,163,165,-1,233,237,230,-1,230,237,239,-1,230,239,241,-1,165,167,155,-1,155,167,169,-1,155,169,171,-1,136,138,228,-1,228,138,140,-1,228,140,226,-1,226,140,142,-1,226,142,144,-1,220,222,218,-1,218,222,224,-1,144,146,226,-1,226,146,150,-1,226,150,224,-1,224,150,182,-1,224,182,218,-1,218,182,184,-1,218,184,216,-1,216,184,186,-1,216,186,215,-1,215,186,188,-1,215,188,190,-1,249,251,228,-1,203,190,201,-1,201,190,199,-1,241,243,230,-1,230,243,244,-1,230,244,228,-1,228,244,246,-1,228,246,249,-1,251,253,228,-1,228,253,255,-1,228,255,257,-1,257,259,228,-1,228,259,131,-1,228,131,130,-1,199,190,197,-1,197,190,193,-1,197,193,195,-1,203,205,190,-1,190,205,207,-1,190,207,209,-1,209,211,190,-1,190,211,213,-1,190,213,215,-1,225,185,227,-1,227,185,183,-1,227,183,229,-1,191,189,187,-1,177,154,153,-1,247,245,242,-1,229,183,151,-1,151,183,181,-1,151,181,153,-1,153,181,179,-1,153,179,177,-1,151,149,147,-1,141,139,229,-1,210,208,191,-1,141,229,143,-1,177,175,154,-1,154,175,172,-1,154,172,170,-1,170,168,154,-1,154,168,166,-1,154,166,164,-1,164,162,154,-1,154,162,160,-1,154,160,156,-1,156,160,158,-1,198,191,200,-1,200,191,202,-1,151,147,229,-1,229,147,145,-1,229,145,143,-1,223,221,225,-1,225,221,219,-1,225,219,185,-1,185,219,217,-1,185,217,187,-1,187,217,214,-1,187,214,191,-1,191,214,212,-1,191,212,210,-1,208,206,191,-1,191,206,204,-1,191,204,202,-1,198,196,191,-1,191,196,194,-1,191,194,192,-1,234,232,236,-1,236,232,231,-1,236,231,238,-1,238,231,240,-1,139,137,229,-1,229,137,135,-1,229,135,132,-1,132,133,229,-1,229,133,258,-1,229,258,256,-1,256,254,229,-1,229,254,252,-1,229,252,250,-1,250,248,229,-1,229,248,247,-1,229,247,231,-1,231,247,242,-1,231,242,240,-1,260,261,262,-1,262,261,263,-1,260,262,264,-1,264,262,265,-1,264,265,266,-1,266,265,267,-1,266,267,268,-1,268,267,269,-1,268,269,270,-1,270,269,271,-1,270,271,272,-1,272,271,273,-1,272,273,274,-1,274,273,275,-1,274,275,276,-1,276,275,277,-1,278,276,279,-1,279,276,277,-1,280,278,281,-1,281,278,279,-1,282,280,283,-1,283,280,281,-1,282,283,284,-1,282,284,285,-1,285,284,286,-1,285,286,287,-1,287,286,288,-1,287,288,289,-1,289,288,290,-1,289,290,291,-1,291,290,292,-1,291,292,293,-1,293,292,294,-1,293,294,295,-1,295,294,296,-1,295,296,297,-1,297,296,298,-1,297,298,299,-1,299,298,300,-1,299,300,301,-1,301,300,302,-1,301,302,303,-1,304,303,305,-1,305,303,302,-1,306,304,307,-1,307,304,305,-1,308,306,309,-1,309,306,307,-1,310,308,311,-1,311,308,309,-1,312,310,313,-1,313,310,311,-1,314,312,315,-1,315,312,313,-1,316,314,317,-1,317,314,315,-1,318,316,319,-1,319,316,317,-1,320,318,321,-1,321,318,319,-1,320,321,322,-1,320,322,323,-1,323,322,324,-1,323,324,325,-1,325,324,326,-1,325,326,327,-1,327,326,328,-1,327,328,329,-1,329,328,330,-1,329,330,331,-1,331,330,332,-1,331,332,333,-1,333,332,334,-1,333,334,335,-1,335,334,336,-1,335,336,337,-1,337,336,338,-1,337,338,339,-1,339,338,340,-1,339,340,341,-1,341,340,342,-1,341,342,343,-1,343,342,344,-1,343,344,345,-1,346,345,347,-1,347,345,344,-1,348,346,349,-1,349,346,347,-1,350,348,351,-1,351,348,349,-1,352,350,353,-1,353,350,351,-1,354,352,355,-1,355,352,353,-1,356,354,357,-1,357,354,355,-1,358,356,359,-1,359,356,357,-1,360,358,361,-1,361,358,359,-1,360,361,362,-1,360,362,363,-1,363,362,364,-1,363,364,365,-1,365,364,366,-1,365,366,367,-1,367,366,368,-1,367,368,369,-1,369,368,370,-1,369,370,371,-1,371,370,372,-1,371,372,373,-1,374,373,375,-1,375,373,372,-1,376,374,377,-1,377,374,375,-1,376,377,378,-1,376,378,379,-1,379,378,380,-1,379,380,381,-1,381,380,382,-1,381,382,383,-1,383,382,384,-1,383,384,385,-1,385,384,386,-1,385,386,387,-1,387,386,388,-1,387,388,389,-1,389,388,263,-1,389,263,261,-1,276,278,280,-1,303,304,306,-1,306,308,310,-1,264,266,358,-1,363,365,367,-1,287,289,291,-1,312,280,310,-1,310,280,282,-1,310,282,306,-1,306,282,285,-1,306,285,303,-1,303,285,301,-1,264,358,260,-1,287,291,285,-1,285,291,293,-1,285,293,295,-1,363,367,360,-1,360,367,369,-1,360,369,371,-1,295,297,285,-1,285,297,299,-1,285,299,301,-1,266,268,358,-1,358,268,270,-1,358,270,356,-1,356,270,272,-1,356,272,274,-1,350,352,348,-1,348,352,354,-1,274,276,356,-1,356,276,280,-1,356,280,354,-1,354,280,312,-1,354,312,348,-1,348,312,314,-1,348,314,346,-1,346,314,316,-1,346,316,345,-1,345,316,318,-1,345,318,320,-1,379,381,358,-1,333,320,331,-1,331,320,329,-1,371,373,360,-1,360,373,374,-1,360,374,358,-1,358,374,376,-1,358,376,379,-1,381,383,358,-1,358,383,385,-1,358,385,387,-1,387,389,358,-1,358,389,261,-1,358,261,260,-1,329,320,327,-1,327,320,323,-1,327,323,325,-1,333,335,320,-1,320,335,337,-1,320,337,339,-1,339,341,320,-1,320,341,343,-1,320,343,345,-1,355,315,357,-1,357,315,313,-1,357,313,359,-1,321,319,317,-1,307,284,283,-1,377,375,372,-1,359,313,281,-1,281,313,311,-1,281,311,283,-1,283,311,309,-1,283,309,307,-1,281,279,277,-1,271,269,359,-1,340,338,321,-1,271,359,273,-1,307,305,284,-1,284,305,302,-1,284,302,300,-1,300,298,284,-1,284,298,296,-1,284,296,294,-1,294,292,284,-1,284,292,290,-1,284,290,286,-1,286,290,288,-1,328,321,330,-1,330,321,332,-1,281,277,359,-1,359,277,275,-1,359,275,273,-1,353,351,355,-1,355,351,349,-1,355,349,315,-1,315,349,347,-1,315,347,317,-1,317,347,344,-1,317,344,321,-1,321,344,342,-1,321,342,340,-1,338,336,321,-1,321,336,334,-1,321,334,332,-1,328,326,321,-1,321,326,324,-1,321,324,322,-1,364,362,366,-1,366,362,361,-1,366,361,368,-1,368,361,370,-1,269,267,359,-1,359,267,265,-1,359,265,262,-1,262,263,359,-1,359,263,388,-1,359,388,386,-1,386,384,359,-1,359,384,382,-1,359,382,380,-1,380,378,359,-1,359,378,377,-1,359,377,361,-1,361,377,372,-1,361,372,370,-1,390,391,392,-1,392,391,393,-1,390,392,394,-1,394,392,395,-1,394,395,396,-1,396,395,397,-1,396,397,398,-1,398,397,399,-1,398,399,400,-1,400,399,401,-1,400,401,402,-1,402,401,403,-1,402,403,404,-1,404,403,405,-1,404,405,406,-1,406,405,407,-1,408,406,409,-1,409,406,407,-1,410,408,411,-1,411,408,409,-1,412,410,413,-1,413,410,411,-1,412,413,414,-1,412,414,415,-1,415,414,416,-1,415,416,417,-1,417,416,418,-1,417,418,419,-1,419,418,420,-1,419,420,421,-1,421,420,422,-1,421,422,423,-1,423,422,424,-1,423,424,425,-1,425,424,426,-1,425,426,427,-1,427,426,428,-1,427,428,429,-1,429,428,430,-1,429,430,431,-1,431,430,432,-1,431,432,433,-1,434,433,435,-1,435,433,432,-1,436,434,437,-1,437,434,435,-1,438,436,439,-1,439,436,437,-1,440,438,441,-1,441,438,439,-1,442,440,443,-1,443,440,441,-1,444,442,445,-1,445,442,443,-1,446,444,447,-1,447,444,445,-1,448,446,449,-1,449,446,447,-1,450,448,451,-1,451,448,449,-1,450,451,452,-1,450,452,453,-1,453,452,454,-1,453,454,455,-1,455,454,456,-1,455,456,457,-1,457,456,458,-1,457,458,459,-1,459,458,460,-1,459,460,461,-1,461,460,462,-1,461,462,463,-1,463,462,464,-1,463,464,465,-1,465,464,466,-1,465,466,467,-1,467,466,468,-1,467,468,469,-1,469,468,470,-1,469,470,471,-1,471,470,472,-1,471,472,473,-1,473,472,474,-1,473,474,475,-1,476,475,477,-1,477,475,474,-1,478,476,479,-1,479,476,477,-1,480,478,481,-1,481,478,479,-1,482,480,483,-1,483,480,481,-1,484,482,485,-1,485,482,483,-1,486,484,487,-1,487,484,485,-1,488,486,489,-1,489,486,487,-1,490,488,491,-1,491,488,489,-1,490,491,492,-1,490,492,493,-1,493,492,494,-1,493,494,495,-1,495,494,496,-1,495,496,497,-1,497,496,498,-1,497,498,499,-1,499,498,500,-1,499,500,501,-1,501,500,502,-1,501,502,503,-1,504,503,505,-1,505,503,502,-1,506,504,507,-1,507,504,505,-1,506,507,508,-1,506,508,509,-1,509,508,510,-1,509,510,511,-1,511,510,512,-1,511,512,513,-1,513,512,514,-1,513,514,515,-1,515,514,516,-1,515,516,517,-1,517,516,518,-1,517,518,519,-1,519,518,393,-1,519,393,391,-1,406,408,410,-1,433,434,436,-1,436,438,440,-1,394,396,488,-1,493,495,497,-1,417,419,421,-1,442,410,440,-1,440,410,412,-1,440,412,436,-1,436,412,415,-1,436,415,433,-1,433,415,431,-1,394,488,390,-1,417,421,415,-1,415,421,423,-1,415,423,425,-1,493,497,490,-1,490,497,499,-1,490,499,501,-1,425,427,415,-1,415,427,429,-1,415,429,431,-1,396,398,488,-1,488,398,400,-1,488,400,486,-1,486,400,402,-1,486,402,404,-1,480,482,478,-1,478,482,484,-1,404,406,486,-1,486,406,410,-1,486,410,484,-1,484,410,442,-1,484,442,478,-1,478,442,444,-1,478,444,476,-1,476,444,446,-1,476,446,475,-1,475,446,448,-1,475,448,450,-1,509,511,488,-1,463,450,461,-1,461,450,459,-1,501,503,490,-1,490,503,504,-1,490,504,488,-1,488,504,506,-1,488,506,509,-1,511,513,488,-1,488,513,515,-1,488,515,517,-1,517,519,488,-1,488,519,391,-1,488,391,390,-1,459,450,457,-1,457,450,453,-1,457,453,455,-1,463,465,450,-1,450,465,467,-1,450,467,469,-1,469,471,450,-1,450,471,473,-1,450,473,475,-1,485,445,487,-1,487,445,443,-1,487,443,489,-1,451,449,447,-1,437,414,413,-1,507,505,502,-1,489,443,411,-1,411,443,441,-1,411,441,413,-1,413,441,439,-1,413,439,437,-1,411,409,407,-1,401,399,489,-1,470,468,451,-1,401,489,403,-1,437,435,414,-1,414,435,432,-1,414,432,430,-1,430,428,414,-1,414,428,426,-1,414,426,424,-1,424,422,414,-1,414,422,420,-1,414,420,416,-1,416,420,418,-1,458,451,460,-1,460,451,462,-1,411,407,489,-1,489,407,405,-1,489,405,403,-1,483,481,485,-1,485,481,479,-1,485,479,445,-1,445,479,477,-1,445,477,447,-1,447,477,474,-1,447,474,451,-1,451,474,472,-1,451,472,470,-1,468,466,451,-1,451,466,464,-1,451,464,462,-1,458,456,451,-1,451,456,454,-1,451,454,452,-1,494,492,496,-1,496,492,491,-1,496,491,498,-1,498,491,500,-1,399,397,489,-1,489,397,395,-1,489,395,392,-1,392,393,489,-1,489,393,518,-1,489,518,516,-1,516,514,489,-1,489,514,512,-1,489,512,510,-1,510,508,489,-1,489,508,507,-1,489,507,491,-1,491,507,502,-1,491,502,500,-1,520,521,522,-1,522,521,523,-1,520,522,524,-1,524,522,525,-1,524,525,526,-1,526,525,527,-1,526,527,528,-1,528,527,529,-1,528,529,530,-1,530,529,531,-1,530,531,532,-1,532,531,533,-1,532,533,534,-1,534,533,535,-1,534,535,536,-1,536,535,537,-1,538,536,539,-1,539,536,537,-1,540,538,541,-1,541,538,539,-1,542,540,543,-1,543,540,541,-1,542,543,544,-1,542,544,545,-1,545,544,546,-1,545,546,547,-1,547,546,548,-1,547,548,549,-1,549,548,550,-1,549,550,551,-1,551,550,552,-1,551,552,553,-1,553,552,554,-1,553,554,555,-1,555,554,556,-1,555,556,557,-1,557,556,558,-1,557,558,559,-1,559,558,560,-1,559,560,561,-1,561,560,562,-1,561,562,563,-1,564,563,565,-1,565,563,562,-1,566,564,567,-1,567,564,565,-1,568,566,569,-1,569,566,567,-1,570,568,571,-1,571,568,569,-1,572,570,573,-1,573,570,571,-1,574,572,575,-1,575,572,573,-1,576,574,577,-1,577,574,575,-1,578,576,579,-1,579,576,577,-1,580,578,581,-1,581,578,579,-1,580,581,582,-1,580,582,583,-1,583,582,584,-1,583,584,585,-1,585,584,586,-1,585,586,587,-1,587,586,588,-1,587,588,589,-1,589,588,590,-1,589,590,591,-1,591,590,592,-1,591,592,593,-1,593,592,594,-1,593,594,595,-1,595,594,596,-1,595,596,597,-1,597,596,598,-1,597,598,599,-1,599,598,600,-1,599,600,601,-1,601,600,602,-1,601,602,603,-1,603,602,604,-1,603,604,605,-1,606,605,607,-1,607,605,604,-1,608,606,609,-1,609,606,607,-1,610,608,611,-1,611,608,609,-1,612,610,613,-1,613,610,611,-1,614,612,615,-1,615,612,613,-1,616,614,617,-1,617,614,615,-1,618,616,619,-1,619,616,617,-1,620,618,621,-1,621,618,619,-1,620,621,622,-1,620,622,623,-1,623,622,624,-1,623,624,625,-1,625,624,626,-1,625,626,627,-1,627,626,628,-1,627,628,629,-1,629,628,630,-1,629,630,631,-1,631,630,632,-1,631,632,633,-1,634,633,635,-1,635,633,632,-1,636,634,637,-1,637,634,635,-1,636,637,638,-1,636,638,639,-1,639,638,640,-1,639,640,641,-1,641,640,642,-1,641,642,643,-1,643,642,644,-1,643,644,645,-1,645,644,646,-1,645,646,647,-1,647,646,648,-1,647,648,649,-1,649,648,523,-1,649,523,521,-1,536,538,540,-1,563,564,566,-1,566,568,570,-1,524,526,618,-1,623,625,627,-1,547,549,551,-1,572,540,570,-1,570,540,542,-1,570,542,566,-1,566,542,545,-1,566,545,563,-1,563,545,561,-1,524,618,520,-1,547,551,545,-1,545,551,553,-1,545,553,555,-1,623,627,620,-1,620,627,629,-1,620,629,631,-1,555,557,545,-1,545,557,559,-1,545,559,561,-1,526,528,618,-1,618,528,530,-1,618,530,616,-1,616,530,532,-1,616,532,534,-1,610,612,608,-1,608,612,614,-1,534,536,616,-1,616,536,540,-1,616,540,614,-1,614,540,572,-1,614,572,608,-1,608,572,574,-1,608,574,606,-1,606,574,576,-1,606,576,605,-1,605,576,578,-1,605,578,580,-1,639,641,618,-1,593,580,591,-1,591,580,589,-1,631,633,620,-1,620,633,634,-1,620,634,618,-1,618,634,636,-1,618,636,639,-1,641,643,618,-1,618,643,645,-1,618,645,647,-1,647,649,618,-1,618,649,521,-1,618,521,520,-1,589,580,587,-1,587,580,583,-1,587,583,585,-1,593,595,580,-1,580,595,597,-1,580,597,599,-1,599,601,580,-1,580,601,603,-1,580,603,605,-1,615,575,617,-1,617,575,573,-1,617,573,619,-1,581,579,577,-1,567,544,543,-1,637,635,632,-1,619,573,541,-1,541,573,571,-1,541,571,543,-1,543,571,569,-1,543,569,567,-1,541,539,537,-1,531,529,619,-1,600,598,581,-1,531,619,533,-1,567,565,544,-1,544,565,562,-1,544,562,560,-1,560,558,544,-1,544,558,556,-1,544,556,554,-1,554,552,544,-1,544,552,550,-1,544,550,546,-1,546,550,548,-1,588,581,590,-1,590,581,592,-1,541,537,619,-1,619,537,535,-1,619,535,533,-1,613,611,615,-1,615,611,609,-1,615,609,575,-1,575,609,607,-1,575,607,577,-1,577,607,604,-1,577,604,581,-1,581,604,602,-1,581,602,600,-1,598,596,581,-1,581,596,594,-1,581,594,592,-1,588,586,581,-1,581,586,584,-1,581,584,582,-1,624,622,626,-1,626,622,621,-1,626,621,628,-1,628,621,630,-1,529,527,619,-1,619,527,525,-1,619,525,522,-1,522,523,619,-1,619,523,648,-1,619,648,646,-1,646,644,619,-1,619,644,642,-1,619,642,640,-1,640,638,619,-1,619,638,637,-1,619,637,621,-1,621,637,632,-1,621,632,630,-1,650,651,652,-1,652,651,653,-1,650,652,654,-1,654,652,655,-1,654,655,656,-1,656,655,657,-1,656,657,658,-1,658,657,659,-1,658,659,660,-1,660,659,661,-1,660,661,662,-1,662,661,663,-1,662,663,664,-1,664,663,665,-1,664,665,666,-1,666,665,667,-1,668,666,669,-1,669,666,667,-1,670,668,671,-1,671,668,669,-1,672,670,673,-1,673,670,671,-1,672,673,674,-1,672,674,675,-1,675,674,676,-1,675,676,677,-1,677,676,678,-1,677,678,679,-1,679,678,680,-1,679,680,681,-1,681,680,682,-1,681,682,683,-1,683,682,684,-1,683,684,685,-1,685,684,686,-1,685,686,687,-1,687,686,688,-1,687,688,689,-1,689,688,690,-1,689,690,691,-1,691,690,692,-1,691,692,693,-1,694,693,695,-1,695,693,692,-1,696,694,697,-1,697,694,695,-1,698,696,699,-1,699,696,697,-1,700,698,701,-1,701,698,699,-1,702,700,703,-1,703,700,701,-1,704,702,705,-1,705,702,703,-1,706,704,707,-1,707,704,705,-1,708,706,709,-1,709,706,707,-1,710,708,711,-1,711,708,709,-1,710,711,712,-1,710,712,713,-1,713,712,714,-1,713,714,715,-1,715,714,716,-1,715,716,717,-1,717,716,718,-1,717,718,719,-1,719,718,720,-1,719,720,721,-1,721,720,722,-1,721,722,723,-1,723,722,724,-1,723,724,725,-1,725,724,726,-1,725,726,727,-1,727,726,728,-1,727,728,729,-1,729,728,730,-1,729,730,731,-1,731,730,732,-1,731,732,733,-1,733,732,734,-1,733,734,735,-1,736,735,737,-1,737,735,734,-1,738,736,739,-1,739,736,737,-1,740,738,741,-1,741,738,739,-1,742,740,743,-1,743,740,741,-1,744,742,745,-1,745,742,743,-1,746,744,747,-1,747,744,745,-1,748,746,749,-1,749,746,747,-1,750,748,751,-1,751,748,749,-1,750,751,752,-1,750,752,753,-1,753,752,754,-1,753,754,755,-1,755,754,756,-1,755,756,757,-1,757,756,758,-1,757,758,759,-1,759,758,760,-1,759,760,761,-1,761,760,762,-1,761,762,763,-1,764,763,765,-1,765,763,762,-1,766,764,767,-1,767,764,765,-1,766,767,768,-1,766,768,769,-1,769,768,770,-1,769,770,771,-1,771,770,772,-1,771,772,773,-1,773,772,774,-1,773,774,775,-1,775,774,776,-1,775,776,777,-1,777,776,778,-1,777,778,779,-1,779,778,653,-1,779,653,651,-1,666,668,670,-1,693,694,696,-1,696,698,700,-1,654,656,748,-1,753,755,757,-1,677,679,681,-1,702,670,700,-1,700,670,672,-1,700,672,696,-1,696,672,675,-1,696,675,693,-1,693,675,691,-1,654,748,650,-1,677,681,675,-1,675,681,683,-1,675,683,685,-1,753,757,750,-1,750,757,759,-1,750,759,761,-1,685,687,675,-1,675,687,689,-1,675,689,691,-1,656,658,748,-1,748,658,660,-1,748,660,746,-1,746,660,662,-1,746,662,664,-1,740,742,738,-1,738,742,744,-1,664,666,746,-1,746,666,670,-1,746,670,744,-1,744,670,702,-1,744,702,738,-1,738,702,704,-1,738,704,736,-1,736,704,706,-1,736,706,735,-1,735,706,708,-1,735,708,710,-1,769,771,748,-1,723,710,721,-1,721,710,719,-1,761,763,750,-1,750,763,764,-1,750,764,748,-1,748,764,766,-1,748,766,769,-1,771,773,748,-1,748,773,775,-1,748,775,777,-1,777,779,748,-1,748,779,651,-1,748,651,650,-1,719,710,717,-1,717,710,713,-1,717,713,715,-1,723,725,710,-1,710,725,727,-1,710,727,729,-1,729,731,710,-1,710,731,733,-1,710,733,735,-1,745,705,747,-1,747,705,703,-1,747,703,749,-1,711,709,707,-1,697,674,673,-1,767,765,762,-1,749,703,671,-1,671,703,701,-1,671,701,673,-1,673,701,699,-1,673,699,697,-1,671,669,667,-1,661,659,749,-1,730,728,711,-1,661,749,663,-1,697,695,674,-1,674,695,692,-1,674,692,690,-1,690,688,674,-1,674,688,686,-1,674,686,684,-1,684,682,674,-1,674,682,680,-1,674,680,676,-1,676,680,678,-1,718,711,720,-1,720,711,722,-1,671,667,749,-1,749,667,665,-1,749,665,663,-1,743,741,745,-1,745,741,739,-1,745,739,705,-1,705,739,737,-1,705,737,707,-1,707,737,734,-1,707,734,711,-1,711,734,732,-1,711,732,730,-1,728,726,711,-1,711,726,724,-1,711,724,722,-1,718,716,711,-1,711,716,714,-1,711,714,712,-1,754,752,756,-1,756,752,751,-1,756,751,758,-1,758,751,760,-1,659,657,749,-1,749,657,655,-1,749,655,652,-1,652,653,749,-1,749,653,778,-1,749,778,776,-1,776,774,749,-1,749,774,772,-1,749,772,770,-1,770,768,749,-1,749,768,767,-1,749,767,751,-1,751,767,762,-1,751,762,760,-1,780,781,782,-1,782,781,783,-1,780,782,784,-1,784,782,785,-1,784,785,786,-1,786,785,787,-1,786,787,788,-1,788,787,789,-1,788,789,790,-1,790,789,791,-1,790,791,792,-1,792,791,793,-1,792,793,794,-1,794,793,795,-1,794,795,796,-1,796,795,797,-1,798,796,799,-1,799,796,797,-1,800,798,801,-1,801,798,799,-1,802,800,803,-1,803,800,801,-1,802,803,804,-1,802,804,805,-1,805,804,806,-1,805,806,807,-1,807,806,808,-1,807,808,809,-1,809,808,810,-1,809,810,811,-1,811,810,812,-1,811,812,813,-1,813,812,814,-1,813,814,815,-1,815,814,816,-1,815,816,817,-1,817,816,818,-1,817,818,819,-1,819,818,820,-1,819,820,821,-1,821,820,822,-1,821,822,823,-1,824,823,825,-1,825,823,822,-1,826,824,827,-1,827,824,825,-1,828,826,829,-1,829,826,827,-1,830,828,831,-1,831,828,829,-1,832,830,833,-1,833,830,831,-1,834,832,835,-1,835,832,833,-1,836,834,837,-1,837,834,835,-1,838,836,839,-1,839,836,837,-1,840,838,841,-1,841,838,839,-1,840,841,842,-1,840,842,843,-1,843,842,844,-1,843,844,845,-1,845,844,846,-1,845,846,847,-1,847,846,848,-1,847,848,849,-1,849,848,850,-1,849,850,851,-1,851,850,852,-1,851,852,853,-1,853,852,854,-1,853,854,855,-1,855,854,856,-1,855,856,857,-1,857,856,858,-1,857,858,859,-1,859,858,860,-1,859,860,861,-1,861,860,862,-1,861,862,863,-1,863,862,864,-1,863,864,865,-1,866,865,867,-1,867,865,864,-1,868,866,869,-1,869,866,867,-1,870,868,871,-1,871,868,869,-1,872,870,873,-1,873,870,871,-1,874,872,875,-1,875,872,873,-1,876,874,877,-1,877,874,875,-1,878,876,879,-1,879,876,877,-1,880,878,881,-1,881,878,879,-1,880,881,882,-1,880,882,883,-1,883,882,884,-1,883,884,885,-1,885,884,886,-1,885,886,887,-1,887,886,888,-1,887,888,889,-1,889,888,890,-1,889,890,891,-1,891,890,892,-1,891,892,893,-1,894,893,895,-1,895,893,892,-1,896,894,897,-1,897,894,895,-1,896,897,898,-1,896,898,899,-1,899,898,900,-1,899,900,901,-1,901,900,902,-1,901,902,903,-1,903,902,904,-1,903,904,905,-1,905,904,906,-1,905,906,907,-1,907,906,908,-1,907,908,909,-1,909,908,783,-1,909,783,781,-1,796,798,800,-1,823,824,826,-1,826,828,830,-1,784,786,878,-1,883,885,887,-1,807,809,811,-1,832,800,830,-1,830,800,802,-1,830,802,826,-1,826,802,805,-1,826,805,823,-1,823,805,821,-1,784,878,780,-1,807,811,805,-1,805,811,813,-1,805,813,815,-1,883,887,880,-1,880,887,889,-1,880,889,891,-1,815,817,805,-1,805,817,819,-1,805,819,821,-1,786,788,878,-1,878,788,790,-1,878,790,876,-1,876,790,792,-1,876,792,794,-1,870,872,868,-1,868,872,874,-1,794,796,876,-1,876,796,800,-1,876,800,874,-1,874,800,832,-1,874,832,868,-1,868,832,834,-1,868,834,866,-1,866,834,836,-1,866,836,865,-1,865,836,838,-1,865,838,840,-1,899,901,878,-1,853,840,851,-1,851,840,849,-1,891,893,880,-1,880,893,894,-1,880,894,878,-1,878,894,896,-1,878,896,899,-1,901,903,878,-1,878,903,905,-1,878,905,907,-1,907,909,878,-1,878,909,781,-1,878,781,780,-1,849,840,847,-1,847,840,843,-1,847,843,845,-1,853,855,840,-1,840,855,857,-1,840,857,859,-1,859,861,840,-1,840,861,863,-1,840,863,865,-1,875,835,877,-1,877,835,833,-1,877,833,879,-1,841,839,837,-1,827,804,803,-1,897,895,892,-1,879,833,801,-1,801,833,831,-1,801,831,803,-1,803,831,829,-1,803,829,827,-1,801,799,797,-1,791,789,879,-1,860,858,841,-1,791,879,793,-1,827,825,804,-1,804,825,822,-1,804,822,820,-1,820,818,804,-1,804,818,816,-1,804,816,814,-1,814,812,804,-1,804,812,810,-1,804,810,806,-1,806,810,808,-1,848,841,850,-1,850,841,852,-1,801,797,879,-1,879,797,795,-1,879,795,793,-1,873,871,875,-1,875,871,869,-1,875,869,835,-1,835,869,867,-1,835,867,837,-1,837,867,864,-1,837,864,841,-1,841,864,862,-1,841,862,860,-1,858,856,841,-1,841,856,854,-1,841,854,852,-1,848,846,841,-1,841,846,844,-1,841,844,842,-1,884,882,886,-1,886,882,881,-1,886,881,888,-1,888,881,890,-1,789,787,879,-1,879,787,785,-1,879,785,782,-1,782,783,879,-1,879,783,908,-1,879,908,906,-1,906,904,879,-1,879,904,902,-1,879,902,900,-1,900,898,879,-1,879,898,897,-1,879,897,881,-1,881,897,892,-1,881,892,890,-1,910,911,912,-1,912,911,913,-1,910,912,914,-1,914,912,915,-1,914,915,916,-1,916,915,917,-1,916,917,918,-1,918,917,919,-1,918,919,920,-1,920,919,921,-1,920,921,922,-1,922,921,923,-1,922,923,924,-1,924,923,925,-1,924,925,926,-1,926,925,927,-1,928,926,929,-1,929,926,927,-1,930,928,931,-1,931,928,929,-1,932,930,933,-1,933,930,931,-1,932,933,934,-1,932,934,935,-1,935,934,936,-1,935,936,937,-1,937,936,938,-1,937,938,939,-1,939,938,940,-1,939,940,941,-1,941,940,942,-1,941,942,943,-1,943,942,944,-1,943,944,945,-1,945,944,946,-1,945,946,947,-1,947,946,948,-1,947,948,949,-1,949,948,950,-1,949,950,951,-1,951,950,952,-1,951,952,953,-1,954,953,955,-1,955,953,952,-1,956,954,957,-1,957,954,955,-1,958,956,959,-1,959,956,957,-1,960,958,961,-1,961,958,959,-1,962,960,963,-1,963,960,961,-1,964,962,965,-1,965,962,963,-1,966,964,967,-1,967,964,965,-1,968,966,969,-1,969,966,967,-1,970,968,971,-1,971,968,969,-1,970,971,972,-1,970,972,973,-1,973,972,974,-1,973,974,975,-1,975,974,976,-1,975,976,977,-1,977,976,978,-1,977,978,979,-1,979,978,980,-1,979,980,981,-1,981,980,982,-1,981,982,983,-1,983,982,984,-1,983,984,985,-1,985,984,986,-1,985,986,987,-1,987,986,988,-1,987,988,989,-1,989,988,990,-1,989,990,991,-1,991,990,992,-1,991,992,993,-1,993,992,994,-1,993,994,995,-1,996,995,997,-1,997,995,994,-1,998,996,999,-1,999,996,997,-1,1000,998,1001,-1,1001,998,999,-1,1002,1000,1003,-1,1003,1000,1001,-1,1004,1002,1005,-1,1005,1002,1003,-1,1006,1004,1007,-1,1007,1004,1005,-1,1008,1006,1009,-1,1009,1006,1007,-1,1010,1008,1011,-1,1011,1008,1009,-1,1010,1011,1012,-1,1010,1012,1013,-1,1013,1012,1014,-1,1013,1014,1015,-1,1015,1014,1016,-1,1015,1016,1017,-1,1017,1016,1018,-1,1017,1018,1019,-1,1019,1018,1020,-1,1019,1020,1021,-1,1021,1020,1022,-1,1021,1022,1023,-1,1024,1023,1025,-1,1025,1023,1022,-1,1026,1024,1027,-1,1027,1024,1025,-1,1026,1027,1028,-1,1026,1028,1029,-1,1029,1028,1030,-1,1029,1030,1031,-1,1031,1030,1032,-1,1031,1032,1033,-1,1033,1032,1034,-1,1033,1034,1035,-1,1035,1034,1036,-1,1035,1036,1037,-1,1037,1036,1038,-1,1037,1038,1039,-1,1039,1038,913,-1,1039,913,911,-1,926,928,930,-1,953,954,956,-1,956,958,960,-1,914,916,1008,-1,1013,1015,1017,-1,937,939,941,-1,962,930,960,-1,960,930,932,-1,960,932,956,-1,956,932,935,-1,956,935,953,-1,953,935,951,-1,914,1008,910,-1,937,941,935,-1,935,941,943,-1,935,943,945,-1,1013,1017,1010,-1,1010,1017,1019,-1,1010,1019,1021,-1,945,947,935,-1,935,947,949,-1,935,949,951,-1,916,918,1008,-1,1008,918,920,-1,1008,920,1006,-1,1006,920,922,-1,1006,922,924,-1,1000,1002,998,-1,998,1002,1004,-1,924,926,1006,-1,1006,926,930,-1,1006,930,1004,-1,1004,930,962,-1,1004,962,998,-1,998,962,964,-1,998,964,996,-1,996,964,966,-1,996,966,995,-1,995,966,968,-1,995,968,970,-1,1029,1031,1008,-1,983,970,981,-1,981,970,979,-1,1021,1023,1010,-1,1010,1023,1024,-1,1010,1024,1008,-1,1008,1024,1026,-1,1008,1026,1029,-1,1031,1033,1008,-1,1008,1033,1035,-1,1008,1035,1037,-1,1037,1039,1008,-1,1008,1039,911,-1,1008,911,910,-1,979,970,977,-1,977,970,973,-1,977,973,975,-1,983,985,970,-1,970,985,987,-1,970,987,989,-1,989,991,970,-1,970,991,993,-1,970,993,995,-1,1005,965,1007,-1,1007,965,963,-1,1007,963,1009,-1,971,969,967,-1,957,934,933,-1,1027,1025,1022,-1,1009,963,931,-1,931,963,961,-1,931,961,933,-1,933,961,959,-1,933,959,957,-1,931,929,927,-1,921,919,1009,-1,990,988,971,-1,921,1009,923,-1,957,955,934,-1,934,955,952,-1,934,952,950,-1,950,948,934,-1,934,948,946,-1,934,946,944,-1,944,942,934,-1,934,942,940,-1,934,940,936,-1,936,940,938,-1,978,971,980,-1,980,971,982,-1,931,927,1009,-1,1009,927,925,-1,1009,925,923,-1,1003,1001,1005,-1,1005,1001,999,-1,1005,999,965,-1,965,999,997,-1,965,997,967,-1,967,997,994,-1,967,994,971,-1,971,994,992,-1,971,992,990,-1,988,986,971,-1,971,986,984,-1,971,984,982,-1,978,976,971,-1,971,976,974,-1,971,974,972,-1,1014,1012,1016,-1,1016,1012,1011,-1,1016,1011,1018,-1,1018,1011,1020,-1,919,917,1009,-1,1009,917,915,-1,1009,915,912,-1,912,913,1009,-1,1009,913,1038,-1,1009,1038,1036,-1,1036,1034,1009,-1,1009,1034,1032,-1,1009,1032,1030,-1,1030,1028,1009,-1,1009,1028,1027,-1,1009,1027,1011,-1,1011,1027,1022,-1,1011,1022,1020,-1,1040,1041,1042,-1,1042,1041,1043,-1,1040,1042,1044,-1,1044,1042,1045,-1,1044,1045,1046,-1,1046,1045,1047,-1,1046,1047,1048,-1,1048,1047,1049,-1,1048,1049,1050,-1,1050,1049,1051,-1,1050,1051,1052,-1,1052,1051,1053,-1,1052,1053,1054,-1,1054,1053,1055,-1,1054,1055,1056,-1,1056,1055,1057,-1,1058,1056,1059,-1,1059,1056,1057,-1,1060,1058,1061,-1,1061,1058,1059,-1,1062,1060,1063,-1,1063,1060,1061,-1,1062,1063,1064,-1,1062,1064,1065,-1,1065,1064,1066,-1,1065,1066,1067,-1,1067,1066,1068,-1,1067,1068,1069,-1,1069,1068,1070,-1,1069,1070,1071,-1,1071,1070,1072,-1,1071,1072,1073,-1,1073,1072,1074,-1,1073,1074,1075,-1,1075,1074,1076,-1,1075,1076,1077,-1,1077,1076,1078,-1,1077,1078,1079,-1,1079,1078,1080,-1,1079,1080,1081,-1,1081,1080,1082,-1,1081,1082,1083,-1,1084,1083,1085,-1,1085,1083,1082,-1,1086,1084,1087,-1,1087,1084,1085,-1,1088,1086,1089,-1,1089,1086,1087,-1,1090,1088,1091,-1,1091,1088,1089,-1,1092,1090,1093,-1,1093,1090,1091,-1,1094,1092,1095,-1,1095,1092,1093,-1,1096,1094,1097,-1,1097,1094,1095,-1,1098,1096,1099,-1,1099,1096,1097,-1,1100,1098,1101,-1,1101,1098,1099,-1,1100,1101,1102,-1,1100,1102,1103,-1,1103,1102,1104,-1,1103,1104,1105,-1,1105,1104,1106,-1,1105,1106,1107,-1,1107,1106,1108,-1,1107,1108,1109,-1,1109,1108,1110,-1,1109,1110,1111,-1,1111,1110,1112,-1,1111,1112,1113,-1,1113,1112,1114,-1,1113,1114,1115,-1,1115,1114,1116,-1,1115,1116,1117,-1,1117,1116,1118,-1,1117,1118,1119,-1,1119,1118,1120,-1,1119,1120,1121,-1,1121,1120,1122,-1,1121,1122,1123,-1,1123,1122,1124,-1,1123,1124,1125,-1,1126,1125,1127,-1,1127,1125,1124,-1,1128,1126,1129,-1,1129,1126,1127,-1,1130,1128,1131,-1,1131,1128,1129,-1,1132,1130,1133,-1,1133,1130,1131,-1,1134,1132,1135,-1,1135,1132,1133,-1,1136,1134,1137,-1,1137,1134,1135,-1,1138,1136,1139,-1,1139,1136,1137,-1,1140,1138,1141,-1,1141,1138,1139,-1,1140,1141,1142,-1,1140,1142,1143,-1,1143,1142,1144,-1,1143,1144,1145,-1,1145,1144,1146,-1,1145,1146,1147,-1,1147,1146,1148,-1,1147,1148,1149,-1,1149,1148,1150,-1,1149,1150,1151,-1,1151,1150,1152,-1,1151,1152,1153,-1,1154,1153,1155,-1,1155,1153,1152,-1,1156,1154,1157,-1,1157,1154,1155,-1,1156,1157,1158,-1,1156,1158,1159,-1,1159,1158,1160,-1,1159,1160,1161,-1,1161,1160,1162,-1,1161,1162,1163,-1,1163,1162,1164,-1,1163,1164,1165,-1,1165,1164,1166,-1,1165,1166,1167,-1,1167,1166,1168,-1,1167,1168,1169,-1,1169,1168,1043,-1,1169,1043,1041,-1,1056,1058,1060,-1,1083,1084,1086,-1,1086,1088,1090,-1,1044,1046,1138,-1,1143,1145,1147,-1,1067,1069,1071,-1,1092,1060,1090,-1,1090,1060,1062,-1,1090,1062,1086,-1,1086,1062,1065,-1,1086,1065,1083,-1,1083,1065,1081,-1,1044,1138,1040,-1,1067,1071,1065,-1,1065,1071,1073,-1,1065,1073,1075,-1,1143,1147,1140,-1,1140,1147,1149,-1,1140,1149,1151,-1,1075,1077,1065,-1,1065,1077,1079,-1,1065,1079,1081,-1,1046,1048,1138,-1,1138,1048,1050,-1,1138,1050,1136,-1,1136,1050,1052,-1,1136,1052,1054,-1,1130,1132,1128,-1,1128,1132,1134,-1,1054,1056,1136,-1,1136,1056,1060,-1,1136,1060,1134,-1,1134,1060,1092,-1,1134,1092,1128,-1,1128,1092,1094,-1,1128,1094,1126,-1,1126,1094,1096,-1,1126,1096,1125,-1,1125,1096,1098,-1,1125,1098,1100,-1,1159,1161,1138,-1,1113,1100,1111,-1,1111,1100,1109,-1,1151,1153,1140,-1,1140,1153,1154,-1,1140,1154,1138,-1,1138,1154,1156,-1,1138,1156,1159,-1,1161,1163,1138,-1,1138,1163,1165,-1,1138,1165,1167,-1,1167,1169,1138,-1,1138,1169,1041,-1,1138,1041,1040,-1,1109,1100,1107,-1,1107,1100,1103,-1,1107,1103,1105,-1,1113,1115,1100,-1,1100,1115,1117,-1,1100,1117,1119,-1,1119,1121,1100,-1,1100,1121,1123,-1,1100,1123,1125,-1,1135,1095,1137,-1,1137,1095,1093,-1,1137,1093,1139,-1,1101,1099,1097,-1,1087,1064,1063,-1,1157,1155,1152,-1,1139,1093,1061,-1,1061,1093,1091,-1,1061,1091,1063,-1,1063,1091,1089,-1,1063,1089,1087,-1,1061,1059,1057,-1,1051,1049,1139,-1,1120,1118,1101,-1,1051,1139,1053,-1,1087,1085,1064,-1,1064,1085,1082,-1,1064,1082,1080,-1,1080,1078,1064,-1,1064,1078,1076,-1,1064,1076,1074,-1,1074,1072,1064,-1,1064,1072,1070,-1,1064,1070,1066,-1,1066,1070,1068,-1,1108,1101,1110,-1,1110,1101,1112,-1,1061,1057,1139,-1,1139,1057,1055,-1,1139,1055,1053,-1,1133,1131,1135,-1,1135,1131,1129,-1,1135,1129,1095,-1,1095,1129,1127,-1,1095,1127,1097,-1,1097,1127,1124,-1,1097,1124,1101,-1,1101,1124,1122,-1,1101,1122,1120,-1,1118,1116,1101,-1,1101,1116,1114,-1,1101,1114,1112,-1,1108,1106,1101,-1,1101,1106,1104,-1,1101,1104,1102,-1,1144,1142,1146,-1,1146,1142,1141,-1,1146,1141,1148,-1,1148,1141,1150,-1,1049,1047,1139,-1,1139,1047,1045,-1,1139,1045,1042,-1,1042,1043,1139,-1,1139,1043,1168,-1,1139,1168,1166,-1,1166,1164,1139,-1,1139,1164,1162,-1,1139,1162,1160,-1,1160,1158,1139,-1,1139,1158,1157,-1,1139,1157,1141,-1,1141,1157,1152,-1,1141,1152,1150,-1,1170,1171,1172,-1,1172,1171,1173,-1,1170,1172,1174,-1,1174,1172,1175,-1,1174,1175,1176,-1,1176,1175,1177,-1,1176,1177,1178,-1,1178,1177,1179,-1,1178,1179,1180,-1,1180,1179,1181,-1,1180,1181,1182,-1,1182,1181,1183,-1,1182,1183,1184,-1,1184,1183,1185,-1,1184,1185,1186,-1,1186,1185,1187,-1,1188,1186,1189,-1,1189,1186,1187,-1,1190,1188,1191,-1,1191,1188,1189,-1,1192,1190,1193,-1,1193,1190,1191,-1,1192,1193,1194,-1,1192,1194,1195,-1,1195,1194,1196,-1,1195,1196,1197,-1,1197,1196,1198,-1,1197,1198,1199,-1,1199,1198,1200,-1,1199,1200,1201,-1,1201,1200,1202,-1,1201,1202,1203,-1,1203,1202,1204,-1,1203,1204,1205,-1,1205,1204,1206,-1,1205,1206,1207,-1,1207,1206,1208,-1,1207,1208,1209,-1,1209,1208,1210,-1,1209,1210,1211,-1,1211,1210,1212,-1,1211,1212,1213,-1,1214,1213,1215,-1,1215,1213,1212,-1,1216,1214,1217,-1,1217,1214,1215,-1,1218,1216,1219,-1,1219,1216,1217,-1,1220,1218,1221,-1,1221,1218,1219,-1,1222,1220,1223,-1,1223,1220,1221,-1,1224,1222,1225,-1,1225,1222,1223,-1,1226,1224,1227,-1,1227,1224,1225,-1,1228,1226,1229,-1,1229,1226,1227,-1,1230,1228,1231,-1,1231,1228,1229,-1,1230,1231,1232,-1,1230,1232,1233,-1,1233,1232,1234,-1,1233,1234,1235,-1,1235,1234,1236,-1,1235,1236,1237,-1,1237,1236,1238,-1,1237,1238,1239,-1,1239,1238,1240,-1,1239,1240,1241,-1,1241,1240,1242,-1,1241,1242,1243,-1,1243,1242,1244,-1,1243,1244,1245,-1,1245,1244,1246,-1,1245,1246,1247,-1,1247,1246,1248,-1,1247,1248,1249,-1,1249,1248,1250,-1,1249,1250,1251,-1,1251,1250,1252,-1,1251,1252,1253,-1,1253,1252,1254,-1,1253,1254,1255,-1,1256,1255,1257,-1,1257,1255,1254,-1,1258,1256,1259,-1,1259,1256,1257,-1,1260,1258,1261,-1,1261,1258,1259,-1,1262,1260,1263,-1,1263,1260,1261,-1,1264,1262,1265,-1,1265,1262,1263,-1,1266,1264,1267,-1,1267,1264,1265,-1,1268,1266,1269,-1,1269,1266,1267,-1,1270,1268,1271,-1,1271,1268,1269,-1,1270,1271,1272,-1,1270,1272,1273,-1,1273,1272,1274,-1,1273,1274,1275,-1,1275,1274,1276,-1,1275,1276,1277,-1,1277,1276,1278,-1,1277,1278,1279,-1,1279,1278,1280,-1,1279,1280,1281,-1,1281,1280,1282,-1,1281,1282,1283,-1,1284,1283,1285,-1,1285,1283,1282,-1,1286,1284,1287,-1,1287,1284,1285,-1,1286,1287,1288,-1,1286,1288,1289,-1,1289,1288,1290,-1,1289,1290,1291,-1,1291,1290,1292,-1,1291,1292,1293,-1,1293,1292,1294,-1,1293,1294,1295,-1,1295,1294,1296,-1,1295,1296,1297,-1,1297,1296,1298,-1,1297,1298,1299,-1,1299,1298,1173,-1,1299,1173,1171,-1,1186,1188,1190,-1,1213,1214,1216,-1,1216,1218,1220,-1,1174,1176,1268,-1,1273,1275,1277,-1,1197,1199,1201,-1,1222,1190,1220,-1,1220,1190,1192,-1,1220,1192,1216,-1,1216,1192,1195,-1,1216,1195,1213,-1,1213,1195,1211,-1,1174,1268,1170,-1,1197,1201,1195,-1,1195,1201,1203,-1,1195,1203,1205,-1,1273,1277,1270,-1,1270,1277,1279,-1,1270,1279,1281,-1,1205,1207,1195,-1,1195,1207,1209,-1,1195,1209,1211,-1,1176,1178,1268,-1,1268,1178,1180,-1,1268,1180,1266,-1,1266,1180,1182,-1,1266,1182,1184,-1,1260,1262,1258,-1,1258,1262,1264,-1,1184,1186,1266,-1,1266,1186,1190,-1,1266,1190,1264,-1,1264,1190,1222,-1,1264,1222,1258,-1,1258,1222,1224,-1,1258,1224,1256,-1,1256,1224,1226,-1,1256,1226,1255,-1,1255,1226,1228,-1,1255,1228,1230,-1,1289,1291,1268,-1,1243,1230,1241,-1,1241,1230,1239,-1,1281,1283,1270,-1,1270,1283,1284,-1,1270,1284,1268,-1,1268,1284,1286,-1,1268,1286,1289,-1,1291,1293,1268,-1,1268,1293,1295,-1,1268,1295,1297,-1,1297,1299,1268,-1,1268,1299,1171,-1,1268,1171,1170,-1,1239,1230,1237,-1,1237,1230,1233,-1,1237,1233,1235,-1,1243,1245,1230,-1,1230,1245,1247,-1,1230,1247,1249,-1,1249,1251,1230,-1,1230,1251,1253,-1,1230,1253,1255,-1,1265,1225,1267,-1,1267,1225,1223,-1,1267,1223,1269,-1,1231,1229,1227,-1,1217,1194,1193,-1,1287,1285,1282,-1,1269,1223,1191,-1,1191,1223,1221,-1,1191,1221,1193,-1,1193,1221,1219,-1,1193,1219,1217,-1,1191,1189,1187,-1,1181,1179,1269,-1,1250,1248,1231,-1,1181,1269,1183,-1,1217,1215,1194,-1,1194,1215,1212,-1,1194,1212,1210,-1,1210,1208,1194,-1,1194,1208,1206,-1,1194,1206,1204,-1,1204,1202,1194,-1,1194,1202,1200,-1,1194,1200,1196,-1,1196,1200,1198,-1,1238,1231,1240,-1,1240,1231,1242,-1,1191,1187,1269,-1,1269,1187,1185,-1,1269,1185,1183,-1,1263,1261,1265,-1,1265,1261,1259,-1,1265,1259,1225,-1,1225,1259,1257,-1,1225,1257,1227,-1,1227,1257,1254,-1,1227,1254,1231,-1,1231,1254,1252,-1,1231,1252,1250,-1,1248,1246,1231,-1,1231,1246,1244,-1,1231,1244,1242,-1,1238,1236,1231,-1,1231,1236,1234,-1,1231,1234,1232,-1,1274,1272,1276,-1,1276,1272,1271,-1,1276,1271,1278,-1,1278,1271,1280,-1,1179,1177,1269,-1,1269,1177,1175,-1,1269,1175,1172,-1,1172,1173,1269,-1,1269,1173,1298,-1,1269,1298,1296,-1,1296,1294,1269,-1,1269,1294,1292,-1,1269,1292,1290,-1,1290,1288,1269,-1,1269,1288,1287,-1,1269,1287,1271,-1,1271,1287,1282,-1,1271,1282,1280,-1,1300,1301,1302,-1,1302,1301,1303,-1,1300,1302,1304,-1,1304,1302,1305,-1,1304,1305,1306,-1,1306,1305,1307,-1,1306,1307,1308,-1,1308,1307,1309,-1,1308,1309,1310,-1,1310,1309,1311,-1,1310,1311,1312,-1,1312,1311,1313,-1,1312,1313,1314,-1,1314,1313,1315,-1,1314,1315,1316,-1,1316,1315,1317,-1,1318,1316,1319,-1,1319,1316,1317,-1,1320,1318,1321,-1,1321,1318,1319,-1,1322,1320,1323,-1,1323,1320,1321,-1,1322,1323,1324,-1,1322,1324,1325,-1,1325,1324,1326,-1,1325,1326,1327,-1,1327,1326,1328,-1,1327,1328,1329,-1,1329,1328,1330,-1,1329,1330,1331,-1,1331,1330,1332,-1,1331,1332,1333,-1,1333,1332,1334,-1,1333,1334,1335,-1,1335,1334,1336,-1,1335,1336,1337,-1,1337,1336,1338,-1,1337,1338,1339,-1,1339,1338,1340,-1,1339,1340,1341,-1,1341,1340,1342,-1,1341,1342,1343,-1,1344,1343,1345,-1,1345,1343,1342,-1,1346,1344,1347,-1,1347,1344,1345,-1,1348,1346,1349,-1,1349,1346,1347,-1,1350,1348,1351,-1,1351,1348,1349,-1,1352,1350,1353,-1,1353,1350,1351,-1,1354,1352,1355,-1,1355,1352,1353,-1,1356,1354,1357,-1,1357,1354,1355,-1,1358,1356,1359,-1,1359,1356,1357,-1,1360,1358,1361,-1,1361,1358,1359,-1,1360,1361,1362,-1,1360,1362,1363,-1,1363,1362,1364,-1,1363,1364,1365,-1,1365,1364,1366,-1,1365,1366,1367,-1,1367,1366,1368,-1,1367,1368,1369,-1,1369,1368,1370,-1,1369,1370,1371,-1,1371,1370,1372,-1,1371,1372,1373,-1,1373,1372,1374,-1,1373,1374,1375,-1,1375,1374,1376,-1,1375,1376,1377,-1,1377,1376,1378,-1,1377,1378,1379,-1,1379,1378,1380,-1,1379,1380,1381,-1,1381,1380,1382,-1,1381,1382,1383,-1,1383,1382,1384,-1,1383,1384,1385,-1,1386,1385,1387,-1,1387,1385,1384,-1,1388,1386,1389,-1,1389,1386,1387,-1,1390,1388,1391,-1,1391,1388,1389,-1,1392,1390,1393,-1,1393,1390,1391,-1,1394,1392,1395,-1,1395,1392,1393,-1,1396,1394,1397,-1,1397,1394,1395,-1,1398,1396,1399,-1,1399,1396,1397,-1,1400,1398,1401,-1,1401,1398,1399,-1,1400,1401,1402,-1,1400,1402,1403,-1,1403,1402,1404,-1,1403,1404,1405,-1,1405,1404,1406,-1,1405,1406,1407,-1,1407,1406,1408,-1,1407,1408,1409,-1,1409,1408,1410,-1,1409,1410,1411,-1,1411,1410,1412,-1,1411,1412,1413,-1,1414,1413,1415,-1,1415,1413,1412,-1,1416,1414,1417,-1,1417,1414,1415,-1,1416,1417,1418,-1,1416,1418,1419,-1,1419,1418,1420,-1,1419,1420,1421,-1,1421,1420,1422,-1,1421,1422,1423,-1,1423,1422,1424,-1,1423,1424,1425,-1,1425,1424,1426,-1,1425,1426,1427,-1,1427,1426,1428,-1,1427,1428,1429,-1,1429,1428,1303,-1,1429,1303,1301,-1,1316,1318,1320,-1,1343,1344,1346,-1,1346,1348,1350,-1,1304,1306,1398,-1,1403,1405,1407,-1,1327,1329,1331,-1,1352,1320,1350,-1,1350,1320,1322,-1,1350,1322,1346,-1,1346,1322,1325,-1,1346,1325,1343,-1,1343,1325,1341,-1,1304,1398,1300,-1,1327,1331,1325,-1,1325,1331,1333,-1,1325,1333,1335,-1,1403,1407,1400,-1,1400,1407,1409,-1,1400,1409,1411,-1,1335,1337,1325,-1,1325,1337,1339,-1,1325,1339,1341,-1,1306,1308,1398,-1,1398,1308,1310,-1,1398,1310,1396,-1,1396,1310,1312,-1,1396,1312,1314,-1,1390,1392,1388,-1,1388,1392,1394,-1,1314,1316,1396,-1,1396,1316,1320,-1,1396,1320,1394,-1,1394,1320,1352,-1,1394,1352,1388,-1,1388,1352,1354,-1,1388,1354,1386,-1,1386,1354,1356,-1,1386,1356,1385,-1,1385,1356,1358,-1,1385,1358,1360,-1,1419,1421,1398,-1,1373,1360,1371,-1,1371,1360,1369,-1,1411,1413,1400,-1,1400,1413,1414,-1,1400,1414,1398,-1,1398,1414,1416,-1,1398,1416,1419,-1,1421,1423,1398,-1,1398,1423,1425,-1,1398,1425,1427,-1,1427,1429,1398,-1,1398,1429,1301,-1,1398,1301,1300,-1,1369,1360,1367,-1,1367,1360,1363,-1,1367,1363,1365,-1,1373,1375,1360,-1,1360,1375,1377,-1,1360,1377,1379,-1,1379,1381,1360,-1,1360,1381,1383,-1,1360,1383,1385,-1,1395,1355,1397,-1,1397,1355,1353,-1,1397,1353,1399,-1,1361,1359,1357,-1,1347,1324,1323,-1,1417,1415,1412,-1,1399,1353,1321,-1,1321,1353,1351,-1,1321,1351,1323,-1,1323,1351,1349,-1,1323,1349,1347,-1,1321,1319,1317,-1,1311,1309,1399,-1,1380,1378,1361,-1,1311,1399,1313,-1,1347,1345,1324,-1,1324,1345,1342,-1,1324,1342,1340,-1,1340,1338,1324,-1,1324,1338,1336,-1,1324,1336,1334,-1,1334,1332,1324,-1,1324,1332,1330,-1,1324,1330,1326,-1,1326,1330,1328,-1,1368,1361,1370,-1,1370,1361,1372,-1,1321,1317,1399,-1,1399,1317,1315,-1,1399,1315,1313,-1,1393,1391,1395,-1,1395,1391,1389,-1,1395,1389,1355,-1,1355,1389,1387,-1,1355,1387,1357,-1,1357,1387,1384,-1,1357,1384,1361,-1,1361,1384,1382,-1,1361,1382,1380,-1,1378,1376,1361,-1,1361,1376,1374,-1,1361,1374,1372,-1,1368,1366,1361,-1,1361,1366,1364,-1,1361,1364,1362,-1,1404,1402,1406,-1,1406,1402,1401,-1,1406,1401,1408,-1,1408,1401,1410,-1,1309,1307,1399,-1,1399,1307,1305,-1,1399,1305,1302,-1,1302,1303,1399,-1,1399,1303,1428,-1,1399,1428,1426,-1,1426,1424,1399,-1,1399,1424,1422,-1,1399,1422,1420,-1,1420,1418,1399,-1,1399,1418,1417,-1,1399,1417,1401,-1,1401,1417,1412,-1,1401,1412,1410,-1,1430,1431,1432,-1,1432,1431,1433,-1,1430,1432,1434,-1,1434,1432,1435,-1,1434,1435,1436,-1,1436,1435,1437,-1,1436,1437,1438,-1,1438,1437,1439,-1,1438,1439,1440,-1,1440,1439,1441,-1,1440,1441,1442,-1,1442,1441,1443,-1,1442,1443,1444,-1,1444,1443,1445,-1,1444,1445,1446,-1,1446,1445,1447,-1,1448,1446,1449,-1,1449,1446,1447,-1,1450,1448,1451,-1,1451,1448,1449,-1,1452,1450,1453,-1,1453,1450,1451,-1,1452,1453,1454,-1,1452,1454,1455,-1,1455,1454,1456,-1,1455,1456,1457,-1,1457,1456,1458,-1,1457,1458,1459,-1,1459,1458,1460,-1,1459,1460,1461,-1,1461,1460,1462,-1,1461,1462,1463,-1,1463,1462,1464,-1,1463,1464,1465,-1,1465,1464,1466,-1,1465,1466,1467,-1,1467,1466,1468,-1,1467,1468,1469,-1,1469,1468,1470,-1,1469,1470,1471,-1,1471,1470,1472,-1,1471,1472,1473,-1,1474,1473,1475,-1,1475,1473,1472,-1,1476,1474,1477,-1,1477,1474,1475,-1,1478,1476,1479,-1,1479,1476,1477,-1,1480,1478,1481,-1,1481,1478,1479,-1,1482,1480,1483,-1,1483,1480,1481,-1,1484,1482,1485,-1,1485,1482,1483,-1,1486,1484,1487,-1,1487,1484,1485,-1,1488,1486,1489,-1,1489,1486,1487,-1,1490,1488,1491,-1,1491,1488,1489,-1,1490,1491,1492,-1,1490,1492,1493,-1,1493,1492,1494,-1,1493,1494,1495,-1,1495,1494,1496,-1,1495,1496,1497,-1,1497,1496,1498,-1,1497,1498,1499,-1,1499,1498,1500,-1,1499,1500,1501,-1,1501,1500,1502,-1,1501,1502,1503,-1,1503,1502,1504,-1,1503,1504,1505,-1,1505,1504,1506,-1,1505,1506,1507,-1,1507,1506,1508,-1,1507,1508,1509,-1,1509,1508,1510,-1,1509,1510,1511,-1,1511,1510,1512,-1,1511,1512,1513,-1,1513,1512,1514,-1,1513,1514,1515,-1,1516,1515,1517,-1,1517,1515,1514,-1,1518,1516,1519,-1,1519,1516,1517,-1,1520,1518,1521,-1,1521,1518,1519,-1,1522,1520,1523,-1,1523,1520,1521,-1,1524,1522,1525,-1,1525,1522,1523,-1,1526,1524,1527,-1,1527,1524,1525,-1,1528,1526,1529,-1,1529,1526,1527,-1,1530,1528,1531,-1,1531,1528,1529,-1,1530,1531,1532,-1,1530,1532,1533,-1,1533,1532,1534,-1,1533,1534,1535,-1,1535,1534,1536,-1,1535,1536,1537,-1,1537,1536,1538,-1,1537,1538,1539,-1,1539,1538,1540,-1,1539,1540,1541,-1,1541,1540,1542,-1,1541,1542,1543,-1,1544,1543,1545,-1,1545,1543,1542,-1,1546,1544,1547,-1,1547,1544,1545,-1,1546,1547,1548,-1,1546,1548,1549,-1,1549,1548,1550,-1,1549,1550,1551,-1,1551,1550,1552,-1,1551,1552,1553,-1,1553,1552,1554,-1,1553,1554,1555,-1,1555,1554,1556,-1,1555,1556,1557,-1,1557,1556,1558,-1,1557,1558,1559,-1,1559,1558,1433,-1,1559,1433,1431,-1,1446,1448,1450,-1,1473,1474,1476,-1,1476,1478,1480,-1,1434,1436,1528,-1,1533,1535,1537,-1,1457,1459,1461,-1,1482,1450,1480,-1,1480,1450,1452,-1,1480,1452,1476,-1,1476,1452,1455,-1,1476,1455,1473,-1,1473,1455,1471,-1,1434,1528,1430,-1,1457,1461,1455,-1,1455,1461,1463,-1,1455,1463,1465,-1,1533,1537,1530,-1,1530,1537,1539,-1,1530,1539,1541,-1,1465,1467,1455,-1,1455,1467,1469,-1,1455,1469,1471,-1,1436,1438,1528,-1,1528,1438,1440,-1,1528,1440,1526,-1,1526,1440,1442,-1,1526,1442,1444,-1,1520,1522,1518,-1,1518,1522,1524,-1,1444,1446,1526,-1,1526,1446,1450,-1,1526,1450,1524,-1,1524,1450,1482,-1,1524,1482,1518,-1,1518,1482,1484,-1,1518,1484,1516,-1,1516,1484,1486,-1,1516,1486,1515,-1,1515,1486,1488,-1,1515,1488,1490,-1,1549,1551,1528,-1,1503,1490,1501,-1,1501,1490,1499,-1,1541,1543,1530,-1,1530,1543,1544,-1,1530,1544,1528,-1,1528,1544,1546,-1,1528,1546,1549,-1,1551,1553,1528,-1,1528,1553,1555,-1,1528,1555,1557,-1,1557,1559,1528,-1,1528,1559,1431,-1,1528,1431,1430,-1,1499,1490,1497,-1,1497,1490,1493,-1,1497,1493,1495,-1,1503,1505,1490,-1,1490,1505,1507,-1,1490,1507,1509,-1,1509,1511,1490,-1,1490,1511,1513,-1,1490,1513,1515,-1,1525,1485,1527,-1,1527,1485,1483,-1,1527,1483,1529,-1,1491,1489,1487,-1,1477,1454,1453,-1,1547,1545,1542,-1,1529,1483,1451,-1,1451,1483,1481,-1,1451,1481,1453,-1,1453,1481,1479,-1,1453,1479,1477,-1,1451,1449,1447,-1,1441,1439,1529,-1,1510,1508,1491,-1,1441,1529,1443,-1,1477,1475,1454,-1,1454,1475,1472,-1,1454,1472,1470,-1,1470,1468,1454,-1,1454,1468,1466,-1,1454,1466,1464,-1,1464,1462,1454,-1,1454,1462,1460,-1,1454,1460,1456,-1,1456,1460,1458,-1,1498,1491,1500,-1,1500,1491,1502,-1,1451,1447,1529,-1,1529,1447,1445,-1,1529,1445,1443,-1,1523,1521,1525,-1,1525,1521,1519,-1,1525,1519,1485,-1,1485,1519,1517,-1,1485,1517,1487,-1,1487,1517,1514,-1,1487,1514,1491,-1,1491,1514,1512,-1,1491,1512,1510,-1,1508,1506,1491,-1,1491,1506,1504,-1,1491,1504,1502,-1,1498,1496,1491,-1,1491,1496,1494,-1,1491,1494,1492,-1,1534,1532,1536,-1,1536,1532,1531,-1,1536,1531,1538,-1,1538,1531,1540,-1,1439,1437,1529,-1,1529,1437,1435,-1,1529,1435,1432,-1,1432,1433,1529,-1,1529,1433,1558,-1,1529,1558,1556,-1,1556,1554,1529,-1,1529,1554,1552,-1,1529,1552,1550,-1,1550,1548,1529,-1,1529,1548,1547,-1,1529,1547,1531,-1,1531,1547,1542,-1,1531,1542,1540,-1,1560,1561,1562,-1,1562,1561,1563,-1,1560,1562,1564,-1,1564,1562,1565,-1,1564,1565,1566,-1,1566,1565,1567,-1,1566,1567,1568,-1,1568,1567,1569,-1,1568,1569,1570,-1,1570,1569,1571,-1,1570,1571,1572,-1,1572,1571,1573,-1,1572,1573,1574,-1,1574,1573,1575,-1,1574,1575,1576,-1,1576,1575,1577,-1,1578,1576,1579,-1,1579,1576,1577,-1,1580,1578,1581,-1,1581,1578,1579,-1,1582,1580,1583,-1,1583,1580,1581,-1,1582,1583,1584,-1,1582,1584,1585,-1,1585,1584,1586,-1,1585,1586,1587,-1,1587,1586,1588,-1,1587,1588,1589,-1,1589,1588,1590,-1,1589,1590,1591,-1,1591,1590,1592,-1,1591,1592,1593,-1,1593,1592,1594,-1,1593,1594,1595,-1,1595,1594,1596,-1,1595,1596,1597,-1,1597,1596,1598,-1,1597,1598,1599,-1,1599,1598,1600,-1,1599,1600,1601,-1,1601,1600,1602,-1,1601,1602,1603,-1,1604,1603,1605,-1,1605,1603,1602,-1,1606,1604,1607,-1,1607,1604,1605,-1,1608,1606,1609,-1,1609,1606,1607,-1,1610,1608,1611,-1,1611,1608,1609,-1,1612,1610,1613,-1,1613,1610,1611,-1,1614,1612,1615,-1,1615,1612,1613,-1,1616,1614,1617,-1,1617,1614,1615,-1,1618,1616,1619,-1,1619,1616,1617,-1,1620,1618,1621,-1,1621,1618,1619,-1,1620,1621,1622,-1,1620,1622,1623,-1,1623,1622,1624,-1,1623,1624,1625,-1,1625,1624,1626,-1,1625,1626,1627,-1,1627,1626,1628,-1,1627,1628,1629,-1,1629,1628,1630,-1,1629,1630,1631,-1,1631,1630,1632,-1,1631,1632,1633,-1,1633,1632,1634,-1,1633,1634,1635,-1,1635,1634,1636,-1,1635,1636,1637,-1,1637,1636,1638,-1,1637,1638,1639,-1,1639,1638,1640,-1,1639,1640,1641,-1,1641,1640,1642,-1,1641,1642,1643,-1,1643,1642,1644,-1,1643,1644,1645,-1,1646,1645,1647,-1,1647,1645,1644,-1,1648,1646,1649,-1,1649,1646,1647,-1,1650,1648,1651,-1,1651,1648,1649,-1,1652,1650,1653,-1,1653,1650,1651,-1,1654,1652,1655,-1,1655,1652,1653,-1,1656,1654,1657,-1,1657,1654,1655,-1,1658,1656,1659,-1,1659,1656,1657,-1,1660,1658,1661,-1,1661,1658,1659,-1,1660,1661,1662,-1,1660,1662,1663,-1,1663,1662,1664,-1,1663,1664,1665,-1,1665,1664,1666,-1,1665,1666,1667,-1,1667,1666,1668,-1,1667,1668,1669,-1,1669,1668,1670,-1,1669,1670,1671,-1,1671,1670,1672,-1,1671,1672,1673,-1,1674,1673,1675,-1,1675,1673,1672,-1,1676,1674,1677,-1,1677,1674,1675,-1,1676,1677,1678,-1,1676,1678,1679,-1,1679,1678,1680,-1,1679,1680,1681,-1,1681,1680,1682,-1,1681,1682,1683,-1,1683,1682,1684,-1,1683,1684,1685,-1,1685,1684,1686,-1,1685,1686,1687,-1,1687,1686,1688,-1,1687,1688,1689,-1,1689,1688,1563,-1,1689,1563,1561,-1,1576,1578,1580,-1,1603,1604,1606,-1,1606,1608,1610,-1,1564,1566,1658,-1,1663,1665,1667,-1,1587,1589,1591,-1,1612,1580,1610,-1,1610,1580,1582,-1,1610,1582,1606,-1,1606,1582,1585,-1,1606,1585,1603,-1,1603,1585,1601,-1,1564,1658,1560,-1,1587,1591,1585,-1,1585,1591,1593,-1,1585,1593,1595,-1,1663,1667,1660,-1,1660,1667,1669,-1,1660,1669,1671,-1,1595,1597,1585,-1,1585,1597,1599,-1,1585,1599,1601,-1,1566,1568,1658,-1,1658,1568,1570,-1,1658,1570,1656,-1,1656,1570,1572,-1,1656,1572,1574,-1,1650,1652,1648,-1,1648,1652,1654,-1,1574,1576,1656,-1,1656,1576,1580,-1,1656,1580,1654,-1,1654,1580,1612,-1,1654,1612,1648,-1,1648,1612,1614,-1,1648,1614,1646,-1,1646,1614,1616,-1,1646,1616,1645,-1,1645,1616,1618,-1,1645,1618,1620,-1,1679,1681,1658,-1,1633,1620,1631,-1,1631,1620,1629,-1,1671,1673,1660,-1,1660,1673,1674,-1,1660,1674,1658,-1,1658,1674,1676,-1,1658,1676,1679,-1,1681,1683,1658,-1,1658,1683,1685,-1,1658,1685,1687,-1,1687,1689,1658,-1,1658,1689,1561,-1,1658,1561,1560,-1,1629,1620,1627,-1,1627,1620,1623,-1,1627,1623,1625,-1,1633,1635,1620,-1,1620,1635,1637,-1,1620,1637,1639,-1,1639,1641,1620,-1,1620,1641,1643,-1,1620,1643,1645,-1,1655,1615,1657,-1,1657,1615,1613,-1,1657,1613,1659,-1,1621,1619,1617,-1,1607,1584,1583,-1,1677,1675,1672,-1,1659,1613,1581,-1,1581,1613,1611,-1,1581,1611,1583,-1,1583,1611,1609,-1,1583,1609,1607,-1,1581,1579,1577,-1,1571,1569,1659,-1,1640,1638,1621,-1,1571,1659,1573,-1,1607,1605,1584,-1,1584,1605,1602,-1,1584,1602,1600,-1,1600,1598,1584,-1,1584,1598,1596,-1,1584,1596,1594,-1,1594,1592,1584,-1,1584,1592,1590,-1,1584,1590,1586,-1,1586,1590,1588,-1,1628,1621,1630,-1,1630,1621,1632,-1,1581,1577,1659,-1,1659,1577,1575,-1,1659,1575,1573,-1,1653,1651,1655,-1,1655,1651,1649,-1,1655,1649,1615,-1,1615,1649,1647,-1,1615,1647,1617,-1,1617,1647,1644,-1,1617,1644,1621,-1,1621,1644,1642,-1,1621,1642,1640,-1,1638,1636,1621,-1,1621,1636,1634,-1,1621,1634,1632,-1,1628,1626,1621,-1,1621,1626,1624,-1,1621,1624,1622,-1,1664,1662,1666,-1,1666,1662,1661,-1,1666,1661,1668,-1,1668,1661,1670,-1,1569,1567,1659,-1,1659,1567,1565,-1,1659,1565,1562,-1,1562,1563,1659,-1,1659,1563,1688,-1,1659,1688,1686,-1,1686,1684,1659,-1,1659,1684,1682,-1,1659,1682,1680,-1,1680,1678,1659,-1,1659,1678,1677,-1,1659,1677,1661,-1,1661,1677,1672,-1,1661,1672,1670,-1,1690,1691,1692,-1,1692,1691,1693,-1,1690,1692,1694,-1,1694,1692,1695,-1,1694,1695,1696,-1,1696,1695,1697,-1,1696,1697,1698,-1,1698,1697,1699,-1,1698,1699,1700,-1,1700,1699,1701,-1,1700,1701,1702,-1,1702,1701,1703,-1,1702,1703,1704,-1,1704,1703,1705,-1,1704,1705,1706,-1,1706,1705,1707,-1,1708,1706,1709,-1,1709,1706,1707,-1,1710,1708,1711,-1,1711,1708,1709,-1,1712,1710,1713,-1,1713,1710,1711,-1,1712,1713,1714,-1,1712,1714,1715,-1,1715,1714,1716,-1,1715,1716,1717,-1,1717,1716,1718,-1,1717,1718,1719,-1,1719,1718,1720,-1,1719,1720,1721,-1,1721,1720,1722,-1,1721,1722,1723,-1,1723,1722,1724,-1,1723,1724,1725,-1,1725,1724,1726,-1,1725,1726,1727,-1,1727,1726,1728,-1,1727,1728,1729,-1,1729,1728,1730,-1,1729,1730,1731,-1,1731,1730,1732,-1,1731,1732,1733,-1,1734,1733,1735,-1,1735,1733,1732,-1,1736,1734,1737,-1,1737,1734,1735,-1,1738,1736,1739,-1,1739,1736,1737,-1,1740,1738,1741,-1,1741,1738,1739,-1,1742,1740,1743,-1,1743,1740,1741,-1,1744,1742,1745,-1,1745,1742,1743,-1,1746,1744,1747,-1,1747,1744,1745,-1,1748,1746,1749,-1,1749,1746,1747,-1,1750,1748,1751,-1,1751,1748,1749,-1,1750,1751,1752,-1,1750,1752,1753,-1,1753,1752,1754,-1,1753,1754,1755,-1,1755,1754,1756,-1,1755,1756,1757,-1,1757,1756,1758,-1,1757,1758,1759,-1,1759,1758,1760,-1,1759,1760,1761,-1,1761,1760,1762,-1,1761,1762,1763,-1,1763,1762,1764,-1,1763,1764,1765,-1,1765,1764,1766,-1,1765,1766,1767,-1,1767,1766,1768,-1,1767,1768,1769,-1,1769,1768,1770,-1,1769,1770,1771,-1,1771,1770,1772,-1,1771,1772,1773,-1,1773,1772,1774,-1,1773,1774,1775,-1,1776,1775,1777,-1,1777,1775,1774,-1,1778,1776,1779,-1,1779,1776,1777,-1,1780,1778,1781,-1,1781,1778,1779,-1,1782,1780,1783,-1,1783,1780,1781,-1,1784,1782,1785,-1,1785,1782,1783,-1,1786,1784,1787,-1,1787,1784,1785,-1,1788,1786,1789,-1,1789,1786,1787,-1,1790,1788,1791,-1,1791,1788,1789,-1,1790,1791,1792,-1,1790,1792,1793,-1,1793,1792,1794,-1,1793,1794,1795,-1,1795,1794,1796,-1,1795,1796,1797,-1,1797,1796,1798,-1,1797,1798,1799,-1,1799,1798,1800,-1,1799,1800,1801,-1,1801,1800,1802,-1,1801,1802,1803,-1,1804,1803,1805,-1,1805,1803,1802,-1,1806,1804,1807,-1,1807,1804,1805,-1,1806,1807,1808,-1,1806,1808,1809,-1,1809,1808,1810,-1,1809,1810,1811,-1,1811,1810,1812,-1,1811,1812,1813,-1,1813,1812,1814,-1,1813,1814,1815,-1,1815,1814,1816,-1,1815,1816,1817,-1,1817,1816,1818,-1,1817,1818,1819,-1,1819,1818,1693,-1,1819,1693,1691,-1,1706,1708,1710,-1,1733,1734,1736,-1,1736,1738,1740,-1,1694,1696,1788,-1,1793,1795,1797,-1,1717,1719,1721,-1,1742,1710,1740,-1,1740,1710,1712,-1,1740,1712,1736,-1,1736,1712,1715,-1,1736,1715,1733,-1,1733,1715,1731,-1,1694,1788,1690,-1,1717,1721,1715,-1,1715,1721,1723,-1,1715,1723,1725,-1,1793,1797,1790,-1,1790,1797,1799,-1,1790,1799,1801,-1,1725,1727,1715,-1,1715,1727,1729,-1,1715,1729,1731,-1,1696,1698,1788,-1,1788,1698,1700,-1,1788,1700,1786,-1,1786,1700,1702,-1,1786,1702,1704,-1,1780,1782,1778,-1,1778,1782,1784,-1,1704,1706,1786,-1,1786,1706,1710,-1,1786,1710,1784,-1,1784,1710,1742,-1,1784,1742,1778,-1,1778,1742,1744,-1,1778,1744,1776,-1,1776,1744,1746,-1,1776,1746,1775,-1,1775,1746,1748,-1,1775,1748,1750,-1,1809,1811,1788,-1,1763,1750,1761,-1,1761,1750,1759,-1,1801,1803,1790,-1,1790,1803,1804,-1,1790,1804,1788,-1,1788,1804,1806,-1,1788,1806,1809,-1,1811,1813,1788,-1,1788,1813,1815,-1,1788,1815,1817,-1,1817,1819,1788,-1,1788,1819,1691,-1,1788,1691,1690,-1,1759,1750,1757,-1,1757,1750,1753,-1,1757,1753,1755,-1,1763,1765,1750,-1,1750,1765,1767,-1,1750,1767,1769,-1,1769,1771,1750,-1,1750,1771,1773,-1,1750,1773,1775,-1,1785,1745,1787,-1,1787,1745,1743,-1,1787,1743,1789,-1,1751,1749,1747,-1,1737,1714,1713,-1,1807,1805,1802,-1,1789,1743,1711,-1,1711,1743,1741,-1,1711,1741,1713,-1,1713,1741,1739,-1,1713,1739,1737,-1,1711,1709,1707,-1,1701,1699,1789,-1,1770,1768,1751,-1,1701,1789,1703,-1,1737,1735,1714,-1,1714,1735,1732,-1,1714,1732,1730,-1,1730,1728,1714,-1,1714,1728,1726,-1,1714,1726,1724,-1,1724,1722,1714,-1,1714,1722,1720,-1,1714,1720,1716,-1,1716,1720,1718,-1,1758,1751,1760,-1,1760,1751,1762,-1,1711,1707,1789,-1,1789,1707,1705,-1,1789,1705,1703,-1,1783,1781,1785,-1,1785,1781,1779,-1,1785,1779,1745,-1,1745,1779,1777,-1,1745,1777,1747,-1,1747,1777,1774,-1,1747,1774,1751,-1,1751,1774,1772,-1,1751,1772,1770,-1,1768,1766,1751,-1,1751,1766,1764,-1,1751,1764,1762,-1,1758,1756,1751,-1,1751,1756,1754,-1,1751,1754,1752,-1,1794,1792,1796,-1,1796,1792,1791,-1,1796,1791,1798,-1,1798,1791,1800,-1,1699,1697,1789,-1,1789,1697,1695,-1,1789,1695,1692,-1,1692,1693,1789,-1,1789,1693,1818,-1,1789,1818,1816,-1,1816,1814,1789,-1,1789,1814,1812,-1,1789,1812,1810,-1,1810,1808,1789,-1,1789,1808,1807,-1,1789,1807,1791,-1,1791,1807,1802,-1,1791,1802,1800,-1,1820,1821,1822,-1,1822,1821,1823,-1,1820,1822,1824,-1,1824,1822,1825,-1,1824,1825,1826,-1,1826,1825,1827,-1,1826,1827,1828,-1,1828,1827,1829,-1,1828,1829,1830,-1,1830,1829,1831,-1,1830,1831,1832,-1,1832,1831,1833,-1,1832,1833,1834,-1,1834,1833,1835,-1,1834,1835,1836,-1,1836,1835,1837,-1,1838,1836,1839,-1,1839,1836,1837,-1,1840,1838,1841,-1,1841,1838,1839,-1,1842,1840,1843,-1,1843,1840,1841,-1,1842,1843,1844,-1,1842,1844,1845,-1,1845,1844,1846,-1,1845,1846,1847,-1,1847,1846,1848,-1,1847,1848,1849,-1,1849,1848,1850,-1,1849,1850,1851,-1,1851,1850,1852,-1,1851,1852,1853,-1,1853,1852,1854,-1,1853,1854,1855,-1,1855,1854,1856,-1,1855,1856,1857,-1,1857,1856,1858,-1,1857,1858,1859,-1,1859,1858,1860,-1,1859,1860,1861,-1,1861,1860,1862,-1,1861,1862,1863,-1,1864,1863,1865,-1,1865,1863,1862,-1,1866,1864,1867,-1,1867,1864,1865,-1,1868,1866,1869,-1,1869,1866,1867,-1,1870,1868,1871,-1,1871,1868,1869,-1,1872,1870,1873,-1,1873,1870,1871,-1,1874,1872,1875,-1,1875,1872,1873,-1,1876,1874,1877,-1,1877,1874,1875,-1,1878,1876,1879,-1,1879,1876,1877,-1,1880,1878,1881,-1,1881,1878,1879,-1,1880,1881,1882,-1,1880,1882,1883,-1,1883,1882,1884,-1,1883,1884,1885,-1,1885,1884,1886,-1,1885,1886,1887,-1,1887,1886,1888,-1,1887,1888,1889,-1,1889,1888,1890,-1,1889,1890,1891,-1,1891,1890,1892,-1,1891,1892,1893,-1,1893,1892,1894,-1,1893,1894,1895,-1,1895,1894,1896,-1,1895,1896,1897,-1,1897,1896,1898,-1,1897,1898,1899,-1,1899,1898,1900,-1,1899,1900,1901,-1,1901,1900,1902,-1,1901,1902,1903,-1,1903,1902,1904,-1,1903,1904,1905,-1,1906,1905,1907,-1,1907,1905,1904,-1,1908,1906,1909,-1,1909,1906,1907,-1,1910,1908,1911,-1,1911,1908,1909,-1,1912,1910,1913,-1,1913,1910,1911,-1,1914,1912,1915,-1,1915,1912,1913,-1,1916,1914,1917,-1,1917,1914,1915,-1,1918,1916,1919,-1,1919,1916,1917,-1,1920,1918,1921,-1,1921,1918,1919,-1,1920,1921,1922,-1,1920,1922,1923,-1,1923,1922,1924,-1,1923,1924,1925,-1,1925,1924,1926,-1,1925,1926,1927,-1,1927,1926,1928,-1,1927,1928,1929,-1,1929,1928,1930,-1,1929,1930,1931,-1,1931,1930,1932,-1,1931,1932,1933,-1,1934,1933,1935,-1,1935,1933,1932,-1,1936,1934,1937,-1,1937,1934,1935,-1,1936,1937,1938,-1,1936,1938,1939,-1,1939,1938,1940,-1,1939,1940,1941,-1,1941,1940,1942,-1,1941,1942,1943,-1,1943,1942,1944,-1,1943,1944,1945,-1,1945,1944,1946,-1,1945,1946,1947,-1,1947,1946,1948,-1,1947,1948,1949,-1,1949,1948,1823,-1,1949,1823,1821,-1,1836,1838,1840,-1,1863,1864,1866,-1,1866,1868,1870,-1,1824,1826,1918,-1,1923,1925,1927,-1,1847,1849,1851,-1,1872,1840,1870,-1,1870,1840,1842,-1,1870,1842,1866,-1,1866,1842,1845,-1,1866,1845,1863,-1,1863,1845,1861,-1,1824,1918,1820,-1,1847,1851,1845,-1,1845,1851,1853,-1,1845,1853,1855,-1,1923,1927,1920,-1,1920,1927,1929,-1,1920,1929,1931,-1,1855,1857,1845,-1,1845,1857,1859,-1,1845,1859,1861,-1,1826,1828,1918,-1,1918,1828,1830,-1,1918,1830,1916,-1,1916,1830,1832,-1,1916,1832,1834,-1,1910,1912,1908,-1,1908,1912,1914,-1,1834,1836,1916,-1,1916,1836,1840,-1,1916,1840,1914,-1,1914,1840,1872,-1,1914,1872,1908,-1,1908,1872,1874,-1,1908,1874,1906,-1,1906,1874,1876,-1,1906,1876,1905,-1,1905,1876,1878,-1,1905,1878,1880,-1,1939,1941,1918,-1,1893,1880,1891,-1,1891,1880,1889,-1,1931,1933,1920,-1,1920,1933,1934,-1,1920,1934,1918,-1,1918,1934,1936,-1,1918,1936,1939,-1,1941,1943,1918,-1,1918,1943,1945,-1,1918,1945,1947,-1,1947,1949,1918,-1,1918,1949,1821,-1,1918,1821,1820,-1,1889,1880,1887,-1,1887,1880,1883,-1,1887,1883,1885,-1,1893,1895,1880,-1,1880,1895,1897,-1,1880,1897,1899,-1,1899,1901,1880,-1,1880,1901,1903,-1,1880,1903,1905,-1,1915,1875,1917,-1,1917,1875,1873,-1,1917,1873,1919,-1,1881,1879,1877,-1,1867,1844,1843,-1,1937,1935,1932,-1,1919,1873,1841,-1,1841,1873,1871,-1,1841,1871,1843,-1,1843,1871,1869,-1,1843,1869,1867,-1,1841,1839,1837,-1,1831,1829,1919,-1,1900,1898,1881,-1,1831,1919,1833,-1,1867,1865,1844,-1,1844,1865,1862,-1,1844,1862,1860,-1,1860,1858,1844,-1,1844,1858,1856,-1,1844,1856,1854,-1,1854,1852,1844,-1,1844,1852,1850,-1,1844,1850,1846,-1,1846,1850,1848,-1,1888,1881,1890,-1,1890,1881,1892,-1,1841,1837,1919,-1,1919,1837,1835,-1,1919,1835,1833,-1,1913,1911,1915,-1,1915,1911,1909,-1,1915,1909,1875,-1,1875,1909,1907,-1,1875,1907,1877,-1,1877,1907,1904,-1,1877,1904,1881,-1,1881,1904,1902,-1,1881,1902,1900,-1,1898,1896,1881,-1,1881,1896,1894,-1,1881,1894,1892,-1,1888,1886,1881,-1,1881,1886,1884,-1,1881,1884,1882,-1,1924,1922,1926,-1,1926,1922,1921,-1,1926,1921,1928,-1,1928,1921,1930,-1,1829,1827,1919,-1,1919,1827,1825,-1,1919,1825,1822,-1,1822,1823,1919,-1,1919,1823,1948,-1,1919,1948,1946,-1,1946,1944,1919,-1,1919,1944,1942,-1,1919,1942,1940,-1,1940,1938,1919,-1,1919,1938,1937,-1,1919,1937,1921,-1,1921,1937,1932,-1,1921,1932,1930,-1,1950,1951,1952,-1,1952,1951,1953,-1,1950,1952,1954,-1,1954,1952,1955,-1,1954,1955,1956,-1,1956,1955,1957,-1,1956,1957,1958,-1,1958,1957,1959,-1,1958,1959,1960,-1,1960,1959,1961,-1,1960,1961,1962,-1,1962,1961,1963,-1,1962,1963,1964,-1,1964,1963,1965,-1,1964,1965,1966,-1,1966,1965,1967,-1,1968,1966,1969,-1,1969,1966,1967,-1,1970,1968,1971,-1,1971,1968,1969,-1,1972,1970,1973,-1,1973,1970,1971,-1,1972,1973,1974,-1,1972,1974,1975,-1,1975,1974,1976,-1,1975,1976,1977,-1,1977,1976,1978,-1,1977,1978,1979,-1,1979,1978,1980,-1,1979,1980,1981,-1,1981,1980,1982,-1,1981,1982,1983,-1,1983,1982,1984,-1,1983,1984,1985,-1,1985,1984,1986,-1,1985,1986,1987,-1,1987,1986,1988,-1,1987,1988,1989,-1,1989,1988,1990,-1,1989,1990,1991,-1,1991,1990,1992,-1,1991,1992,1993,-1,1994,1993,1995,-1,1995,1993,1992,-1,1996,1994,1997,-1,1997,1994,1995,-1,1998,1996,1999,-1,1999,1996,1997,-1,2000,1998,2001,-1,2001,1998,1999,-1,2002,2000,2003,-1,2003,2000,2001,-1,2004,2002,2005,-1,2005,2002,2003,-1,2006,2004,2007,-1,2007,2004,2005,-1,2008,2006,2009,-1,2009,2006,2007,-1,2010,2008,2011,-1,2011,2008,2009,-1,2010,2011,2012,-1,2010,2012,2013,-1,2013,2012,2014,-1,2013,2014,2015,-1,2015,2014,2016,-1,2015,2016,2017,-1,2017,2016,2018,-1,2017,2018,2019,-1,2019,2018,2020,-1,2019,2020,2021,-1,2021,2020,2022,-1,2021,2022,2023,-1,2023,2022,2024,-1,2023,2024,2025,-1,2025,2024,2026,-1,2025,2026,2027,-1,2027,2026,2028,-1,2027,2028,2029,-1,2029,2028,2030,-1,2029,2030,2031,-1,2031,2030,2032,-1,2031,2032,2033,-1,2033,2032,2034,-1,2033,2034,2035,-1,2036,2035,2037,-1,2037,2035,2034,-1,2038,2036,2039,-1,2039,2036,2037,-1,2040,2038,2041,-1,2041,2038,2039,-1,2042,2040,2043,-1,2043,2040,2041,-1,2044,2042,2045,-1,2045,2042,2043,-1,2046,2044,2047,-1,2047,2044,2045,-1,2048,2046,2049,-1,2049,2046,2047,-1,2050,2048,2051,-1,2051,2048,2049,-1,2050,2051,2052,-1,2050,2052,2053,-1,2053,2052,2054,-1,2053,2054,2055,-1,2055,2054,2056,-1,2055,2056,2057,-1,2057,2056,2058,-1,2057,2058,2059,-1,2059,2058,2060,-1,2059,2060,2061,-1,2061,2060,2062,-1,2061,2062,2063,-1,2064,2063,2065,-1,2065,2063,2062,-1,2066,2064,2067,-1,2067,2064,2065,-1,2066,2067,2068,-1,2066,2068,2069,-1,2069,2068,2070,-1,2069,2070,2071,-1,2071,2070,2072,-1,2071,2072,2073,-1,2073,2072,2074,-1,2073,2074,2075,-1,2075,2074,2076,-1,2075,2076,2077,-1,2077,2076,2078,-1,2077,2078,2079,-1,2079,2078,1953,-1,2079,1953,1951,-1,1966,1968,1970,-1,1993,1994,1996,-1,1996,1998,2000,-1,1954,1956,2048,-1,2053,2055,2057,-1,1977,1979,1981,-1,2002,1970,2000,-1,2000,1970,1972,-1,2000,1972,1996,-1,1996,1972,1975,-1,1996,1975,1993,-1,1993,1975,1991,-1,1954,2048,1950,-1,1977,1981,1975,-1,1975,1981,1983,-1,1975,1983,1985,-1,2053,2057,2050,-1,2050,2057,2059,-1,2050,2059,2061,-1,1985,1987,1975,-1,1975,1987,1989,-1,1975,1989,1991,-1,1956,1958,2048,-1,2048,1958,1960,-1,2048,1960,2046,-1,2046,1960,1962,-1,2046,1962,1964,-1,2040,2042,2038,-1,2038,2042,2044,-1,1964,1966,2046,-1,2046,1966,1970,-1,2046,1970,2044,-1,2044,1970,2002,-1,2044,2002,2038,-1,2038,2002,2004,-1,2038,2004,2036,-1,2036,2004,2006,-1,2036,2006,2035,-1,2035,2006,2008,-1,2035,2008,2010,-1,2069,2071,2048,-1,2023,2010,2021,-1,2021,2010,2019,-1,2061,2063,2050,-1,2050,2063,2064,-1,2050,2064,2048,-1,2048,2064,2066,-1,2048,2066,2069,-1,2071,2073,2048,-1,2048,2073,2075,-1,2048,2075,2077,-1,2077,2079,2048,-1,2048,2079,1951,-1,2048,1951,1950,-1,2019,2010,2017,-1,2017,2010,2013,-1,2017,2013,2015,-1,2023,2025,2010,-1,2010,2025,2027,-1,2010,2027,2029,-1,2029,2031,2010,-1,2010,2031,2033,-1,2010,2033,2035,-1,2045,2005,2047,-1,2047,2005,2003,-1,2047,2003,2049,-1,2011,2009,2007,-1,1997,1974,1973,-1,2067,2065,2062,-1,2049,2003,1971,-1,1971,2003,2001,-1,1971,2001,1973,-1,1973,2001,1999,-1,1973,1999,1997,-1,1971,1969,1967,-1,1961,1959,2049,-1,2030,2028,2011,-1,1961,2049,1963,-1,1997,1995,1974,-1,1974,1995,1992,-1,1974,1992,1990,-1,1990,1988,1974,-1,1974,1988,1986,-1,1974,1986,1984,-1,1984,1982,1974,-1,1974,1982,1980,-1,1974,1980,1976,-1,1976,1980,1978,-1,2018,2011,2020,-1,2020,2011,2022,-1,1971,1967,2049,-1,2049,1967,1965,-1,2049,1965,1963,-1,2043,2041,2045,-1,2045,2041,2039,-1,2045,2039,2005,-1,2005,2039,2037,-1,2005,2037,2007,-1,2007,2037,2034,-1,2007,2034,2011,-1,2011,2034,2032,-1,2011,2032,2030,-1,2028,2026,2011,-1,2011,2026,2024,-1,2011,2024,2022,-1,2018,2016,2011,-1,2011,2016,2014,-1,2011,2014,2012,-1,2054,2052,2056,-1,2056,2052,2051,-1,2056,2051,2058,-1,2058,2051,2060,-1,1959,1957,2049,-1,2049,1957,1955,-1,2049,1955,1952,-1,1952,1953,2049,-1,2049,1953,2078,-1,2049,2078,2076,-1,2076,2074,2049,-1,2049,2074,2072,-1,2049,2072,2070,-1,2070,2068,2049,-1,2049,2068,2067,-1,2049,2067,2051,-1,2051,2067,2062,-1,2051,2062,2060,-1,2080,2081,2082,-1,2082,2081,2083,-1,2080,2082,2084,-1,2084,2082,2085,-1,2084,2085,2086,-1,2086,2085,2087,-1,2086,2087,2088,-1,2088,2087,2089,-1,2088,2089,2090,-1,2090,2089,2091,-1,2090,2091,2092,-1,2092,2091,2093,-1,2092,2093,2094,-1,2094,2093,2095,-1,2094,2095,2096,-1,2096,2095,2097,-1,2098,2096,2099,-1,2099,2096,2097,-1,2100,2098,2101,-1,2101,2098,2099,-1,2102,2100,2103,-1,2103,2100,2101,-1,2102,2103,2104,-1,2102,2104,2105,-1,2105,2104,2106,-1,2105,2106,2107,-1,2107,2106,2108,-1,2107,2108,2109,-1,2109,2108,2110,-1,2109,2110,2111,-1,2111,2110,2112,-1,2111,2112,2113,-1,2113,2112,2114,-1,2113,2114,2115,-1,2115,2114,2116,-1,2115,2116,2117,-1,2117,2116,2118,-1,2117,2118,2119,-1,2119,2118,2120,-1,2119,2120,2121,-1,2121,2120,2122,-1,2121,2122,2123,-1,2124,2123,2125,-1,2125,2123,2122,-1,2126,2124,2127,-1,2127,2124,2125,-1,2128,2126,2129,-1,2129,2126,2127,-1,2130,2128,2131,-1,2131,2128,2129,-1,2132,2130,2133,-1,2133,2130,2131,-1,2134,2132,2135,-1,2135,2132,2133,-1,2136,2134,2137,-1,2137,2134,2135,-1,2138,2136,2139,-1,2139,2136,2137,-1,2140,2138,2141,-1,2141,2138,2139,-1,2140,2141,2142,-1,2140,2142,2143,-1,2143,2142,2144,-1,2143,2144,2145,-1,2145,2144,2146,-1,2145,2146,2147,-1,2147,2146,2148,-1,2147,2148,2149,-1,2149,2148,2150,-1,2149,2150,2151,-1,2151,2150,2152,-1,2151,2152,2153,-1,2153,2152,2154,-1,2153,2154,2155,-1,2155,2154,2156,-1,2155,2156,2157,-1,2157,2156,2158,-1,2157,2158,2159,-1,2159,2158,2160,-1,2159,2160,2161,-1,2161,2160,2162,-1,2161,2162,2163,-1,2163,2162,2164,-1,2163,2164,2165,-1,2166,2165,2167,-1,2167,2165,2164,-1,2168,2166,2169,-1,2169,2166,2167,-1,2170,2168,2171,-1,2171,2168,2169,-1,2172,2170,2173,-1,2173,2170,2171,-1,2174,2172,2175,-1,2175,2172,2173,-1,2176,2174,2177,-1,2177,2174,2175,-1,2178,2176,2179,-1,2179,2176,2177,-1,2180,2178,2181,-1,2181,2178,2179,-1,2180,2181,2182,-1,2180,2182,2183,-1,2183,2182,2184,-1,2183,2184,2185,-1,2185,2184,2186,-1,2185,2186,2187,-1,2187,2186,2188,-1,2187,2188,2189,-1,2189,2188,2190,-1,2189,2190,2191,-1,2191,2190,2192,-1,2191,2192,2193,-1,2194,2193,2195,-1,2195,2193,2192,-1,2196,2194,2197,-1,2197,2194,2195,-1,2196,2197,2198,-1,2196,2198,2199,-1,2199,2198,2200,-1,2199,2200,2201,-1,2201,2200,2202,-1,2201,2202,2203,-1,2203,2202,2204,-1,2203,2204,2205,-1,2205,2204,2206,-1,2205,2206,2207,-1,2207,2206,2208,-1,2207,2208,2209,-1,2209,2208,2083,-1,2209,2083,2081,-1,2096,2098,2100,-1,2123,2124,2126,-1,2126,2128,2130,-1,2084,2086,2178,-1,2183,2185,2187,-1,2107,2109,2111,-1,2132,2100,2130,-1,2130,2100,2102,-1,2130,2102,2126,-1,2126,2102,2105,-1,2126,2105,2123,-1,2123,2105,2121,-1,2084,2178,2080,-1,2107,2111,2105,-1,2105,2111,2113,-1,2105,2113,2115,-1,2183,2187,2180,-1,2180,2187,2189,-1,2180,2189,2191,-1,2115,2117,2105,-1,2105,2117,2119,-1,2105,2119,2121,-1,2086,2088,2178,-1,2178,2088,2090,-1,2178,2090,2176,-1,2176,2090,2092,-1,2176,2092,2094,-1,2170,2172,2168,-1,2168,2172,2174,-1,2094,2096,2176,-1,2176,2096,2100,-1,2176,2100,2174,-1,2174,2100,2132,-1,2174,2132,2168,-1,2168,2132,2134,-1,2168,2134,2166,-1,2166,2134,2136,-1,2166,2136,2165,-1,2165,2136,2138,-1,2165,2138,2140,-1,2199,2201,2178,-1,2153,2140,2151,-1,2151,2140,2149,-1,2191,2193,2180,-1,2180,2193,2194,-1,2180,2194,2178,-1,2178,2194,2196,-1,2178,2196,2199,-1,2201,2203,2178,-1,2178,2203,2205,-1,2178,2205,2207,-1,2207,2209,2178,-1,2178,2209,2081,-1,2178,2081,2080,-1,2149,2140,2147,-1,2147,2140,2143,-1,2147,2143,2145,-1,2153,2155,2140,-1,2140,2155,2157,-1,2140,2157,2159,-1,2159,2161,2140,-1,2140,2161,2163,-1,2140,2163,2165,-1,2175,2135,2177,-1,2177,2135,2133,-1,2177,2133,2179,-1,2141,2139,2137,-1,2127,2104,2103,-1,2197,2195,2192,-1,2179,2133,2101,-1,2101,2133,2131,-1,2101,2131,2103,-1,2103,2131,2129,-1,2103,2129,2127,-1,2101,2099,2097,-1,2091,2089,2179,-1,2160,2158,2141,-1,2091,2179,2093,-1,2127,2125,2104,-1,2104,2125,2122,-1,2104,2122,2120,-1,2120,2118,2104,-1,2104,2118,2116,-1,2104,2116,2114,-1,2114,2112,2104,-1,2104,2112,2110,-1,2104,2110,2106,-1,2106,2110,2108,-1,2148,2141,2150,-1,2150,2141,2152,-1,2101,2097,2179,-1,2179,2097,2095,-1,2179,2095,2093,-1,2173,2171,2175,-1,2175,2171,2169,-1,2175,2169,2135,-1,2135,2169,2167,-1,2135,2167,2137,-1,2137,2167,2164,-1,2137,2164,2141,-1,2141,2164,2162,-1,2141,2162,2160,-1,2158,2156,2141,-1,2141,2156,2154,-1,2141,2154,2152,-1,2148,2146,2141,-1,2141,2146,2144,-1,2141,2144,2142,-1,2184,2182,2186,-1,2186,2182,2181,-1,2186,2181,2188,-1,2188,2181,2190,-1,2089,2087,2179,-1,2179,2087,2085,-1,2179,2085,2082,-1,2082,2083,2179,-1,2179,2083,2208,-1,2179,2208,2206,-1,2206,2204,2179,-1,2179,2204,2202,-1,2179,2202,2200,-1,2200,2198,2179,-1,2179,2198,2197,-1,2179,2197,2181,-1,2181,2197,2192,-1,2181,2192,2190,-1,2210,2211,2212,-1,2212,2211,2213,-1,2210,2212,2214,-1,2214,2212,2215,-1,2214,2215,2216,-1,2216,2215,2217,-1,2216,2217,2218,-1,2218,2217,2219,-1,2218,2219,2220,-1,2220,2219,2221,-1,2220,2221,2222,-1,2222,2221,2223,-1,2222,2223,2224,-1,2224,2223,2225,-1,2224,2225,2226,-1,2226,2225,2227,-1,2228,2226,2229,-1,2229,2226,2227,-1,2230,2228,2231,-1,2231,2228,2229,-1,2232,2230,2233,-1,2233,2230,2231,-1,2232,2233,2234,-1,2232,2234,2235,-1,2235,2234,2236,-1,2235,2236,2237,-1,2237,2236,2238,-1,2237,2238,2239,-1,2239,2238,2240,-1,2239,2240,2241,-1,2241,2240,2242,-1,2241,2242,2243,-1,2243,2242,2244,-1,2243,2244,2245,-1,2245,2244,2246,-1,2245,2246,2247,-1,2247,2246,2248,-1,2247,2248,2249,-1,2249,2248,2250,-1,2249,2250,2251,-1,2251,2250,2252,-1,2251,2252,2253,-1,2254,2253,2255,-1,2255,2253,2252,-1,2256,2254,2257,-1,2257,2254,2255,-1,2258,2256,2259,-1,2259,2256,2257,-1,2260,2258,2261,-1,2261,2258,2259,-1,2262,2260,2263,-1,2263,2260,2261,-1,2264,2262,2265,-1,2265,2262,2263,-1,2266,2264,2267,-1,2267,2264,2265,-1,2268,2266,2269,-1,2269,2266,2267,-1,2270,2268,2271,-1,2271,2268,2269,-1,2270,2271,2272,-1,2270,2272,2273,-1,2273,2272,2274,-1,2273,2274,2275,-1,2275,2274,2276,-1,2275,2276,2277,-1,2277,2276,2278,-1,2277,2278,2279,-1,2279,2278,2280,-1,2279,2280,2281,-1,2281,2280,2282,-1,2281,2282,2283,-1,2283,2282,2284,-1,2283,2284,2285,-1,2285,2284,2286,-1,2285,2286,2287,-1,2287,2286,2288,-1,2287,2288,2289,-1,2289,2288,2290,-1,2289,2290,2291,-1,2291,2290,2292,-1,2291,2292,2293,-1,2293,2292,2294,-1,2293,2294,2295,-1,2296,2295,2297,-1,2297,2295,2294,-1,2298,2296,2299,-1,2299,2296,2297,-1,2300,2298,2301,-1,2301,2298,2299,-1,2302,2300,2303,-1,2303,2300,2301,-1,2304,2302,2305,-1,2305,2302,2303,-1,2306,2304,2307,-1,2307,2304,2305,-1,2308,2306,2309,-1,2309,2306,2307,-1,2310,2308,2311,-1,2311,2308,2309,-1,2310,2311,2312,-1,2310,2312,2313,-1,2313,2312,2314,-1,2313,2314,2315,-1,2315,2314,2316,-1,2315,2316,2317,-1,2317,2316,2318,-1,2317,2318,2319,-1,2319,2318,2320,-1,2319,2320,2321,-1,2321,2320,2322,-1,2321,2322,2323,-1,2324,2323,2325,-1,2325,2323,2322,-1,2326,2324,2327,-1,2327,2324,2325,-1,2326,2327,2328,-1,2326,2328,2329,-1,2329,2328,2330,-1,2329,2330,2331,-1,2331,2330,2332,-1,2331,2332,2333,-1,2333,2332,2334,-1,2333,2334,2335,-1,2335,2334,2336,-1,2335,2336,2337,-1,2337,2336,2338,-1,2337,2338,2339,-1,2339,2338,2213,-1,2339,2213,2211,-1,2226,2228,2230,-1,2253,2254,2256,-1,2256,2258,2260,-1,2214,2216,2308,-1,2313,2315,2317,-1,2237,2239,2241,-1,2262,2230,2260,-1,2260,2230,2232,-1,2260,2232,2256,-1,2256,2232,2235,-1,2256,2235,2253,-1,2253,2235,2251,-1,2214,2308,2210,-1,2237,2241,2235,-1,2235,2241,2243,-1,2235,2243,2245,-1,2313,2317,2310,-1,2310,2317,2319,-1,2310,2319,2321,-1,2245,2247,2235,-1,2235,2247,2249,-1,2235,2249,2251,-1,2216,2218,2308,-1,2308,2218,2220,-1,2308,2220,2306,-1,2306,2220,2222,-1,2306,2222,2224,-1,2300,2302,2298,-1,2298,2302,2304,-1,2224,2226,2306,-1,2306,2226,2230,-1,2306,2230,2304,-1,2304,2230,2262,-1,2304,2262,2298,-1,2298,2262,2264,-1,2298,2264,2296,-1,2296,2264,2266,-1,2296,2266,2295,-1,2295,2266,2268,-1,2295,2268,2270,-1,2329,2331,2308,-1,2283,2270,2281,-1,2281,2270,2279,-1,2321,2323,2310,-1,2310,2323,2324,-1,2310,2324,2308,-1,2308,2324,2326,-1,2308,2326,2329,-1,2331,2333,2308,-1,2308,2333,2335,-1,2308,2335,2337,-1,2337,2339,2308,-1,2308,2339,2211,-1,2308,2211,2210,-1,2279,2270,2277,-1,2277,2270,2273,-1,2277,2273,2275,-1,2283,2285,2270,-1,2270,2285,2287,-1,2270,2287,2289,-1,2289,2291,2270,-1,2270,2291,2293,-1,2270,2293,2295,-1,2305,2265,2307,-1,2307,2265,2263,-1,2307,2263,2309,-1,2271,2269,2267,-1,2257,2234,2233,-1,2327,2325,2322,-1,2309,2263,2231,-1,2231,2263,2261,-1,2231,2261,2233,-1,2233,2261,2259,-1,2233,2259,2257,-1,2231,2229,2227,-1,2221,2219,2309,-1,2290,2288,2271,-1,2221,2309,2223,-1,2257,2255,2234,-1,2234,2255,2252,-1,2234,2252,2250,-1,2250,2248,2234,-1,2234,2248,2246,-1,2234,2246,2244,-1,2244,2242,2234,-1,2234,2242,2240,-1,2234,2240,2236,-1,2236,2240,2238,-1,2278,2271,2280,-1,2280,2271,2282,-1,2231,2227,2309,-1,2309,2227,2225,-1,2309,2225,2223,-1,2303,2301,2305,-1,2305,2301,2299,-1,2305,2299,2265,-1,2265,2299,2297,-1,2265,2297,2267,-1,2267,2297,2294,-1,2267,2294,2271,-1,2271,2294,2292,-1,2271,2292,2290,-1,2288,2286,2271,-1,2271,2286,2284,-1,2271,2284,2282,-1,2278,2276,2271,-1,2271,2276,2274,-1,2271,2274,2272,-1,2314,2312,2316,-1,2316,2312,2311,-1,2316,2311,2318,-1,2318,2311,2320,-1,2219,2217,2309,-1,2309,2217,2215,-1,2309,2215,2212,-1,2212,2213,2309,-1,2309,2213,2338,-1,2309,2338,2336,-1,2336,2334,2309,-1,2309,2334,2332,-1,2309,2332,2330,-1,2330,2328,2309,-1,2309,2328,2327,-1,2309,2327,2311,-1,2311,2327,2322,-1,2311,2322,2320,-1,2340,2341,2342,-1,2342,2341,2343,-1,2340,2342,2344,-1,2344,2342,2345,-1,2344,2345,2346,-1,2346,2345,2347,-1,2346,2347,2348,-1,2348,2347,2349,-1,2348,2349,2350,-1,2350,2349,2351,-1,2350,2351,2352,-1,2352,2351,2353,-1,2352,2353,2354,-1,2354,2353,2355,-1,2354,2355,2356,-1,2356,2355,2357,-1,2358,2356,2359,-1,2359,2356,2357,-1,2360,2358,2361,-1,2361,2358,2359,-1,2362,2360,2363,-1,2363,2360,2361,-1,2362,2363,2364,-1,2362,2364,2365,-1,2365,2364,2366,-1,2365,2366,2367,-1,2367,2366,2368,-1,2367,2368,2369,-1,2369,2368,2370,-1,2369,2370,2371,-1,2371,2370,2372,-1,2371,2372,2373,-1,2373,2372,2374,-1,2373,2374,2375,-1,2375,2374,2376,-1,2375,2376,2377,-1,2377,2376,2378,-1,2377,2378,2379,-1,2379,2378,2380,-1,2379,2380,2381,-1,2381,2380,2382,-1,2381,2382,2383,-1,2384,2383,2385,-1,2385,2383,2382,-1,2386,2384,2387,-1,2387,2384,2385,-1,2388,2386,2389,-1,2389,2386,2387,-1,2390,2388,2391,-1,2391,2388,2389,-1,2392,2390,2393,-1,2393,2390,2391,-1,2394,2392,2395,-1,2395,2392,2393,-1,2396,2394,2397,-1,2397,2394,2395,-1,2398,2396,2399,-1,2399,2396,2397,-1,2400,2398,2401,-1,2401,2398,2399,-1,2400,2401,2402,-1,2400,2402,2403,-1,2403,2402,2404,-1,2403,2404,2405,-1,2405,2404,2406,-1,2405,2406,2407,-1,2407,2406,2408,-1,2407,2408,2409,-1,2409,2408,2410,-1,2409,2410,2411,-1,2411,2410,2412,-1,2411,2412,2413,-1,2413,2412,2414,-1,2413,2414,2415,-1,2415,2414,2416,-1,2415,2416,2417,-1,2417,2416,2418,-1,2417,2418,2419,-1,2419,2418,2420,-1,2419,2420,2421,-1,2421,2420,2422,-1,2421,2422,2423,-1,2423,2422,2424,-1,2423,2424,2425,-1,2426,2425,2427,-1,2427,2425,2424,-1,2428,2426,2429,-1,2429,2426,2427,-1,2430,2428,2431,-1,2431,2428,2429,-1,2432,2430,2433,-1,2433,2430,2431,-1,2434,2432,2435,-1,2435,2432,2433,-1,2436,2434,2437,-1,2437,2434,2435,-1,2438,2436,2439,-1,2439,2436,2437,-1,2440,2438,2441,-1,2441,2438,2439,-1,2440,2441,2442,-1,2440,2442,2443,-1,2443,2442,2444,-1,2443,2444,2445,-1,2445,2444,2446,-1,2445,2446,2447,-1,2447,2446,2448,-1,2447,2448,2449,-1,2449,2448,2450,-1,2449,2450,2451,-1,2451,2450,2452,-1,2451,2452,2453,-1,2454,2453,2455,-1,2455,2453,2452,-1,2456,2454,2457,-1,2457,2454,2455,-1,2456,2457,2458,-1,2456,2458,2459,-1,2459,2458,2460,-1,2459,2460,2461,-1,2461,2460,2462,-1,2461,2462,2463,-1,2463,2462,2464,-1,2463,2464,2465,-1,2465,2464,2466,-1,2465,2466,2467,-1,2467,2466,2468,-1,2467,2468,2469,-1,2469,2468,2343,-1,2469,2343,2341,-1,2356,2358,2360,-1,2383,2384,2386,-1,2386,2388,2390,-1,2344,2346,2438,-1,2443,2445,2447,-1,2367,2369,2371,-1,2392,2360,2390,-1,2390,2360,2362,-1,2390,2362,2386,-1,2386,2362,2365,-1,2386,2365,2383,-1,2383,2365,2381,-1,2344,2438,2340,-1,2367,2371,2365,-1,2365,2371,2373,-1,2365,2373,2375,-1,2443,2447,2440,-1,2440,2447,2449,-1,2440,2449,2451,-1,2375,2377,2365,-1,2365,2377,2379,-1,2365,2379,2381,-1,2346,2348,2438,-1,2438,2348,2350,-1,2438,2350,2436,-1,2436,2350,2352,-1,2436,2352,2354,-1,2430,2432,2428,-1,2428,2432,2434,-1,2354,2356,2436,-1,2436,2356,2360,-1,2436,2360,2434,-1,2434,2360,2392,-1,2434,2392,2428,-1,2428,2392,2394,-1,2428,2394,2426,-1,2426,2394,2396,-1,2426,2396,2425,-1,2425,2396,2398,-1,2425,2398,2400,-1,2459,2461,2438,-1,2413,2400,2411,-1,2411,2400,2409,-1,2451,2453,2440,-1,2440,2453,2454,-1,2440,2454,2438,-1,2438,2454,2456,-1,2438,2456,2459,-1,2461,2463,2438,-1,2438,2463,2465,-1,2438,2465,2467,-1,2467,2469,2438,-1,2438,2469,2341,-1,2438,2341,2340,-1,2409,2400,2407,-1,2407,2400,2403,-1,2407,2403,2405,-1,2413,2415,2400,-1,2400,2415,2417,-1,2400,2417,2419,-1,2419,2421,2400,-1,2400,2421,2423,-1,2400,2423,2425,-1,2435,2395,2437,-1,2437,2395,2393,-1,2437,2393,2439,-1,2401,2399,2397,-1,2387,2364,2363,-1,2457,2455,2452,-1,2439,2393,2361,-1,2361,2393,2391,-1,2361,2391,2363,-1,2363,2391,2389,-1,2363,2389,2387,-1,2361,2359,2357,-1,2351,2349,2439,-1,2420,2418,2401,-1,2351,2439,2353,-1,2387,2385,2364,-1,2364,2385,2382,-1,2364,2382,2380,-1,2380,2378,2364,-1,2364,2378,2376,-1,2364,2376,2374,-1,2374,2372,2364,-1,2364,2372,2370,-1,2364,2370,2366,-1,2366,2370,2368,-1,2408,2401,2410,-1,2410,2401,2412,-1,2361,2357,2439,-1,2439,2357,2355,-1,2439,2355,2353,-1,2433,2431,2435,-1,2435,2431,2429,-1,2435,2429,2395,-1,2395,2429,2427,-1,2395,2427,2397,-1,2397,2427,2424,-1,2397,2424,2401,-1,2401,2424,2422,-1,2401,2422,2420,-1,2418,2416,2401,-1,2401,2416,2414,-1,2401,2414,2412,-1,2408,2406,2401,-1,2401,2406,2404,-1,2401,2404,2402,-1,2444,2442,2446,-1,2446,2442,2441,-1,2446,2441,2448,-1,2448,2441,2450,-1,2349,2347,2439,-1,2439,2347,2345,-1,2439,2345,2342,-1,2342,2343,2439,-1,2439,2343,2468,-1,2439,2468,2466,-1,2466,2464,2439,-1,2439,2464,2462,-1,2439,2462,2460,-1,2460,2458,2439,-1,2439,2458,2457,-1,2439,2457,2441,-1,2441,2457,2452,-1,2441,2452,2450,-1,2470,2471,2472,-1,2472,2471,2473,-1,2470,2472,2474,-1,2474,2472,2475,-1,2474,2475,2476,-1,2476,2475,2477,-1,2476,2477,2478,-1,2478,2477,2479,-1,2478,2479,2480,-1,2480,2479,2481,-1,2480,2481,2482,-1,2482,2481,2483,-1,2482,2483,2484,-1,2484,2483,2485,-1,2484,2485,2486,-1,2486,2485,2487,-1,2488,2486,2489,-1,2489,2486,2487,-1,2490,2488,2491,-1,2491,2488,2489,-1,2492,2490,2493,-1,2493,2490,2491,-1,2492,2493,2494,-1,2492,2494,2495,-1,2495,2494,2496,-1,2495,2496,2497,-1,2497,2496,2498,-1,2497,2498,2499,-1,2499,2498,2500,-1,2499,2500,2501,-1,2501,2500,2502,-1,2501,2502,2503,-1,2503,2502,2504,-1,2503,2504,2505,-1,2505,2504,2506,-1,2505,2506,2507,-1,2507,2506,2508,-1,2507,2508,2509,-1,2509,2508,2510,-1,2509,2510,2511,-1,2511,2510,2512,-1,2511,2512,2513,-1,2514,2513,2515,-1,2515,2513,2512,-1,2516,2514,2517,-1,2517,2514,2515,-1,2518,2516,2519,-1,2519,2516,2517,-1,2520,2518,2521,-1,2521,2518,2519,-1,2522,2520,2523,-1,2523,2520,2521,-1,2524,2522,2525,-1,2525,2522,2523,-1,2526,2524,2527,-1,2527,2524,2525,-1,2528,2526,2529,-1,2529,2526,2527,-1,2530,2528,2531,-1,2531,2528,2529,-1,2530,2531,2532,-1,2530,2532,2533,-1,2533,2532,2534,-1,2533,2534,2535,-1,2535,2534,2536,-1,2535,2536,2537,-1,2537,2536,2538,-1,2537,2538,2539,-1,2539,2538,2540,-1,2539,2540,2541,-1,2541,2540,2542,-1,2541,2542,2543,-1,2543,2542,2544,-1,2543,2544,2545,-1,2545,2544,2546,-1,2545,2546,2547,-1,2547,2546,2548,-1,2547,2548,2549,-1,2549,2548,2550,-1,2549,2550,2551,-1,2551,2550,2552,-1,2551,2552,2553,-1,2553,2552,2554,-1,2553,2554,2555,-1,2556,2555,2557,-1,2557,2555,2554,-1,2558,2556,2559,-1,2559,2556,2557,-1,2560,2558,2561,-1,2561,2558,2559,-1,2562,2560,2563,-1,2563,2560,2561,-1,2564,2562,2565,-1,2565,2562,2563,-1,2566,2564,2567,-1,2567,2564,2565,-1,2568,2566,2569,-1,2569,2566,2567,-1,2570,2568,2571,-1,2571,2568,2569,-1,2570,2571,2572,-1,2570,2572,2573,-1,2573,2572,2574,-1,2573,2574,2575,-1,2575,2574,2576,-1,2575,2576,2577,-1,2577,2576,2578,-1,2577,2578,2579,-1,2579,2578,2580,-1,2579,2580,2581,-1,2581,2580,2582,-1,2581,2582,2583,-1,2584,2583,2585,-1,2585,2583,2582,-1,2586,2584,2587,-1,2587,2584,2585,-1,2586,2587,2588,-1,2586,2588,2589,-1,2589,2588,2590,-1,2589,2590,2591,-1,2591,2590,2592,-1,2591,2592,2593,-1,2593,2592,2594,-1,2593,2594,2595,-1,2595,2594,2596,-1,2595,2596,2597,-1,2597,2596,2598,-1,2597,2598,2599,-1,2599,2598,2473,-1,2599,2473,2471,-1,2486,2488,2490,-1,2513,2514,2516,-1,2516,2518,2520,-1,2474,2476,2568,-1,2573,2575,2577,-1,2497,2499,2501,-1,2522,2490,2520,-1,2520,2490,2492,-1,2520,2492,2516,-1,2516,2492,2495,-1,2516,2495,2513,-1,2513,2495,2511,-1,2474,2568,2470,-1,2497,2501,2495,-1,2495,2501,2503,-1,2495,2503,2505,-1,2573,2577,2570,-1,2570,2577,2579,-1,2570,2579,2581,-1,2505,2507,2495,-1,2495,2507,2509,-1,2495,2509,2511,-1,2476,2478,2568,-1,2568,2478,2480,-1,2568,2480,2566,-1,2566,2480,2482,-1,2566,2482,2484,-1,2560,2562,2558,-1,2558,2562,2564,-1,2484,2486,2566,-1,2566,2486,2490,-1,2566,2490,2564,-1,2564,2490,2522,-1,2564,2522,2558,-1,2558,2522,2524,-1,2558,2524,2556,-1,2556,2524,2526,-1,2556,2526,2555,-1,2555,2526,2528,-1,2555,2528,2530,-1,2589,2591,2568,-1,2543,2530,2541,-1,2541,2530,2539,-1,2581,2583,2570,-1,2570,2583,2584,-1,2570,2584,2568,-1,2568,2584,2586,-1,2568,2586,2589,-1,2591,2593,2568,-1,2568,2593,2595,-1,2568,2595,2597,-1,2597,2599,2568,-1,2568,2599,2471,-1,2568,2471,2470,-1,2539,2530,2537,-1,2537,2530,2533,-1,2537,2533,2535,-1,2543,2545,2530,-1,2530,2545,2547,-1,2530,2547,2549,-1,2549,2551,2530,-1,2530,2551,2553,-1,2530,2553,2555,-1,2565,2525,2567,-1,2567,2525,2523,-1,2567,2523,2569,-1,2531,2529,2527,-1,2517,2494,2493,-1,2587,2585,2582,-1,2569,2523,2491,-1,2491,2523,2521,-1,2491,2521,2493,-1,2493,2521,2519,-1,2493,2519,2517,-1,2491,2489,2487,-1,2481,2479,2569,-1,2550,2548,2531,-1,2481,2569,2483,-1,2517,2515,2494,-1,2494,2515,2512,-1,2494,2512,2510,-1,2510,2508,2494,-1,2494,2508,2506,-1,2494,2506,2504,-1,2504,2502,2494,-1,2494,2502,2500,-1,2494,2500,2496,-1,2496,2500,2498,-1,2538,2531,2540,-1,2540,2531,2542,-1,2491,2487,2569,-1,2569,2487,2485,-1,2569,2485,2483,-1,2563,2561,2565,-1,2565,2561,2559,-1,2565,2559,2525,-1,2525,2559,2557,-1,2525,2557,2527,-1,2527,2557,2554,-1,2527,2554,2531,-1,2531,2554,2552,-1,2531,2552,2550,-1,2548,2546,2531,-1,2531,2546,2544,-1,2531,2544,2542,-1,2538,2536,2531,-1,2531,2536,2534,-1,2531,2534,2532,-1,2574,2572,2576,-1,2576,2572,2571,-1,2576,2571,2578,-1,2578,2571,2580,-1,2479,2477,2569,-1,2569,2477,2475,-1,2569,2475,2472,-1,2472,2473,2569,-1,2569,2473,2598,-1,2569,2598,2596,-1,2596,2594,2569,-1,2569,2594,2592,-1,2569,2592,2590,-1,2590,2588,2569,-1,2569,2588,2587,-1,2569,2587,2571,-1,2571,2587,2582,-1,2571,2582,2580,-1,2600,2601,2602,-1,2602,2601,2603,-1,2600,2602,2604,-1,2604,2602,2605,-1,2604,2605,2606,-1,2606,2605,2607,-1,2606,2607,2608,-1,2608,2607,2609,-1,2608,2609,2610,-1,2610,2609,2611,-1,2610,2611,2612,-1,2612,2611,2613,-1,2612,2613,2614,-1,2614,2613,2615,-1,2614,2615,2616,-1,2616,2615,2617,-1,2618,2616,2619,-1,2619,2616,2617,-1,2620,2618,2621,-1,2621,2618,2619,-1,2622,2620,2623,-1,2623,2620,2621,-1,2622,2623,2624,-1,2622,2624,2625,-1,2625,2624,2626,-1,2625,2626,2627,-1,2627,2626,2628,-1,2627,2628,2629,-1,2629,2628,2630,-1,2629,2630,2631,-1,2631,2630,2632,-1,2631,2632,2633,-1,2633,2632,2634,-1,2633,2634,2635,-1,2635,2634,2636,-1,2635,2636,2637,-1,2637,2636,2638,-1,2637,2638,2639,-1,2639,2638,2640,-1,2639,2640,2641,-1,2641,2640,2642,-1,2641,2642,2643,-1,2644,2643,2645,-1,2645,2643,2642,-1,2646,2644,2647,-1,2647,2644,2645,-1,2648,2646,2649,-1,2649,2646,2647,-1,2650,2648,2651,-1,2651,2648,2649,-1,2652,2650,2653,-1,2653,2650,2651,-1,2654,2652,2655,-1,2655,2652,2653,-1,2656,2654,2657,-1,2657,2654,2655,-1,2658,2656,2659,-1,2659,2656,2657,-1,2660,2658,2661,-1,2661,2658,2659,-1,2660,2661,2662,-1,2660,2662,2663,-1,2663,2662,2664,-1,2663,2664,2665,-1,2665,2664,2666,-1,2665,2666,2667,-1,2667,2666,2668,-1,2667,2668,2669,-1,2669,2668,2670,-1,2669,2670,2671,-1,2671,2670,2672,-1,2671,2672,2673,-1,2673,2672,2674,-1,2673,2674,2675,-1,2675,2674,2676,-1,2675,2676,2677,-1,2677,2676,2678,-1,2677,2678,2679,-1,2679,2678,2680,-1,2679,2680,2681,-1,2681,2680,2682,-1,2681,2682,2683,-1,2683,2682,2684,-1,2683,2684,2685,-1,2686,2685,2687,-1,2687,2685,2684,-1,2688,2686,2689,-1,2689,2686,2687,-1,2690,2688,2691,-1,2691,2688,2689,-1,2692,2690,2693,-1,2693,2690,2691,-1,2694,2692,2695,-1,2695,2692,2693,-1,2696,2694,2697,-1,2697,2694,2695,-1,2698,2696,2699,-1,2699,2696,2697,-1,2700,2698,2701,-1,2701,2698,2699,-1,2700,2701,2702,-1,2700,2702,2703,-1,2703,2702,2704,-1,2703,2704,2705,-1,2705,2704,2706,-1,2705,2706,2707,-1,2707,2706,2708,-1,2707,2708,2709,-1,2709,2708,2710,-1,2709,2710,2711,-1,2711,2710,2712,-1,2711,2712,2713,-1,2714,2713,2715,-1,2715,2713,2712,-1,2716,2714,2717,-1,2717,2714,2715,-1,2716,2717,2718,-1,2716,2718,2719,-1,2719,2718,2720,-1,2719,2720,2721,-1,2721,2720,2722,-1,2721,2722,2723,-1,2723,2722,2724,-1,2723,2724,2725,-1,2725,2724,2726,-1,2725,2726,2727,-1,2727,2726,2728,-1,2727,2728,2729,-1,2729,2728,2603,-1,2729,2603,2601,-1,2616,2618,2620,-1,2643,2644,2646,-1,2646,2648,2650,-1,2604,2606,2698,-1,2703,2705,2707,-1,2627,2629,2631,-1,2652,2620,2650,-1,2650,2620,2622,-1,2650,2622,2646,-1,2646,2622,2625,-1,2646,2625,2643,-1,2643,2625,2641,-1,2604,2698,2600,-1,2627,2631,2625,-1,2625,2631,2633,-1,2625,2633,2635,-1,2703,2707,2700,-1,2700,2707,2709,-1,2700,2709,2711,-1,2635,2637,2625,-1,2625,2637,2639,-1,2625,2639,2641,-1,2606,2608,2698,-1,2698,2608,2610,-1,2698,2610,2696,-1,2696,2610,2612,-1,2696,2612,2614,-1,2690,2692,2688,-1,2688,2692,2694,-1,2614,2616,2696,-1,2696,2616,2620,-1,2696,2620,2694,-1,2694,2620,2652,-1,2694,2652,2688,-1,2688,2652,2654,-1,2688,2654,2686,-1,2686,2654,2656,-1,2686,2656,2685,-1,2685,2656,2658,-1,2685,2658,2660,-1,2719,2721,2698,-1,2673,2660,2671,-1,2671,2660,2669,-1,2711,2713,2700,-1,2700,2713,2714,-1,2700,2714,2698,-1,2698,2714,2716,-1,2698,2716,2719,-1,2721,2723,2698,-1,2698,2723,2725,-1,2698,2725,2727,-1,2727,2729,2698,-1,2698,2729,2601,-1,2698,2601,2600,-1,2669,2660,2667,-1,2667,2660,2663,-1,2667,2663,2665,-1,2673,2675,2660,-1,2660,2675,2677,-1,2660,2677,2679,-1,2679,2681,2660,-1,2660,2681,2683,-1,2660,2683,2685,-1,2695,2655,2697,-1,2697,2655,2653,-1,2697,2653,2699,-1,2661,2659,2657,-1,2647,2624,2623,-1,2717,2715,2712,-1,2699,2653,2621,-1,2621,2653,2651,-1,2621,2651,2623,-1,2623,2651,2649,-1,2623,2649,2647,-1,2621,2619,2617,-1,2611,2609,2699,-1,2680,2678,2661,-1,2611,2699,2613,-1,2647,2645,2624,-1,2624,2645,2642,-1,2624,2642,2640,-1,2640,2638,2624,-1,2624,2638,2636,-1,2624,2636,2634,-1,2634,2632,2624,-1,2624,2632,2630,-1,2624,2630,2626,-1,2626,2630,2628,-1,2668,2661,2670,-1,2670,2661,2672,-1,2621,2617,2699,-1,2699,2617,2615,-1,2699,2615,2613,-1,2693,2691,2695,-1,2695,2691,2689,-1,2695,2689,2655,-1,2655,2689,2687,-1,2655,2687,2657,-1,2657,2687,2684,-1,2657,2684,2661,-1,2661,2684,2682,-1,2661,2682,2680,-1,2678,2676,2661,-1,2661,2676,2674,-1,2661,2674,2672,-1,2668,2666,2661,-1,2661,2666,2664,-1,2661,2664,2662,-1,2704,2702,2706,-1,2706,2702,2701,-1,2706,2701,2708,-1,2708,2701,2710,-1,2609,2607,2699,-1,2699,2607,2605,-1,2699,2605,2602,-1,2602,2603,2699,-1,2699,2603,2728,-1,2699,2728,2726,-1,2726,2724,2699,-1,2699,2724,2722,-1,2699,2722,2720,-1,2720,2718,2699,-1,2699,2718,2717,-1,2699,2717,2701,-1,2701,2717,2712,-1,2701,2712,2710,-1,2730,2731,2732,-1,2732,2731,2733,-1,2730,2732,2734,-1,2734,2732,2735,-1,2734,2735,2736,-1,2736,2735,2737,-1,2736,2737,2738,-1,2738,2737,2739,-1,2738,2739,2740,-1,2740,2739,2741,-1,2740,2741,2742,-1,2742,2741,2743,-1,2742,2743,2744,-1,2744,2743,2745,-1,2744,2745,2746,-1,2746,2745,2747,-1,2748,2746,2749,-1,2749,2746,2747,-1,2750,2748,2751,-1,2751,2748,2749,-1,2752,2750,2753,-1,2753,2750,2751,-1,2752,2753,2754,-1,2752,2754,2755,-1,2755,2754,2756,-1,2755,2756,2757,-1,2757,2756,2758,-1,2757,2758,2759,-1,2759,2758,2760,-1,2759,2760,2761,-1,2761,2760,2762,-1,2761,2762,2763,-1,2763,2762,2764,-1,2763,2764,2765,-1,2765,2764,2766,-1,2765,2766,2767,-1,2767,2766,2768,-1,2767,2768,2769,-1,2769,2768,2770,-1,2769,2770,2771,-1,2771,2770,2772,-1,2771,2772,2773,-1,2774,2773,2775,-1,2775,2773,2772,-1,2776,2774,2777,-1,2777,2774,2775,-1,2778,2776,2779,-1,2779,2776,2777,-1,2780,2778,2781,-1,2781,2778,2779,-1,2782,2780,2783,-1,2783,2780,2781,-1,2784,2782,2785,-1,2785,2782,2783,-1,2786,2784,2787,-1,2787,2784,2785,-1,2788,2786,2789,-1,2789,2786,2787,-1,2790,2788,2791,-1,2791,2788,2789,-1,2790,2791,2792,-1,2790,2792,2793,-1,2793,2792,2794,-1,2793,2794,2795,-1,2795,2794,2796,-1,2795,2796,2797,-1,2797,2796,2798,-1,2797,2798,2799,-1,2799,2798,2800,-1,2799,2800,2801,-1,2801,2800,2802,-1,2801,2802,2803,-1,2803,2802,2804,-1,2803,2804,2805,-1,2805,2804,2806,-1,2805,2806,2807,-1,2807,2806,2808,-1,2807,2808,2809,-1,2809,2808,2810,-1,2809,2810,2811,-1,2811,2810,2812,-1,2811,2812,2813,-1,2813,2812,2814,-1,2813,2814,2815,-1,2816,2815,2817,-1,2817,2815,2814,-1,2818,2816,2819,-1,2819,2816,2817,-1,2820,2818,2821,-1,2821,2818,2819,-1,2822,2820,2823,-1,2823,2820,2821,-1,2824,2822,2825,-1,2825,2822,2823,-1,2826,2824,2827,-1,2827,2824,2825,-1,2828,2826,2829,-1,2829,2826,2827,-1,2830,2828,2831,-1,2831,2828,2829,-1,2830,2831,2832,-1,2830,2832,2833,-1,2833,2832,2834,-1,2833,2834,2835,-1,2835,2834,2836,-1,2835,2836,2837,-1,2837,2836,2838,-1,2837,2838,2839,-1,2839,2838,2840,-1,2839,2840,2841,-1,2841,2840,2842,-1,2841,2842,2843,-1,2844,2843,2845,-1,2845,2843,2842,-1,2846,2844,2847,-1,2847,2844,2845,-1,2846,2847,2848,-1,2846,2848,2849,-1,2849,2848,2850,-1,2849,2850,2851,-1,2851,2850,2852,-1,2851,2852,2853,-1,2853,2852,2854,-1,2853,2854,2855,-1,2855,2854,2856,-1,2855,2856,2857,-1,2857,2856,2858,-1,2857,2858,2859,-1,2859,2858,2733,-1,2859,2733,2731,-1,2746,2748,2750,-1,2773,2774,2776,-1,2776,2778,2780,-1,2734,2736,2828,-1,2833,2835,2837,-1,2757,2759,2761,-1,2782,2750,2780,-1,2780,2750,2752,-1,2780,2752,2776,-1,2776,2752,2755,-1,2776,2755,2773,-1,2773,2755,2771,-1,2734,2828,2730,-1,2757,2761,2755,-1,2755,2761,2763,-1,2755,2763,2765,-1,2833,2837,2830,-1,2830,2837,2839,-1,2830,2839,2841,-1,2765,2767,2755,-1,2755,2767,2769,-1,2755,2769,2771,-1,2736,2738,2828,-1,2828,2738,2740,-1,2828,2740,2826,-1,2826,2740,2742,-1,2826,2742,2744,-1,2820,2822,2818,-1,2818,2822,2824,-1,2744,2746,2826,-1,2826,2746,2750,-1,2826,2750,2824,-1,2824,2750,2782,-1,2824,2782,2818,-1,2818,2782,2784,-1,2818,2784,2816,-1,2816,2784,2786,-1,2816,2786,2815,-1,2815,2786,2788,-1,2815,2788,2790,-1,2849,2851,2828,-1,2803,2790,2801,-1,2801,2790,2799,-1,2841,2843,2830,-1,2830,2843,2844,-1,2830,2844,2828,-1,2828,2844,2846,-1,2828,2846,2849,-1,2851,2853,2828,-1,2828,2853,2855,-1,2828,2855,2857,-1,2857,2859,2828,-1,2828,2859,2731,-1,2828,2731,2730,-1,2799,2790,2797,-1,2797,2790,2793,-1,2797,2793,2795,-1,2803,2805,2790,-1,2790,2805,2807,-1,2790,2807,2809,-1,2809,2811,2790,-1,2790,2811,2813,-1,2790,2813,2815,-1,2825,2785,2827,-1,2827,2785,2783,-1,2827,2783,2829,-1,2791,2789,2787,-1,2777,2754,2753,-1,2847,2845,2842,-1,2829,2783,2751,-1,2751,2783,2781,-1,2751,2781,2753,-1,2753,2781,2779,-1,2753,2779,2777,-1,2751,2749,2747,-1,2741,2739,2829,-1,2810,2808,2791,-1,2741,2829,2743,-1,2777,2775,2754,-1,2754,2775,2772,-1,2754,2772,2770,-1,2770,2768,2754,-1,2754,2768,2766,-1,2754,2766,2764,-1,2764,2762,2754,-1,2754,2762,2760,-1,2754,2760,2756,-1,2756,2760,2758,-1,2798,2791,2800,-1,2800,2791,2802,-1,2751,2747,2829,-1,2829,2747,2745,-1,2829,2745,2743,-1,2823,2821,2825,-1,2825,2821,2819,-1,2825,2819,2785,-1,2785,2819,2817,-1,2785,2817,2787,-1,2787,2817,2814,-1,2787,2814,2791,-1,2791,2814,2812,-1,2791,2812,2810,-1,2808,2806,2791,-1,2791,2806,2804,-1,2791,2804,2802,-1,2798,2796,2791,-1,2791,2796,2794,-1,2791,2794,2792,-1,2834,2832,2836,-1,2836,2832,2831,-1,2836,2831,2838,-1,2838,2831,2840,-1,2739,2737,2829,-1,2829,2737,2735,-1,2829,2735,2732,-1,2732,2733,2829,-1,2829,2733,2858,-1,2829,2858,2856,-1,2856,2854,2829,-1,2829,2854,2852,-1,2829,2852,2850,-1,2850,2848,2829,-1,2829,2848,2847,-1,2829,2847,2831,-1,2831,2847,2842,-1,2831,2842,2840,-1,2860,2861,2862,-1,2862,2861,2863,-1,2860,2862,2864,-1,2864,2862,2865,-1,2864,2865,2866,-1,2866,2865,2867,-1,2866,2867,2868,-1,2868,2867,2869,-1,2868,2869,2870,-1,2870,2869,2871,-1,2870,2871,2872,-1,2872,2871,2873,-1,2872,2873,2874,-1,2874,2873,2875,-1,2874,2875,2876,-1,2876,2875,2877,-1,2878,2876,2879,-1,2879,2876,2877,-1,2880,2878,2881,-1,2881,2878,2879,-1,2882,2880,2883,-1,2883,2880,2881,-1,2882,2883,2884,-1,2882,2884,2885,-1,2885,2884,2886,-1,2885,2886,2887,-1,2887,2886,2888,-1,2887,2888,2889,-1,2889,2888,2890,-1,2889,2890,2891,-1,2891,2890,2892,-1,2891,2892,2893,-1,2893,2892,2894,-1,2893,2894,2895,-1,2895,2894,2896,-1,2895,2896,2897,-1,2897,2896,2898,-1,2897,2898,2899,-1,2899,2898,2900,-1,2899,2900,2901,-1,2901,2900,2902,-1,2901,2902,2903,-1,2904,2903,2905,-1,2905,2903,2902,-1,2906,2904,2907,-1,2907,2904,2905,-1,2908,2906,2909,-1,2909,2906,2907,-1,2910,2908,2911,-1,2911,2908,2909,-1,2912,2910,2913,-1,2913,2910,2911,-1,2914,2912,2915,-1,2915,2912,2913,-1,2916,2914,2917,-1,2917,2914,2915,-1,2918,2916,2919,-1,2919,2916,2917,-1,2920,2918,2921,-1,2921,2918,2919,-1,2920,2921,2922,-1,2920,2922,2923,-1,2923,2922,2924,-1,2923,2924,2925,-1,2925,2924,2926,-1,2925,2926,2927,-1,2927,2926,2928,-1,2927,2928,2929,-1,2929,2928,2930,-1,2929,2930,2931,-1,2931,2930,2932,-1,2931,2932,2933,-1,2933,2932,2934,-1,2933,2934,2935,-1,2935,2934,2936,-1,2935,2936,2937,-1,2937,2936,2938,-1,2937,2938,2939,-1,2939,2938,2940,-1,2939,2940,2941,-1,2941,2940,2942,-1,2941,2942,2943,-1,2943,2942,2944,-1,2943,2944,2945,-1,2946,2945,2947,-1,2947,2945,2944,-1,2948,2946,2949,-1,2949,2946,2947,-1,2950,2948,2951,-1,2951,2948,2949,-1,2952,2950,2953,-1,2953,2950,2951,-1,2954,2952,2955,-1,2955,2952,2953,-1,2956,2954,2957,-1,2957,2954,2955,-1,2958,2956,2959,-1,2959,2956,2957,-1,2960,2958,2961,-1,2961,2958,2959,-1,2960,2961,2962,-1,2960,2962,2963,-1,2963,2962,2964,-1,2963,2964,2965,-1,2965,2964,2966,-1,2965,2966,2967,-1,2967,2966,2968,-1,2967,2968,2969,-1,2969,2968,2970,-1,2969,2970,2971,-1,2971,2970,2972,-1,2971,2972,2973,-1,2974,2973,2975,-1,2975,2973,2972,-1,2976,2974,2977,-1,2977,2974,2975,-1,2976,2977,2978,-1,2976,2978,2979,-1,2979,2978,2980,-1,2979,2980,2981,-1,2981,2980,2982,-1,2981,2982,2983,-1,2983,2982,2984,-1,2983,2984,2985,-1,2985,2984,2986,-1,2985,2986,2987,-1,2987,2986,2988,-1,2987,2988,2989,-1,2989,2988,2863,-1,2989,2863,2861,-1,2876,2878,2880,-1,2903,2904,2906,-1,2906,2908,2910,-1,2864,2866,2958,-1,2963,2965,2967,-1,2887,2889,2891,-1,2912,2880,2910,-1,2910,2880,2882,-1,2910,2882,2906,-1,2906,2882,2885,-1,2906,2885,2903,-1,2903,2885,2901,-1,2864,2958,2860,-1,2887,2891,2885,-1,2885,2891,2893,-1,2885,2893,2895,-1,2963,2967,2960,-1,2960,2967,2969,-1,2960,2969,2971,-1,2895,2897,2885,-1,2885,2897,2899,-1,2885,2899,2901,-1,2866,2868,2958,-1,2958,2868,2870,-1,2958,2870,2956,-1,2956,2870,2872,-1,2956,2872,2874,-1,2950,2952,2948,-1,2948,2952,2954,-1,2874,2876,2956,-1,2956,2876,2880,-1,2956,2880,2954,-1,2954,2880,2912,-1,2954,2912,2948,-1,2948,2912,2914,-1,2948,2914,2946,-1,2946,2914,2916,-1,2946,2916,2945,-1,2945,2916,2918,-1,2945,2918,2920,-1,2979,2981,2958,-1,2933,2920,2931,-1,2931,2920,2929,-1,2971,2973,2960,-1,2960,2973,2974,-1,2960,2974,2958,-1,2958,2974,2976,-1,2958,2976,2979,-1,2981,2983,2958,-1,2958,2983,2985,-1,2958,2985,2987,-1,2987,2989,2958,-1,2958,2989,2861,-1,2958,2861,2860,-1,2929,2920,2927,-1,2927,2920,2923,-1,2927,2923,2925,-1,2933,2935,2920,-1,2920,2935,2937,-1,2920,2937,2939,-1,2939,2941,2920,-1,2920,2941,2943,-1,2920,2943,2945,-1,2955,2915,2957,-1,2957,2915,2913,-1,2957,2913,2959,-1,2921,2919,2917,-1,2907,2884,2883,-1,2977,2975,2972,-1,2959,2913,2881,-1,2881,2913,2911,-1,2881,2911,2883,-1,2883,2911,2909,-1,2883,2909,2907,-1,2881,2879,2877,-1,2871,2869,2959,-1,2940,2938,2921,-1,2871,2959,2873,-1,2907,2905,2884,-1,2884,2905,2902,-1,2884,2902,2900,-1,2900,2898,2884,-1,2884,2898,2896,-1,2884,2896,2894,-1,2894,2892,2884,-1,2884,2892,2890,-1,2884,2890,2886,-1,2886,2890,2888,-1,2928,2921,2930,-1,2930,2921,2932,-1,2881,2877,2959,-1,2959,2877,2875,-1,2959,2875,2873,-1,2953,2951,2955,-1,2955,2951,2949,-1,2955,2949,2915,-1,2915,2949,2947,-1,2915,2947,2917,-1,2917,2947,2944,-1,2917,2944,2921,-1,2921,2944,2942,-1,2921,2942,2940,-1,2938,2936,2921,-1,2921,2936,2934,-1,2921,2934,2932,-1,2928,2926,2921,-1,2921,2926,2924,-1,2921,2924,2922,-1,2964,2962,2966,-1,2966,2962,2961,-1,2966,2961,2968,-1,2968,2961,2970,-1,2869,2867,2959,-1,2959,2867,2865,-1,2959,2865,2862,-1,2862,2863,2959,-1,2959,2863,2988,-1,2959,2988,2986,-1,2986,2984,2959,-1,2959,2984,2982,-1,2959,2982,2980,-1,2980,2978,2959,-1,2959,2978,2977,-1,2959,2977,2961,-1,2961,2977,2972,-1,2961,2972,2970,-1,2990,2991,2992,-1,2992,2991,2993,-1,2990,2992,2994,-1,2994,2992,2995,-1,2994,2995,2996,-1,2996,2995,2997,-1,2996,2997,2998,-1,2998,2997,2999,-1,2998,2999,3000,-1,3000,2999,3001,-1,3000,3001,3002,-1,3002,3001,3003,-1,3002,3003,3004,-1,3004,3003,3005,-1,3004,3005,3006,-1,3006,3005,3007,-1,3008,3006,3009,-1,3009,3006,3007,-1,3010,3008,3011,-1,3011,3008,3009,-1,3012,3010,3013,-1,3013,3010,3011,-1,3012,3013,3014,-1,3012,3014,3015,-1,3015,3014,3016,-1,3015,3016,3017,-1,3017,3016,3018,-1,3017,3018,3019,-1,3019,3018,3020,-1,3019,3020,3021,-1,3021,3020,3022,-1,3021,3022,3023,-1,3023,3022,3024,-1,3023,3024,3025,-1,3025,3024,3026,-1,3025,3026,3027,-1,3027,3026,3028,-1,3027,3028,3029,-1,3029,3028,3030,-1,3029,3030,3031,-1,3031,3030,3032,-1,3031,3032,3033,-1,3034,3033,3035,-1,3035,3033,3032,-1,3036,3034,3037,-1,3037,3034,3035,-1,3038,3036,3039,-1,3039,3036,3037,-1,3040,3038,3041,-1,3041,3038,3039,-1,3042,3040,3043,-1,3043,3040,3041,-1,3044,3042,3045,-1,3045,3042,3043,-1,3046,3044,3047,-1,3047,3044,3045,-1,3048,3046,3049,-1,3049,3046,3047,-1,3050,3048,3051,-1,3051,3048,3049,-1,3050,3051,3052,-1,3050,3052,3053,-1,3053,3052,3054,-1,3053,3054,3055,-1,3055,3054,3056,-1,3055,3056,3057,-1,3057,3056,3058,-1,3057,3058,3059,-1,3059,3058,3060,-1,3059,3060,3061,-1,3061,3060,3062,-1,3061,3062,3063,-1,3063,3062,3064,-1,3063,3064,3065,-1,3065,3064,3066,-1,3065,3066,3067,-1,3067,3066,3068,-1,3067,3068,3069,-1,3069,3068,3070,-1,3069,3070,3071,-1,3071,3070,3072,-1,3071,3072,3073,-1,3073,3072,3074,-1,3073,3074,3075,-1,3076,3075,3077,-1,3077,3075,3074,-1,3078,3076,3079,-1,3079,3076,3077,-1,3080,3078,3081,-1,3081,3078,3079,-1,3082,3080,3083,-1,3083,3080,3081,-1,3084,3082,3085,-1,3085,3082,3083,-1,3086,3084,3087,-1,3087,3084,3085,-1,3088,3086,3089,-1,3089,3086,3087,-1,3090,3088,3091,-1,3091,3088,3089,-1,3090,3091,3092,-1,3090,3092,3093,-1,3093,3092,3094,-1,3093,3094,3095,-1,3095,3094,3096,-1,3095,3096,3097,-1,3097,3096,3098,-1,3097,3098,3099,-1,3099,3098,3100,-1,3099,3100,3101,-1,3101,3100,3102,-1,3101,3102,3103,-1,3104,3103,3105,-1,3105,3103,3102,-1,3106,3104,3107,-1,3107,3104,3105,-1,3106,3107,3108,-1,3106,3108,3109,-1,3109,3108,3110,-1,3109,3110,3111,-1,3111,3110,3112,-1,3111,3112,3113,-1,3113,3112,3114,-1,3113,3114,3115,-1,3115,3114,3116,-1,3115,3116,3117,-1,3117,3116,3118,-1,3117,3118,3119,-1,3119,3118,2993,-1,3119,2993,2991,-1,3006,3008,3010,-1,3033,3034,3036,-1,3036,3038,3040,-1,2994,2996,3088,-1,3093,3095,3097,-1,3017,3019,3021,-1,3042,3010,3040,-1,3040,3010,3012,-1,3040,3012,3036,-1,3036,3012,3015,-1,3036,3015,3033,-1,3033,3015,3031,-1,2994,3088,2990,-1,3017,3021,3015,-1,3015,3021,3023,-1,3015,3023,3025,-1,3093,3097,3090,-1,3090,3097,3099,-1,3090,3099,3101,-1,3025,3027,3015,-1,3015,3027,3029,-1,3015,3029,3031,-1,2996,2998,3088,-1,3088,2998,3000,-1,3088,3000,3086,-1,3086,3000,3002,-1,3086,3002,3004,-1,3080,3082,3078,-1,3078,3082,3084,-1,3004,3006,3086,-1,3086,3006,3010,-1,3086,3010,3084,-1,3084,3010,3042,-1,3084,3042,3078,-1,3078,3042,3044,-1,3078,3044,3076,-1,3076,3044,3046,-1,3076,3046,3075,-1,3075,3046,3048,-1,3075,3048,3050,-1,3109,3111,3088,-1,3063,3050,3061,-1,3061,3050,3059,-1,3101,3103,3090,-1,3090,3103,3104,-1,3090,3104,3088,-1,3088,3104,3106,-1,3088,3106,3109,-1,3111,3113,3088,-1,3088,3113,3115,-1,3088,3115,3117,-1,3117,3119,3088,-1,3088,3119,2991,-1,3088,2991,2990,-1,3059,3050,3057,-1,3057,3050,3053,-1,3057,3053,3055,-1,3063,3065,3050,-1,3050,3065,3067,-1,3050,3067,3069,-1,3069,3071,3050,-1,3050,3071,3073,-1,3050,3073,3075,-1,3085,3045,3087,-1,3087,3045,3043,-1,3087,3043,3089,-1,3051,3049,3047,-1,3037,3014,3013,-1,3107,3105,3102,-1,3089,3043,3011,-1,3011,3043,3041,-1,3011,3041,3013,-1,3013,3041,3039,-1,3013,3039,3037,-1,3011,3009,3007,-1,3001,2999,3089,-1,3070,3068,3051,-1,3001,3089,3003,-1,3037,3035,3014,-1,3014,3035,3032,-1,3014,3032,3030,-1,3030,3028,3014,-1,3014,3028,3026,-1,3014,3026,3024,-1,3024,3022,3014,-1,3014,3022,3020,-1,3014,3020,3016,-1,3016,3020,3018,-1,3058,3051,3060,-1,3060,3051,3062,-1,3011,3007,3089,-1,3089,3007,3005,-1,3089,3005,3003,-1,3083,3081,3085,-1,3085,3081,3079,-1,3085,3079,3045,-1,3045,3079,3077,-1,3045,3077,3047,-1,3047,3077,3074,-1,3047,3074,3051,-1,3051,3074,3072,-1,3051,3072,3070,-1,3068,3066,3051,-1,3051,3066,3064,-1,3051,3064,3062,-1,3058,3056,3051,-1,3051,3056,3054,-1,3051,3054,3052,-1,3094,3092,3096,-1,3096,3092,3091,-1,3096,3091,3098,-1,3098,3091,3100,-1,2999,2997,3089,-1,3089,2997,2995,-1,3089,2995,2992,-1,2992,2993,3089,-1,3089,2993,3118,-1,3089,3118,3116,-1,3116,3114,3089,-1,3089,3114,3112,-1,3089,3112,3110,-1,3110,3108,3089,-1,3089,3108,3107,-1,3089,3107,3091,-1,3091,3107,3102,-1,3091,3102,3100,-1,3120,3121,3122,-1,3122,3121,3123,-1,3120,3122,3124,-1,3124,3122,3125,-1,3124,3125,3126,-1,3126,3125,3127,-1,3126,3127,3128,-1,3128,3127,3129,-1,3128,3129,3130,-1,3130,3129,3131,-1,3130,3131,3132,-1,3132,3131,3133,-1,3132,3133,3134,-1,3134,3133,3135,-1,3134,3135,3136,-1,3136,3135,3137,-1,3138,3136,3139,-1,3139,3136,3137,-1,3140,3138,3141,-1,3141,3138,3139,-1,3142,3140,3143,-1,3143,3140,3141,-1,3142,3143,3144,-1,3142,3144,3145,-1,3145,3144,3146,-1,3145,3146,3147,-1,3147,3146,3148,-1,3147,3148,3149,-1,3149,3148,3150,-1,3149,3150,3151,-1,3151,3150,3152,-1,3151,3152,3153,-1,3153,3152,3154,-1,3153,3154,3155,-1,3155,3154,3156,-1,3155,3156,3157,-1,3157,3156,3158,-1,3157,3158,3159,-1,3159,3158,3160,-1,3159,3160,3161,-1,3161,3160,3162,-1,3161,3162,3163,-1,3164,3163,3165,-1,3165,3163,3162,-1,3166,3164,3167,-1,3167,3164,3165,-1,3168,3166,3169,-1,3169,3166,3167,-1,3170,3168,3171,-1,3171,3168,3169,-1,3172,3170,3173,-1,3173,3170,3171,-1,3174,3172,3175,-1,3175,3172,3173,-1,3176,3174,3177,-1,3177,3174,3175,-1,3178,3176,3179,-1,3179,3176,3177,-1,3180,3178,3181,-1,3181,3178,3179,-1,3180,3181,3182,-1,3180,3182,3183,-1,3183,3182,3184,-1,3183,3184,3185,-1,3185,3184,3186,-1,3185,3186,3187,-1,3187,3186,3188,-1,3187,3188,3189,-1,3189,3188,3190,-1,3189,3190,3191,-1,3191,3190,3192,-1,3191,3192,3193,-1,3193,3192,3194,-1,3193,3194,3195,-1,3195,3194,3196,-1,3195,3196,3197,-1,3197,3196,3198,-1,3197,3198,3199,-1,3199,3198,3200,-1,3199,3200,3201,-1,3201,3200,3202,-1,3201,3202,3203,-1,3203,3202,3204,-1,3203,3204,3205,-1,3206,3205,3207,-1,3207,3205,3204,-1,3208,3206,3209,-1,3209,3206,3207,-1,3210,3208,3211,-1,3211,3208,3209,-1,3212,3210,3213,-1,3213,3210,3211,-1,3214,3212,3215,-1,3215,3212,3213,-1,3216,3214,3217,-1,3217,3214,3215,-1,3218,3216,3219,-1,3219,3216,3217,-1,3220,3218,3221,-1,3221,3218,3219,-1,3220,3221,3222,-1,3220,3222,3223,-1,3223,3222,3224,-1,3223,3224,3225,-1,3225,3224,3226,-1,3225,3226,3227,-1,3227,3226,3228,-1,3227,3228,3229,-1,3229,3228,3230,-1,3229,3230,3231,-1,3231,3230,3232,-1,3231,3232,3233,-1,3234,3233,3235,-1,3235,3233,3232,-1,3236,3234,3237,-1,3237,3234,3235,-1,3236,3237,3238,-1,3236,3238,3239,-1,3239,3238,3240,-1,3239,3240,3241,-1,3241,3240,3242,-1,3241,3242,3243,-1,3243,3242,3244,-1,3243,3244,3245,-1,3245,3244,3246,-1,3245,3246,3247,-1,3247,3246,3248,-1,3247,3248,3249,-1,3249,3248,3123,-1,3249,3123,3121,-1,3136,3138,3140,-1,3163,3164,3166,-1,3166,3168,3170,-1,3124,3126,3218,-1,3223,3225,3227,-1,3147,3149,3151,-1,3172,3140,3170,-1,3170,3140,3142,-1,3170,3142,3166,-1,3166,3142,3145,-1,3166,3145,3163,-1,3163,3145,3161,-1,3124,3218,3120,-1,3147,3151,3145,-1,3145,3151,3153,-1,3145,3153,3155,-1,3223,3227,3220,-1,3220,3227,3229,-1,3220,3229,3231,-1,3155,3157,3145,-1,3145,3157,3159,-1,3145,3159,3161,-1,3126,3128,3218,-1,3218,3128,3130,-1,3218,3130,3216,-1,3216,3130,3132,-1,3216,3132,3134,-1,3210,3212,3208,-1,3208,3212,3214,-1,3134,3136,3216,-1,3216,3136,3140,-1,3216,3140,3214,-1,3214,3140,3172,-1,3214,3172,3208,-1,3208,3172,3174,-1,3208,3174,3206,-1,3206,3174,3176,-1,3206,3176,3205,-1,3205,3176,3178,-1,3205,3178,3180,-1,3239,3241,3218,-1,3193,3180,3191,-1,3191,3180,3189,-1,3231,3233,3220,-1,3220,3233,3234,-1,3220,3234,3218,-1,3218,3234,3236,-1,3218,3236,3239,-1,3241,3243,3218,-1,3218,3243,3245,-1,3218,3245,3247,-1,3247,3249,3218,-1,3218,3249,3121,-1,3218,3121,3120,-1,3189,3180,3187,-1,3187,3180,3183,-1,3187,3183,3185,-1,3193,3195,3180,-1,3180,3195,3197,-1,3180,3197,3199,-1,3199,3201,3180,-1,3180,3201,3203,-1,3180,3203,3205,-1,3215,3175,3217,-1,3217,3175,3173,-1,3217,3173,3219,-1,3181,3179,3177,-1,3167,3144,3143,-1,3237,3235,3232,-1,3219,3173,3141,-1,3141,3173,3171,-1,3141,3171,3143,-1,3143,3171,3169,-1,3143,3169,3167,-1,3141,3139,3137,-1,3131,3129,3219,-1,3200,3198,3181,-1,3131,3219,3133,-1,3167,3165,3144,-1,3144,3165,3162,-1,3144,3162,3160,-1,3160,3158,3144,-1,3144,3158,3156,-1,3144,3156,3154,-1,3154,3152,3144,-1,3144,3152,3150,-1,3144,3150,3146,-1,3146,3150,3148,-1,3188,3181,3190,-1,3190,3181,3192,-1,3141,3137,3219,-1,3219,3137,3135,-1,3219,3135,3133,-1,3213,3211,3215,-1,3215,3211,3209,-1,3215,3209,3175,-1,3175,3209,3207,-1,3175,3207,3177,-1,3177,3207,3204,-1,3177,3204,3181,-1,3181,3204,3202,-1,3181,3202,3200,-1,3198,3196,3181,-1,3181,3196,3194,-1,3181,3194,3192,-1,3188,3186,3181,-1,3181,3186,3184,-1,3181,3184,3182,-1,3224,3222,3226,-1,3226,3222,3221,-1,3226,3221,3228,-1,3228,3221,3230,-1,3129,3127,3219,-1,3219,3127,3125,-1,3219,3125,3122,-1,3122,3123,3219,-1,3219,3123,3248,-1,3219,3248,3246,-1,3246,3244,3219,-1,3219,3244,3242,-1,3219,3242,3240,-1,3240,3238,3219,-1,3219,3238,3237,-1,3219,3237,3221,-1,3221,3237,3232,-1,3221,3232,3230,-1,3250,3251,3252,-1,3252,3251,3253,-1,3250,3252,3254,-1,3254,3252,3255,-1,3254,3255,3256,-1,3256,3255,3257,-1,3256,3257,3258,-1,3258,3257,3259,-1,3258,3259,3260,-1,3260,3259,3261,-1,3260,3261,3262,-1,3262,3261,3263,-1,3262,3263,3264,-1,3264,3263,3265,-1,3264,3265,3266,-1,3266,3265,3267,-1,3268,3266,3269,-1,3269,3266,3267,-1,3270,3268,3271,-1,3271,3268,3269,-1,3272,3270,3273,-1,3273,3270,3271,-1,3272,3273,3274,-1,3272,3274,3275,-1,3275,3274,3276,-1,3275,3276,3277,-1,3277,3276,3278,-1,3277,3278,3279,-1,3279,3278,3280,-1,3279,3280,3281,-1,3281,3280,3282,-1,3281,3282,3283,-1,3283,3282,3284,-1,3283,3284,3285,-1,3285,3284,3286,-1,3285,3286,3287,-1,3287,3286,3288,-1,3287,3288,3289,-1,3289,3288,3290,-1,3289,3290,3291,-1,3291,3290,3292,-1,3291,3292,3293,-1,3294,3293,3295,-1,3295,3293,3292,-1,3296,3294,3297,-1,3297,3294,3295,-1,3298,3296,3299,-1,3299,3296,3297,-1,3300,3298,3301,-1,3301,3298,3299,-1,3302,3300,3303,-1,3303,3300,3301,-1,3304,3302,3305,-1,3305,3302,3303,-1,3306,3304,3307,-1,3307,3304,3305,-1,3308,3306,3309,-1,3309,3306,3307,-1,3310,3308,3311,-1,3311,3308,3309,-1,3310,3311,3312,-1,3310,3312,3313,-1,3313,3312,3314,-1,3313,3314,3315,-1,3315,3314,3316,-1,3315,3316,3317,-1,3317,3316,3318,-1,3317,3318,3319,-1,3319,3318,3320,-1,3319,3320,3321,-1,3321,3320,3322,-1,3321,3322,3323,-1,3323,3322,3324,-1,3323,3324,3325,-1,3325,3324,3326,-1,3325,3326,3327,-1,3327,3326,3328,-1,3327,3328,3329,-1,3329,3328,3330,-1,3329,3330,3331,-1,3331,3330,3332,-1,3331,3332,3333,-1,3333,3332,3334,-1,3333,3334,3335,-1,3336,3335,3337,-1,3337,3335,3334,-1,3338,3336,3339,-1,3339,3336,3337,-1,3340,3338,3341,-1,3341,3338,3339,-1,3342,3340,3343,-1,3343,3340,3341,-1,3344,3342,3345,-1,3345,3342,3343,-1,3346,3344,3347,-1,3347,3344,3345,-1,3348,3346,3349,-1,3349,3346,3347,-1,3350,3348,3351,-1,3351,3348,3349,-1,3350,3351,3352,-1,3350,3352,3353,-1,3353,3352,3354,-1,3353,3354,3355,-1,3355,3354,3356,-1,3355,3356,3357,-1,3357,3356,3358,-1,3357,3358,3359,-1,3359,3358,3360,-1,3359,3360,3361,-1,3361,3360,3362,-1,3361,3362,3363,-1,3364,3363,3365,-1,3365,3363,3362,-1,3366,3364,3367,-1,3367,3364,3365,-1,3366,3367,3368,-1,3366,3368,3369,-1,3369,3368,3370,-1,3369,3370,3371,-1,3371,3370,3372,-1,3371,3372,3373,-1,3373,3372,3374,-1,3373,3374,3375,-1,3375,3374,3376,-1,3375,3376,3377,-1,3377,3376,3378,-1,3377,3378,3379,-1,3379,3378,3253,-1,3379,3253,3251,-1,3266,3268,3270,-1,3293,3294,3296,-1,3296,3298,3300,-1,3254,3256,3348,-1,3353,3355,3357,-1,3277,3279,3281,-1,3302,3270,3300,-1,3300,3270,3272,-1,3300,3272,3296,-1,3296,3272,3275,-1,3296,3275,3293,-1,3293,3275,3291,-1,3254,3348,3250,-1,3277,3281,3275,-1,3275,3281,3283,-1,3275,3283,3285,-1,3353,3357,3350,-1,3350,3357,3359,-1,3350,3359,3361,-1,3285,3287,3275,-1,3275,3287,3289,-1,3275,3289,3291,-1,3256,3258,3348,-1,3348,3258,3260,-1,3348,3260,3346,-1,3346,3260,3262,-1,3346,3262,3264,-1,3340,3342,3338,-1,3338,3342,3344,-1,3264,3266,3346,-1,3346,3266,3270,-1,3346,3270,3344,-1,3344,3270,3302,-1,3344,3302,3338,-1,3338,3302,3304,-1,3338,3304,3336,-1,3336,3304,3306,-1,3336,3306,3335,-1,3335,3306,3308,-1,3335,3308,3310,-1,3369,3371,3348,-1,3323,3310,3321,-1,3321,3310,3319,-1,3361,3363,3350,-1,3350,3363,3364,-1,3350,3364,3348,-1,3348,3364,3366,-1,3348,3366,3369,-1,3371,3373,3348,-1,3348,3373,3375,-1,3348,3375,3377,-1,3377,3379,3348,-1,3348,3379,3251,-1,3348,3251,3250,-1,3319,3310,3317,-1,3317,3310,3313,-1,3317,3313,3315,-1,3323,3325,3310,-1,3310,3325,3327,-1,3310,3327,3329,-1,3329,3331,3310,-1,3310,3331,3333,-1,3310,3333,3335,-1,3345,3305,3347,-1,3347,3305,3303,-1,3347,3303,3349,-1,3311,3309,3307,-1,3297,3274,3273,-1,3367,3365,3362,-1,3349,3303,3271,-1,3271,3303,3301,-1,3271,3301,3273,-1,3273,3301,3299,-1,3273,3299,3297,-1,3271,3269,3267,-1,3261,3259,3349,-1,3330,3328,3311,-1,3261,3349,3263,-1,3297,3295,3274,-1,3274,3295,3292,-1,3274,3292,3290,-1,3290,3288,3274,-1,3274,3288,3286,-1,3274,3286,3284,-1,3284,3282,3274,-1,3274,3282,3280,-1,3274,3280,3276,-1,3276,3280,3278,-1,3318,3311,3320,-1,3320,3311,3322,-1,3271,3267,3349,-1,3349,3267,3265,-1,3349,3265,3263,-1,3343,3341,3345,-1,3345,3341,3339,-1,3345,3339,3305,-1,3305,3339,3337,-1,3305,3337,3307,-1,3307,3337,3334,-1,3307,3334,3311,-1,3311,3334,3332,-1,3311,3332,3330,-1,3328,3326,3311,-1,3311,3326,3324,-1,3311,3324,3322,-1,3318,3316,3311,-1,3311,3316,3314,-1,3311,3314,3312,-1,3354,3352,3356,-1,3356,3352,3351,-1,3356,3351,3358,-1,3358,3351,3360,-1,3259,3257,3349,-1,3349,3257,3255,-1,3349,3255,3252,-1,3252,3253,3349,-1,3349,3253,3378,-1,3349,3378,3376,-1,3376,3374,3349,-1,3349,3374,3372,-1,3349,3372,3370,-1,3370,3368,3349,-1,3349,3368,3367,-1,3349,3367,3351,-1,3351,3367,3362,-1,3351,3362,3360,-1,3380,3381,3382,-1,3382,3381,3383,-1,3380,3382,3384,-1,3384,3382,3385,-1,3384,3385,3386,-1,3386,3385,3387,-1,3386,3387,3388,-1,3388,3387,3389,-1,3388,3389,3390,-1,3390,3389,3391,-1,3390,3391,3392,-1,3392,3391,3393,-1,3392,3393,3394,-1,3394,3393,3395,-1,3394,3395,3396,-1,3396,3395,3397,-1,3398,3396,3399,-1,3399,3396,3397,-1,3400,3398,3401,-1,3401,3398,3399,-1,3402,3400,3403,-1,3403,3400,3401,-1,3402,3403,3404,-1,3402,3404,3405,-1,3405,3404,3406,-1,3405,3406,3407,-1,3407,3406,3408,-1,3407,3408,3409,-1,3409,3408,3410,-1,3409,3410,3411,-1,3411,3410,3412,-1,3411,3412,3413,-1,3413,3412,3414,-1,3413,3414,3415,-1,3415,3414,3416,-1,3415,3416,3417,-1,3417,3416,3418,-1,3417,3418,3419,-1,3419,3418,3420,-1,3419,3420,3421,-1,3421,3420,3422,-1,3421,3422,3423,-1,3424,3423,3425,-1,3425,3423,3422,-1,3426,3424,3427,-1,3427,3424,3425,-1,3428,3426,3429,-1,3429,3426,3427,-1,3430,3428,3431,-1,3431,3428,3429,-1,3432,3430,3433,-1,3433,3430,3431,-1,3434,3432,3435,-1,3435,3432,3433,-1,3436,3434,3437,-1,3437,3434,3435,-1,3438,3436,3439,-1,3439,3436,3437,-1,3440,3438,3441,-1,3441,3438,3439,-1,3440,3441,3442,-1,3440,3442,3443,-1,3443,3442,3444,-1,3443,3444,3445,-1,3445,3444,3446,-1,3445,3446,3447,-1,3447,3446,3448,-1,3447,3448,3449,-1,3449,3448,3450,-1,3449,3450,3451,-1,3451,3450,3452,-1,3451,3452,3453,-1,3453,3452,3454,-1,3453,3454,3455,-1,3455,3454,3456,-1,3455,3456,3457,-1,3457,3456,3458,-1,3457,3458,3459,-1,3459,3458,3460,-1,3459,3460,3461,-1,3461,3460,3462,-1,3461,3462,3463,-1,3463,3462,3464,-1,3463,3464,3465,-1,3466,3465,3467,-1,3467,3465,3464,-1,3468,3466,3469,-1,3469,3466,3467,-1,3470,3468,3471,-1,3471,3468,3469,-1,3472,3470,3473,-1,3473,3470,3471,-1,3474,3472,3475,-1,3475,3472,3473,-1,3476,3474,3477,-1,3477,3474,3475,-1,3478,3476,3479,-1,3479,3476,3477,-1,3480,3478,3481,-1,3481,3478,3479,-1,3480,3481,3482,-1,3480,3482,3483,-1,3483,3482,3484,-1,3483,3484,3485,-1,3485,3484,3486,-1,3485,3486,3487,-1,3487,3486,3488,-1,3487,3488,3489,-1,3489,3488,3490,-1,3489,3490,3491,-1,3491,3490,3492,-1,3491,3492,3493,-1,3494,3493,3495,-1,3495,3493,3492,-1,3496,3494,3497,-1,3497,3494,3495,-1,3496,3497,3498,-1,3496,3498,3499,-1,3499,3498,3500,-1,3499,3500,3501,-1,3501,3500,3502,-1,3501,3502,3503,-1,3503,3502,3504,-1,3503,3504,3505,-1,3505,3504,3506,-1,3505,3506,3507,-1,3507,3506,3508,-1,3507,3508,3509,-1,3509,3508,3383,-1,3509,3383,3381,-1,3396,3398,3400,-1,3423,3424,3426,-1,3426,3428,3430,-1,3384,3386,3478,-1,3483,3485,3487,-1,3407,3409,3411,-1,3432,3400,3430,-1,3430,3400,3402,-1,3430,3402,3426,-1,3426,3402,3405,-1,3426,3405,3423,-1,3423,3405,3421,-1,3384,3478,3380,-1,3407,3411,3405,-1,3405,3411,3413,-1,3405,3413,3415,-1,3483,3487,3480,-1,3480,3487,3489,-1,3480,3489,3491,-1,3415,3417,3405,-1,3405,3417,3419,-1,3405,3419,3421,-1,3386,3388,3478,-1,3478,3388,3390,-1,3478,3390,3476,-1,3476,3390,3392,-1,3476,3392,3394,-1,3470,3472,3468,-1,3468,3472,3474,-1,3394,3396,3476,-1,3476,3396,3400,-1,3476,3400,3474,-1,3474,3400,3432,-1,3474,3432,3468,-1,3468,3432,3434,-1,3468,3434,3466,-1,3466,3434,3436,-1,3466,3436,3465,-1,3465,3436,3438,-1,3465,3438,3440,-1,3499,3501,3478,-1,3453,3440,3451,-1,3451,3440,3449,-1,3491,3493,3480,-1,3480,3493,3494,-1,3480,3494,3478,-1,3478,3494,3496,-1,3478,3496,3499,-1,3501,3503,3478,-1,3478,3503,3505,-1,3478,3505,3507,-1,3507,3509,3478,-1,3478,3509,3381,-1,3478,3381,3380,-1,3449,3440,3447,-1,3447,3440,3443,-1,3447,3443,3445,-1,3453,3455,3440,-1,3440,3455,3457,-1,3440,3457,3459,-1,3459,3461,3440,-1,3440,3461,3463,-1,3440,3463,3465,-1,3475,3435,3477,-1,3477,3435,3433,-1,3477,3433,3479,-1,3441,3439,3437,-1,3427,3404,3403,-1,3497,3495,3492,-1,3479,3433,3401,-1,3401,3433,3431,-1,3401,3431,3403,-1,3403,3431,3429,-1,3403,3429,3427,-1,3401,3399,3397,-1,3391,3389,3479,-1,3460,3458,3441,-1,3391,3479,3393,-1,3427,3425,3404,-1,3404,3425,3422,-1,3404,3422,3420,-1,3420,3418,3404,-1,3404,3418,3416,-1,3404,3416,3414,-1,3414,3412,3404,-1,3404,3412,3410,-1,3404,3410,3406,-1,3406,3410,3408,-1,3448,3441,3450,-1,3450,3441,3452,-1,3401,3397,3479,-1,3479,3397,3395,-1,3479,3395,3393,-1,3473,3471,3475,-1,3475,3471,3469,-1,3475,3469,3435,-1,3435,3469,3467,-1,3435,3467,3437,-1,3437,3467,3464,-1,3437,3464,3441,-1,3441,3464,3462,-1,3441,3462,3460,-1,3458,3456,3441,-1,3441,3456,3454,-1,3441,3454,3452,-1,3448,3446,3441,-1,3441,3446,3444,-1,3441,3444,3442,-1,3484,3482,3486,-1,3486,3482,3481,-1,3486,3481,3488,-1,3488,3481,3490,-1,3389,3387,3479,-1,3479,3387,3385,-1,3479,3385,3382,-1,3382,3383,3479,-1,3479,3383,3508,-1,3479,3508,3506,-1,3506,3504,3479,-1,3479,3504,3502,-1,3479,3502,3500,-1,3500,3498,3479,-1,3479,3498,3497,-1,3479,3497,3481,-1,3481,3497,3492,-1,3481,3492,3490,-1,3510,3511,3512,-1,3512,3511,3513,-1,3510,3512,3514,-1,3514,3512,3515,-1,3514,3515,3516,-1,3516,3515,3517,-1,3516,3517,3518,-1,3518,3517,3519,-1,3518,3519,3520,-1,3520,3519,3521,-1,3520,3521,3522,-1,3522,3521,3523,-1,3522,3523,3524,-1,3524,3523,3525,-1,3524,3525,3526,-1,3526,3525,3527,-1,3528,3526,3529,-1,3529,3526,3527,-1,3530,3528,3531,-1,3531,3528,3529,-1,3532,3530,3533,-1,3533,3530,3531,-1,3532,3533,3534,-1,3532,3534,3535,-1,3535,3534,3536,-1,3535,3536,3537,-1,3537,3536,3538,-1,3537,3538,3539,-1,3539,3538,3540,-1,3539,3540,3541,-1,3541,3540,3542,-1,3541,3542,3543,-1,3543,3542,3544,-1,3543,3544,3545,-1,3545,3544,3546,-1,3545,3546,3547,-1,3547,3546,3548,-1,3547,3548,3549,-1,3549,3548,3550,-1,3549,3550,3551,-1,3551,3550,3552,-1,3551,3552,3553,-1,3554,3553,3555,-1,3555,3553,3552,-1,3556,3554,3557,-1,3557,3554,3555,-1,3558,3556,3559,-1,3559,3556,3557,-1,3560,3558,3561,-1,3561,3558,3559,-1,3562,3560,3563,-1,3563,3560,3561,-1,3564,3562,3565,-1,3565,3562,3563,-1,3566,3564,3567,-1,3567,3564,3565,-1,3568,3566,3569,-1,3569,3566,3567,-1,3570,3568,3571,-1,3571,3568,3569,-1,3570,3571,3572,-1,3570,3572,3573,-1,3573,3572,3574,-1,3573,3574,3575,-1,3575,3574,3576,-1,3575,3576,3577,-1,3577,3576,3578,-1,3577,3578,3579,-1,3579,3578,3580,-1,3579,3580,3581,-1,3581,3580,3582,-1,3581,3582,3583,-1,3583,3582,3584,-1,3583,3584,3585,-1,3585,3584,3586,-1,3585,3586,3587,-1,3587,3586,3588,-1,3587,3588,3589,-1,3589,3588,3590,-1,3589,3590,3591,-1,3591,3590,3592,-1,3591,3592,3593,-1,3593,3592,3594,-1,3593,3594,3595,-1,3596,3595,3597,-1,3597,3595,3594,-1,3598,3596,3599,-1,3599,3596,3597,-1,3600,3598,3601,-1,3601,3598,3599,-1,3602,3600,3603,-1,3603,3600,3601,-1,3604,3602,3605,-1,3605,3602,3603,-1,3606,3604,3607,-1,3607,3604,3605,-1,3608,3606,3609,-1,3609,3606,3607,-1,3610,3608,3611,-1,3611,3608,3609,-1,3610,3611,3612,-1,3610,3612,3613,-1,3613,3612,3614,-1,3613,3614,3615,-1,3615,3614,3616,-1,3615,3616,3617,-1,3617,3616,3618,-1,3617,3618,3619,-1,3619,3618,3620,-1,3619,3620,3621,-1,3621,3620,3622,-1,3621,3622,3623,-1,3624,3623,3625,-1,3625,3623,3622,-1,3626,3624,3627,-1,3627,3624,3625,-1,3626,3627,3628,-1,3626,3628,3629,-1,3629,3628,3630,-1,3629,3630,3631,-1,3631,3630,3632,-1,3631,3632,3633,-1,3633,3632,3634,-1,3633,3634,3635,-1,3635,3634,3636,-1,3635,3636,3637,-1,3637,3636,3638,-1,3637,3638,3639,-1,3639,3638,3513,-1,3639,3513,3511,-1,3526,3528,3530,-1,3553,3554,3556,-1,3556,3558,3560,-1,3514,3516,3608,-1,3613,3615,3617,-1,3537,3539,3541,-1,3562,3530,3560,-1,3560,3530,3532,-1,3560,3532,3556,-1,3556,3532,3535,-1,3556,3535,3553,-1,3553,3535,3551,-1,3514,3608,3510,-1,3537,3541,3535,-1,3535,3541,3543,-1,3535,3543,3545,-1,3613,3617,3610,-1,3610,3617,3619,-1,3610,3619,3621,-1,3545,3547,3535,-1,3535,3547,3549,-1,3535,3549,3551,-1,3516,3518,3608,-1,3608,3518,3520,-1,3608,3520,3606,-1,3606,3520,3522,-1,3606,3522,3524,-1,3600,3602,3598,-1,3598,3602,3604,-1,3524,3526,3606,-1,3606,3526,3530,-1,3606,3530,3604,-1,3604,3530,3562,-1,3604,3562,3598,-1,3598,3562,3564,-1,3598,3564,3596,-1,3596,3564,3566,-1,3596,3566,3595,-1,3595,3566,3568,-1,3595,3568,3570,-1,3629,3631,3608,-1,3583,3570,3581,-1,3581,3570,3579,-1,3621,3623,3610,-1,3610,3623,3624,-1,3610,3624,3608,-1,3608,3624,3626,-1,3608,3626,3629,-1,3631,3633,3608,-1,3608,3633,3635,-1,3608,3635,3637,-1,3637,3639,3608,-1,3608,3639,3511,-1,3608,3511,3510,-1,3579,3570,3577,-1,3577,3570,3573,-1,3577,3573,3575,-1,3583,3585,3570,-1,3570,3585,3587,-1,3570,3587,3589,-1,3589,3591,3570,-1,3570,3591,3593,-1,3570,3593,3595,-1,3605,3565,3607,-1,3607,3565,3563,-1,3607,3563,3609,-1,3571,3569,3567,-1,3557,3534,3533,-1,3627,3625,3622,-1,3609,3563,3531,-1,3531,3563,3561,-1,3531,3561,3533,-1,3533,3561,3559,-1,3533,3559,3557,-1,3531,3529,3527,-1,3521,3519,3609,-1,3590,3588,3571,-1,3521,3609,3523,-1,3557,3555,3534,-1,3534,3555,3552,-1,3534,3552,3550,-1,3550,3548,3534,-1,3534,3548,3546,-1,3534,3546,3544,-1,3544,3542,3534,-1,3534,3542,3540,-1,3534,3540,3536,-1,3536,3540,3538,-1,3578,3571,3580,-1,3580,3571,3582,-1,3531,3527,3609,-1,3609,3527,3525,-1,3609,3525,3523,-1,3603,3601,3605,-1,3605,3601,3599,-1,3605,3599,3565,-1,3565,3599,3597,-1,3565,3597,3567,-1,3567,3597,3594,-1,3567,3594,3571,-1,3571,3594,3592,-1,3571,3592,3590,-1,3588,3586,3571,-1,3571,3586,3584,-1,3571,3584,3582,-1,3578,3576,3571,-1,3571,3576,3574,-1,3571,3574,3572,-1,3614,3612,3616,-1,3616,3612,3611,-1,3616,3611,3618,-1,3618,3611,3620,-1,3519,3517,3609,-1,3609,3517,3515,-1,3609,3515,3512,-1,3512,3513,3609,-1,3609,3513,3638,-1,3609,3638,3636,-1,3636,3634,3609,-1,3609,3634,3632,-1,3609,3632,3630,-1,3630,3628,3609,-1,3609,3628,3627,-1,3609,3627,3611,-1,3611,3627,3622,-1,3611,3622,3620,-1,3640,3641,3642,-1,3642,3641,3643,-1,3640,3642,3644,-1,3644,3642,3645,-1,3644,3645,3646,-1,3646,3645,3647,-1,3646,3647,3648,-1,3648,3647,3649,-1,3648,3649,3650,-1,3650,3649,3651,-1,3650,3651,3652,-1,3652,3651,3653,-1,3652,3653,3654,-1,3654,3653,3655,-1,3654,3655,3656,-1,3656,3655,3657,-1,3658,3656,3659,-1,3659,3656,3657,-1,3660,3658,3661,-1,3661,3658,3659,-1,3662,3660,3663,-1,3663,3660,3661,-1,3662,3663,3664,-1,3662,3664,3665,-1,3665,3664,3666,-1,3665,3666,3667,-1,3667,3666,3668,-1,3667,3668,3669,-1,3669,3668,3670,-1,3669,3670,3671,-1,3671,3670,3672,-1,3671,3672,3673,-1,3673,3672,3674,-1,3673,3674,3675,-1,3675,3674,3676,-1,3675,3676,3677,-1,3677,3676,3678,-1,3677,3678,3679,-1,3679,3678,3680,-1,3679,3680,3681,-1,3681,3680,3682,-1,3681,3682,3683,-1,3684,3683,3685,-1,3685,3683,3682,-1,3686,3684,3687,-1,3687,3684,3685,-1,3688,3686,3689,-1,3689,3686,3687,-1,3690,3688,3691,-1,3691,3688,3689,-1,3692,3690,3693,-1,3693,3690,3691,-1,3694,3692,3695,-1,3695,3692,3693,-1,3696,3694,3697,-1,3697,3694,3695,-1,3698,3696,3699,-1,3699,3696,3697,-1,3700,3698,3701,-1,3701,3698,3699,-1,3700,3701,3702,-1,3700,3702,3703,-1,3703,3702,3704,-1,3703,3704,3705,-1,3705,3704,3706,-1,3705,3706,3707,-1,3707,3706,3708,-1,3707,3708,3709,-1,3709,3708,3710,-1,3709,3710,3711,-1,3711,3710,3712,-1,3711,3712,3713,-1,3713,3712,3714,-1,3713,3714,3715,-1,3715,3714,3716,-1,3715,3716,3717,-1,3717,3716,3718,-1,3717,3718,3719,-1,3719,3718,3720,-1,3719,3720,3721,-1,3721,3720,3722,-1,3721,3722,3723,-1,3723,3722,3724,-1,3723,3724,3725,-1,3726,3725,3727,-1,3727,3725,3724,-1,3728,3726,3729,-1,3729,3726,3727,-1,3730,3728,3731,-1,3731,3728,3729,-1,3732,3730,3733,-1,3733,3730,3731,-1,3734,3732,3735,-1,3735,3732,3733,-1,3736,3734,3737,-1,3737,3734,3735,-1,3738,3736,3739,-1,3739,3736,3737,-1,3740,3738,3741,-1,3741,3738,3739,-1,3740,3741,3742,-1,3740,3742,3743,-1,3743,3742,3744,-1,3743,3744,3745,-1,3745,3744,3746,-1,3745,3746,3747,-1,3747,3746,3748,-1,3747,3748,3749,-1,3749,3748,3750,-1,3749,3750,3751,-1,3751,3750,3752,-1,3751,3752,3753,-1,3754,3753,3755,-1,3755,3753,3752,-1,3756,3754,3757,-1,3757,3754,3755,-1,3756,3757,3758,-1,3756,3758,3759,-1,3759,3758,3760,-1,3759,3760,3761,-1,3761,3760,3762,-1,3761,3762,3763,-1,3763,3762,3764,-1,3763,3764,3765,-1,3765,3764,3766,-1,3765,3766,3767,-1,3767,3766,3768,-1,3767,3768,3769,-1,3769,3768,3643,-1,3769,3643,3641,-1,3656,3658,3660,-1,3683,3684,3686,-1,3686,3688,3690,-1,3644,3646,3738,-1,3743,3745,3747,-1,3667,3669,3671,-1,3692,3660,3690,-1,3690,3660,3662,-1,3690,3662,3686,-1,3686,3662,3665,-1,3686,3665,3683,-1,3683,3665,3681,-1,3644,3738,3640,-1,3667,3671,3665,-1,3665,3671,3673,-1,3665,3673,3675,-1,3743,3747,3740,-1,3740,3747,3749,-1,3740,3749,3751,-1,3675,3677,3665,-1,3665,3677,3679,-1,3665,3679,3681,-1,3646,3648,3738,-1,3738,3648,3650,-1,3738,3650,3736,-1,3736,3650,3652,-1,3736,3652,3654,-1,3730,3732,3728,-1,3728,3732,3734,-1,3654,3656,3736,-1,3736,3656,3660,-1,3736,3660,3734,-1,3734,3660,3692,-1,3734,3692,3728,-1,3728,3692,3694,-1,3728,3694,3726,-1,3726,3694,3696,-1,3726,3696,3725,-1,3725,3696,3698,-1,3725,3698,3700,-1,3759,3761,3738,-1,3713,3700,3711,-1,3711,3700,3709,-1,3751,3753,3740,-1,3740,3753,3754,-1,3740,3754,3738,-1,3738,3754,3756,-1,3738,3756,3759,-1,3761,3763,3738,-1,3738,3763,3765,-1,3738,3765,3767,-1,3767,3769,3738,-1,3738,3769,3641,-1,3738,3641,3640,-1,3709,3700,3707,-1,3707,3700,3703,-1,3707,3703,3705,-1,3713,3715,3700,-1,3700,3715,3717,-1,3700,3717,3719,-1,3719,3721,3700,-1,3700,3721,3723,-1,3700,3723,3725,-1,3735,3695,3737,-1,3737,3695,3693,-1,3737,3693,3739,-1,3701,3699,3697,-1,3687,3664,3663,-1,3757,3755,3752,-1,3739,3693,3661,-1,3661,3693,3691,-1,3661,3691,3663,-1,3663,3691,3689,-1,3663,3689,3687,-1,3661,3659,3657,-1,3651,3649,3739,-1,3720,3718,3701,-1,3651,3739,3653,-1,3687,3685,3664,-1,3664,3685,3682,-1,3664,3682,3680,-1,3680,3678,3664,-1,3664,3678,3676,-1,3664,3676,3674,-1,3674,3672,3664,-1,3664,3672,3670,-1,3664,3670,3666,-1,3666,3670,3668,-1,3708,3701,3710,-1,3710,3701,3712,-1,3661,3657,3739,-1,3739,3657,3655,-1,3739,3655,3653,-1,3733,3731,3735,-1,3735,3731,3729,-1,3735,3729,3695,-1,3695,3729,3727,-1,3695,3727,3697,-1,3697,3727,3724,-1,3697,3724,3701,-1,3701,3724,3722,-1,3701,3722,3720,-1,3718,3716,3701,-1,3701,3716,3714,-1,3701,3714,3712,-1,3708,3706,3701,-1,3701,3706,3704,-1,3701,3704,3702,-1,3744,3742,3746,-1,3746,3742,3741,-1,3746,3741,3748,-1,3748,3741,3750,-1,3649,3647,3739,-1,3739,3647,3645,-1,3739,3645,3642,-1,3642,3643,3739,-1,3739,3643,3768,-1,3739,3768,3766,-1,3766,3764,3739,-1,3739,3764,3762,-1,3739,3762,3760,-1,3760,3758,3739,-1,3739,3758,3757,-1,3739,3757,3741,-1,3741,3757,3752,-1,3741,3752,3750,-1,3770,3771,3772,-1,3772,3771,3773,-1,3770,3772,3774,-1,3774,3772,3775,-1,3774,3775,3776,-1,3776,3775,3777,-1,3776,3777,3778,-1,3778,3777,3779,-1,3778,3779,3780,-1,3780,3779,3781,-1,3780,3781,3782,-1,3782,3781,3783,-1,3782,3783,3784,-1,3784,3783,3785,-1,3784,3785,3786,-1,3786,3785,3787,-1,3788,3786,3789,-1,3789,3786,3787,-1,3790,3788,3791,-1,3791,3788,3789,-1,3792,3790,3793,-1,3793,3790,3791,-1,3792,3793,3794,-1,3792,3794,3795,-1,3795,3794,3796,-1,3795,3796,3797,-1,3797,3796,3798,-1,3797,3798,3799,-1,3799,3798,3800,-1,3799,3800,3801,-1,3801,3800,3802,-1,3801,3802,3803,-1,3803,3802,3804,-1,3803,3804,3805,-1,3805,3804,3806,-1,3805,3806,3807,-1,3807,3806,3808,-1,3807,3808,3809,-1,3809,3808,3810,-1,3809,3810,3811,-1,3811,3810,3812,-1,3811,3812,3813,-1,3814,3813,3815,-1,3815,3813,3812,-1,3816,3814,3817,-1,3817,3814,3815,-1,3818,3816,3819,-1,3819,3816,3817,-1,3820,3818,3821,-1,3821,3818,3819,-1,3822,3820,3823,-1,3823,3820,3821,-1,3824,3822,3825,-1,3825,3822,3823,-1,3826,3824,3827,-1,3827,3824,3825,-1,3828,3826,3829,-1,3829,3826,3827,-1,3830,3828,3831,-1,3831,3828,3829,-1,3830,3831,3832,-1,3830,3832,3833,-1,3833,3832,3834,-1,3833,3834,3835,-1,3835,3834,3836,-1,3835,3836,3837,-1,3837,3836,3838,-1,3837,3838,3839,-1,3839,3838,3840,-1,3839,3840,3841,-1,3841,3840,3842,-1,3841,3842,3843,-1,3843,3842,3844,-1,3843,3844,3845,-1,3845,3844,3846,-1,3845,3846,3847,-1,3847,3846,3848,-1,3847,3848,3849,-1,3849,3848,3850,-1,3849,3850,3851,-1,3851,3850,3852,-1,3851,3852,3853,-1,3853,3852,3854,-1,3853,3854,3855,-1,3856,3855,3857,-1,3857,3855,3854,-1,3858,3856,3859,-1,3859,3856,3857,-1,3860,3858,3861,-1,3861,3858,3859,-1,3862,3860,3863,-1,3863,3860,3861,-1,3864,3862,3865,-1,3865,3862,3863,-1,3866,3864,3867,-1,3867,3864,3865,-1,3868,3866,3869,-1,3869,3866,3867,-1,3870,3868,3871,-1,3871,3868,3869,-1,3870,3871,3872,-1,3870,3872,3873,-1,3873,3872,3874,-1,3873,3874,3875,-1,3875,3874,3876,-1,3875,3876,3877,-1,3877,3876,3878,-1,3877,3878,3879,-1,3879,3878,3880,-1,3879,3880,3881,-1,3881,3880,3882,-1,3881,3882,3883,-1,3884,3883,3885,-1,3885,3883,3882,-1,3886,3884,3887,-1,3887,3884,3885,-1,3886,3887,3888,-1,3886,3888,3889,-1,3889,3888,3890,-1,3889,3890,3891,-1,3891,3890,3892,-1,3891,3892,3893,-1,3893,3892,3894,-1,3893,3894,3895,-1,3895,3894,3896,-1,3895,3896,3897,-1,3897,3896,3898,-1,3897,3898,3899,-1,3899,3898,3773,-1,3899,3773,3771,-1,3786,3788,3790,-1,3813,3814,3816,-1,3816,3818,3820,-1,3774,3776,3868,-1,3873,3875,3877,-1,3797,3799,3801,-1,3822,3790,3820,-1,3820,3790,3792,-1,3820,3792,3816,-1,3816,3792,3795,-1,3816,3795,3813,-1,3813,3795,3811,-1,3774,3868,3770,-1,3797,3801,3795,-1,3795,3801,3803,-1,3795,3803,3805,-1,3873,3877,3870,-1,3870,3877,3879,-1,3870,3879,3881,-1,3805,3807,3795,-1,3795,3807,3809,-1,3795,3809,3811,-1,3776,3778,3868,-1,3868,3778,3780,-1,3868,3780,3866,-1,3866,3780,3782,-1,3866,3782,3784,-1,3860,3862,3858,-1,3858,3862,3864,-1,3784,3786,3866,-1,3866,3786,3790,-1,3866,3790,3864,-1,3864,3790,3822,-1,3864,3822,3858,-1,3858,3822,3824,-1,3858,3824,3856,-1,3856,3824,3826,-1,3856,3826,3855,-1,3855,3826,3828,-1,3855,3828,3830,-1,3889,3891,3868,-1,3843,3830,3841,-1,3841,3830,3839,-1,3881,3883,3870,-1,3870,3883,3884,-1,3870,3884,3868,-1,3868,3884,3886,-1,3868,3886,3889,-1,3891,3893,3868,-1,3868,3893,3895,-1,3868,3895,3897,-1,3897,3899,3868,-1,3868,3899,3771,-1,3868,3771,3770,-1,3839,3830,3837,-1,3837,3830,3833,-1,3837,3833,3835,-1,3843,3845,3830,-1,3830,3845,3847,-1,3830,3847,3849,-1,3849,3851,3830,-1,3830,3851,3853,-1,3830,3853,3855,-1,3865,3825,3867,-1,3867,3825,3823,-1,3867,3823,3869,-1,3831,3829,3827,-1,3817,3794,3793,-1,3887,3885,3882,-1,3869,3823,3791,-1,3791,3823,3821,-1,3791,3821,3793,-1,3793,3821,3819,-1,3793,3819,3817,-1,3791,3789,3787,-1,3781,3779,3869,-1,3850,3848,3831,-1,3781,3869,3783,-1,3817,3815,3794,-1,3794,3815,3812,-1,3794,3812,3810,-1,3810,3808,3794,-1,3794,3808,3806,-1,3794,3806,3804,-1,3804,3802,3794,-1,3794,3802,3800,-1,3794,3800,3796,-1,3796,3800,3798,-1,3838,3831,3840,-1,3840,3831,3842,-1,3791,3787,3869,-1,3869,3787,3785,-1,3869,3785,3783,-1,3863,3861,3865,-1,3865,3861,3859,-1,3865,3859,3825,-1,3825,3859,3857,-1,3825,3857,3827,-1,3827,3857,3854,-1,3827,3854,3831,-1,3831,3854,3852,-1,3831,3852,3850,-1,3848,3846,3831,-1,3831,3846,3844,-1,3831,3844,3842,-1,3838,3836,3831,-1,3831,3836,3834,-1,3831,3834,3832,-1,3874,3872,3876,-1,3876,3872,3871,-1,3876,3871,3878,-1,3878,3871,3880,-1,3779,3777,3869,-1,3869,3777,3775,-1,3869,3775,3772,-1,3772,3773,3869,-1,3869,3773,3898,-1,3869,3898,3896,-1,3896,3894,3869,-1,3869,3894,3892,-1,3869,3892,3890,-1,3890,3888,3869,-1,3869,3888,3887,-1,3869,3887,3871,-1,3871,3887,3882,-1,3871,3882,3880,-1,3900,3901,3902,-1,3902,3901,3903,-1,3900,3902,3904,-1,3904,3902,3905,-1,3904,3905,3906,-1,3906,3905,3907,-1,3906,3907,3908,-1,3908,3907,3909,-1,3908,3909,3910,-1,3910,3909,3911,-1,3910,3911,3912,-1,3912,3911,3913,-1,3912,3913,3914,-1,3914,3913,3915,-1,3914,3915,3916,-1,3916,3915,3917,-1,3918,3916,3919,-1,3919,3916,3917,-1,3920,3918,3921,-1,3921,3918,3919,-1,3922,3920,3923,-1,3923,3920,3921,-1,3922,3923,3924,-1,3922,3924,3925,-1,3925,3924,3926,-1,3925,3926,3927,-1,3927,3926,3928,-1,3927,3928,3929,-1,3929,3928,3930,-1,3929,3930,3931,-1,3931,3930,3932,-1,3931,3932,3933,-1,3933,3932,3934,-1,3933,3934,3935,-1,3935,3934,3936,-1,3935,3936,3937,-1,3937,3936,3938,-1,3937,3938,3939,-1,3939,3938,3940,-1,3939,3940,3941,-1,3941,3940,3942,-1,3941,3942,3943,-1,3944,3943,3945,-1,3945,3943,3942,-1,3946,3944,3947,-1,3947,3944,3945,-1,3948,3946,3949,-1,3949,3946,3947,-1,3950,3948,3951,-1,3951,3948,3949,-1,3952,3950,3953,-1,3953,3950,3951,-1,3954,3952,3955,-1,3955,3952,3953,-1,3956,3954,3957,-1,3957,3954,3955,-1,3958,3956,3959,-1,3959,3956,3957,-1,3960,3958,3961,-1,3961,3958,3959,-1,3960,3961,3962,-1,3960,3962,3963,-1,3963,3962,3964,-1,3963,3964,3965,-1,3965,3964,3966,-1,3965,3966,3967,-1,3967,3966,3968,-1,3967,3968,3969,-1,3969,3968,3970,-1,3969,3970,3971,-1,3971,3970,3972,-1,3971,3972,3973,-1,3973,3972,3974,-1,3973,3974,3975,-1,3975,3974,3976,-1,3975,3976,3977,-1,3977,3976,3978,-1,3977,3978,3979,-1,3979,3978,3980,-1,3979,3980,3981,-1,3981,3980,3982,-1,3981,3982,3983,-1,3983,3982,3984,-1,3983,3984,3985,-1,3986,3985,3987,-1,3987,3985,3984,-1,3988,3986,3989,-1,3989,3986,3987,-1,3990,3988,3991,-1,3991,3988,3989,-1,3992,3990,3993,-1,3993,3990,3991,-1,3994,3992,3995,-1,3995,3992,3993,-1,3996,3994,3997,-1,3997,3994,3995,-1,3998,3996,3999,-1,3999,3996,3997,-1,4000,3998,4001,-1,4001,3998,3999,-1,4000,4001,4002,-1,4000,4002,4003,-1,4003,4002,4004,-1,4003,4004,4005,-1,4005,4004,4006,-1,4005,4006,4007,-1,4007,4006,4008,-1,4007,4008,4009,-1,4009,4008,4010,-1,4009,4010,4011,-1,4011,4010,4012,-1,4011,4012,4013,-1,4014,4013,4015,-1,4015,4013,4012,-1,4016,4014,4017,-1,4017,4014,4015,-1,4016,4017,4018,-1,4016,4018,4019,-1,4019,4018,4020,-1,4019,4020,4021,-1,4021,4020,4022,-1,4021,4022,4023,-1,4023,4022,4024,-1,4023,4024,4025,-1,4025,4024,4026,-1,4025,4026,4027,-1,4027,4026,4028,-1,4027,4028,4029,-1,4029,4028,3903,-1,4029,3903,3901,-1,3916,3918,3920,-1,3943,3944,3946,-1,3946,3948,3950,-1,3904,3906,3998,-1,4003,4005,4007,-1,3927,3929,3931,-1,3952,3920,3950,-1,3950,3920,3922,-1,3950,3922,3946,-1,3946,3922,3925,-1,3946,3925,3943,-1,3943,3925,3941,-1,3904,3998,3900,-1,3927,3931,3925,-1,3925,3931,3933,-1,3925,3933,3935,-1,4003,4007,4000,-1,4000,4007,4009,-1,4000,4009,4011,-1,3935,3937,3925,-1,3925,3937,3939,-1,3925,3939,3941,-1,3906,3908,3998,-1,3998,3908,3910,-1,3998,3910,3996,-1,3996,3910,3912,-1,3996,3912,3914,-1,3990,3992,3988,-1,3988,3992,3994,-1,3914,3916,3996,-1,3996,3916,3920,-1,3996,3920,3994,-1,3994,3920,3952,-1,3994,3952,3988,-1,3988,3952,3954,-1,3988,3954,3986,-1,3986,3954,3956,-1,3986,3956,3985,-1,3985,3956,3958,-1,3985,3958,3960,-1,4019,4021,3998,-1,3973,3960,3971,-1,3971,3960,3969,-1,4011,4013,4000,-1,4000,4013,4014,-1,4000,4014,3998,-1,3998,4014,4016,-1,3998,4016,4019,-1,4021,4023,3998,-1,3998,4023,4025,-1,3998,4025,4027,-1,4027,4029,3998,-1,3998,4029,3901,-1,3998,3901,3900,-1,3969,3960,3967,-1,3967,3960,3963,-1,3967,3963,3965,-1,3973,3975,3960,-1,3960,3975,3977,-1,3960,3977,3979,-1,3979,3981,3960,-1,3960,3981,3983,-1,3960,3983,3985,-1,3995,3955,3997,-1,3997,3955,3953,-1,3997,3953,3999,-1,3961,3959,3957,-1,3947,3924,3923,-1,4017,4015,4012,-1,3999,3953,3921,-1,3921,3953,3951,-1,3921,3951,3923,-1,3923,3951,3949,-1,3923,3949,3947,-1,3921,3919,3917,-1,3911,3909,3999,-1,3980,3978,3961,-1,3911,3999,3913,-1,3947,3945,3924,-1,3924,3945,3942,-1,3924,3942,3940,-1,3940,3938,3924,-1,3924,3938,3936,-1,3924,3936,3934,-1,3934,3932,3924,-1,3924,3932,3930,-1,3924,3930,3926,-1,3926,3930,3928,-1,3968,3961,3970,-1,3970,3961,3972,-1,3921,3917,3999,-1,3999,3917,3915,-1,3999,3915,3913,-1,3993,3991,3995,-1,3995,3991,3989,-1,3995,3989,3955,-1,3955,3989,3987,-1,3955,3987,3957,-1,3957,3987,3984,-1,3957,3984,3961,-1,3961,3984,3982,-1,3961,3982,3980,-1,3978,3976,3961,-1,3961,3976,3974,-1,3961,3974,3972,-1,3968,3966,3961,-1,3961,3966,3964,-1,3961,3964,3962,-1,4004,4002,4006,-1,4006,4002,4001,-1,4006,4001,4008,-1,4008,4001,4010,-1,3909,3907,3999,-1,3999,3907,3905,-1,3999,3905,3902,-1,3902,3903,3999,-1,3999,3903,4028,-1,3999,4028,4026,-1,4026,4024,3999,-1,3999,4024,4022,-1,3999,4022,4020,-1,4020,4018,3999,-1,3999,4018,4017,-1,3999,4017,4001,-1,4001,4017,4012,-1,4001,4012,4010,-1,4030,4031,4032,-1,4032,4031,4033,-1,4030,4032,4034,-1,4034,4032,4035,-1,4034,4035,4036,-1,4036,4035,4037,-1,4036,4037,4038,-1,4038,4037,4039,-1,4038,4039,4040,-1,4040,4039,4041,-1,4040,4041,4042,-1,4042,4041,4043,-1,4042,4043,4044,-1,4044,4043,4045,-1,4044,4045,4046,-1,4046,4045,4047,-1,4048,4046,4049,-1,4049,4046,4047,-1,4050,4048,4051,-1,4051,4048,4049,-1,4052,4050,4053,-1,4053,4050,4051,-1,4052,4053,4054,-1,4052,4054,4055,-1,4055,4054,4056,-1,4055,4056,4057,-1,4057,4056,4058,-1,4057,4058,4059,-1,4059,4058,4060,-1,4059,4060,4061,-1,4061,4060,4062,-1,4061,4062,4063,-1,4063,4062,4064,-1,4063,4064,4065,-1,4065,4064,4066,-1,4065,4066,4067,-1,4067,4066,4068,-1,4067,4068,4069,-1,4069,4068,4070,-1,4069,4070,4071,-1,4071,4070,4072,-1,4071,4072,4073,-1,4074,4073,4075,-1,4075,4073,4072,-1,4076,4074,4077,-1,4077,4074,4075,-1,4078,4076,4079,-1,4079,4076,4077,-1,4080,4078,4081,-1,4081,4078,4079,-1,4082,4080,4083,-1,4083,4080,4081,-1,4084,4082,4085,-1,4085,4082,4083,-1,4086,4084,4087,-1,4087,4084,4085,-1,4088,4086,4089,-1,4089,4086,4087,-1,4090,4088,4091,-1,4091,4088,4089,-1,4090,4091,4092,-1,4090,4092,4093,-1,4093,4092,4094,-1,4093,4094,4095,-1,4095,4094,4096,-1,4095,4096,4097,-1,4097,4096,4098,-1,4097,4098,4099,-1,4099,4098,4100,-1,4099,4100,4101,-1,4101,4100,4102,-1,4101,4102,4103,-1,4103,4102,4104,-1,4103,4104,4105,-1,4105,4104,4106,-1,4105,4106,4107,-1,4107,4106,4108,-1,4107,4108,4109,-1,4109,4108,4110,-1,4109,4110,4111,-1,4111,4110,4112,-1,4111,4112,4113,-1,4113,4112,4114,-1,4113,4114,4115,-1,4116,4115,4117,-1,4117,4115,4114,-1,4118,4116,4119,-1,4119,4116,4117,-1,4120,4118,4121,-1,4121,4118,4119,-1,4122,4120,4123,-1,4123,4120,4121,-1,4124,4122,4125,-1,4125,4122,4123,-1,4126,4124,4127,-1,4127,4124,4125,-1,4128,4126,4129,-1,4129,4126,4127,-1,4130,4128,4131,-1,4131,4128,4129,-1,4130,4131,4132,-1,4130,4132,4133,-1,4133,4132,4134,-1,4133,4134,4135,-1,4135,4134,4136,-1,4135,4136,4137,-1,4137,4136,4138,-1,4137,4138,4139,-1,4139,4138,4140,-1,4139,4140,4141,-1,4141,4140,4142,-1,4141,4142,4143,-1,4144,4143,4145,-1,4145,4143,4142,-1,4146,4144,4147,-1,4147,4144,4145,-1,4146,4147,4148,-1,4146,4148,4149,-1,4149,4148,4150,-1,4149,4150,4151,-1,4151,4150,4152,-1,4151,4152,4153,-1,4153,4152,4154,-1,4153,4154,4155,-1,4155,4154,4156,-1,4155,4156,4157,-1,4157,4156,4158,-1,4157,4158,4159,-1,4159,4158,4033,-1,4159,4033,4031,-1,4046,4048,4050,-1,4073,4074,4076,-1,4076,4078,4080,-1,4034,4036,4128,-1,4133,4135,4137,-1,4057,4059,4061,-1,4082,4050,4080,-1,4080,4050,4052,-1,4080,4052,4076,-1,4076,4052,4055,-1,4076,4055,4073,-1,4073,4055,4071,-1,4034,4128,4030,-1,4057,4061,4055,-1,4055,4061,4063,-1,4055,4063,4065,-1,4133,4137,4130,-1,4130,4137,4139,-1,4130,4139,4141,-1,4065,4067,4055,-1,4055,4067,4069,-1,4055,4069,4071,-1,4036,4038,4128,-1,4128,4038,4040,-1,4128,4040,4126,-1,4126,4040,4042,-1,4126,4042,4044,-1,4120,4122,4118,-1,4118,4122,4124,-1,4044,4046,4126,-1,4126,4046,4050,-1,4126,4050,4124,-1,4124,4050,4082,-1,4124,4082,4118,-1,4118,4082,4084,-1,4118,4084,4116,-1,4116,4084,4086,-1,4116,4086,4115,-1,4115,4086,4088,-1,4115,4088,4090,-1,4149,4151,4128,-1,4103,4090,4101,-1,4101,4090,4099,-1,4141,4143,4130,-1,4130,4143,4144,-1,4130,4144,4128,-1,4128,4144,4146,-1,4128,4146,4149,-1,4151,4153,4128,-1,4128,4153,4155,-1,4128,4155,4157,-1,4157,4159,4128,-1,4128,4159,4031,-1,4128,4031,4030,-1,4099,4090,4097,-1,4097,4090,4093,-1,4097,4093,4095,-1,4103,4105,4090,-1,4090,4105,4107,-1,4090,4107,4109,-1,4109,4111,4090,-1,4090,4111,4113,-1,4090,4113,4115,-1,4125,4085,4127,-1,4127,4085,4083,-1,4127,4083,4129,-1,4091,4089,4087,-1,4077,4054,4053,-1,4147,4145,4142,-1,4129,4083,4051,-1,4051,4083,4081,-1,4051,4081,4053,-1,4053,4081,4079,-1,4053,4079,4077,-1,4051,4049,4047,-1,4041,4039,4129,-1,4110,4108,4091,-1,4041,4129,4043,-1,4077,4075,4054,-1,4054,4075,4072,-1,4054,4072,4070,-1,4070,4068,4054,-1,4054,4068,4066,-1,4054,4066,4064,-1,4064,4062,4054,-1,4054,4062,4060,-1,4054,4060,4056,-1,4056,4060,4058,-1,4098,4091,4100,-1,4100,4091,4102,-1,4051,4047,4129,-1,4129,4047,4045,-1,4129,4045,4043,-1,4123,4121,4125,-1,4125,4121,4119,-1,4125,4119,4085,-1,4085,4119,4117,-1,4085,4117,4087,-1,4087,4117,4114,-1,4087,4114,4091,-1,4091,4114,4112,-1,4091,4112,4110,-1,4108,4106,4091,-1,4091,4106,4104,-1,4091,4104,4102,-1,4098,4096,4091,-1,4091,4096,4094,-1,4091,4094,4092,-1,4134,4132,4136,-1,4136,4132,4131,-1,4136,4131,4138,-1,4138,4131,4140,-1,4039,4037,4129,-1,4129,4037,4035,-1,4129,4035,4032,-1,4032,4033,4129,-1,4129,4033,4158,-1,4129,4158,4156,-1,4156,4154,4129,-1,4129,4154,4152,-1,4129,4152,4150,-1,4150,4148,4129,-1,4129,4148,4147,-1,4129,4147,4131,-1,4131,4147,4142,-1,4131,4142,4140,-1,4160,4161,4162,-1,4162,4161,4163,-1,4160,4162,4164,-1,4164,4162,4165,-1,4164,4165,4166,-1,4166,4165,4167,-1,4166,4167,4168,-1,4168,4167,4169,-1,4168,4169,4170,-1,4170,4169,4171,-1,4170,4171,4172,-1,4172,4171,4173,-1,4172,4173,4174,-1,4174,4173,4175,-1,4174,4175,4176,-1,4176,4175,4177,-1,4178,4176,4179,-1,4179,4176,4177,-1,4180,4178,4181,-1,4181,4178,4179,-1,4182,4180,4183,-1,4183,4180,4181,-1,4182,4183,4184,-1,4182,4184,4185,-1,4185,4184,4186,-1,4185,4186,4187,-1,4187,4186,4188,-1,4187,4188,4189,-1,4189,4188,4190,-1,4189,4190,4191,-1,4191,4190,4192,-1,4191,4192,4193,-1,4193,4192,4194,-1,4193,4194,4195,-1,4195,4194,4196,-1,4195,4196,4197,-1,4197,4196,4198,-1,4197,4198,4199,-1,4199,4198,4200,-1,4199,4200,4201,-1,4201,4200,4202,-1,4201,4202,4203,-1,4204,4203,4205,-1,4205,4203,4202,-1,4206,4204,4207,-1,4207,4204,4205,-1,4208,4206,4209,-1,4209,4206,4207,-1,4210,4208,4211,-1,4211,4208,4209,-1,4212,4210,4213,-1,4213,4210,4211,-1,4214,4212,4215,-1,4215,4212,4213,-1,4216,4214,4217,-1,4217,4214,4215,-1,4218,4216,4219,-1,4219,4216,4217,-1,4220,4218,4221,-1,4221,4218,4219,-1,4220,4221,4222,-1,4220,4222,4223,-1,4223,4222,4224,-1,4223,4224,4225,-1,4225,4224,4226,-1,4225,4226,4227,-1,4227,4226,4228,-1,4227,4228,4229,-1,4229,4228,4230,-1,4229,4230,4231,-1,4231,4230,4232,-1,4231,4232,4233,-1,4233,4232,4234,-1,4233,4234,4235,-1,4235,4234,4236,-1,4235,4236,4237,-1,4237,4236,4238,-1,4237,4238,4239,-1,4239,4238,4240,-1,4239,4240,4241,-1,4241,4240,4242,-1,4241,4242,4243,-1,4243,4242,4244,-1,4243,4244,4245,-1,4246,4245,4247,-1,4247,4245,4244,-1,4248,4246,4249,-1,4249,4246,4247,-1,4250,4248,4251,-1,4251,4248,4249,-1,4252,4250,4253,-1,4253,4250,4251,-1,4254,4252,4255,-1,4255,4252,4253,-1,4256,4254,4257,-1,4257,4254,4255,-1,4258,4256,4259,-1,4259,4256,4257,-1,4260,4258,4261,-1,4261,4258,4259,-1,4260,4261,4262,-1,4260,4262,4263,-1,4263,4262,4264,-1,4263,4264,4265,-1,4265,4264,4266,-1,4265,4266,4267,-1,4267,4266,4268,-1,4267,4268,4269,-1,4269,4268,4270,-1,4269,4270,4271,-1,4271,4270,4272,-1,4271,4272,4273,-1,4274,4273,4275,-1,4275,4273,4272,-1,4276,4274,4277,-1,4277,4274,4275,-1,4276,4277,4278,-1,4276,4278,4279,-1,4279,4278,4280,-1,4279,4280,4281,-1,4281,4280,4282,-1,4281,4282,4283,-1,4283,4282,4284,-1,4283,4284,4285,-1,4285,4284,4286,-1,4285,4286,4287,-1,4287,4286,4288,-1,4287,4288,4289,-1,4289,4288,4163,-1,4289,4163,4161,-1,4176,4178,4180,-1,4203,4204,4206,-1,4206,4208,4210,-1,4164,4166,4258,-1,4263,4265,4267,-1,4187,4189,4191,-1,4212,4180,4210,-1,4210,4180,4182,-1,4210,4182,4206,-1,4206,4182,4185,-1,4206,4185,4203,-1,4203,4185,4201,-1,4164,4258,4160,-1,4187,4191,4185,-1,4185,4191,4193,-1,4185,4193,4195,-1,4263,4267,4260,-1,4260,4267,4269,-1,4260,4269,4271,-1,4195,4197,4185,-1,4185,4197,4199,-1,4185,4199,4201,-1,4166,4168,4258,-1,4258,4168,4170,-1,4258,4170,4256,-1,4256,4170,4172,-1,4256,4172,4174,-1,4250,4252,4248,-1,4248,4252,4254,-1,4174,4176,4256,-1,4256,4176,4180,-1,4256,4180,4254,-1,4254,4180,4212,-1,4254,4212,4248,-1,4248,4212,4214,-1,4248,4214,4246,-1,4246,4214,4216,-1,4246,4216,4245,-1,4245,4216,4218,-1,4245,4218,4220,-1,4279,4281,4258,-1,4233,4220,4231,-1,4231,4220,4229,-1,4271,4273,4260,-1,4260,4273,4274,-1,4260,4274,4258,-1,4258,4274,4276,-1,4258,4276,4279,-1,4281,4283,4258,-1,4258,4283,4285,-1,4258,4285,4287,-1,4287,4289,4258,-1,4258,4289,4161,-1,4258,4161,4160,-1,4229,4220,4227,-1,4227,4220,4223,-1,4227,4223,4225,-1,4233,4235,4220,-1,4220,4235,4237,-1,4220,4237,4239,-1,4239,4241,4220,-1,4220,4241,4243,-1,4220,4243,4245,-1,4255,4215,4257,-1,4257,4215,4213,-1,4257,4213,4259,-1,4221,4219,4217,-1,4207,4184,4183,-1,4277,4275,4272,-1,4259,4213,4181,-1,4181,4213,4211,-1,4181,4211,4183,-1,4183,4211,4209,-1,4183,4209,4207,-1,4181,4179,4177,-1,4171,4169,4259,-1,4240,4238,4221,-1,4171,4259,4173,-1,4207,4205,4184,-1,4184,4205,4202,-1,4184,4202,4200,-1,4200,4198,4184,-1,4184,4198,4196,-1,4184,4196,4194,-1,4194,4192,4184,-1,4184,4192,4190,-1,4184,4190,4186,-1,4186,4190,4188,-1,4228,4221,4230,-1,4230,4221,4232,-1,4181,4177,4259,-1,4259,4177,4175,-1,4259,4175,4173,-1,4253,4251,4255,-1,4255,4251,4249,-1,4255,4249,4215,-1,4215,4249,4247,-1,4215,4247,4217,-1,4217,4247,4244,-1,4217,4244,4221,-1,4221,4244,4242,-1,4221,4242,4240,-1,4238,4236,4221,-1,4221,4236,4234,-1,4221,4234,4232,-1,4228,4226,4221,-1,4221,4226,4224,-1,4221,4224,4222,-1,4264,4262,4266,-1,4266,4262,4261,-1,4266,4261,4268,-1,4268,4261,4270,-1,4169,4167,4259,-1,4259,4167,4165,-1,4259,4165,4162,-1,4162,4163,4259,-1,4259,4163,4288,-1,4259,4288,4286,-1,4286,4284,4259,-1,4259,4284,4282,-1,4259,4282,4280,-1,4280,4278,4259,-1,4259,4278,4277,-1,4259,4277,4261,-1,4261,4277,4272,-1,4261,4272,4270,-1,4290,4291,4292,-1,4292,4291,4293,-1,4290,4292,4294,-1,4294,4292,4295,-1,4294,4295,4296,-1,4296,4295,4297,-1,4296,4297,4298,-1,4298,4297,4299,-1,4298,4299,4300,-1,4300,4299,4301,-1,4300,4301,4302,-1,4302,4301,4303,-1,4302,4303,4304,-1,4304,4303,4305,-1,4304,4305,4306,-1,4306,4305,4307,-1,4308,4306,4309,-1,4309,4306,4307,-1,4310,4308,4311,-1,4311,4308,4309,-1,4312,4310,4313,-1,4313,4310,4311,-1,4312,4313,4314,-1,4312,4314,4315,-1,4315,4314,4316,-1,4315,4316,4317,-1,4317,4316,4318,-1,4317,4318,4319,-1,4319,4318,4320,-1,4319,4320,4321,-1,4321,4320,4322,-1,4321,4322,4323,-1,4323,4322,4324,-1,4323,4324,4325,-1,4325,4324,4326,-1,4325,4326,4327,-1,4327,4326,4328,-1,4327,4328,4329,-1,4329,4328,4330,-1,4329,4330,4331,-1,4331,4330,4332,-1,4331,4332,4333,-1,4334,4333,4335,-1,4335,4333,4332,-1,4336,4334,4337,-1,4337,4334,4335,-1,4338,4336,4339,-1,4339,4336,4337,-1,4340,4338,4341,-1,4341,4338,4339,-1,4342,4340,4343,-1,4343,4340,4341,-1,4344,4342,4345,-1,4345,4342,4343,-1,4346,4344,4347,-1,4347,4344,4345,-1,4348,4346,4349,-1,4349,4346,4347,-1,4350,4348,4351,-1,4351,4348,4349,-1,4350,4351,4352,-1,4350,4352,4353,-1,4353,4352,4354,-1,4353,4354,4355,-1,4355,4354,4356,-1,4355,4356,4357,-1,4357,4356,4358,-1,4357,4358,4359,-1,4359,4358,4360,-1,4359,4360,4361,-1,4361,4360,4362,-1,4361,4362,4363,-1,4363,4362,4364,-1,4363,4364,4365,-1,4365,4364,4366,-1,4365,4366,4367,-1,4367,4366,4368,-1,4367,4368,4369,-1,4369,4368,4370,-1,4369,4370,4371,-1,4371,4370,4372,-1,4371,4372,4373,-1,4373,4372,4374,-1,4373,4374,4375,-1,4376,4375,4377,-1,4377,4375,4374,-1,4378,4376,4379,-1,4379,4376,4377,-1,4380,4378,4381,-1,4381,4378,4379,-1,4382,4380,4383,-1,4383,4380,4381,-1,4384,4382,4385,-1,4385,4382,4383,-1,4386,4384,4387,-1,4387,4384,4385,-1,4388,4386,4389,-1,4389,4386,4387,-1,4390,4388,4391,-1,4391,4388,4389,-1,4390,4391,4392,-1,4390,4392,4393,-1,4393,4392,4394,-1,4393,4394,4395,-1,4395,4394,4396,-1,4395,4396,4397,-1,4397,4396,4398,-1,4397,4398,4399,-1,4399,4398,4400,-1,4399,4400,4401,-1,4401,4400,4402,-1,4401,4402,4403,-1,4404,4403,4405,-1,4405,4403,4402,-1,4406,4404,4407,-1,4407,4404,4405,-1,4406,4407,4408,-1,4406,4408,4409,-1,4409,4408,4410,-1,4409,4410,4411,-1,4411,4410,4412,-1,4411,4412,4413,-1,4413,4412,4414,-1,4413,4414,4415,-1,4415,4414,4416,-1,4415,4416,4417,-1,4417,4416,4418,-1,4417,4418,4419,-1,4419,4418,4293,-1,4419,4293,4291,-1,4306,4308,4310,-1,4333,4334,4336,-1,4336,4338,4340,-1,4294,4296,4388,-1,4393,4395,4397,-1,4317,4319,4321,-1,4342,4310,4340,-1,4340,4310,4312,-1,4340,4312,4336,-1,4336,4312,4315,-1,4336,4315,4333,-1,4333,4315,4331,-1,4294,4388,4290,-1,4317,4321,4315,-1,4315,4321,4323,-1,4315,4323,4325,-1,4393,4397,4390,-1,4390,4397,4399,-1,4390,4399,4401,-1,4325,4327,4315,-1,4315,4327,4329,-1,4315,4329,4331,-1,4296,4298,4388,-1,4388,4298,4300,-1,4388,4300,4386,-1,4386,4300,4302,-1,4386,4302,4304,-1,4380,4382,4378,-1,4378,4382,4384,-1,4304,4306,4386,-1,4386,4306,4310,-1,4386,4310,4384,-1,4384,4310,4342,-1,4384,4342,4378,-1,4378,4342,4344,-1,4378,4344,4376,-1,4376,4344,4346,-1,4376,4346,4375,-1,4375,4346,4348,-1,4375,4348,4350,-1,4409,4411,4388,-1,4363,4350,4361,-1,4361,4350,4359,-1,4401,4403,4390,-1,4390,4403,4404,-1,4390,4404,4388,-1,4388,4404,4406,-1,4388,4406,4409,-1,4411,4413,4388,-1,4388,4413,4415,-1,4388,4415,4417,-1,4417,4419,4388,-1,4388,4419,4291,-1,4388,4291,4290,-1,4359,4350,4357,-1,4357,4350,4353,-1,4357,4353,4355,-1,4363,4365,4350,-1,4350,4365,4367,-1,4350,4367,4369,-1,4369,4371,4350,-1,4350,4371,4373,-1,4350,4373,4375,-1,4385,4345,4387,-1,4387,4345,4343,-1,4387,4343,4389,-1,4351,4349,4347,-1,4337,4314,4313,-1,4407,4405,4402,-1,4389,4343,4311,-1,4311,4343,4341,-1,4311,4341,4313,-1,4313,4341,4339,-1,4313,4339,4337,-1,4311,4309,4307,-1,4301,4299,4389,-1,4370,4368,4351,-1,4301,4389,4303,-1,4337,4335,4314,-1,4314,4335,4332,-1,4314,4332,4330,-1,4330,4328,4314,-1,4314,4328,4326,-1,4314,4326,4324,-1,4324,4322,4314,-1,4314,4322,4320,-1,4314,4320,4316,-1,4316,4320,4318,-1,4358,4351,4360,-1,4360,4351,4362,-1,4311,4307,4389,-1,4389,4307,4305,-1,4389,4305,4303,-1,4383,4381,4385,-1,4385,4381,4379,-1,4385,4379,4345,-1,4345,4379,4377,-1,4345,4377,4347,-1,4347,4377,4374,-1,4347,4374,4351,-1,4351,4374,4372,-1,4351,4372,4370,-1,4368,4366,4351,-1,4351,4366,4364,-1,4351,4364,4362,-1,4358,4356,4351,-1,4351,4356,4354,-1,4351,4354,4352,-1,4394,4392,4396,-1,4396,4392,4391,-1,4396,4391,4398,-1,4398,4391,4400,-1,4299,4297,4389,-1,4389,4297,4295,-1,4389,4295,4292,-1,4292,4293,4389,-1,4389,4293,4418,-1,4389,4418,4416,-1,4416,4414,4389,-1,4389,4414,4412,-1,4389,4412,4410,-1,4410,4408,4389,-1,4389,4408,4407,-1,4389,4407,4391,-1,4391,4407,4402,-1,4391,4402,4400,-1,4420,4421,4422,-1,4422,4421,4423,-1,4420,4422,4424,-1,4424,4422,4425,-1,4424,4425,4426,-1,4426,4425,4427,-1,4426,4427,4428,-1,4428,4427,4429,-1,4428,4429,4430,-1,4430,4429,4431,-1,4430,4431,4432,-1,4432,4431,4433,-1,4432,4433,4434,-1,4434,4433,4435,-1,4434,4435,4436,-1,4436,4435,4437,-1,4438,4436,4439,-1,4439,4436,4437,-1,4440,4438,4441,-1,4441,4438,4439,-1,4442,4440,4443,-1,4443,4440,4441,-1,4442,4443,4444,-1,4442,4444,4445,-1,4445,4444,4446,-1,4445,4446,4447,-1,4447,4446,4448,-1,4447,4448,4449,-1,4449,4448,4450,-1,4449,4450,4451,-1,4451,4450,4452,-1,4451,4452,4453,-1,4453,4452,4454,-1,4453,4454,4455,-1,4455,4454,4456,-1,4455,4456,4457,-1,4457,4456,4458,-1,4457,4458,4459,-1,4459,4458,4460,-1,4459,4460,4461,-1,4461,4460,4462,-1,4461,4462,4463,-1,4464,4463,4465,-1,4465,4463,4462,-1,4466,4464,4467,-1,4467,4464,4465,-1,4468,4466,4469,-1,4469,4466,4467,-1,4470,4468,4471,-1,4471,4468,4469,-1,4472,4470,4473,-1,4473,4470,4471,-1,4474,4472,4475,-1,4475,4472,4473,-1,4476,4474,4477,-1,4477,4474,4475,-1,4478,4476,4479,-1,4479,4476,4477,-1,4480,4478,4481,-1,4481,4478,4479,-1,4480,4481,4482,-1,4480,4482,4483,-1,4483,4482,4484,-1,4483,4484,4485,-1,4485,4484,4486,-1,4485,4486,4487,-1,4487,4486,4488,-1,4487,4488,4489,-1,4489,4488,4490,-1,4489,4490,4491,-1,4491,4490,4492,-1,4491,4492,4493,-1,4493,4492,4494,-1,4493,4494,4495,-1,4495,4494,4496,-1,4495,4496,4497,-1,4497,4496,4498,-1,4497,4498,4499,-1,4499,4498,4500,-1,4499,4500,4501,-1,4501,4500,4502,-1,4501,4502,4503,-1,4503,4502,4504,-1,4503,4504,4505,-1,4506,4505,4507,-1,4507,4505,4504,-1,4508,4506,4509,-1,4509,4506,4507,-1,4510,4508,4511,-1,4511,4508,4509,-1,4512,4510,4513,-1,4513,4510,4511,-1,4514,4512,4515,-1,4515,4512,4513,-1,4516,4514,4517,-1,4517,4514,4515,-1,4518,4516,4519,-1,4519,4516,4517,-1,4520,4518,4521,-1,4521,4518,4519,-1,4520,4521,4522,-1,4520,4522,4523,-1,4523,4522,4524,-1,4523,4524,4525,-1,4525,4524,4526,-1,4525,4526,4527,-1,4527,4526,4528,-1,4527,4528,4529,-1,4529,4528,4530,-1,4529,4530,4531,-1,4531,4530,4532,-1,4531,4532,4533,-1,4534,4533,4535,-1,4535,4533,4532,-1,4536,4534,4537,-1,4537,4534,4535,-1,4536,4537,4538,-1,4536,4538,4539,-1,4539,4538,4540,-1,4539,4540,4541,-1,4541,4540,4542,-1,4541,4542,4543,-1,4543,4542,4544,-1,4543,4544,4545,-1,4545,4544,4546,-1,4545,4546,4547,-1,4547,4546,4548,-1,4547,4548,4549,-1,4549,4548,4423,-1,4549,4423,4421,-1,4436,4438,4440,-1,4463,4464,4466,-1,4466,4468,4470,-1,4424,4426,4518,-1,4523,4525,4527,-1,4447,4449,4451,-1,4472,4440,4470,-1,4470,4440,4442,-1,4470,4442,4466,-1,4466,4442,4445,-1,4466,4445,4463,-1,4463,4445,4461,-1,4424,4518,4420,-1,4447,4451,4445,-1,4445,4451,4453,-1,4445,4453,4455,-1,4523,4527,4520,-1,4520,4527,4529,-1,4520,4529,4531,-1,4455,4457,4445,-1,4445,4457,4459,-1,4445,4459,4461,-1,4426,4428,4518,-1,4518,4428,4430,-1,4518,4430,4516,-1,4516,4430,4432,-1,4516,4432,4434,-1,4510,4512,4508,-1,4508,4512,4514,-1,4434,4436,4516,-1,4516,4436,4440,-1,4516,4440,4514,-1,4514,4440,4472,-1,4514,4472,4508,-1,4508,4472,4474,-1,4508,4474,4506,-1,4506,4474,4476,-1,4506,4476,4505,-1,4505,4476,4478,-1,4505,4478,4480,-1,4539,4541,4518,-1,4493,4480,4491,-1,4491,4480,4489,-1,4531,4533,4520,-1,4520,4533,4534,-1,4520,4534,4518,-1,4518,4534,4536,-1,4518,4536,4539,-1,4541,4543,4518,-1,4518,4543,4545,-1,4518,4545,4547,-1,4547,4549,4518,-1,4518,4549,4421,-1,4518,4421,4420,-1,4489,4480,4487,-1,4487,4480,4483,-1,4487,4483,4485,-1,4493,4495,4480,-1,4480,4495,4497,-1,4480,4497,4499,-1,4499,4501,4480,-1,4480,4501,4503,-1,4480,4503,4505,-1,4515,4475,4517,-1,4517,4475,4473,-1,4517,4473,4519,-1,4481,4479,4477,-1,4467,4444,4443,-1,4537,4535,4532,-1,4519,4473,4441,-1,4441,4473,4471,-1,4441,4471,4443,-1,4443,4471,4469,-1,4443,4469,4467,-1,4441,4439,4437,-1,4431,4429,4519,-1,4500,4498,4481,-1,4431,4519,4433,-1,4467,4465,4444,-1,4444,4465,4462,-1,4444,4462,4460,-1,4460,4458,4444,-1,4444,4458,4456,-1,4444,4456,4454,-1,4454,4452,4444,-1,4444,4452,4450,-1,4444,4450,4446,-1,4446,4450,4448,-1,4488,4481,4490,-1,4490,4481,4492,-1,4441,4437,4519,-1,4519,4437,4435,-1,4519,4435,4433,-1,4513,4511,4515,-1,4515,4511,4509,-1,4515,4509,4475,-1,4475,4509,4507,-1,4475,4507,4477,-1,4477,4507,4504,-1,4477,4504,4481,-1,4481,4504,4502,-1,4481,4502,4500,-1,4498,4496,4481,-1,4481,4496,4494,-1,4481,4494,4492,-1,4488,4486,4481,-1,4481,4486,4484,-1,4481,4484,4482,-1,4524,4522,4526,-1,4526,4522,4521,-1,4526,4521,4528,-1,4528,4521,4530,-1,4429,4427,4519,-1,4519,4427,4425,-1,4519,4425,4422,-1,4422,4423,4519,-1,4519,4423,4548,-1,4519,4548,4546,-1,4546,4544,4519,-1,4519,4544,4542,-1,4519,4542,4540,-1,4540,4538,4519,-1,4519,4538,4537,-1,4519,4537,4521,-1,4521,4537,4532,-1,4521,4532,4530,-1,4550,4551,4552,-1,4552,4551,4553,-1,4550,4552,4554,-1,4554,4552,4555,-1,4554,4555,4556,-1,4556,4555,4557,-1,4556,4557,4558,-1,4558,4557,4559,-1,4558,4559,4560,-1,4560,4559,4561,-1,4560,4561,4562,-1,4562,4561,4563,-1,4562,4563,4564,-1,4564,4563,4565,-1,4564,4565,4566,-1,4566,4565,4567,-1,4568,4566,4569,-1,4569,4566,4567,-1,4570,4568,4571,-1,4571,4568,4569,-1,4572,4570,4573,-1,4573,4570,4571,-1,4572,4573,4574,-1,4572,4574,4575,-1,4575,4574,4576,-1,4575,4576,4577,-1,4577,4576,4578,-1,4577,4578,4579,-1,4579,4578,4580,-1,4579,4580,4581,-1,4581,4580,4582,-1,4581,4582,4583,-1,4583,4582,4584,-1,4583,4584,4585,-1,4585,4584,4586,-1,4585,4586,4587,-1,4587,4586,4588,-1,4587,4588,4589,-1,4589,4588,4590,-1,4589,4590,4591,-1,4591,4590,4592,-1,4591,4592,4593,-1,4594,4593,4595,-1,4595,4593,4592,-1,4596,4594,4597,-1,4597,4594,4595,-1,4598,4596,4599,-1,4599,4596,4597,-1,4600,4598,4601,-1,4601,4598,4599,-1,4602,4600,4603,-1,4603,4600,4601,-1,4604,4602,4605,-1,4605,4602,4603,-1,4606,4604,4607,-1,4607,4604,4605,-1,4608,4606,4609,-1,4609,4606,4607,-1,4610,4608,4611,-1,4611,4608,4609,-1,4610,4611,4612,-1,4610,4612,4613,-1,4613,4612,4614,-1,4613,4614,4615,-1,4615,4614,4616,-1,4615,4616,4617,-1,4617,4616,4618,-1,4617,4618,4619,-1,4619,4618,4620,-1,4619,4620,4621,-1,4621,4620,4622,-1,4621,4622,4623,-1,4623,4622,4624,-1,4623,4624,4625,-1,4625,4624,4626,-1,4625,4626,4627,-1,4627,4626,4628,-1,4627,4628,4629,-1,4629,4628,4630,-1,4629,4630,4631,-1,4631,4630,4632,-1,4631,4632,4633,-1,4633,4632,4634,-1,4633,4634,4635,-1,4636,4635,4637,-1,4637,4635,4634,-1,4638,4636,4639,-1,4639,4636,4637,-1,4640,4638,4641,-1,4641,4638,4639,-1,4642,4640,4643,-1,4643,4640,4641,-1,4644,4642,4645,-1,4645,4642,4643,-1,4646,4644,4647,-1,4647,4644,4645,-1,4648,4646,4649,-1,4649,4646,4647,-1,4650,4648,4651,-1,4651,4648,4649,-1,4650,4651,4652,-1,4650,4652,4653,-1,4653,4652,4654,-1,4653,4654,4655,-1,4655,4654,4656,-1,4655,4656,4657,-1,4657,4656,4658,-1,4657,4658,4659,-1,4659,4658,4660,-1,4659,4660,4661,-1,4661,4660,4662,-1,4661,4662,4663,-1,4664,4663,4665,-1,4665,4663,4662,-1,4666,4664,4667,-1,4667,4664,4665,-1,4666,4667,4668,-1,4666,4668,4669,-1,4669,4668,4670,-1,4669,4670,4671,-1,4671,4670,4672,-1,4671,4672,4673,-1,4673,4672,4674,-1,4673,4674,4675,-1,4675,4674,4676,-1,4675,4676,4677,-1,4677,4676,4678,-1,4677,4678,4679,-1,4679,4678,4553,-1,4679,4553,4551,-1,4566,4568,4570,-1,4593,4594,4596,-1,4596,4598,4600,-1,4554,4556,4648,-1,4653,4655,4657,-1,4577,4579,4581,-1,4602,4570,4600,-1,4600,4570,4572,-1,4600,4572,4596,-1,4596,4572,4575,-1,4596,4575,4593,-1,4593,4575,4591,-1,4554,4648,4550,-1,4577,4581,4575,-1,4575,4581,4583,-1,4575,4583,4585,-1,4653,4657,4650,-1,4650,4657,4659,-1,4650,4659,4661,-1,4585,4587,4575,-1,4575,4587,4589,-1,4575,4589,4591,-1,4556,4558,4648,-1,4648,4558,4560,-1,4648,4560,4646,-1,4646,4560,4562,-1,4646,4562,4564,-1,4640,4642,4638,-1,4638,4642,4644,-1,4564,4566,4646,-1,4646,4566,4570,-1,4646,4570,4644,-1,4644,4570,4602,-1,4644,4602,4638,-1,4638,4602,4604,-1,4638,4604,4636,-1,4636,4604,4606,-1,4636,4606,4635,-1,4635,4606,4608,-1,4635,4608,4610,-1,4669,4671,4648,-1,4623,4610,4621,-1,4621,4610,4619,-1,4661,4663,4650,-1,4650,4663,4664,-1,4650,4664,4648,-1,4648,4664,4666,-1,4648,4666,4669,-1,4671,4673,4648,-1,4648,4673,4675,-1,4648,4675,4677,-1,4677,4679,4648,-1,4648,4679,4551,-1,4648,4551,4550,-1,4619,4610,4617,-1,4617,4610,4613,-1,4617,4613,4615,-1,4623,4625,4610,-1,4610,4625,4627,-1,4610,4627,4629,-1,4629,4631,4610,-1,4610,4631,4633,-1,4610,4633,4635,-1,4645,4605,4647,-1,4647,4605,4603,-1,4647,4603,4649,-1,4611,4609,4607,-1,4597,4574,4573,-1,4667,4665,4662,-1,4649,4603,4571,-1,4571,4603,4601,-1,4571,4601,4573,-1,4573,4601,4599,-1,4573,4599,4597,-1,4571,4569,4567,-1,4561,4559,4649,-1,4630,4628,4611,-1,4561,4649,4563,-1,4597,4595,4574,-1,4574,4595,4592,-1,4574,4592,4590,-1,4590,4588,4574,-1,4574,4588,4586,-1,4574,4586,4584,-1,4584,4582,4574,-1,4574,4582,4580,-1,4574,4580,4576,-1,4576,4580,4578,-1,4618,4611,4620,-1,4620,4611,4622,-1,4571,4567,4649,-1,4649,4567,4565,-1,4649,4565,4563,-1,4643,4641,4645,-1,4645,4641,4639,-1,4645,4639,4605,-1,4605,4639,4637,-1,4605,4637,4607,-1,4607,4637,4634,-1,4607,4634,4611,-1,4611,4634,4632,-1,4611,4632,4630,-1,4628,4626,4611,-1,4611,4626,4624,-1,4611,4624,4622,-1,4618,4616,4611,-1,4611,4616,4614,-1,4611,4614,4612,-1,4654,4652,4656,-1,4656,4652,4651,-1,4656,4651,4658,-1,4658,4651,4660,-1,4559,4557,4649,-1,4649,4557,4555,-1,4649,4555,4552,-1,4552,4553,4649,-1,4649,4553,4678,-1,4649,4678,4676,-1,4676,4674,4649,-1,4649,4674,4672,-1,4649,4672,4670,-1,4670,4668,4649,-1,4649,4668,4667,-1,4649,4667,4651,-1,4651,4667,4662,-1,4651,4662,4660,-1,4680,4681,4682,-1,4682,4681,4683,-1,4680,4682,4684,-1,4684,4682,4685,-1,4684,4685,4686,-1,4686,4685,4687,-1,4686,4687,4688,-1,4688,4687,4689,-1,4688,4689,4690,-1,4690,4689,4691,-1,4690,4691,4692,-1,4692,4691,4693,-1,4692,4693,4694,-1,4694,4693,4695,-1,4694,4695,4696,-1,4696,4695,4697,-1,4698,4696,4699,-1,4699,4696,4697,-1,4700,4698,4701,-1,4701,4698,4699,-1,4702,4700,4703,-1,4703,4700,4701,-1,4702,4703,4704,-1,4702,4704,4705,-1,4705,4704,4706,-1,4705,4706,4707,-1,4707,4706,4708,-1,4707,4708,4709,-1,4709,4708,4710,-1,4709,4710,4711,-1,4711,4710,4712,-1,4711,4712,4713,-1,4713,4712,4714,-1,4713,4714,4715,-1,4715,4714,4716,-1,4715,4716,4717,-1,4717,4716,4718,-1,4717,4718,4719,-1,4719,4718,4720,-1,4719,4720,4721,-1,4721,4720,4722,-1,4721,4722,4723,-1,4724,4723,4725,-1,4725,4723,4722,-1,4726,4724,4727,-1,4727,4724,4725,-1,4728,4726,4729,-1,4729,4726,4727,-1,4730,4728,4731,-1,4731,4728,4729,-1,4732,4730,4733,-1,4733,4730,4731,-1,4734,4732,4735,-1,4735,4732,4733,-1,4736,4734,4737,-1,4737,4734,4735,-1,4738,4736,4739,-1,4739,4736,4737,-1,4740,4738,4741,-1,4741,4738,4739,-1,4740,4741,4742,-1,4740,4742,4743,-1,4743,4742,4744,-1,4743,4744,4745,-1,4745,4744,4746,-1,4745,4746,4747,-1,4747,4746,4748,-1,4747,4748,4749,-1,4749,4748,4750,-1,4749,4750,4751,-1,4751,4750,4752,-1,4751,4752,4753,-1,4753,4752,4754,-1,4753,4754,4755,-1,4755,4754,4756,-1,4755,4756,4757,-1,4757,4756,4758,-1,4757,4758,4759,-1,4759,4758,4760,-1,4759,4760,4761,-1,4761,4760,4762,-1,4761,4762,4763,-1,4763,4762,4764,-1,4763,4764,4765,-1,4766,4765,4767,-1,4767,4765,4764,-1,4768,4766,4769,-1,4769,4766,4767,-1,4770,4768,4771,-1,4771,4768,4769,-1,4772,4770,4773,-1,4773,4770,4771,-1,4774,4772,4775,-1,4775,4772,4773,-1,4776,4774,4777,-1,4777,4774,4775,-1,4778,4776,4779,-1,4779,4776,4777,-1,4780,4778,4781,-1,4781,4778,4779,-1,4780,4781,4782,-1,4780,4782,4783,-1,4783,4782,4784,-1,4783,4784,4785,-1,4785,4784,4786,-1,4785,4786,4787,-1,4787,4786,4788,-1,4787,4788,4789,-1,4789,4788,4790,-1,4789,4790,4791,-1,4791,4790,4792,-1,4791,4792,4793,-1,4794,4793,4795,-1,4795,4793,4792,-1,4796,4794,4797,-1,4797,4794,4795,-1,4796,4797,4798,-1,4796,4798,4799,-1,4799,4798,4800,-1,4799,4800,4801,-1,4801,4800,4802,-1,4801,4802,4803,-1,4803,4802,4804,-1,4803,4804,4805,-1,4805,4804,4806,-1,4805,4806,4807,-1,4807,4806,4808,-1,4807,4808,4809,-1,4809,4808,4683,-1,4809,4683,4681,-1,4696,4698,4700,-1,4723,4724,4726,-1,4726,4728,4730,-1,4684,4686,4778,-1,4783,4785,4787,-1,4707,4709,4711,-1,4732,4700,4730,-1,4730,4700,4702,-1,4730,4702,4726,-1,4726,4702,4705,-1,4726,4705,4723,-1,4723,4705,4721,-1,4684,4778,4680,-1,4707,4711,4705,-1,4705,4711,4713,-1,4705,4713,4715,-1,4783,4787,4780,-1,4780,4787,4789,-1,4780,4789,4791,-1,4715,4717,4705,-1,4705,4717,4719,-1,4705,4719,4721,-1,4686,4688,4778,-1,4778,4688,4690,-1,4778,4690,4776,-1,4776,4690,4692,-1,4776,4692,4694,-1,4770,4772,4768,-1,4768,4772,4774,-1,4694,4696,4776,-1,4776,4696,4700,-1,4776,4700,4774,-1,4774,4700,4732,-1,4774,4732,4768,-1,4768,4732,4734,-1,4768,4734,4766,-1,4766,4734,4736,-1,4766,4736,4765,-1,4765,4736,4738,-1,4765,4738,4740,-1,4799,4801,4778,-1,4753,4740,4751,-1,4751,4740,4749,-1,4791,4793,4780,-1,4780,4793,4794,-1,4780,4794,4778,-1,4778,4794,4796,-1,4778,4796,4799,-1,4801,4803,4778,-1,4778,4803,4805,-1,4778,4805,4807,-1,4807,4809,4778,-1,4778,4809,4681,-1,4778,4681,4680,-1,4749,4740,4747,-1,4747,4740,4743,-1,4747,4743,4745,-1,4753,4755,4740,-1,4740,4755,4757,-1,4740,4757,4759,-1,4759,4761,4740,-1,4740,4761,4763,-1,4740,4763,4765,-1,4775,4735,4777,-1,4777,4735,4733,-1,4777,4733,4779,-1,4741,4739,4737,-1,4727,4704,4703,-1,4797,4795,4792,-1,4779,4733,4701,-1,4701,4733,4731,-1,4701,4731,4703,-1,4703,4731,4729,-1,4703,4729,4727,-1,4701,4699,4697,-1,4691,4689,4779,-1,4760,4758,4741,-1,4691,4779,4693,-1,4727,4725,4704,-1,4704,4725,4722,-1,4704,4722,4720,-1,4720,4718,4704,-1,4704,4718,4716,-1,4704,4716,4714,-1,4714,4712,4704,-1,4704,4712,4710,-1,4704,4710,4706,-1,4706,4710,4708,-1,4748,4741,4750,-1,4750,4741,4752,-1,4701,4697,4779,-1,4779,4697,4695,-1,4779,4695,4693,-1,4773,4771,4775,-1,4775,4771,4769,-1,4775,4769,4735,-1,4735,4769,4767,-1,4735,4767,4737,-1,4737,4767,4764,-1,4737,4764,4741,-1,4741,4764,4762,-1,4741,4762,4760,-1,4758,4756,4741,-1,4741,4756,4754,-1,4741,4754,4752,-1,4748,4746,4741,-1,4741,4746,4744,-1,4741,4744,4742,-1,4784,4782,4786,-1,4786,4782,4781,-1,4786,4781,4788,-1,4788,4781,4790,-1,4689,4687,4779,-1,4779,4687,4685,-1,4779,4685,4682,-1,4682,4683,4779,-1,4779,4683,4808,-1,4779,4808,4806,-1,4806,4804,4779,-1,4779,4804,4802,-1,4779,4802,4800,-1,4800,4798,4779,-1,4779,4798,4797,-1,4779,4797,4781,-1,4781,4797,4792,-1,4781,4792,4790,-1,4810,4811,4812,-1,4812,4811,4813,-1,4810,4812,4814,-1,4814,4812,4815,-1,4814,4815,4816,-1,4816,4815,4817,-1,4816,4817,4818,-1,4818,4817,4819,-1,4818,4819,4820,-1,4820,4819,4821,-1,4820,4821,4822,-1,4822,4821,4823,-1,4822,4823,4824,-1,4824,4823,4825,-1,4824,4825,4826,-1,4826,4825,4827,-1,4828,4826,4829,-1,4829,4826,4827,-1,4830,4828,4831,-1,4831,4828,4829,-1,4832,4830,4833,-1,4833,4830,4831,-1,4832,4833,4834,-1,4832,4834,4835,-1,4835,4834,4836,-1,4835,4836,4837,-1,4837,4836,4838,-1,4837,4838,4839,-1,4839,4838,4840,-1,4839,4840,4841,-1,4841,4840,4842,-1,4841,4842,4843,-1,4843,4842,4844,-1,4843,4844,4845,-1,4845,4844,4846,-1,4845,4846,4847,-1,4847,4846,4848,-1,4847,4848,4849,-1,4849,4848,4850,-1,4849,4850,4851,-1,4851,4850,4852,-1,4851,4852,4853,-1,4854,4853,4855,-1,4855,4853,4852,-1,4856,4854,4857,-1,4857,4854,4855,-1,4858,4856,4859,-1,4859,4856,4857,-1,4860,4858,4861,-1,4861,4858,4859,-1,4862,4860,4863,-1,4863,4860,4861,-1,4864,4862,4865,-1,4865,4862,4863,-1,4866,4864,4867,-1,4867,4864,4865,-1,4868,4866,4869,-1,4869,4866,4867,-1,4870,4868,4871,-1,4871,4868,4869,-1,4870,4871,4872,-1,4870,4872,4873,-1,4873,4872,4874,-1,4873,4874,4875,-1,4875,4874,4876,-1,4875,4876,4877,-1,4877,4876,4878,-1,4877,4878,4879,-1,4879,4878,4880,-1,4879,4880,4881,-1,4881,4880,4882,-1,4881,4882,4883,-1,4883,4882,4884,-1,4883,4884,4885,-1,4885,4884,4886,-1,4885,4886,4887,-1,4887,4886,4888,-1,4887,4888,4889,-1,4889,4888,4890,-1,4889,4890,4891,-1,4891,4890,4892,-1,4891,4892,4893,-1,4893,4892,4894,-1,4893,4894,4895,-1,4896,4895,4897,-1,4897,4895,4894,-1,4898,4896,4899,-1,4899,4896,4897,-1,4900,4898,4901,-1,4901,4898,4899,-1,4902,4900,4903,-1,4903,4900,4901,-1,4904,4902,4905,-1,4905,4902,4903,-1,4906,4904,4907,-1,4907,4904,4905,-1,4908,4906,4909,-1,4909,4906,4907,-1,4910,4908,4911,-1,4911,4908,4909,-1,4910,4911,4912,-1,4910,4912,4913,-1,4913,4912,4914,-1,4913,4914,4915,-1,4915,4914,4916,-1,4915,4916,4917,-1,4917,4916,4918,-1,4917,4918,4919,-1,4919,4918,4920,-1,4919,4920,4921,-1,4921,4920,4922,-1,4921,4922,4923,-1,4924,4923,4925,-1,4925,4923,4922,-1,4926,4924,4927,-1,4927,4924,4925,-1,4926,4927,4928,-1,4926,4928,4929,-1,4929,4928,4930,-1,4929,4930,4931,-1,4931,4930,4932,-1,4931,4932,4933,-1,4933,4932,4934,-1,4933,4934,4935,-1,4935,4934,4936,-1,4935,4936,4937,-1,4937,4936,4938,-1,4937,4938,4939,-1,4939,4938,4813,-1,4939,4813,4811,-1,4826,4828,4830,-1,4853,4854,4856,-1,4856,4858,4860,-1,4814,4816,4908,-1,4913,4915,4917,-1,4837,4839,4841,-1,4862,4830,4860,-1,4860,4830,4832,-1,4860,4832,4856,-1,4856,4832,4835,-1,4856,4835,4853,-1,4853,4835,4851,-1,4814,4908,4810,-1,4837,4841,4835,-1,4835,4841,4843,-1,4835,4843,4845,-1,4913,4917,4910,-1,4910,4917,4919,-1,4910,4919,4921,-1,4845,4847,4835,-1,4835,4847,4849,-1,4835,4849,4851,-1,4816,4818,4908,-1,4908,4818,4820,-1,4908,4820,4906,-1,4906,4820,4822,-1,4906,4822,4824,-1,4900,4902,4898,-1,4898,4902,4904,-1,4824,4826,4906,-1,4906,4826,4830,-1,4906,4830,4904,-1,4904,4830,4862,-1,4904,4862,4898,-1,4898,4862,4864,-1,4898,4864,4896,-1,4896,4864,4866,-1,4896,4866,4895,-1,4895,4866,4868,-1,4895,4868,4870,-1,4929,4931,4908,-1,4883,4870,4881,-1,4881,4870,4879,-1,4921,4923,4910,-1,4910,4923,4924,-1,4910,4924,4908,-1,4908,4924,4926,-1,4908,4926,4929,-1,4931,4933,4908,-1,4908,4933,4935,-1,4908,4935,4937,-1,4937,4939,4908,-1,4908,4939,4811,-1,4908,4811,4810,-1,4879,4870,4877,-1,4877,4870,4873,-1,4877,4873,4875,-1,4883,4885,4870,-1,4870,4885,4887,-1,4870,4887,4889,-1,4889,4891,4870,-1,4870,4891,4893,-1,4870,4893,4895,-1,4905,4865,4907,-1,4907,4865,4863,-1,4907,4863,4909,-1,4871,4869,4867,-1,4857,4834,4833,-1,4927,4925,4922,-1,4909,4863,4831,-1,4831,4863,4861,-1,4831,4861,4833,-1,4833,4861,4859,-1,4833,4859,4857,-1,4831,4829,4827,-1,4821,4819,4909,-1,4890,4888,4871,-1,4821,4909,4823,-1,4857,4855,4834,-1,4834,4855,4852,-1,4834,4852,4850,-1,4850,4848,4834,-1,4834,4848,4846,-1,4834,4846,4844,-1,4844,4842,4834,-1,4834,4842,4840,-1,4834,4840,4836,-1,4836,4840,4838,-1,4878,4871,4880,-1,4880,4871,4882,-1,4831,4827,4909,-1,4909,4827,4825,-1,4909,4825,4823,-1,4903,4901,4905,-1,4905,4901,4899,-1,4905,4899,4865,-1,4865,4899,4897,-1,4865,4897,4867,-1,4867,4897,4894,-1,4867,4894,4871,-1,4871,4894,4892,-1,4871,4892,4890,-1,4888,4886,4871,-1,4871,4886,4884,-1,4871,4884,4882,-1,4878,4876,4871,-1,4871,4876,4874,-1,4871,4874,4872,-1,4914,4912,4916,-1,4916,4912,4911,-1,4916,4911,4918,-1,4918,4911,4920,-1,4819,4817,4909,-1,4909,4817,4815,-1,4909,4815,4812,-1,4812,4813,4909,-1,4909,4813,4938,-1,4909,4938,4936,-1,4936,4934,4909,-1,4909,4934,4932,-1,4909,4932,4930,-1,4930,4928,4909,-1,4909,4928,4927,-1,4909,4927,4911,-1,4911,4927,4922,-1,4911,4922,4920,-1,4940,4941,4942,-1,4942,4941,4943,-1,4940,4942,4944,-1,4944,4942,4945,-1,4944,4945,4946,-1,4946,4945,4947,-1,4946,4947,4948,-1,4948,4947,4949,-1,4948,4949,4950,-1,4950,4949,4951,-1,4950,4951,4952,-1,4952,4951,4953,-1,4952,4953,4954,-1,4954,4953,4955,-1,4954,4955,4956,-1,4956,4955,4957,-1,4958,4956,4959,-1,4959,4956,4957,-1,4960,4958,4961,-1,4961,4958,4959,-1,4962,4960,4963,-1,4963,4960,4961,-1,4962,4963,4964,-1,4962,4964,4965,-1,4965,4964,4966,-1,4965,4966,4967,-1,4967,4966,4968,-1,4967,4968,4969,-1,4969,4968,4970,-1,4969,4970,4971,-1,4971,4970,4972,-1,4971,4972,4973,-1,4973,4972,4974,-1,4973,4974,4975,-1,4975,4974,4976,-1,4975,4976,4977,-1,4977,4976,4978,-1,4977,4978,4979,-1,4979,4978,4980,-1,4979,4980,4981,-1,4981,4980,4982,-1,4981,4982,4983,-1,4984,4983,4985,-1,4985,4983,4982,-1,4986,4984,4987,-1,4987,4984,4985,-1,4988,4986,4989,-1,4989,4986,4987,-1,4990,4988,4991,-1,4991,4988,4989,-1,4992,4990,4993,-1,4993,4990,4991,-1,4994,4992,4995,-1,4995,4992,4993,-1,4996,4994,4997,-1,4997,4994,4995,-1,4998,4996,4999,-1,4999,4996,4997,-1,5000,4998,5001,-1,5001,4998,4999,-1,5000,5001,5002,-1,5000,5002,5003,-1,5003,5002,5004,-1,5003,5004,5005,-1,5005,5004,5006,-1,5005,5006,5007,-1,5007,5006,5008,-1,5007,5008,5009,-1,5009,5008,5010,-1,5009,5010,5011,-1,5011,5010,5012,-1,5011,5012,5013,-1,5013,5012,5014,-1,5013,5014,5015,-1,5015,5014,5016,-1,5015,5016,5017,-1,5017,5016,5018,-1,5017,5018,5019,-1,5019,5018,5020,-1,5019,5020,5021,-1,5021,5020,5022,-1,5021,5022,5023,-1,5023,5022,5024,-1,5023,5024,5025,-1,5026,5025,5027,-1,5027,5025,5024,-1,5028,5026,5029,-1,5029,5026,5027,-1,5030,5028,5031,-1,5031,5028,5029,-1,5032,5030,5033,-1,5033,5030,5031,-1,5034,5032,5035,-1,5035,5032,5033,-1,5036,5034,5037,-1,5037,5034,5035,-1,5038,5036,5039,-1,5039,5036,5037,-1,5040,5038,5041,-1,5041,5038,5039,-1,5040,5041,5042,-1,5040,5042,5043,-1,5043,5042,5044,-1,5043,5044,5045,-1,5045,5044,5046,-1,5045,5046,5047,-1,5047,5046,5048,-1,5047,5048,5049,-1,5049,5048,5050,-1,5049,5050,5051,-1,5051,5050,5052,-1,5051,5052,5053,-1,5054,5053,5055,-1,5055,5053,5052,-1,5056,5054,5057,-1,5057,5054,5055,-1,5056,5057,5058,-1,5056,5058,5059,-1,5059,5058,5060,-1,5059,5060,5061,-1,5061,5060,5062,-1,5061,5062,5063,-1,5063,5062,5064,-1,5063,5064,5065,-1,5065,5064,5066,-1,5065,5066,5067,-1,5067,5066,5068,-1,5067,5068,5069,-1,5069,5068,4943,-1,5069,4943,4941,-1,4956,4958,4960,-1,4983,4984,4986,-1,4986,4988,4990,-1,4944,4946,5038,-1,5043,5045,5047,-1,4967,4969,4971,-1,4992,4960,4990,-1,4990,4960,4962,-1,4990,4962,4986,-1,4986,4962,4965,-1,4986,4965,4983,-1,4983,4965,4981,-1,4944,5038,4940,-1,4967,4971,4965,-1,4965,4971,4973,-1,4965,4973,4975,-1,5043,5047,5040,-1,5040,5047,5049,-1,5040,5049,5051,-1,4975,4977,4965,-1,4965,4977,4979,-1,4965,4979,4981,-1,4946,4948,5038,-1,5038,4948,4950,-1,5038,4950,5036,-1,5036,4950,4952,-1,5036,4952,4954,-1,5030,5032,5028,-1,5028,5032,5034,-1,4954,4956,5036,-1,5036,4956,4960,-1,5036,4960,5034,-1,5034,4960,4992,-1,5034,4992,5028,-1,5028,4992,4994,-1,5028,4994,5026,-1,5026,4994,4996,-1,5026,4996,5025,-1,5025,4996,4998,-1,5025,4998,5000,-1,5059,5061,5038,-1,5013,5000,5011,-1,5011,5000,5009,-1,5051,5053,5040,-1,5040,5053,5054,-1,5040,5054,5038,-1,5038,5054,5056,-1,5038,5056,5059,-1,5061,5063,5038,-1,5038,5063,5065,-1,5038,5065,5067,-1,5067,5069,5038,-1,5038,5069,4941,-1,5038,4941,4940,-1,5009,5000,5007,-1,5007,5000,5003,-1,5007,5003,5005,-1,5013,5015,5000,-1,5000,5015,5017,-1,5000,5017,5019,-1,5019,5021,5000,-1,5000,5021,5023,-1,5000,5023,5025,-1,5035,4995,5037,-1,5037,4995,4993,-1,5037,4993,5039,-1,5001,4999,4997,-1,4987,4964,4963,-1,5057,5055,5052,-1,5039,4993,4961,-1,4961,4993,4991,-1,4961,4991,4963,-1,4963,4991,4989,-1,4963,4989,4987,-1,4961,4959,4957,-1,4951,4949,5039,-1,5020,5018,5001,-1,4951,5039,4953,-1,4987,4985,4964,-1,4964,4985,4982,-1,4964,4982,4980,-1,4980,4978,4964,-1,4964,4978,4976,-1,4964,4976,4974,-1,4974,4972,4964,-1,4964,4972,4970,-1,4964,4970,4966,-1,4966,4970,4968,-1,5008,5001,5010,-1,5010,5001,5012,-1,4961,4957,5039,-1,5039,4957,4955,-1,5039,4955,4953,-1,5033,5031,5035,-1,5035,5031,5029,-1,5035,5029,4995,-1,4995,5029,5027,-1,4995,5027,4997,-1,4997,5027,5024,-1,4997,5024,5001,-1,5001,5024,5022,-1,5001,5022,5020,-1,5018,5016,5001,-1,5001,5016,5014,-1,5001,5014,5012,-1,5008,5006,5001,-1,5001,5006,5004,-1,5001,5004,5002,-1,5044,5042,5046,-1,5046,5042,5041,-1,5046,5041,5048,-1,5048,5041,5050,-1,4949,4947,5039,-1,5039,4947,4945,-1,5039,4945,4942,-1,4942,4943,5039,-1,5039,4943,5068,-1,5039,5068,5066,-1,5066,5064,5039,-1,5039,5064,5062,-1,5039,5062,5060,-1,5060,5058,5039,-1,5039,5058,5057,-1,5039,5057,5041,-1,5041,5057,5052,-1,5041,5052,5050,-1,5070,5071,5072,-1,5072,5071,5073,-1,5070,5072,5074,-1,5074,5072,5075,-1,5074,5075,5076,-1,5076,5075,5077,-1,5076,5077,5078,-1,5078,5077,5079,-1,5078,5079,5080,-1,5080,5079,5081,-1,5080,5081,5082,-1,5082,5081,5083,-1,5082,5083,5084,-1,5084,5083,5085,-1,5084,5085,5086,-1,5086,5085,5087,-1,5088,5086,5089,-1,5089,5086,5087,-1,5090,5088,5091,-1,5091,5088,5089,-1,5092,5090,5093,-1,5093,5090,5091,-1,5092,5093,5094,-1,5092,5094,5095,-1,5095,5094,5096,-1,5095,5096,5097,-1,5097,5096,5098,-1,5097,5098,5099,-1,5099,5098,5100,-1,5099,5100,5101,-1,5101,5100,5102,-1,5101,5102,5103,-1,5103,5102,5104,-1,5103,5104,5105,-1,5105,5104,5106,-1,5105,5106,5107,-1,5107,5106,5108,-1,5107,5108,5109,-1,5109,5108,5110,-1,5109,5110,5111,-1,5111,5110,5112,-1,5111,5112,5113,-1,5114,5113,5115,-1,5115,5113,5112,-1,5116,5114,5117,-1,5117,5114,5115,-1,5118,5116,5119,-1,5119,5116,5117,-1,5120,5118,5121,-1,5121,5118,5119,-1,5122,5120,5123,-1,5123,5120,5121,-1,5124,5122,5125,-1,5125,5122,5123,-1,5126,5124,5127,-1,5127,5124,5125,-1,5128,5126,5129,-1,5129,5126,5127,-1,5130,5128,5131,-1,5131,5128,5129,-1,5130,5131,5132,-1,5130,5132,5133,-1,5133,5132,5134,-1,5133,5134,5135,-1,5135,5134,5136,-1,5135,5136,5137,-1,5137,5136,5138,-1,5137,5138,5139,-1,5139,5138,5140,-1,5139,5140,5141,-1,5141,5140,5142,-1,5141,5142,5143,-1,5143,5142,5144,-1,5143,5144,5145,-1,5145,5144,5146,-1,5145,5146,5147,-1,5147,5146,5148,-1,5147,5148,5149,-1,5149,5148,5150,-1,5149,5150,5151,-1,5151,5150,5152,-1,5151,5152,5153,-1,5153,5152,5154,-1,5153,5154,5155,-1,5156,5155,5157,-1,5157,5155,5154,-1,5158,5156,5159,-1,5159,5156,5157,-1,5160,5158,5161,-1,5161,5158,5159,-1,5162,5160,5163,-1,5163,5160,5161,-1,5164,5162,5165,-1,5165,5162,5163,-1,5166,5164,5167,-1,5167,5164,5165,-1,5168,5166,5169,-1,5169,5166,5167,-1,5170,5168,5171,-1,5171,5168,5169,-1,5170,5171,5172,-1,5170,5172,5173,-1,5173,5172,5174,-1,5173,5174,5175,-1,5175,5174,5176,-1,5175,5176,5177,-1,5177,5176,5178,-1,5177,5178,5179,-1,5179,5178,5180,-1,5179,5180,5181,-1,5181,5180,5182,-1,5181,5182,5183,-1,5184,5183,5185,-1,5185,5183,5182,-1,5186,5184,5187,-1,5187,5184,5185,-1,5186,5187,5188,-1,5186,5188,5189,-1,5189,5188,5190,-1,5189,5190,5191,-1,5191,5190,5192,-1,5191,5192,5193,-1,5193,5192,5194,-1,5193,5194,5195,-1,5195,5194,5196,-1,5195,5196,5197,-1,5197,5196,5198,-1,5197,5198,5199,-1,5199,5198,5073,-1,5199,5073,5071,-1,5086,5088,5090,-1,5113,5114,5116,-1,5116,5118,5120,-1,5074,5076,5168,-1,5173,5175,5177,-1,5097,5099,5101,-1,5122,5090,5120,-1,5120,5090,5092,-1,5120,5092,5116,-1,5116,5092,5095,-1,5116,5095,5113,-1,5113,5095,5111,-1,5074,5168,5070,-1,5097,5101,5095,-1,5095,5101,5103,-1,5095,5103,5105,-1,5173,5177,5170,-1,5170,5177,5179,-1,5170,5179,5181,-1,5105,5107,5095,-1,5095,5107,5109,-1,5095,5109,5111,-1,5076,5078,5168,-1,5168,5078,5080,-1,5168,5080,5166,-1,5166,5080,5082,-1,5166,5082,5084,-1,5160,5162,5158,-1,5158,5162,5164,-1,5084,5086,5166,-1,5166,5086,5090,-1,5166,5090,5164,-1,5164,5090,5122,-1,5164,5122,5158,-1,5158,5122,5124,-1,5158,5124,5156,-1,5156,5124,5126,-1,5156,5126,5155,-1,5155,5126,5128,-1,5155,5128,5130,-1,5189,5191,5168,-1,5143,5130,5141,-1,5141,5130,5139,-1,5181,5183,5170,-1,5170,5183,5184,-1,5170,5184,5168,-1,5168,5184,5186,-1,5168,5186,5189,-1,5191,5193,5168,-1,5168,5193,5195,-1,5168,5195,5197,-1,5197,5199,5168,-1,5168,5199,5071,-1,5168,5071,5070,-1,5139,5130,5137,-1,5137,5130,5133,-1,5137,5133,5135,-1,5143,5145,5130,-1,5130,5145,5147,-1,5130,5147,5149,-1,5149,5151,5130,-1,5130,5151,5153,-1,5130,5153,5155,-1,5165,5125,5167,-1,5167,5125,5123,-1,5167,5123,5169,-1,5131,5129,5127,-1,5117,5094,5093,-1,5187,5185,5182,-1,5169,5123,5091,-1,5091,5123,5121,-1,5091,5121,5093,-1,5093,5121,5119,-1,5093,5119,5117,-1,5091,5089,5087,-1,5081,5079,5169,-1,5150,5148,5131,-1,5081,5169,5083,-1,5117,5115,5094,-1,5094,5115,5112,-1,5094,5112,5110,-1,5110,5108,5094,-1,5094,5108,5106,-1,5094,5106,5104,-1,5104,5102,5094,-1,5094,5102,5100,-1,5094,5100,5096,-1,5096,5100,5098,-1,5138,5131,5140,-1,5140,5131,5142,-1,5091,5087,5169,-1,5169,5087,5085,-1,5169,5085,5083,-1,5163,5161,5165,-1,5165,5161,5159,-1,5165,5159,5125,-1,5125,5159,5157,-1,5125,5157,5127,-1,5127,5157,5154,-1,5127,5154,5131,-1,5131,5154,5152,-1,5131,5152,5150,-1,5148,5146,5131,-1,5131,5146,5144,-1,5131,5144,5142,-1,5138,5136,5131,-1,5131,5136,5134,-1,5131,5134,5132,-1,5174,5172,5176,-1,5176,5172,5171,-1,5176,5171,5178,-1,5178,5171,5180,-1,5079,5077,5169,-1,5169,5077,5075,-1,5169,5075,5072,-1,5072,5073,5169,-1,5169,5073,5198,-1,5169,5198,5196,-1,5196,5194,5169,-1,5169,5194,5192,-1,5169,5192,5190,-1,5190,5188,5169,-1,5169,5188,5187,-1,5169,5187,5171,-1,5171,5187,5182,-1,5171,5182,5180,-1,
        ]
    }
}
Shape{
    appearance Appearance {
        material  Material 	{
            diffuseColor 0.8313725490196079 0.8313725490196079 0.8196078431372549
            specularColor 0.6666666666666666 0.6666666666666666 0.6549019607843137
            ambientIntensity 0.83
            transparency 0.0
            shininess 0.5
        }
    }
    geometry IndexedFaceSet {
        ccw TRUE
        solid FALSE
        coord DEF co Coordinate {
            point [
                -4.7849 -0.5871 0.0591, -4.7798 -0.6005 0.0591, -4.2716 -0.4179 0.0591, -4.2716 -0.8116 0.0591, -4.7798 -0.629 0.0591, -4.7849 -0.6424 0.0591, -4.778 -0.6148 0.0591, -4.8018 -0.4471 0.0591, -4.8031 -0.4573 0.0591, -4.7637 -0.4179 0.0591, -4.802 -0.5586 0.0591, -4.7985 -0.5675 0.0591, -4.7931 -0.5754 0.0591, -4.8031 -0.5491 0.0591, -4.7834 -0.4232 0.0591, -4.7916 -0.4294 0.0591, -4.7978 -0.4376 0.0591, -4.7931 -0.6541 0.0591, -4.7985 -0.662 0.0591, -4.802 -0.6709 0.0591, -4.7739 -0.4192 0.0591, -4.8031 -0.6804 0.0591, -4.8031 -0.7722 0.0591, -4.7637 -0.8116 0.0591, -4.8018 -0.7824 0.0591, -4.7978 -0.7919 0.0591, -4.7916 -0.8001 0.0591, -4.7834 -0.8063 0.0591, -4.7739 -0.8103 0.0591, -4.1929 0.1726 0.0591, -4.1929 0.1726 0.7283, -4.1929 -0.4179 0.0591, -4.1929 -0.8116 0.7283, -4.1929 -0.4179 0.0394, -4.1929 -0.8116 0.0394, -4.7637 -0.8116 0.0, -4.2323 -0.8116 0.0, -4.2221 -0.8116 0.0013, -4.2126 -0.8116 0.0053, -4.2044 -0.8116 0.0115, -4.1982 -0.8116 0.0197, -4.2716 -0.8116 0.7283, -4.1942 -0.8116 0.0292, -4.7739 -0.8103 0.0, -4.7834 -0.8063 0.0, -4.7916 -0.8001 0.0, -4.7978 -0.7919 0.0, -4.8018 -0.7824 0.0, -4.8031 -0.7722 0.0, -4.8031 -0.6804 0.0, -4.802 -0.6709 0.0, -4.7985 -0.662 0.0, -4.7931 -0.6541 0.0, -4.7849 -0.6424 0.0, -4.7798 -0.629 0.0, -4.778 -0.6148 0.0, -4.7798 -0.6005 0.0, -4.7849 -0.5871 0.0, -4.7931 -0.5754 0.0, -4.7985 -0.5675 0.0, -4.802 -0.5586 0.0, -4.8031 -0.5491 0.0, -4.8031 -0.4573 0.0, -4.8018 -0.4471 0.0, -4.7978 -0.4376 0.0, -4.7916 -0.4294 0.0, -4.7834 -0.4232 0.0, -4.7739 -0.4192 0.0, -4.7637 -0.4179 0.0, -4.2323 -0.4179 0.0, -4.2221 -0.4179 0.0013, -4.1942 -0.4179 0.0292, -4.1982 -0.4179 0.0197, -4.2044 -0.4179 0.0115, -4.2126 -0.4179 0.0053, -4.2716 0.1726 0.7283, -4.2716 0.1726 0.0591, 4.785 -0.6424 0.0591, 4.7798 -0.629 0.0591, 4.2717 -0.8116 0.0591, 4.7781 -0.6148 0.0591, 4.2717 -0.4179 0.0591, 4.7798 -0.6005 0.0591, 4.785 -0.5871 0.0591, 4.8018 -0.7824 0.0591, 4.8032 -0.7722 0.0591, 4.7638 -0.8116 0.0591, 4.802 -0.6709 0.0591, 4.7986 -0.662 0.0591, 4.7931 -0.6541 0.0591, 4.8032 -0.6804 0.0591, 4.7835 -0.8063 0.0591, 4.7916 -0.8001 0.0591, 4.7979 -0.7919 0.0591, 4.7931 -0.5754 0.0591, 4.7986 -0.5675 0.0591, 4.802 -0.5586 0.0591, 4.774 -0.8103 0.0591, 4.8032 -0.5491 0.0591, 4.8032 -0.4573 0.0591, 4.7638 -0.4179 0.0591, 4.8018 -0.4471 0.0591, 4.7979 -0.4376 0.0591, 4.7916 -0.4294 0.0591, 4.7835 -0.4232 0.0591, 4.774 -0.4192 0.0591, 4.1929 -0.4179 0.0394, 4.1929 -0.8116 0.0394, 4.1929 -0.4179 0.0591, 4.1929 -0.8116 0.7283, 4.1929 0.1726 0.0591, 4.1929 0.1726 0.7283, 4.2717 -0.8116 0.7283, 4.7638 -0.8116 0.0, 4.2323 -0.8116 0.0, 4.2221 -0.8116 0.0013, 4.1943 -0.8116 0.0292, 4.1982 -0.8116 0.0197, 4.2045 -0.8116 0.0115, 4.2126 -0.8116 0.0053, 4.8032 -0.7722 0.0, 4.8018 -0.7824 0.0, 4.7979 -0.7919 0.0, 4.7916 -0.8001 0.0, 4.7835 -0.8063 0.0, 4.774 -0.8103 0.0, 4.8032 -0.6804 0.0, 4.7931 -0.6541 0.0, 4.7986 -0.662 0.0, 4.802 -0.6709 0.0, 4.7931 -0.5754 0.0, 4.785 -0.5871 0.0, 4.7798 -0.6005 0.0, 4.7781 -0.6148 0.0, 4.7798 -0.629 0.0, 4.785 -0.6424 0.0, 4.8032 -0.5491 0.0, 4.802 -0.5586 0.0, 4.7986 -0.5675 0.0, 4.8032 -0.4573 0.0, 4.7638 -0.4179 0.0, 4.774 -0.4192 0.0, 4.7835 -0.4232 0.0, 4.7916 -0.4294 0.0, 4.7979 -0.4376 0.0, 4.8018 -0.4471 0.0, 4.1943 -0.4179 0.0292, 4.2323 -0.4179 0.0, 4.2221 -0.4179 0.0013, 4.2126 -0.4179 0.0053, 4.2045 -0.4179 0.0115, 4.1982 -0.4179 0.0197, 4.2717 0.1726 0.0591, 4.2717 0.1726 0.7283
            ]
        }
        coordIndex [
            0,1,2,-1,3,4,5,-1,2,1,3,-1,3,1,6,-1,3,6,4,-1,7,8,9,-1,10,11,2,-1,2,11,12,-1,2,12,0,-1,9,8,2,-1,2,8,13,-1,2,13,10,-1,14,15,16,-1,5,17,3,-1,3,17,18,-1,3,18,19,-1,7,9,16,-1,16,9,20,-1,16,20,14,-1,19,21,3,-1,3,21,22,-1,3,22,23,-1,23,22,24,-1,23,24,25,-1,26,27,25,-1,25,27,28,-1,25,28,23,-1,29,30,31,-1,31,30,32,-1,31,32,33,-1,33,32,34,-1,23,35,3,-1,3,35,36,-1,3,36,37,-1,37,38,3,-1,3,38,39,-1,3,39,40,-1,32,41,34,-1,34,41,3,-1,34,3,42,-1,42,3,40,-1,35,23,28,-1,35,28,43,-1,43,28,27,-1,43,27,44,-1,44,27,26,-1,44,26,45,-1,45,26,25,-1,45,25,46,-1,46,25,24,-1,46,24,47,-1,47,24,22,-1,47,22,48,-1,49,48,21,-1,21,48,22,-1,49,21,19,-1,49,19,50,-1,50,19,18,-1,50,18,51,-1,51,18,17,-1,51,17,52,-1,52,17,53,-1,53,17,5,-1,53,5,54,-1,54,5,4,-1,54,4,55,-1,55,4,6,-1,55,6,56,-1,56,6,1,-1,56,1,57,-1,57,1,0,-1,57,0,58,-1,58,0,12,-1,58,12,11,-1,58,11,59,-1,59,11,10,-1,59,10,60,-1,60,10,13,-1,60,13,61,-1,62,61,8,-1,8,61,13,-1,62,8,7,-1,62,7,63,-1,63,7,16,-1,63,16,64,-1,64,16,15,-1,64,15,65,-1,65,15,14,-1,65,14,66,-1,66,14,20,-1,66,20,67,-1,67,20,9,-1,67,9,68,-1,68,9,69,-1,69,9,2,-1,69,2,70,-1,31,33,2,-1,2,33,71,-1,2,71,72,-1,72,73,2,-1,2,73,74,-1,2,74,70,-1,53,54,36,-1,36,54,55,-1,36,55,69,-1,69,55,56,-1,69,56,57,-1,47,48,35,-1,50,51,36,-1,36,51,52,-1,36,52,53,-1,57,58,69,-1,69,58,59,-1,69,59,60,-1,35,48,36,-1,36,48,49,-1,36,49,50,-1,44,45,46,-1,60,61,69,-1,69,61,62,-1,69,62,68,-1,68,62,63,-1,68,63,64,-1,65,66,64,-1,64,66,67,-1,64,67,68,-1,47,35,46,-1,46,35,43,-1,46,43,44,-1,75,76,41,-1,41,76,2,-1,41,2,3,-1,30,29,75,-1,75,29,76,-1,41,32,75,-1,75,32,30,-1,76,29,2,-1,2,29,31,-1,33,34,42,-1,33,42,71,-1,71,42,40,-1,71,40,72,-1,72,40,39,-1,72,39,73,-1,73,39,38,-1,73,38,74,-1,74,38,37,-1,74,37,70,-1,70,37,36,-1,70,36,69,-1,77,78,79,-1,79,78,80,-1,79,80,81,-1,81,80,82,-1,81,82,83,-1,84,85,86,-1,87,88,79,-1,79,88,89,-1,79,89,77,-1,86,85,79,-1,79,85,90,-1,79,90,87,-1,91,92,93,-1,83,94,81,-1,81,94,95,-1,81,95,96,-1,84,86,93,-1,93,86,97,-1,93,97,91,-1,96,98,81,-1,81,98,99,-1,81,99,100,-1,100,99,101,-1,100,101,102,-1,103,104,102,-1,102,104,105,-1,102,105,100,-1,106,107,108,-1,108,107,109,-1,108,109,110,-1,110,109,111,-1,79,112,109,-1,113,86,114,-1,114,86,79,-1,114,79,115,-1,109,107,79,-1,79,107,116,-1,79,116,117,-1,117,118,79,-1,79,118,119,-1,79,119,115,-1,120,85,84,-1,120,84,121,-1,121,84,93,-1,121,93,122,-1,122,93,92,-1,122,92,123,-1,123,92,91,-1,123,91,124,-1,124,91,97,-1,124,97,125,-1,125,97,86,-1,125,86,113,-1,120,126,85,-1,85,126,90,-1,127,89,88,-1,127,88,128,-1,128,88,87,-1,128,87,129,-1,129,87,90,-1,129,90,126,-1,130,94,131,-1,131,94,83,-1,131,83,132,-1,132,83,82,-1,132,82,133,-1,133,82,80,-1,133,80,134,-1,134,80,78,-1,134,78,135,-1,135,78,77,-1,135,77,127,-1,127,77,89,-1,136,98,96,-1,136,96,137,-1,137,96,95,-1,137,95,138,-1,138,95,94,-1,138,94,130,-1,136,139,98,-1,98,139,99,-1,140,100,105,-1,140,105,141,-1,141,105,104,-1,141,104,142,-1,142,104,103,-1,142,103,143,-1,143,103,102,-1,143,102,144,-1,144,102,101,-1,144,101,145,-1,145,101,99,-1,145,99,139,-1,81,100,140,-1,106,108,81,-1,106,81,146,-1,140,147,81,-1,81,147,148,-1,81,148,149,-1,149,150,81,-1,81,150,151,-1,81,151,146,-1,131,132,147,-1,114,134,135,-1,147,132,114,-1,114,132,133,-1,114,133,134,-1,145,139,140,-1,137,138,147,-1,147,138,130,-1,147,130,131,-1,135,127,114,-1,114,127,128,-1,114,128,129,-1,140,139,147,-1,147,139,136,-1,147,136,137,-1,142,143,144,-1,129,126,114,-1,114,126,120,-1,114,120,113,-1,113,120,121,-1,113,121,122,-1,123,124,122,-1,122,124,125,-1,122,125,113,-1,145,140,144,-1,144,140,141,-1,144,141,142,-1,152,153,81,-1,81,153,112,-1,81,112,79,-1,110,111,152,-1,152,111,153,-1,109,112,111,-1,111,112,153,-1,110,152,108,-1,108,152,81,-1,147,114,115,-1,147,115,148,-1,148,115,119,-1,148,119,149,-1,149,119,118,-1,149,118,150,-1,150,118,117,-1,150,117,151,-1,151,117,116,-1,151,116,146,-1,146,116,107,-1,146,107,106,-1,
        ]
    }
}
Shape{
    appearance Appearance {
        material  Material 	{
            diffuseColor 0.8431372549019608 0.8156862745098039 0.7529411764705882
            specularColor 0.25098039215686274 0.24313725490196078 0.22745098039215686
            ambientIntensity 0.8167
            transparency 0.0
            shininess 0.5
        }
    }
    geometry IndexedFaceSet {
        ccw TRUE
        solid FALSE
        coord DEF co Coordinate {
            point [
                0.2612 -0.8192 0.0, 0.24 -0.8192 0.0, 0.1002 -0.8182 0.0, 0.1024 -0.8185 0.0, 0.0845 -0.8182 0.0, 0.0795 -0.8189 0.0, 0.0236 -0.8192 0.0, 0.0705 -0.8225 0.0, 0.0623 -0.8283 0.0, 0.0546 -0.8371 0.0, 0.0493 -0.8477 0.0, 0.0461 -0.8625 0.0, 0.0457 -0.8753 0.0, 0.0236 -0.9766 0.0, 0.1181 -0.8562 0.0, 0.1221 -0.8721 0.0, 0.0659 -0.914 0.0, 0.124 -0.9011 0.0, 0.0667 -0.929 0.0, 0.1216 -0.9301 0.0, 0.0762 -0.9535 0.0, 0.1182 -0.942 0.0, 0.24 -0.9591 0.0, 0.1654 -0.9591 0.0, 0.124 -0.9668 0.0, 0.1323 -0.9582 0.0, 0.1382 -0.9482 0.0, 0.1435 -0.9311 0.0, 0.0724 -0.9489 0.0, 0.0694 -0.9423 0.0, 0.1299 -0.8371 0.0, 0.1211 -0.8278 0.0, 0.1121 -0.8219 0.0, 0.1461 -0.903 0.0, 0.1436 -0.8719 0.0, 0.1378 -0.8512 0.0, 0.0982 -0.9604 0.0, 0.0926 -0.961 0.0, -0.081 -0.8182 0.0, -0.0658 -0.8192 0.0, -0.0658 -0.8367 0.0, -0.0704 -0.9591 0.0, -0.0704 -0.9766 0.0, -0.081 -1.4809 0.0, 0.0024 -0.903 0.0, 0.0024 -0.9591 0.0, -0.0602 -0.903 0.0, -0.0602 -0.8855 0.0, 0.0024 -0.8855 0.0, 0.0024 -0.8367 0.0, 0.1034 -0.9586 0.0, 0.1141 -0.9493 0.0, 0.1084 -0.9554 0.0, 0.0671 -0.8599 0.0, 0.0698 -0.85 0.0, 0.0904 -0.8349 0.0, 0.0724 -0.845 0.0, 0.0844 -0.8358 0.0, 0.0756 -0.8409 0.0, 0.0797 -0.8378 0.0, 0.0984 -0.8357 0.0, 0.1037 -0.8379 0.0, 0.0659 -0.8753 0.0, 0.1086 -0.8415 0.0, 0.1134 -0.847 0.0, 0.0869 -0.9602 0.0, 0.0819 -0.9579 0.0, 0.0917 -0.8348 0.0, 0.0448 -0.914 0.0, 0.0468 -0.9354 0.0, 0.051 -0.95 0.0, 0.0562 -0.9597 0.0, 0.0643 -0.9683 0.0, 0.0738 -0.9744 0.0, 0.0831 -0.9775 0.0, 0.0926 -0.9785 0.0, 0.1048 -0.977 0.0, 4.1733 -0.8182 0.0, 4.1733 -1.4809 0.0, 0.2612 -0.9766 0.0, 0.1654 -0.9766 0.0, 0.115 -0.973 0.0, 4.1733 0.0742 0.0, -0.081 0.0742 0.0, 0.0917 -0.8173 0.0, -0.1647 -0.8301 0.0, -0.1727 -0.8373 0.0, -0.2478 -0.8182 0.0, -0.1795 -0.8471 0.0, -0.1855 -0.8634 0.0, -0.2905 -0.9766 0.0, -0.2776 -0.9278 0.0, -0.2371 -0.9278 0.0, -0.1837 -0.9376 0.0, -0.1781 -0.9499 0.0, -0.2021 -0.9766 0.0, -0.1229 -0.8192 0.0, -0.1401 -0.8205 0.0, -0.1541 -0.8244 0.0, -0.2242 -0.9766 0.0, -0.1715 -0.9584 0.0, -0.1623 -0.966 0.0, -0.1498 -0.9723 0.0, -0.0915 -0.8192 0.0, -0.0915 -0.9766 0.0, -0.1229 -0.9766 0.0, -0.1326 -0.9762 0.0, -0.1891 -0.894 0.0, -0.1892 -0.8984 0.0, -0.1876 -0.921 0.0, -0.2481 -0.8173 0.0, -0.2665 -0.8173 0.0, -0.3126 -0.9766 0.0, -4.1732 -1.4809 0.0, -0.2668 -0.8182 0.0, -4.1732 -0.8182 0.0, -4.1732 0.0742 0.0, -4.8031 0.0742 0.7874, -4.8031 -1.4809 0.7874, -4.4094 -1.4809 0.7874, -4.4094 -0.6541 0.7874, -4.0157 -0.6541 0.7874, 4.8032 0.0742 0.7874, 4.4095 -1.4809 0.7874, 4.8032 -1.4809 0.7874, 4.4095 -0.6541 0.7874, 4.0158 -0.6541 0.7874, 4.0158 -0.8116 0.7874, -4.0157 -0.8116 0.7874, -3.1988 0.0742 0.7283, -3.1988 -0.8116 0.7283, -3.2972 0.0742 0.7283, -3.2972 -0.8116 0.7283, -3.3956 0.0742 0.7283, -3.3956 -0.8116 0.7283, -3.4941 0.0742 0.7283, -3.4941 -0.8116 0.7283, -3.5925 0.0742 0.7283, -3.5925 -0.8116 0.7283, -3.6909 0.0742 0.7283, -3.6909 -0.8116 0.7283, -3.7893 0.0742 0.7283, -3.7893 -0.8116 0.7283, -3.8878 0.0742 0.7283, -3.8878 -0.8116 0.7283, -4.1929 0.0742 0.7283, -4.1929 -0.6541 0.7283, -4.2716 0.0742 0.7283, -4.2716 -0.6541 0.7283, 4.2717 0.0742 0.7283, 4.2717 -0.6541 0.7283, 4.1929 0.0742 0.7283, 4.1929 -0.6541 0.7283, -3.0019 0.0742 0.7283, -3.0019 -0.8116 0.7283, -3.1004 0.0742 0.7283, -3.1004 -0.8116 0.7283, -2.8051 0.0742 0.7283, -2.8051 -0.8116 0.7283, -2.9035 0.0742 0.7283, -2.9035 -0.8116 0.7283, -2.6082 0.0742 0.7283, -2.6082 -0.8116 0.7283, -2.7067 0.0742 0.7283, -2.7067 -0.8116 0.7283, -2.4114 0.0742 0.7283, -2.4114 -0.8116 0.7283, -2.5098 0.0742 0.7283, -2.5098 -0.8116 0.7283, -2.2145 0.0742 0.7283, -2.2145 -0.8116 0.7283, -2.313 0.0742 0.7283, -2.313 -0.8116 0.7283, -2.0177 0.0742 0.7283, -2.0177 -0.8116 0.7283, -2.1161 0.0742 0.7283, -2.1161 -0.8116 0.7283, -1.8208 0.0742 0.7283, -1.8208 -0.8116 0.7283, -1.9193 0.0742 0.7283, -1.9193 -0.8116 0.7283, -1.624 0.0742 0.7283, -1.624 -0.8116 0.7283, -1.7224 0.0742 0.7283, -1.7224 -0.8116 0.7283, -1.4271 0.0742 0.7283, -1.4271 -0.8116 0.7283, -1.5256 0.0742 0.7283, -1.5256 -0.8116 0.7283, -1.2303 0.0742 0.7283, -1.2303 -0.8116 0.7283, -1.3287 0.0742 0.7283, -1.3287 -0.8116 0.7283, -1.0334 0.0742 0.7283, -1.0334 -0.8116 0.7283, -1.1319 0.0742 0.7283, -1.1319 -0.8116 0.7283, -0.8366 0.0742 0.7283, -0.8366 -0.8116 0.7283, -0.935 0.0742 0.7283, -0.935 -0.8116 0.7283, -0.6397 0.0742 0.7283, -0.6397 -0.8116 0.7283, -0.7382 0.0742 0.7283, -0.7382 -0.8116 0.7283, -0.4429 0.0742 0.7283, -0.4429 -0.8116 0.7283, -0.5413 0.0742 0.7283, -0.5413 -0.8116 0.7283, -0.246 0.0742 0.7283, -0.246 -0.8116 0.7283, -0.3445 0.0742 0.7283, -0.3445 -0.8116 0.7283, -0.0492 0.0742 0.7283, -0.0492 -0.8116 0.7283, -0.1476 0.0742 0.7283, -0.1476 -0.8116 0.7283, 0.1477 0.0742 0.7283, 0.1477 -0.8116 0.7283, 0.0492 0.0742 0.7283, 0.0492 -0.8116 0.7283, 0.3445 0.0742 0.7283, 0.3445 -0.8116 0.7283, 0.2461 0.0742 0.7283, 0.2461 -0.8116 0.7283, 0.5414 0.0742 0.7283, 0.5414 -0.8116 0.7283, 0.4429 0.0742 0.7283, 0.4429 -0.8116 0.7283, 0.7382 0.0742 0.7283, 0.7382 -0.8116 0.7283, 0.6398 0.0742 0.7283, 0.6398 -0.8116 0.7283, 0.9351 0.0742 0.7283, 0.9351 -0.8116 0.7283, 0.8366 0.0742 0.7283, 0.8366 -0.8116 0.7283, 1.1319 0.0742 0.7283, 1.1319 -0.8116 0.7283, 1.0335 0.0742 0.7283, 1.0335 -0.8116 0.7283, 1.3288 0.0742 0.7283, 1.3288 -0.8116 0.7283, 1.2303 0.0742 0.7283, 1.2303 -0.8116 0.7283, 1.5256 0.0742 0.7283, 1.5256 -0.8116 0.7283, 1.4272 0.0742 0.7283, 1.4272 -0.8116 0.7283, 1.7225 0.0742 0.7283, 1.7225 -0.8116 0.7283, 1.624 0.0742 0.7283, 1.624 -0.8116 0.7283, 1.9193 0.0742 0.7283, 1.9193 -0.8116 0.7283, 1.8209 0.0742 0.7283, 1.8209 -0.8116 0.7283, 2.1162 0.0742 0.7283, 2.1162 -0.8116 0.7283, 2.0177 0.0742 0.7283, 2.0177 -0.8116 0.7283, 2.313 0.0742 0.7283, 2.313 -0.8116 0.7283, 2.2146 0.0742 0.7283, 2.2146 -0.8116 0.7283, 2.5099 0.0742 0.7283, 2.5099 -0.8116 0.7283, 2.4114 0.0742 0.7283, 2.4114 -0.8116 0.7283, 2.7067 0.0742 0.7283, 2.7067 -0.8116 0.7283, 2.6083 0.0742 0.7283, 2.6083 -0.8116 0.7283, 2.9036 0.0742 0.7283, 2.9036 -0.8116 0.7283, 2.8051 0.0742 0.7283, 2.8051 -0.8116 0.7283, 3.1004 0.0742 0.7283, 3.1004 -0.8116 0.7283, 3.002 0.0742 0.7283, 3.002 -0.8116 0.7283, 3.2973 0.0742 0.7283, 3.2973 -0.8116 0.7283, 3.1988 0.0742 0.7283, 3.1988 -0.8116 0.7283, 3.4941 0.0742 0.7283, 3.4941 -0.8116 0.7283, 3.3957 0.0742 0.7283, 3.3957 -0.8116 0.7283, 3.691 0.0742 0.7283, 3.691 -0.8116 0.7283, 3.5925 0.0742 0.7283, 3.5925 -0.8116 0.7283, 3.8878 0.0742 0.7283, 3.8878 -0.8116 0.7283, 3.7894 0.0742 0.7283, 3.7894 -0.8116 0.7283, -4.3602 0.1726 0.7244, -4.311 0.1726 0.7244, -4.3602 0.1726 0.2756, -4.311 0.1726 0.1024, -4.7047 0.1726 0.2756, -4.7637 0.1726 0.1024, -4.7047 0.1726 0.7244, -4.7637 0.1726 0.7244, -4.1535 0.1726 0.7244, -3.8878 0.1726 0.7244, -4.1535 0.1726 0.063, -3.8878 0.1726 0.1181, -3.7893 0.1726 0.1181, -2.4114 0.1726 0.1181, -2.4114 0.1726 0.7244, -2.313 0.1726 0.7244, -2.2145 0.1726 0.1181, -2.2145 0.1726 0.7244, -2.1161 0.1726 0.7244, -3.7893 0.1726 0.7244, -3.6909 0.1726 0.7244, -3.6909 0.1726 0.1181, -3.5925 0.1726 0.1181, -3.5925 0.1726 0.7244, -3.4941 0.1726 0.7244, -3.4941 0.1726 0.1181, -3.3956 0.1726 0.1181, -2.1161 0.1726 0.1181, -2.0177 0.1726 0.1181, -2.0177 0.1726 0.7244, -1.9193 0.1726 0.7244, -1.9193 0.1726 0.1181, -1.8208 0.1726 0.1181, -1.8208 0.1726 0.7244, -1.7224 0.1726 0.7244, -1.7224 0.1726 0.1181, -1.624 0.1726 0.1181, -3.3956 0.1726 0.7244, -3.2972 0.1726 0.7244, -3.2972 0.1726 0.1181, -3.1988 0.1726 0.1181, -2.313 0.1726 0.1181, -3.1988 0.1726 0.7244, -3.1004 0.1726 0.7244, -3.1004 0.1726 0.1181, -3.0019 0.1726 0.1181, -1.624 0.1726 0.7244, -1.5256 0.1726 0.7244, -1.5256 0.1726 0.1181, -1.4271 0.1726 0.1181, -3.0019 0.1726 0.7244, -2.9035 0.1726 0.7244, -2.9035 0.1726 0.1181, -2.8051 0.1726 0.1181, -2.8051 0.1726 0.7244, -2.7067 0.1726 0.7244, -2.7067 0.1726 0.1181, -2.6082 0.1726 0.1181, -2.6082 0.1726 0.7244, -2.5098 0.1726 0.7244, -2.5098 0.1726 0.1181, -1.4271 0.1726 0.7244, -1.3287 0.1726 0.7244, -1.3287 0.1726 0.1181, -1.2303 0.1726 0.1181, -1.2303 0.1726 0.7244, -1.1319 0.1726 0.7244, -1.1319 0.1726 0.1181, -1.0334 0.1726 0.1181, -1.0334 0.1726 0.7244, -0.935 0.1726 0.7244, -0.935 0.1726 0.1181, -0.8366 0.1726 0.1181, -0.8366 0.1726 0.7244, -0.7382 0.1726 0.7244, -0.7382 0.1726 0.1181, -0.6397 0.1726 0.1181, -0.6397 0.1726 0.7244, -0.5413 0.1726 0.7244, -0.5413 0.1726 0.1181, -0.4429 0.1726 0.1181, 1.7225 0.1726 0.1181, 1.7225 0.1726 0.7244, 1.8209 0.1726 0.7244, 2.1162 0.1726 0.1181, 2.1162 0.1726 0.7244, 2.2146 0.1726 0.7244, -0.4429 0.1726 0.7244, -0.3445 0.1726 0.7244, -0.3445 0.1726 0.1181, -0.246 0.1726 0.1181, -0.246 0.1726 0.7244, -0.1476 0.1726 0.7244, -0.1476 0.1726 0.1181, -0.0492 0.1726 0.1181, 2.7067 0.1726 0.1181, 2.7067 0.1726 0.7244, 2.8051 0.1726 0.7244, -0.0492 0.1726 0.7244, 0.0492 0.1726 0.7244, 0.0492 0.1726 0.1181, 0.1477 0.1726 0.1181, 1.9193 0.1726 0.1181, 4.1536 0.1726 0.063, 1.8209 0.1726 0.1181, 0.1477 0.1726 0.7244, 0.2461 0.1726 0.7244, 0.2461 0.1726 0.1181, 0.3445 0.1726 0.1181, 3.1004 0.1726 0.1181, 3.1004 0.1726 0.7244, 3.1988 0.1726 0.7244, 2.2146 0.1726 0.1181, 2.313 0.1726 0.1181, 2.8051 0.1726 0.1181, 2.9036 0.1726 0.1181, 3.1988 0.1726 0.1181, 3.2973 0.1726 0.1181, 0.3445 0.1726 0.7244, 0.4429 0.1726 0.7244, 0.4429 0.1726 0.1181, 0.5414 0.1726 0.1181, 2.0177 0.1726 0.1181, 2.0177 0.1726 0.7244, 1.9193 0.1726 0.7244, 2.313 0.1726 0.7244, 2.4114 0.1726 0.7244, 2.4114 0.1726 0.1181, 2.5099 0.1726 0.1181, 2.5099 0.1726 0.7244, 2.6083 0.1726 0.7244, 2.6083 0.1726 0.1181, 3.002 0.1726 0.1181, 3.002 0.1726 0.7244, 2.9036 0.1726 0.7244, 0.5414 0.1726 0.7244, 0.6398 0.1726 0.7244, 0.6398 0.1726 0.1181, 0.7382 0.1726 0.1181, 3.4941 0.1726 0.1181, 3.4941 0.1726 0.7244, 3.5925 0.1726 0.7244, 3.5925 0.1726 0.1181, 3.691 0.1726 0.1181, 0.7382 0.1726 0.7244, 0.8366 0.1726 0.7244, 0.8366 0.1726 0.1181, 0.9351 0.1726 0.1181, 3.3957 0.1726 0.1181, 3.3957 0.1726 0.7244, 3.2973 0.1726 0.7244, 0.9351 0.1726 0.7244, 1.0335 0.1726 0.7244, 1.0335 0.1726 0.1181, 1.1319 0.1726 0.1181, 3.8878 0.1726 0.7244, 4.1536 0.1726 0.7244, 3.8878 0.1726 0.1181, 3.7894 0.1726 0.1181, 3.7894 0.1726 0.7244, 3.691 0.1726 0.7244, 1.1319 0.1726 0.7244, 1.2303 0.1726 0.7244, 1.2303 0.1726 0.1181, 1.3288 0.1726 0.1181, 1.3288 0.1726 0.7244, 1.4272 0.1726 0.7244, 1.4272 0.1726 0.1181, 1.5256 0.1726 0.1181, 1.624 0.1726 0.1181, 1.624 0.1726 0.7244, 1.5256 0.1726 0.7244, -4.1732 -1.4809 0.0591, -4.1732 0.0742 0.0591, -4.1929 0.0742 0.0591, -4.1929 -0.8116 0.0591, -4.2716 -0.8116 0.0591, -4.8031 -1.4809 0.0591, -4.2716 0.0742 0.0591, -4.8031 0.0742 0.0591, -4.3602 -0.6148 0.748, -4.7047 -0.6148 0.748, -4.3602 0.0742 0.748, -4.7047 0.0742 0.748, 4.1733 0.0742 0.0591, 4.1733 -1.4809 0.0591, 4.1929 0.0742 0.0591, 4.1929 -0.8116 0.0591, 4.2717 0.0742 0.0591, 4.8032 0.0742 0.0591, 4.2717 -0.8116 0.0591, 4.8032 -1.4809 0.0591, 4.7048 -0.6148 0.748, 4.3603 -0.6148 0.748, 4.7048 0.0742 0.748, 4.3603 0.0742 0.748, 4.4095 -1.4809 0.1575, 3.8878 -1.4809 0.1575, 3.7894 -1.4809 0.1575, 3.691 -1.4809 0.1575, 3.7894 -1.4809 0.1181, 3.691 -1.4809 0.1181, 3.3957 -1.4809 0.1181, 3.3957 -1.4809 0.1575, 3.2973 -1.4809 0.1575, 3.8878 -1.4809 0.1181, 3.5925 -1.4809 0.1181, 3.2973 -1.4809 0.1181, 3.1988 -1.4809 0.1181, 2.8051 -1.4809 0.1181, 2.8051 -1.4809 0.1575, 2.7067 -1.4809 0.1575, 3.4941 -1.4809 0.1181, 3.4941 -1.4809 0.1575, 3.5925 -1.4809 0.1575, 2.7067 -1.4809 0.1181, 2.6083 -1.4809 0.1181, 2.4114 -1.4809 0.1181, 2.4114 -1.4809 0.1575, 2.313 -1.4809 0.1575, 3.1988 -1.4809 0.1575, 3.1004 -1.4809 0.1575, 3.1004 -1.4809 0.1181, 3.002 -1.4809 0.1181, 3.002 -1.4809 0.1575, 2.9036 -1.4809 0.1575, 2.9036 -1.4809 0.1181, 2.313 -1.4809 0.1181, 2.2146 -1.4809 0.1181, 2.6083 -1.4809 0.1575, 2.5099 -1.4809 0.1575, 2.5099 -1.4809 0.1181, 1.8209 -1.4809 0.1181, 1.8209 -1.4809 0.1575, 1.7225 -1.4809 0.1575, 1.7225 -1.4809 0.1181, 1.624 -1.4809 0.1181, 2.2146 -1.4809 0.1575, 2.1162 -1.4809 0.1575, 2.1162 -1.4809 0.1181, 2.0177 -1.4809 0.1181, 1.9193 -1.4809 0.1181, 1.9193 -1.4809 0.1575, 2.0177 -1.4809 0.1575, 1.4272 -1.4809 0.1181, 1.4272 -1.4809 0.1575, 1.3288 -1.4809 0.1575, 1.3288 -1.4809 0.1181, 1.2303 -1.4809 0.1181, 1.5256 -1.4809 0.1181, 1.5256 -1.4809 0.1575, 1.624 -1.4809 0.1575, 1.0335 -1.4809 0.1181, 1.0335 -1.4809 0.1575, 0.9351 -1.4809 0.1575, 0.9351 -1.4809 0.1181, 0.8366 -1.4809 0.1181, 1.1319 -1.4809 0.1181, 1.1319 -1.4809 0.1575, 1.2303 -1.4809 0.1575, 0.6398 -1.4809 0.1181, 0.6398 -1.4809 0.1575, 0.5414 -1.4809 0.1575, 0.5414 -1.4809 0.1181, 0.4429 -1.4809 0.1181, 0.7382 -1.4809 0.1181, 0.7382 -1.4809 0.1575, 0.8366 -1.4809 0.1575, 0.2461 -1.4809 0.1181, 0.2461 -1.4809 0.1575, 0.1477 -1.4809 0.1575, 0.1477 -1.4809 0.1181, 0.0492 -1.4809 0.1181, 0.3445 -1.4809 0.1181, 0.3445 -1.4809 0.1575, 0.4429 -1.4809 0.1575, -0.1476 -1.4809 0.1575, -0.246 -1.4809 0.1575, -0.1476 -1.4809 0.1181, -0.246 -1.4809 0.1181, -0.5413 -1.4809 0.1181, -0.5413 -1.4809 0.1575, -0.6397 -1.4809 0.1575, 0.0492 -1.4809 0.1575, -0.0492 -1.4809 0.1575, -0.0492 -1.4809 0.1181, -0.3445 -1.4809 0.1181, -0.6397 -1.4809 0.1181, -0.7382 -1.4809 0.1181, -1.1319 -1.4809 0.1181, -1.1319 -1.4809 0.1575, -1.2303 -1.4809 0.1575, -0.4429 -1.4809 0.1181, -0.4429 -1.4809 0.1575, -0.3445 -1.4809 0.1575, -1.2303 -1.4809 0.1181, -1.3287 -1.4809 0.1181, -1.5256 -1.4809 0.1181, -1.5256 -1.4809 0.1575, -1.624 -1.4809 0.1575, -0.7382 -1.4809 0.1575, -0.8366 -1.4809 0.1575, -0.8366 -1.4809 0.1181, -0.935 -1.4809 0.1181, -0.935 -1.4809 0.1575, -1.0334 -1.4809 0.1575, -1.0334 -1.4809 0.1181, -1.624 -1.4809 0.1181, -1.7224 -1.4809 0.1181, -1.9193 -1.4809 0.1181, -1.9193 -1.4809 0.1575, -2.0177 -1.4809 0.1575, -1.4271 -1.4809 0.1181, -1.4271 -1.4809 0.1575, -1.3287 -1.4809 0.1575, -2.0177 -1.4809 0.1181, -2.1161 -1.4809 0.1181, -1.7224 -1.4809 0.1575, -1.8208 -1.4809 0.1575, -1.8208 -1.4809 0.1181, -2.313 -1.4809 0.1181, -2.313 -1.4809 0.1575, -2.4114 -1.4809 0.1575, -2.4114 -1.4809 0.1181, -2.5098 -1.4809 0.1181, -2.2145 -1.4809 0.1181, -2.2145 -1.4809 0.1575, -2.1161 -1.4809 0.1575, -2.7067 -1.4809 0.1181, -2.7067 -1.4809 0.1575, -2.8051 -1.4809 0.1575, -2.8051 -1.4809 0.1181, -2.9035 -1.4809 0.1181, -2.6082 -1.4809 0.1181, -2.6082 -1.4809 0.1575, -2.5098 -1.4809 0.1575, -3.1004 -1.4809 0.1181, -3.1004 -1.4809 0.1575, -3.1988 -1.4809 0.1575, -3.1988 -1.4809 0.1181, -3.2972 -1.4809 0.1181, -3.0019 -1.4809 0.1181, -3.0019 -1.4809 0.1575, -2.9035 -1.4809 0.1575, -3.4941 -1.4809 0.1181, -3.4941 -1.4809 0.1575, -3.5925 -1.4809 0.1575, -3.5925 -1.4809 0.1181, -3.6909 -1.4809 0.1181, -3.3956 -1.4809 0.1181, -3.3956 -1.4809 0.1575, -3.2972 -1.4809 0.1575, -4.4094 -1.4809 0.1575, -3.6909 -1.4809 0.1575, -3.7893 -1.4809 0.1575, -3.7893 -1.4809 0.1181, -3.8878 -1.4809 0.1181, -3.8878 -1.4809 0.1575, -3.1988 -0.8116 0.1575, -3.1988 0.0742 0.7244, -3.2972 0.0742 0.7244, -3.2972 -0.8116 0.1575, -3.3956 -0.8116 0.1575, -3.3956 0.0742 0.7244, -3.4941 0.0742 0.7244, -3.4941 -0.8116 0.1575, -3.5925 -0.8116 0.1575, -3.5925 0.0742 0.7244, -3.6909 -0.8116 0.1575, -3.6909 0.0742 0.7244, -3.7893 -0.8116 0.1575, -3.7893 0.0742 0.7244, -3.8878 0.0742 0.7244, -3.8878 -0.8116 0.1575, -4.1929 0.1333 0.7244, -4.1929 0.1333 0.063, -4.1929 0.0742 0.7244, -4.1929 0.0742 0.063, -4.1929 -0.8116 0.1575, -4.1929 -0.6541 0.1575, -4.2716 0.0742 0.063, -4.2716 -0.6541 0.1575, -4.2716 -0.8116 0.1575, -4.2716 0.0742 0.7244, -4.2716 0.1333 0.7244, -4.2716 0.1333 0.063, 4.1929 0.0742 0.7244, 4.1929 0.0742 0.063, 4.1929 0.1333 0.063, 4.1929 0.1333 0.7244, 4.1929 -0.6541 0.1575, 4.1929 -0.8116 0.1575, 4.2717 0.1333 0.7244, 4.2717 0.1333 0.063, 4.2717 0.0742 0.7244, 4.2717 0.0742 0.063, 4.2717 -0.8116 0.1575, 4.2717 -0.6541 0.1575, -3.0019 -0.8116 0.1575, -3.0019 0.0742 0.7244, -3.1004 0.0742 0.7244, -3.1004 -0.8116 0.1575, -2.8051 -0.8116 0.1575, -2.8051 0.0742 0.7244, -2.9035 0.0742 0.7244, -2.9035 -0.8116 0.1575, -2.6082 -0.8116 0.1575, -2.6082 0.0742 0.7244, -2.7067 -0.8116 0.1575, -2.7067 0.0742 0.7244, -2.4114 -0.8116 0.1575, -2.4114 0.0742 0.7244, -2.5098 0.0742 0.7244, -2.5098 -0.8116 0.1575, -2.2145 -0.8116 0.1575, -2.2145 0.0742 0.7244, -2.313 -0.8116 0.1575, -2.313 0.0742 0.7244, -2.0177 -0.8116 0.1575, -2.0177 0.0742 0.7244, -2.1161 0.0742 0.7244, -2.1161 -0.8116 0.1575, -1.8208 -0.8116 0.1575, -1.8208 0.0742 0.7244, -1.9193 0.0742 0.7244, -1.9193 -0.8116 0.1575, -1.624 -0.8116 0.1575, -1.624 0.0742 0.7244, -1.7224 0.0742 0.7244, -1.7224 -0.8116 0.1575, -1.4271 -0.8116 0.1575, -1.4271 0.0742 0.7244, -1.5256 0.0742 0.7244, -1.5256 -0.8116 0.1575, -1.2303 -0.8116 0.1575, -1.2303 0.0742 0.7244, -1.3287 0.0742 0.7244, -1.3287 -0.8116 0.1575, -1.0334 -0.8116 0.1575, -1.0334 0.0742 0.7244, -1.1319 0.0742 0.7244, -1.1319 -0.8116 0.1575, -0.8366 -0.8116 0.1575, -0.8366 0.0742 0.7244, -0.935 -0.8116 0.1575, -0.935 0.0742 0.7244, -0.6397 -0.8116 0.1575, -0.6397 0.0742 0.7244, -0.7382 0.0742 0.7244, -0.7382 -0.8116 0.1575, -0.4429 -0.8116 0.1575, -0.4429 0.0742 0.7244, -0.5413 -0.8116 0.1575, -0.5413 0.0742 0.7244, -0.246 -0.8116 0.1575, -0.246 0.0742 0.7244, -0.3445 0.0742 0.7244, -0.3445 -0.8116 0.1575, -0.0492 -0.8116 0.1575, -0.0492 0.0742 0.7244, -0.1476 0.0742 0.7244, -0.1476 -0.8116 0.1575, 0.1477 -0.8116 0.1575, 0.1477 0.0742 0.7244, 0.0492 0.0742 0.7244, 0.0492 -0.8116 0.1575, 0.3445 -0.8116 0.1575, 0.3445 0.0742 0.7244, 0.2461 0.0742 0.7244, 0.2461 -0.8116 0.1575, 0.5414 -0.8116 0.1575, 0.5414 0.0742 0.7244, 0.4429 -0.8116 0.1575, 0.4429 0.0742 0.7244, 0.7382 -0.8116 0.1575, 0.7382 0.0742 0.7244, 0.6398 0.0742 0.7244, 0.6398 -0.8116 0.1575, 0.9351 -0.8116 0.1575, 0.9351 0.0742 0.7244, 0.8366 -0.8116 0.1575, 0.8366 0.0742 0.7244, 1.1319 -0.8116 0.1575, 1.1319 0.0742 0.7244, 1.0335 0.0742 0.7244, 1.0335 -0.8116 0.1575, 1.3288 -0.8116 0.1575, 1.3288 0.0742 0.7244, 1.2303 0.0742 0.7244, 1.2303 -0.8116 0.1575, 1.5256 -0.8116 0.1575, 1.5256 0.0742 0.7244, 1.4272 0.0742 0.7244, 1.4272 -0.8116 0.1575, 1.7225 -0.8116 0.1575, 1.7225 0.0742 0.7244, 1.624 0.0742 0.7244, 1.624 -0.8116 0.1575, 1.9193 -0.8116 0.1575, 1.9193 0.0742 0.7244, 1.8209 0.0742 0.7244, 1.8209 -0.8116 0.1575, 2.1162 -0.8116 0.1575, 2.1162 0.0742 0.7244, 2.0177 0.0742 0.7244, 2.0177 -0.8116 0.1575, 2.313 -0.8116 0.1575, 2.313 0.0742 0.7244, 2.2146 -0.8116 0.1575, 2.2146 0.0742 0.7244, 2.5099 -0.8116 0.1575, 2.5099 0.0742 0.7244, 2.4114 0.0742 0.7244, 2.4114 -0.8116 0.1575, 2.7067 -0.8116 0.1575, 2.7067 0.0742 0.7244, 2.6083 -0.8116 0.1575, 2.6083 0.0742 0.7244, 2.9036 -0.8116 0.1575, 2.9036 0.0742 0.7244, 2.8051 0.0742 0.7244, 2.8051 -0.8116 0.1575, 3.1004 -0.8116 0.1575, 3.1004 0.0742 0.7244, 3.002 0.0742 0.7244, 3.002 -0.8116 0.1575, 3.2973 -0.8116 0.1575, 3.2973 0.0742 0.7244, 3.1988 0.0742 0.7244, 3.1988 -0.8116 0.1575, 3.4941 -0.8116 0.1575, 3.4941 0.0742 0.7244, 3.3957 0.0742 0.7244, 3.3957 -0.8116 0.1575, 3.691 -0.8116 0.1575, 3.691 0.0742 0.7244, 3.5925 -0.8116 0.1575, 3.5925 0.0742 0.7244, 3.8878 -0.8116 0.1575, 3.8878 0.0742 0.7244, 3.7894 0.0742 0.7244, 3.7894 -0.8116 0.1575, 4.3111 0.1726 0.7244, 4.3603 0.1726 0.7244, 4.3603 0.1726 0.2756, 4.7048 0.1726 0.7244, 4.7638 0.1726 0.7244, 4.7048 0.1726 0.2756, 4.7638 0.1726 0.1024, 4.3111 0.1726 0.1024, -4.8031 0.0742 0.063, -4.8031 0.0742 0.7244, -4.8031 0.1333 0.7244, -4.8031 0.1333 0.063, -4.3602 0.0742 0.7244, -4.3602 -0.6148 0.2756, -4.7047 0.0742 0.7244, -4.7047 -0.6148 0.2756, 4.8032 0.0742 0.7244, 4.8032 0.0742 0.063, 4.8032 0.1333 0.063, 4.8032 0.1333 0.7244, 4.3603 0.0742 0.7244, 4.3603 -0.6148 0.2756, 4.7048 0.0742 0.7244, 4.7048 -0.6148 0.2756, -4.0157 -0.6541 0.1575, -4.4094 -0.6541 0.1575, 4.4095 -0.6541 0.1575, 4.0158 -0.6541 0.1575, -4.0157 -0.8116 0.1575, 4.0158 -0.8116 0.1575
            ]
        }
        coordIndex [
            0,1,2,-1,2,1,3,-1,4,5,6,-1,6,5,7,-1,7,8,6,-1,6,8,9,-1,6,9,10,-1,10,11,6,-1,6,11,12,-1,6,12,13,-1,14,15,16,-1,16,15,17,-1,16,17,18,-1,18,17,19,-1,20,19,21,-1,1,22,23,-1,24,25,23,-1,23,25,26,-1,23,26,27,-1,20,28,19,-1,19,28,29,-1,19,29,18,-1,30,31,1,-1,1,31,32,-1,1,32,3,-1,27,33,23,-1,23,33,34,-1,23,34,1,-1,1,34,35,-1,1,35,30,-1,21,36,37,-1,38,39,40,-1,40,41,38,-1,38,41,42,-1,38,42,43,-1,43,42,13,-1,44,45,46,-1,46,45,41,-1,46,41,47,-1,47,41,40,-1,47,40,48,-1,48,40,49,-1,36,21,50,-1,50,21,51,-1,50,51,52,-1,53,54,55,-1,55,54,56,-1,55,56,57,-1,57,56,58,-1,57,58,59,-1,60,61,62,-1,62,61,63,-1,62,63,64,-1,37,65,21,-1,21,65,66,-1,21,66,20,-1,53,55,62,-1,62,55,67,-1,62,67,60,-1,64,14,62,-1,62,14,16,-1,62,16,12,-1,12,16,68,-1,12,68,13,-1,13,68,69,-1,69,70,13,-1,13,70,71,-1,13,71,43,-1,43,71,72,-1,43,72,73,-1,73,74,43,-1,43,74,75,-1,43,75,76,-1,77,78,79,-1,79,78,43,-1,79,43,80,-1,80,43,76,-1,80,76,23,-1,23,76,81,-1,23,81,24,-1,79,0,77,-1,77,0,2,-1,77,2,82,-1,82,2,83,-1,2,84,83,-1,83,84,4,-1,83,4,38,-1,38,4,6,-1,38,6,39,-1,85,86,87,-1,87,86,88,-1,87,88,89,-1,90,91,92,-1,93,94,95,-1,96,97,87,-1,87,97,98,-1,87,98,85,-1,43,99,95,-1,94,100,95,-1,95,100,101,-1,95,101,102,-1,103,38,104,-1,104,38,43,-1,104,43,105,-1,105,43,95,-1,105,95,106,-1,106,95,102,-1,89,107,87,-1,87,107,108,-1,87,108,95,-1,95,108,109,-1,95,109,93,-1,103,96,38,-1,38,96,87,-1,38,87,83,-1,83,87,110,-1,83,110,111,-1,92,99,90,-1,90,99,43,-1,90,43,112,-1,112,43,113,-1,112,113,114,-1,114,113,115,-1,114,115,111,-1,111,115,116,-1,111,116,83,-1,117,118,119,-1,119,120,117,-1,117,120,121,-1,117,121,122,-1,123,124,125,-1,125,124,122,-1,125,122,126,-1,126,122,121,-1,126,121,127,-1,127,121,128,-1,129,130,131,-1,131,130,132,-1,133,134,135,-1,135,134,136,-1,137,138,139,-1,139,138,140,-1,141,142,143,-1,143,142,144,-1,145,146,147,-1,147,146,148,-1,149,150,151,-1,151,150,152,-1,153,154,155,-1,155,154,156,-1,157,158,159,-1,159,158,160,-1,161,162,163,-1,163,162,164,-1,165,166,167,-1,167,166,168,-1,169,170,171,-1,171,170,172,-1,173,174,175,-1,175,174,176,-1,177,178,179,-1,179,178,180,-1,181,182,183,-1,183,182,184,-1,185,186,187,-1,187,186,188,-1,189,190,191,-1,191,190,192,-1,193,194,195,-1,195,194,196,-1,197,198,199,-1,199,198,200,-1,201,202,203,-1,203,202,204,-1,205,206,207,-1,207,206,208,-1,209,210,211,-1,211,210,212,-1,213,214,215,-1,215,214,216,-1,217,218,219,-1,219,218,220,-1,221,222,223,-1,223,222,224,-1,225,226,227,-1,227,226,228,-1,229,230,231,-1,231,230,232,-1,233,234,235,-1,235,234,236,-1,237,238,239,-1,239,238,240,-1,241,242,243,-1,243,242,244,-1,245,246,247,-1,247,246,248,-1,249,250,251,-1,251,250,252,-1,253,254,255,-1,255,254,256,-1,257,258,259,-1,259,258,260,-1,261,262,263,-1,263,262,264,-1,265,266,267,-1,267,266,268,-1,269,270,271,-1,271,270,272,-1,273,274,275,-1,275,274,276,-1,277,278,279,-1,279,278,280,-1,281,282,283,-1,283,282,284,-1,285,286,287,-1,287,286,288,-1,289,290,291,-1,291,290,292,-1,293,294,295,-1,295,294,296,-1,297,298,299,-1,299,298,300,-1,299,300,301,-1,301,300,302,-1,301,302,303,-1,303,302,304,-1,305,306,307,-1,307,306,308,-1,307,308,309,-1,310,311,312,-1,313,314,315,-1,316,317,309,-1,309,317,318,-1,309,318,307,-1,307,318,319,-1,320,321,319,-1,319,321,322,-1,319,322,307,-1,307,322,323,-1,307,324,325,-1,326,327,325,-1,325,327,328,-1,325,328,307,-1,307,328,329,-1,330,331,329,-1,329,331,332,-1,329,332,307,-1,307,332,333,-1,334,335,323,-1,323,335,336,-1,323,336,307,-1,307,336,337,-1,315,324,313,-1,313,324,307,-1,313,307,338,-1,339,340,337,-1,337,340,341,-1,337,341,307,-1,307,341,342,-1,343,344,333,-1,333,344,345,-1,333,345,307,-1,307,345,346,-1,347,348,342,-1,342,348,349,-1,342,349,307,-1,307,349,350,-1,351,352,350,-1,350,352,353,-1,350,353,307,-1,307,353,354,-1,355,356,354,-1,354,356,357,-1,354,357,307,-1,307,357,310,-1,307,310,338,-1,338,310,312,-1,358,359,346,-1,346,359,360,-1,346,360,307,-1,307,360,361,-1,362,363,361,-1,361,363,364,-1,361,364,307,-1,307,364,365,-1,366,367,365,-1,365,367,368,-1,365,368,307,-1,307,368,369,-1,370,371,369,-1,369,371,372,-1,369,372,307,-1,307,372,373,-1,374,375,373,-1,373,375,376,-1,373,376,307,-1,307,376,377,-1,378,379,380,-1,381,382,383,-1,384,385,377,-1,377,385,386,-1,377,386,307,-1,307,386,387,-1,388,389,387,-1,387,389,390,-1,387,390,307,-1,307,390,391,-1,392,393,394,-1,395,396,391,-1,391,396,397,-1,391,397,307,-1,307,397,398,-1,399,400,401,-1,401,400,307,-1,402,403,398,-1,398,403,404,-1,398,404,307,-1,307,404,405,-1,406,407,408,-1,409,410,400,-1,411,412,400,-1,413,414,400,-1,415,416,405,-1,405,416,417,-1,405,417,307,-1,307,417,418,-1,383,409,381,-1,381,409,400,-1,381,400,419,-1,419,400,399,-1,419,399,420,-1,420,399,421,-1,422,423,410,-1,410,423,424,-1,410,424,400,-1,400,424,425,-1,426,427,425,-1,425,427,428,-1,425,428,400,-1,400,428,392,-1,400,392,411,-1,411,392,394,-1,408,413,406,-1,406,413,400,-1,406,400,429,-1,429,400,412,-1,429,412,430,-1,430,412,431,-1,432,433,418,-1,418,433,434,-1,418,434,307,-1,307,434,435,-1,436,437,438,-1,439,440,400,-1,441,442,435,-1,435,442,443,-1,435,443,307,-1,307,443,444,-1,438,439,436,-1,436,439,400,-1,436,400,445,-1,445,400,414,-1,445,414,446,-1,446,414,447,-1,448,449,444,-1,444,449,450,-1,444,450,307,-1,307,450,451,-1,452,453,454,-1,454,453,400,-1,454,400,455,-1,455,400,440,-1,455,440,456,-1,456,440,457,-1,458,459,451,-1,451,459,460,-1,451,460,307,-1,307,460,461,-1,462,463,461,-1,461,463,464,-1,461,464,307,-1,307,464,465,-1,380,401,378,-1,378,401,307,-1,378,307,466,-1,466,307,465,-1,466,465,467,-1,467,465,468,-1,113,469,115,-1,115,469,470,-1,115,470,116,-1,471,470,472,-1,472,470,469,-1,472,469,473,-1,473,469,474,-1,473,474,475,-1,475,474,476,-1,477,478,479,-1,479,478,480,-1,82,481,77,-1,77,481,482,-1,77,482,78,-1,481,483,484,-1,485,486,487,-1,487,486,488,-1,487,488,484,-1,484,488,482,-1,484,482,481,-1,489,490,491,-1,491,490,492,-1,124,123,488,-1,488,123,493,-1,488,493,482,-1,482,493,494,-1,482,494,78,-1,495,496,497,-1,497,496,498,-1,499,500,501,-1,494,502,78,-1,78,502,497,-1,78,497,43,-1,43,497,498,-1,43,498,503,-1,504,505,43,-1,506,507,508,-1,501,504,499,-1,499,504,43,-1,499,43,509,-1,509,43,503,-1,509,503,510,-1,510,503,511,-1,512,513,43,-1,514,515,516,-1,517,518,505,-1,505,518,519,-1,505,519,43,-1,43,519,520,-1,521,522,520,-1,520,522,523,-1,520,523,43,-1,43,523,506,-1,43,506,512,-1,512,506,508,-1,524,525,43,-1,526,527,513,-1,513,527,528,-1,513,528,43,-1,43,528,514,-1,43,514,524,-1,524,514,516,-1,529,530,531,-1,532,533,43,-1,534,535,525,-1,525,535,536,-1,525,536,43,-1,43,536,537,-1,531,532,529,-1,529,532,43,-1,529,43,538,-1,538,43,537,-1,538,537,539,-1,539,537,540,-1,541,542,543,-1,544,545,43,-1,543,544,541,-1,541,544,43,-1,541,43,546,-1,546,43,533,-1,546,533,547,-1,547,533,548,-1,549,550,551,-1,552,553,43,-1,551,552,549,-1,549,552,43,-1,549,43,554,-1,554,43,545,-1,554,545,555,-1,555,545,556,-1,557,558,559,-1,560,561,43,-1,559,560,557,-1,557,560,43,-1,557,43,562,-1,562,43,553,-1,562,553,563,-1,563,553,564,-1,565,566,567,-1,568,569,43,-1,567,568,565,-1,565,568,43,-1,565,43,570,-1,570,43,561,-1,570,561,571,-1,571,561,572,-1,573,574,575,-1,575,574,576,-1,577,578,579,-1,580,581,569,-1,569,581,582,-1,569,582,43,-1,43,582,575,-1,43,575,113,-1,113,575,576,-1,113,576,583,-1,584,585,113,-1,586,587,588,-1,579,584,577,-1,577,584,113,-1,577,113,589,-1,589,113,583,-1,589,583,590,-1,590,583,591,-1,592,593,113,-1,594,595,596,-1,597,598,585,-1,585,598,599,-1,585,599,113,-1,113,599,600,-1,601,602,600,-1,600,602,603,-1,600,603,113,-1,113,603,586,-1,113,586,592,-1,592,586,588,-1,604,605,113,-1,606,607,608,-1,596,604,594,-1,594,604,113,-1,594,113,609,-1,609,113,593,-1,609,593,610,-1,610,593,611,-1,612,613,113,-1,614,615,605,-1,605,615,616,-1,605,616,113,-1,113,616,606,-1,113,606,612,-1,612,606,608,-1,617,618,619,-1,620,621,113,-1,619,620,617,-1,617,620,113,-1,617,113,622,-1,622,113,613,-1,622,613,623,-1,623,613,624,-1,625,626,627,-1,628,629,113,-1,627,628,625,-1,625,628,113,-1,625,113,630,-1,630,113,621,-1,630,621,631,-1,631,621,632,-1,633,634,635,-1,636,637,113,-1,635,636,633,-1,633,636,113,-1,633,113,638,-1,638,113,629,-1,638,629,639,-1,639,629,640,-1,641,642,643,-1,644,645,113,-1,643,644,641,-1,641,644,113,-1,641,113,646,-1,646,113,637,-1,646,637,647,-1,647,637,648,-1,119,118,649,-1,649,118,474,-1,649,474,469,-1,650,651,645,-1,645,651,652,-1,645,652,113,-1,113,652,653,-1,113,653,469,-1,469,653,654,-1,469,654,649,-1,337,636,655,-1,655,636,635,-1,339,337,656,-1,656,337,655,-1,656,655,129,-1,129,655,130,-1,131,132,657,-1,657,132,658,-1,648,637,658,-1,658,637,336,-1,658,336,657,-1,657,336,335,-1,323,646,659,-1,659,646,647,-1,334,323,660,-1,660,323,659,-1,660,659,133,-1,133,659,134,-1,135,136,661,-1,661,136,662,-1,642,641,662,-1,662,641,322,-1,662,322,661,-1,661,322,321,-1,319,644,663,-1,663,644,643,-1,320,319,664,-1,664,319,663,-1,664,663,137,-1,137,663,138,-1,650,645,665,-1,665,645,318,-1,139,140,666,-1,666,140,665,-1,666,665,317,-1,317,665,318,-1,309,652,667,-1,667,652,651,-1,316,309,668,-1,668,309,667,-1,668,667,141,-1,141,667,142,-1,143,144,669,-1,669,144,670,-1,654,653,670,-1,670,653,308,-1,670,308,669,-1,669,308,306,-1,671,672,673,-1,673,672,674,-1,472,675,676,-1,145,673,146,-1,146,673,674,-1,146,674,676,-1,676,674,471,-1,676,471,472,-1,475,677,473,-1,473,677,678,-1,473,678,679,-1,147,148,680,-1,680,148,678,-1,680,678,681,-1,681,678,677,-1,681,677,682,-1,472,473,675,-1,675,473,679,-1,683,151,152,-1,684,685,686,-1,686,683,684,-1,684,683,152,-1,684,152,483,-1,483,152,687,-1,483,687,484,-1,484,687,688,-1,689,690,691,-1,691,690,692,-1,487,693,694,-1,149,691,150,-1,150,691,692,-1,150,692,694,-1,694,692,485,-1,694,485,487,-1,487,484,693,-1,693,484,688,-1,342,638,695,-1,695,638,639,-1,347,342,696,-1,696,342,695,-1,696,695,153,-1,153,695,154,-1,155,156,697,-1,697,156,698,-1,634,633,698,-1,698,633,341,-1,698,341,697,-1,697,341,340,-1,350,628,699,-1,699,628,627,-1,351,350,700,-1,700,350,699,-1,700,699,157,-1,157,699,158,-1,159,160,701,-1,701,160,702,-1,640,629,702,-1,702,629,349,-1,702,349,701,-1,701,349,348,-1,354,630,703,-1,703,630,631,-1,355,354,704,-1,704,354,703,-1,704,703,161,-1,161,703,162,-1,626,625,705,-1,705,625,353,-1,163,164,706,-1,706,164,705,-1,706,705,352,-1,352,705,353,-1,310,620,707,-1,707,620,619,-1,311,310,708,-1,708,310,707,-1,708,707,165,-1,165,707,166,-1,167,168,709,-1,709,168,710,-1,632,621,710,-1,710,621,357,-1,710,357,709,-1,709,357,356,-1,313,622,711,-1,711,622,623,-1,314,313,712,-1,712,313,711,-1,712,711,169,-1,169,711,170,-1,618,617,713,-1,713,617,338,-1,171,172,714,-1,714,172,713,-1,714,713,312,-1,312,713,338,-1,325,612,715,-1,715,612,608,-1,326,325,716,-1,716,325,715,-1,716,715,173,-1,173,715,174,-1,175,176,717,-1,717,176,718,-1,624,613,718,-1,718,613,324,-1,718,324,717,-1,717,324,315,-1,329,616,719,-1,719,616,615,-1,330,329,720,-1,720,329,719,-1,720,719,177,-1,177,719,178,-1,179,180,721,-1,721,180,722,-1,607,606,722,-1,722,606,328,-1,722,328,721,-1,721,328,327,-1,333,604,723,-1,723,604,596,-1,343,333,724,-1,724,333,723,-1,724,723,181,-1,181,723,182,-1,183,184,725,-1,725,184,726,-1,614,605,726,-1,726,605,332,-1,726,332,725,-1,725,332,331,-1,346,609,727,-1,727,609,610,-1,358,346,728,-1,728,346,727,-1,728,727,185,-1,185,727,186,-1,187,188,729,-1,729,188,730,-1,595,594,730,-1,730,594,345,-1,730,345,729,-1,729,345,344,-1,361,592,731,-1,731,592,588,-1,362,361,732,-1,732,361,731,-1,732,731,189,-1,189,731,190,-1,191,192,733,-1,733,192,734,-1,611,593,734,-1,734,593,360,-1,734,360,733,-1,733,360,359,-1,365,603,735,-1,735,603,602,-1,366,365,736,-1,736,365,735,-1,736,735,193,-1,193,735,194,-1,195,196,737,-1,737,196,738,-1,587,586,738,-1,738,586,364,-1,738,364,737,-1,737,364,363,-1,369,599,739,-1,739,599,598,-1,370,369,740,-1,740,369,739,-1,740,739,197,-1,197,739,198,-1,601,600,741,-1,741,600,368,-1,199,200,742,-1,742,200,741,-1,742,741,367,-1,367,741,368,-1,373,584,743,-1,743,584,579,-1,374,373,744,-1,744,373,743,-1,744,743,201,-1,201,743,202,-1,203,204,745,-1,745,204,746,-1,597,585,746,-1,746,585,372,-1,746,372,745,-1,745,372,371,-1,377,589,747,-1,747,589,590,-1,384,377,748,-1,748,377,747,-1,748,747,205,-1,205,747,206,-1,578,577,749,-1,749,577,376,-1,207,208,750,-1,750,208,749,-1,750,749,375,-1,375,749,376,-1,387,576,751,-1,751,576,574,-1,388,387,752,-1,752,387,751,-1,752,751,209,-1,209,751,210,-1,211,212,753,-1,753,212,754,-1,591,583,754,-1,754,583,386,-1,754,386,753,-1,753,386,385,-1,391,582,755,-1,755,582,581,-1,395,391,756,-1,756,391,755,-1,756,755,213,-1,213,755,214,-1,215,216,757,-1,757,216,758,-1,573,575,758,-1,758,575,390,-1,758,390,757,-1,757,390,389,-1,398,568,759,-1,759,568,567,-1,402,398,760,-1,760,398,759,-1,760,759,217,-1,217,759,218,-1,219,220,761,-1,761,220,762,-1,580,569,762,-1,762,569,397,-1,762,397,761,-1,761,397,396,-1,405,570,763,-1,763,570,571,-1,415,405,764,-1,764,405,763,-1,764,763,221,-1,221,763,222,-1,223,224,765,-1,765,224,766,-1,566,565,766,-1,766,565,404,-1,766,404,765,-1,765,404,403,-1,418,560,767,-1,767,560,559,-1,432,418,768,-1,768,418,767,-1,768,767,225,-1,225,767,226,-1,572,561,769,-1,769,561,417,-1,227,228,770,-1,770,228,769,-1,770,769,416,-1,416,769,417,-1,435,562,771,-1,771,562,563,-1,441,435,772,-1,772,435,771,-1,772,771,229,-1,229,771,230,-1,231,232,773,-1,773,232,774,-1,558,557,774,-1,774,557,434,-1,774,434,773,-1,773,434,433,-1,444,552,775,-1,775,552,551,-1,448,444,776,-1,776,444,775,-1,776,775,233,-1,233,775,234,-1,564,553,777,-1,777,553,443,-1,235,236,778,-1,778,236,777,-1,778,777,442,-1,442,777,443,-1,451,554,779,-1,779,554,555,-1,458,451,780,-1,780,451,779,-1,780,779,237,-1,237,779,238,-1,239,240,781,-1,781,240,782,-1,550,549,782,-1,782,549,450,-1,782,450,781,-1,781,450,449,-1,461,544,783,-1,783,544,543,-1,462,461,784,-1,784,461,783,-1,784,783,241,-1,241,783,242,-1,243,244,785,-1,785,244,786,-1,556,545,786,-1,786,545,460,-1,786,460,785,-1,785,460,459,-1,465,546,787,-1,787,546,547,-1,468,465,788,-1,788,465,787,-1,788,787,245,-1,245,787,246,-1,247,248,789,-1,789,248,790,-1,542,541,790,-1,790,541,464,-1,790,464,789,-1,789,464,463,-1,378,532,791,-1,791,532,531,-1,379,378,792,-1,792,378,791,-1,792,791,249,-1,249,791,250,-1,251,252,793,-1,793,252,794,-1,548,533,794,-1,794,533,466,-1,794,466,793,-1,793,466,467,-1,399,538,795,-1,795,538,539,-1,421,399,796,-1,796,399,795,-1,796,795,253,-1,253,795,254,-1,255,256,797,-1,797,256,798,-1,530,529,798,-1,798,529,401,-1,798,401,797,-1,797,401,380,-1,381,536,799,-1,799,536,535,-1,382,381,800,-1,800,381,799,-1,800,799,257,-1,257,799,258,-1,259,260,801,-1,801,260,802,-1,540,537,802,-1,802,537,419,-1,802,419,801,-1,801,419,420,-1,410,524,803,-1,803,524,516,-1,422,410,804,-1,804,410,803,-1,804,803,261,-1,261,803,262,-1,534,525,805,-1,805,525,409,-1,263,264,806,-1,806,264,805,-1,806,805,383,-1,383,805,409,-1,425,528,807,-1,807,528,527,-1,426,425,808,-1,808,425,807,-1,808,807,265,-1,265,807,266,-1,267,268,809,-1,809,268,810,-1,515,514,810,-1,810,514,424,-1,810,424,809,-1,809,424,423,-1,392,512,811,-1,811,512,508,-1,393,392,812,-1,812,392,811,-1,812,811,269,-1,269,811,270,-1,526,513,813,-1,813,513,428,-1,271,272,814,-1,814,272,813,-1,814,813,427,-1,427,813,428,-1,412,523,815,-1,815,523,522,-1,431,412,816,-1,816,412,815,-1,816,815,273,-1,273,815,274,-1,275,276,817,-1,817,276,818,-1,507,506,818,-1,818,506,411,-1,818,411,817,-1,817,411,394,-1,406,519,819,-1,819,519,518,-1,407,406,820,-1,820,406,819,-1,820,819,277,-1,277,819,278,-1,279,280,821,-1,821,280,822,-1,521,520,822,-1,822,520,429,-1,822,429,821,-1,821,429,430,-1,414,504,823,-1,823,504,501,-1,447,414,824,-1,824,414,823,-1,824,823,281,-1,281,823,282,-1,283,284,825,-1,825,284,826,-1,517,505,826,-1,826,505,413,-1,826,413,825,-1,825,413,408,-1,436,509,827,-1,827,509,510,-1,437,436,828,-1,828,436,827,-1,828,827,285,-1,285,827,286,-1,287,288,829,-1,829,288,830,-1,500,499,830,-1,830,499,445,-1,830,445,829,-1,829,445,446,-1,440,498,831,-1,831,498,496,-1,457,440,832,-1,832,440,831,-1,832,831,289,-1,289,831,290,-1,511,503,833,-1,833,503,439,-1,291,292,834,-1,834,292,833,-1,834,833,438,-1,438,833,439,-1,454,502,835,-1,835,502,494,-1,452,454,836,-1,836,454,835,-1,836,835,293,-1,293,835,294,-1,295,296,837,-1,837,296,838,-1,495,497,838,-1,838,497,455,-1,838,455,837,-1,837,455,456,-1,839,840,841,-1,842,843,844,-1,844,843,845,-1,844,845,841,-1,841,845,846,-1,841,846,839,-1,636,337,637,-1,637,337,336,-1,646,323,641,-1,641,323,322,-1,644,319,645,-1,645,319,318,-1,652,309,653,-1,653,309,308,-1,847,476,474,-1,118,117,848,-1,849,850,848,-1,848,850,847,-1,848,847,118,-1,118,847,474,-1,297,299,851,-1,851,299,852,-1,851,852,479,-1,479,852,477,-1,480,478,853,-1,853,478,854,-1,853,854,303,-1,303,854,301,-1,854,852,301,-1,301,852,299,-1,854,478,852,-1,852,478,477,-1,855,122,124,-1,488,486,856,-1,857,858,856,-1,856,858,855,-1,856,855,488,-1,488,855,124,-1,492,490,859,-1,859,490,860,-1,859,860,840,-1,840,860,841,-1,842,844,861,-1,861,844,862,-1,861,862,491,-1,491,862,489,-1,860,862,841,-1,841,862,844,-1,489,862,490,-1,490,862,860,-1,638,342,633,-1,633,342,341,-1,628,350,629,-1,629,350,349,-1,630,354,625,-1,625,354,353,-1,620,310,621,-1,621,310,357,-1,622,313,617,-1,617,313,338,-1,612,325,613,-1,613,325,324,-1,616,329,606,-1,606,329,328,-1,604,333,605,-1,605,333,332,-1,609,346,594,-1,594,346,345,-1,592,361,593,-1,593,361,360,-1,603,365,586,-1,586,365,364,-1,599,369,600,-1,600,369,368,-1,584,373,585,-1,585,373,372,-1,589,377,577,-1,577,377,376,-1,576,387,583,-1,583,387,386,-1,582,391,575,-1,575,391,390,-1,568,398,569,-1,569,398,397,-1,570,405,565,-1,565,405,404,-1,560,418,561,-1,561,418,417,-1,562,435,557,-1,557,435,434,-1,552,444,553,-1,553,444,443,-1,554,451,549,-1,549,451,450,-1,544,461,545,-1,545,461,460,-1,546,465,541,-1,541,465,464,-1,532,378,533,-1,533,378,466,-1,538,399,529,-1,529,399,401,-1,536,381,537,-1,537,381,419,-1,524,410,525,-1,525,410,409,-1,528,425,514,-1,514,425,424,-1,512,392,513,-1,513,392,428,-1,523,412,506,-1,506,412,411,-1,519,406,520,-1,520,406,429,-1,504,414,505,-1,505,414,413,-1,509,436,499,-1,499,436,445,-1,498,440,503,-1,503,440,439,-1,502,454,497,-1,497,454,455,-1,676,863,146,-1,146,863,121,-1,146,121,148,-1,148,121,120,-1,148,120,678,-1,678,120,864,-1,694,865,150,-1,150,865,125,-1,150,125,152,-1,152,125,126,-1,152,126,687,-1,687,126,866,-1,659,647,658,-1,658,647,648,-1,663,643,662,-1,662,643,642,-1,667,651,665,-1,665,651,650,-1,863,676,867,-1,867,676,675,-1,678,864,679,-1,679,864,649,-1,679,649,675,-1,675,649,654,-1,675,654,867,-1,867,654,670,-1,698,655,634,-1,634,655,635,-1,688,687,866,-1,835,494,868,-1,868,494,493,-1,866,868,688,-1,688,868,493,-1,688,493,693,-1,693,493,865,-1,693,865,694,-1,702,695,640,-1,640,695,639,-1,705,699,626,-1,626,699,627,-1,710,703,632,-1,632,703,631,-1,713,707,618,-1,618,707,619,-1,718,711,624,-1,624,711,623,-1,722,715,607,-1,607,715,608,-1,726,719,614,-1,614,719,615,-1,730,723,595,-1,595,723,596,-1,734,727,611,-1,611,727,610,-1,738,731,587,-1,587,731,588,-1,741,735,601,-1,601,735,602,-1,746,739,597,-1,597,739,598,-1,749,743,578,-1,578,743,579,-1,754,747,591,-1,591,747,590,-1,758,751,573,-1,573,751,574,-1,762,755,580,-1,580,755,581,-1,766,759,566,-1,566,759,567,-1,769,763,572,-1,572,763,571,-1,774,767,558,-1,558,767,559,-1,777,771,564,-1,564,771,563,-1,782,775,550,-1,550,775,551,-1,786,779,556,-1,556,779,555,-1,790,783,542,-1,542,783,543,-1,794,787,548,-1,548,787,547,-1,798,791,530,-1,530,791,531,-1,802,795,540,-1,540,795,539,-1,805,799,534,-1,534,799,535,-1,810,803,515,-1,515,803,516,-1,813,807,526,-1,526,807,527,-1,818,811,507,-1,507,811,508,-1,822,815,521,-1,521,815,522,-1,826,819,517,-1,517,819,518,-1,830,823,500,-1,500,823,501,-1,833,827,511,-1,511,827,510,-1,838,831,495,-1,495,831,496,-1,865,493,125,-1,125,493,123,-1,649,864,119,-1,119,864,120,-1,863,867,121,-1,121,867,128,-1,154,695,702,-1,867,670,128,-1,128,670,144,-1,128,144,142,-1,128,160,158,-1,166,707,713,-1,667,665,142,-1,142,665,140,-1,142,140,128,-1,128,140,138,-1,699,705,158,-1,158,705,164,-1,158,164,128,-1,128,164,162,-1,663,662,138,-1,138,662,136,-1,138,136,128,-1,128,136,134,-1,659,658,134,-1,134,658,132,-1,134,132,128,-1,128,132,130,-1,655,698,130,-1,130,698,156,-1,130,156,128,-1,128,156,154,-1,128,154,160,-1,160,154,702,-1,172,170,128,-1,703,710,162,-1,162,710,168,-1,162,168,128,-1,128,168,166,-1,128,166,172,-1,172,166,713,-1,711,718,170,-1,170,718,176,-1,170,176,128,-1,128,176,174,-1,715,722,174,-1,174,722,180,-1,174,180,128,-1,128,180,178,-1,719,726,178,-1,178,726,184,-1,178,184,128,-1,128,184,182,-1,723,730,182,-1,182,730,188,-1,182,188,128,-1,128,188,186,-1,727,734,186,-1,186,734,192,-1,186,192,128,-1,128,192,190,-1,731,738,190,-1,190,738,196,-1,190,196,128,-1,128,196,194,-1,735,741,194,-1,194,741,200,-1,194,200,128,-1,128,200,198,-1,739,746,198,-1,198,746,204,-1,198,204,128,-1,128,204,202,-1,743,749,202,-1,202,749,208,-1,202,208,128,-1,128,208,206,-1,747,754,206,-1,206,754,212,-1,206,212,128,-1,128,212,210,-1,246,787,794,-1,791,798,250,-1,250,798,256,-1,258,799,805,-1,751,758,210,-1,210,758,216,-1,210,216,128,-1,128,216,214,-1,755,762,214,-1,214,762,220,-1,214,220,128,-1,128,220,218,-1,759,766,218,-1,218,766,224,-1,218,224,128,-1,128,224,222,-1,763,769,222,-1,222,769,228,-1,222,228,128,-1,128,228,226,-1,767,774,226,-1,226,774,232,-1,226,232,128,-1,128,232,230,-1,771,777,230,-1,230,777,236,-1,230,236,128,-1,128,236,234,-1,775,782,234,-1,234,782,240,-1,234,240,128,-1,128,240,238,-1,779,786,238,-1,238,786,244,-1,238,244,128,-1,128,244,242,-1,290,831,838,-1,783,790,242,-1,242,790,248,-1,242,248,128,-1,128,248,246,-1,128,246,252,-1,252,246,794,-1,254,127,256,-1,256,127,128,-1,256,128,250,-1,250,128,252,-1,264,262,127,-1,835,868,294,-1,294,868,127,-1,294,127,296,-1,795,802,254,-1,254,802,260,-1,254,260,127,-1,127,260,258,-1,127,258,264,-1,264,258,805,-1,803,810,262,-1,262,810,268,-1,262,268,127,-1,127,268,266,-1,807,813,266,-1,266,813,272,-1,266,272,127,-1,127,272,270,-1,811,818,270,-1,270,818,276,-1,270,276,127,-1,127,276,274,-1,815,822,274,-1,274,822,280,-1,274,280,127,-1,127,280,278,-1,819,826,278,-1,278,826,284,-1,278,284,127,-1,127,284,282,-1,823,830,282,-1,282,830,288,-1,282,288,127,-1,127,288,286,-1,827,833,286,-1,286,833,292,-1,286,292,127,-1,127,292,290,-1,127,290,296,-1,296,290,838,-1,868,866,127,-1,127,866,126,-1,
        ]
    }
}
Shape{
    appearance Appearance {
        material  Material 	{
            diffuseColor 0.20784313725490197 0.20784313725490197 0.20784313725490197
            specularColor 0.01568627450980392 0.01568627450980392 0.01568627450980392
            ambientIntensity 0.298
            transparency 0.0
            shininess 0.5
        }
    }
    geometry IndexedFaceSet {
        ccw TRUE
        solid FALSE
        coord DEF co Coordinate {
            point [
                -0.2776 -0.9278 0.0039, -0.2776 -0.9278 0.0, -0.2905 -0.9766 0.0039, -0.2905 -0.9766 0.0, -0.2371 -0.9278 0.0039, -0.2371 -0.9278 0.0, -0.2242 -0.9766 0.0039, -0.2242 -0.9766 0.0, -0.2021 -0.9766 0.0039, -0.2021 -0.9766 0.0, -0.2478 -0.8182 0.0, -0.2481 -0.8173 0.0039, -0.2481 -0.8173 0.0, -0.2665 -0.8173 0.0039, -0.2665 -0.8173 0.0, -0.2668 -0.8182 0.0, -0.3126 -0.9766 0.0039, -0.3126 -0.9766 0.0, -0.2417 -0.9103 0.0039, -0.2564 -0.8542 0.0039, -0.273 -0.9103 0.0039, -0.2582 -0.8542 0.0039, -0.2564 -0.8542 0.0, -0.2582 -0.8542 0.0, -0.2417 -0.9103 0.0, -0.273 -0.9103 0.0, -0.0915 -0.9766 0.0039, -0.0915 -0.9766 0.0, -0.1229 -0.9766 0.0039, -0.1229 -0.9766 0.0, -0.0915 -0.8192 0.0039, -0.0915 -0.8192 0.0, -0.1229 -0.8192 0.0039, -0.1229 -0.8192 0.0, -0.1892 -0.8984 0.0039, -0.1892 -0.8984 0.0, -0.1891 -0.894 0.0, -0.1891 -0.894 0.0039, -0.1855 -0.8634 0.0, -0.1855 -0.8634 0.0039, -0.1795 -0.8471 0.0, -0.1795 -0.8471 0.0039, -0.1727 -0.8373 0.0, -0.1727 -0.8373 0.0039, -0.1647 -0.8301 0.0, -0.1647 -0.8301 0.0039, -0.1541 -0.8244 0.0, -0.1541 -0.8244 0.0039, -0.1401 -0.8205 0.0, -0.1401 -0.8205 0.0039, -0.1326 -0.9762 0.0, -0.1326 -0.9762 0.0039, -0.1498 -0.9723 0.0, -0.1498 -0.9723 0.0039, -0.1623 -0.966 0.0, -0.1623 -0.966 0.0039, -0.1715 -0.9584 0.0, -0.1715 -0.9584 0.0039, -0.1781 -0.9499 0.0, -0.1781 -0.9499 0.0039, -0.1837 -0.9376 0.0, -0.1837 -0.9376 0.0039, -0.1876 -0.921 0.0, -0.1876 -0.921 0.0039, -0.1127 -0.8367 0.0039, -0.1127 -0.9591 0.0039, -0.1229 -0.9591 0.0039, -0.1353 -0.9579 0.0039, -0.1439 -0.955 0.0039, -0.1509 -0.9508 0.0039, -0.1564 -0.9453 0.0039, -0.1606 -0.9384 0.0039, -0.1647 -0.9255 0.0039, -0.1229 -0.8367 0.0039, -0.1264 -0.8368 0.0039, -0.1381 -0.8387 0.0039, -0.1462 -0.8421 0.0039, -0.1528 -0.847 0.0039, -0.1579 -0.8531 0.0039, -0.1621 -0.8618 0.0039, -0.1656 -0.8763 0.0039, -0.1671 -0.8984 0.0039, -0.1127 -0.8367 0.0, -0.1229 -0.8367 0.0, -0.1127 -0.9591 0.0, -0.1229 -0.9591 0.0, -0.1671 -0.8984 0.0, -0.1647 -0.9255 0.0, -0.1606 -0.9384 0.0, -0.1564 -0.9453 0.0, -0.1509 -0.9508 0.0, -0.1439 -0.955 0.0, -0.1353 -0.9579 0.0, -0.1264 -0.8368 0.0, -0.1381 -0.8387 0.0, -0.1462 -0.8421 0.0, -0.1528 -0.847 0.0, -0.1579 -0.8531 0.0, -0.1621 -0.8618 0.0, -0.1656 -0.8763 0.0, 0.0236 -0.8192 0.0039, 0.0236 -0.8192 0.0, 0.0236 -0.9766 0.0039, 0.0236 -0.9766 0.0, -0.0658 -0.8192 0.0039, -0.0658 -0.8192 0.0, -0.0658 -0.8367 0.0039, -0.0658 -0.8367 0.0, 0.0024 -0.8367 0.0039, 0.0024 -0.8367 0.0, 0.0024 -0.8855 0.0039, 0.0024 -0.8855 0.0, -0.0602 -0.8855 0.0039, -0.0602 -0.8855 0.0, -0.0602 -0.903 0.0039, -0.0602 -0.903 0.0, 0.0024 -0.903 0.0039, 0.0024 -0.903 0.0, 0.0024 -0.9591 0.0039, 0.0024 -0.9591 0.0, -0.0704 -0.9591 0.0039, -0.0704 -0.9591 0.0, -0.0704 -0.9766 0.0039, -0.0704 -0.9766 0.0, 0.1461 -0.903 0.0039, 0.1461 -0.903 0.0, 0.1435 -0.9311 0.0, 0.1435 -0.9311 0.0039, 0.1382 -0.9482 0.0, 0.1382 -0.9482 0.0039, 0.1323 -0.9582 0.0, 0.1323 -0.9582 0.0039, 0.124 -0.9668 0.0, 0.124 -0.9668 0.0039, 0.115 -0.973 0.0, 0.115 -0.973 0.0039, 0.1048 -0.977 0.0, 0.1048 -0.977 0.0039, 0.0926 -0.9785 0.0, 0.0926 -0.9785 0.0039, 0.0917 -0.8173 0.0, 0.1002 -0.8182 0.0, 0.0917 -0.8173 0.0039, 0.1024 -0.8185 0.0039, 0.1024 -0.8185 0.0, 0.1121 -0.8219 0.0, 0.1121 -0.8219 0.0039, 0.1211 -0.8278 0.0, 0.1211 -0.8278 0.0039, 0.1299 -0.8371 0.0, 0.1299 -0.8371 0.0039, 0.1378 -0.8512 0.0, 0.1378 -0.8512 0.0039, 0.1436 -0.8719 0.0, 0.1436 -0.8719 0.0039, 0.0845 -0.8182 0.0, 0.0795 -0.8189 0.0039, 0.0795 -0.8189 0.0, 0.0705 -0.8225 0.0039, 0.0705 -0.8225 0.0, 0.0623 -0.8283 0.0039, 0.0623 -0.8283 0.0, 0.0546 -0.8371 0.0039, 0.0546 -0.8371 0.0, 0.0493 -0.8477 0.0039, 0.0493 -0.8477 0.0, 0.0461 -0.8625 0.0039, 0.0461 -0.8625 0.0, 0.0457 -0.8753 0.0039, 0.0457 -0.8753 0.0, 0.0659 -0.8753 0.0039, 0.0659 -0.8753 0.0, 0.0917 -0.8348 0.0039, 0.0917 -0.8348 0.0, 0.0904 -0.8349 0.0, 0.0904 -0.8349 0.0039, 0.0844 -0.8358 0.0, 0.0844 -0.8358 0.0039, 0.0797 -0.8378 0.0, 0.0797 -0.8378 0.0039, 0.0756 -0.8409 0.0, 0.0756 -0.8409 0.0039, 0.0724 -0.845 0.0, 0.0724 -0.845 0.0039, 0.0698 -0.85 0.0, 0.0698 -0.85 0.0039, 0.0671 -0.8599 0.0, 0.0671 -0.8599 0.0039, 0.124 -0.9011 0.0039, 0.124 -0.9011 0.0, 0.1221 -0.8721 0.0, 0.1221 -0.8721 0.0039, 0.1181 -0.8562 0.0, 0.1181 -0.8562 0.0039, 0.1134 -0.847 0.0, 0.1134 -0.847 0.0039, 0.1086 -0.8415 0.0, 0.1086 -0.8415 0.0039, 0.1037 -0.8379 0.0, 0.1037 -0.8379 0.0039, 0.0984 -0.8357 0.0, 0.0984 -0.8357 0.0039, 0.0926 -0.961 0.0039, 0.0926 -0.961 0.0, 0.0982 -0.9604 0.0, 0.0982 -0.9604 0.0039, 0.1034 -0.9586 0.0, 0.1034 -0.9586 0.0039, 0.1084 -0.9554 0.0, 0.1084 -0.9554 0.0039, 0.1141 -0.9493 0.0, 0.1141 -0.9493 0.0039, 0.1182 -0.942 0.0, 0.1182 -0.942 0.0039, 0.1216 -0.9301 0.0, 0.1216 -0.9301 0.0039, 0.0659 -0.914 0.0039, 0.0659 -0.914 0.0, 0.0667 -0.929 0.0, 0.0667 -0.929 0.0039, 0.0694 -0.9423 0.0, 0.0694 -0.9423 0.0039, 0.0724 -0.9489 0.0, 0.0724 -0.9489 0.0039, 0.0762 -0.9535 0.0, 0.0762 -0.9535 0.0039, 0.0819 -0.9579 0.0, 0.0819 -0.9579 0.0039, 0.0869 -0.9602 0.0, 0.0869 -0.9602 0.0039, 0.0448 -0.914 0.0039, 0.0448 -0.914 0.0, 0.0831 -0.9775 0.0, 0.0831 -0.9775 0.0039, 0.0738 -0.9744 0.0, 0.0738 -0.9744 0.0039, 0.0643 -0.9683 0.0, 0.0643 -0.9683 0.0039, 0.0562 -0.9597 0.0, 0.0562 -0.9597 0.0039, 0.051 -0.95 0.0, 0.051 -0.95 0.0039, 0.0468 -0.9354 0.0, 0.0468 -0.9354 0.0039, 0.2612 -0.8192 0.0039, 0.2612 -0.8192 0.0, 0.2612 -0.9766 0.0039, 0.2612 -0.9766 0.0, 0.24 -0.8192 0.0039, 0.24 -0.8192 0.0, 0.24 -0.9591 0.0039, 0.24 -0.9591 0.0, 0.1654 -0.9591 0.0039, 0.1654 -0.9591 0.0, 0.1654 -0.9766 0.0039, 0.1654 -0.9766 0.0
            ]
        }
        coordIndex [
            0,1,2,-1,2,1,3,-1,4,5,0,-1,0,5,1,-1,6,7,4,-1,4,7,5,-1,8,9,6,-1,6,9,7,-1,9,8,10,-1,10,8,11,-1,10,11,12,-1,13,14,11,-1,11,14,12,-1,14,13,15,-1,15,13,16,-1,15,16,17,-1,16,2,17,-1,17,2,3,-1,18,19,11,-1,20,16,13,-1,11,19,13,-1,13,19,21,-1,13,21,20,-1,8,6,4,-1,2,16,0,-1,0,16,20,-1,0,20,4,-1,4,20,18,-1,4,18,8,-1,8,18,11,-1,19,22,21,-1,21,22,23,-1,18,24,19,-1,19,24,22,-1,20,25,18,-1,18,25,24,-1,23,25,21,-1,21,25,20,-1,26,27,28,-1,28,27,29,-1,30,31,26,-1,26,31,27,-1,32,33,30,-1,30,33,31,-1,34,35,36,-1,34,36,37,-1,37,36,38,-1,37,38,39,-1,39,38,40,-1,39,40,41,-1,41,40,42,-1,41,42,43,-1,43,42,44,-1,43,44,45,-1,45,44,46,-1,45,46,47,-1,47,46,48,-1,47,48,49,-1,49,48,33,-1,49,33,32,-1,28,29,50,-1,28,50,51,-1,51,50,52,-1,51,52,53,-1,53,52,54,-1,53,54,55,-1,55,54,56,-1,55,56,57,-1,57,56,58,-1,57,58,59,-1,59,58,60,-1,59,60,61,-1,61,60,62,-1,61,62,63,-1,63,62,35,-1,63,35,34,-1,32,30,64,-1,64,30,65,-1,65,30,26,-1,65,26,66,-1,66,26,28,-1,66,28,67,-1,67,28,51,-1,67,51,68,-1,68,51,53,-1,68,53,69,-1,69,53,55,-1,69,55,70,-1,70,55,57,-1,70,57,71,-1,71,57,59,-1,71,59,72,-1,64,73,32,-1,32,73,74,-1,32,74,49,-1,49,74,75,-1,49,75,47,-1,47,75,76,-1,47,76,45,-1,45,76,77,-1,45,77,43,-1,43,77,78,-1,43,78,41,-1,41,78,79,-1,41,79,39,-1,39,79,80,-1,39,80,37,-1,37,80,81,-1,59,61,72,-1,72,61,63,-1,72,63,81,-1,81,63,34,-1,81,34,37,-1,64,82,73,-1,73,82,83,-1,65,84,64,-1,64,84,82,-1,66,85,65,-1,65,85,84,-1,81,86,87,-1,81,87,72,-1,72,87,88,-1,72,88,71,-1,71,88,89,-1,71,89,70,-1,70,89,90,-1,70,90,69,-1,69,90,91,-1,69,91,68,-1,68,91,92,-1,68,92,67,-1,67,92,85,-1,67,85,66,-1,73,83,93,-1,73,93,74,-1,74,93,94,-1,74,94,75,-1,75,94,95,-1,75,95,76,-1,76,95,96,-1,76,96,77,-1,77,96,97,-1,77,97,78,-1,78,97,98,-1,78,98,79,-1,79,98,99,-1,79,99,80,-1,80,99,86,-1,80,86,81,-1,100,101,102,-1,102,101,103,-1,104,105,100,-1,100,105,101,-1,106,107,104,-1,104,107,105,-1,108,109,106,-1,106,109,107,-1,110,111,108,-1,108,111,109,-1,112,113,110,-1,110,113,111,-1,114,115,112,-1,112,115,113,-1,116,117,114,-1,114,117,115,-1,118,119,116,-1,116,119,117,-1,120,121,118,-1,118,121,119,-1,122,123,120,-1,120,123,121,-1,122,102,123,-1,123,102,103,-1,102,122,120,-1,120,118,102,-1,102,118,116,-1,102,116,100,-1,106,104,108,-1,108,104,100,-1,108,100,110,-1,110,100,116,-1,110,116,112,-1,112,116,114,-1,124,125,126,-1,124,126,127,-1,127,126,128,-1,127,128,129,-1,129,128,130,-1,129,130,131,-1,131,130,132,-1,131,132,133,-1,133,132,134,-1,133,134,135,-1,135,134,136,-1,135,136,137,-1,137,136,138,-1,137,138,139,-1,140,141,142,-1,142,141,143,-1,141,144,143,-1,143,144,145,-1,143,145,146,-1,146,145,147,-1,146,147,148,-1,148,147,149,-1,148,149,150,-1,150,149,151,-1,150,151,152,-1,152,151,153,-1,152,153,154,-1,154,153,125,-1,154,125,124,-1,140,142,155,-1,155,142,156,-1,155,156,157,-1,157,156,158,-1,157,158,159,-1,159,158,160,-1,159,160,161,-1,161,160,162,-1,161,162,163,-1,163,162,164,-1,163,164,165,-1,165,164,166,-1,165,166,167,-1,167,166,168,-1,167,168,169,-1,170,171,168,-1,168,171,169,-1,172,173,174,-1,172,174,175,-1,175,174,176,-1,175,176,177,-1,177,176,178,-1,177,178,179,-1,179,178,180,-1,179,180,181,-1,181,180,182,-1,181,182,183,-1,183,182,184,-1,183,184,185,-1,185,184,186,-1,185,186,187,-1,187,186,171,-1,187,171,170,-1,188,189,190,-1,188,190,191,-1,191,190,192,-1,191,192,193,-1,193,192,194,-1,193,194,195,-1,195,194,196,-1,195,196,197,-1,197,196,198,-1,197,198,199,-1,199,198,200,-1,199,200,201,-1,201,200,173,-1,201,173,172,-1,202,203,204,-1,202,204,205,-1,205,204,206,-1,205,206,207,-1,207,206,208,-1,207,208,209,-1,209,208,210,-1,209,210,211,-1,211,210,212,-1,211,212,213,-1,213,212,214,-1,213,214,215,-1,215,214,189,-1,215,189,188,-1,216,217,218,-1,216,218,219,-1,219,218,220,-1,219,220,221,-1,221,220,222,-1,221,222,223,-1,223,222,224,-1,223,224,225,-1,225,224,226,-1,225,226,227,-1,227,226,228,-1,227,228,229,-1,229,228,203,-1,229,203,202,-1,230,231,216,-1,216,231,217,-1,139,138,232,-1,139,232,233,-1,233,232,234,-1,233,234,235,-1,235,234,236,-1,235,236,237,-1,237,236,238,-1,237,238,239,-1,239,238,240,-1,239,240,241,-1,241,240,242,-1,241,242,243,-1,243,242,231,-1,243,231,230,-1,170,168,187,-1,187,168,166,-1,187,166,185,-1,185,166,164,-1,185,164,183,-1,183,164,162,-1,183,162,181,-1,181,162,160,-1,181,160,179,-1,179,160,158,-1,179,158,177,-1,177,158,156,-1,177,156,175,-1,175,156,142,-1,230,216,243,-1,243,216,219,-1,243,219,241,-1,241,219,221,-1,241,221,239,-1,239,221,223,-1,239,223,237,-1,237,223,225,-1,237,225,235,-1,235,225,227,-1,235,227,233,-1,233,227,229,-1,233,229,139,-1,139,229,202,-1,139,202,137,-1,137,202,205,-1,137,205,135,-1,135,205,207,-1,135,207,133,-1,133,207,209,-1,133,209,131,-1,131,209,211,-1,131,211,129,-1,129,211,213,-1,129,213,127,-1,127,213,215,-1,127,215,124,-1,124,215,188,-1,124,188,154,-1,154,188,191,-1,154,191,152,-1,152,191,193,-1,152,193,150,-1,150,193,195,-1,150,195,148,-1,148,195,197,-1,148,197,146,-1,146,197,199,-1,146,199,143,-1,143,199,201,-1,143,201,142,-1,142,201,172,-1,142,172,175,-1,244,245,246,-1,246,245,247,-1,248,249,244,-1,244,249,245,-1,250,251,248,-1,248,251,249,-1,252,253,250,-1,250,253,251,-1,254,255,252,-1,252,255,253,-1,254,246,255,-1,255,246,247,-1,248,244,250,-1,250,244,246,-1,250,246,252,-1,252,246,254,-1,
        ]
    }
}
Shape{
    appearance Appearance {
        material  Material 	{
            diffuseColor 0.8431372549019608 0.8156862745098039 0.7529411764705882
            specularColor 0.25098039215686274 0.24313725490196078 0.22745098039215686
            ambientIntensity 0.8167
            transparency 0.0
            shininess 0.5
        }
    }
    geometry IndexedFaceSet {
        ccw TRUE
        solid FALSE
        coord DEF co Coordinate {
            point [
                -0.2564 -0.8542 0.0, -0.2417 -0.9103 0.0, -0.2582 -0.8542 0.0, -0.273 -0.9103 0.0, -0.1381 -0.8387 0.0, -0.1264 -0.8368 0.0, -0.1621 -0.8618 0.0, -0.1127 -0.8367 0.0, -0.1127 -0.9591 0.0, -0.1229 -0.8367 0.0, -0.1229 -0.9591 0.0, -0.1647 -0.9255 0.0, -0.1671 -0.8984 0.0, -0.1656 -0.8763 0.0, -0.1353 -0.9579 0.0, -0.1439 -0.955 0.0, -0.1606 -0.9384 0.0, -0.1509 -0.9508 0.0, -0.1564 -0.9453 0.0, -0.1579 -0.8531 0.0, -0.1528 -0.847 0.0, -0.1462 -0.8421 0.0, -3.3956 0.0742 0.7244, -3.2972 0.0742 0.7244, -3.3956 0.1726 0.7244, -3.2972 0.1726 0.7244, -3.5925 0.0742 0.7244, -3.4941 0.0742 0.7244, -3.5925 0.1726 0.7244, -3.4941 0.1726 0.7244, -3.7893 0.0742 0.7244, -3.6909 0.0742 0.7244, -3.7893 0.1726 0.7244, -3.6909 0.1726 0.7244, -4.1929 0.1333 0.7244, -4.1929 0.0742 0.7244, -4.1535 0.1726 0.7244, -3.8878 0.0742 0.7244, -3.8878 0.1726 0.7244, -3.1004 0.0742 0.7244, -3.1004 0.1726 0.7244, -3.1988 0.0742 0.7244, -3.1988 0.1726 0.7244, -4.311 0.1726 0.7244, -4.3602 0.1726 0.7244, -4.2716 0.1333 0.7244, -4.3602 0.0742 0.7244, -4.2716 0.0742 0.7244, 4.1536 0.1726 0.7244, 3.8878 0.1726 0.7244, 4.1929 0.1333 0.7244, 3.8878 0.0742 0.7244, 4.1929 0.0742 0.7244, 4.3603 0.1726 0.7244, 4.3111 0.1726 0.7244, 4.3603 0.0742 0.7244, 4.2717 0.1333 0.7244, 4.2717 0.0742 0.7244, -2.9035 0.0742 0.7244, -2.9035 0.1726 0.7244, -3.0019 0.0742 0.7244, -3.0019 0.1726 0.7244, -2.7067 0.0742 0.7244, -2.7067 0.1726 0.7244, -2.8051 0.0742 0.7244, -2.8051 0.1726 0.7244, -2.5098 0.0742 0.7244, -2.5098 0.1726 0.7244, -2.6082 0.0742 0.7244, -2.6082 0.1726 0.7244, -2.313 0.0742 0.7244, -2.313 0.1726 0.7244, -2.4114 0.0742 0.7244, -2.4114 0.1726 0.7244, -2.1161 0.0742 0.7244, -2.1161 0.1726 0.7244, -2.2145 0.0742 0.7244, -2.2145 0.1726 0.7244, -1.9193 0.0742 0.7244, -1.9193 0.1726 0.7244, -2.0177 0.0742 0.7244, -2.0177 0.1726 0.7244, -1.7224 0.0742 0.7244, -1.7224 0.1726 0.7244, -1.8208 0.0742 0.7244, -1.8208 0.1726 0.7244, -1.5256 0.0742 0.7244, -1.5256 0.1726 0.7244, -1.624 0.0742 0.7244, -1.624 0.1726 0.7244, -1.3287 0.0742 0.7244, -1.3287 0.1726 0.7244, -1.4271 0.0742 0.7244, -1.4271 0.1726 0.7244, -1.1319 0.0742 0.7244, -1.1319 0.1726 0.7244, -1.2303 0.0742 0.7244, -1.2303 0.1726 0.7244, -0.935 0.0742 0.7244, -0.935 0.1726 0.7244, -1.0334 0.0742 0.7244, -1.0334 0.1726 0.7244, -0.7382 0.0742 0.7244, -0.7382 0.1726 0.7244, -0.8366 0.0742 0.7244, -0.8366 0.1726 0.7244, -0.5413 0.0742 0.7244, -0.5413 0.1726 0.7244, -0.6397 0.0742 0.7244, -0.6397 0.1726 0.7244, -0.3445 0.0742 0.7244, -0.3445 0.1726 0.7244, -0.4429 0.0742 0.7244, -0.4429 0.1726 0.7244, -0.1476 0.0742 0.7244, -0.1476 0.1726 0.7244, -0.246 0.0742 0.7244, -0.246 0.1726 0.7244, 0.0492 0.0742 0.7244, 0.0492 0.1726 0.7244, -0.0492 0.0742 0.7244, -0.0492 0.1726 0.7244, 0.2461 0.0742 0.7244, 0.2461 0.1726 0.7244, 0.1477 0.0742 0.7244, 0.1477 0.1726 0.7244, 0.4429 0.0742 0.7244, 0.4429 0.1726 0.7244, 0.3445 0.0742 0.7244, 0.3445 0.1726 0.7244, 0.6398 0.0742 0.7244, 0.6398 0.1726 0.7244, 0.5414 0.0742 0.7244, 0.5414 0.1726 0.7244, 0.8366 0.0742 0.7244, 0.8366 0.1726 0.7244, 0.7382 0.0742 0.7244, 0.7382 0.1726 0.7244, 1.0335 0.0742 0.7244, 1.0335 0.1726 0.7244, 0.9351 0.0742 0.7244, 0.9351 0.1726 0.7244, 1.2303 0.0742 0.7244, 1.2303 0.1726 0.7244, 1.1319 0.0742 0.7244, 1.1319 0.1726 0.7244, 1.4272 0.0742 0.7244, 1.4272 0.1726 0.7244, 1.3288 0.0742 0.7244, 1.3288 0.1726 0.7244, 1.624 0.0742 0.7244, 1.624 0.1726 0.7244, 1.5256 0.0742 0.7244, 1.5256 0.1726 0.7244, 1.8209 0.0742 0.7244, 1.8209 0.1726 0.7244, 1.7225 0.0742 0.7244, 1.7225 0.1726 0.7244, 2.0177 0.0742 0.7244, 2.0177 0.1726 0.7244, 1.9193 0.0742 0.7244, 1.9193 0.1726 0.7244, 2.2146 0.0742 0.7244, 2.2146 0.1726 0.7244, 2.1162 0.0742 0.7244, 2.1162 0.1726 0.7244, 2.4114 0.0742 0.7244, 2.4114 0.1726 0.7244, 2.313 0.0742 0.7244, 2.313 0.1726 0.7244, 2.6083 0.0742 0.7244, 2.6083 0.1726 0.7244, 2.5099 0.0742 0.7244, 2.5099 0.1726 0.7244, 2.8051 0.0742 0.7244, 2.8051 0.1726 0.7244, 2.7067 0.0742 0.7244, 2.7067 0.1726 0.7244, 3.002 0.0742 0.7244, 3.002 0.1726 0.7244, 2.9036 0.0742 0.7244, 2.9036 0.1726 0.7244, 3.1988 0.0742 0.7244, 3.1988 0.1726 0.7244, 3.1004 0.0742 0.7244, 3.1004 0.1726 0.7244, 3.3957 0.0742 0.7244, 3.3957 0.1726 0.7244, 3.2973 0.0742 0.7244, 3.2973 0.1726 0.7244, 3.5925 0.0742 0.7244, 3.5925 0.1726 0.7244, 3.4941 0.0742 0.7244, 3.4941 0.1726 0.7244, 3.7894 0.0742 0.7244, 3.7894 0.1726 0.7244, 3.691 0.0742 0.7244, 3.691 0.1726 0.7244, -4.8031 0.1333 0.7244, -4.8031 0.0742 0.7244, -4.7637 0.1726 0.7244, -4.7047 0.0742 0.7244, -4.7047 0.1726 0.7244, 4.7638 0.1726 0.7244, 4.7048 0.1726 0.7244, 4.8032 0.1333 0.7244, 4.7048 0.0742 0.7244, 4.8032 0.0742 0.7244, -1.9193 0.0742 0.7283, 4.8032 0.0742 0.7874, 3.5925 0.0742 0.7283, 1.2303 0.0742 0.7283, 3.8878 0.0742 0.7283, 3.7894 0.0742 0.7283, -4.8031 0.0742 0.7874, 3.1988 0.0742 0.7283, 0.8366 0.0742 0.7283, 4.3603 0.0742 0.748, 4.2717 0.0742 0.7283, 4.1929 0.0742 0.7283, 2.8051 0.0742 0.7283, 0.4429 0.0742 0.7283, -2.7067 0.0742 0.7283, -3.7893 0.0742 0.7283, -3.8878 0.0742 0.7283, 4.7048 0.0742 0.748, -1.5256 0.0742 0.7283, -3.6909 0.0742 0.7283, 2.4114 0.0742 0.7283, 0.0492 0.0742 0.7283, -1.624 0.0742 0.7283, -1.7224 0.0742 0.7283, -3.1004 0.0742 0.7283, 2.0177 0.0742 0.7283, -0.3445 0.0742 0.7283, -2.0177 0.0742 0.7283, -2.1161 0.0742 0.7283, -2.313 0.0742 0.7283, -4.2716 0.0742 0.7283, -4.3602 0.0742 0.748, -4.1929 0.0742 0.7283, -1.8208 0.0742 0.7283, -2.8051 0.0742 0.7283, -2.9035 0.0742 0.7283, -4.7047 0.0742 0.748, -2.4114 0.0742 0.7283, -2.5098 0.0742 0.7283, -3.1988 0.0742 0.7283, -3.2972 0.0742 0.7283, -3.4941 0.0742 0.7283, -3.3956 0.0742 0.7283, -3.5925 0.0742 0.7283, 1.624 0.0742 0.7283, -2.2145 0.0742 0.7283, -2.6082 0.0742 0.7283, -3.0019 0.0742 0.7283, -1.1319 0.0742 0.7283, -0.7382 0.0742 0.7283, -0.8366 0.0742 0.7283, -0.935 0.0742 0.7283, -1.2303 0.0742 0.7283, -1.3287 0.0742 0.7283, -1.0334 0.0742 0.7283, -1.4271 0.0742 0.7283, 3.4941 0.0742 0.7283, 3.3957 0.0742 0.7283, 3.691 0.0742 0.7283, 1.5256 0.0742 0.7283, 1.4272 0.0742 0.7283, 3.1004 0.0742 0.7283, 3.002 0.0742 0.7283, 3.2973 0.0742 0.7283, 1.1319 0.0742 0.7283, 1.0335 0.0742 0.7283, 2.7067 0.0742 0.7283, 2.6083 0.0742 0.7283, 1.3288 0.0742 0.7283, 2.9036 0.0742 0.7283, 0.7382 0.0742 0.7283, 0.6398 0.0742 0.7283, 2.313 0.0742 0.7283, 2.2146 0.0742 0.7283, 0.9351 0.0742 0.7283, 2.5099 0.0742 0.7283, 0.3445 0.0742 0.7283, 0.2461 0.0742 0.7283, 1.9193 0.0742 0.7283, 1.8209 0.0742 0.7283, 0.5414 0.0742 0.7283, 2.1162 0.0742 0.7283, 1.7225 0.0742 0.7283, -0.0492 0.0742 0.7283, -0.1476 0.0742 0.7283, 0.1477 0.0742 0.7283, -0.4429 0.0742 0.7283, -0.5413 0.0742 0.7283, -0.246 0.0742 0.7283, -0.6397 0.0742 0.7283, 4.8032 0.0742 0.063, 4.8032 0.0742 0.0591, 4.2717 0.0742 0.063, 4.2717 0.0742 0.0591, 4.8032 0.1333 0.063, 4.2717 0.1333 0.063, 4.1929 0.0742 0.063, 4.1929 0.0742 0.0591, 4.1733 0.0742 0.0591, -0.081 0.0742 0.0, -4.1732 0.0742 0.0, -4.1732 0.0742 0.0591, -4.1929 0.0742 0.0591, -4.1929 0.0742 0.063, 4.1733 0.0742 0.0, -4.1535 0.1726 0.063, 4.1536 0.1726 0.063, -4.1929 0.1333 0.063, 4.1929 0.1333 0.063, -4.2716 0.1333 0.063, -4.2716 0.0742 0.063, -4.8031 0.1333 0.063, -4.8031 0.0742 0.063, -4.8031 0.0742 0.0591, -4.2716 0.0742 0.0591, 4.3111 0.1726 0.1024, 4.7638 0.1726 0.1024, -4.311 0.1726 0.1024, -4.7637 0.1726 0.1024
            ]
        }
        coordIndex [
            0,1,2,-1,2,1,3,-1,4,5,6,-1,7,8,9,-1,9,8,10,-1,9,10,5,-1,11,12,10,-1,10,12,5,-1,5,12,13,-1,5,13,6,-1,10,14,11,-1,11,14,15,-1,11,15,16,-1,16,15,17,-1,16,17,18,-1,19,20,6,-1,6,20,21,-1,6,21,4,-1,22,23,24,-1,24,23,25,-1,26,27,28,-1,28,27,29,-1,30,31,32,-1,32,31,33,-1,34,35,36,-1,36,35,37,-1,36,37,38,-1,39,40,41,-1,41,40,42,-1,43,44,45,-1,45,44,46,-1,45,46,47,-1,48,49,50,-1,50,49,51,-1,50,51,52,-1,53,54,55,-1,55,54,56,-1,55,56,57,-1,58,59,60,-1,60,59,61,-1,62,63,64,-1,64,63,65,-1,66,67,68,-1,68,67,69,-1,70,71,72,-1,72,71,73,-1,74,75,76,-1,76,75,77,-1,78,79,80,-1,80,79,81,-1,82,83,84,-1,84,83,85,-1,86,87,88,-1,88,87,89,-1,90,91,92,-1,92,91,93,-1,94,95,96,-1,96,95,97,-1,98,99,100,-1,100,99,101,-1,102,103,104,-1,104,103,105,-1,106,107,108,-1,108,107,109,-1,110,111,112,-1,112,111,113,-1,114,115,116,-1,116,115,117,-1,118,119,120,-1,120,119,121,-1,122,123,124,-1,124,123,125,-1,126,127,128,-1,128,127,129,-1,130,131,132,-1,132,131,133,-1,134,135,136,-1,136,135,137,-1,138,139,140,-1,140,139,141,-1,142,143,144,-1,144,143,145,-1,146,147,148,-1,148,147,149,-1,150,151,152,-1,152,151,153,-1,154,155,156,-1,156,155,157,-1,158,159,160,-1,160,159,161,-1,162,163,164,-1,164,163,165,-1,166,167,168,-1,168,167,169,-1,170,171,172,-1,172,171,173,-1,174,175,176,-1,176,175,177,-1,178,179,180,-1,180,179,181,-1,182,183,184,-1,184,183,185,-1,186,187,188,-1,188,187,189,-1,190,191,192,-1,192,191,193,-1,194,195,196,-1,196,195,197,-1,198,199,200,-1,200,199,201,-1,200,201,202,-1,203,204,205,-1,205,204,206,-1,205,206,207,-1,208,78,80,-1,209,207,206,-1,210,190,192,-1,211,142,144,-1,212,213,214,-1,215,182,184,-1,216,134,136,-1,55,57,217,-1,217,57,218,-1,217,218,219,-1,219,52,51,-1,220,174,176,-1,221,126,128,-1,222,62,64,-1,223,224,214,-1,51,212,219,-1,219,212,214,-1,219,214,217,-1,217,214,209,-1,217,209,225,-1,225,209,206,-1,226,86,88,-1,227,31,30,-1,228,166,168,-1,229,118,120,-1,230,231,214,-1,232,39,41,-1,224,37,35,-1,233,158,160,-1,234,110,112,-1,235,236,214,-1,237,70,72,-1,47,46,238,-1,238,46,239,-1,238,239,240,-1,80,235,208,-1,208,235,214,-1,208,214,241,-1,241,214,231,-1,241,231,84,-1,84,231,82,-1,242,243,214,-1,201,199,244,-1,244,199,214,-1,244,214,239,-1,239,214,224,-1,239,224,240,-1,240,224,35,-1,245,246,214,-1,247,248,214,-1,249,214,250,-1,250,214,248,-1,250,248,22,-1,22,248,23,-1,30,223,227,-1,227,223,214,-1,227,214,251,-1,251,214,249,-1,251,249,26,-1,26,249,27,-1,252,150,152,-1,72,245,237,-1,237,245,214,-1,237,214,253,-1,253,214,236,-1,253,236,76,-1,76,236,74,-1,64,242,222,-1,222,242,214,-1,222,214,254,-1,254,214,246,-1,254,246,68,-1,68,246,66,-1,41,247,232,-1,232,247,214,-1,232,214,255,-1,255,214,243,-1,255,243,60,-1,60,243,58,-1,256,94,96,-1,257,102,104,-1,258,259,214,-1,260,261,214,-1,96,260,256,-1,256,260,214,-1,256,214,262,-1,262,214,259,-1,262,259,100,-1,100,259,98,-1,88,230,226,-1,226,230,214,-1,226,214,263,-1,263,214,261,-1,263,261,92,-1,92,261,90,-1,264,265,214,-1,192,264,210,-1,210,264,214,-1,210,214,266,-1,266,214,213,-1,266,213,196,-1,196,213,194,-1,267,268,214,-1,269,270,214,-1,184,269,215,-1,215,269,214,-1,215,214,271,-1,271,214,265,-1,271,265,188,-1,188,265,186,-1,272,273,214,-1,274,275,214,-1,144,272,211,-1,211,272,214,-1,211,214,276,-1,276,214,268,-1,276,268,148,-1,148,268,146,-1,176,274,220,-1,220,274,214,-1,220,214,277,-1,277,214,270,-1,277,270,180,-1,180,270,178,-1,278,279,214,-1,280,281,214,-1,136,278,216,-1,216,278,214,-1,216,214,282,-1,282,214,273,-1,282,273,140,-1,140,273,138,-1,168,280,228,-1,228,280,214,-1,228,214,283,-1,283,214,275,-1,283,275,172,-1,172,275,170,-1,284,285,214,-1,286,287,214,-1,128,284,221,-1,221,284,214,-1,221,214,288,-1,288,214,279,-1,288,279,132,-1,132,279,130,-1,160,286,233,-1,233,286,214,-1,233,214,289,-1,289,214,281,-1,289,281,164,-1,164,281,162,-1,152,267,252,-1,252,267,214,-1,252,214,290,-1,290,214,287,-1,290,287,156,-1,156,287,154,-1,291,292,214,-1,120,291,229,-1,229,291,214,-1,229,214,293,-1,293,214,285,-1,293,285,124,-1,124,285,122,-1,294,295,214,-1,112,294,234,-1,234,294,214,-1,234,214,296,-1,296,214,292,-1,296,292,116,-1,116,292,114,-1,104,258,257,-1,257,258,214,-1,257,214,297,-1,297,214,295,-1,297,295,108,-1,108,295,106,-1,298,299,300,-1,300,299,301,-1,302,298,303,-1,303,298,300,-1,304,305,306,-1,307,308,309,-1,310,311,309,-1,309,311,304,-1,309,304,307,-1,307,304,306,-1,307,306,312,-1,313,314,315,-1,315,314,316,-1,315,316,311,-1,311,316,304,-1,317,318,319,-1,319,318,320,-1,321,320,322,-1,322,320,318,-1,323,303,54,-1,54,303,56,-1,324,302,323,-1,323,302,303,-1,302,324,205,-1,205,324,203,-1,316,314,50,-1,50,314,48,-1,313,315,36,-1,36,315,34,-1,317,325,45,-1,45,325,43,-1,319,326,317,-1,317,326,325,-1,326,319,200,-1,200,319,198,-1,
        ]
    }
}
Shape{
    appearance Appearance {
        material  Material 	{
            diffuseColor 0.20784313725490197 0.20784313725490197 0.20784313725490197
            specularColor 0.01568627450980392 0.01568627450980392 0.01568627450980392
            ambientIntensity 0.298
            transparency 0.0
            shininess 0.5
        }
    }
    geometry IndexedFaceSet {
        ccw TRUE
        solid FALSE
        coord DEF co Coordinate {
            point [
                -2.2757 -1.5006 0.3972, -2.2836 -1.5006 0.3946, -2.2919 -1.5006 0.3937, -4.6141 -1.5006 0.7874, -4.3897 -1.5006 0.7874, -4.6141 -1.5006 0.2283, -4.3897 -1.5006 0.4331, -2.1959 -1.5006 0.4331, -4.0551 -1.5006 0.3937, -4.0551 -1.5006 0.2283, -4.0551 -1.7053 0.3937, -2.3094 -1.7053 0.3937, -2.2919 -1.7007 0.3937, -2.2943 -1.7023 0.3937, -2.3003 -1.7044 0.3937, -4.0554 -1.7094 0.394, -2.3094 -1.7123 0.3945, -4.0562 -1.7135 0.3948, -2.3094 -1.7134 0.3949, -4.0575 -1.7174 0.3961, -4.0593 -1.7211 0.3979, -2.3094 -1.719 0.3968, -2.3094 -1.721 0.3981, -4.0616 -1.7245 0.4002, -4.0643 -1.7276 0.4029, -2.3094 -1.7249 0.4006, -2.3094 -1.7274 0.4031, -4.0708 -1.7326 0.4094, -2.3094 -1.7299 0.4056, -2.3094 -1.7324 0.4095, -4.0784 -1.7357 0.417, -2.3094 -1.7337 0.4115, -2.3094 -1.7356 0.4171, -4.0866 -1.7368 0.4252, -2.3094 -1.736 0.4182, -2.3094 -1.7368 0.4252, -1.5256 -0.8313 0.4331, -1.624 -0.8313 0.4331, -1.5256 -0.8313 0.748, -1.624 -0.8313 0.748, -1.3287 -0.8313 0.4331, -1.4271 -0.8313 0.4331, -1.3287 -0.8313 0.748, -1.4271 -0.8313 0.748, -2.313 -0.8313 0.4331, -2.4114 -0.8313 0.4331, -2.313 -0.8313 0.748, -2.4114 -0.8313 0.748, -2.1161 -0.8313 0.4331, -2.2145 -0.8313 0.4331, -2.1161 -0.8313 0.748, -2.2145 -0.8313 0.748, -1.9193 -0.8313 0.4331, -2.0177 -0.8313 0.4331, -1.9193 -0.8313 0.748, -2.0177 -0.8313 0.748, -1.1319 -0.8313 0.4331, -1.2303 -0.8313 0.4331, -1.1319 -0.8313 0.748, -1.2303 -0.8313 0.748, -0.935 -0.8313 0.4331, -1.0334 -0.8313 0.4331, -0.935 -0.8313 0.748, -1.0334 -0.8313 0.748, -0.7382 -0.8313 0.4331, -0.8366 -0.8313 0.4331, -0.7382 -0.8313 0.748, -0.8366 -0.8313 0.748, -0.5413 -0.8313 0.4331, -0.6397 -0.8313 0.4331, -0.5413 -0.8313 0.748, -0.6397 -0.8313 0.748, -1.7224 -0.8313 0.4331, -1.8208 -0.8313 0.4331, -1.7224 -0.8313 0.748, -1.8208 -0.8313 0.748, -3.4941 -0.8313 0.4331, -3.5925 -0.8313 0.4331, -3.4941 -0.8313 0.748, -3.5925 -0.8313 0.748, -3.2972 -0.8313 0.4331, -3.3956 -0.8313 0.4331, -3.2972 -0.8313 0.748, -3.3956 -0.8313 0.748, -3.1004 -0.8313 0.4331, -3.1988 -0.8313 0.4331, -3.1004 -0.8313 0.748, -3.1988 -0.8313 0.748, -2.9035 -0.8313 0.4331, -3.0019 -0.8313 0.4331, -2.9035 -0.8313 0.748, -3.0019 -0.8313 0.748, -2.7067 -0.8313 0.4331, -2.8051 -0.8313 0.4331, -2.7067 -0.8313 0.748, -2.8051 -0.8313 0.748, -2.5098 -0.8313 0.4331, -2.6082 -0.8313 0.4331, -2.5098 -0.8313 0.748, -2.6082 -0.8313 0.748, -0.3445 -0.8313 0.4331, -0.4429 -0.8313 0.4331, -0.3445 -0.8313 0.748, -0.4429 -0.8313 0.748, -0.1476 -0.8313 0.4331, -0.246 -0.8313 0.4331, -0.1476 -0.8313 0.748, -0.246 -0.8313 0.748, 0.0492 -0.8313 0.4331, -0.0492 -0.8313 0.4331, 0.0492 -0.8313 0.748, -0.0492 -0.8313 0.748, 0.2461 -0.8313 0.4331, 0.1477 -0.8313 0.4331, 0.2461 -0.8313 0.748, 0.1477 -0.8313 0.748, 0.4429 -0.8313 0.4331, 0.3445 -0.8313 0.4331, 0.4429 -0.8313 0.748, 0.3445 -0.8313 0.748, 0.6398 -0.8313 0.4331, 0.5414 -0.8313 0.4331, 0.6398 -0.8313 0.748, 0.5414 -0.8313 0.748, 0.8366 -0.8313 0.4331, 0.7382 -0.8313 0.4331, 0.8366 -0.8313 0.748, 0.7382 -0.8313 0.748, 1.0335 -0.8313 0.4331, 0.9351 -0.8313 0.4331, 1.0335 -0.8313 0.748, 0.9351 -0.8313 0.748, 1.2303 -0.8313 0.4331, 1.1319 -0.8313 0.4331, 1.2303 -0.8313 0.748, 1.1319 -0.8313 0.748, 1.4272 -0.8313 0.4331, 1.3288 -0.8313 0.4331, 1.4272 -0.8313 0.748, 1.3288 -0.8313 0.748, 1.624 -0.8313 0.4331, 1.5256 -0.8313 0.4331, 1.624 -0.8313 0.748, 1.5256 -0.8313 0.748, 1.8209 -0.8313 0.4331, 1.7225 -0.8313 0.4331, 1.8209 -0.8313 0.748, 1.7225 -0.8313 0.748, 2.0177 -0.8313 0.4331, 1.9193 -0.8313 0.4331, 2.0177 -0.8313 0.748, 1.9193 -0.8313 0.748, 2.2146 -0.8313 0.4331, 2.1162 -0.8313 0.4331, 2.2146 -0.8313 0.748, 2.1162 -0.8313 0.748, 2.4114 -0.8313 0.4331, 2.313 -0.8313 0.4331, 2.4114 -0.8313 0.748, 2.313 -0.8313 0.748, 2.6083 -0.8313 0.4331, 2.5099 -0.8313 0.4331, 2.6083 -0.8313 0.748, 2.5099 -0.8313 0.748, 2.8051 -0.8313 0.4331, 2.7067 -0.8313 0.4331, 2.8051 -0.8313 0.748, 2.7067 -0.8313 0.748, 3.002 -0.8313 0.4331, 2.9036 -0.8313 0.4331, 3.002 -0.8313 0.748, 2.9036 -0.8313 0.748, 3.1988 -0.8313 0.4331, 3.1004 -0.8313 0.4331, 3.1988 -0.8313 0.748, 3.1004 -0.8313 0.748, 3.3957 -0.8313 0.4331, 3.2973 -0.8313 0.4331, 3.3957 -0.8313 0.748, 3.2973 -0.8313 0.748, 3.5925 -0.8313 0.4331, 3.4941 -0.8313 0.4331, 3.5925 -0.8313 0.748, 3.4941 -0.8313 0.748, 3.7894 -0.8313 0.4331, 3.691 -0.8313 0.4331, 3.7894 -0.8313 0.748, 3.691 -0.8313 0.748, -3.6909 -0.8313 0.4331, -3.7893 -0.8313 0.4331, -3.6909 -0.8313 0.748, -3.7893 -0.8313 0.748, 3.8878 -0.8313 0.4331, 3.8878 -1.1463 0.4331, 3.8878 -0.8313 0.748, 3.8878 -1.1463 0.748, 3.7894 -1.1463 0.4331, 3.7894 -1.1463 0.748, 3.691 -1.1463 0.4331, 3.691 -1.1463 0.748, 3.5925 -1.1463 0.4331, 3.5925 -1.1463 0.748, 3.4941 -1.1463 0.4331, 3.4941 -1.1463 0.748, 3.3957 -1.1463 0.4331, 3.3957 -1.1463 0.748, 3.2973 -1.1463 0.4331, 3.2973 -1.1463 0.748, 3.1988 -1.1463 0.4331, 3.1988 -1.1463 0.748, 3.1004 -1.1463 0.4331, 3.1004 -1.1463 0.748, 3.002 -1.1463 0.4331, 3.002 -1.1463 0.748, 2.9036 -1.1463 0.4331, 2.9036 -1.1463 0.748, 2.8051 -1.1463 0.4331, 2.8051 -1.1463 0.748, 2.7067 -1.1463 0.4331, 2.7067 -1.1463 0.748, 2.6083 -1.1463 0.4331, 2.6083 -1.1463 0.748, 2.5099 -1.1463 0.4331, 2.5099 -1.1463 0.748, 2.4114 -1.1463 0.4331, 2.4114 -1.1463 0.748, 2.313 -1.1463 0.4331, 2.313 -1.1463 0.748, 2.2146 -1.1463 0.4331, 2.2146 -1.1463 0.748, 2.1162 -1.1463 0.4331, 2.1162 -1.1463 0.748, 2.0177 -1.1463 0.4331, 2.0177 -1.1463 0.748, 1.9193 -1.1463 0.4331, 1.9193 -1.1463 0.748, 1.8209 -1.1463 0.4331, 1.8209 -1.1463 0.748, 1.7225 -1.1463 0.4331, 1.7225 -1.1463 0.748, 1.624 -1.1463 0.4331, 1.624 -1.1463 0.748, 1.5256 -1.1463 0.4331, 1.5256 -1.1463 0.748, 1.4272 -1.1463 0.4331, 1.4272 -1.1463 0.748, 1.3288 -1.1463 0.4331, 1.3288 -1.1463 0.748, 1.2303 -1.1463 0.4331, 1.2303 -1.1463 0.748, 1.1319 -1.1463 0.4331, 1.1319 -1.1463 0.748, 1.0335 -1.1463 0.4331, 1.0335 -1.1463 0.748, 0.9351 -1.1463 0.4331, 0.9351 -1.1463 0.748, 0.8366 -1.1463 0.4331, 0.8366 -1.1463 0.748, 0.7382 -1.1463 0.4331, 0.7382 -1.1463 0.748, 0.6398 -1.1463 0.4331, 0.6398 -1.1463 0.748, 0.5414 -1.1463 0.4331, 0.5414 -1.1463 0.748, 0.4429 -1.1463 0.4331, 0.4429 -1.1463 0.748, 0.3445 -1.1463 0.4331, 0.3445 -1.1463 0.748, 0.2461 -1.1463 0.4331, 0.2461 -1.1463 0.748, 0.1477 -1.1463 0.4331, 0.1477 -1.1463 0.748, 0.0492 -1.1463 0.4331, 0.0492 -1.1463 0.748, -0.0492 -1.1463 0.4331, -0.0492 -1.1463 0.748, -0.1476 -1.1463 0.4331, -0.1476 -1.1463 0.748, -0.246 -1.1463 0.4331, -0.246 -1.1463 0.748, -0.3445 -1.1463 0.4331, -0.3445 -1.1463 0.748, -0.4429 -1.1463 0.4331, -0.4429 -1.1463 0.748, -0.5413 -1.1463 0.4331, -0.5413 -1.1463 0.748, -2.6082 -1.1463 0.4331, -2.6082 -1.1463 0.748, -2.7067 -1.1463 0.4331, -2.7067 -1.1463 0.748, -2.8051 -1.1463 0.4331, -2.8051 -1.1463 0.748, -2.9035 -1.1463 0.4331, -2.9035 -1.1463 0.748, -3.0019 -1.1463 0.4331, -3.0019 -1.1463 0.748, -3.1004 -1.1463 0.4331, -3.1004 -1.1463 0.748, -3.1988 -1.1463 0.4331, -3.1988 -1.1463 0.748, -3.2972 -1.1463 0.4331, -3.2972 -1.1463 0.748, -3.3956 -1.1463 0.4331, -3.3956 -1.1463 0.748, -3.4941 -1.1463 0.4331, -3.4941 -1.1463 0.748, -3.5925 -1.1463 0.4331, -3.5925 -1.1463 0.748, -3.6909 -1.1463 0.4331, -3.6909 -1.1463 0.748, -1.8208 -1.1463 0.4331, -1.8208 -1.1463 0.748, -1.9193 -1.1463 0.4331, -1.9193 -1.1463 0.748, -0.6397 -1.1463 0.4331, -0.6397 -1.1463 0.748, -0.7382 -1.1463 0.4331, -0.7382 -1.1463 0.748, -0.8366 -1.1463 0.4331, -0.8366 -1.1463 0.748, -0.935 -1.1463 0.4331, -0.935 -1.1463 0.748, -1.0334 -1.1463 0.4331, -1.0334 -1.1463 0.748, -1.1319 -1.1463 0.4331, -1.1319 -1.1463 0.748, -1.2303 -1.1463 0.4331, -1.2303 -1.1463 0.748, -1.3287 -1.1463 0.4331, -1.3287 -1.1463 0.748, -2.0177 -1.1463 0.4331, -2.0177 -1.1463 0.748, -2.1161 -1.1463 0.4331, -2.1161 -1.1463 0.748, -2.2145 -1.1463 0.4331, -2.2145 -1.1463 0.748, -2.313 -1.1463 0.4331, -2.313 -1.1463 0.748, -2.4114 -1.1463 0.4331, -2.4114 -1.1463 0.748, -2.5098 -1.1463 0.4331, -2.5098 -1.1463 0.748, -1.4271 -1.1463 0.4331, -1.4271 -1.1463 0.748, -1.5256 -1.1463 0.4331, -1.5256 -1.1463 0.748, -1.624 -1.1463 0.4331, -1.624 -1.1463 0.748, -1.7224 -1.1463 0.4331, -1.7224 -1.1463 0.748, -3.8878 -1.1463 0.4331, -3.8878 -0.8313 0.4331, -3.8878 -1.1463 0.748, -3.8878 -0.8313 0.748, -3.7893 -1.1463 0.4331, -3.7893 -1.1463 0.748, -4.0354 -0.8313 0.7874, -3.9616 -0.8313 0.7874, -3.9616 -0.8313 0.748, -4.0354 -0.8313 0.4331, 3.9961 -0.8313 0.7874, 4.0355 -0.8313 0.7874, 3.9961 -0.8313 0.748, 4.0355 -0.8313 0.4331, 4.6142 -1.7053 0.7874, 4.6142 -1.5006 0.7874, 4.3898 -1.5006 0.7874, 3.9961 -1.3037 0.7874, -4.6141 -1.7053 0.7874, 4.3898 -0.6738 0.7874, 4.0355 -0.6738 0.7874, -3.9616 -1.3037 0.7874, -4.0354 -0.6738 0.7874, -4.3897 -0.6738 0.7874, 4.0355 -0.6738 0.4331, 4.3898 -0.6738 0.4331, -4.0354 -0.6738 0.4331, -4.3897 -0.6738 0.4331, -2.1959 -1.3431 0.4331, 2.196 -1.3431 0.4331, 4.3898 -1.5006 0.4331, 2.196 -1.5006 0.4331, 4.6457 -1.7053 0.7559, 4.6457 -1.7053 0.2283, 4.6457 -1.5321 0.7559, 4.6457 -1.5321 0.2283, 4.6142 -1.5006 0.2283, 4.0551 -1.5006 0.2283, 4.0551 -1.5006 0.3937, 2.2919 -1.5006 0.3937, 2.2758 -1.5006 0.3972, 2.2837 -1.5006 0.3946, -4.0866 -1.5321 0.1969, -4.0866 -1.7053 0.1969, -4.6141 -1.5321 0.1969, -4.6141 -1.7053 0.1969, 4.0866 -1.7368 0.2283, 4.6142 -1.7368 0.2283, 4.0866 -1.7368 0.4252, 4.6142 -1.7368 0.7559, -4.6141 -1.7368 0.2283, -4.0866 -1.7368 0.2283, -4.6141 -1.7368 0.7559, 2.3094 -1.7368 0.4252, 1.8982 -1.7368 0.6102, -1.8982 -1.7368 0.6102, 4.6142 -1.7053 0.1969, 4.0866 -1.7053 0.1969, 4.6142 -1.5321 0.1969, 4.0866 -1.5321 0.1969, -4.6456 -1.5321 0.2283, -4.6456 -1.7053 0.2283, -4.6456 -1.5321 0.7559, -4.6456 -1.7053 0.7559, -4.0551 -1.7053 0.2283, 4.0551 -1.7053 0.3937, 2.3094 -1.7053 0.3937, 2.299 -1.704 0.3937, 2.2938 -1.702 0.3937, 2.2919 -1.7007 0.3937, 4.0551 -1.7053 0.2283, 3.9961 -1.3037 0.748, -3.9616 -1.3037 0.748, -4.0784 -1.7357 0.2283, -4.0708 -1.7326 0.2283, -4.0643 -1.7276 0.2283, -4.0593 -1.7211 0.2283, -4.0562 -1.7135 0.2283, -4.0554 -1.5009 0.2242, -4.0562 -1.7053 0.2202, -4.0593 -1.7053 0.2126, -4.0575 -1.503 0.2163, -4.0562 -1.5017 0.2202, -4.0643 -1.5098 0.2061, -4.0616 -1.5071 0.2092, -4.0593 -1.5048 0.2126, -4.0643 -1.7053 0.2061, -4.0708 -1.7053 0.2011, -4.0708 -1.5163 0.2011, -4.0784 -1.7053 0.1979, -4.0784 -1.5239 0.1979, 4.0644 -1.7276 0.4029, 4.0672 -1.7297 0.4057, 2.3094 -1.7299 0.4056, 2.3094 -1.736 0.4182, 4.0797 -1.7359 0.4182, 2.3094 -1.7337 0.4115, 4.0709 -1.7326 0.4094, 4.0731 -1.7335 0.4116, 4.0785 -1.7357 0.417, 4.062 -1.7249 0.4006, 2.3094 -1.7249 0.4006, 4.0595 -1.721 0.3981, 2.3094 -1.719 0.3968, 4.0583 -1.719 0.3968, 2.3094 -1.7123 0.3945, 4.0553 -1.7088 0.3939, 4.0559 -1.7123 0.3945, 4.0562 -1.7135 0.3948, -4.0572 -1.7132 0.2202, -4.0602 -1.7205 0.2202, -4.0602 -1.7124 0.2126, -4.063 -1.7189 0.2126, -4.0651 -1.7111 0.2061, -4.0673 -1.7164 0.2061, -4.0714 -1.7094 0.2011, -4.0729 -1.7132 0.2011, -4.0787 -1.7074 0.1979, -4.0795 -1.7094 0.1979, -4.0651 -1.7268 0.2202, -4.0673 -1.7246 0.2126, -4.0708 -1.7211 0.2061, -4.0754 -1.7164 0.2011, -4.0808 -1.7111 0.1979, -4.0714 -1.7317 0.2202, -4.0787 -1.7347 0.2202, -4.0729 -1.7289 0.2126, -4.0795 -1.7317 0.2126, -4.0754 -1.7246 0.2061, -4.0808 -1.7268 0.2061, -4.0787 -1.7189 0.2011, -4.0825 -1.7205 0.2011, -4.0825 -1.7124 0.1979, -4.0845 -1.7132 0.1979, -4.0866 -1.7357 0.2202, -4.0866 -1.7326 0.2126, -4.0866 -1.7276 0.2061, -4.0866 -1.7211 0.2011, -4.0866 -1.7135 0.1979, -4.6141 -1.5239 0.1979, -4.6141 -1.5163 0.2011, -4.6141 -1.5098 0.2061, -4.6141 -1.5048 0.2126, -4.6141 -1.5017 0.2202, 4.0562 -1.7135 0.2283, 4.0594 -1.7211 0.2283, 4.0644 -1.7276 0.2283, 4.0709 -1.7326 0.2283, 4.0785 -1.7357 0.2283, -4.6141 -1.7135 0.1979, -4.6141 -1.7211 0.2011, -4.6141 -1.7276 0.2061, -4.6141 -1.7326 0.2126, -4.6141 -1.7357 0.2202, -4.6223 -1.7053 0.1979, -4.6223 -1.5321 0.1979, -4.6299 -1.7053 0.2011, -4.6299 -1.5321 0.2011, -4.6364 -1.7053 0.2061, -4.6364 -1.5321 0.2061, -4.6414 -1.7053 0.2126, -4.6414 -1.5321 0.2126, -4.6446 -1.7053 0.2202, -4.6446 -1.5321 0.2202, -4.6446 -1.5239 0.2283, -4.6414 -1.5163 0.2283, -4.6435 -1.5242 0.2202, -4.6405 -1.5169 0.2202, -4.6405 -1.525 0.2126, -4.6378 -1.5184 0.2126, -4.6357 -1.5263 0.2061, -4.6334 -1.5209 0.2061, -4.6294 -1.528 0.2011, -4.6278 -1.5242 0.2011, -4.622 -1.53 0.1979, -4.6212 -1.528 0.1979, -4.6364 -1.5098 0.2283, -4.6357 -1.5106 0.2202, -4.6334 -1.5128 0.2126, -4.6299 -1.5163 0.2061, -4.6253 -1.5209 0.2011, -4.6199 -1.5263 0.1979, -4.6299 -1.5048 0.2283, -4.6223 -1.5017 0.2283, -4.6294 -1.5057 0.2202, -4.622 -1.5027 0.2202, -4.6278 -1.5085 0.2126, -4.6212 -1.5057 0.2126, -4.6253 -1.5128 0.2061, -4.6199 -1.5106 0.2061, -4.622 -1.5184 0.2011, -4.6182 -1.5169 0.2011, -4.6182 -1.525 0.1979, -4.6163 -1.5242 0.1979, 4.0788 -1.7347 0.2202, 4.0714 -1.7317 0.2202, 4.0796 -1.7317 0.2126, 4.073 -1.7289 0.2126, 4.0809 -1.7268 0.2061, 4.0755 -1.7246 0.2061, 4.0826 -1.7205 0.2011, 4.0788 -1.7189 0.2011, 4.0845 -1.7132 0.1979, 4.0826 -1.7124 0.1979, 4.0651 -1.7268 0.2202, 4.0674 -1.7246 0.2126, 4.0709 -1.7211 0.2061, 4.0755 -1.7164 0.2011, 4.0809 -1.7111 0.1979, 4.0866 -1.7357 0.2202, 4.0866 -1.7326 0.2126, 4.0866 -1.7276 0.2061, 4.0866 -1.7211 0.2011, 4.0866 -1.7135 0.1979, 4.0603 -1.7205 0.2202, 4.0573 -1.7132 0.2202, 4.063 -1.7189 0.2126, 4.0603 -1.7124 0.2126, 4.0674 -1.7164 0.2061, 4.0651 -1.7111 0.2061, 4.073 -1.7132 0.2011, 4.0714 -1.7094 0.2011, 4.0796 -1.7094 0.1979, 4.0788 -1.7074 0.1979, 4.0562 -1.7053 0.2202, 4.0594 -1.7053 0.2126, 4.0644 -1.7053 0.2061, 4.0709 -1.7053 0.2011, 4.0785 -1.7053 0.1979, -4.6223 -1.7357 0.2283, -4.6299 -1.7326 0.2283, -4.622 -1.7347 0.2202, -4.6294 -1.7317 0.2202, -4.6212 -1.7317 0.2126, -4.6278 -1.7289 0.2126, -4.6199 -1.7268 0.2061, -4.6253 -1.7246 0.2061, -4.6182 -1.7205 0.2011, -4.622 -1.7189 0.2011, -4.6163 -1.7132 0.1979, -4.6182 -1.7124 0.1979, -4.6364 -1.7276 0.2283, -4.6357 -1.7268 0.2202, -4.6334 -1.7246 0.2126, -4.6299 -1.7211 0.2061, -4.6253 -1.7164 0.2011, -4.6199 -1.7111 0.1979, -4.6414 -1.7211 0.2283, -4.6446 -1.7135 0.2283, -4.6405 -1.7205 0.2202, -4.6435 -1.7132 0.2202, -4.6378 -1.7189 0.2126, -4.6405 -1.7124 0.2126, -4.6334 -1.7164 0.2061, -4.6357 -1.7111 0.2061, -4.6278 -1.7132 0.2011, -4.6294 -1.7094 0.2011, -4.6212 -1.7094 0.1979, -4.622 -1.7074 0.1979, -4.6183 -1.5009 0.7871, -4.6262 -1.503 0.785, -4.6223 -1.5017 0.7863, -4.6364 -1.5098 0.7782, -4.6333 -1.5071 0.7809, -4.6299 -1.5048 0.7832, -4.6414 -1.5163 0.7717, -4.6446 -1.5239 0.7641, 4.0785 -1.5239 0.1979, 4.0709 -1.5163 0.2011, 4.0644 -1.5098 0.2061, 4.0617 -1.5071 0.2092, 4.0594 -1.5048 0.2126, 4.0575 -1.503 0.2163, 4.0562 -1.5017 0.2202, 4.0554 -1.5009 0.2242, 4.6142 -1.7135 0.1979, 4.6142 -1.7211 0.2011, 4.6142 -1.7276 0.2061, 4.6142 -1.7326 0.2126, 4.6142 -1.7357 0.2202, -4.6223 -1.7357 0.7559, -4.6299 -1.7326 0.7559, -4.6364 -1.7276 0.7559, -4.6414 -1.7211 0.7559, -4.6446 -1.7135 0.7559, -4.6446 -1.7053 0.7641, -4.6414 -1.7053 0.7717, -4.6364 -1.7053 0.7782, -4.6299 -1.7053 0.7832, -4.6223 -1.7053 0.7863, 4.6142 -1.5017 0.2202, 4.6142 -1.5048 0.2126, 4.6142 -1.5098 0.2061, 4.6142 -1.5163 0.2011, 4.6142 -1.5239 0.1979, 4.6224 -1.5321 0.1979, 4.6224 -1.7053 0.1979, 4.63 -1.5321 0.2011, 4.63 -1.7053 0.2011, 4.6365 -1.5321 0.2061, 4.6365 -1.7053 0.2061, 4.6415 -1.5321 0.2126, 4.6415 -1.7053 0.2126, 4.6446 -1.5321 0.2202, 4.6446 -1.7053 0.2202, 4.6446 -1.7135 0.2283, 4.6415 -1.7211 0.2283, 4.6436 -1.7132 0.2202, 4.6406 -1.7205 0.2202, 4.6406 -1.7124 0.2126, 4.6378 -1.7189 0.2126, 4.6357 -1.7111 0.2061, 4.6335 -1.7164 0.2061, 4.6294 -1.7094 0.2011, 4.6278 -1.7132 0.2011, 4.6221 -1.7074 0.1979, 4.6213 -1.7094 0.1979, 4.6365 -1.7276 0.2283, 4.6357 -1.7268 0.2202, 4.6335 -1.7246 0.2126, 4.63 -1.7211 0.2061, 4.6253 -1.7164 0.2011, 4.62 -1.7111 0.1979, 4.63 -1.7326 0.2283, 4.6224 -1.7357 0.2283, 4.6294 -1.7317 0.2202, 4.6221 -1.7347 0.2202, 4.6278 -1.7289 0.2126, 4.6213 -1.7317 0.2126, 4.6253 -1.7246 0.2061, 4.62 -1.7268 0.2061, 4.6221 -1.7189 0.2011, 4.6183 -1.7205 0.2011, 4.6183 -1.7124 0.1979, 4.6163 -1.7132 0.1979, -4.6141 -1.7357 0.7641, -4.622 -1.7347 0.7641, -4.622 -1.7189 0.7832, -4.6182 -1.7124 0.7863, -4.6199 -1.7111 0.7863, -4.622 -1.7074 0.7863, -4.6163 -1.7132 0.7863, -4.6182 -1.7205 0.7832, -4.6199 -1.7268 0.7782, -4.6141 -1.7135 0.7863, -4.6253 -1.7164 0.7832, -4.6212 -1.7094 0.7863, -4.6278 -1.7132 0.7832, -4.6294 -1.7094 0.7832, -4.6141 -1.7211 0.7832, -4.6141 -1.7276 0.7782, -4.6141 -1.7326 0.7717, -4.6253 -1.7246 0.7782, -4.6299 -1.7211 0.7782, -4.6334 -1.7164 0.7782, -4.6357 -1.7111 0.7782, -4.6212 -1.7317 0.7717, -4.6278 -1.7289 0.7717, -4.6334 -1.7246 0.7717, -4.6378 -1.7189 0.7717, -4.6405 -1.7124 0.7717, -4.6294 -1.7317 0.7641, -4.6357 -1.7268 0.7641, -4.6405 -1.7205 0.7641, -4.6435 -1.7132 0.7641, 4.6224 -1.5017 0.2283, 4.63 -1.5048 0.2283, 4.6221 -1.5027 0.2202, 4.6294 -1.5057 0.2202, 4.6213 -1.5057 0.2126, 4.6278 -1.5085 0.2126, 4.62 -1.5106 0.2061, 4.6253 -1.5128 0.2061, 4.6183 -1.5169 0.2011, 4.6221 -1.5184 0.2011, 4.6163 -1.5242 0.1979, 4.6183 -1.525 0.1979, 4.6365 -1.5098 0.2283, 4.6357 -1.5106 0.2202, 4.6335 -1.5128 0.2126, 4.63 -1.5163 0.2061, 4.6253 -1.5209 0.2011, 4.62 -1.5263 0.1979, 4.6415 -1.5163 0.2283, 4.6446 -1.5239 0.2283, 4.6406 -1.5169 0.2202, 4.6436 -1.5242 0.2202, 4.6378 -1.5184 0.2126, 4.6406 -1.525 0.2126, 4.6335 -1.5209 0.2061, 4.6357 -1.5263 0.2061, 4.6278 -1.5242 0.2011, 4.6294 -1.528 0.2011, 4.6213 -1.528 0.1979, 4.6221 -1.53 0.1979, 4.6224 -1.7357 0.7559, 4.63 -1.7326 0.7559, 4.6365 -1.7276 0.7559, 4.6415 -1.7211 0.7559, 4.6446 -1.7135 0.7559, 4.6142 -1.7357 0.7641, 4.6142 -1.7326 0.7717, 4.6142 -1.7276 0.7782, 4.6142 -1.7211 0.7832, 4.6142 -1.7135 0.7863, 4.6446 -1.5239 0.7641, 4.6415 -1.5163 0.7717, 4.6365 -1.5098 0.7782, 4.6334 -1.5071 0.7809, 4.63 -1.5048 0.7832, 4.6263 -1.503 0.785, 4.6224 -1.5017 0.7863, 4.6183 -1.5009 0.7871, 4.6446 -1.7053 0.7641, 4.6436 -1.7132 0.7641, 4.6278 -1.7132 0.7832, 4.6213 -1.7094 0.7863, 4.62 -1.7111 0.7863, 4.6163 -1.7132 0.7863, 4.6221 -1.7074 0.7863, 4.6294 -1.7094 0.7832, 4.6357 -1.7111 0.7782, 4.6224 -1.7053 0.7863, 4.6253 -1.7164 0.7832, 4.6183 -1.7124 0.7863, 4.6221 -1.7189 0.7832, 4.6183 -1.7205 0.7832, 4.63 -1.7053 0.7832, 4.6365 -1.7053 0.7782, 4.6415 -1.7053 0.7717, 4.6335 -1.7164 0.7782, 4.63 -1.7211 0.7782, 4.6253 -1.7246 0.7782, 4.62 -1.7268 0.7782, 4.6406 -1.7124 0.7717, 4.6378 -1.7189 0.7717, 4.6335 -1.7246 0.7717, 4.6278 -1.7289 0.7717, 4.6213 -1.7317 0.7717, 4.6406 -1.7205 0.7641, 4.6357 -1.7268 0.7641, 4.6294 -1.7317 0.7641, 4.6221 -1.7347 0.7641, -1.8897 -1.3431 0.5709, -1.8897 -1.6974 0.5709, -2.2757 -1.6974 0.3972, 1.8898 -1.6974 0.5709, 1.8898 -1.3431 0.5709, 2.2758 -1.6974 0.3972, -2.2895 -1.7002 0.3938, -2.2838 -1.6991 0.3952, -2.2825 -1.7078 0.396, -2.2859 -1.7041 0.3944, -2.2817 -1.7119 0.3978, -2.2838 -1.7096 0.3961, -2.2877 -1.7052 0.3943, -2.2901 -1.7026 0.394, -2.2801 -1.7136 0.399, -2.2793 -1.7114 0.3984, -2.278 -1.7061 0.3979, -2.2993 -1.7093 0.3941, -2.2982 -1.7141 0.3953, -2.2972 -1.7187 0.3973, -2.2963 -1.7228 0.4, -2.2955 -1.7266 0.4034, -2.2948 -1.7297 0.4073, -2.2943 -1.7322 0.4117, -2.2955 -1.7325 0.4128, -2.3025 -1.7347 0.419, -2.2896 -1.7114 0.3954, -2.2881 -1.7143 0.3967, -2.2867 -1.717 0.3984, -2.2854 -1.7196 0.4004, -2.2805 -1.7145 0.3994, -2.2842 -1.7219 0.4027, -2.2843 -1.722 0.4028, -2.2898 -1.7276 0.4077, -2.2927 -1.7054 0.3939, -2.2912 -1.7085 0.3945, -1.8899 -1.7062 0.5719, -1.89 -1.7076 0.5723, -1.8906 -1.7145 0.5748, -1.8909 -1.717 0.5763, -1.8916 -1.722 0.5795, -1.8922 -1.7253 0.5824, -1.893 -1.728 0.5859, -1.894 -1.7315 0.5906, -1.8945 -1.7326 0.5933, -1.896 -1.7355 0.6, -1.8963 -1.7357 0.6015, 1.8961 -1.7355 0.6, 1.894 -1.7315 0.5906, 1.8923 -1.7253 0.5824, 1.8909 -1.7171 0.5761, 1.8915 -1.7214 0.579, 1.8901 -1.7076 0.5722, 1.8904 -1.7125 0.5739, 1.8899 -1.7026 0.5712, 2.2802 -1.7136 0.399, 2.2818 -1.717 0.4004, 2.2784 -1.7075 0.3981, 2.2763 -1.7 0.397, 2.2919 -1.7304 0.4095, 2.2871 -1.7248 0.4052, 2.2833 -1.7202 0.4018, 2.2935 -1.731 0.411, 2.3015 -1.7339 0.4181, 2.2845 -1.718 0.3997, 2.2817 -1.7119 0.3976, 2.2902 -1.7026 0.3938, 2.2922 -1.7048 0.3939, 2.2884 -1.7046 0.3941, 2.2905 -1.7077 0.3944, 2.2878 -1.7052 0.3943, 2.2889 -1.7104 0.3952, 2.2859 -1.7156 0.3979, 2.2838 -1.7096 0.3961, 2.2874 -1.7131 0.3964, 2.2849 -1.7083 0.3955, 2.2866 -1.7065 0.3947, 2.2833 -1.7102 0.3964, 2.2977 -1.7086 0.3941, 2.2965 -1.713 0.3951, 2.2954 -1.7172 0.3968, 2.2944 -1.7212 0.3992, 2.2934 -1.7247 0.4021, 2.2926 -1.7278 0.4056, 2.2838 -1.6991 0.3952, 2.2782 -1.6979 0.3962, 2.2775 -1.6986 0.3964, 2.2769 -1.6993 0.3967
            ]
        }
        coordIndex [
            0,1,2,-1,3,4,5,-1,5,4,6,-1,0,2,7,-1,7,2,8,-1,7,8,6,-1,6,8,9,-1,6,9,5,-1,10,8,11,-1,11,8,2,-1,12,13,2,-1,2,13,14,-1,2,14,11,-1,10,11,15,-1,15,11,16,-1,15,16,17,-1,17,16,18,-1,17,18,19,-1,19,18,20,-1,18,21,20,-1,20,21,22,-1,20,22,23,-1,23,22,24,-1,22,25,24,-1,24,25,26,-1,24,26,27,-1,26,28,27,-1,27,28,29,-1,27,29,30,-1,29,31,30,-1,30,31,32,-1,30,32,33,-1,33,32,34,-1,33,34,35,-1,36,37,38,-1,38,37,39,-1,40,41,42,-1,42,41,43,-1,44,45,46,-1,46,45,47,-1,48,49,50,-1,50,49,51,-1,52,53,54,-1,54,53,55,-1,56,57,58,-1,58,57,59,-1,60,61,62,-1,62,61,63,-1,64,65,66,-1,66,65,67,-1,68,69,70,-1,70,69,71,-1,72,73,74,-1,74,73,75,-1,76,77,78,-1,78,77,79,-1,80,81,82,-1,82,81,83,-1,84,85,86,-1,86,85,87,-1,88,89,90,-1,90,89,91,-1,92,93,94,-1,94,93,95,-1,96,97,98,-1,98,97,99,-1,100,101,102,-1,102,101,103,-1,104,105,106,-1,106,105,107,-1,108,109,110,-1,110,109,111,-1,112,113,114,-1,114,113,115,-1,116,117,118,-1,118,117,119,-1,120,121,122,-1,122,121,123,-1,124,125,126,-1,126,125,127,-1,128,129,130,-1,130,129,131,-1,132,133,134,-1,134,133,135,-1,136,137,138,-1,138,137,139,-1,140,141,142,-1,142,141,143,-1,144,145,146,-1,146,145,147,-1,148,149,150,-1,150,149,151,-1,152,153,154,-1,154,153,155,-1,156,157,158,-1,158,157,159,-1,160,161,162,-1,162,161,163,-1,164,165,166,-1,166,165,167,-1,168,169,170,-1,170,169,171,-1,172,173,174,-1,174,173,175,-1,176,177,178,-1,178,177,179,-1,180,181,182,-1,182,181,183,-1,184,185,186,-1,186,185,187,-1,188,189,190,-1,190,189,191,-1,192,193,194,-1,194,193,195,-1,193,196,195,-1,195,196,197,-1,196,184,197,-1,197,184,186,-1,185,198,187,-1,187,198,199,-1,198,200,199,-1,199,200,201,-1,200,180,201,-1,201,180,182,-1,181,202,183,-1,183,202,203,-1,202,204,203,-1,203,204,205,-1,204,176,205,-1,205,176,178,-1,177,206,179,-1,179,206,207,-1,206,208,207,-1,207,208,209,-1,208,172,209,-1,209,172,174,-1,173,210,175,-1,175,210,211,-1,210,212,211,-1,211,212,213,-1,212,168,213,-1,213,168,170,-1,169,214,171,-1,171,214,215,-1,214,216,215,-1,215,216,217,-1,216,164,217,-1,217,164,166,-1,165,218,167,-1,167,218,219,-1,218,220,219,-1,219,220,221,-1,220,160,221,-1,221,160,162,-1,161,222,163,-1,163,222,223,-1,222,224,223,-1,223,224,225,-1,224,156,225,-1,225,156,158,-1,157,226,159,-1,159,226,227,-1,226,228,227,-1,227,228,229,-1,228,152,229,-1,229,152,154,-1,153,230,155,-1,155,230,231,-1,230,232,231,-1,231,232,233,-1,232,148,233,-1,233,148,150,-1,149,234,151,-1,151,234,235,-1,234,236,235,-1,235,236,237,-1,236,144,237,-1,237,144,146,-1,145,238,147,-1,147,238,239,-1,238,240,239,-1,239,240,241,-1,240,140,241,-1,241,140,142,-1,141,242,143,-1,143,242,243,-1,242,244,243,-1,243,244,245,-1,244,136,245,-1,245,136,138,-1,137,246,139,-1,139,246,247,-1,246,248,247,-1,247,248,249,-1,248,132,249,-1,249,132,134,-1,133,250,135,-1,135,250,251,-1,250,252,251,-1,251,252,253,-1,252,128,253,-1,253,128,130,-1,129,254,131,-1,131,254,255,-1,254,256,255,-1,255,256,257,-1,256,124,257,-1,257,124,126,-1,125,258,127,-1,127,258,259,-1,258,260,259,-1,259,260,261,-1,260,120,261,-1,261,120,122,-1,121,262,123,-1,123,262,263,-1,262,264,263,-1,263,264,265,-1,264,116,265,-1,265,116,118,-1,117,266,119,-1,119,266,267,-1,266,268,267,-1,267,268,269,-1,268,112,269,-1,269,112,114,-1,113,270,115,-1,115,270,271,-1,270,272,271,-1,271,272,273,-1,272,108,273,-1,273,108,110,-1,109,274,111,-1,111,274,275,-1,274,276,275,-1,275,276,277,-1,276,104,277,-1,277,104,106,-1,105,278,107,-1,107,278,279,-1,278,280,279,-1,279,280,281,-1,280,100,281,-1,281,100,102,-1,101,282,103,-1,103,282,283,-1,282,284,283,-1,283,284,285,-1,284,68,285,-1,285,68,70,-1,97,286,99,-1,99,286,287,-1,286,288,287,-1,287,288,289,-1,288,92,289,-1,289,92,94,-1,93,290,95,-1,95,290,291,-1,290,292,291,-1,291,292,293,-1,292,88,293,-1,293,88,90,-1,89,294,91,-1,91,294,295,-1,294,296,295,-1,295,296,297,-1,296,84,297,-1,297,84,86,-1,85,298,87,-1,87,298,299,-1,298,300,299,-1,299,300,301,-1,300,80,301,-1,301,80,82,-1,81,302,83,-1,83,302,303,-1,302,304,303,-1,303,304,305,-1,304,76,305,-1,305,76,78,-1,77,306,79,-1,79,306,307,-1,306,308,307,-1,307,308,309,-1,308,188,309,-1,309,188,190,-1,73,310,75,-1,75,310,311,-1,310,312,311,-1,311,312,313,-1,312,52,313,-1,313,52,54,-1,69,314,71,-1,71,314,315,-1,314,316,315,-1,315,316,317,-1,316,64,317,-1,317,64,66,-1,65,318,67,-1,67,318,319,-1,318,320,319,-1,319,320,321,-1,320,60,321,-1,321,60,62,-1,61,322,63,-1,63,322,323,-1,322,324,323,-1,323,324,325,-1,324,56,325,-1,325,56,58,-1,57,326,59,-1,59,326,327,-1,326,328,327,-1,327,328,329,-1,328,40,329,-1,329,40,42,-1,53,330,55,-1,55,330,331,-1,330,332,331,-1,331,332,333,-1,332,48,333,-1,333,48,50,-1,49,334,51,-1,51,334,335,-1,334,336,335,-1,335,336,337,-1,336,44,337,-1,337,44,46,-1,45,338,47,-1,47,338,339,-1,338,340,339,-1,339,340,341,-1,340,96,341,-1,341,96,98,-1,41,342,43,-1,43,342,343,-1,342,344,343,-1,343,344,345,-1,344,36,345,-1,345,36,38,-1,37,346,39,-1,39,346,347,-1,346,348,347,-1,347,348,349,-1,348,72,349,-1,349,72,74,-1,350,351,352,-1,352,351,353,-1,189,354,191,-1,191,354,355,-1,354,350,355,-1,355,350,352,-1,356,357,358,-1,353,351,358,-1,358,351,359,-1,358,359,356,-1,360,361,362,-1,362,361,363,-1,362,363,194,-1,194,363,192,-1,364,365,366,-1,361,360,367,-1,364,366,368,-1,368,366,4,-1,368,4,3,-1,366,369,370,-1,370,361,366,-1,366,361,367,-1,366,367,4,-1,4,367,371,-1,372,373,356,-1,356,373,4,-1,356,4,357,-1,357,4,371,-1,370,369,374,-1,374,369,375,-1,372,376,373,-1,373,376,377,-1,377,376,6,-1,6,376,359,-1,6,359,351,-1,351,350,6,-1,6,350,354,-1,6,354,7,-1,306,77,76,-1,304,302,7,-1,76,304,306,-1,306,304,7,-1,306,7,308,-1,308,7,354,-1,308,354,188,-1,188,354,189,-1,298,85,84,-1,296,294,7,-1,84,296,298,-1,298,296,7,-1,298,7,300,-1,300,7,302,-1,300,302,80,-1,80,302,81,-1,290,93,92,-1,92,288,290,-1,290,288,7,-1,290,7,292,-1,292,7,294,-1,292,294,88,-1,88,294,89,-1,97,96,286,-1,286,96,340,-1,338,45,44,-1,336,334,378,-1,44,336,338,-1,338,336,378,-1,338,378,340,-1,340,378,7,-1,340,7,286,-1,286,7,288,-1,53,52,330,-1,330,52,312,-1,346,37,36,-1,344,342,379,-1,326,57,56,-1,49,48,334,-1,334,48,332,-1,334,332,378,-1,378,332,330,-1,378,330,379,-1,379,330,312,-1,379,312,310,-1,73,72,310,-1,310,72,348,-1,310,348,379,-1,379,348,346,-1,379,346,344,-1,344,346,36,-1,324,322,379,-1,318,65,64,-1,56,324,326,-1,326,324,379,-1,326,379,328,-1,328,379,342,-1,328,342,40,-1,40,342,41,-1,316,314,379,-1,61,60,322,-1,322,60,320,-1,322,320,379,-1,379,320,318,-1,379,318,316,-1,316,318,64,-1,282,101,100,-1,280,278,379,-1,100,280,282,-1,282,280,379,-1,282,379,284,-1,284,379,314,-1,284,314,68,-1,68,314,69,-1,274,109,108,-1,272,270,379,-1,108,272,274,-1,274,272,379,-1,274,379,276,-1,276,379,278,-1,276,278,104,-1,104,278,105,-1,266,117,116,-1,264,262,379,-1,116,264,266,-1,266,264,379,-1,266,379,268,-1,268,379,270,-1,268,270,112,-1,112,270,113,-1,258,125,124,-1,256,254,379,-1,124,256,258,-1,258,256,379,-1,258,379,260,-1,260,379,262,-1,260,262,120,-1,120,262,121,-1,250,133,132,-1,248,246,379,-1,132,248,250,-1,250,248,379,-1,250,379,252,-1,252,379,254,-1,252,254,128,-1,128,254,129,-1,242,141,140,-1,240,238,379,-1,140,240,242,-1,242,240,379,-1,242,379,244,-1,244,379,246,-1,244,246,136,-1,136,246,137,-1,234,149,148,-1,232,230,379,-1,148,232,234,-1,234,232,379,-1,234,379,236,-1,236,379,238,-1,236,238,144,-1,144,238,145,-1,152,228,153,-1,153,228,230,-1,380,381,379,-1,230,228,379,-1,379,228,226,-1,379,226,380,-1,222,161,160,-1,220,218,380,-1,160,220,222,-1,222,220,380,-1,222,380,224,-1,224,380,226,-1,224,226,156,-1,156,226,157,-1,214,169,168,-1,212,210,380,-1,168,212,214,-1,214,212,380,-1,214,380,216,-1,216,380,218,-1,216,218,164,-1,164,218,165,-1,206,177,176,-1,204,202,380,-1,176,204,206,-1,206,204,380,-1,206,380,208,-1,208,380,210,-1,208,210,172,-1,172,210,173,-1,198,185,184,-1,196,193,380,-1,184,196,198,-1,198,196,380,-1,198,380,200,-1,200,380,202,-1,200,202,180,-1,180,202,181,-1,374,375,363,-1,363,375,380,-1,363,380,192,-1,192,380,193,-1,382,383,384,-1,384,383,385,-1,366,365,380,-1,380,365,386,-1,386,387,380,-1,380,387,388,-1,380,388,381,-1,381,388,389,-1,381,389,390,-1,390,389,391,-1,392,393,394,-1,394,393,395,-1,396,397,398,-1,398,397,399,-1,400,401,402,-1,402,401,33,-1,403,398,404,-1,404,398,399,-1,404,399,405,-1,405,399,402,-1,405,402,35,-1,35,402,33,-1,406,407,408,-1,408,407,409,-1,410,411,412,-1,412,411,413,-1,9,8,414,-1,414,8,10,-1,388,415,389,-1,389,415,416,-1,416,417,389,-1,389,417,418,-1,389,418,419,-1,420,415,387,-1,387,415,388,-1,366,380,369,-1,369,380,375,-1,4,373,6,-1,6,373,377,-1,370,374,361,-1,361,374,363,-1,372,356,376,-1,376,356,359,-1,362,194,421,-1,421,194,195,-1,421,195,197,-1,186,187,197,-1,197,187,199,-1,197,199,421,-1,421,199,201,-1,182,183,201,-1,201,183,203,-1,201,203,421,-1,421,203,205,-1,178,179,205,-1,205,179,207,-1,205,207,421,-1,421,207,209,-1,237,146,147,-1,170,171,213,-1,213,171,215,-1,261,122,123,-1,239,241,422,-1,245,422,243,-1,243,422,241,-1,243,241,143,-1,143,241,142,-1,279,281,422,-1,174,175,209,-1,209,175,211,-1,209,211,421,-1,421,211,213,-1,421,213,422,-1,422,213,215,-1,422,215,217,-1,285,70,71,-1,273,110,111,-1,166,167,217,-1,217,167,219,-1,217,219,422,-1,422,219,221,-1,277,106,107,-1,162,163,221,-1,221,163,223,-1,221,223,422,-1,422,223,225,-1,315,317,422,-1,325,58,59,-1,158,159,225,-1,225,159,227,-1,225,227,422,-1,422,227,229,-1,102,103,281,-1,281,103,283,-1,281,283,422,-1,422,283,285,-1,422,285,315,-1,315,285,71,-1,107,279,277,-1,277,279,422,-1,277,422,275,-1,327,329,422,-1,154,155,229,-1,229,155,231,-1,229,231,422,-1,422,231,233,-1,138,139,245,-1,245,139,247,-1,245,247,422,-1,422,247,249,-1,422,263,265,-1,66,67,317,-1,317,67,319,-1,317,319,422,-1,422,319,321,-1,150,151,233,-1,233,151,235,-1,233,235,422,-1,422,235,237,-1,422,237,239,-1,239,237,147,-1,134,135,249,-1,249,135,251,-1,249,251,422,-1,422,251,253,-1,118,119,265,-1,265,119,267,-1,265,267,422,-1,422,267,269,-1,59,327,325,-1,325,327,422,-1,325,422,323,-1,323,422,321,-1,323,321,63,-1,63,321,62,-1,130,131,253,-1,253,131,255,-1,253,255,422,-1,422,255,257,-1,114,115,269,-1,269,115,271,-1,269,271,422,-1,422,271,273,-1,422,273,275,-1,275,273,111,-1,42,43,329,-1,329,43,343,-1,329,343,422,-1,422,343,345,-1,313,54,55,-1,38,39,345,-1,345,39,347,-1,345,347,422,-1,422,347,349,-1,331,333,422,-1,126,127,257,-1,257,127,259,-1,257,259,422,-1,422,259,261,-1,422,261,263,-1,263,261,123,-1,55,331,313,-1,313,331,422,-1,313,422,311,-1,311,422,349,-1,311,349,75,-1,75,349,74,-1,337,46,47,-1,339,341,422,-1,47,339,337,-1,337,339,422,-1,337,422,335,-1,335,422,333,-1,335,333,51,-1,51,333,50,-1,289,94,95,-1,291,293,422,-1,95,291,289,-1,289,291,422,-1,289,422,287,-1,287,422,341,-1,287,341,99,-1,99,341,98,-1,297,86,87,-1,299,301,422,-1,87,299,297,-1,297,299,422,-1,297,422,295,-1,295,422,293,-1,295,293,91,-1,91,293,90,-1,305,78,79,-1,307,309,422,-1,79,307,305,-1,305,307,422,-1,305,422,303,-1,303,422,301,-1,303,301,83,-1,83,301,82,-1,353,358,352,-1,352,358,422,-1,352,422,355,-1,355,422,309,-1,355,309,191,-1,191,309,190,-1,422,358,371,-1,371,358,357,-1,362,421,360,-1,360,421,367,-1,421,422,367,-1,367,422,371,-1,33,401,423,-1,33,423,30,-1,30,423,424,-1,30,424,27,-1,27,424,425,-1,27,425,24,-1,426,20,425,-1,425,20,23,-1,425,23,24,-1,427,414,10,-1,10,15,427,-1,427,15,17,-1,427,17,426,-1,426,17,19,-1,426,19,20,-1,9,414,428,-1,428,414,429,-1,430,431,429,-1,429,431,432,-1,429,432,428,-1,433,434,430,-1,430,434,435,-1,430,435,431,-1,430,436,433,-1,433,436,437,-1,433,437,438,-1,438,437,439,-1,438,439,440,-1,440,439,393,-1,440,393,392,-1,441,442,443,-1,403,444,398,-1,398,444,445,-1,443,442,446,-1,442,447,446,-1,446,447,448,-1,446,448,444,-1,444,448,449,-1,444,449,445,-1,441,443,450,-1,450,443,451,-1,450,451,452,-1,452,451,453,-1,452,453,454,-1,455,416,415,-1,415,456,455,-1,455,456,457,-1,455,457,453,-1,453,457,458,-1,453,458,454,-1,427,426,459,-1,459,426,460,-1,459,460,461,-1,461,460,462,-1,461,462,463,-1,463,462,464,-1,463,464,465,-1,465,464,466,-1,465,466,467,-1,467,466,468,-1,467,468,393,-1,426,425,460,-1,460,425,469,-1,460,469,462,-1,462,469,470,-1,462,470,464,-1,464,470,471,-1,464,471,466,-1,466,471,472,-1,466,472,468,-1,468,472,473,-1,468,473,393,-1,414,427,429,-1,429,427,459,-1,429,459,430,-1,430,459,461,-1,430,461,436,-1,436,461,463,-1,436,463,437,-1,437,463,465,-1,437,465,439,-1,439,465,467,-1,439,467,393,-1,424,423,474,-1,474,423,475,-1,474,475,476,-1,476,475,477,-1,476,477,478,-1,478,477,479,-1,478,479,480,-1,480,479,481,-1,480,481,482,-1,482,481,483,-1,482,483,393,-1,423,401,475,-1,475,401,484,-1,475,484,477,-1,477,484,485,-1,477,485,479,-1,479,485,486,-1,479,486,481,-1,481,486,487,-1,481,487,483,-1,483,487,488,-1,483,488,393,-1,425,424,469,-1,469,424,474,-1,469,474,470,-1,470,474,476,-1,470,476,471,-1,471,476,478,-1,471,478,472,-1,472,478,480,-1,472,480,473,-1,473,480,482,-1,473,482,393,-1,392,394,489,-1,392,489,440,-1,440,489,490,-1,440,490,438,-1,438,490,491,-1,438,491,433,-1,433,491,434,-1,434,491,492,-1,434,492,435,-1,435,492,431,-1,431,492,493,-1,431,493,432,-1,432,493,428,-1,428,493,5,-1,428,5,9,-1,415,420,456,-1,456,420,494,-1,456,494,457,-1,457,494,458,-1,458,494,454,-1,454,494,495,-1,454,495,452,-1,452,495,450,-1,450,495,496,-1,450,496,441,-1,441,496,442,-1,442,496,497,-1,442,497,447,-1,447,497,448,-1,448,497,498,-1,448,498,449,-1,449,498,445,-1,445,498,396,-1,445,396,398,-1,395,393,488,-1,395,488,499,-1,499,488,487,-1,499,487,500,-1,500,487,486,-1,500,486,501,-1,501,486,485,-1,501,485,502,-1,502,485,484,-1,502,484,503,-1,503,484,401,-1,503,401,400,-1,394,395,504,-1,394,504,505,-1,505,504,506,-1,505,506,507,-1,507,506,508,-1,507,508,509,-1,509,508,510,-1,509,510,511,-1,511,510,512,-1,511,512,513,-1,513,512,411,-1,513,411,410,-1,514,515,516,-1,516,515,517,-1,516,517,518,-1,518,517,519,-1,518,519,520,-1,520,519,521,-1,520,521,522,-1,522,521,523,-1,522,523,524,-1,524,523,525,-1,524,525,394,-1,515,526,517,-1,517,526,527,-1,517,527,519,-1,519,527,528,-1,519,528,521,-1,521,528,529,-1,521,529,523,-1,523,529,530,-1,523,530,525,-1,525,530,531,-1,525,531,394,-1,410,514,513,-1,513,514,516,-1,513,516,511,-1,511,516,518,-1,511,518,509,-1,509,518,520,-1,509,520,507,-1,507,520,522,-1,507,522,505,-1,505,522,524,-1,505,524,394,-1,532,533,534,-1,534,533,535,-1,534,535,536,-1,536,535,537,-1,536,537,538,-1,538,537,539,-1,538,539,540,-1,540,539,541,-1,540,541,542,-1,542,541,543,-1,542,543,394,-1,533,5,535,-1,535,5,493,-1,535,493,537,-1,537,493,492,-1,537,492,539,-1,539,492,491,-1,539,491,541,-1,541,491,490,-1,541,490,543,-1,543,490,489,-1,543,489,394,-1,526,532,527,-1,527,532,534,-1,527,534,528,-1,528,534,536,-1,528,536,529,-1,529,536,538,-1,529,538,530,-1,530,538,540,-1,530,540,531,-1,531,540,542,-1,531,542,394,-1,498,497,544,-1,544,497,545,-1,544,545,546,-1,546,545,547,-1,546,547,548,-1,548,547,549,-1,548,549,550,-1,550,549,551,-1,550,551,552,-1,552,551,553,-1,552,553,407,-1,497,496,545,-1,545,496,554,-1,545,554,547,-1,547,554,555,-1,547,555,549,-1,549,555,556,-1,549,556,551,-1,551,556,557,-1,551,557,553,-1,553,557,558,-1,553,558,407,-1,396,498,559,-1,559,498,544,-1,559,544,560,-1,560,544,546,-1,560,546,561,-1,561,546,548,-1,561,548,562,-1,562,548,550,-1,562,550,563,-1,563,550,552,-1,563,552,407,-1,495,494,564,-1,564,494,565,-1,564,565,566,-1,566,565,567,-1,566,567,568,-1,568,567,569,-1,568,569,570,-1,570,569,571,-1,570,571,572,-1,572,571,573,-1,572,573,407,-1,494,420,565,-1,565,420,574,-1,565,574,567,-1,567,574,575,-1,567,575,569,-1,569,575,576,-1,569,576,571,-1,571,576,577,-1,571,577,573,-1,573,577,578,-1,573,578,407,-1,496,495,554,-1,554,495,564,-1,554,564,555,-1,555,564,566,-1,555,566,556,-1,556,566,568,-1,556,568,557,-1,557,568,570,-1,557,570,558,-1,558,570,572,-1,558,572,407,-1,579,580,581,-1,581,580,582,-1,581,582,583,-1,583,582,584,-1,583,584,585,-1,585,584,586,-1,585,586,587,-1,587,586,588,-1,587,588,589,-1,589,588,590,-1,589,590,395,-1,580,591,582,-1,582,591,592,-1,582,592,584,-1,584,592,593,-1,584,593,586,-1,586,593,594,-1,586,594,588,-1,588,594,595,-1,588,595,590,-1,590,595,596,-1,590,596,395,-1,400,579,503,-1,503,579,581,-1,503,581,502,-1,502,581,583,-1,502,583,501,-1,501,583,585,-1,501,585,500,-1,500,585,587,-1,500,587,499,-1,499,587,589,-1,499,589,395,-1,597,598,599,-1,599,598,600,-1,599,600,601,-1,601,600,602,-1,601,602,603,-1,603,602,604,-1,603,604,605,-1,605,604,606,-1,605,606,607,-1,607,606,608,-1,607,608,395,-1,598,411,600,-1,600,411,512,-1,600,512,602,-1,602,512,510,-1,602,510,604,-1,604,510,508,-1,604,508,606,-1,606,508,506,-1,606,506,608,-1,608,506,504,-1,608,504,395,-1,591,597,592,-1,592,597,599,-1,592,599,593,-1,593,599,601,-1,593,601,594,-1,594,601,603,-1,594,603,595,-1,595,603,605,-1,595,605,596,-1,596,605,607,-1,596,607,395,-1,3,5,609,-1,609,5,533,-1,532,610,533,-1,533,610,611,-1,533,611,609,-1,612,613,532,-1,532,613,614,-1,532,614,610,-1,532,526,612,-1,612,526,515,-1,612,515,615,-1,615,515,514,-1,615,514,616,-1,616,514,410,-1,616,410,412,-1,409,407,578,-1,409,578,617,-1,617,578,577,-1,617,577,618,-1,618,577,576,-1,618,576,619,-1,619,576,620,-1,620,576,575,-1,620,575,621,-1,621,575,622,-1,622,575,574,-1,622,574,623,-1,623,574,624,-1,624,574,420,-1,624,420,387,-1,407,406,625,-1,407,625,563,-1,563,625,626,-1,563,626,562,-1,562,626,627,-1,562,627,561,-1,561,627,628,-1,561,628,560,-1,560,628,629,-1,560,629,559,-1,559,629,397,-1,559,397,396,-1,400,402,630,-1,400,630,579,-1,579,630,631,-1,579,631,580,-1,580,631,632,-1,580,632,591,-1,591,632,633,-1,591,633,597,-1,597,633,634,-1,597,634,598,-1,598,634,413,-1,598,413,411,-1,412,413,635,-1,412,635,616,-1,616,635,636,-1,616,636,615,-1,615,636,637,-1,615,637,612,-1,612,637,613,-1,613,637,638,-1,613,638,614,-1,614,638,610,-1,610,638,639,-1,610,639,611,-1,611,639,609,-1,609,639,368,-1,609,368,3,-1,387,386,624,-1,624,386,640,-1,641,622,640,-1,640,622,623,-1,640,623,624,-1,619,620,641,-1,641,620,621,-1,641,621,622,-1,641,642,619,-1,619,642,643,-1,619,643,618,-1,618,643,644,-1,618,644,617,-1,617,644,408,-1,617,408,409,-1,406,408,645,-1,406,645,646,-1,646,645,647,-1,646,647,648,-1,648,647,649,-1,648,649,650,-1,650,649,651,-1,650,651,652,-1,652,651,653,-1,652,653,654,-1,654,653,385,-1,654,385,383,-1,655,656,657,-1,657,656,658,-1,657,658,659,-1,659,658,660,-1,659,660,661,-1,661,660,662,-1,661,662,663,-1,663,662,664,-1,663,664,665,-1,665,664,666,-1,665,666,406,-1,656,667,658,-1,658,667,668,-1,658,668,660,-1,660,668,669,-1,660,669,662,-1,662,669,670,-1,662,670,664,-1,664,670,671,-1,664,671,666,-1,666,671,672,-1,666,672,406,-1,383,655,654,-1,654,655,657,-1,654,657,652,-1,652,657,659,-1,652,659,650,-1,650,659,661,-1,650,661,648,-1,648,661,663,-1,648,663,646,-1,646,663,665,-1,646,665,406,-1,673,674,675,-1,675,674,676,-1,675,676,677,-1,677,676,678,-1,677,678,679,-1,679,678,680,-1,679,680,681,-1,681,680,682,-1,681,682,683,-1,683,682,684,-1,683,684,406,-1,674,397,676,-1,676,397,629,-1,676,629,678,-1,678,629,628,-1,678,628,680,-1,680,628,627,-1,680,627,682,-1,682,627,626,-1,682,626,684,-1,684,626,625,-1,684,625,406,-1,667,673,668,-1,668,673,675,-1,668,675,669,-1,669,675,677,-1,669,677,670,-1,670,677,679,-1,670,679,671,-1,671,679,681,-1,671,681,672,-1,672,681,683,-1,672,683,406,-1,402,685,686,-1,687,688,689,-1,368,639,690,-1,689,688,368,-1,691,368,688,-1,691,688,692,-1,692,688,687,-1,692,687,693,-1,694,368,691,-1,695,696,697,-1,697,696,690,-1,697,690,698,-1,698,690,639,-1,698,639,638,-1,694,691,699,-1,699,691,692,-1,699,692,700,-1,700,692,693,-1,700,693,701,-1,702,695,703,-1,703,695,697,-1,703,697,704,-1,704,697,698,-1,704,698,705,-1,705,698,638,-1,705,638,637,-1,706,702,707,-1,707,702,703,-1,707,703,708,-1,708,703,704,-1,708,704,709,-1,709,704,705,-1,709,705,710,-1,710,705,637,-1,710,637,636,-1,685,706,686,-1,686,706,707,-1,686,707,711,-1,711,707,708,-1,711,708,712,-1,712,708,709,-1,712,709,713,-1,713,709,710,-1,713,710,714,-1,714,710,636,-1,714,636,635,-1,402,686,630,-1,630,686,711,-1,630,711,631,-1,631,711,712,-1,631,712,632,-1,632,712,713,-1,632,713,633,-1,633,713,714,-1,633,714,634,-1,634,714,635,-1,634,635,413,-1,696,368,690,-1,685,701,706,-1,706,701,693,-1,706,693,702,-1,702,693,687,-1,702,687,695,-1,695,687,689,-1,695,689,696,-1,696,689,368,-1,715,716,717,-1,717,716,718,-1,717,718,719,-1,719,718,720,-1,719,720,721,-1,721,720,722,-1,721,722,723,-1,723,722,724,-1,723,724,725,-1,725,724,726,-1,725,726,408,-1,716,727,718,-1,718,727,728,-1,718,728,720,-1,720,728,729,-1,720,729,722,-1,722,729,730,-1,722,730,724,-1,724,730,731,-1,724,731,726,-1,726,731,732,-1,726,732,408,-1,386,715,640,-1,640,715,717,-1,640,717,641,-1,641,717,719,-1,641,719,642,-1,642,719,721,-1,642,721,643,-1,643,721,723,-1,643,723,644,-1,644,723,725,-1,644,725,408,-1,733,734,735,-1,735,734,736,-1,735,736,737,-1,737,736,738,-1,737,738,739,-1,739,738,740,-1,739,740,741,-1,741,740,742,-1,741,742,743,-1,743,742,744,-1,743,744,408,-1,734,385,736,-1,736,385,653,-1,736,653,738,-1,738,653,651,-1,738,651,740,-1,740,651,649,-1,740,649,742,-1,742,649,647,-1,742,647,744,-1,744,647,645,-1,744,645,408,-1,727,733,728,-1,728,733,735,-1,728,735,729,-1,729,735,737,-1,729,737,730,-1,730,737,739,-1,730,739,731,-1,731,739,741,-1,731,741,732,-1,732,741,743,-1,732,743,408,-1,399,397,674,-1,399,674,745,-1,745,674,673,-1,745,673,746,-1,746,673,667,-1,746,667,747,-1,747,667,656,-1,747,656,748,-1,748,656,655,-1,748,655,749,-1,749,655,383,-1,749,383,382,-1,402,399,750,-1,402,750,685,-1,685,750,751,-1,685,751,701,-1,701,751,752,-1,701,752,700,-1,700,752,753,-1,700,753,699,-1,699,753,754,-1,699,754,694,-1,694,754,364,-1,694,364,368,-1,384,385,734,-1,384,734,755,-1,755,734,733,-1,755,733,756,-1,756,733,727,-1,756,727,757,-1,757,727,758,-1,758,727,716,-1,758,716,759,-1,759,716,760,-1,760,716,715,-1,760,715,761,-1,761,715,762,-1,762,715,386,-1,762,386,365,-1,382,763,764,-1,765,766,767,-1,364,754,768,-1,767,766,364,-1,769,364,766,-1,769,766,770,-1,770,766,765,-1,770,765,771,-1,772,364,769,-1,773,774,775,-1,775,774,768,-1,775,768,776,-1,776,768,754,-1,776,754,753,-1,772,769,777,-1,777,769,770,-1,777,770,778,-1,778,770,771,-1,778,771,779,-1,780,773,781,-1,781,773,775,-1,781,775,782,-1,782,775,776,-1,782,776,783,-1,783,776,753,-1,783,753,752,-1,784,780,785,-1,785,780,781,-1,785,781,786,-1,786,781,782,-1,786,782,787,-1,787,782,783,-1,787,783,788,-1,788,783,752,-1,788,752,751,-1,763,784,764,-1,764,784,785,-1,764,785,789,-1,789,785,786,-1,789,786,790,-1,790,786,787,-1,790,787,791,-1,791,787,788,-1,791,788,792,-1,792,788,751,-1,792,751,750,-1,382,764,749,-1,749,764,789,-1,749,789,748,-1,748,789,790,-1,748,790,747,-1,747,790,791,-1,747,791,746,-1,746,791,792,-1,746,792,745,-1,745,792,750,-1,745,750,399,-1,774,364,768,-1,763,779,784,-1,784,779,771,-1,784,771,780,-1,780,771,765,-1,780,765,773,-1,773,765,767,-1,773,767,774,-1,774,767,364,-1,365,364,762,-1,762,364,772,-1,777,760,772,-1,772,760,761,-1,772,761,762,-1,757,758,777,-1,777,758,759,-1,777,759,760,-1,777,778,757,-1,757,778,779,-1,757,779,756,-1,756,779,763,-1,756,763,755,-1,755,763,382,-1,755,382,384,-1,378,793,7,-1,7,793,794,-1,7,794,0,-1,0,794,795,-1,794,793,796,-1,796,793,797,-1,390,798,381,-1,381,798,796,-1,381,796,379,-1,379,796,797,-1,797,793,379,-1,379,793,378,-1,12,2,799,-1,799,2,1,-1,799,1,800,-1,800,1,0,-1,800,0,795,-1,795,801,802,-1,803,804,801,-1,801,804,802,-1,802,804,805,-1,802,805,799,-1,799,805,806,-1,799,806,12,-1,807,803,808,-1,808,803,801,-1,808,801,809,-1,809,801,795,-1,799,800,802,-1,802,800,795,-1,18,16,810,-1,16,11,14,-1,811,21,18,-1,26,25,812,-1,812,25,22,-1,813,28,26,-1,32,31,814,-1,814,31,29,-1,815,34,32,-1,815,816,817,-1,815,817,34,-1,34,817,818,-1,34,818,35,-1,26,812,813,-1,813,812,819,-1,813,819,820,-1,32,814,815,-1,815,814,821,-1,815,821,822,-1,823,824,822,-1,822,824,825,-1,822,825,815,-1,815,825,826,-1,815,826,816,-1,16,14,810,-1,810,14,13,-1,810,13,827,-1,827,13,12,-1,827,12,806,-1,18,810,811,-1,811,810,827,-1,811,827,828,-1,828,827,806,-1,828,806,805,-1,804,820,805,-1,805,820,819,-1,805,819,828,-1,828,819,812,-1,828,812,811,-1,811,812,22,-1,811,22,21,-1,807,823,803,-1,803,823,822,-1,803,822,804,-1,804,822,821,-1,804,821,820,-1,820,821,814,-1,820,814,813,-1,813,814,29,-1,813,29,28,-1,808,829,807,-1,807,829,830,-1,807,830,823,-1,823,830,831,-1,823,831,824,-1,824,831,832,-1,824,832,825,-1,825,832,833,-1,825,833,826,-1,833,834,826,-1,826,834,835,-1,826,835,816,-1,816,835,817,-1,835,836,817,-1,817,836,837,-1,817,837,818,-1,818,837,838,-1,838,839,818,-1,818,839,405,-1,818,405,35,-1,808,809,829,-1,829,809,795,-1,829,795,794,-1,840,404,405,-1,405,839,840,-1,840,839,838,-1,840,838,841,-1,838,837,841,-1,841,837,836,-1,841,836,842,-1,842,836,835,-1,842,835,834,-1,833,832,843,-1,833,843,834,-1,834,843,844,-1,834,844,842,-1,831,830,845,-1,831,845,832,-1,832,845,846,-1,832,846,843,-1,829,794,796,-1,829,796,830,-1,830,796,847,-1,830,847,845,-1,848,849,846,-1,848,846,850,-1,846,845,850,-1,850,845,847,-1,850,847,851,-1,851,847,796,-1,851,796,798,-1,852,841,853,-1,853,841,842,-1,853,842,854,-1,854,842,844,-1,854,844,849,-1,849,844,843,-1,849,843,846,-1,852,855,841,-1,841,855,856,-1,841,856,840,-1,840,856,403,-1,840,403,404,-1,853,854,857,-1,849,848,858,-1,419,418,859,-1,859,418,860,-1,859,860,861,-1,861,860,862,-1,861,862,863,-1,863,862,864,-1,865,866,867,-1,867,866,868,-1,867,868,864,-1,864,868,869,-1,864,869,863,-1,854,849,857,-1,857,849,858,-1,857,858,865,-1,865,858,870,-1,865,870,866,-1,418,417,860,-1,860,417,871,-1,860,871,862,-1,862,871,872,-1,862,872,864,-1,864,872,873,-1,864,873,867,-1,867,873,874,-1,867,874,865,-1,865,874,875,-1,865,875,857,-1,857,875,876,-1,857,876,853,-1,856,855,876,-1,876,855,852,-1,876,852,853,-1,403,856,444,-1,444,856,876,-1,444,876,446,-1,446,876,875,-1,446,875,443,-1,443,875,874,-1,443,874,451,-1,451,874,873,-1,451,873,453,-1,453,873,872,-1,453,872,455,-1,455,872,871,-1,455,871,416,-1,416,871,417,-1,877,419,859,-1,859,861,877,-1,877,861,863,-1,877,863,878,-1,878,863,879,-1,878,879,798,-1,880,798,879,-1,850,851,880,-1,880,851,798,-1,858,848,850,-1,863,869,879,-1,879,869,868,-1,879,868,880,-1,880,868,866,-1,880,866,850,-1,850,866,870,-1,850,870,858,-1,798,390,878,-1,878,390,391,-1,878,391,877,-1,877,391,389,-1,877,389,419,-1,
        ]
    }
}