solid OpenSCAD_Model
  facet normal -1 0 0
    outer loop
      vertex -73.67117792367935 2.078822076320648 27.11
      vertex -73.67117792367935 2.078822076320648 27.40263548302419
      vertex -73.67117792367935 7.921177923679352 27.11
    endloop
  endfacet
  facet normal 0 0 1
    outer loop
      vertex -73.67117792367935 2.078822076320648 27.40263548302419
      vertex -73.58581930398941 2.1641806960105896 27.40263548302419
      vertex -73.67117792367935 7.921177923679352 27.40263548302419
    endloop
  endfacet
  facet normal 0 -1 0
    outer loop
      vertex -73.67117792367935 2.078822076320648 27.11
      vertex -64.95000000298023 2.078822076320648 27.40263548302419
      vertex -73.67117792367935 2.078822076320648 27.40263548302419
    endloop
  endfacet
  facet normal 0 0 1
    outer loop
      vertex -73.67117792367935 2.078822076320648 27.40263548302419
      vertex -64.95000000298023 2.078822076320648 27.40263548302419
      vertex -73.58581930398941 2.1641806960105896 27.40263548302419
    endloop
  endfacet
  facet normal 0 -1 0
    outer loop
      vertex -64.92117792367935 -6.671177923679352 27.11
      vertex -59.07882207632065 -6.671177923679352 27.40263548302419
      vertex -64.92117792367935 -6.671177923679352 27.40263548302419
    endloop
  endfacet
  facet normal 0 0 1
    outer loop
      vertex -64.92117792367935 -6.671177923679352 27.40263548302419
      vertex -59.16418069601059 -6.58581930398941 27.40263548302419
      vertex -64.83581930398941 -6.58581930398941 27.40263548302419
    endloop
  endfacet
  facet normal -1 0 0
    outer loop
      vertex -64.92117792367935 -6.671177923679352 27.11
      vertex -64.92117792367935 -6.671177923679352 27.40263548302419
      vertex -64.92117792367935 2.0499999970197678 27.11
    endloop
  endfacet
  facet normal 0 0 1
    outer loop
      vertex -64.92117792367935 -6.671177923679352 27.40263548302419
      vertex -64.83581930398941 -6.58581930398941 27.40263548302419
      vertex -64.92117792367935 2.0499999970197678 27.40263548302419
    endloop
  endfacet
  facet normal 0 -1 0
    outer loop
      vertex -73.67117792367935 2.078822076320648 27.11
      vertex -64.95000000298023 2.078822076320648 27.11
      vertex -64.95000000298023 2.078822076320648 27.40263548302419
    endloop
  endfacet
  facet normal 0 0 1
    outer loop
      vertex -73.58581930398941 2.1641806960105896 27.40263548302419
      vertex -64.95000000298023 2.078822076320648 27.40263548302419
      vertex -64.95000000298023 2.1641806960105896 27.40263548302419
    endloop
  endfacet
  facet normal -1 0 0
    outer loop
      vertex -64.92117792367935 -6.671177923679352 27.40263548302419
      vertex -64.92117792367935 2.0499999970197678 27.40263548302419
      vertex -64.92117792367935 2.0499999970197678 27.11
    endloop
  endfacet
  facet normal 0 0 1
    outer loop
      vertex -64.83581930398941 -6.58581930398941 27.40263548302419
      vertex -64.83581930398941 2.0499999970197678 27.40263548302419
      vertex -64.92117792367935 2.0499999970197678 27.40263548302419
    endloop
  endfacet
  facet normal -0.5877852683770667 -0.809016982688806 0
    outer loop
      vertex -64.95000000298023 2.078822076320648 27.11
      vertex -64.92258857935667 2.0589065104722977 27.11
      vertex -64.92258857935667 2.0589065104722977 27.40263548302419
    endloop
  endfacet
  facet normal -0.987688297264407 -0.15643473861945212 0
    outer loop
      vertex -64.92117792367935 2.0499999970197678 27.11
      vertex -64.92117792367935 2.0499999970197678 27.40263548302419
      vertex -64.92258857935667 2.0589065104722977 27.11
    endloop
  endfacet
  facet normal -0.5877852683770667 -0.809016982688806 0
    outer loop
      vertex -64.95000000298023 2.078822076320648 27.11
      vertex -64.92258857935667 2.0589065104722977 27.40263548302419
      vertex -64.95000000298023 2.078822076320648 27.40263548302419
    endloop
  endfacet
  facet normal -0.987688297264407 -0.15643473861945212 0
    outer loop
      vertex -64.92258857935667 2.0589065104722977 27.11
      vertex -64.92117792367935 2.0499999970197678 27.40263548302419
      vertex -64.92258857935667 2.0589065104722977 27.40263548302419
    endloop
  endfacet
  facet normal 0 0 1
    outer loop
      vertex -64.95000000298023 2.078822076320648 27.40263548302419
      vertex -64.92258857935667 2.0589065104722977 27.40263548302419
      vertex -64.8414077013731 2.0852837711572647 27.40263548302419
    endloop
  endfacet
  facet normal 0 0 1
    outer loop
      vertex -64.92117792367935 2.0499999970197678 27.40263548302419
      vertex -64.8414077013731 2.0852837711572647 27.40263548302419
      vertex -64.92258857935667 2.0589065104722977 27.40263548302419
    endloop
  endfacet
  facet normal 0 0 1
    outer loop
      vertex -64.92117792367935 2.0499999970197678 27.40263548302419
      vertex -64.83581930398941 2.0499999970197678 27.40263548302419
      vertex -64.8414077013731 2.0852837711572647 27.40263548302419
    endloop
  endfacet
  facet normal 0 0 1
    outer loop
      vertex -64.95000000298023 2.078822076320648 27.40263548302419
      vertex -64.8414077013731 2.0852837711572647 27.40263548302419
      vertex -64.95000000298023 2.1641806960105896 27.40263548302419
    endloop
  endfacet
  facet normal -1 0 0
    outer loop
      vertex -73.67117792367935 2.078822076320648 27.40263548302419
      vertex -73.67117792367935 7.921177923679352 27.40263548302419
      vertex -73.67117792367935 7.921177923679352 27.11
    endloop
  endfacet
  facet normal 0 0 1
    outer loop
      vertex -73.58581930398941 2.1641806960105896 27.40263548302419
      vertex -73.58581930398941 7.83581930398941 27.40263548302419
      vertex -73.67117792367935 7.921177923679352 27.40263548302419
    endloop
  endfacet
  facet normal 0 1 0
    outer loop
      vertex -73.67117792367935 7.921177923679352 27.11
      vertex -73.67117792367935 7.921177923679352 27.40263548302419
      vertex -64.95000000298023 7.921177923679352 27.11
    endloop
  endfacet
  facet normal 0 0 1
    outer loop
      vertex -73.67117792367935 7.921177923679352 27.40263548302419
      vertex -73.58581930398941 7.83581930398941 27.40263548302419
      vertex -64.95000000298023 7.921177923679352 27.40263548302419
    endloop
  endfacet
  facet normal 0 1 0
    outer loop
      vertex -73.67117792367935 7.921177923679352 27.40263548302419
      vertex -64.95000000298023 7.921177923679352 27.40263548302419
      vertex -64.95000000298023 7.921177923679352 27.11
    endloop
  endfacet
  facet normal 0 0 1
    outer loop
      vertex -73.58581930398941 7.83581930398941 27.40263548302419
      vertex -64.95000000298023 7.83581930398941 27.40263548302419
      vertex -64.95000000298023 7.921177923679352 27.40263548302419
    endloop
  endfacet
  facet normal -0.15643473861945212 0.987688297264407 0
    outer loop
      vertex -64.95000000298023 7.921177923679352 27.11
      vertex -64.95000000298023 7.921177923679352 27.40263548302419
      vertex -64.9410934895277 7.92258857935667 27.11
    endloop
  endfacet
  facet normal -0.809016982688806 0.5877852683770667 0
    outer loop
      vertex -64.9410934895277 7.92258857935667 27.11
      vertex -64.9410934895277 7.92258857935667 27.40263548302419
      vertex -64.92117792367935 7.950000002980232 27.11
    endloop
  endfacet
  facet normal -0.15643473861945212 0.987688297264407 0
    outer loop
      vertex -64.9410934895277 7.92258857935667 27.11
      vertex -64.95000000298023 7.921177923679352 27.40263548302419
      vertex -64.9410934895277 7.92258857935667 27.40263548302419
    endloop
  endfacet
  facet normal -0.809016982688806 0.5877852683770667 0
    outer loop
      vertex -64.92117792367935 7.950000002980232 27.11
      vertex -64.9410934895277 7.92258857935667 27.40263548302419
      vertex -64.92117792367935 7.950000002980232 27.40263548302419
    endloop
  endfacet
  facet normal 0 0 1
    outer loop
      vertex -64.95000000298023 7.83581930398941 27.40263548302419
      vertex -64.91471622884274 7.8414077013731 27.40263548302419
      vertex -64.95000000298023 7.921177923679352 27.40263548302419
    endloop
  endfacet
  facet normal 0 0 1
    outer loop
      vertex -64.95000000298023 7.921177923679352 27.40263548302419
      vertex -64.91471622884274 7.8414077013731 27.40263548302419
      vertex -64.9410934895277 7.92258857935667 27.40263548302419
    endloop
  endfacet
  facet normal 0 0 1
    outer loop
      vertex -64.9410934895277 7.92258857935667 27.40263548302419
      vertex -64.91471622884274 7.8414077013731 27.40263548302419
      vertex -64.83581930398941 7.950000002980232 27.40263548302419
    endloop
  endfacet
  facet normal 0 0 1
    outer loop
      vertex -64.9410934895277 7.92258857935667 27.40263548302419
      vertex -64.83581930398941 7.950000002980232 27.40263548302419
      vertex -64.92117792367935 7.950000002980232 27.40263548302419
    endloop
  endfacet
  facet normal -1 0 0
    outer loop
      vertex -64.92117792367935 7.950000002980232 27.11
      vertex -64.92117792367935 7.950000002980232 27.40263548302419
      vertex -64.92117792367935 16.671177923679352 27.11
    endloop
  endfacet
  facet normal 0 0 1
    outer loop
      vertex -64.92117792367935 7.950000002980232 27.40263548302419
      vertex -64.83581930398941 7.950000002980232 27.40263548302419
      vertex -64.83581930398941 16.58581930398941 27.40263548302419
    endloop
  endfacet
  facet normal -1 0 0
    outer loop
      vertex -64.92117792367935 7.950000002980232 27.40263548302419
      vertex -64.92117792367935 16.671177923679352 27.40263548302419
      vertex -64.92117792367935 16.671177923679352 27.11
    endloop
  endfacet
  facet normal 0 0 1
    outer loop
      vertex -64.92117792367935 7.950000002980232 27.40263548302419
      vertex -64.83581930398941 16.58581930398941 27.40263548302419
      vertex -64.92117792367935 16.671177923679352 27.40263548302419
    endloop
  endfacet
  facet normal 0 1 0
    outer loop
      vertex -64.92117792367935 16.671177923679352 27.11
      vertex -64.92117792367935 16.671177923679352 27.40263548302419
      vertex -59.07882207632065 16.671177923679352 27.11
    endloop
  endfacet
  facet normal 0 0 1
    outer loop
      vertex -64.83581930398941 16.58581930398941 27.40263548302419
      vertex -59.07882207632065 16.671177923679352 27.40263548302419
      vertex -64.92117792367935 16.671177923679352 27.40263548302419
    endloop
  endfacet
  facet normal 0 -1 0
    outer loop
      vertex -64.92117792367935 -6.671177923679352 27.11
      vertex -59.07882207632065 -6.671177923679352 27.11
      vertex -59.07882207632065 -6.671177923679352 27.40263548302419
    endloop
  endfacet
  facet normal 0 0 1
    outer loop
      vertex -64.92117792367935 -6.671177923679352 27.40263548302419
      vertex -59.07882207632065 -6.671177923679352 27.40263548302419
      vertex -59.16418069601059 -6.58581930398941 27.40263548302419
    endloop
  endfacet
  facet normal 1 0 0
    outer loop
      vertex -59.07882207632065 -6.671177923679352 27.11
      vertex -59.07882207632065 2.0499999970197678 27.40263548302419
      vertex -59.07882207632065 -6.671177923679352 27.40263548302419
    endloop
  endfacet
  facet normal 0 0 1
    outer loop
      vertex -59.07882207632065 -6.671177923679352 27.40263548302419
      vertex -59.07882207632065 2.0499999970197678 27.40263548302419
      vertex -59.16418069601059 -6.58581930398941 27.40263548302419
    endloop
  endfacet
  facet normal 1 0 0
    outer loop
      vertex -59.07882207632065 -6.671177923679352 27.11
      vertex -59.07882207632065 2.0499999970197678 27.11
      vertex -59.07882207632065 2.0499999970197678 27.40263548302419
    endloop
  endfacet
  facet normal 0 0 1
    outer loop
      vertex -59.16418069601059 -6.58581930398941 27.40263548302419
      vertex -59.07882207632065 2.0499999970197678 27.40263548302419
      vertex -59.16418069601059 2.0499999970197678 27.40263548302419
    endloop
  endfacet
  facet normal 0.809016982688806 -0.5877852683770667 0
    outer loop
      vertex -59.07882207632065 2.0499999970197678 27.11
      vertex -59.0589065104723 2.0774114206433296 27.11
      vertex -59.0589065104723 2.0774114206433296 27.40263548302419
    endloop
  endfacet
  facet normal 0.15643473861945212 -0.987688297264407 0
    outer loop
      vertex -59.0589065104723 2.0774114206433296 27.11
      vertex -59.04999999701977 2.078822076320648 27.11
      vertex -59.04999999701977 2.078822076320648 27.40263548302419
    endloop
  endfacet
  facet normal 0.809016982688806 -0.5877852683770667 0
    outer loop
      vertex -59.07882207632065 2.0499999970197678 27.11
      vertex -59.0589065104723 2.0774114206433296 27.40263548302419
      vertex -59.07882207632065 2.0499999970197678 27.40263548302419
    endloop
  endfacet
  facet normal 0.15643473861945212 -0.987688297264407 0
    outer loop
      vertex -59.0589065104723 2.0774114206433296 27.11
      vertex -59.04999999701977 2.078822076320648 27.40263548302419
      vertex -59.0589065104723 2.0774114206433296 27.40263548302419
    endloop
  endfacet
  facet normal 0 0 1
    outer loop
      vertex -59.16418069601059 2.0499999970197678 27.40263548302419
      vertex -59.07882207632065 2.0499999970197678 27.40263548302419
      vertex -59.0589065104723 2.0774114206433296 27.40263548302419
    endloop
  endfacet
  facet normal 0 0 1
    outer loop
      vertex -59.16418069601059 2.0499999970197678 27.40263548302419
      vertex -59.0589065104723 2.0774114206433296 27.40263548302419
      vertex -59.085283771157265 2.1585922986268997 27.40263548302419
    endloop
  endfacet
  facet normal 0 0 1
    outer loop
      vertex -59.085283771157265 2.1585922986268997 27.40263548302419
      vertex -59.0589065104723 2.0774114206433296 27.40263548302419
      vertex -59.04999999701977 2.078822076320648 27.40263548302419
    endloop
  endfacet
  facet normal 0 0 1
    outer loop
      vertex -59.085283771157265 2.1585922986268997 27.40263548302419
      vertex -59.04999999701977 2.078822076320648 27.40263548302419
      vertex -59.04999999701977 2.1641806960105896 27.40263548302419
    endloop
  endfacet
  facet normal 0 0 1
    outer loop
      vertex -59.04999999701977 2.078822076320648 27.40263548302419
      vertex -50.41418069601059 2.1641806960105896 27.40263548302419
      vertex -59.04999999701977 2.1641806960105896 27.40263548302419
    endloop
  endfacet
  facet normal 0 -1 0
    outer loop
      vertex -59.04999999701977 2.078822076320648 27.11
      vertex -50.32882207632065 2.078822076320648 27.40263548302419
      vertex -59.04999999701977 2.078822076320648 27.40263548302419
    endloop
  endfacet
  facet normal 0 -1 0
    outer loop
      vertex -59.04999999701977 2.078822076320648 27.11
      vertex -50.32882207632065 2.078822076320648 27.11
      vertex -50.32882207632065 2.078822076320648 27.40263548302419
    endloop
  endfacet
  facet normal 0 0 1
    outer loop
      vertex -59.04999999701977 2.078822076320648 27.40263548302419
      vertex -50.32882207632065 2.078822076320648 27.40263548302419
      vertex -50.41418069601059 2.1641806960105896 27.40263548302419
    endloop
  endfacet
  facet normal 1 0 0
    outer loop
      vertex -50.32882207632065 2.078822076320648 27.11
      vertex -50.32882207632065 7.921177923679352 27.40263548302419
      vertex -50.32882207632065 2.078822076320648 27.40263548302419
    endloop
  endfacet
  facet normal 0 0 1
    outer loop
      vertex -50.41418069601059 2.1641806960105896 27.40263548302419
      vertex -50.32882207632065 2.078822076320648 27.40263548302419
      vertex -50.41418069601059 7.83581930398941 27.40263548302419
    endloop
  endfacet
  facet normal 0.987688297264407 0.15643473861945212 0
    outer loop
      vertex -59.07741142064333 7.941093489527702 27.11
      vertex -59.07882207632065 7.950000002980232 27.11
      vertex -59.07882207632065 7.950000002980232 27.40263548302419
    endloop
  endfacet
  facet normal 0.5877852683770667 0.809016982688806 0
    outer loop
      vertex -59.07741142064333 7.941093489527702 27.11
      vertex -59.07741142064333 7.941093489527702 27.40263548302419
      vertex -59.04999999701977 7.921177923679352 27.11
    endloop
  endfacet
  facet normal 0.987688297264407 0.15643473861945212 0
    outer loop
      vertex -59.07741142064333 7.941093489527702 27.11
      vertex -59.07882207632065 7.950000002980232 27.40263548302419
      vertex -59.07741142064333 7.941093489527702 27.40263548302419
    endloop
  endfacet
  facet normal 0.5877852683770667 0.809016982688806 0
    outer loop
      vertex -59.04999999701977 7.921177923679352 27.11
      vertex -59.07741142064333 7.941093489527702 27.40263548302419
      vertex -59.04999999701977 7.921177923679352 27.40263548302419
    endloop
  endfacet
  facet normal 0 0 1
    outer loop
      vertex -59.1585922986269 7.914716228842735 27.40263548302419
      vertex -59.04999999701977 7.83581930398941 27.40263548302419
      vertex -59.07741142064333 7.941093489527702 27.40263548302419
    endloop
  endfacet
  facet normal 0 0 1
    outer loop
      vertex -59.1585922986269 7.914716228842735 27.40263548302419
      vertex -59.07882207632065 7.950000002980232 27.40263548302419
      vertex -59.16418069601059 7.950000002980232 27.40263548302419
    endloop
  endfacet
  facet normal 0 0 1
    outer loop
      vertex -59.1585922986269 7.914716228842735 27.40263548302419
      vertex -59.07741142064333 7.941093489527702 27.40263548302419
      vertex -59.07882207632065 7.950000002980232 27.40263548302419
    endloop
  endfacet
  facet normal 0 0 1
    outer loop
      vertex -59.07741142064333 7.941093489527702 27.40263548302419
      vertex -59.04999999701977 7.83581930398941 27.40263548302419
      vertex -59.04999999701977 7.921177923679352 27.40263548302419
    endloop
  endfacet
  facet normal 0 0 1
    outer loop
      vertex -59.16418069601059 7.950000002980232 27.40263548302419
      vertex -59.07882207632065 7.950000002980232 27.40263548302419
      vertex -59.16418069601059 16.58581930398941 27.40263548302419
    endloop
  endfacet
  facet normal 1 0 0
    outer loop
      vertex -59.07882207632065 7.950000002980232 27.11
      vertex -59.07882207632065 16.671177923679352 27.40263548302419
      vertex -59.07882207632065 7.950000002980232 27.40263548302419
    endloop
  endfacet
  facet normal 0 1 0
    outer loop
      vertex -59.04999999701977 7.921177923679352 27.11
      vertex -59.04999999701977 7.921177923679352 27.40263548302419
      vertex -50.32882207632065 7.921177923679352 27.11
    endloop
  endfacet
  facet normal 0 0 1
    outer loop
      vertex -59.04999999701977 7.83581930398941 27.40263548302419
      vertex -50.41418069601059 7.83581930398941 27.40263548302419
      vertex -59.04999999701977 7.921177923679352 27.40263548302419
    endloop
  endfacet
  facet normal 1 0 0
    outer loop
      vertex -59.07882207632065 7.950000002980232 27.11
      vertex -59.07882207632065 16.671177923679352 27.11
      vertex -59.07882207632065 16.671177923679352 27.40263548302419
    endloop
  endfacet
  facet normal 0 0 1
    outer loop
      vertex -59.07882207632065 7.950000002980232 27.40263548302419
      vertex -59.07882207632065 16.671177923679352 27.40263548302419
      vertex -59.16418069601059 16.58581930398941 27.40263548302419
    endloop
  endfacet
  facet normal 0 1 0
    outer loop
      vertex -64.92117792367935 16.671177923679352 27.40263548302419
      vertex -59.07882207632065 16.671177923679352 27.40263548302419
      vertex -59.07882207632065 16.671177923679352 27.11
    endloop
  endfacet
  facet normal 0 0 1
    outer loop
      vertex -64.83581930398941 16.58581930398941 27.40263548302419
      vertex -59.16418069601059 16.58581930398941 27.40263548302419
      vertex -59.07882207632065 16.671177923679352 27.40263548302419
    endloop
  endfacet
  facet normal 0 1 0
    outer loop
      vertex -59.04999999701977 7.921177923679352 27.40263548302419
      vertex -50.32882207632065 7.921177923679352 27.40263548302419
      vertex -50.32882207632065 7.921177923679352 27.11
    endloop
  endfacet
  facet normal 0 0 1
    outer loop
      vertex -59.04999999701977 7.921177923679352 27.40263548302419
      vertex -50.41418069601059 7.83581930398941 27.40263548302419
      vertex -50.32882207632065 7.921177923679352 27.40263548302419
    endloop
  endfacet
  facet normal 1 0 0
    outer loop
      vertex -50.32882207632065 2.078822076320648 27.11
      vertex -50.32882207632065 7.921177923679352 27.11
      vertex -50.32882207632065 7.921177923679352 27.40263548302419
    endloop
  endfacet
  facet normal 0 0 1
    outer loop
      vertex -50.32882207632065 2.078822076320648 27.40263548302419
      vertex -50.32882207632065 7.921177923679352 27.40263548302419
      vertex -50.41418069601059 7.83581930398941 27.40263548302419
    endloop
  endfacet
  facet normal -1 0 0
    outer loop
      vertex -73.58581930398941 2.1641806960105896 27.40263548302419
      vertex -73.58581930398941 2.1641806960105896 27.684025148547637
      vertex -73.58581930398941 7.83581930398941 27.40263548302419
    endloop
  endfacet
  facet normal 0 0 1
    outer loop
      vertex -73.58581930398941 2.1641806960105896 27.684025148547637
      vertex -73.4472044184804 2.3027955815196037 27.684025148547637
      vertex -73.58581930398941 7.83581930398941 27.684025148547637
    endloop
  endfacet
  facet normal 0 -1 0
    outer loop
      vertex -73.58581930398941 2.1641806960105896 27.40263548302419
      vertex -64.95000000298023 2.1641806960105896 27.684025148547637
      vertex -73.58581930398941 2.1641806960105896 27.684025148547637
    endloop
  endfacet
  facet normal 0 0 1
    outer loop
      vertex -73.58581930398941 2.1641806960105896 27.684025148547637
      vertex -64.95000000298023 2.3027955815196037 27.684025148547637
      vertex -73.4472044184804 2.3027955815196037 27.684025148547637
    endloop
  endfacet
  facet normal 0 -1 0
    outer loop
      vertex -64.83581930398941 -6.58581930398941 27.40263548302419
      vertex -59.16418069601059 -6.58581930398941 27.684025148547637
      vertex -64.83581930398941 -6.58581930398941 27.684025148547637
    endloop
  endfacet
  facet normal 0 0 1
    outer loop
      vertex -64.83581930398941 -6.58581930398941 27.684025148547637
      vertex -59.302795581519604 -6.447204418480396 27.684025148547637
      vertex -64.6972044184804 -6.447204418480396 27.684025148547637
    endloop
  endfacet
  facet normal -1 0 0
    outer loop
      vertex -64.83581930398941 -6.58581930398941 27.40263548302419
      vertex -64.83581930398941 -6.58581930398941 27.684025148547637
      vertex -64.83581930398941 2.0499999970197678 27.40263548302419
    endloop
  endfacet
  facet normal 0 0 1
    outer loop
      vertex -64.83581930398941 -6.58581930398941 27.684025148547637
      vertex -64.6972044184804 -6.447204418480396 27.684025148547637
      vertex -64.83581930398941 2.0499999970197678 27.684025148547637
    endloop
  endfacet
  facet normal 0 -1 0
    outer loop
      vertex -73.58581930398941 2.1641806960105896 27.40263548302419
      vertex -64.95000000298023 2.1641806960105896 27.40263548302419
      vertex -64.95000000298023 2.1641806960105896 27.684025148547637
    endloop
  endfacet
  facet normal 0 0 1
    outer loop
      vertex -73.58581930398941 2.1641806960105896 27.684025148547637
      vertex -64.95000000298023 2.1641806960105896 27.684025148547637
      vertex -64.95000000298023 2.3027955815196037 27.684025148547637
    endloop
  endfacet
  facet normal -1 0 0
    outer loop
      vertex -64.83581930398941 -6.58581930398941 27.684025148547637
      vertex -64.83581930398941 2.0499999970197678 27.684025148547637
      vertex -64.83581930398941 2.0499999970197678 27.40263548302419
    endloop
  endfacet
  facet normal 0 0 1
    outer loop
      vertex -64.6972044184804 -6.447204418480396 27.684025148547637
      vertex -64.6972044184804 2.0499999970197678 27.684025148547637
      vertex -64.83581930398941 2.0499999970197678 27.684025148547637
    endloop
  endfacet
  facet normal -0.9876883554545496 -0.15643437122156822 0
    outer loop
      vertex -64.83581930398941 2.0499999970197678 27.40263548302419
      vertex -64.83581930398941 2.0499999970197678 27.684025148547637
      vertex -64.8414077013731 2.0852837711572647 27.40263548302419
    endloop
  endfacet
  facet normal -0.5877852499605133 -0.8090169960692153 0
    outer loop
      vertex -64.95000000298023 2.1641806960105896 27.40263548302419
      vertex -64.8414077013731 2.0852837711572647 27.40263548302419
      vertex -64.8414077013731 2.0852837711572647 27.684025148547637
    endloop
  endfacet
  facet normal -0.9876883554545496 -0.15643437122156822 0
    outer loop
      vertex -64.8414077013731 2.0852837711572647 27.40263548302419
      vertex -64.83581930398941 2.0499999970197678 27.684025148547637
      vertex -64.8414077013731 2.0852837711572647 27.684025148547637
    endloop
  endfacet
  facet normal -0.5877852499605133 -0.8090169960692153 0
    outer loop
      vertex -64.95000000298023 2.1641806960105896 27.40263548302419
      vertex -64.8414077013731 2.0852837711572647 27.684025148547637
      vertex -64.95000000298023 2.1641806960105896 27.684025148547637
    endloop
  endfacet
  facet normal 0 0 1
    outer loop
      vertex -64.95000000298023 2.1641806960105896 27.684025148547637
      vertex -64.8414077013731 2.0852837711572647 27.684025148547637
      vertex -64.70957712084055 2.1281181275844574 27.684025148547637
    endloop
  endfacet
  facet normal 0 0 1
    outer loop
      vertex -64.95000000298023 2.1641806960105896 27.684025148547637
      vertex -64.70957712084055 2.1281181275844574 27.684025148547637
      vertex -64.95000000298023 2.3027955815196037 27.684025148547637
    endloop
  endfacet
  facet normal 0 0 1
    outer loop
      vertex -64.83581930398941 2.0499999970197678 27.684025148547637
      vertex -64.6972044184804 2.0499999970197678 27.684025148547637
      vertex -64.8414077013731 2.0852837711572647 27.684025148547637
    endloop
  endfacet
  facet normal 0 0 1
    outer loop
      vertex -64.8414077013731 2.0852837711572647 27.684025148547637
      vertex -64.6972044184804 2.0499999970197678 27.684025148547637
      vertex -64.70957712084055 2.1281181275844574 27.684025148547637
    endloop
  endfacet
  facet normal -1 0 0
    outer loop
      vertex -73.58581930398941 2.1641806960105896 27.684025148547637
      vertex -73.58581930398941 7.83581930398941 27.684025148547637
      vertex -73.58581930398941 7.83581930398941 27.40263548302419
    endloop
  endfacet
  facet normal 0 0 1
    outer loop
      vertex -73.4472044184804 2.3027955815196037 27.684025148547637
      vertex -73.4472044184804 7.697204418480396 27.684025148547637
      vertex -73.58581930398941 7.83581930398941 27.684025148547637
    endloop
  endfacet
  facet normal 0 1 0
    outer loop
      vertex -73.58581930398941 7.83581930398941 27.40263548302419
      vertex -73.58581930398941 7.83581930398941 27.684025148547637
      vertex -64.95000000298023 7.83581930398941 27.40263548302419
    endloop
  endfacet
  facet normal 0 0 1
    outer loop
      vertex -73.4472044184804 7.697204418480396 27.684025148547637
      vertex -64.95000000298023 7.83581930398941 27.684025148547637
      vertex -73.58581930398941 7.83581930398941 27.684025148547637
    endloop
  endfacet
  facet normal 0 0 1
    outer loop
      vertex -73.4472044184804 7.697204418480396 27.684025148547637
      vertex -64.95000000298023 7.697204418480396 27.684025148547637
      vertex -64.95000000298023 7.83581930398941 27.684025148547637
    endloop
  endfacet
  facet normal 0 1 0
    outer loop
      vertex -73.58581930398941 7.83581930398941 27.684025148547637
      vertex -64.95000000298023 7.83581930398941 27.684025148547637
      vertex -64.95000000298023 7.83581930398941 27.40263548302419
    endloop
  endfacet
  facet normal -0.15643437122156822 0.9876883554545496 0
    outer loop
      vertex -64.95000000298023 7.83581930398941 27.40263548302419
      vertex -64.95000000298023 7.83581930398941 27.684025148547637
      vertex -64.91471622884274 7.8414077013731 27.40263548302419
    endloop
  endfacet
  facet normal -0.8090169960692153 0.5877852499605133 0
    outer loop
      vertex -64.91471622884274 7.8414077013731 27.40263548302419
      vertex -64.91471622884274 7.8414077013731 27.684025148547637
      vertex -64.83581930398941 7.950000002980232 27.40263548302419
    endloop
  endfacet
  facet normal 0 0 1
    outer loop
      vertex -64.95000000298023 7.697204418480396 27.684025148547637
      vertex -64.91471622884274 7.8414077013731 27.684025148547637
      vertex -64.95000000298023 7.83581930398941 27.684025148547637
    endloop
  endfacet
  facet normal 0 0 1
    outer loop
      vertex -64.95000000298023 7.697204418480396 27.684025148547637
      vertex -64.87188187241554 7.7095771208405495 27.684025148547637
      vertex -64.91471622884274 7.8414077013731 27.684025148547637
    endloop
  endfacet
  facet normal -0.15643437122156822 0.9876883554545496 0
    outer loop
      vertex -64.91471622884274 7.8414077013731 27.40263548302419
      vertex -64.95000000298023 7.83581930398941 27.684025148547637
      vertex -64.91471622884274 7.8414077013731 27.684025148547637
    endloop
  endfacet
  facet normal -0.8090169960692153 0.5877852499605133 0
    outer loop
      vertex -64.83581930398941 7.950000002980232 27.40263548302419
      vertex -64.91471622884274 7.8414077013731 27.684025148547637
      vertex -64.83581930398941 7.950000002980232 27.684025148547637
    endloop
  endfacet
  facet normal 0 0 1
    outer loop
      vertex -64.87188187241554 7.7095771208405495 27.684025148547637
      vertex -64.83581930398941 7.950000002980232 27.684025148547637
      vertex -64.91471622884274 7.8414077013731 27.684025148547637
    endloop
  endfacet
  facet normal 0 0 1
    outer loop
      vertex -64.87188187241554 7.7095771208405495 27.684025148547637
      vertex -64.6972044184804 7.950000002980232 27.684025148547637
      vertex -64.83581930398941 7.950000002980232 27.684025148547637
    endloop
  endfacet
  facet normal -1 0 0
    outer loop
      vertex -64.83581930398941 7.950000002980232 27.40263548302419
      vertex -64.83581930398941 7.950000002980232 27.684025148547637
      vertex -64.83581930398941 16.58581930398941 27.40263548302419
    endloop
  endfacet
  facet normal 0 0 1
    outer loop
      vertex -64.83581930398941 7.950000002980232 27.684025148547637
      vertex -64.6972044184804 7.950000002980232 27.684025148547637
      vertex -64.83581930398941 16.58581930398941 27.684025148547637
    endloop
  endfacet
  facet normal -1 0 0
    outer loop
      vertex -64.83581930398941 7.950000002980232 27.684025148547637
      vertex -64.83581930398941 16.58581930398941 27.684025148547637
      vertex -64.83581930398941 16.58581930398941 27.40263548302419
    endloop
  endfacet
  facet normal 0 0 1
    outer loop
      vertex -64.6972044184804 7.950000002980232 27.684025148547637
      vertex -64.6972044184804 16.447204418480396 27.684025148547637
      vertex -64.83581930398941 16.58581930398941 27.684025148547637
    endloop
  endfacet
  facet normal 0 1 0
    outer loop
      vertex -64.83581930398941 16.58581930398941 27.40263548302419
      vertex -64.83581930398941 16.58581930398941 27.684025148547637
      vertex -59.16418069601059 16.58581930398941 27.40263548302419
    endloop
  endfacet
  facet normal 0 0 1
    outer loop
      vertex -64.83581930398941 16.58581930398941 27.684025148547637
      vertex -64.6972044184804 16.447204418480396 27.684025148547637
      vertex -59.16418069601059 16.58581930398941 27.684025148547637
    endloop
  endfacet
  facet normal 0 -1 0
    outer loop
      vertex -64.83581930398941 -6.58581930398941 27.40263548302419
      vertex -59.16418069601059 -6.58581930398941 27.40263548302419
      vertex -59.16418069601059 -6.58581930398941 27.684025148547637
    endloop
  endfacet
  facet normal 0 0 1
    outer loop
      vertex -64.83581930398941 -6.58581930398941 27.684025148547637
      vertex -59.16418069601059 -6.58581930398941 27.684025148547637
      vertex -59.302795581519604 -6.447204418480396 27.684025148547637
    endloop
  endfacet
  facet normal 0 0 1
    outer loop
      vertex -59.302795581519604 -6.447204418480396 27.684025148547637
      vertex -59.16418069601059 -6.58581930398941 27.684025148547637
      vertex -59.302795581519604 2.0499999970197678 27.684025148547637
    endloop
  endfacet
  facet normal 1 0 0
    outer loop
      vertex -59.16418069601059 -6.58581930398941 27.40263548302419
      vertex -59.16418069601059 2.0499999970197678 27.684025148547637
      vertex -59.16418069601059 -6.58581930398941 27.684025148547637
    endloop
  endfacet
  facet normal 1 0 0
    outer loop
      vertex -59.16418069601059 -6.58581930398941 27.40263548302419
      vertex -59.16418069601059 2.0499999970197678 27.40263548302419
      vertex -59.16418069601059 2.0499999970197678 27.684025148547637
    endloop
  endfacet
  facet normal 0 0 1
    outer loop
      vertex -59.16418069601059 -6.58581930398941 27.684025148547637
      vertex -59.16418069601059 2.0499999970197678 27.684025148547637
      vertex -59.302795581519604 2.0499999970197678 27.684025148547637
    endloop
  endfacet
  facet normal 0.8090169960692153 -0.5877852499605133 0
    outer loop
      vertex -59.16418069601059 2.0499999970197678 27.40263548302419
      vertex -59.085283771157265 2.1585922986268997 27.40263548302419
      vertex -59.085283771157265 2.1585922986268997 27.684025148547637
    endloop
  endfacet
  facet normal 0.15643437122156822 -0.9876883554545496 0
    outer loop
      vertex -59.085283771157265 2.1585922986268997 27.40263548302419
      vertex -59.04999999701977 2.1641806960105896 27.40263548302419
      vertex -59.04999999701977 2.1641806960105896 27.684025148547637
    endloop
  endfacet
  facet normal 0 0 1
    outer loop
      vertex -59.302795581519604 2.0499999970197678 27.684025148547637
      vertex -59.16418069601059 2.0499999970197678 27.684025148547637
      vertex -59.12811812758446 2.2904228791594505 27.684025148547637
    endloop
  endfacet
  facet normal 0.8090169960692153 -0.5877852499605133 0
    outer loop
      vertex -59.16418069601059 2.0499999970197678 27.40263548302419
      vertex -59.085283771157265 2.1585922986268997 27.684025148547637
      vertex -59.16418069601059 2.0499999970197678 27.684025148547637
    endloop
  endfacet
  facet normal 0.15643437122156822 -0.9876883554545496 0
    outer loop
      vertex -59.085283771157265 2.1585922986268997 27.40263548302419
      vertex -59.04999999701977 2.1641806960105896 27.684025148547637
      vertex -59.085283771157265 2.1585922986268997 27.684025148547637
    endloop
  endfacet
  facet normal 0 0 1
    outer loop
      vertex -59.16418069601059 2.0499999970197678 27.684025148547637
      vertex -59.085283771157265 2.1585922986268997 27.684025148547637
      vertex -59.12811812758446 2.2904228791594505 27.684025148547637
    endloop
  endfacet
  facet normal 0 0 1
    outer loop
      vertex -59.085283771157265 2.1585922986268997 27.684025148547637
      vertex -59.04999999701977 2.3027955815196037 27.684025148547637
      vertex -59.12811812758446 2.2904228791594505 27.684025148547637
    endloop
  endfacet
  facet normal 0 0 1
    outer loop
      vertex -59.085283771157265 2.1585922986268997 27.684025148547637
      vertex -59.04999999701977 2.1641806960105896 27.684025148547637
      vertex -59.04999999701977 2.3027955815196037 27.684025148547637
    endloop
  endfacet
  facet normal 0 -1 0
    outer loop
      vertex -59.04999999701977 2.1641806960105896 27.40263548302419
      vertex -50.41418069601059 2.1641806960105896 27.684025148547637
      vertex -59.04999999701977 2.1641806960105896 27.684025148547637
    endloop
  endfacet
  facet normal 0 0 1
    outer loop
      vertex -59.04999999701977 2.1641806960105896 27.684025148547637
      vertex -50.552795581519604 2.3027955815196037 27.684025148547637
      vertex -59.04999999701977 2.3027955815196037 27.684025148547637
    endloop
  endfacet
  facet normal 0 -1 0
    outer loop
      vertex -59.04999999701977 2.1641806960105896 27.40263548302419
      vertex -50.41418069601059 2.1641806960105896 27.40263548302419
      vertex -50.41418069601059 2.1641806960105896 27.684025148547637
    endloop
  endfacet
  facet normal 0 0 1
    outer loop
      vertex -59.04999999701977 2.1641806960105896 27.684025148547637
      vertex -50.41418069601059 2.1641806960105896 27.684025148547637
      vertex -50.552795581519604 2.3027955815196037 27.684025148547637
    endloop
  endfacet
  facet normal 1 0 0
    outer loop
      vertex -50.41418069601059 2.1641806960105896 27.40263548302419
      vertex -50.41418069601059 7.83581930398941 27.684025148547637
      vertex -50.41418069601059 2.1641806960105896 27.684025148547637
    endloop
  endfacet
  facet normal 0 0 1
    outer loop
      vertex -50.41418069601059 2.1641806960105896 27.684025148547637
      vertex -50.552795581519604 7.697204418480396 27.684025148547637
      vertex -50.552795581519604 2.3027955815196037 27.684025148547637
    endloop
  endfacet
  facet normal 0.5877852499605133 0.8090169960692153 0
    outer loop
      vertex -59.1585922986269 7.914716228842735 27.40263548302419
      vertex -59.1585922986269 7.914716228842735 27.684025148547637
      vertex -59.04999999701977 7.83581930398941 27.40263548302419
    endloop
  endfacet
  facet normal 0.9876883554545496 0.15643437122156822 0
    outer loop
      vertex -59.1585922986269 7.914716228842735 27.40263548302419
      vertex -59.16418069601059 7.950000002980232 27.40263548302419
      vertex -59.16418069601059 7.950000002980232 27.684025148547637
    endloop
  endfacet
  facet normal 0 0 1
    outer loop
      vertex -59.29042287915945 7.871881872415543 27.684025148547637
      vertex -59.1585922986269 7.914716228842735 27.684025148547637
      vertex -59.302795581519604 7.950000002980232 27.684025148547637
    endloop
  endfacet
  facet normal 0 0 1
    outer loop
      vertex -59.302795581519604 7.950000002980232 27.684025148547637
      vertex -59.1585922986269 7.914716228842735 27.684025148547637
      vertex -59.16418069601059 7.950000002980232 27.684025148547637
    endloop
  endfacet
  facet normal 0 0 1
    outer loop
      vertex -59.29042287915945 7.871881872415543 27.684025148547637
      vertex -59.04999999701977 7.697204418480396 27.684025148547637
      vertex -59.04999999701977 7.83581930398941 27.684025148547637
    endloop
  endfacet
  facet normal 0.5877852499605133 0.8090169960692153 0
    outer loop
      vertex -59.04999999701977 7.83581930398941 27.40263548302419
      vertex -59.1585922986269 7.914716228842735 27.684025148547637
      vertex -59.04999999701977 7.83581930398941 27.684025148547637
    endloop
  endfacet
  facet normal 0.9876883554545496 0.15643437122156822 0
    outer loop
      vertex -59.1585922986269 7.914716228842735 27.40263548302419
      vertex -59.16418069601059 7.950000002980232 27.684025148547637
      vertex -59.1585922986269 7.914716228842735 27.684025148547637
    endloop
  endfacet
  facet normal 0 0 1
    outer loop
      vertex -59.29042287915945 7.871881872415543 27.684025148547637
      vertex -59.04999999701977 7.83581930398941 27.684025148547637
      vertex -59.1585922986269 7.914716228842735 27.684025148547637
    endloop
  endfacet
  facet normal 0 0 1
    outer loop
      vertex -59.302795581519604 7.950000002980232 27.684025148547637
      vertex -59.16418069601059 7.950000002980232 27.684025148547637
      vertex -59.302795581519604 16.447204418480396 27.684025148547637
    endloop
  endfacet
  facet normal 1 0 0
    outer loop
      vertex -59.16418069601059 7.950000002980232 27.40263548302419
      vertex -59.16418069601059 16.58581930398941 27.684025148547637
      vertex -59.16418069601059 7.950000002980232 27.684025148547637
    endloop
  endfacet
  facet normal 0 1 0
    outer loop
      vertex -59.04999999701977 7.83581930398941 27.40263548302419
      vertex -59.04999999701977 7.83581930398941 27.684025148547637
      vertex -50.41418069601059 7.83581930398941 27.40263548302419
    endloop
  endfacet
  facet normal 0 0 1
    outer loop
      vertex -59.04999999701977 7.697204418480396 27.684025148547637
      vertex -50.41418069601059 7.83581930398941 27.684025148547637
      vertex -59.04999999701977 7.83581930398941 27.684025148547637
    endloop
  endfacet
  facet normal 1 0 0
    outer loop
      vertex -59.16418069601059 7.950000002980232 27.40263548302419
      vertex -59.16418069601059 16.58581930398941 27.40263548302419
      vertex -59.16418069601059 16.58581930398941 27.684025148547637
    endloop
  endfacet
  facet normal 0 0 1
    outer loop
      vertex -59.16418069601059 7.950000002980232 27.684025148547637
      vertex -59.16418069601059 16.58581930398941 27.684025148547637
      vertex -59.302795581519604 16.447204418480396 27.684025148547637
    endloop
  endfacet
  facet normal 0 1 0
    outer loop
      vertex -64.83581930398941 16.58581930398941 27.684025148547637
      vertex -59.16418069601059 16.58581930398941 27.684025148547637
      vertex -59.16418069601059 16.58581930398941 27.40263548302419
    endloop
  endfacet
  facet normal 0 0 1
    outer loop
      vertex -64.6972044184804 16.447204418480396 27.684025148547637
      vertex -59.302795581519604 16.447204418480396 27.684025148547637
      vertex -59.16418069601059 16.58581930398941 27.684025148547637
    endloop
  endfacet
  facet normal 0 0 1
    outer loop
      vertex -59.04999999701977 7.697204418480396 27.684025148547637
      vertex -50.552795581519604 7.697204418480396 27.684025148547637
      vertex -50.41418069601059 7.83581930398941 27.684025148547637
    endloop
  endfacet
  facet normal 0 1 0
    outer loop
      vertex -59.04999999701977 7.83581930398941 27.684025148547637
      vertex -50.41418069601059 7.83581930398941 27.684025148547637
      vertex -50.41418069601059 7.83581930398941 27.40263548302419
    endloop
  endfacet
  facet normal 1 0 0
    outer loop
      vertex -50.41418069601059 2.1641806960105896 27.40263548302419
      vertex -50.41418069601059 7.83581930398941 27.40263548302419
      vertex -50.41418069601059 7.83581930398941 27.684025148547637
    endloop
  endfacet
  facet normal 0 0 1
    outer loop
      vertex -50.41418069601059 2.1641806960105896 27.684025148547637
      vertex -50.41418069601059 7.83581930398941 27.684025148547637
      vertex -50.552795581519604 7.697204418480396 27.684025148547637
    endloop
  endfacet
  facet normal -1 0 0
    outer loop
      vertex -73.4472044184804 2.3027955815196037 27.684025148547637
      vertex -73.4472044184804 2.3027955815196037 27.943355349529405
      vertex -73.4472044184804 7.697204418480396 27.943355349529405
    endloop
  endfacet
  facet normal 0 0 1
    outer loop
      vertex -73.4472044184804 2.3027955815196037 27.943355349529405
      vertex -73.26066017150879 2.489339828491211 27.943355349529405
      vertex -73.4472044184804 7.697204418480396 27.943355349529405
    endloop
  endfacet
  facet normal 0 -1 0
    outer loop
      vertex -73.4472044184804 2.3027955815196037 27.684025148547637
      vertex -64.95000000298023 2.3027955815196037 27.684025148547637
      vertex -73.4472044184804 2.3027955815196037 27.943355349529405
    endloop
  endfacet
  facet normal 0 0 1
    outer loop
      vertex -73.4472044184804 2.3027955815196037 27.943355349529405
      vertex -64.95000000298023 2.489339828491211 27.943355349529405
      vertex -73.26066017150879 2.489339828491211 27.943355349529405
    endloop
  endfacet
  facet normal 0 -1 0
    outer loop
      vertex -64.6972044184804 -6.447204418480396 27.684025148547637
      vertex -59.302795581519604 -6.447204418480396 27.684025148547637
      vertex -64.6972044184804 -6.447204418480396 27.943355349529405
    endloop
  endfacet
  facet normal 0 0 1
    outer loop
      vertex -64.6972044184804 -6.447204418480396 27.943355349529405
      vertex -59.48933982849121 -6.260660171508789 27.943355349529405
      vertex -64.51066017150879 -6.260660171508789 27.943355349529405
    endloop
  endfacet
  facet normal -1 0 0
    outer loop
      vertex -64.6972044184804 -6.447204418480396 27.684025148547637
      vertex -64.6972044184804 -6.447204418480396 27.943355349529405
      vertex -64.6972044184804 2.0499999970197678 27.943355349529405
    endloop
  endfacet
  facet normal 0 0 1
    outer loop
      vertex -64.6972044184804 -6.447204418480396 27.943355349529405
      vertex -64.51066017150879 -6.260660171508789 27.943355349529405
      vertex -64.6972044184804 2.0499999970197678 27.943355349529405
    endloop
  endfacet
  facet normal 0 -1 0
    outer loop
      vertex -73.4472044184804 2.3027955815196037 27.943355349529405
      vertex -64.95000000298023 2.3027955815196037 27.684025148547637
      vertex -64.95000000298023 2.3027955815196037 27.943355349529405
    endloop
  endfacet
  facet normal 0 0 1
    outer loop
      vertex -73.4472044184804 2.3027955815196037 27.943355349529405
      vertex -64.95000000298023 2.3027955815196037 27.943355349529405
      vertex -64.95000000298023 2.489339828491211 27.943355349529405
    endloop
  endfacet
  facet normal -1 0 0
    outer loop
      vertex -64.6972044184804 -6.447204418480396 27.684025148547637
      vertex -64.6972044184804 2.0499999970197678 27.943355349529405
      vertex -64.6972044184804 2.0499999970197678 27.684025148547637
    endloop
  endfacet
  facet normal 0 0 1
    outer loop
      vertex -64.51066017150879 -6.260660171508789 27.943355349529405
      vertex -64.51066017150879 2.0499999970197678 27.943355349529405
      vertex -64.6972044184804 2.0499999970197678 27.943355349529405
    endloop
  endfacet
  facet normal -0.5877852640864523 -0.8090169858061198 0
    outer loop
      vertex -64.95000000298023 2.3027955815196037 27.684025148547637
      vertex -64.70957712084055 2.1281181275844574 27.684025148547637
      vertex -64.95000000298023 2.3027955815196037 27.943355349529405
    endloop
  endfacet
  facet normal -0.9876883289296876 -0.15643453869296606 0
    outer loop
      vertex -64.6972044184804 2.0499999970197678 27.684025148547637
      vertex -64.70957712084055 2.1281181275844574 27.943355349529405
      vertex -64.70957712084055 2.1281181275844574 27.684025148547637
    endloop
  endfacet
  facet normal -0.9876883289296876 -0.15643453869296606 0
    outer loop
      vertex -64.6972044184804 2.0499999970197678 27.684025148547637
      vertex -64.6972044184804 2.0499999970197678 27.943355349529405
      vertex -64.70957712084055 2.1281181275844574 27.943355349529405
    endloop
  endfacet
  facet normal -0.5877852640864523 -0.8090169858061198 0
    outer loop
      vertex -64.70957712084055 2.1281181275844574 27.684025148547637
      vertex -64.70957712084055 2.1281181275844574 27.943355349529405
      vertex -64.95000000298023 2.3027955815196037 27.943355349529405
    endloop
  endfacet
  facet normal 0 0 1
    outer loop
      vertex -64.6972044184804 2.0499999970197678 27.943355349529405
      vertex -64.51066017150879 2.0499999970197678 27.943355349529405
      vertex -64.70957712084055 2.1281181275844574 27.943355349529405
    endloop
  endfacet
  facet normal 0 0 1
    outer loop
      vertex -64.70957712084055 2.1281181275844574 27.943355349529405
      vertex -64.51066017150879 2.0499999970197678 27.943355349529405
      vertex -64.53216299414635 2.185763470828533 27.943355349529405
    endloop
  endfacet
  facet normal 0 0 1
    outer loop
      vertex -64.95000000298023 2.3027955815196037 27.943355349529405
      vertex -64.70957712084055 2.1281181275844574 27.943355349529405
      vertex -64.53216299414635 2.185763470828533 27.943355349529405
    endloop
  endfacet
  facet normal 0 0 1
    outer loop
      vertex -64.95000000298023 2.3027955815196037 27.943355349529405
      vertex -64.53216299414635 2.185763470828533 27.943355349529405
      vertex -64.95000000298023 2.489339828491211 27.943355349529405
    endloop
  endfacet
  facet normal -1 0 0
    outer loop
      vertex -73.4472044184804 2.3027955815196037 27.684025148547637
      vertex -73.4472044184804 7.697204418480396 27.943355349529405
      vertex -73.4472044184804 7.697204418480396 27.684025148547637
    endloop
  endfacet
  facet normal 0 0 1
    outer loop
      vertex -73.26066017150879 2.489339828491211 27.943355349529405
      vertex -73.26066017150879 7.510660171508789 27.943355349529405
      vertex -73.4472044184804 7.697204418480396 27.943355349529405
    endloop
  endfacet
  facet normal 0 1 0
    outer loop
      vertex -73.4472044184804 7.697204418480396 27.684025148547637
      vertex -73.4472044184804 7.697204418480396 27.943355349529405
      vertex -64.95000000298023 7.697204418480396 27.943355349529405
    endloop
  endfacet
  facet normal 0 0 1
    outer loop
      vertex -73.4472044184804 7.697204418480396 27.943355349529405
      vertex -73.26066017150879 7.510660171508789 27.943355349529405
      vertex -64.95000000298023 7.697204418480396 27.943355349529405
    endloop
  endfacet
  facet normal 0 1 0
    outer loop
      vertex -73.4472044184804 7.697204418480396 27.684025148547637
      vertex -64.95000000298023 7.697204418480396 27.943355349529405
      vertex -64.95000000298023 7.697204418480396 27.684025148547637
    endloop
  endfacet
  facet normal 0 0 1
    outer loop
      vertex -73.26066017150879 7.510660171508789 27.943355349529405
      vertex -64.95000000298023 7.510660171508789 27.943355349529405
      vertex -64.95000000298023 7.697204418480396 27.943355349529405
    endloop
  endfacet
  facet normal -0.15643453869296606 0.9876883289296876 0
    outer loop
      vertex -64.95000000298023 7.697204418480396 27.684025148547637
      vertex -64.87188187241554 7.7095771208405495 27.943355349529405
      vertex -64.87188187241554 7.7095771208405495 27.684025148547637
    endloop
  endfacet
  facet normal -0.15643453869296606 0.9876883289296876 0
    outer loop
      vertex -64.95000000298023 7.697204418480396 27.684025148547637
      vertex -64.95000000298023 7.697204418480396 27.943355349529405
      vertex -64.87188187241554 7.7095771208405495 27.943355349529405
    endloop
  endfacet
  facet normal -0.8090169858061198 0.5877852640864523 0
    outer loop
      vertex -64.87188187241554 7.7095771208405495 27.684025148547637
      vertex -64.87188187241554 7.7095771208405495 27.943355349529405
      vertex -64.6972044184804 7.950000002980232 27.943355349529405
    endloop
  endfacet
  facet normal -0.8090169858061198 0.5877852640864523 0
    outer loop
      vertex -64.87188187241554 7.7095771208405495 27.684025148547637
      vertex -64.6972044184804 7.950000002980232 27.943355349529405
      vertex -64.6972044184804 7.950000002980232 27.684025148547637
    endloop
  endfacet
  facet normal 0 0 1
    outer loop
      vertex -64.95000000298023 7.510660171508789 27.943355349529405
      vertex -64.81423652917147 7.532162994146347 27.943355349529405
      vertex -64.87188187241554 7.7095771208405495 27.943355349529405
    endloop
  endfacet
  facet normal 0 0 1
    outer loop
      vertex -64.95000000298023 7.510660171508789 27.943355349529405
      vertex -64.87188187241554 7.7095771208405495 27.943355349529405
      vertex -64.95000000298023 7.697204418480396 27.943355349529405
    endloop
  endfacet
  facet normal 0 0 1
    outer loop
      vertex -64.87188187241554 7.7095771208405495 27.943355349529405
      vertex -64.81423652917147 7.532162994146347 27.943355349529405
      vertex -64.6972044184804 7.950000002980232 27.943355349529405
    endloop
  endfacet
  facet normal 0 0 1
    outer loop
      vertex -64.81423652917147 7.532162994146347 27.943355349529405
      vertex -64.51066017150879 7.950000002980232 27.943355349529405
      vertex -64.6972044184804 7.950000002980232 27.943355349529405
    endloop
  endfacet
  facet normal -1 0 0
    outer loop
      vertex -64.6972044184804 7.950000002980232 27.684025148547637
      vertex -64.6972044184804 7.950000002980232 27.943355349529405
      vertex -64.6972044184804 16.447204418480396 27.943355349529405
    endloop
  endfacet
  facet normal 0 0 1
    outer loop
      vertex -64.6972044184804 7.950000002980232 27.943355349529405
      vertex -64.51066017150879 7.950000002980232 27.943355349529405
      vertex -64.6972044184804 16.447204418480396 27.943355349529405
    endloop
  endfacet
  facet normal -1 0 0
    outer loop
      vertex -64.6972044184804 7.950000002980232 27.684025148547637
      vertex -64.6972044184804 16.447204418480396 27.943355349529405
      vertex -64.6972044184804 16.447204418480396 27.684025148547637
    endloop
  endfacet
  facet normal 0 0 1
    outer loop
      vertex -64.51066017150879 7.950000002980232 27.943355349529405
      vertex -64.51066017150879 16.26066017150879 27.943355349529405
      vertex -64.6972044184804 16.447204418480396 27.943355349529405
    endloop
  endfacet
  facet normal 0 1 0
    outer loop
      vertex -64.6972044184804 16.447204418480396 27.684025148547637
      vertex -64.6972044184804 16.447204418480396 27.943355349529405
      vertex -59.302795581519604 16.447204418480396 27.943355349529405
    endloop
  endfacet
  facet normal 0 0 1
    outer loop
      vertex -64.51066017150879 16.26066017150879 27.943355349529405
      vertex -59.302795581519604 16.447204418480396 27.943355349529405
      vertex -64.6972044184804 16.447204418480396 27.943355349529405
    endloop
  endfacet
  facet normal 0 -1 0
    outer loop
      vertex -64.6972044184804 -6.447204418480396 27.943355349529405
      vertex -59.302795581519604 -6.447204418480396 27.684025148547637
      vertex -59.302795581519604 -6.447204418480396 27.943355349529405
    endloop
  endfacet
  facet normal 0 0 1
    outer loop
      vertex -64.6972044184804 -6.447204418480396 27.943355349529405
      vertex -59.302795581519604 -6.447204418480396 27.943355349529405
      vertex -59.48933982849121 -6.260660171508789 27.943355349529405
    endloop
  endfacet
  facet normal 1 0 0
    outer loop
      vertex -59.302795581519604 -6.447204418480396 27.684025148547637
      vertex -59.302795581519604 2.0499999970197678 27.684025148547637
      vertex -59.302795581519604 -6.447204418480396 27.943355349529405
    endloop
  endfacet
  facet normal 0 0 1
    outer loop
      vertex -59.302795581519604 -6.447204418480396 27.943355349529405
      vertex -59.48933982849121 2.0499999970197678 27.943355349529405
      vertex -59.48933982849121 -6.260660171508789 27.943355349529405
    endloop
  endfacet
  facet normal 1 0 0
    outer loop
      vertex -59.302795581519604 -6.447204418480396 27.943355349529405
      vertex -59.302795581519604 2.0499999970197678 27.684025148547637
      vertex -59.302795581519604 2.0499999970197678 27.943355349529405
    endloop
  endfacet
  facet normal 0 0 1
    outer loop
      vertex -59.302795581519604 -6.447204418480396 27.943355349529405
      vertex -59.302795581519604 2.0499999970197678 27.943355349529405
      vertex -59.48933982849121 2.0499999970197678 27.943355349529405
    endloop
  endfacet
  facet normal 0.8090169858061198 -0.5877852640864523 0
    outer loop
      vertex -59.302795581519604 2.0499999970197678 27.684025148547637
      vertex -59.12811812758446 2.2904228791594505 27.684025148547637
      vertex -59.302795581519604 2.0499999970197678 27.943355349529405
    endloop
  endfacet
  facet normal 0.8090169858061198 -0.5877852640864523 0
    outer loop
      vertex -59.12811812758446 2.2904228791594505 27.684025148547637
      vertex -59.12811812758446 2.2904228791594505 27.943355349529405
      vertex -59.302795581519604 2.0499999970197678 27.943355349529405
    endloop
  endfacet
  facet normal 0.15643453869296606 -0.9876883289296876 0
    outer loop
      vertex -59.12811812758446 2.2904228791594505 27.684025148547637
      vertex -59.04999999701977 2.3027955815196037 27.684025148547637
      vertex -59.12811812758446 2.2904228791594505 27.943355349529405
    endloop
  endfacet
  facet normal 0.15643453869296606 -0.9876883289296876 0
    outer loop
      vertex -59.04999999701977 2.3027955815196037 27.684025148547637
      vertex -59.04999999701977 2.3027955815196037 27.943355349529405
      vertex -59.12811812758446 2.2904228791594505 27.943355349529405
    endloop
  endfacet
  facet normal 0 0 1
    outer loop
      vertex -59.48933982849121 2.0499999970197678 27.943355349529405
      vertex -59.302795581519604 2.0499999970197678 27.943355349529405
      vertex -59.18576347082853 2.467837005853653 27.943355349529405
    endloop
  endfacet
  facet normal 0 0 1
    outer loop
      vertex -59.302795581519604 2.0499999970197678 27.943355349529405
      vertex -59.12811812758446 2.2904228791594505 27.943355349529405
      vertex -59.18576347082853 2.467837005853653 27.943355349529405
    endloop
  endfacet
  facet normal 0 0 1
    outer loop
      vertex -59.12811812758446 2.2904228791594505 27.943355349529405
      vertex -59.04999999701977 2.3027955815196037 27.943355349529405
      vertex -59.04999999701977 2.489339828491211 27.943355349529405
    endloop
  endfacet
  facet normal 0 0 1
    outer loop
      vertex -59.18576347082853 2.467837005853653 27.943355349529405
      vertex -59.12811812758446 2.2904228791594505 27.943355349529405
      vertex -59.04999999701977 2.489339828491211 27.943355349529405
    endloop
  endfacet
  facet normal 0 -1 0
    outer loop
      vertex -59.04999999701977 2.3027955815196037 27.684025148547637
      vertex -50.552795581519604 2.3027955815196037 27.684025148547637
      vertex -59.04999999701977 2.3027955815196037 27.943355349529405
    endloop
  endfacet
  facet normal 0 0 1
    outer loop
      vertex -59.04999999701977 2.3027955815196037 27.943355349529405
      vertex -50.73933982849121 2.489339828491211 27.943355349529405
      vertex -59.04999999701977 2.489339828491211 27.943355349529405
    endloop
  endfacet
  facet normal 0 -1 0
    outer loop
      vertex -59.04999999701977 2.3027955815196037 27.943355349529405
      vertex -50.552795581519604 2.3027955815196037 27.684025148547637
      vertex -50.552795581519604 2.3027955815196037 27.943355349529405
    endloop
  endfacet
  facet normal 0 0 1
    outer loop
      vertex -59.04999999701977 2.3027955815196037 27.943355349529405
      vertex -50.552795581519604 2.3027955815196037 27.943355349529405
      vertex -50.73933982849121 2.489339828491211 27.943355349529405
    endloop
  endfacet
  facet normal 1 0 0
    outer loop
      vertex -50.552795581519604 2.3027955815196037 27.684025148547637
      vertex -50.552795581519604 7.697204418480396 27.684025148547637
      vertex -50.552795581519604 2.3027955815196037 27.943355349529405
    endloop
  endfacet
  facet normal 0 0 1
    outer loop
      vertex -50.73933982849121 2.489339828491211 27.943355349529405
      vertex -50.552795581519604 2.3027955815196037 27.943355349529405
      vertex -50.73933982849121 7.510660171508789 27.943355349529405
    endloop
  endfacet
  facet normal 0.5877852640864523 0.8090169858061198 0
    outer loop
      vertex -59.29042287915945 7.871881872415543 27.684025148547637
      vertex -59.29042287915945 7.871881872415543 27.943355349529405
      vertex -59.04999999701977 7.697204418480396 27.943355349529405
    endloop
  endfacet
  facet normal 0.9876883289296876 0.15643453869296606 0
    outer loop
      vertex -59.29042287915945 7.871881872415543 27.684025148547637
      vertex -59.302795581519604 7.950000002980232 27.684025148547637
      vertex -59.29042287915945 7.871881872415543 27.943355349529405
    endloop
  endfacet
  facet normal 0.9876883289296876 0.15643453869296606 0
    outer loop
      vertex -59.302795581519604 7.950000002980232 27.684025148547637
      vertex -59.302795581519604 7.950000002980232 27.943355349529405
      vertex -59.29042287915945 7.871881872415543 27.943355349529405
    endloop
  endfacet
  facet normal 0.5877852640864523 0.8090169858061198 0
    outer loop
      vertex -59.29042287915945 7.871881872415543 27.684025148547637
      vertex -59.04999999701977 7.697204418480396 27.943355349529405
      vertex -59.04999999701977 7.697204418480396 27.684025148547637
    endloop
  endfacet
  facet normal 0 0 1
    outer loop
      vertex -59.46783700585365 7.814236529171467 27.943355349529405
      vertex -59.04999999701977 7.510660171508789 27.943355349529405
      vertex -59.04999999701977 7.697204418480396 27.943355349529405
    endloop
  endfacet
  facet normal 0 0 1
    outer loop
      vertex -59.46783700585365 7.814236529171467 27.943355349529405
      vertex -59.04999999701977 7.697204418480396 27.943355349529405
      vertex -59.29042287915945 7.871881872415543 27.943355349529405
    endloop
  endfacet
  facet normal 0 0 1
    outer loop
      vertex -59.46783700585365 7.814236529171467 27.943355349529405
      vertex -59.29042287915945 7.871881872415543 27.943355349529405
      vertex -59.48933982849121 7.950000002980232 27.943355349529405
    endloop
  endfacet
  facet normal 0 0 1
    outer loop
      vertex -59.48933982849121 7.950000002980232 27.943355349529405
      vertex -59.29042287915945 7.871881872415543 27.943355349529405
      vertex -59.302795581519604 7.950000002980232 27.943355349529405
    endloop
  endfacet
  facet normal 1 0 0
    outer loop
      vertex -59.302795581519604 7.950000002980232 27.684025148547637
      vertex -59.302795581519604 16.447204418480396 27.684025148547637
      vertex -59.302795581519604 7.950000002980232 27.943355349529405
    endloop
  endfacet
  facet normal 0 0 1
    outer loop
      vertex -59.48933982849121 7.950000002980232 27.943355349529405
      vertex -59.302795581519604 7.950000002980232 27.943355349529405
      vertex -59.48933982849121 16.26066017150879 27.943355349529405
    endloop
  endfacet
  facet normal 0 1 0
    outer loop
      vertex -59.04999999701977 7.697204418480396 27.684025148547637
      vertex -59.04999999701977 7.697204418480396 27.943355349529405
      vertex -50.552795581519604 7.697204418480396 27.943355349529405
    endloop
  endfacet
  facet normal 0 0 1
    outer loop
      vertex -59.04999999701977 7.510660171508789 27.943355349529405
      vertex -50.552795581519604 7.697204418480396 27.943355349529405
      vertex -59.04999999701977 7.697204418480396 27.943355349529405
    endloop
  endfacet
  facet normal 1 0 0
    outer loop
      vertex -59.302795581519604 7.950000002980232 27.943355349529405
      vertex -59.302795581519604 16.447204418480396 27.684025148547637
      vertex -59.302795581519604 16.447204418480396 27.943355349529405
    endloop
  endfacet
  facet normal 0 0 1
    outer loop
      vertex -59.302795581519604 7.950000002980232 27.943355349529405
      vertex -59.302795581519604 16.447204418480396 27.943355349529405
      vertex -59.48933982849121 16.26066017150879 27.943355349529405
    endloop
  endfacet
  facet normal 0 1 0
    outer loop
      vertex -64.6972044184804 16.447204418480396 27.684025148547637
      vertex -59.302795581519604 16.447204418480396 27.943355349529405
      vertex -59.302795581519604 16.447204418480396 27.684025148547637
    endloop
  endfacet
  facet normal 0 0 1
    outer loop
      vertex -64.51066017150879 16.26066017150879 27.943355349529405
      vertex -59.48933982849121 16.26066017150879 27.943355349529405
      vertex -59.302795581519604 16.447204418480396 27.943355349529405
    endloop
  endfacet
  facet normal 0 1 0
    outer loop
      vertex -59.04999999701977 7.697204418480396 27.684025148547637
      vertex -50.552795581519604 7.697204418480396 27.943355349529405
      vertex -50.552795581519604 7.697204418480396 27.684025148547637
    endloop
  endfacet
  facet normal 0 0 1
    outer loop
      vertex -59.04999999701977 7.510660171508789 27.943355349529405
      vertex -50.73933982849121 7.510660171508789 27.943355349529405
      vertex -50.552795581519604 7.697204418480396 27.943355349529405
    endloop
  endfacet
  facet normal 1 0 0
    outer loop
      vertex -50.552795581519604 2.3027955815196037 27.943355349529405
      vertex -50.552795581519604 7.697204418480396 27.684025148547637
      vertex -50.552795581519604 7.697204418480396 27.943355349529405
    endloop
  endfacet
  facet normal 0 0 1
    outer loop
      vertex -50.552795581519604 2.3027955815196037 27.943355349529405
      vertex -50.552795581519604 7.697204418480396 27.943355349529405
      vertex -50.73933982849121 7.510660171508789 27.943355349529405
    endloop
  endfacet
  facet normal -1 0 0
    outer loop
      vertex -73.26066017150879 2.489339828491211 27.943355349529405
      vertex -73.26066017150879 2.489339828491211 28.170660171779822
      vertex -73.26066017150879 7.510660171508789 28.170660171779822
    endloop
  endfacet
  facet normal 0 0 1
    outer loop
      vertex -73.26066017150879 2.489339828491211 28.170660171779822
      vertex -73.03335535526276 2.7166446447372437 28.170660171779822
      vertex -73.26066017150879 7.510660171508789 28.170660171779822
    endloop
  endfacet
  facet normal 0 -1 0
    outer loop
      vertex -73.26066017150879 2.489339828491211 27.943355349529405
      vertex -64.95000000298023 2.489339828491211 27.943355349529405
      vertex -73.26066017150879 2.489339828491211 28.170660171779822
    endloop
  endfacet
  facet normal 0 0 1
    outer loop
      vertex -73.26066017150879 2.489339828491211 28.170660171779822
      vertex -64.95000000298023 2.489339828491211 28.170660171779822
      vertex -73.03335535526276 2.7166446447372437 28.170660171779822
    endloop
  endfacet
  facet normal 0 -1 0
    outer loop
      vertex -64.51066017150879 -6.260660171508789 27.943355349529405
      vertex -59.48933982849121 -6.260660171508789 27.943355349529405
      vertex -64.51066017150879 -6.260660171508789 28.170660171779822
    endloop
  endfacet
  facet normal 0 0 1
    outer loop
      vertex -64.51066017150879 -6.260660171508789 28.170660171779822
      vertex -59.716644644737244 -6.033355355262756 28.170660171779822
      vertex -64.28335535526276 -6.033355355262756 28.170660171779822
    endloop
  endfacet
  facet normal -1 0 0
    outer loop
      vertex -64.51066017150879 -6.260660171508789 27.943355349529405
      vertex -64.51066017150879 -6.260660171508789 28.170660171779822
      vertex -64.51066017150879 2.0499999970197678 28.170660171779822
    endloop
  endfacet
  facet normal 0 0 1
    outer loop
      vertex -64.51066017150879 -6.260660171508789 28.170660171779822
      vertex -64.28335535526276 -6.033355355262756 28.170660171779822
      vertex -64.51066017150879 2.0499999970197678 28.170660171779822
    endloop
  endfacet
  facet normal 0 -1 0
    outer loop
      vertex -73.26066017150879 2.489339828491211 28.170660171779822
      vertex -64.95000000298023 2.489339828491211 27.943355349529405
      vertex -64.95000000298023 2.489339828491211 28.170660171779822
    endloop
  endfacet
  facet normal 0 0 1
    outer loop
      vertex -73.03335535526276 2.7166446447372437 28.170660171779822
      vertex -64.95000000298023 2.489339828491211 28.170660171779822
      vertex -64.95000000298023 2.7166446447372437 28.170660171779822
    endloop
  endfacet
  facet normal -1 0 0
    outer loop
      vertex -64.51066017150879 -6.260660171508789 27.943355349529405
      vertex -64.51066017150879 2.0499999970197678 28.170660171779822
      vertex -64.51066017150879 2.0499999970197678 27.943355349529405
    endloop
  endfacet
  facet normal 0 0 1
    outer loop
      vertex -64.28335535526276 -6.033355355262756 28.170660171779822
      vertex -64.28335535526276 2.0499999970197678 28.170660171779822
      vertex -64.51066017150879 2.0499999970197678 28.170660171779822
    endloop
  endfacet
  facet normal -0.9876883396713384 -0.15643447087286966 0
    outer loop
      vertex -64.51066017150879 2.0499999970197678 27.943355349529405
      vertex -64.53216299414635 2.185763470828533 28.170660171779822
      vertex -64.53216299414635 2.185763470828533 27.943355349529405
    endloop
  endfacet
  facet normal -0.9876883396713384 -0.15643447087286966 0
    outer loop
      vertex -64.51066017150879 2.0499999970197678 27.943355349529405
      vertex -64.51066017150879 2.0499999970197678 28.170660171779822
      vertex -64.53216299414635 2.185763470828533 28.170660171779822
    endloop
  endfacet
  facet normal 0 0 1
    outer loop
      vertex -64.51066017150879 2.0499999970197678 28.170660171779822
      vertex -64.31598326563835 2.2560045197606087 28.170660171779822
      vertex -64.53216299414635 2.185763470828533 28.170660171779822
    endloop
  endfacet
  facet normal -0.5877852535221071 -0.8090169934815661 0
    outer loop
      vertex -64.95000000298023 2.489339828491211 27.943355349529405
      vertex -64.53216299414635 2.185763470828533 27.943355349529405
      vertex -64.95000000298023 2.489339828491211 28.170660171779822
    endloop
  endfacet
  facet normal -0.5877852535221071 -0.8090169934815661 0
    outer loop
      vertex -64.95000000298023 2.489339828491211 28.170660171779822
      vertex -64.53216299414635 2.185763470828533 27.943355349529405
      vertex -64.53216299414635 2.185763470828533 28.170660171779822
    endloop
  endfacet
  facet normal 0 0 1
    outer loop
      vertex -64.95000000298023 2.489339828491211 28.170660171779822
      vertex -64.53216299414635 2.185763470828533 28.170660171779822
      vertex -64.95000000298023 2.7166446447372437 28.170660171779822
    endloop
  endfacet
  facet normal 0 0 1
    outer loop
      vertex -64.53216299414635 2.185763470828533 28.170660171779822
      vertex -64.31598326563835 2.2560045197606087 28.170660171779822
      vertex -64.95000000298023 2.7166446447372437 28.170660171779822
    endloop
  endfacet
  facet normal 0 0 1
    outer loop
      vertex -64.51066017150879 2.0499999970197678 28.170660171779822
      vertex -64.28335535526276 2.0499999970197678 28.170660171779822
      vertex -64.31598326563835 2.2560045197606087 28.170660171779822
    endloop
  endfacet
  facet normal -1 0 0
    outer loop
      vertex -73.26066017150879 2.489339828491211 27.943355349529405
      vertex -73.26066017150879 7.510660171508789 28.170660171779822
      vertex -73.26066017150879 7.510660171508789 27.943355349529405
    endloop
  endfacet
  facet normal 0 0 1
    outer loop
      vertex -73.03335535526276 2.7166446447372437 28.170660171779822
      vertex -73.03335535526276 7.283355355262756 28.170660171779822
      vertex -73.26066017150879 7.510660171508789 28.170660171779822
    endloop
  endfacet
  facet normal 0 1 0
    outer loop
      vertex -73.26066017150879 7.510660171508789 27.943355349529405
      vertex -73.26066017150879 7.510660171508789 28.170660171779822
      vertex -64.95000000298023 7.510660171508789 28.170660171779822
    endloop
  endfacet
  facet normal 0 0 1
    outer loop
      vertex -73.03335535526276 7.283355355262756 28.170660171779822
      vertex -64.95000000298023 7.510660171508789 28.170660171779822
      vertex -73.26066017150879 7.510660171508789 28.170660171779822
    endloop
  endfacet
  facet normal 0 0 1
    outer loop
      vertex -73.03335535526276 7.283355355262756 28.170660171779822
      vertex -64.95000000298023 7.283355355262756 28.170660171779822
      vertex -64.95000000298023 7.510660171508789 28.170660171779822
    endloop
  endfacet
  facet normal 0 1 0
    outer loop
      vertex -73.26066017150879 7.510660171508789 27.943355349529405
      vertex -64.95000000298023 7.510660171508789 28.170660171779822
      vertex -64.95000000298023 7.510660171508789 27.943355349529405
    endloop
  endfacet
  facet normal 0 0 1
    outer loop
      vertex -64.95000000298023 7.283355355262756 28.170660171779822
      vertex -64.74399548023939 7.315983265638351 28.170660171779822
      vertex -64.95000000298023 7.510660171508789 28.170660171779822
    endloop
  endfacet
  facet normal -0.15643447087286966 0.9876883396713384 0
    outer loop
      vertex -64.95000000298023 7.510660171508789 27.943355349529405
      vertex -64.81423652917147 7.532162994146347 28.170660171779822
      vertex -64.81423652917147 7.532162994146347 27.943355349529405
    endloop
  endfacet
  facet normal -0.15643447087286966 0.9876883396713384 0
    outer loop
      vertex -64.95000000298023 7.510660171508789 27.943355349529405
      vertex -64.95000000298023 7.510660171508789 28.170660171779822
      vertex -64.81423652917147 7.532162994146347 28.170660171779822
    endloop
  endfacet
  facet normal 0 0 1
    outer loop
      vertex -64.74399548023939 7.315983265638351 28.170660171779822
      vertex -64.81423652917147 7.532162994146347 28.170660171779822
      vertex -64.95000000298023 7.510660171508789 28.170660171779822
    endloop
  endfacet
  facet normal -0.8090169934815661 0.5877852535221071 0
    outer loop
      vertex -64.81423652917147 7.532162994146347 27.943355349529405
      vertex -64.51066017150879 7.950000002980232 28.170660171779822
      vertex -64.51066017150879 7.950000002980232 27.943355349529405
    endloop
  endfacet
  facet normal -0.8090169934815661 0.5877852535221071 0
    outer loop
      vertex -64.81423652917147 7.532162994146347 27.943355349529405
      vertex -64.81423652917147 7.532162994146347 28.170660171779822
      vertex -64.51066017150879 7.950000002980232 28.170660171779822
    endloop
  endfacet
  facet normal 0 0 1
    outer loop
      vertex -64.74399548023939 7.315983265638351 28.170660171779822
      vertex -64.28335535526276 7.950000002980232 28.170660171779822
      vertex -64.81423652917147 7.532162994146347 28.170660171779822
    endloop
  endfacet
  facet normal 0 0 1
    outer loop
      vertex -64.81423652917147 7.532162994146347 28.170660171779822
      vertex -64.28335535526276 7.950000002980232 28.170660171779822
      vertex -64.51066017150879 7.950000002980232 28.170660171779822
    endloop
  endfacet
  facet normal -1 0 0
    outer loop
      vertex -64.51066017150879 7.950000002980232 27.943355349529405
      vertex -64.51066017150879 7.950000002980232 28.170660171779822
      vertex -64.51066017150879 16.26066017150879 28.170660171779822
    endloop
  endfacet
  facet normal 0 0 1
    outer loop
      vertex -64.51066017150879 7.950000002980232 28.170660171779822
      vertex -64.28335535526276 7.950000002980232 28.170660171779822
      vertex -64.28335535526276 16.033355355262756 28.170660171779822
    endloop
  endfacet
  facet normal 0 0 1
    outer loop
      vertex -64.51066017150879 7.950000002980232 28.170660171779822
      vertex -64.28335535526276 16.033355355262756 28.170660171779822
      vertex -64.51066017150879 16.26066017150879 28.170660171779822
    endloop
  endfacet
  facet normal -1 0 0
    outer loop
      vertex -64.51066017150879 7.950000002980232 27.943355349529405
      vertex -64.51066017150879 16.26066017150879 28.170660171779822
      vertex -64.51066017150879 16.26066017150879 27.943355349529405
    endloop
  endfacet
  facet normal 0 1 0
    outer loop
      vertex -64.51066017150879 16.26066017150879 27.943355349529405
      vertex -64.51066017150879 16.26066017150879 28.170660171779822
      vertex -59.48933982849121 16.26066017150879 28.170660171779822
    endloop
  endfacet
  facet normal 0 0 1
    outer loop
      vertex -64.51066017150879 16.26066017150879 28.170660171779822
      vertex -64.28335535526276 16.033355355262756 28.170660171779822
      vertex -59.48933982849121 16.26066017150879 28.170660171779822
    endloop
  endfacet
  facet normal 0 0 1
    outer loop
      vertex -64.51066017150879 -6.260660171508789 28.170660171779822
      vertex -59.48933982849121 -6.260660171508789 28.170660171779822
      vertex -59.716644644737244 -6.033355355262756 28.170660171779822
    endloop
  endfacet
  facet normal 0 -1 0
    outer loop
      vertex -64.51066017150879 -6.260660171508789 28.170660171779822
      vertex -59.48933982849121 -6.260660171508789 27.943355349529405
      vertex -59.48933982849121 -6.260660171508789 28.170660171779822
    endloop
  endfacet
  facet normal 1 0 0
    outer loop
      vertex -59.48933982849121 -6.260660171508789 27.943355349529405
      vertex -59.48933982849121 2.0499999970197678 27.943355349529405
      vertex -59.48933982849121 -6.260660171508789 28.170660171779822
    endloop
  endfacet
  facet normal 0 0 1
    outer loop
      vertex -59.716644644737244 -6.033355355262756 28.170660171779822
      vertex -59.48933982849121 -6.260660171508789 28.170660171779822
      vertex -59.48933982849121 2.0499999970197678 28.170660171779822
    endloop
  endfacet
  facet normal 0 0 1
    outer loop
      vertex -59.716644644737244 -6.033355355262756 28.170660171779822
      vertex -59.48933982849121 2.0499999970197678 28.170660171779822
      vertex -59.716644644737244 2.0499999970197678 28.170660171779822
    endloop
  endfacet
  facet normal 1 0 0
    outer loop
      vertex -59.48933982849121 -6.260660171508789 28.170660171779822
      vertex -59.48933982849121 2.0499999970197678 27.943355349529405
      vertex -59.48933982849121 2.0499999970197678 28.170660171779822
    endloop
  endfacet
  facet normal 0.8090169934815661 -0.5877852535221071 0
    outer loop
      vertex -59.48933982849121 2.0499999970197678 27.943355349529405
      vertex -59.18576347082853 2.467837005853653 27.943355349529405
      vertex -59.48933982849121 2.0499999970197678 28.170660171779822
    endloop
  endfacet
  facet normal 0 0 1
    outer loop
      vertex -59.716644644737244 2.0499999970197678 28.170660171779822
      vertex -59.48933982849121 2.0499999970197678 28.170660171779822
      vertex -59.18576347082853 2.467837005853653 28.170660171779822
    endloop
  endfacet
  facet normal 0 0 1
    outer loop
      vertex -59.716644644737244 2.0499999970197678 28.170660171779822
      vertex -59.18576347082853 2.467837005853653 28.170660171779822
      vertex -59.25600451976061 2.6840167343616486 28.170660171779822
    endloop
  endfacet
  facet normal 0.8090169934815661 -0.5877852535221071 0
    outer loop
      vertex -59.48933982849121 2.0499999970197678 28.170660171779822
      vertex -59.18576347082853 2.467837005853653 27.943355349529405
      vertex -59.18576347082853 2.467837005853653 28.170660171779822
    endloop
  endfacet
  facet normal 0.15643447087286966 -0.9876883396713384 0
    outer loop
      vertex -59.18576347082853 2.467837005853653 27.943355349529405
      vertex -59.04999999701977 2.489339828491211 27.943355349529405
      vertex -59.18576347082853 2.467837005853653 28.170660171779822
    endloop
  endfacet
  facet normal 0.15643447087286966 -0.9876883396713384 0
    outer loop
      vertex -59.18576347082853 2.467837005853653 28.170660171779822
      vertex -59.04999999701977 2.489339828491211 27.943355349529405
      vertex -59.04999999701977 2.489339828491211 28.170660171779822
    endloop
  endfacet
  facet normal 0 0 1
    outer loop
      vertex -59.18576347082853 2.467837005853653 28.170660171779822
      vertex -59.04999999701977 2.489339828491211 28.170660171779822
      vertex -59.25600451976061 2.6840167343616486 28.170660171779822
    endloop
  endfacet
  facet normal 0 0 1
    outer loop
      vertex -59.04999999701977 2.489339828491211 28.170660171779822
      vertex -59.04999999701977 2.7166446447372437 28.170660171779822
      vertex -59.25600451976061 2.6840167343616486 28.170660171779822
    endloop
  endfacet
  facet normal 0 -1 0
    outer loop
      vertex -59.04999999701977 2.489339828491211 27.943355349529405
      vertex -50.73933982849121 2.489339828491211 27.943355349529405
      vertex -59.04999999701977 2.489339828491211 28.170660171779822
    endloop
  endfacet
  facet normal 0 0 1
    outer loop
      vertex -59.04999999701977 2.489339828491211 28.170660171779822
      vertex -50.966644644737244 2.7166446447372437 28.170660171779822
      vertex -59.04999999701977 2.7166446447372437 28.170660171779822
    endloop
  endfacet
  facet normal 0 0 1
    outer loop
      vertex -59.04999999701977 2.489339828491211 28.170660171779822
      vertex -50.73933982849121 2.489339828491211 28.170660171779822
      vertex -50.966644644737244 2.7166446447372437 28.170660171779822
    endloop
  endfacet
  facet normal 0 -1 0
    outer loop
      vertex -59.04999999701977 2.489339828491211 28.170660171779822
      vertex -50.73933982849121 2.489339828491211 27.943355349529405
      vertex -50.73933982849121 2.489339828491211 28.170660171779822
    endloop
  endfacet
  facet normal 1 0 0
    outer loop
      vertex -50.73933982849121 2.489339828491211 27.943355349529405
      vertex -50.73933982849121 7.510660171508789 27.943355349529405
      vertex -50.73933982849121 2.489339828491211 28.170660171779822
    endloop
  endfacet
  facet normal 0 0 1
    outer loop
      vertex -50.73933982849121 2.489339828491211 28.170660171779822
      vertex -50.966644644737244 7.283355355262756 28.170660171779822
      vertex -50.966644644737244 2.7166446447372437 28.170660171779822
    endloop
  endfacet
  facet normal 0 0 1
    outer loop
      vertex -59.68401673436165 7.743995480239391 28.170660171779822
      vertex -59.48933982849121 7.950000002980232 28.170660171779822
      vertex -59.716644644737244 7.950000002980232 28.170660171779822
    endloop
  endfacet
  facet normal 0.5877852535221071 0.8090169934815661 0
    outer loop
      vertex -59.46783700585365 7.814236529171467 27.943355349529405
      vertex -59.04999999701977 7.510660171508789 28.170660171779822
      vertex -59.04999999701977 7.510660171508789 27.943355349529405
    endloop
  endfacet
  facet normal 0 0 1
    outer loop
      vertex -59.68401673436165 7.743995480239391 28.170660171779822
      vertex -59.04999999701977 7.283355355262756 28.170660171779822
      vertex -59.46783700585365 7.814236529171467 28.170660171779822
    endloop
  endfacet
  facet normal 0 0 1
    outer loop
      vertex -59.04999999701977 7.283355355262756 28.170660171779822
      vertex -59.04999999701977 7.510660171508789 28.170660171779822
      vertex -59.46783700585365 7.814236529171467 28.170660171779822
    endloop
  endfacet
  facet normal 0.5877852535221071 0.8090169934815661 0
    outer loop
      vertex -59.46783700585365 7.814236529171467 27.943355349529405
      vertex -59.46783700585365 7.814236529171467 28.170660171779822
      vertex -59.04999999701977 7.510660171508789 28.170660171779822
    endloop
  endfacet
  facet normal 0.9876883396713384 0.15643447087286966 0
    outer loop
      vertex -59.46783700585365 7.814236529171467 27.943355349529405
      vertex -59.48933982849121 7.950000002980232 27.943355349529405
      vertex -59.46783700585365 7.814236529171467 28.170660171779822
    endloop
  endfacet
  facet normal 0.9876883396713384 0.15643447087286966 0
    outer loop
      vertex -59.46783700585365 7.814236529171467 28.170660171779822
      vertex -59.48933982849121 7.950000002980232 27.943355349529405
      vertex -59.48933982849121 7.950000002980232 28.170660171779822
    endloop
  endfacet
  facet normal 0 0 1
    outer loop
      vertex -59.68401673436165 7.743995480239391 28.170660171779822
      vertex -59.46783700585365 7.814236529171467 28.170660171779822
      vertex -59.48933982849121 7.950000002980232 28.170660171779822
    endloop
  endfacet
  facet normal 0 0 1
    outer loop
      vertex -59.716644644737244 7.950000002980232 28.170660171779822
      vertex -59.48933982849121 7.950000002980232 28.170660171779822
      vertex -59.716644644737244 16.033355355262756 28.170660171779822
    endloop
  endfacet
  facet normal 1 0 0
    outer loop
      vertex -59.48933982849121 7.950000002980232 27.943355349529405
      vertex -59.48933982849121 16.26066017150879 27.943355349529405
      vertex -59.48933982849121 7.950000002980232 28.170660171779822
    endloop
  endfacet
  facet normal 0 0 1
    outer loop
      vertex -59.04999999701977 7.283355355262756 28.170660171779822
      vertex -50.966644644737244 7.283355355262756 28.170660171779822
      vertex -59.04999999701977 7.510660171508789 28.170660171779822
    endloop
  endfacet
  facet normal 0 1 0
    outer loop
      vertex -59.04999999701977 7.510660171508789 27.943355349529405
      vertex -59.04999999701977 7.510660171508789 28.170660171779822
      vertex -50.73933982849121 7.510660171508789 28.170660171779822
    endloop
  endfacet
  facet normal 0 0 1
    outer loop
      vertex -59.48933982849121 7.950000002980232 28.170660171779822
      vertex -59.48933982849121 16.26066017150879 28.170660171779822
      vertex -59.716644644737244 16.033355355262756 28.170660171779822
    endloop
  endfacet
  facet normal 1 0 0
    outer loop
      vertex -59.48933982849121 7.950000002980232 28.170660171779822
      vertex -59.48933982849121 16.26066017150879 27.943355349529405
      vertex -59.48933982849121 16.26066017150879 28.170660171779822
    endloop
  endfacet
  facet normal 0 1 0
    outer loop
      vertex -64.51066017150879 16.26066017150879 27.943355349529405
      vertex -59.48933982849121 16.26066017150879 28.170660171779822
      vertex -59.48933982849121 16.26066017150879 27.943355349529405
    endloop
  endfacet
  facet normal 0 0 1
    outer loop
      vertex -64.28335535526276 16.033355355262756 28.170660171779822
      vertex -59.716644644737244 16.033355355262756 28.170660171779822
      vertex -59.48933982849121 16.26066017150879 28.170660171779822
    endloop
  endfacet
  facet normal 0 0 1
    outer loop
      vertex -59.04999999701977 7.510660171508789 28.170660171779822
      vertex -50.966644644737244 7.283355355262756 28.170660171779822
      vertex -50.73933982849121 7.510660171508789 28.170660171779822
    endloop
  endfacet
  facet normal 0 1 0
    outer loop
      vertex -59.04999999701977 7.510660171508789 27.943355349529405
      vertex -50.73933982849121 7.510660171508789 28.170660171779822
      vertex -50.73933982849121 7.510660171508789 27.943355349529405
    endloop
  endfacet
  facet normal 0 0 1
    outer loop
      vertex -50.73933982849121 2.489339828491211 28.170660171779822
      vertex -50.73933982849121 7.510660171508789 28.170660171779822
      vertex -50.966644644737244 7.283355355262756 28.170660171779822
    endloop
  endfacet
  facet normal 1 0 0
    outer loop
      vertex -50.73933982849121 2.489339828491211 28.170660171779822
      vertex -50.73933982849121 7.510660171508789 27.943355349529405
      vertex -50.73933982849121 7.510660171508789 28.170660171779822
    endloop
  endfacet
  facet normal -1 0 0
    outer loop
      vertex -73.03335535526276 2.7166446447372437 28.170660171779822
      vertex -73.03335535526276 2.7166446447372437 28.35720441845382
      vertex -73.03335535526276 7.283355355262756 28.170660171779822
    endloop
  endfacet
  facet normal 0 0 1
    outer loop
      vertex -73.03335535526276 2.7166446447372437 28.35720441845382
      vertex -72.77402514964342 2.975974850356579 28.35720441845382
      vertex -73.03335535526276 7.283355355262756 28.35720441845382
    endloop
  endfacet
  facet normal 0 -1 0
    outer loop
      vertex -73.03335535526276 2.7166446447372437 28.170660171779822
      vertex -64.95000000298023 2.7166446447372437 28.35720441845382
      vertex -73.03335535526276 2.7166446447372437 28.35720441845382
    endloop
  endfacet
  facet normal 0 0 1
    outer loop
      vertex -73.03335535526276 2.7166446447372437 28.35720441845382
      vertex -64.95000000298023 2.975974850356579 28.35720441845382
      vertex -72.77402514964342 2.975974850356579 28.35720441845382
    endloop
  endfacet
  facet normal 0 -1 0
    outer loop
      vertex -64.28335535526276 -6.033355355262756 28.170660171779822
      vertex -59.716644644737244 -6.033355355262756 28.35720441845382
      vertex -64.28335535526276 -6.033355355262756 28.35720441845382
    endloop
  endfacet
  facet normal 0 0 1
    outer loop
      vertex -64.28335535526276 -6.033355355262756 28.35720441845382
      vertex -59.97597485035658 -5.774025149643421 28.35720441845382
      vertex -64.02402514964342 -5.774025149643421 28.35720441845382
    endloop
  endfacet
  facet normal -1 0 0
    outer loop
      vertex -64.28335535526276 -6.033355355262756 28.170660171779822
      vertex -64.28335535526276 -6.033355355262756 28.35720441845382
      vertex -64.28335535526276 2.0499999970197678 28.170660171779822
    endloop
  endfacet
  facet normal 0 0 1
    outer loop
      vertex -64.28335535526276 -6.033355355262756 28.35720441845382
      vertex -64.02402514964342 -5.774025149643421 28.35720441845382
      vertex -64.28335535526276 2.0499999970197678 28.35720441845382
    endloop
  endfacet
  facet normal 0 -1 0
    outer loop
      vertex -73.03335535526276 2.7166446447372437 28.170660171779822
      vertex -64.95000000298023 2.7166446447372437 28.170660171779822
      vertex -64.95000000298023 2.7166446447372437 28.35720441845382
    endloop
  endfacet
  facet normal 0 0 1
    outer loop
      vertex -73.03335535526276 2.7166446447372437 28.35720441845382
      vertex -64.95000000298023 2.7166446447372437 28.35720441845382
      vertex -64.95000000298023 2.975974850356579 28.35720441845382
    endloop
  endfacet
  facet normal -1 0 0
    outer loop
      vertex -64.28335535526276 -6.033355355262756 28.35720441845382
      vertex -64.28335535526276 2.0499999970197678 28.35720441845382
      vertex -64.28335535526276 2.0499999970197678 28.170660171779822
    endloop
  endfacet
  facet normal 0 0 1
    outer loop
      vertex -64.02402514964342 -5.774025149643421 28.35720441845382
      vertex -64.02402514964342 2.0499999970197678 28.35720441845382
      vertex -64.28335535526276 2.0499999970197678 28.35720441845382
    endloop
  endfacet
  facet normal -0.5877852538212875 -0.8090169932641988 0
    outer loop
      vertex -64.95000000298023 2.7166446447372437 28.170660171779822
      vertex -64.31598326563835 2.2560045197606087 28.170660171779822
      vertex -64.31598326563835 2.2560045197606087 28.35720441845382
    endloop
  endfacet
  facet normal -0.5877852538212875 -0.8090169932641988 0
    outer loop
      vertex -64.95000000298023 2.7166446447372437 28.170660171779822
      vertex -64.31598326563835 2.2560045197606087 28.35720441845382
      vertex -64.95000000298023 2.7166446447372437 28.35720441845382
    endloop
  endfacet
  facet normal 0 0 1
    outer loop
      vertex -64.95000000298023 2.7166446447372437 28.35720441845382
      vertex -64.31598326563835 2.2560045197606087 28.35720441845382
      vertex -64.06934558600187 2.336141958832741 28.35720441845382
    endloop
  endfacet
  facet normal 0 0 1
    outer loop
      vertex -64.95000000298023 2.7166446447372437 28.35720441845382
      vertex -64.06934558600187 2.336141958832741 28.35720441845382
      vertex -64.95000000298023 2.975974850356579 28.35720441845382
    endloop
  endfacet
  facet normal -0.9876883410863089 -0.15643446193909874 0
    outer loop
      vertex -64.28335535526276 2.0499999970197678 28.170660171779822
      vertex -64.28335535526276 2.0499999970197678 28.35720441845382
      vertex -64.31598326563835 2.2560045197606087 28.170660171779822
    endloop
  endfacet
  facet normal 0 0 1
    outer loop
      vertex -64.28335535526276 2.0499999970197678 28.35720441845382
      vertex -64.02402514964342 2.0499999970197678 28.35720441845382
      vertex -64.31598326563835 2.2560045197606087 28.35720441845382
    endloop
  endfacet
  facet normal -0.9876883410863089 -0.15643446193909874 0
    outer loop
      vertex -64.31598326563835 2.2560045197606087 28.170660171779822
      vertex -64.28335535526276 2.0499999970197678 28.35720441845382
      vertex -64.31598326563835 2.2560045197606087 28.35720441845382
    endloop
  endfacet
  facet normal 0 0 1
    outer loop
      vertex -64.02402514964342 2.0499999970197678 28.35720441845382
      vertex -64.06934558600187 2.336141958832741 28.35720441845382
      vertex -64.31598326563835 2.2560045197606087 28.35720441845382
    endloop
  endfacet
  facet normal -1 0 0
    outer loop
      vertex -73.03335535526276 2.7166446447372437 28.35720441845382
      vertex -73.03335535526276 7.283355355262756 28.35720441845382
      vertex -73.03335535526276 7.283355355262756 28.170660171779822
    endloop
  endfacet
  facet normal 0 0 1
    outer loop
      vertex -72.77402514964342 2.975974850356579 28.35720441845382
      vertex -72.77402514964342 7.024025149643421 28.35720441845382
      vertex -73.03335535526276 7.283355355262756 28.35720441845382
    endloop
  endfacet
  facet normal 0 1 0
    outer loop
      vertex -73.03335535526276 7.283355355262756 28.170660171779822
      vertex -73.03335535526276 7.283355355262756 28.35720441845382
      vertex -64.95000000298023 7.283355355262756 28.170660171779822
    endloop
  endfacet
  facet normal 0 0 1
    outer loop
      vertex -73.03335535526276 7.283355355262756 28.35720441845382
      vertex -72.77402514964342 7.024025149643421 28.35720441845382
      vertex -64.95000000298023 7.283355355262756 28.35720441845382
    endloop
  endfacet
  facet normal 0 1 0
    outer loop
      vertex -73.03335535526276 7.283355355262756 28.35720441845382
      vertex -64.95000000298023 7.283355355262756 28.35720441845382
      vertex -64.95000000298023 7.283355355262756 28.170660171779822
    endloop
  endfacet
  facet normal 0 0 1
    outer loop
      vertex -72.77402514964342 7.024025149643421 28.35720441845382
      vertex -64.95000000298023 7.024025149643421 28.35720441845382
      vertex -64.95000000298023 7.283355355262756 28.35720441845382
    endloop
  endfacet
  facet normal -0.15643446193909874 0.9876883410863089 0
    outer loop
      vertex -64.95000000298023 7.283355355262756 28.170660171779822
      vertex -64.95000000298023 7.283355355262756 28.35720441845382
      vertex -64.74399548023939 7.315983265638351 28.170660171779822
    endloop
  endfacet
  facet normal 0 0 1
    outer loop
      vertex -64.95000000298023 7.024025149643421 28.35720441845382
      vertex -64.74399548023939 7.315983265638351 28.35720441845382
      vertex -64.95000000298023 7.283355355262756 28.35720441845382
    endloop
  endfacet
  facet normal 0 0 1
    outer loop
      vertex -64.95000000298023 7.024025149643421 28.35720441845382
      vertex -64.66385804116726 7.069345586001873 28.35720441845382
      vertex -64.74399548023939 7.315983265638351 28.35720441845382
    endloop
  endfacet
  facet normal -0.15643446193909874 0.9876883410863089 0
    outer loop
      vertex -64.74399548023939 7.315983265638351 28.170660171779822
      vertex -64.95000000298023 7.283355355262756 28.35720441845382
      vertex -64.74399548023939 7.315983265638351 28.35720441845382
    endloop
  endfacet
  facet normal -0.8090169932641988 0.5877852538212875 0
    outer loop
      vertex -64.74399548023939 7.315983265638351 28.170660171779822
      vertex -64.74399548023939 7.315983265638351 28.35720441845382
      vertex -64.28335535526276 7.950000002980232 28.170660171779822
    endloop
  endfacet
  facet normal 0 0 1
    outer loop
      vertex -64.66385804116726 7.069345586001873 28.35720441845382
      vertex -64.28335535526276 7.950000002980232 28.35720441845382
      vertex -64.74399548023939 7.315983265638351 28.35720441845382
    endloop
  endfacet
  facet normal -0.8090169932641988 0.5877852538212875 0
    outer loop
      vertex -64.74399548023939 7.315983265638351 28.35720441845382
      vertex -64.28335535526276 7.950000002980232 28.35720441845382
      vertex -64.28335535526276 7.950000002980232 28.170660171779822
    endloop
  endfacet
  facet normal 0 0 1
    outer loop
      vertex -64.66385804116726 7.069345586001873 28.35720441845382
      vertex -64.02402514964342 7.950000002980232 28.35720441845382
      vertex -64.28335535526276 7.950000002980232 28.35720441845382
    endloop
  endfacet
  facet normal -1 0 0
    outer loop
      vertex -64.28335535526276 7.950000002980232 28.170660171779822
      vertex -64.28335535526276 7.950000002980232 28.35720441845382
      vertex -64.28335535526276 16.033355355262756 28.170660171779822
    endloop
  endfacet
  facet normal 0 0 1
    outer loop
      vertex -64.28335535526276 7.950000002980232 28.35720441845382
      vertex -64.02402514964342 7.950000002980232 28.35720441845382
      vertex -64.28335535526276 16.033355355262756 28.35720441845382
    endloop
  endfacet
  facet normal -1 0 0
    outer loop
      vertex -64.28335535526276 7.950000002980232 28.35720441845382
      vertex -64.28335535526276 16.033355355262756 28.35720441845382
      vertex -64.28335535526276 16.033355355262756 28.170660171779822
    endloop
  endfacet
  facet normal 0 0 1
    outer loop
      vertex -64.02402514964342 7.950000002980232 28.35720441845382
      vertex -64.02402514964342 15.774025149643421 28.35720441845382
      vertex -64.28335535526276 16.033355355262756 28.35720441845382
    endloop
  endfacet
  facet normal 0 1 0
    outer loop
      vertex -64.28335535526276 16.033355355262756 28.170660171779822
      vertex -64.28335535526276 16.033355355262756 28.35720441845382
      vertex -59.716644644737244 16.033355355262756 28.170660171779822
    endloop
  endfacet
  facet normal 0 0 1
    outer loop
      vertex -64.02402514964342 15.774025149643421 28.35720441845382
      vertex -59.716644644737244 16.033355355262756 28.35720441845382
      vertex -64.28335535526276 16.033355355262756 28.35720441845382
    endloop
  endfacet
  facet normal 0 -1 0
    outer loop
      vertex -64.28335535526276 -6.033355355262756 28.170660171779822
      vertex -59.716644644737244 -6.033355355262756 28.170660171779822
      vertex -59.716644644737244 -6.033355355262756 28.35720441845382
    endloop
  endfacet
  facet normal 0 0 1
    outer loop
      vertex -64.28335535526276 -6.033355355262756 28.35720441845382
      vertex -59.716644644737244 -6.033355355262756 28.35720441845382
      vertex -59.97597485035658 -5.774025149643421 28.35720441845382
    endloop
  endfacet
  facet normal 0 0 1
    outer loop
      vertex -59.716644644737244 -6.033355355262756 28.35720441845382
      vertex -59.97597485035658 2.0499999970197678 28.35720441845382
      vertex -59.97597485035658 -5.774025149643421 28.35720441845382
    endloop
  endfacet
  facet normal 1 0 0
    outer loop
      vertex -59.716644644737244 -6.033355355262756 28.170660171779822
      vertex -59.716644644737244 2.0499999970197678 28.35720441845382
      vertex -59.716644644737244 -6.033355355262756 28.35720441845382
    endloop
  endfacet
  facet normal 1 0 0
    outer loop
      vertex -59.716644644737244 -6.033355355262756 28.170660171779822
      vertex -59.716644644737244 2.0499999970197678 28.170660171779822
      vertex -59.716644644737244 2.0499999970197678 28.35720441845382
    endloop
  endfacet
  facet normal 0 0 1
    outer loop
      vertex -59.716644644737244 -6.033355355262756 28.35720441845382
      vertex -59.716644644737244 2.0499999970197678 28.35720441845382
      vertex -59.97597485035658 2.0499999970197678 28.35720441845382
    endloop
  endfacet
  facet normal 0 0 1
    outer loop
      vertex -59.97597485035658 2.0499999970197678 28.35720441845382
      vertex -59.716644644737244 2.0499999970197678 28.35720441845382
      vertex -59.33614195883274 2.930654413998127 28.35720441845382
    endloop
  endfacet
  facet normal 0.8090169932641988 -0.5877852538212875 0
    outer loop
      vertex -59.716644644737244 2.0499999970197678 28.170660171779822
      vertex -59.25600451976061 2.6840167343616486 28.170660171779822
      vertex -59.25600451976061 2.6840167343616486 28.35720441845382
    endloop
  endfacet
  facet normal 0.8090169932641988 -0.5877852538212875 0
    outer loop
      vertex -59.716644644737244 2.0499999970197678 28.170660171779822
      vertex -59.25600451976061 2.6840167343616486 28.35720441845382
      vertex -59.716644644737244 2.0499999970197678 28.35720441845382
    endloop
  endfacet
  facet normal 0 0 1
    outer loop
      vertex -59.716644644737244 2.0499999970197678 28.35720441845382
      vertex -59.25600451976061 2.6840167343616486 28.35720441845382
      vertex -59.33614195883274 2.930654413998127 28.35720441845382
    endloop
  endfacet
  facet normal 0.15643446193909874 -0.9876883410863089 0
    outer loop
      vertex -59.25600451976061 2.6840167343616486 28.170660171779822
      vertex -59.04999999701977 2.7166446447372437 28.170660171779822
      vertex -59.04999999701977 2.7166446447372437 28.35720441845382
    endloop
  endfacet
  facet normal 0.15643446193909874 -0.9876883410863089 0
    outer loop
      vertex -59.25600451976061 2.6840167343616486 28.170660171779822
      vertex -59.04999999701977 2.7166446447372437 28.35720441845382
      vertex -59.25600451976061 2.6840167343616486 28.35720441845382
    endloop
  endfacet
  facet normal 0 0 1
    outer loop
      vertex -59.25600451976061 2.6840167343616486 28.35720441845382
      vertex -59.04999999701977 2.975974850356579 28.35720441845382
      vertex -59.33614195883274 2.930654413998127 28.35720441845382
    endloop
  endfacet
  facet normal 0 0 1
    outer loop
      vertex -59.25600451976061 2.6840167343616486 28.35720441845382
      vertex -59.04999999701977 2.7166446447372437 28.35720441845382
      vertex -59.04999999701977 2.975974850356579 28.35720441845382
    endloop
  endfacet
  facet normal 0 0 1
    outer loop
      vertex -59.04999999701977 2.7166446447372437 28.35720441845382
      vertex -51.22597485035658 2.975974850356579 28.35720441845382
      vertex -59.04999999701977 2.975974850356579 28.35720441845382
    endloop
  endfacet
  facet normal 0 -1 0
    outer loop
      vertex -59.04999999701977 2.7166446447372437 28.170660171779822
      vertex -50.966644644737244 2.7166446447372437 28.35720441845382
      vertex -59.04999999701977 2.7166446447372437 28.35720441845382
    endloop
  endfacet
  facet normal 0 -1 0
    outer loop
      vertex -59.04999999701977 2.7166446447372437 28.170660171779822
      vertex -50.966644644737244 2.7166446447372437 28.170660171779822
      vertex -50.966644644737244 2.7166446447372437 28.35720441845382
    endloop
  endfacet
  facet normal 0 0 1
    outer loop
      vertex -59.04999999701977 2.7166446447372437 28.35720441845382
      vertex -50.966644644737244 2.7166446447372437 28.35720441845382
      vertex -51.22597485035658 2.975974850356579 28.35720441845382
    endloop
  endfacet
  facet normal 0 0 1
    outer loop
      vertex -51.22597485035658 2.975974850356579 28.35720441845382
      vertex -50.966644644737244 2.7166446447372437 28.35720441845382
      vertex -51.22597485035658 7.024025149643421 28.35720441845382
    endloop
  endfacet
  facet normal 1 0 0
    outer loop
      vertex -50.966644644737244 2.7166446447372437 28.170660171779822
      vertex -50.966644644737244 7.283355355262756 28.35720441845382
      vertex -50.966644644737244 2.7166446447372437 28.35720441845382
    endloop
  endfacet
  facet normal 0.9876883410863089 0.15643446193909874 0
    outer loop
      vertex -59.68401673436165 7.743995480239391 28.170660171779822
      vertex -59.716644644737244 7.950000002980232 28.170660171779822
      vertex -59.716644644737244 7.950000002980232 28.35720441845382
    endloop
  endfacet
  facet normal 0 0 1
    outer loop
      vertex -59.93065441399813 7.663858041167259 28.35720441845382
      vertex -59.68401673436165 7.743995480239391 28.35720441845382
      vertex -59.97597485035658 7.950000002980232 28.35720441845382
    endloop
  endfacet
  facet normal 0.9876883410863089 0.15643446193909874 0
    outer loop
      vertex -59.68401673436165 7.743995480239391 28.170660171779822
      vertex -59.716644644737244 7.950000002980232 28.35720441845382
      vertex -59.68401673436165 7.743995480239391 28.35720441845382
    endloop
  endfacet
  facet normal 0 0 1
    outer loop
      vertex -59.68401673436165 7.743995480239391 28.35720441845382
      vertex -59.716644644737244 7.950000002980232 28.35720441845382
      vertex -59.97597485035658 7.950000002980232 28.35720441845382
    endloop
  endfacet
  facet normal 0 0 1
    outer loop
      vertex -59.93065441399813 7.663858041167259 28.35720441845382
      vertex -59.04999999701977 7.024025149643421 28.35720441845382
      vertex -59.04999999701977 7.283355355262756 28.35720441845382
    endloop
  endfacet
  facet normal 0.5877852538212875 0.8090169932641988 0
    outer loop
      vertex -59.68401673436165 7.743995480239391 28.170660171779822
      vertex -59.68401673436165 7.743995480239391 28.35720441845382
      vertex -59.04999999701977 7.283355355262756 28.170660171779822
    endloop
  endfacet
  facet normal 0 0 1
    outer loop
      vertex -59.93065441399813 7.663858041167259 28.35720441845382
      vertex -59.04999999701977 7.283355355262756 28.35720441845382
      vertex -59.68401673436165 7.743995480239391 28.35720441845382
    endloop
  endfacet
  facet normal 0.5877852538212875 0.8090169932641988 0
    outer loop
      vertex -59.68401673436165 7.743995480239391 28.35720441845382
      vertex -59.04999999701977 7.283355355262756 28.35720441845382
      vertex -59.04999999701977 7.283355355262756 28.170660171779822
    endloop
  endfacet
  facet normal 0 0 1
    outer loop
      vertex -59.97597485035658 7.950000002980232 28.35720441845382
      vertex -59.716644644737244 7.950000002980232 28.35720441845382
      vertex -59.97597485035658 15.774025149643421 28.35720441845382
    endloop
  endfacet
  facet normal 1 0 0
    outer loop
      vertex -59.716644644737244 7.950000002980232 28.170660171779822
      vertex -59.716644644737244 16.033355355262756 28.35720441845382
      vertex -59.716644644737244 7.950000002980232 28.35720441845382
    endloop
  endfacet
  facet normal 0 1 0
    outer loop
      vertex -59.04999999701977 7.283355355262756 28.170660171779822
      vertex -59.04999999701977 7.283355355262756 28.35720441845382
      vertex -50.966644644737244 7.283355355262756 28.170660171779822
    endloop
  endfacet
  facet normal 0 0 1
    outer loop
      vertex -59.04999999701977 7.024025149643421 28.35720441845382
      vertex -50.966644644737244 7.283355355262756 28.35720441845382
      vertex -59.04999999701977 7.283355355262756 28.35720441845382
    endloop
  endfacet
  facet normal 1 0 0
    outer loop
      vertex -59.716644644737244 7.950000002980232 28.170660171779822
      vertex -59.716644644737244 16.033355355262756 28.170660171779822
      vertex -59.716644644737244 16.033355355262756 28.35720441845382
    endloop
  endfacet
  facet normal 0 0 1
    outer loop
      vertex -59.716644644737244 7.950000002980232 28.35720441845382
      vertex -59.716644644737244 16.033355355262756 28.35720441845382
      vertex -59.97597485035658 15.774025149643421 28.35720441845382
    endloop
  endfacet
  facet normal 0 0 1
    outer loop
      vertex -64.02402514964342 15.774025149643421 28.35720441845382
      vertex -59.97597485035658 15.774025149643421 28.35720441845382
      vertex -59.716644644737244 16.033355355262756 28.35720441845382
    endloop
  endfacet
  facet normal 0 1 0
    outer loop
      vertex -64.28335535526276 16.033355355262756 28.35720441845382
      vertex -59.716644644737244 16.033355355262756 28.35720441845382
      vertex -59.716644644737244 16.033355355262756 28.170660171779822
    endloop
  endfacet
  facet normal 0 0 1
    outer loop
      vertex -59.04999999701977 7.024025149643421 28.35720441845382
      vertex -51.22597485035658 7.024025149643421 28.35720441845382
      vertex -50.966644644737244 7.283355355262756 28.35720441845382
    endloop
  endfacet
  facet normal 0 1 0
    outer loop
      vertex -59.04999999701977 7.283355355262756 28.35720441845382
      vertex -50.966644644737244 7.283355355262756 28.35720441845382
      vertex -50.966644644737244 7.283355355262756 28.170660171779822
    endloop
  endfacet
  facet normal 1 0 0
    outer loop
      vertex -50.966644644737244 2.7166446447372437 28.170660171779822
      vertex -50.966644644737244 7.283355355262756 28.170660171779822
      vertex -50.966644644737244 7.283355355262756 28.35720441845382
    endloop
  endfacet
  facet normal 0 0 1
    outer loop
      vertex -50.966644644737244 2.7166446447372437 28.35720441845382
      vertex -50.966644644737244 7.283355355262756 28.35720441845382
      vertex -51.22597485035658 7.024025149643421 28.35720441845382
    endloop
  endfacet
  facet normal -1 0 0
    outer loop
      vertex -72.77402514964342 2.975974850356579 28.35720441845382
      vertex -72.77402514964342 2.975974850356579 28.495819298766932
      vertex -72.77402514964342 7.024025149643421 28.495819298766932
    endloop
  endfacet
  facet normal 0 0 1
    outer loop
      vertex -72.77402514964342 2.975974850356579 28.495819298766932
      vertex -72.49263548851013 3.257364511489868 28.495819298766932
      vertex -72.77402514964342 7.024025149643421 28.495819298766932
    endloop
  endfacet
  facet normal 0 -1 0
    outer loop
      vertex -72.77402514964342 2.975974850356579 28.35720441845382
      vertex -64.95000000298023 2.975974850356579 28.35720441845382
      vertex -72.77402514964342 2.975974850356579 28.495819298766932
    endloop
  endfacet
  facet normal 0 0 1
    outer loop
      vertex -72.77402514964342 2.975974850356579 28.495819298766932
      vertex -64.95000000298023 2.975974850356579 28.495819298766932
      vertex -72.49263548851013 3.257364511489868 28.495819298766932
    endloop
  endfacet
  facet normal 0 -1 0
    outer loop
      vertex -64.02402514964342 -5.774025149643421 28.35720441845382
      vertex -59.97597485035658 -5.774025149643421 28.35720441845382
      vertex -64.02402514964342 -5.774025149643421 28.495819298766932
    endloop
  endfacet
  facet normal 0 0 1
    outer loop
      vertex -64.02402514964342 -5.774025149643421 28.495819298766932
      vertex -60.25736451148987 -5.492635488510132 28.495819298766932
      vertex -63.74263548851013 -5.492635488510132 28.495819298766932
    endloop
  endfacet
  facet normal -1 0 0
    outer loop
      vertex -64.02402514964342 -5.774025149643421 28.35720441845382
      vertex -64.02402514964342 -5.774025149643421 28.495819298766932
      vertex -64.02402514964342 2.0499999970197678 28.495819298766932
    endloop
  endfacet
  facet normal 0 0 1
    outer loop
      vertex -64.02402514964342 -5.774025149643421 28.495819298766932
      vertex -63.74263548851013 -5.492635488510132 28.495819298766932
      vertex -64.02402514964342 2.0499999970197678 28.495819298766932
    endloop
  endfacet
  facet normal 0 -1 0
    outer loop
      vertex -72.77402514964342 2.975974850356579 28.495819298766932
      vertex -64.95000000298023 2.975974850356579 28.35720441845382
      vertex -64.95000000298023 2.975974850356579 28.495819298766932
    endloop
  endfacet
  facet normal 0 0 1
    outer loop
      vertex -72.49263548851013 3.257364511489868 28.495819298766932
      vertex -64.95000000298023 2.975974850356579 28.495819298766932
      vertex -64.95000000298023 3.257364511489868 28.495819298766932
    endloop
  endfacet
  facet normal -1 0 0
    outer loop
      vertex -64.02402514964342 -5.774025149643421 28.35720441845382
      vertex -64.02402514964342 2.0499999970197678 28.495819298766932
      vertex -64.02402514964342 2.0499999970197678 28.35720441845382
    endloop
  endfacet
  facet normal 0 0 1
    outer loop
      vertex -63.74263548851013 -5.492635488510132 28.495819298766932
      vertex -63.74263548851013 2.0499999970197678 28.495819298766932
      vertex -64.02402514964342 2.0499999970197678 28.495819298766932
    endloop
  endfacet
  facet normal -0.5877852553669283 -0.8090169921412249 0
    outer loop
      vertex -64.95000000298023 2.975974850356579 28.35720441845382
      vertex -64.06934558600187 2.336141958832741 28.35720441845382
      vertex -64.95000000298023 2.975974850356579 28.495819298766932
    endloop
  endfacet
  facet normal 0 0 1
    outer loop
      vertex -64.95000000298023 2.975974850356579 28.495819298766932
      vertex -64.06934558600187 2.336141958832741 28.495819298766932
      vertex -64.95000000298023 3.257364511489868 28.495819298766932
    endloop
  endfacet
  facet normal -0.9876883395907085 -0.1564344713819469 0
    outer loop
      vertex -64.02402514964342 2.0499999970197678 28.35720441845382
      vertex -64.02402514964342 2.0499999970197678 28.495819298766932
      vertex -64.06934558600187 2.336141958832741 28.495819298766932
    endloop
  endfacet
  facet normal -0.9876883395907085 -0.1564344713819469 0
    outer loop
      vertex -64.02402514964342 2.0499999970197678 28.35720441845382
      vertex -64.06934558600187 2.336141958832741 28.495819298766932
      vertex -64.06934558600187 2.336141958832741 28.35720441845382
    endloop
  endfacet
  facet normal -0.5877852553669283 -0.8090169921412249 3.67893831080198e-16
    outer loop
      vertex -64.95000000298023 2.975974850356579 28.495819298766932
      vertex -64.06934558600187 2.336141958832741 28.35720441845382
      vertex -64.06934558600187 2.336141958832741 28.495819298766932
    endloop
  endfacet
  facet normal 0 0 1
    outer loop
      vertex -64.02402514964342 2.0499999970197678 28.495819298766932
      vertex -63.74263548851013 2.0499999970197678 28.495819298766932
      vertex -63.80172811448574 2.423096150159836 28.495819298766932
    endloop
  endfacet
  facet normal 0 0 1
    outer loop
      vertex -64.02402514964342 2.0499999970197678 28.495819298766932
      vertex -63.80172811448574 2.423096150159836 28.495819298766932
      vertex -64.06934558600187 2.336141958832741 28.495819298766932
    endloop
  endfacet
  facet normal 0 0 1
    outer loop
      vertex -64.95000000298023 3.257364511489868 28.495819298766932
      vertex -64.06934558600187 2.336141958832741 28.495819298766932
      vertex -63.80172811448574 2.423096150159836 28.495819298766932
    endloop
  endfacet
  facet normal -1 0 0
    outer loop
      vertex -72.77402514964342 2.975974850356579 28.35720441845382
      vertex -72.77402514964342 7.024025149643421 28.495819298766932
      vertex -72.77402514964342 7.024025149643421 28.35720441845382
    endloop
  endfacet
  facet normal 0 0 1
    outer loop
      vertex -72.49263548851013 3.257364511489868 28.495819298766932
      vertex -72.49263548851013 6.742635488510132 28.495819298766932
      vertex -72.77402514964342 7.024025149643421 28.495819298766932
    endloop
  endfacet
  facet normal 0 0 1
    outer loop
      vertex -72.49263548851013 6.742635488510132 28.495819298766932
      vertex -64.95000000298023 7.024025149643421 28.495819298766932
      vertex -72.77402514964342 7.024025149643421 28.495819298766932
    endloop
  endfacet
  facet normal 0 1 0
    outer loop
      vertex -72.77402514964342 7.024025149643421 28.35720441845382
      vertex -72.77402514964342 7.024025149643421 28.495819298766932
      vertex -64.95000000298023 7.024025149643421 28.495819298766932
    endloop
  endfacet
  facet normal 0 0 1
    outer loop
      vertex -72.49263548851013 6.742635488510132 28.495819298766932
      vertex -64.95000000298023 6.742635488510132 28.495819298766932
      vertex -64.95000000298023 7.024025149643421 28.495819298766932
    endloop
  endfacet
  facet normal 0 1 0
    outer loop
      vertex -72.77402514964342 7.024025149643421 28.35720441845382
      vertex -64.95000000298023 7.024025149643421 28.495819298766932
      vertex -64.95000000298023 7.024025149643421 28.35720441845382
    endloop
  endfacet
  facet normal 0 0 1
    outer loop
      vertex -64.95000000298023 6.742635488510132 28.495819298766932
      vertex -64.57690384984016 6.801728114485741 28.495819298766932
      vertex -64.95000000298023 7.024025149643421 28.495819298766932
    endloop
  endfacet
  facet normal -0.1564344713819469 0.9876883395907085 0
    outer loop
      vertex -64.95000000298023 7.024025149643421 28.35720441845382
      vertex -64.95000000298023 7.024025149643421 28.495819298766932
      vertex -64.66385804116726 7.069345586001873 28.495819298766932
    endloop
  endfacet
  facet normal 0 0 1
    outer loop
      vertex -64.95000000298023 7.024025149643421 28.495819298766932
      vertex -64.57690384984016 6.801728114485741 28.495819298766932
      vertex -64.66385804116726 7.069345586001873 28.495819298766932
    endloop
  endfacet
  facet normal -0.1564344713819469 0.9876883395907085 0
    outer loop
      vertex -64.95000000298023 7.024025149643421 28.35720441845382
      vertex -64.66385804116726 7.069345586001873 28.495819298766932
      vertex -64.66385804116726 7.069345586001873 28.35720441845382
    endloop
  endfacet
  facet normal -0.8090169921412249 0.5877852553669283 0
    outer loop
      vertex -64.66385804116726 7.069345586001873 28.35720441845382
      vertex -64.66385804116726 7.069345586001873 28.495819298766932
      vertex -64.02402514964342 7.950000002980232 28.495819298766932
    endloop
  endfacet
  facet normal 0 0 1
    outer loop
      vertex -64.57690384984016 6.801728114485741 28.495819298766932
      vertex -63.74263548851013 7.950000002980232 28.495819298766932
      vertex -64.66385804116726 7.069345586001873 28.495819298766932
    endloop
  endfacet
  facet normal -0.8090169921412249 0.5877852553669283 -3.67893831080198e-16
    outer loop
      vertex -64.66385804116726 7.069345586001873 28.35720441845382
      vertex -64.02402514964342 7.950000002980232 28.495819298766932
      vertex -64.02402514964342 7.950000002980232 28.35720441845382
    endloop
  endfacet
  facet normal 0 0 1
    outer loop
      vertex -64.66385804116726 7.069345586001873 28.495819298766932
      vertex -63.74263548851013 7.950000002980232 28.495819298766932
      vertex -64.02402514964342 7.950000002980232 28.495819298766932
    endloop
  endfacet
  facet normal -1 0 0
    outer loop
      vertex -64.02402514964342 7.950000002980232 28.35720441845382
      vertex -64.02402514964342 7.950000002980232 28.495819298766932
      vertex -64.02402514964342 15.774025149643421 28.495819298766932
    endloop
  endfacet
  facet normal 0 0 1
    outer loop
      vertex -64.02402514964342 7.950000002980232 28.495819298766932
      vertex -63.74263548851013 7.950000002980232 28.495819298766932
      vertex -63.74263548851013 15.492635488510132 28.495819298766932
    endloop
  endfacet
  facet normal -1 0 0
    outer loop
      vertex -64.02402514964342 7.950000002980232 28.35720441845382
      vertex -64.02402514964342 15.774025149643421 28.495819298766932
      vertex -64.02402514964342 15.774025149643421 28.35720441845382
    endloop
  endfacet
  facet normal 0 0 1
    outer loop
      vertex -64.02402514964342 7.950000002980232 28.495819298766932
      vertex -63.74263548851013 15.492635488510132 28.495819298766932
      vertex -64.02402514964342 15.774025149643421 28.495819298766932
    endloop
  endfacet
  facet normal 0 1 0
    outer loop
      vertex -64.02402514964342 15.774025149643421 28.35720441845382
      vertex -64.02402514964342 15.774025149643421 28.495819298766932
      vertex -59.97597485035658 15.774025149643421 28.495819298766932
    endloop
  endfacet
  facet normal 0 0 1
    outer loop
      vertex -64.02402514964342 15.774025149643421 28.495819298766932
      vertex -63.74263548851013 15.492635488510132 28.495819298766932
      vertex -59.97597485035658 15.774025149643421 28.495819298766932
    endloop
  endfacet
  facet normal 0 0 1
    outer loop
      vertex -64.02402514964342 -5.774025149643421 28.495819298766932
      vertex -59.97597485035658 -5.774025149643421 28.495819298766932
      vertex -60.25736451148987 -5.492635488510132 28.495819298766932
    endloop
  endfacet
  facet normal 0 -1 0
    outer loop
      vertex -64.02402514964342 -5.774025149643421 28.495819298766932
      vertex -59.97597485035658 -5.774025149643421 28.35720441845382
      vertex -59.97597485035658 -5.774025149643421 28.495819298766932
    endloop
  endfacet
  facet normal 0 0 1
    outer loop
      vertex -60.25736451148987 -5.492635488510132 28.495819298766932
      vertex -59.97597485035658 -5.774025149643421 28.495819298766932
      vertex -59.97597485035658 2.0499999970197678 28.495819298766932
    endloop
  endfacet
  facet normal 1 0 0
    outer loop
      vertex -59.97597485035658 -5.774025149643421 28.35720441845382
      vertex -59.97597485035658 2.0499999970197678 28.35720441845382
      vertex -59.97597485035658 -5.774025149643421 28.495819298766932
    endloop
  endfacet
  facet normal 0 0 1
    outer loop
      vertex -60.25736451148987 -5.492635488510132 28.495819298766932
      vertex -59.97597485035658 2.0499999970197678 28.495819298766932
      vertex -60.25736451148987 2.0499999970197678 28.495819298766932
    endloop
  endfacet
  facet normal 1 0 0
    outer loop
      vertex -59.97597485035658 -5.774025149643421 28.495819298766932
      vertex -59.97597485035658 2.0499999970197678 28.35720441845382
      vertex -59.97597485035658 2.0499999970197678 28.495819298766932
    endloop
  endfacet
  facet normal 0.8090169921412249 -0.5877852553669283 0
    outer loop
      vertex -59.97597485035658 2.0499999970197678 28.35720441845382
      vertex -59.33614195883274 2.930654413998127 28.35720441845382
      vertex -59.97597485035658 2.0499999970197678 28.495819298766932
    endloop
  endfacet
  facet normal 0 0 1
    outer loop
      vertex -60.25736451148987 2.0499999970197678 28.495819298766932
      vertex -59.97597485035658 2.0499999970197678 28.495819298766932
      vertex -59.33614195883274 2.930654413998127 28.495819298766932
    endloop
  endfacet
  facet normal 0 0 1
    outer loop
      vertex -60.25736451148987 2.0499999970197678 28.495819298766932
      vertex -59.33614195883274 2.930654413998127 28.495819298766932
      vertex -59.423096150159836 3.1982718855142593 28.495819298766932
    endloop
  endfacet
  facet normal 0.1564344713819469 -0.9876883395907085 0
    outer loop
      vertex -59.33614195883274 2.930654413998127 28.35720441845382
      vertex -59.04999999701977 2.975974850356579 28.35720441845382
      vertex -59.33614195883274 2.930654413998127 28.495819298766932
    endloop
  endfacet
  facet normal 0.8090169921412249 -0.5877852553669283 -3.67893831080198e-16
    outer loop
      vertex -59.97597485035658 2.0499999970197678 28.495819298766932
      vertex -59.33614195883274 2.930654413998127 28.35720441845382
      vertex -59.33614195883274 2.930654413998127 28.495819298766932
    endloop
  endfacet
  facet normal 0 0 1
    outer loop
      vertex -59.33614195883274 2.930654413998127 28.495819298766932
      vertex -59.04999999701977 2.975974850356579 28.495819298766932
      vertex -59.423096150159836 3.1982718855142593 28.495819298766932
    endloop
  endfacet
  facet normal 0.1564344713819469 -0.9876883395907085 0
    outer loop
      vertex -59.33614195883274 2.930654413998127 28.495819298766932
      vertex -59.04999999701977 2.975974850356579 28.35720441845382
      vertex -59.04999999701977 2.975974850356579 28.495819298766932
    endloop
  endfacet
  facet normal 0 0 1
    outer loop
      vertex -59.423096150159836 3.1982718855142593 28.495819298766932
      vertex -59.04999999701977 2.975974850356579 28.495819298766932
      vertex -59.04999999701977 3.257364511489868 28.495819298766932
    endloop
  endfacet
  facet normal 0 -1 0
    outer loop
      vertex -59.04999999701977 2.975974850356579 28.35720441845382
      vertex -51.22597485035658 2.975974850356579 28.35720441845382
      vertex -59.04999999701977 2.975974850356579 28.495819298766932
    endloop
  endfacet
  facet normal 0 0 1
    outer loop
      vertex -59.04999999701977 2.975974850356579 28.495819298766932
      vertex -51.50736451148987 3.257364511489868 28.495819298766932
      vertex -59.04999999701977 3.257364511489868 28.495819298766932
    endloop
  endfacet
  facet normal 0 -1 0
    outer loop
      vertex -59.04999999701977 2.975974850356579 28.495819298766932
      vertex -51.22597485035658 2.975974850356579 28.35720441845382
      vertex -51.22597485035658 2.975974850356579 28.495819298766932
    endloop
  endfacet
  facet normal 0 0 1
    outer loop
      vertex -59.04999999701977 2.975974850356579 28.495819298766932
      vertex -51.22597485035658 2.975974850356579 28.495819298766932
      vertex -51.50736451148987 3.257364511489868 28.495819298766932
    endloop
  endfacet
  facet normal 1 0 0
    outer loop
      vertex -51.22597485035658 2.975974850356579 28.35720441845382
      vertex -51.22597485035658 7.024025149643421 28.35720441845382
      vertex -51.22597485035658 2.975974850356579 28.495819298766932
    endloop
  endfacet
  facet normal 0 0 1
    outer loop
      vertex -51.22597485035658 2.975974850356579 28.495819298766932
      vertex -51.50736451148987 6.742635488510132 28.495819298766932
      vertex -51.50736451148987 3.257364511489868 28.495819298766932
    endloop
  endfacet
  facet normal 0 0 1
    outer loop
      vertex -60.19827188551426 7.576903849840164 28.495819298766932
      vertex -59.04999999701977 6.742635488510132 28.495819298766932
      vertex -59.93065441399813 7.663858041167259 28.495819298766932
    endloop
  endfacet
  facet normal 0 0 1
    outer loop
      vertex -60.19827188551426 7.576903849840164 28.495819298766932
      vertex -59.93065441399813 7.663858041167259 28.495819298766932
      vertex -59.97597485035658 7.950000002980232 28.495819298766932
    endloop
  endfacet
  facet normal 0 0 1
    outer loop
      vertex -60.19827188551426 7.576903849840164 28.495819298766932
      vertex -59.97597485035658 7.950000002980232 28.495819298766932
      vertex -60.25736451148987 7.950000002980232 28.495819298766932
    endloop
  endfacet
  facet normal 0.9876883395907085 0.1564344713819469 0
    outer loop
      vertex -59.93065441399813 7.663858041167259 28.35720441845382
      vertex -59.97597485035658 7.950000002980232 28.35720441845382
      vertex -59.93065441399813 7.663858041167259 28.495819298766932
    endloop
  endfacet
  facet normal 0.5877852553669283 0.8090169921412249 0
    outer loop
      vertex -59.93065441399813 7.663858041167259 28.35720441845382
      vertex -59.93065441399813 7.663858041167259 28.495819298766932
      vertex -59.04999999701977 7.024025149643421 28.495819298766932
    endloop
  endfacet
  facet normal 0.9876883395907085 0.1564344713819469 0
    outer loop
      vertex -59.93065441399813 7.663858041167259 28.495819298766932
      vertex -59.97597485035658 7.950000002980232 28.35720441845382
      vertex -59.97597485035658 7.950000002980232 28.495819298766932
    endloop
  endfacet
  facet normal 0.5877852553669283 0.8090169921412249 3.67893831080198e-16
    outer loop
      vertex -59.93065441399813 7.663858041167259 28.35720441845382
      vertex -59.04999999701977 7.024025149643421 28.495819298766932
      vertex -59.04999999701977 7.024025149643421 28.35720441845382
    endloop
  endfacet
  facet normal 0 0 1
    outer loop
      vertex -59.93065441399813 7.663858041167259 28.495819298766932
      vertex -59.04999999701977 6.742635488510132 28.495819298766932
      vertex -59.04999999701977 7.024025149643421 28.495819298766932
    endloop
  endfacet
  facet normal 0 0 1
    outer loop
      vertex -60.25736451148987 7.950000002980232 28.495819298766932
      vertex -59.97597485035658 7.950000002980232 28.495819298766932
      vertex -60.25736451148987 15.492635488510132 28.495819298766932
    endloop
  endfacet
  facet normal 1 0 0
    outer loop
      vertex -59.97597485035658 7.950000002980232 28.35720441845382
      vertex -59.97597485035658 15.774025149643421 28.35720441845382
      vertex -59.97597485035658 7.950000002980232 28.495819298766932
    endloop
  endfacet
  facet normal 0 0 1
    outer loop
      vertex -59.04999999701977 6.742635488510132 28.495819298766932
      vertex -51.50736451148987 6.742635488510132 28.495819298766932
      vertex -59.04999999701977 7.024025149643421 28.495819298766932
    endloop
  endfacet
  facet normal 0 1 0
    outer loop
      vertex -59.04999999701977 7.024025149643421 28.35720441845382
      vertex -59.04999999701977 7.024025149643421 28.495819298766932
      vertex -51.22597485035658 7.024025149643421 28.495819298766932
    endloop
  endfacet
  facet normal 0 0 1
    outer loop
      vertex -59.97597485035658 7.950000002980232 28.495819298766932
      vertex -59.97597485035658 15.774025149643421 28.495819298766932
      vertex -60.25736451148987 15.492635488510132 28.495819298766932
    endloop
  endfacet
  facet normal 1 0 0
    outer loop
      vertex -59.97597485035658 7.950000002980232 28.495819298766932
      vertex -59.97597485035658 15.774025149643421 28.35720441845382
      vertex -59.97597485035658 15.774025149643421 28.495819298766932
    endloop
  endfacet
  facet normal 0 1 0
    outer loop
      vertex -64.02402514964342 15.774025149643421 28.35720441845382
      vertex -59.97597485035658 15.774025149643421 28.495819298766932
      vertex -59.97597485035658 15.774025149643421 28.35720441845382
    endloop
  endfacet
  facet normal 0 0 1
    outer loop
      vertex -63.74263548851013 15.492635488510132 28.495819298766932
      vertex -60.25736451148987 15.492635488510132 28.495819298766932
      vertex -59.97597485035658 15.774025149643421 28.495819298766932
    endloop
  endfacet
  facet normal 0 0 1
    outer loop
      vertex -59.04999999701977 7.024025149643421 28.495819298766932
      vertex -51.50736451148987 6.742635488510132 28.495819298766932
      vertex -51.22597485035658 7.024025149643421 28.495819298766932
    endloop
  endfacet
  facet normal 0 1 0
    outer loop
      vertex -59.04999999701977 7.024025149643421 28.35720441845382
      vertex -51.22597485035658 7.024025149643421 28.495819298766932
      vertex -51.22597485035658 7.024025149643421 28.35720441845382
    endloop
  endfacet
  facet normal 0 0 1
    outer loop
      vertex -51.22597485035658 2.975974850356579 28.495819298766932
      vertex -51.22597485035658 7.024025149643421 28.495819298766932
      vertex -51.50736451148987 6.742635488510132 28.495819298766932
    endloop
  endfacet
  facet normal 1 0 0
    outer loop
      vertex -51.22597485035658 2.975974850356579 28.495819298766932
      vertex -51.22597485035658 7.024025149643421 28.35720441845382
      vertex -51.22597485035658 7.024025149643421 28.495819298766932
    endloop
  endfacet
  facet normal -1 0 0
    outer loop
      vertex -72.49263548851013 3.257364511489868 28.495819298766932
      vertex -72.49263548851013 3.257364511489868 28.581177920604848
      vertex -72.49263548851013 6.742635488510132 28.495819298766932
    endloop
  endfacet
  facet normal 0 0 1
    outer loop
      vertex -72.49263548851013 3.257364511489868 28.581177920604848
      vertex -72.20000000298023 3.5499999970197678 28.581177920604848
      vertex -72.49263548851013 6.742635488510132 28.581177920604848
    endloop
  endfacet
  facet normal 0 -1 0
    outer loop
      vertex -72.49263548851013 3.257364511489868 28.495819298766932
      vertex -64.95000000298023 3.257364511489868 28.581177920604848
      vertex -72.49263548851013 3.257364511489868 28.581177920604848
    endloop
  endfacet
  facet normal 0 0 1
    outer loop
      vertex -72.49263548851013 3.257364511489868 28.581177920604848
      vertex -64.95000000298023 3.5499999970197678 28.581177920604848
      vertex -72.20000000298023 3.5499999970197678 28.581177920604848
    endloop
  endfacet
  facet normal 0 -1 0
    outer loop
      vertex -63.74263548851013 -5.492635488510132 28.495819298766932
      vertex -60.25736451148987 -5.492635488510132 28.581177920604848
      vertex -63.74263548851013 -5.492635488510132 28.581177920604848
    endloop
  endfacet
  facet normal 0 0 1
    outer loop
      vertex -63.74263548851013 -5.492635488510132 28.581177920604848
      vertex -60.54999999701977 -5.200000002980232 28.581177920604848
      vertex -63.45000000298023 -5.200000002980232 28.581177920604848
    endloop
  endfacet
  facet normal -1 0 0
    outer loop
      vertex -63.74263548851013 -5.492635488510132 28.495819298766932
      vertex -63.74263548851013 -5.492635488510132 28.581177920604848
      vertex -63.74263548851013 2.0499999970197678 28.495819298766932
    endloop
  endfacet
  facet normal 0 0 1
    outer loop
      vertex -63.74263548851013 -5.492635488510132 28.581177920604848
      vertex -63.45000000298023 -5.200000002980232 28.581177920604848
      vertex -63.74263548851013 2.0499999970197678 28.581177920604848
    endloop
  endfacet
  facet normal 0 -1 0
    outer loop
      vertex -72.49263548851013 3.257364511489868 28.495819298766932
      vertex -64.95000000298023 3.257364511489868 28.495819298766932
      vertex -64.95000000298023 3.257364511489868 28.581177920604848
    endloop
  endfacet
  facet normal 0 0 1
    outer loop
      vertex -72.49263548851013 3.257364511489868 28.581177920604848
      vertex -64.95000000298023 3.257364511489868 28.581177920604848
      vertex -64.95000000298023 3.5499999970197678 28.581177920604848
    endloop
  endfacet
  facet normal -1 0 0
    outer loop
      vertex -63.74263548851013 -5.492635488510132 28.581177920604848
      vertex -63.74263548851013 2.0499999970197678 28.581177920604848
      vertex -63.74263548851013 2.0499999970197678 28.495819298766932
    endloop
  endfacet
  facet normal 0 0 1
    outer loop
      vertex -63.45000000298023 -5.200000002980232 28.581177920604848
      vertex -63.45000000298023 2.0499999970197678 28.581177920604848
      vertex -63.74263548851013 2.0499999970197678 28.581177920604848
    endloop
  endfacet
  facet normal -0.5877852525810305 -0.8090169941652982 0
    outer loop
      vertex -64.95000000298023 3.257364511489868 28.495819298766932
      vertex -63.80172811448574 2.423096150159836 28.581177920604848
      vertex -64.95000000298023 3.257364511489868 28.581177920604848
    endloop
  endfacet
  facet normal 0 0 1
    outer loop
      vertex -64.95000000298023 3.257364511489868 28.581177920604848
      vertex -63.523415230214596 2.5135254859924316 28.581177920604848
      vertex -64.95000000298023 3.5499999970197678 28.581177920604848
    endloop
  endfacet
  facet normal -0.9876883403606503 -0.15643446652072626 0
    outer loop
      vertex -63.74263548851013 2.0499999970197678 28.495819298766932
      vertex -63.74263548851013 2.0499999970197678 28.581177920604848
      vertex -63.80172811448574 2.423096150159836 28.495819298766932
    endloop
  endfacet
  facet normal 0 0 1
    outer loop
      vertex -63.74263548851013 2.0499999970197678 28.581177920604848
      vertex -63.45000000298023 2.0499999970197678 28.581177920604848
      vertex -63.80172811448574 2.423096150159836 28.581177920604848
    endloop
  endfacet
  facet normal -0.9876883403606503 -0.15643446652072626 0
    outer loop
      vertex -63.74263548851013 2.0499999970197678 28.581177920604848
      vertex -63.80172811448574 2.423096150159836 28.581177920604848
      vertex -63.80172811448574 2.423096150159836 28.495819298766932
    endloop
  endfacet
  facet normal -0.5877852525810305 -0.8090169941652982 0
    outer loop
      vertex -64.95000000298023 3.257364511489868 28.495819298766932
      vertex -63.80172811448574 2.423096150159836 28.495819298766932
      vertex -63.80172811448574 2.423096150159836 28.581177920604848
    endloop
  endfacet
  facet normal 0 0 1
    outer loop
      vertex -64.95000000298023 3.257364511489868 28.581177920604848
      vertex -63.80172811448574 2.423096150159836 28.581177920604848
      vertex -63.523415230214596 2.5135254859924316 28.581177920604848
    endloop
  endfacet
  facet normal 0 0 1
    outer loop
      vertex -63.80172811448574 2.423096150159836 28.581177920604848
      vertex -63.45000000298023 2.0499999970197678 28.581177920604848
      vertex -63.523415230214596 2.5135254859924316 28.581177920604848
    endloop
  endfacet
  facet normal -1 0 0
    outer loop
      vertex -72.49263548851013 3.257364511489868 28.581177920604848
      vertex -72.49263548851013 6.742635488510132 28.581177920604848
      vertex -72.49263548851013 6.742635488510132 28.495819298766932
    endloop
  endfacet
  facet normal 0 0 1
    outer loop
      vertex -72.20000000298023 3.5499999970197678 28.581177920604848
      vertex -72.20000000298023 6.450000002980232 28.581177920604848
      vertex -72.49263548851013 6.742635488510132 28.581177920604848
    endloop
  endfacet
  facet normal 0 1 0
    outer loop
      vertex -72.49263548851013 6.742635488510132 28.495819298766932
      vertex -72.49263548851013 6.742635488510132 28.581177920604848
      vertex -64.95000000298023 6.742635488510132 28.495819298766932
    endloop
  endfacet
  facet normal 0 0 1
    outer loop
      vertex -72.20000000298023 6.450000002980232 28.581177920604848
      vertex -64.95000000298023 6.742635488510132 28.581177920604848
      vertex -72.49263548851013 6.742635488510132 28.581177920604848
    endloop
  endfacet
  facet normal 0 0 1
    outer loop
      vertex -72.20000000298023 6.450000002980232 28.581177920604848
      vertex -64.95000000298023 6.450000002980232 28.581177920604848
      vertex -64.95000000298023 6.742635488510132 28.581177920604848
    endloop
  endfacet
  facet normal 0 1 0
    outer loop
      vertex -72.49263548851013 6.742635488510132 28.581177920604848
      vertex -64.95000000298023 6.742635488510132 28.581177920604848
      vertex -64.95000000298023 6.742635488510132 28.495819298766932
    endloop
  endfacet
  facet normal 0 0 1
    outer loop
      vertex -64.95000000298023 6.450000002980232 28.581177920604848
      vertex -64.48647451400757 6.523415230214596 28.581177920604848
      vertex -64.57690384984016 6.801728114485741 28.581177920604848
    endloop
  endfacet
  facet normal 0 0 1
    outer loop
      vertex -64.95000000298023 6.450000002980232 28.581177920604848
      vertex -64.57690384984016 6.801728114485741 28.581177920604848
      vertex -64.95000000298023 6.742635488510132 28.581177920604848
    endloop
  endfacet
  facet normal -0.15643446652072626 0.9876883403606503 0
    outer loop
      vertex -64.95000000298023 6.742635488510132 28.495819298766932
      vertex -64.95000000298023 6.742635488510132 28.581177920604848
      vertex -64.57690384984016 6.801728114485741 28.495819298766932
    endloop
  endfacet
  facet normal -0.15643446652072626 0.9876883403606503 0
    outer loop
      vertex -64.95000000298023 6.742635488510132 28.581177920604848
      vertex -64.57690384984016 6.801728114485741 28.581177920604848
      vertex -64.57690384984016 6.801728114485741 28.495819298766932
    endloop
  endfacet
  facet normal 0 0 1
    outer loop
      vertex -64.48647451400757 6.523415230214596 28.581177920604848
      vertex -63.74263548851013 7.950000002980232 28.581177920604848
      vertex -64.57690384984016 6.801728114485741 28.581177920604848
    endloop
  endfacet
  facet normal -0.8090169941652982 0.5877852525810305 0
    outer loop
      vertex -64.57690384984016 6.801728114485741 28.495819298766932
      vertex -64.57690384984016 6.801728114485741 28.581177920604848
      vertex -63.74263548851013 7.950000002980232 28.495819298766932
    endloop
  endfacet
  facet normal -0.8090169941652982 0.5877852525810305 0
    outer loop
      vertex -64.57690384984016 6.801728114485741 28.581177920604848
      vertex -63.74263548851013 7.950000002980232 28.581177920604848
      vertex -63.74263548851013 7.950000002980232 28.495819298766932
    endloop
  endfacet
  facet normal 0 0 1
    outer loop
      vertex -64.48647451400757 6.523415230214596 28.581177920604848
      vertex -63.45000000298023 7.950000002980232 28.581177920604848
      vertex -63.74263548851013 7.950000002980232 28.581177920604848
    endloop
  endfacet
  facet normal -1 0 0
    outer loop
      vertex -63.74263548851013 7.950000002980232 28.495819298766932
      vertex -63.74263548851013 7.950000002980232 28.581177920604848
      vertex -63.74263548851013 15.492635488510132 28.495819298766932
    endloop
  endfacet
  facet normal 0 0 1
    outer loop
      vertex -63.74263548851013 7.950000002980232 28.581177920604848
      vertex -63.45000000298023 7.950000002980232 28.581177920604848
      vertex -63.74263548851013 15.492635488510132 28.581177920604848
    endloop
  endfacet
  facet normal -1 0 0
    outer loop
      vertex -63.74263548851013 7.950000002980232 28.581177920604848
      vertex -63.74263548851013 15.492635488510132 28.581177920604848
      vertex -63.74263548851013 15.492635488510132 28.495819298766932
    endloop
  endfacet
  facet normal 0 0 1
    outer loop
      vertex -63.45000000298023 7.950000002980232 28.581177920604848
      vertex -63.45000000298023 15.200000002980232 28.581177920604848
      vertex -63.74263548851013 15.492635488510132 28.581177920604848
    endloop
  endfacet
  facet normal 0 0 1
    outer loop
      vertex -63.74263548851013 15.492635488510132 28.581177920604848
      vertex -63.45000000298023 15.200000002980232 28.581177920604848
      vertex -60.25736451148987 15.492635488510132 28.581177920604848
    endloop
  endfacet
  facet normal 0 1 0
    outer loop
      vertex -63.74263548851013 15.492635488510132 28.495819298766932
      vertex -63.74263548851013 15.492635488510132 28.581177920604848
      vertex -60.25736451148987 15.492635488510132 28.495819298766932
    endloop
  endfacet
  facet normal 0 -1 0
    outer loop
      vertex -63.74263548851013 -5.492635488510132 28.495819298766932
      vertex -60.25736451148987 -5.492635488510132 28.495819298766932
      vertex -60.25736451148987 -5.492635488510132 28.581177920604848
    endloop
  endfacet
  facet normal 0 0 1
    outer loop
      vertex -63.74263548851013 -5.492635488510132 28.581177920604848
      vertex -60.25736451148987 -5.492635488510132 28.581177920604848
      vertex -60.54999999701977 -5.200000002980232 28.581177920604848
    endloop
  endfacet
  facet normal 0 0 1
    outer loop
      vertex -60.54999999701977 -5.200000002980232 28.581177920604848
      vertex -60.25736451148987 -5.492635488510132 28.581177920604848
      vertex -60.54999999701977 2.0499999970197678 28.581177920604848
    endloop
  endfacet
  facet normal 1 0 0
    outer loop
      vertex -60.25736451148987 -5.492635488510132 28.495819298766932
      vertex -60.25736451148987 2.0499999970197678 28.581177920604848
      vertex -60.25736451148987 -5.492635488510132 28.581177920604848
    endloop
  endfacet
  facet normal 0 0 1
    outer loop
      vertex -60.25736451148987 -5.492635488510132 28.581177920604848
      vertex -60.25736451148987 2.0499999970197678 28.581177920604848
      vertex -60.54999999701977 2.0499999970197678 28.581177920604848
    endloop
  endfacet
  facet normal 1 0 0
    outer loop
      vertex -60.25736451148987 -5.492635488510132 28.495819298766932
      vertex -60.25736451148987 2.0499999970197678 28.495819298766932
      vertex -60.25736451148987 2.0499999970197678 28.581177920604848
    endloop
  endfacet
  facet normal 0 0 1
    outer loop
      vertex -60.54999999701977 2.0499999970197678 28.581177920604848
      vertex -60.25736451148987 2.0499999970197678 28.581177920604848
      vertex -59.51352548599243 3.476584769785404 28.581177920604848
    endloop
  endfacet
  facet normal 0.8090169941652982 -0.5877852525810305 0
    outer loop
      vertex -60.25736451148987 2.0499999970197678 28.495819298766932
      vertex -59.423096150159836 3.1982718855142593 28.581177920604848
      vertex -60.25736451148987 2.0499999970197678 28.581177920604848
    endloop
  endfacet
  facet normal 0.8090169941652982 -0.5877852525810305 0
    outer loop
      vertex -60.25736451148987 2.0499999970197678 28.495819298766932
      vertex -59.423096150159836 3.1982718855142593 28.495819298766932
      vertex -59.423096150159836 3.1982718855142593 28.581177920604848
    endloop
  endfacet
  facet normal 0 0 1
    outer loop
      vertex -60.25736451148987 2.0499999970197678 28.581177920604848
      vertex -59.423096150159836 3.1982718855142593 28.581177920604848
      vertex -59.51352548599243 3.476584769785404 28.581177920604848
    endloop
  endfacet
  facet normal 0.15643446652072626 -0.9876883403606503 0
    outer loop
      vertex -59.423096150159836 3.1982718855142593 28.495819298766932
      vertex -59.04999999701977 3.257364511489868 28.581177920604848
      vertex -59.423096150159836 3.1982718855142593 28.581177920604848
    endloop
  endfacet
  facet normal 0.15643446652072626 -0.9876883403606503 0
    outer loop
      vertex -59.423096150159836 3.1982718855142593 28.495819298766932
      vertex -59.04999999701977 3.257364511489868 28.495819298766932
      vertex -59.04999999701977 3.257364511489868 28.581177920604848
    endloop
  endfacet
  facet normal 0 0 1
    outer loop
      vertex -59.423096150159836 3.1982718855142593 28.581177920604848
      vertex -59.04999999701977 3.257364511489868 28.581177920604848
      vertex -59.04999999701977 3.5499999970197678 28.581177920604848
    endloop
  endfacet
  facet normal 0 0 1
    outer loop
      vertex -59.423096150159836 3.1982718855142593 28.581177920604848
      vertex -59.04999999701977 3.5499999970197678 28.581177920604848
      vertex -59.51352548599243 3.476584769785404 28.581177920604848
    endloop
  endfacet
  facet normal 0 -1 0
    outer loop
      vertex -59.04999999701977 3.257364511489868 28.495819298766932
      vertex -51.50736451148987 3.257364511489868 28.581177920604848
      vertex -59.04999999701977 3.257364511489868 28.581177920604848
    endloop
  endfacet
  facet normal 0 0 1
    outer loop
      vertex -59.04999999701977 3.257364511489868 28.581177920604848
      vertex -51.79999999701977 3.5499999970197678 28.581177920604848
      vertex -59.04999999701977 3.5499999970197678 28.581177920604848
    endloop
  endfacet
  facet normal 0 0 1
    outer loop
      vertex -59.04999999701977 3.257364511489868 28.581177920604848
      vertex -51.50736451148987 3.257364511489868 28.581177920604848
      vertex -51.79999999701977 3.5499999970197678 28.581177920604848
    endloop
  endfacet
  facet normal 0 -1 0
    outer loop
      vertex -59.04999999701977 3.257364511489868 28.495819298766932
      vertex -51.50736451148987 3.257364511489868 28.495819298766932
      vertex -51.50736451148987 3.257364511489868 28.581177920604848
    endloop
  endfacet
  facet normal 0 0 1
    outer loop
      vertex -51.50736451148987 3.257364511489868 28.581177920604848
      vertex -51.79999999701977 6.450000002980232 28.581177920604848
      vertex -51.79999999701977 3.5499999970197678 28.581177920604848
    endloop
  endfacet
  facet normal 1 0 0
    outer loop
      vertex -51.50736451148987 3.257364511489868 28.495819298766932
      vertex -51.50736451148987 6.742635488510132 28.581177920604848
      vertex -51.50736451148987 3.257364511489868 28.581177920604848
    endloop
  endfacet
  facet normal 0 0 1
    outer loop
      vertex -60.476584769785404 7.486474514007568 28.581177920604848
      vertex -60.19827188551426 7.576903849840164 28.581177920604848
      vertex -60.54999999701977 7.950000002980232 28.581177920604848
    endloop
  endfacet
  facet normal 0 0 1
    outer loop
      vertex -60.476584769785404 7.486474514007568 28.581177920604848
      vertex -59.04999999701977 6.742635488510132 28.581177920604848
      vertex -60.19827188551426 7.576903849840164 28.581177920604848
    endloop
  endfacet
  facet normal 0.5877852525810305 0.8090169941652982 0
    outer loop
      vertex -60.19827188551426 7.576903849840164 28.495819298766932
      vertex -60.19827188551426 7.576903849840164 28.581177920604848
      vertex -59.04999999701977 6.742635488510132 28.495819298766932
    endloop
  endfacet
  facet normal 0.9876883403606503 0.15643446652072626 0
    outer loop
      vertex -60.19827188551426 7.576903849840164 28.495819298766932
      vertex -60.25736451148987 7.950000002980232 28.581177920604848
      vertex -60.19827188551426 7.576903849840164 28.581177920604848
    endloop
  endfacet
  facet normal 0 0 1
    outer loop
      vertex -60.54999999701977 7.950000002980232 28.581177920604848
      vertex -60.19827188551426 7.576903849840164 28.581177920604848
      vertex -60.25736451148987 7.950000002980232 28.581177920604848
    endloop
  endfacet
  facet normal 0.9876883403606503 0.15643446652072626 0
    outer loop
      vertex -60.19827188551426 7.576903849840164 28.495819298766932
      vertex -60.25736451148987 7.950000002980232 28.495819298766932
      vertex -60.25736451148987 7.950000002980232 28.581177920604848
    endloop
  endfacet
  facet normal 0 0 1
    outer loop
      vertex -60.476584769785404 7.486474514007568 28.581177920604848
      vertex -59.04999999701977 6.450000002980232 28.581177920604848
      vertex -59.04999999701977 6.742635488510132 28.581177920604848
    endloop
  endfacet
  facet normal 0.5877852525810305 0.8090169941652982 0
    outer loop
      vertex -60.19827188551426 7.576903849840164 28.581177920604848
      vertex -59.04999999701977 6.742635488510132 28.581177920604848
      vertex -59.04999999701977 6.742635488510132 28.495819298766932
    endloop
  endfacet
  facet normal 0 0 1
    outer loop
      vertex -60.54999999701977 7.950000002980232 28.581177920604848
      vertex -60.25736451148987 7.950000002980232 28.581177920604848
      vertex -60.54999999701977 15.200000002980232 28.581177920604848
    endloop
  endfacet
  facet normal 1 0 0
    outer loop
      vertex -60.25736451148987 7.950000002980232 28.495819298766932
      vertex -60.25736451148987 15.492635488510132 28.581177920604848
      vertex -60.25736451148987 7.950000002980232 28.581177920604848
    endloop
  endfacet
  facet normal 0 0 1
    outer loop
      vertex -59.04999999701977 6.450000002980232 28.581177920604848
      vertex -51.50736451148987 6.742635488510132 28.581177920604848
      vertex -59.04999999701977 6.742635488510132 28.581177920604848
    endloop
  endfacet
  facet normal 0 1 0
    outer loop
      vertex -59.04999999701977 6.742635488510132 28.495819298766932
      vertex -59.04999999701977 6.742635488510132 28.581177920604848
      vertex -51.50736451148987 6.742635488510132 28.495819298766932
    endloop
  endfacet
  facet normal 0 0 1
    outer loop
      vertex -60.25736451148987 7.950000002980232 28.581177920604848
      vertex -60.25736451148987 15.492635488510132 28.581177920604848
      vertex -60.54999999701977 15.200000002980232 28.581177920604848
    endloop
  endfacet
  facet normal 1 0 0
    outer loop
      vertex -60.25736451148987 7.950000002980232 28.495819298766932
      vertex -60.25736451148987 15.492635488510132 28.495819298766932
      vertex -60.25736451148987 15.492635488510132 28.581177920604848
    endloop
  endfacet
  facet normal 0 0 1
    outer loop
      vertex -63.45000000298023 15.200000002980232 28.581177920604848
      vertex -60.54999999701977 15.200000002980232 28.581177920604848
      vertex -60.25736451148987 15.492635488510132 28.581177920604848
    endloop
  endfacet
  facet normal 0 1 0
    outer loop
      vertex -63.74263548851013 15.492635488510132 28.581177920604848
      vertex -60.25736451148987 15.492635488510132 28.581177920604848
      vertex -60.25736451148987 15.492635488510132 28.495819298766932
    endloop
  endfacet
  facet normal 0 0 1
    outer loop
      vertex -59.04999999701977 6.450000002980232 28.581177920604848
      vertex -51.79999999701977 6.450000002980232 28.581177920604848
      vertex -51.50736451148987 6.742635488510132 28.581177920604848
    endloop
  endfacet
  facet normal 0 1 0
    outer loop
      vertex -59.04999999701977 6.742635488510132 28.581177920604848
      vertex -51.50736451148987 6.742635488510132 28.581177920604848
      vertex -51.50736451148987 6.742635488510132 28.495819298766932
    endloop
  endfacet
  facet normal 0 0 1
    outer loop
      vertex -51.50736451148987 3.257364511489868 28.581177920604848
      vertex -51.50736451148987 6.742635488510132 28.581177920604848
      vertex -51.79999999701977 6.450000002980232 28.581177920604848
    endloop
  endfacet
  facet normal 1 0 0
    outer loop
      vertex -51.50736451148987 3.257364511489868 28.495819298766932
      vertex -51.50736451148987 6.742635488510132 28.495819298766932
      vertex -51.50736451148987 6.742635488510132 28.581177920604848
    endloop
  endfacet
  facet normal -1 0 0
    outer loop
      vertex -72.20000000298023 3.5499999970197678 28.581177920604848
      vertex -72.20000000298023 3.5499999970197678 28.61
      vertex -72.20000000298023 6.450000002980232 28.61
    endloop
  endfacet
  facet normal 0 -1 0
    outer loop
      vertex -72.20000000298023 3.5499999970197678 28.581177920604848
      vertex -64.95000000298023 3.5499999970197678 28.581177920604848
      vertex -72.20000000298023 3.5499999970197678 28.61
    endloop
  endfacet
  facet normal 0 -1 0
    outer loop
      vertex -63.45000000298023 -5.200000002980232 28.581177920604848
      vertex -60.54999999701977 -5.200000002980232 28.581177920604848
      vertex -63.45000000298023 -5.200000002980232 28.61
    endloop
  endfacet
  facet normal -1 0 0
    outer loop
      vertex -63.45000000298023 -5.200000002980232 28.581177920604848
      vertex -63.45000000298023 -5.200000002980232 28.61
      vertex -63.45000000298023 2.0499999970197678 28.61
    endloop
  endfacet
  facet normal 0 0 1
    outer loop
      vertex -63.45000000298023 -5.200000002980232 28.61
      vertex -60.54999999701977 -5.200000002980232 28.61
      vertex -63.45000000298023 2.0499999970197678 28.61
    endloop
  endfacet
  facet normal 0 -1 0
    outer loop
      vertex -72.20000000298023 3.5499999970197678 28.61
      vertex -64.95000000298023 3.5499999970197678 28.581177920604848
      vertex -64.95000000298023 3.5499999970197678 28.61
    endloop
  endfacet
  facet normal 0 0 1
    outer loop
      vertex -72.20000000298023 3.5499999970197678 28.61
      vertex -64.95000000298023 3.5499999970197678 28.61
      vertex -64.95000000298023 6.450000002980232 28.61
    endloop
  endfacet
  facet normal -1 0 0
    outer loop
      vertex -63.45000000298023 -5.200000002980232 28.581177920604848
      vertex -63.45000000298023 2.0499999970197678 28.61
      vertex -63.45000000298023 2.0499999970197678 28.581177920604848
    endloop
  endfacet
  facet normal -0.5877852537059847 -0.8090169933479712 0
    outer loop
      vertex -64.95000000298023 3.5499999970197678 28.581177920604848
      vertex -63.523415230214596 2.5135254859924316 28.581177920604848
      vertex -64.95000000298023 3.5499999970197678 28.61
    endloop
  endfacet
  facet normal -0.5877852537059847 -0.8090169933479712 -2.1844644408705257e-15
    outer loop
      vertex -64.95000000298023 3.5499999970197678 28.61
      vertex -63.523415230214596 2.5135254859924316 28.581177920604848
      vertex -63.523415230214596 2.5135254859924316 28.61
    endloop
  endfacet
  facet normal 0 0 1
    outer loop
      vertex -64.95000000298023 3.5499999970197678 28.61
      vertex -63.523415230214596 2.5135254859924316 28.61
      vertex -64.48647451400757 6.523415230214596 28.61
    endloop
  endfacet
  facet normal -0.9876883399079466 -0.15643446937898492 0
    outer loop
      vertex -63.45000000298023 2.0499999970197678 28.581177920604848
      vertex -63.45000000298023 2.0499999970197678 28.61
      vertex -63.523415230214596 2.5135254859924316 28.61
    endloop
  endfacet
  facet normal -0.9876883399079466 -0.15643446937898492 0
    outer loop
      vertex -63.45000000298023 2.0499999970197678 28.581177920604848
      vertex -63.523415230214596 2.5135254859924316 28.61
      vertex -63.523415230214596 2.5135254859924316 28.581177920604848
    endloop
  endfacet
  facet normal 0 0 1
    outer loop
      vertex -63.45000000298023 2.0499999970197678 28.61
      vertex -60.54999999701977 2.0499999970197678 28.61
      vertex -63.523415230214596 2.5135254859924316 28.61
    endloop
  endfacet
  facet normal 0 0 1
    outer loop
      vertex -63.523415230214596 2.5135254859924316 28.61
      vertex -60.54999999701977 2.0499999970197678 28.61
      vertex -64.48647451400757 6.523415230214596 28.61
    endloop
  endfacet
  facet normal -1 0 0
    outer loop
      vertex -72.20000000298023 3.5499999970197678 28.581177920604848
      vertex -72.20000000298023 6.450000002980232 28.61
      vertex -72.20000000298023 6.450000002980232 28.581177920604848
    endloop
  endfacet
  facet normal 0 0 1
    outer loop
      vertex -72.20000000298023 3.5499999970197678 28.61
      vertex -64.95000000298023 6.450000002980232 28.61
      vertex -72.20000000298023 6.450000002980232 28.61
    endloop
  endfacet
  facet normal 0 1 0
    outer loop
      vertex -72.20000000298023 6.450000002980232 28.581177920604848
      vertex -72.20000000298023 6.450000002980232 28.61
      vertex -64.95000000298023 6.450000002980232 28.61
    endloop
  endfacet
  facet normal 0 1 0
    outer loop
      vertex -72.20000000298023 6.450000002980232 28.581177920604848
      vertex -64.95000000298023 6.450000002980232 28.61
      vertex -64.95000000298023 6.450000002980232 28.581177920604848
    endloop
  endfacet
  facet normal 0 0 1
    outer loop
      vertex -64.95000000298023 3.5499999970197678 28.61
      vertex -64.48647451400757 6.523415230214596 28.61
      vertex -64.95000000298023 6.450000002980232 28.61
    endloop
  endfacet
  facet normal -0.15643446937898492 0.9876883399079466 0
    outer loop
      vertex -64.95000000298023 6.450000002980232 28.581177920604848
      vertex -64.95000000298023 6.450000002980232 28.61
      vertex -64.48647451400757 6.523415230214596 28.61
    endloop
  endfacet
  facet normal -0.15643446937898492 0.9876883399079466 0
    outer loop
      vertex -64.95000000298023 6.450000002980232 28.581177920604848
      vertex -64.48647451400757 6.523415230214596 28.61
      vertex -64.48647451400757 6.523415230214596 28.581177920604848
    endloop
  endfacet
  facet normal -0.8090169933479712 0.5877852537059847 0
    outer loop
      vertex -64.48647451400757 6.523415230214596 28.581177920604848
      vertex -64.48647451400757 6.523415230214596 28.61
      vertex -63.45000000298023 7.950000002980232 28.61
    endloop
  endfacet
  facet normal -0.8090169933479712 0.5877852537059847 2.1844644408705257e-15
    outer loop
      vertex -64.48647451400757 6.523415230214596 28.581177920604848
      vertex -63.45000000298023 7.950000002980232 28.61
      vertex -63.45000000298023 7.950000002980232 28.581177920604848
    endloop
  endfacet
  facet normal 0 0 1
    outer loop
      vertex -64.48647451400757 6.523415230214596 28.61
      vertex -59.51352548599243 3.476584769785404 28.61
      vertex -63.45000000298023 7.950000002980232 28.61
    endloop
  endfacet
  facet normal -1 0 0
    outer loop
      vertex -63.45000000298023 7.950000002980232 28.581177920604848
      vertex -63.45000000298023 7.950000002980232 28.61
      vertex -63.45000000298023 15.200000002980232 28.61
    endloop
  endfacet
  facet normal 0 0 1
    outer loop
      vertex -63.45000000298023 7.950000002980232 28.61
      vertex -60.54999999701977 7.950000002980232 28.61
      vertex -63.45000000298023 15.200000002980232 28.61
    endloop
  endfacet
  facet normal -1 0 0
    outer loop
      vertex -63.45000000298023 7.950000002980232 28.581177920604848
      vertex -63.45000000298023 15.200000002980232 28.61
      vertex -63.45000000298023 15.200000002980232 28.581177920604848
    endloop
  endfacet
  facet normal 0 1 0
    outer loop
      vertex -63.45000000298023 15.200000002980232 28.581177920604848
      vertex -63.45000000298023 15.200000002980232 28.61
      vertex -60.54999999701977 15.200000002980232 28.61
    endloop
  endfacet
  facet normal 0 -1 0
    outer loop
      vertex -63.45000000298023 -5.200000002980232 28.61
      vertex -60.54999999701977 -5.200000002980232 28.581177920604848
      vertex -60.54999999701977 -5.200000002980232 28.61
    endloop
  endfacet
  facet normal 1 0 0
    outer loop
      vertex -60.54999999701977 -5.200000002980232 28.581177920604848
      vertex -60.54999999701977 2.0499999970197678 28.581177920604848
      vertex -60.54999999701977 -5.200000002980232 28.61
    endloop
  endfacet
  facet normal 0 0 1
    outer loop
      vertex -63.45000000298023 2.0499999970197678 28.61
      vertex -60.54999999701977 -5.200000002980232 28.61
      vertex -60.54999999701977 2.0499999970197678 28.61
    endloop
  endfacet
  facet normal 1 0 0
    outer loop
      vertex -60.54999999701977 -5.200000002980232 28.61
      vertex -60.54999999701977 2.0499999970197678 28.581177920604848
      vertex -60.54999999701977 2.0499999970197678 28.61
    endloop
  endfacet
  facet normal 0 0 1
    outer loop
      vertex -64.48647451400757 6.523415230214596 28.61
      vertex -60.54999999701977 2.0499999970197678 28.61
      vertex -59.51352548599243 3.476584769785404 28.61
    endloop
  endfacet
  facet normal 0.8090169933479712 -0.5877852537059847 0
    outer loop
      vertex -60.54999999701977 2.0499999970197678 28.581177920604848
      vertex -59.51352548599243 3.476584769785404 28.581177920604848
      vertex -60.54999999701977 2.0499999970197678 28.61
    endloop
  endfacet
  facet normal 0.8090169933479712 -0.5877852537059847 2.1844644408705257e-15
    outer loop
      vertex -60.54999999701977 2.0499999970197678 28.61
      vertex -59.51352548599243 3.476584769785404 28.581177920604848
      vertex -59.51352548599243 3.476584769785404 28.61
    endloop
  endfacet
  facet normal 0.15643446937898492 -0.9876883399079466 0
    outer loop
      vertex -59.51352548599243 3.476584769785404 28.581177920604848
      vertex -59.04999999701977 3.5499999970197678 28.581177920604848
      vertex -59.51352548599243 3.476584769785404 28.61
    endloop
  endfacet
  facet normal 0.15643446937898492 -0.9876883399079466 0
    outer loop
      vertex -59.51352548599243 3.476584769785404 28.61
      vertex -59.04999999701977 3.5499999970197678 28.581177920604848
      vertex -59.04999999701977 3.5499999970197678 28.61
    endloop
  endfacet
  facet normal 0 0 1
    outer loop
      vertex -59.51352548599243 3.476584769785404 28.61
      vertex -59.04999999701977 3.5499999970197678 28.61
      vertex -59.04999999701977 6.450000002980232 28.61
    endloop
  endfacet
  facet normal 0 -1 0
    outer loop
      vertex -59.04999999701977 3.5499999970197678 28.581177920604848
      vertex -51.79999999701977 3.5499999970197678 28.581177920604848
      vertex -59.04999999701977 3.5499999970197678 28.61
    endloop
  endfacet
  facet normal 0 -1 0
    outer loop
      vertex -59.04999999701977 3.5499999970197678 28.61
      vertex -51.79999999701977 3.5499999970197678 28.581177920604848
      vertex -51.79999999701977 3.5499999970197678 28.61
    endloop
  endfacet
  facet normal 0 0 1
    outer loop
      vertex -59.04999999701977 3.5499999970197678 28.61
      vertex -51.79999999701977 3.5499999970197678 28.61
      vertex -51.79999999701977 6.450000002980232 28.61
    endloop
  endfacet
  facet normal 1 0 0
    outer loop
      vertex -51.79999999701977 3.5499999970197678 28.581177920604848
      vertex -51.79999999701977 6.450000002980232 28.581177920604848
      vertex -51.79999999701977 3.5499999970197678 28.61
    endloop
  endfacet
  facet normal 0 0 1
    outer loop
      vertex -63.45000000298023 7.950000002980232 28.61
      vertex -59.51352548599243 3.476584769785404 28.61
      vertex -60.476584769785404 7.486474514007568 28.61
    endloop
  endfacet
  facet normal 0 0 1
    outer loop
      vertex -63.45000000298023 7.950000002980232 28.61
      vertex -60.476584769785404 7.486474514007568 28.61
      vertex -60.54999999701977 7.950000002980232 28.61
    endloop
  endfacet
  facet normal 0.9876883399079466 0.15643446937898492 0
    outer loop
      vertex -60.476584769785404 7.486474514007568 28.581177920604848
      vertex -60.54999999701977 7.950000002980232 28.581177920604848
      vertex -60.476584769785404 7.486474514007568 28.61
    endloop
  endfacet
  facet normal 0.9876883399079466 0.15643446937898492 0
    outer loop
      vertex -60.476584769785404 7.486474514007568 28.61
      vertex -60.54999999701977 7.950000002980232 28.581177920604848
      vertex -60.54999999701977 7.950000002980232 28.61
    endloop
  endfacet
  facet normal 0 0 1
    outer loop
      vertex -59.51352548599243 3.476584769785404 28.61
      vertex -59.04999999701977 6.450000002980232 28.61
      vertex -60.476584769785404 7.486474514007568 28.61
    endloop
  endfacet
  facet normal 0.5877852537059847 0.8090169933479712 0
    outer loop
      vertex -60.476584769785404 7.486474514007568 28.581177920604848
      vertex -60.476584769785404 7.486474514007568 28.61
      vertex -59.04999999701977 6.450000002980232 28.61
    endloop
  endfacet
  facet normal 0.5877852537059847 0.8090169933479712 -2.1844644408705257e-15
    outer loop
      vertex -60.476584769785404 7.486474514007568 28.581177920604848
      vertex -59.04999999701977 6.450000002980232 28.61
      vertex -59.04999999701977 6.450000002980232 28.581177920604848
    endloop
  endfacet
  facet normal 1 0 0
    outer loop
      vertex -60.54999999701977 7.950000002980232 28.581177920604848
      vertex -60.54999999701977 15.200000002980232 28.581177920604848
      vertex -60.54999999701977 7.950000002980232 28.61
    endloop
  endfacet
  facet normal 0 0 1
    outer loop
      vertex -59.04999999701977 3.5499999970197678 28.61
      vertex -51.79999999701977 6.450000002980232 28.61
      vertex -59.04999999701977 6.450000002980232 28.61
    endloop
  endfacet
  facet normal 0 1 0
    outer loop
      vertex -59.04999999701977 6.450000002980232 28.581177920604848
      vertex -59.04999999701977 6.450000002980232 28.61
      vertex -51.79999999701977 6.450000002980232 28.61
    endloop
  endfacet
  facet normal 0 0 1
    outer loop
      vertex -63.45000000298023 15.200000002980232 28.61
      vertex -60.54999999701977 7.950000002980232 28.61
      vertex -60.54999999701977 15.200000002980232 28.61
    endloop
  endfacet
  facet normal 1 0 0
    outer loop
      vertex -60.54999999701977 7.950000002980232 28.61
      vertex -60.54999999701977 15.200000002980232 28.581177920604848
      vertex -60.54999999701977 15.200000002980232 28.61
    endloop
  endfacet
  facet normal 0 1 0
    outer loop
      vertex -63.45000000298023 15.200000002980232 28.581177920604848
      vertex -60.54999999701977 15.200000002980232 28.61
      vertex -60.54999999701977 15.200000002980232 28.581177920604848
    endloop
  endfacet
  facet normal 0 1 0
    outer loop
      vertex -59.04999999701977 6.450000002980232 28.581177920604848
      vertex -51.79999999701977 6.450000002980232 28.61
      vertex -51.79999999701977 6.450000002980232 28.581177920604848
    endloop
  endfacet
  facet normal 1 0 0
    outer loop
      vertex -51.79999999701977 3.5499999970197678 28.61
      vertex -51.79999999701977 6.450000002980232 28.581177920604848
      vertex -51.79999999701977 6.450000002980232 28.61
    endloop
  endfacet
  facet normal -1 0 0
    outer loop
      vertex -73.70000000298023 2.0499999970197678 23.110000000000003
      vertex -73.70000000298023 2.0499999970197678 27.11
      vertex -73.70000000298023 7.950000002980232 27.11
    endloop
  endfacet
  facet normal 0 -1 0
    outer loop
      vertex -73.70000000298023 2.0499999970197678 23.110000000000003
      vertex -64.95000000298023 2.0499999970197678 23.110000000000003
      vertex -73.70000000298023 2.0499999970197678 27.11
    endloop
  endfacet
  facet normal 0 0 1
    outer loop
      vertex -73.70000000298023 2.0499999970197678 27.11
      vertex -73.67117792367935 2.078822076320648 27.11
      vertex -73.70000000298023 7.950000002980232 27.11
    endloop
  endfacet
  facet normal 0 0 1
    outer loop
      vertex -73.70000000298023 2.0499999970197678 27.11
      vertex -64.95000000298023 2.0499999970197678 27.11
      vertex -73.67117792367935 2.078822076320648 27.11
    endloop
  endfacet
  facet normal 0 -1 0
    outer loop
      vertex -64.95000000298023 -6.700000002980232 23.110000000000003
      vertex -59.04999999701977 -6.700000002980232 23.110000000000003
      vertex -64.95000000298023 -6.700000002980232 27.11
    endloop
  endfacet
  facet normal -1 0 0
    outer loop
      vertex -64.95000000298023 -6.700000002980232 23.110000000000003
      vertex -64.95000000298023 -6.700000002980232 27.11
      vertex -64.95000000298023 2.0499999970197678 27.11
    endloop
  endfacet
  facet normal 0 0 1
    outer loop
      vertex -64.95000000298023 -6.700000002980232 27.11
      vertex -59.07882207632065 -6.671177923679352 27.11
      vertex -64.92117792367935 -6.671177923679352 27.11
    endloop
  endfacet
  facet normal 0 0 1
    outer loop
      vertex -64.95000000298023 -6.700000002980232 27.11
      vertex -64.92117792367935 -6.671177923679352 27.11
      vertex -64.95000000298023 2.0499999970197678 27.11
    endloop
  endfacet
  facet normal 0 -1 0
    outer loop
      vertex -64.95000000298023 2.0499999970197678 23.110000000000003
      vertex -64.95000000298023 2.0499999970197678 27.11
      vertex -73.70000000298023 2.0499999970197678 27.11
    endloop
  endfacet
  facet normal -1 0 0
    outer loop
      vertex -64.95000000298023 -6.700000002980232 23.110000000000003
      vertex -64.95000000298023 2.0499999970197678 27.11
      vertex -64.95000000298023 2.0499999970197678 23.110000000000003
    endloop
  endfacet
  facet normal 0 0 1
    outer loop
      vertex -73.67117792367935 2.078822076320648 27.11
      vertex -64.95000000298023 2.0499999970197678 27.11
      vertex -64.95000000298023 2.078822076320648 27.11
    endloop
  endfacet
  facet normal 0 0 1
    outer loop
      vertex -64.92117792367935 -6.671177923679352 27.11
      vertex -64.92117792367935 2.0499999970197678 27.11
      vertex -64.95000000298023 2.0499999970197678 27.11
    endloop
  endfacet
  facet normal 0 0 1
    outer loop
      vertex -64.95000000298023 2.0499999970197678 27.11
      vertex -64.92117792367935 2.0499999970197678 27.11
      vertex -64.92258857935667 2.0589065104722977 27.11
    endloop
  endfacet
  facet normal 0 0 1
    outer loop
      vertex -64.95000000298023 2.0499999970197678 27.11
      vertex -64.92258857935667 2.0589065104722977 27.11
      vertex -64.95000000298023 2.078822076320648 27.11
    endloop
  endfacet
  facet normal -1 0 0
    outer loop
      vertex -73.70000000298023 2.0499999970197678 23.110000000000003
      vertex -73.70000000298023 7.950000002980232 27.11
      vertex -73.70000000298023 7.950000002980232 23.110000000000003
    endloop
  endfacet
  facet normal 0 1 0
    outer loop
      vertex -73.70000000298023 7.950000002980232 23.110000000000003
      vertex -73.70000000298023 7.950000002980232 27.11
      vertex -64.95000000298023 7.950000002980232 27.11
    endloop
  endfacet
  facet normal 0 0 1
    outer loop
      vertex -73.67117792367935 2.078822076320648 27.11
      vertex -73.67117792367935 7.921177923679352 27.11
      vertex -73.70000000298023 7.950000002980232 27.11
    endloop
  endfacet
  facet normal 0 0 1
    outer loop
      vertex -73.70000000298023 7.950000002980232 27.11
      vertex -73.67117792367935 7.921177923679352 27.11
      vertex -64.95000000298023 7.950000002980232 27.11
    endloop
  endfacet
  facet normal 0 1 0
    outer loop
      vertex -73.70000000298023 7.950000002980232 23.110000000000003
      vertex -64.95000000298023 7.950000002980232 27.11
      vertex -64.95000000298023 7.950000002980232 23.110000000000003
    endloop
  endfacet
  facet normal -1 0 0
    outer loop
      vertex -64.95000000298023 7.950000002980232 23.110000000000003
      vertex -64.95000000298023 7.950000002980232 27.11
      vertex -64.95000000298023 16.700000002980232 27.11
    endloop
  endfacet
  facet normal 0 0 1
    outer loop
      vertex -73.67117792367935 7.921177923679352 27.11
      vertex -64.95000000298023 7.921177923679352 27.11
      vertex -64.95000000298023 7.950000002980232 27.11
    endloop
  endfacet
  facet normal 0 0 1
    outer loop
      vertex -64.95000000298023 7.921177923679352 27.11
      vertex -64.9410934895277 7.92258857935667 27.11
      vertex -64.95000000298023 7.950000002980232 27.11
    endloop
  endfacet
  facet normal 0 0 1
    outer loop
      vertex -64.9410934895277 7.92258857935667 27.11
      vertex -64.92117792367935 7.950000002980232 27.11
      vertex -64.95000000298023 7.950000002980232 27.11
    endloop
  endfacet
  facet normal 0 0 1
    outer loop
      vertex -64.95000000298023 7.950000002980232 27.11
      vertex -64.92117792367935 7.950000002980232 27.11
      vertex -64.92117792367935 16.671177923679352 27.11
    endloop
  endfacet
  facet normal -1 0 0
    outer loop
      vertex -64.95000000298023 7.950000002980232 23.110000000000003
      vertex -64.95000000298023 16.700000002980232 27.11
      vertex -64.95000000298023 16.700000002980232 23.110000000000003
    endloop
  endfacet
  facet normal 0 1 0
    outer loop
      vertex -64.95000000298023 16.700000002980232 23.110000000000003
      vertex -64.95000000298023 16.700000002980232 27.11
      vertex -59.04999999701977 16.700000002980232 27.11
    endloop
  endfacet
  facet normal 0 0 1
    outer loop
      vertex -64.95000000298023 7.950000002980232 27.11
      vertex -64.92117792367935 16.671177923679352 27.11
      vertex -64.95000000298023 16.700000002980232 27.11
    endloop
  endfacet
  facet normal 0 0 1
    outer loop
      vertex -64.92117792367935 16.671177923679352 27.11
      vertex -59.04999999701977 16.700000002980232 27.11
      vertex -64.95000000298023 16.700000002980232 27.11
    endloop
  endfacet
  facet normal 0 -1 0
    outer loop
      vertex -64.95000000298023 -6.700000002980232 27.11
      vertex -59.04999999701977 -6.700000002980232 23.110000000000003
      vertex -59.04999999701977 -6.700000002980232 27.11
    endloop
  endfacet
  facet normal 1 0 0
    outer loop
      vertex -59.04999999701977 -6.700000002980232 23.110000000000003
      vertex -59.04999999701977 2.0499999970197678 23.110000000000003
      vertex -59.04999999701977 -6.700000002980232 27.11
    endloop
  endfacet
  facet normal 0 0 1
    outer loop
      vertex -64.95000000298023 -6.700000002980232 27.11
      vertex -59.04999999701977 -6.700000002980232 27.11
      vertex -59.07882207632065 -6.671177923679352 27.11
    endloop
  endfacet
  facet normal 0 0 1
    outer loop
      vertex -59.04999999701977 -6.700000002980232 27.11
      vertex -59.04999999701977 2.0499999970197678 27.11
      vertex -59.07882207632065 -6.671177923679352 27.11
    endloop
  endfacet
  facet normal 1 0 0
    outer loop
      vertex -59.04999999701977 2.0499999970197678 23.110000000000003
      vertex -59.04999999701977 2.0499999970197678 27.11
      vertex -59.04999999701977 -6.700000002980232 27.11
    endloop
  endfacet
  facet normal 0 -1 0
    outer loop
      vertex -59.04999999701977 2.0499999970197678 23.110000000000003
      vertex -50.29999999701977 2.0499999970197678 23.110000000000003
      vertex -59.04999999701977 2.0499999970197678 27.11
    endloop
  endfacet
  facet normal 0 0 1
    outer loop
      vertex -59.07882207632065 -6.671177923679352 27.11
      vertex -59.04999999701977 2.0499999970197678 27.11
      vertex -59.07882207632065 2.0499999970197678 27.11
    endloop
  endfacet
  facet normal 0 0 1
    outer loop
      vertex -59.04999999701977 2.0499999970197678 27.11
      vertex -59.04999999701977 2.078822076320648 27.11
      vertex -59.0589065104723 2.0774114206433296 27.11
    endloop
  endfacet
  facet normal 0 0 1
    outer loop
      vertex -59.07882207632065 2.0499999970197678 27.11
      vertex -59.04999999701977 2.0499999970197678 27.11
      vertex -59.0589065104723 2.0774114206433296 27.11
    endloop
  endfacet
  facet normal 0 0 1
    outer loop
      vertex -59.04999999701977 2.0499999970197678 27.11
      vertex -50.32882207632065 2.078822076320648 27.11
      vertex -59.04999999701977 2.078822076320648 27.11
    endloop
  endfacet
  facet normal 0 -1 0
    outer loop
      vertex -50.29999999701977 2.0499999970197678 23.110000000000003
      vertex -50.29999999701977 2.0499999970197678 27.11
      vertex -59.04999999701977 2.0499999970197678 27.11
    endloop
  endfacet
  facet normal 1 0 0
    outer loop
      vertex -50.29999999701977 2.0499999970197678 23.110000000000003
      vertex -50.29999999701977 7.950000002980232 23.110000000000003
      vertex -50.29999999701977 2.0499999970197678 27.11
    endloop
  endfacet
  facet normal 0 0 1
    outer loop
      vertex -59.04999999701977 2.0499999970197678 27.11
      vertex -50.29999999701977 2.0499999970197678 27.11
      vertex -50.32882207632065 2.078822076320648 27.11
    endloop
  endfacet
  facet normal 0 0 1
    outer loop
      vertex -50.32882207632065 2.078822076320648 27.11
      vertex -50.29999999701977 2.0499999970197678 27.11
      vertex -50.32882207632065 7.921177923679352 27.11
    endloop
  endfacet
  facet normal 1 0 0
    outer loop
      vertex -59.04999999701977 7.950000002980232 23.110000000000003
      vertex -59.04999999701977 16.700000002980232 23.110000000000003
      vertex -59.04999999701977 7.950000002980232 27.11
    endloop
  endfacet
  facet normal 0 1 0
    outer loop
      vertex -59.04999999701977 7.950000002980232 23.110000000000003
      vertex -59.04999999701977 7.950000002980232 27.11
      vertex -50.29999999701977 7.950000002980232 27.11
    endloop
  endfacet
  facet normal 0 0 1
    outer loop
      vertex -59.07741142064333 7.941093489527702 27.11
      vertex -59.04999999701977 7.950000002980232 27.11
      vertex -59.07882207632065 7.950000002980232 27.11
    endloop
  endfacet
  facet normal 0 0 1
    outer loop
      vertex -59.07741142064333 7.941093489527702 27.11
      vertex -59.04999999701977 7.921177923679352 27.11
      vertex -59.04999999701977 7.950000002980232 27.11
    endloop
  endfacet
  facet normal 0 0 1
    outer loop
      vertex -59.07882207632065 7.950000002980232 27.11
      vertex -59.04999999701977 7.950000002980232 27.11
      vertex -59.07882207632065 16.671177923679352 27.11
    endloop
  endfacet
  facet normal 0 0 1
    outer loop
      vertex -59.04999999701977 7.921177923679352 27.11
      vertex -50.32882207632065 7.921177923679352 27.11
      vertex -59.04999999701977 7.950000002980232 27.11
    endloop
  endfacet
  facet normal 1 0 0
    outer loop
      vertex -59.04999999701977 16.700000002980232 23.110000000000003
      vertex -59.04999999701977 16.700000002980232 27.11
      vertex -59.04999999701977 7.950000002980232 27.11
    endloop
  endfacet
  facet normal 0 1 0
    outer loop
      vertex -64.95000000298023 16.700000002980232 23.110000000000003
      vertex -59.04999999701977 16.700000002980232 27.11
      vertex -59.04999999701977 16.700000002980232 23.110000000000003
    endloop
  endfacet
  facet normal 0 0 1
    outer loop
      vertex -59.04999999701977 7.950000002980232 27.11
      vertex -59.04999999701977 16.700000002980232 27.11
      vertex -59.07882207632065 16.671177923679352 27.11
    endloop
  endfacet
  facet normal 0 0 1
    outer loop
      vertex -64.92117792367935 16.671177923679352 27.11
      vertex -59.07882207632065 16.671177923679352 27.11
      vertex -59.04999999701977 16.700000002980232 27.11
    endloop
  endfacet
  facet normal 0 1 0
    outer loop
      vertex -59.04999999701977 7.950000002980232 23.110000000000003
      vertex -50.29999999701977 7.950000002980232 27.11
      vertex -50.29999999701977 7.950000002980232 23.110000000000003
    endloop
  endfacet
  facet normal 1 0 0
    outer loop
      vertex -50.29999999701977 2.0499999970197678 27.11
      vertex -50.29999999701977 7.950000002980232 23.110000000000003
      vertex -50.29999999701977 7.950000002980232 27.11
    endloop
  endfacet
  facet normal 0 0 1
    outer loop
      vertex -59.04999999701977 7.950000002980232 27.11
      vertex -50.32882207632065 7.921177923679352 27.11
      vertex -50.29999999701977 7.950000002980232 27.11
    endloop
  endfacet
  facet normal 0 0 1
    outer loop
      vertex -50.29999999701977 2.0499999970197678 27.11
      vertex -50.29999999701977 7.950000002980232 27.11
      vertex -50.32882207632065 7.921177923679352 27.11
    endloop
  endfacet
  facet normal 0 -1 0
    outer loop
      vertex -74.90000000596046 0.8499999940395355 21.6
      vertex -66.15000000596046 0.8499999940395355 21.6
      vertex -74.90000000596046 0.8499999940395355 21.91
    endloop
  endfacet
  facet normal 0 0 1
    outer loop
      vertex -74.90000000596046 0.8499999940395355 21.91
      vertex -66.15000000596046 0.8499999940395355 21.91
      vertex -74.6600000038743 1.089999996125698 21.91
    endloop
  endfacet
  facet normal -1 0 0
    outer loop
      vertex -74.90000000596046 0.8499999940395355 21.6
      vertex -74.90000000596046 0.8499999940395355 21.91
      vertex -74.90000000596046 9.150000005960464 21.91
    endloop
  endfacet
  facet normal 0 0 1
    outer loop
      vertex -74.90000000596046 0.8499999940395355 21.91
      vertex -74.6600000038743 1.089999996125698 21.91
      vertex -74.90000000596046 9.150000005960464 21.91
    endloop
  endfacet
  facet normal 0 -1 0
    outer loop
      vertex -74.90000000596046 0.8499999940395355 21.91
      vertex -66.15000000596046 0.8499999940395355 21.6
      vertex -66.15000000596046 0.8499999940395355 21.91
    endloop
  endfacet
  facet normal 0 0 1
    outer loop
      vertex -74.6600000038743 1.089999996125698 21.91
      vertex -66.15000000596046 0.8499999940395355 21.91
      vertex -65.9100000038743 1.089999996125698 21.91
    endloop
  endfacet
  facet normal -1 0 0
    outer loop
      vertex -66.15000000596046 -7.9000000059604645 21.6
      vertex -66.15000000596046 -7.9000000059604645 21.91
      vertex -66.15000000596046 0.8499999940395355 21.91
    endloop
  endfacet
  facet normal 0 0 1
    outer loop
      vertex -66.15000000596046 -7.9000000059604645 21.91
      vertex -65.9100000038743 -7.660000003874302 21.91
      vertex -66.15000000596046 0.8499999940395355 21.91
    endloop
  endfacet
  facet normal -1 0 0
    outer loop
      vertex -66.15000000596046 -7.9000000059604645 21.6
      vertex -66.15000000596046 0.8499999940395355 21.91
      vertex -66.15000000596046 0.8499999940395355 21.6
    endloop
  endfacet
  facet normal 0 0 1
    outer loop
      vertex -65.9100000038743 -7.660000003874302 21.91
      vertex -65.9100000038743 1.089999996125698 21.91
      vertex -66.15000000596046 0.8499999940395355 21.91
    endloop
  endfacet
  facet normal 0 -1 0
    outer loop
      vertex -66.15000000596046 -7.9000000059604645 21.6
      vertex -57.849999994039536 -7.9000000059604645 21.6
      vertex -66.15000000596046 -7.9000000059604645 21.91
    endloop
  endfacet
  facet normal 0 0 1
    outer loop
      vertex -66.15000000596046 -7.9000000059604645 21.91
      vertex -58.0899999961257 -7.660000003874302 21.91
      vertex -65.9100000038743 -7.660000003874302 21.91
    endloop
  endfacet
  facet normal -1 0 0
    outer loop
      vertex -74.90000000596046 0.8499999940395355 21.6
      vertex -74.90000000596046 9.150000005960464 21.91
      vertex -74.90000000596046 9.150000005960464 21.6
    endloop
  endfacet
  facet normal 0 0 1
    outer loop
      vertex -74.6600000038743 1.089999996125698 21.91
      vertex -74.6600000038743 8.910000003874302 21.91
      vertex -74.90000000596046 9.150000005960464 21.91
    endloop
  endfacet
  facet normal 0 1 0
    outer loop
      vertex -74.90000000596046 9.150000005960464 21.6
      vertex -74.90000000596046 9.150000005960464 21.91
      vertex -66.15000000596046 9.150000005960464 21.91
    endloop
  endfacet
  facet normal 0 0 1
    outer loop
      vertex -74.6600000038743 8.910000003874302 21.91
      vertex -66.15000000596046 9.150000005960464 21.91
      vertex -74.90000000596046 9.150000005960464 21.91
    endloop
  endfacet
  facet normal 0 1 0
    outer loop
      vertex -74.90000000596046 9.150000005960464 21.6
      vertex -66.15000000596046 9.150000005960464 21.91
      vertex -66.15000000596046 9.150000005960464 21.6
    endloop
  endfacet
  facet normal 0 0 1
    outer loop
      vertex -74.6600000038743 8.910000003874302 21.91
      vertex -65.9100000038743 8.910000003874302 21.91
      vertex -66.15000000596046 9.150000005960464 21.91
    endloop
  endfacet
  facet normal -1 0 0
    outer loop
      vertex -66.15000000596046 9.150000005960464 21.6
      vertex -66.15000000596046 9.150000005960464 21.91
      vertex -66.15000000596046 17.900000005960464 21.91
    endloop
  endfacet
  facet normal 0 0 1
    outer loop
      vertex -66.15000000596046 9.150000005960464 21.91
      vertex -65.9100000038743 8.910000003874302 21.91
      vertex -65.9100000038743 17.660000003874302 21.91
    endloop
  endfacet
  facet normal -1 0 0
    outer loop
      vertex -66.15000000596046 9.150000005960464 21.6
      vertex -66.15000000596046 17.900000005960464 21.91
      vertex -66.15000000596046 17.900000005960464 21.6
    endloop
  endfacet
  facet normal 0 0 1
    outer loop
      vertex -66.15000000596046 9.150000005960464 21.91
      vertex -65.9100000038743 17.660000003874302 21.91
      vertex -66.15000000596046 17.900000005960464 21.91
    endloop
  endfacet
  facet normal 0 1 0
    outer loop
      vertex -66.15000000596046 17.900000005960464 21.6
      vertex -66.15000000596046 17.900000005960464 21.91
      vertex -57.849999994039536 17.900000005960464 21.91
    endloop
  endfacet
  facet normal 0 0 1
    outer loop
      vertex -66.15000000596046 17.900000005960464 21.91
      vertex -65.9100000038743 17.660000003874302 21.91
      vertex -57.849999994039536 17.900000005960464 21.91
    endloop
  endfacet
  facet normal 0 -1 0
    outer loop
      vertex -66.15000000596046 -7.9000000059604645 21.91
      vertex -57.849999994039536 -7.9000000059604645 21.6
      vertex -57.849999994039536 -7.9000000059604645 21.91
    endloop
  endfacet
  facet normal 0 0 1
    outer loop
      vertex -66.15000000596046 -7.9000000059604645 21.91
      vertex -57.849999994039536 -7.9000000059604645 21.91
      vertex -58.0899999961257 -7.660000003874302 21.91
    endloop
  endfacet
  facet normal 1 0 0
    outer loop
      vertex -57.849999994039536 -7.9000000059604645 21.6
      vertex -57.849999994039536 0.8499999940395355 21.6
      vertex -57.849999994039536 -7.9000000059604645 21.91
    endloop
  endfacet
  facet normal 0 0 1
    outer loop
      vertex -58.0899999961257 -7.660000003874302 21.91
      vertex -57.849999994039536 -7.9000000059604645 21.91
      vertex -57.849999994039536 0.8499999940395355 21.91
    endloop
  endfacet
  facet normal 0 0 1
    outer loop
      vertex -58.0899999961257 -7.660000003874302 21.91
      vertex -57.849999994039536 0.8499999940395355 21.91
      vertex -58.0899999961257 1.089999996125698 21.91
    endloop
  endfacet
  facet normal 1 0 0
    outer loop
      vertex -57.849999994039536 -7.9000000059604645 21.91
      vertex -57.849999994039536 0.8499999940395355 21.6
      vertex -57.849999994039536 0.8499999940395355 21.91
    endloop
  endfacet
  facet normal 0 -1 0
    outer loop
      vertex -57.849999994039536 0.8499999940395355 21.6
      vertex -49.099999994039536 0.8499999940395355 21.6
      vertex -57.849999994039536 0.8499999940395355 21.91
    endloop
  endfacet
  facet normal 0 0 1
    outer loop
      vertex -58.0899999961257 1.089999996125698 21.91
      vertex -57.849999994039536 0.8499999940395355 21.91
      vertex -49.3399999961257 1.089999996125698 21.91
    endloop
  endfacet
  facet normal 0 -1 0
    outer loop
      vertex -57.849999994039536 0.8499999940395355 21.91
      vertex -49.099999994039536 0.8499999940395355 21.6
      vertex -49.099999994039536 0.8499999940395355 21.91
    endloop
  endfacet
  facet normal 0 0 1
    outer loop
      vertex -57.849999994039536 0.8499999940395355 21.91
      vertex -49.099999994039536 0.8499999940395355 21.91
      vertex -49.3399999961257 1.089999996125698 21.91
    endloop
  endfacet
  facet normal 1 0 0
    outer loop
      vertex -49.099999994039536 0.8499999940395355 21.6
      vertex -49.099999994039536 9.150000005960464 21.6
      vertex -49.099999994039536 0.8499999940395355 21.91
    endloop
  endfacet
  facet normal 0 0 1
    outer loop
      vertex -49.099999994039536 0.8499999940395355 21.91
      vertex -49.3399999961257 8.910000003874302 21.91
      vertex -49.3399999961257 1.089999996125698 21.91
    endloop
  endfacet
  facet normal 0 1 0
    outer loop
      vertex -66.15000000596046 17.900000005960464 21.6
      vertex -57.849999994039536 17.900000005960464 21.91
      vertex -57.849999994039536 17.900000005960464 21.6
    endloop
  endfacet
  facet normal 0 0 1
    outer loop
      vertex -65.9100000038743 17.660000003874302 21.91
      vertex -58.0899999961257 17.660000003874302 21.91
      vertex -57.849999994039536 17.900000005960464 21.91
    endloop
  endfacet
  facet normal 1 0 0
    outer loop
      vertex -57.849999994039536 9.150000005960464 21.6
      vertex -57.849999994039536 17.900000005960464 21.6
      vertex -57.849999994039536 9.150000005960464 21.91
    endloop
  endfacet
  facet normal 0 0 1
    outer loop
      vertex -58.0899999961257 8.910000003874302 21.91
      vertex -57.849999994039536 9.150000005960464 21.91
      vertex -58.0899999961257 17.660000003874302 21.91
    endloop
  endfacet
  facet normal 1 0 0
    outer loop
      vertex -57.849999994039536 9.150000005960464 21.91
      vertex -57.849999994039536 17.900000005960464 21.6
      vertex -57.849999994039536 17.900000005960464 21.91
    endloop
  endfacet
  facet normal 0 0 1
    outer loop
      vertex -57.849999994039536 9.150000005960464 21.91
      vertex -57.849999994039536 17.900000005960464 21.91
      vertex -58.0899999961257 17.660000003874302 21.91
    endloop
  endfacet
  facet normal 0 0 1
    outer loop
      vertex -58.0899999961257 8.910000003874302 21.91
      vertex -49.3399999961257 8.910000003874302 21.91
      vertex -57.849999994039536 9.150000005960464 21.91
    endloop
  endfacet
  facet normal 0 1 0
    outer loop
      vertex -57.849999994039536 9.150000005960464 21.6
      vertex -57.849999994039536 9.150000005960464 21.91
      vertex -49.099999994039536 9.150000005960464 21.91
    endloop
  endfacet
  facet normal 1 0 0
    outer loop
      vertex -49.099999994039536 0.8499999940395355 21.91
      vertex -49.099999994039536 9.150000005960464 21.6
      vertex -49.099999994039536 9.150000005960464 21.91
    endloop
  endfacet
  facet normal 0 0 1
    outer loop
      vertex -49.099999994039536 0.8499999940395355 21.91
      vertex -49.099999994039536 9.150000005960464 21.91
      vertex -49.3399999961257 8.910000003874302 21.91
    endloop
  endfacet
  facet normal 0 1 0
    outer loop
      vertex -57.849999994039536 9.150000005960464 21.6
      vertex -49.099999994039536 9.150000005960464 21.91
      vertex -49.099999994039536 9.150000005960464 21.6
    endloop
  endfacet
  facet normal 0 0 1
    outer loop
      vertex -57.849999994039536 9.150000005960464 21.91
      vertex -49.3399999961257 8.910000003874302 21.91
      vertex -49.099999994039536 9.150000005960464 21.91
    endloop
  endfacet
  facet normal 0 -1 0
    outer loop
      vertex -74.6600000038743 1.089999996125698 21.91
      vertex -65.9100000038743 1.089999996125698 22.21
      vertex -74.6600000038743 1.089999996125698 22.21
    endloop
  endfacet
  facet normal -1 0 0
    outer loop
      vertex -74.6600000038743 1.089999996125698 21.91
      vertex -74.6600000038743 1.089999996125698 22.21
      vertex -74.6600000038743 8.910000003874302 21.91
    endloop
  endfacet
  facet normal 0 0 1
    outer loop
      vertex -74.6600000038743 1.089999996125698 22.21
      vertex -74.42000000178814 1.3299999982118607 22.21
      vertex -74.6600000038743 8.910000003874302 22.21
    endloop
  endfacet
  facet normal 0 0 1
    outer loop
      vertex -74.6600000038743 1.089999996125698 22.21
      vertex -65.67000000178814 1.3299999982118607 22.21
      vertex -74.42000000178814 1.3299999982118607 22.21
    endloop
  endfacet
  facet normal 0 -1 0
    outer loop
      vertex -74.6600000038743 1.089999996125698 21.91
      vertex -65.9100000038743 1.089999996125698 21.91
      vertex -65.9100000038743 1.089999996125698 22.21
    endloop
  endfacet
  facet normal 0 0 1
    outer loop
      vertex -74.6600000038743 1.089999996125698 22.21
      vertex -65.9100000038743 1.089999996125698 22.21
      vertex -65.67000000178814 1.3299999982118607 22.21
    endloop
  endfacet
  facet normal -1 0 0
    outer loop
      vertex -65.9100000038743 -7.660000003874302 21.91
      vertex -65.9100000038743 -7.660000003874302 22.21
      vertex -65.9100000038743 1.089999996125698 21.91
    endloop
  endfacet
  facet normal 0 0 1
    outer loop
      vertex -65.9100000038743 -7.660000003874302 22.21
      vertex -65.67000000178814 -7.420000001788139 22.21
      vertex -65.9100000038743 1.089999996125698 22.21
    endloop
  endfacet
  facet normal -1 0 0
    outer loop
      vertex -65.9100000038743 -7.660000003874302 22.21
      vertex -65.9100000038743 1.089999996125698 22.21
      vertex -65.9100000038743 1.089999996125698 21.91
    endloop
  endfacet
  facet normal 0 0 1
    outer loop
      vertex -65.67000000178814 -7.420000001788139 22.21
      vertex -65.67000000178814 1.3299999982118607 22.21
      vertex -65.9100000038743 1.089999996125698 22.21
    endloop
  endfacet
  facet normal 0 -1 0
    outer loop
      vertex -65.9100000038743 -7.660000003874302 21.91
      vertex -58.0899999961257 -7.660000003874302 22.21
      vertex -65.9100000038743 -7.660000003874302 22.21
    endloop
  endfacet
  facet normal 0 0 1
    outer loop
      vertex -65.9100000038743 -7.660000003874302 22.21
      vertex -58.32999999821186 -7.420000001788139 22.21
      vertex -65.67000000178814 -7.420000001788139 22.21
    endloop
  endfacet
  facet normal -1 0 0
    outer loop
      vertex -74.6600000038743 1.089999996125698 22.21
      vertex -74.6600000038743 8.910000003874302 22.21
      vertex -74.6600000038743 8.910000003874302 21.91
    endloop
  endfacet
  facet normal 0 0 1
    outer loop
      vertex -74.42000000178814 1.3299999982118607 22.21
      vertex -74.42000000178814 8.67000000178814 22.21
      vertex -74.6600000038743 8.910000003874302 22.21
    endloop
  endfacet
  facet normal 0 1 0
    outer loop
      vertex -74.6600000038743 8.910000003874302 21.91
      vertex -74.6600000038743 8.910000003874302 22.21
      vertex -65.9100000038743 8.910000003874302 21.91
    endloop
  endfacet
  facet normal 0 0 1
    outer loop
      vertex -74.6600000038743 8.910000003874302 22.21
      vertex -74.42000000178814 8.67000000178814 22.21
      vertex -65.9100000038743 8.910000003874302 22.21
    endloop
  endfacet
  facet normal 0 0 1
    outer loop
      vertex -74.42000000178814 8.67000000178814 22.21
      vertex -65.67000000178814 8.67000000178814 22.21
      vertex -65.9100000038743 8.910000003874302 22.21
    endloop
  endfacet
  facet normal 0 1 0
    outer loop
      vertex -74.6600000038743 8.910000003874302 22.21
      vertex -65.9100000038743 8.910000003874302 22.21
      vertex -65.9100000038743 8.910000003874302 21.91
    endloop
  endfacet
  facet normal -1 0 0
    outer loop
      vertex -65.9100000038743 8.910000003874302 21.91
      vertex -65.9100000038743 8.910000003874302 22.21
      vertex -65.9100000038743 17.660000003874302 21.91
    endloop
  endfacet
  facet normal 0 0 1
    outer loop
      vertex -65.9100000038743 8.910000003874302 22.21
      vertex -65.67000000178814 8.67000000178814 22.21
      vertex -65.9100000038743 17.660000003874302 22.21
    endloop
  endfacet
  facet normal 0 0 1
    outer loop
      vertex -65.67000000178814 8.67000000178814 22.21
      vertex -65.67000000178814 17.42000000178814 22.21
      vertex -65.9100000038743 17.660000003874302 22.21
    endloop
  endfacet
  facet normal -1 0 0
    outer loop
      vertex -65.9100000038743 8.910000003874302 22.21
      vertex -65.9100000038743 17.660000003874302 22.21
      vertex -65.9100000038743 17.660000003874302 21.91
    endloop
  endfacet
  facet normal 0 1 0
    outer loop
      vertex -65.9100000038743 17.660000003874302 21.91
      vertex -65.9100000038743 17.660000003874302 22.21
      vertex -58.0899999961257 17.660000003874302 21.91
    endloop
  endfacet
  facet normal 0 0 1
    outer loop
      vertex -65.67000000178814 17.42000000178814 22.21
      vertex -58.0899999961257 17.660000003874302 22.21
      vertex -65.9100000038743 17.660000003874302 22.21
    endloop
  endfacet
  facet normal 0 -1 0
    outer loop
      vertex -65.9100000038743 -7.660000003874302 21.91
      vertex -58.0899999961257 -7.660000003874302 21.91
      vertex -58.0899999961257 -7.660000003874302 22.21
    endloop
  endfacet
  facet normal 0 0 1
    outer loop
      vertex -65.9100000038743 -7.660000003874302 22.21
      vertex -58.0899999961257 -7.660000003874302 22.21
      vertex -58.32999999821186 -7.420000001788139 22.21
    endloop
  endfacet
  facet normal 1 0 0
    outer loop
      vertex -58.0899999961257 -7.660000003874302 21.91
      vertex -58.0899999961257 1.089999996125698 22.21
      vertex -58.0899999961257 -7.660000003874302 22.21
    endloop
  endfacet
  facet normal 0 0 1
    outer loop
      vertex -58.0899999961257 -7.660000003874302 22.21
      vertex -58.32999999821186 1.3299999982118607 22.21
      vertex -58.32999999821186 -7.420000001788139 22.21
    endloop
  endfacet
  facet normal 1 0 0
    outer loop
      vertex -58.0899999961257 -7.660000003874302 21.91
      vertex -58.0899999961257 1.089999996125698 21.91
      vertex -58.0899999961257 1.089999996125698 22.21
    endloop
  endfacet
  facet normal 0 0 1
    outer loop
      vertex -58.0899999961257 -7.660000003874302 22.21
      vertex -58.0899999961257 1.089999996125698 22.21
      vertex -58.32999999821186 1.3299999982118607 22.21
    endloop
  endfacet
  facet normal 0 -1 0
    outer loop
      vertex -58.0899999961257 1.089999996125698 21.91
      vertex -49.3399999961257 1.089999996125698 22.21
      vertex -58.0899999961257 1.089999996125698 22.21
    endloop
  endfacet
  facet normal 0 0 1
    outer loop
      vertex -58.32999999821186 1.3299999982118607 22.21
      vertex -58.0899999961257 1.089999996125698 22.21
      vertex -49.57999999821186 1.3299999982118607 22.21
    endloop
  endfacet
  facet normal 0 0 1
    outer loop
      vertex -58.0899999961257 1.089999996125698 22.21
      vertex -49.3399999961257 1.089999996125698 22.21
      vertex -49.57999999821186 1.3299999982118607 22.21
    endloop
  endfacet
  facet normal 0 -1 0
    outer loop
      vertex -58.0899999961257 1.089999996125698 21.91
      vertex -49.3399999961257 1.089999996125698 21.91
      vertex -49.3399999961257 1.089999996125698 22.21
    endloop
  endfacet
  facet normal 1 0 0
    outer loop
      vertex -49.3399999961257 1.089999996125698 21.91
      vertex -49.3399999961257 8.910000003874302 22.21
      vertex -49.3399999961257 1.089999996125698 22.21
    endloop
  endfacet
  facet normal 0 0 1
    outer loop
      vertex -49.57999999821186 1.3299999982118607 22.21
      vertex -49.3399999961257 1.089999996125698 22.21
      vertex -49.57999999821186 8.67000000178814 22.21
    endloop
  endfacet
  facet normal 0 1 0
    outer loop
      vertex -65.9100000038743 17.660000003874302 22.21
      vertex -58.0899999961257 17.660000003874302 22.21
      vertex -58.0899999961257 17.660000003874302 21.91
    endloop
  endfacet
  facet normal 0 0 1
    outer loop
      vertex -65.67000000178814 17.42000000178814 22.21
      vertex -58.32999999821186 17.42000000178814 22.21
      vertex -58.0899999961257 17.660000003874302 22.21
    endloop
  endfacet
  facet normal 0 0 1
    outer loop
      vertex -58.32999999821186 8.67000000178814 22.21
      vertex -58.0899999961257 8.910000003874302 22.21
      vertex -58.32999999821186 17.42000000178814 22.21
    endloop
  endfacet
  facet normal 1 0 0
    outer loop
      vertex -58.0899999961257 8.910000003874302 21.91
      vertex -58.0899999961257 17.660000003874302 22.21
      vertex -58.0899999961257 8.910000003874302 22.21
    endloop
  endfacet
  facet normal 0 0 1
    outer loop
      vertex -58.0899999961257 8.910000003874302 22.21
      vertex -58.0899999961257 17.660000003874302 22.21
      vertex -58.32999999821186 17.42000000178814 22.21
    endloop
  endfacet
  facet normal 1 0 0
    outer loop
      vertex -58.0899999961257 8.910000003874302 21.91
      vertex -58.0899999961257 17.660000003874302 21.91
      vertex -58.0899999961257 17.660000003874302 22.21
    endloop
  endfacet
  facet normal 0 1 0
    outer loop
      vertex -58.0899999961257 8.910000003874302 21.91
      vertex -58.0899999961257 8.910000003874302 22.21
      vertex -49.3399999961257 8.910000003874302 21.91
    endloop
  endfacet
  facet normal 0 0 1
    outer loop
      vertex -58.32999999821186 8.67000000178814 22.21
      vertex -49.3399999961257 8.910000003874302 22.21
      vertex -58.0899999961257 8.910000003874302 22.21
    endloop
  endfacet
  facet normal 0 0 1
    outer loop
      vertex -58.32999999821186 8.67000000178814 22.21
      vertex -49.57999999821186 8.67000000178814 22.21
      vertex -49.3399999961257 8.910000003874302 22.21
    endloop
  endfacet
  facet normal 1 0 0
    outer loop
      vertex -49.3399999961257 1.089999996125698 21.91
      vertex -49.3399999961257 8.910000003874302 21.91
      vertex -49.3399999961257 8.910000003874302 22.21
    endloop
  endfacet
  facet normal 0 0 1
    outer loop
      vertex -49.3399999961257 1.089999996125698 22.21
      vertex -49.3399999961257 8.910000003874302 22.21
      vertex -49.57999999821186 8.67000000178814 22.21
    endloop
  endfacet
  facet normal 0 1 0
    outer loop
      vertex -58.0899999961257 8.910000003874302 22.21
      vertex -49.3399999961257 8.910000003874302 22.21
      vertex -49.3399999961257 8.910000003874302 21.91
    endloop
  endfacet
  facet normal -1 0 0
    outer loop
      vertex -74.42000000178814 1.3299999982118607 22.21
      vertex -74.42000000178814 1.3299999982118607 22.51
      vertex -74.42000000178814 8.67000000178814 22.51
    endloop
  endfacet
  facet normal 0 0 1
    outer loop
      vertex -74.42000000178814 1.3299999982118607 22.51
      vertex -74.17999999970198 1.5700000002980232 22.51
      vertex -74.42000000178814 8.67000000178814 22.51
    endloop
  endfacet
  facet normal 0 -1 0
    outer loop
      vertex -74.42000000178814 1.3299999982118607 22.21
      vertex -65.67000000178814 1.3299999982118607 22.21
      vertex -74.42000000178814 1.3299999982118607 22.51
    endloop
  endfacet
  facet normal 0 0 1
    outer loop
      vertex -74.42000000178814 1.3299999982118607 22.51
      vertex -65.67000000178814 1.3299999982118607 22.51
      vertex -74.17999999970198 1.5700000002980232 22.51
    endloop
  endfacet
  facet normal 0 -1 0
    outer loop
      vertex -74.42000000178814 1.3299999982118607 22.51
      vertex -65.67000000178814 1.3299999982118607 22.21
      vertex -65.67000000178814 1.3299999982118607 22.51
    endloop
  endfacet
  facet normal -1 0 0
    outer loop
      vertex -65.67000000178814 -7.420000001788139 22.21
      vertex -65.67000000178814 -7.420000001788139 22.51
      vertex -65.67000000178814 1.3299999982118607 22.51
    endloop
  endfacet
  facet normal 0 0 1
    outer loop
      vertex -65.67000000178814 -7.420000001788139 22.51
      vertex -65.42999999970198 -7.179999999701977 22.51
      vertex -65.67000000178814 1.3299999982118607 22.51
    endloop
  endfacet
  facet normal -1 0 0
    outer loop
      vertex -65.67000000178814 -7.420000001788139 22.21
      vertex -65.67000000178814 1.3299999982118607 22.51
      vertex -65.67000000178814 1.3299999982118607 22.21
    endloop
  endfacet
  facet normal 0 -1 0
    outer loop
      vertex -65.67000000178814 -7.420000001788139 22.21
      vertex -58.32999999821186 -7.420000001788139 22.21
      vertex -65.67000000178814 -7.420000001788139 22.51
    endloop
  endfacet
  facet normal 0 0 1
    outer loop
      vertex -65.67000000178814 -7.420000001788139 22.51
      vertex -58.57000000029802 -7.179999999701977 22.51
      vertex -65.42999999970198 -7.179999999701977 22.51
    endloop
  endfacet
  facet normal 0 0 1
    outer loop
      vertex -74.17999999970198 1.5700000002980232 22.51
      vertex -65.67000000178814 1.3299999982118607 22.51
      vertex -65.42999999970198 1.5700000002980232 22.51
    endloop
  endfacet
  facet normal 0 0 1
    outer loop
      vertex -65.42999999970198 -7.179999999701977 22.51
      vertex -65.42999999970198 1.5700000002980232 22.51
      vertex -65.67000000178814 1.3299999982118607 22.51
    endloop
  endfacet
  facet normal -1 0 0
    outer loop
      vertex -74.42000000178814 1.3299999982118607 22.21
      vertex -74.42000000178814 8.67000000178814 22.51
      vertex -74.42000000178814 8.67000000178814 22.21
    endloop
  endfacet
  facet normal 0 0 1
    outer loop
      vertex -74.17999999970198 1.5700000002980232 22.51
      vertex -74.17999999970198 8.429999999701977 22.51
      vertex -74.42000000178814 8.67000000178814 22.51
    endloop
  endfacet
  facet normal 0 1 0
    outer loop
      vertex -74.42000000178814 8.67000000178814 22.21
      vertex -74.42000000178814 8.67000000178814 22.51
      vertex -65.67000000178814 8.67000000178814 22.51
    endloop
  endfacet
  facet normal 0 0 1
    outer loop
      vertex -74.17999999970198 8.429999999701977 22.51
      vertex -65.67000000178814 8.67000000178814 22.51
      vertex -74.42000000178814 8.67000000178814 22.51
    endloop
  endfacet
  facet normal 0 1 0
    outer loop
      vertex -74.42000000178814 8.67000000178814 22.21
      vertex -65.67000000178814 8.67000000178814 22.51
      vertex -65.67000000178814 8.67000000178814 22.21
    endloop
  endfacet
  facet normal 0 0 1
    outer loop
      vertex -74.17999999970198 8.429999999701977 22.51
      vertex -65.42999999970198 8.429999999701977 22.51
      vertex -65.67000000178814 8.67000000178814 22.51
    endloop
  endfacet
  facet normal 0 0 1
    outer loop
      vertex -65.67000000178814 8.67000000178814 22.51
      vertex -65.42999999970198 8.429999999701977 22.51
      vertex -65.42999999970198 17.179999999701977 22.51
    endloop
  endfacet
  facet normal -1 0 0
    outer loop
      vertex -65.67000000178814 8.67000000178814 22.21
      vertex -65.67000000178814 8.67000000178814 22.51
      vertex -65.67000000178814 17.42000000178814 22.51
    endloop
  endfacet
  facet normal -1 0 0
    outer loop
      vertex -65.67000000178814 8.67000000178814 22.21
      vertex -65.67000000178814 17.42000000178814 22.51
      vertex -65.67000000178814 17.42000000178814 22.21
    endloop
  endfacet
  facet normal 0 0 1
    outer loop
      vertex -65.67000000178814 8.67000000178814 22.51
      vertex -65.42999999970198 17.179999999701977 22.51
      vertex -65.67000000178814 17.42000000178814 22.51
    endloop
  endfacet
  facet normal 0 1 0
    outer loop
      vertex -65.67000000178814 17.42000000178814 22.21
      vertex -65.67000000178814 17.42000000178814 22.51
      vertex -58.32999999821186 17.42000000178814 22.51
    endloop
  endfacet
  facet normal 0 0 1
    outer loop
      vertex -65.67000000178814 17.42000000178814 22.51
      vertex -65.42999999970198 17.179999999701977 22.51
      vertex -58.32999999821186 17.42000000178814 22.51
    endloop
  endfacet
  facet normal 0 -1 0
    outer loop
      vertex -65.67000000178814 -7.420000001788139 22.51
      vertex -58.32999999821186 -7.420000001788139 22.21
      vertex -58.32999999821186 -7.420000001788139 22.51
    endloop
  endfacet
  facet normal 0 0 1
    outer loop
      vertex -65.67000000178814 -7.420000001788139 22.51
      vertex -58.32999999821186 -7.420000001788139 22.51
      vertex -58.57000000029802 -7.179999999701977 22.51
    endloop
  endfacet
  facet normal 1 0 0
    outer loop
      vertex -58.32999999821186 -7.420000001788139 22.21
      vertex -58.32999999821186 1.3299999982118607 22.21
      vertex -58.32999999821186 -7.420000001788139 22.51
    endloop
  endfacet
  facet normal 0 0 1
    outer loop
      vertex -58.57000000029802 -7.179999999701977 22.51
      vertex -58.32999999821186 -7.420000001788139 22.51
      vertex -58.32999999821186 1.3299999982118607 22.51
    endloop
  endfacet
  facet normal 1 0 0
    outer loop
      vertex -58.32999999821186 -7.420000001788139 22.51
      vertex -58.32999999821186 1.3299999982118607 22.21
      vertex -58.32999999821186 1.3299999982118607 22.51
    endloop
  endfacet
  facet normal 0 0 1
    outer loop
      vertex -58.57000000029802 -7.179999999701977 22.51
      vertex -58.32999999821186 1.3299999982118607 22.51
      vertex -58.57000000029802 1.5700000002980232 22.51
    endloop
  endfacet
  facet normal 0 0 1
    outer loop
      vertex -58.57000000029802 1.5700000002980232 22.51
      vertex -58.32999999821186 1.3299999982118607 22.51
      vertex -49.82000000029802 1.5700000002980232 22.51
    endloop
  endfacet
  facet normal 0 -1 0
    outer loop
      vertex -58.32999999821186 1.3299999982118607 22.21
      vertex -49.57999999821186 1.3299999982118607 22.21
      vertex -58.32999999821186 1.3299999982118607 22.51
    endloop
  endfacet
  facet normal 0 -1 0
    outer loop
      vertex -58.32999999821186 1.3299999982118607 22.51
      vertex -49.57999999821186 1.3299999982118607 22.21
      vertex -49.57999999821186 1.3299999982118607 22.51
    endloop
  endfacet
  facet normal 0 0 1
    outer loop
      vertex -58.32999999821186 1.3299999982118607 22.51
      vertex -49.57999999821186 1.3299999982118607 22.51
      vertex -49.82000000029802 1.5700000002980232 22.51
    endloop
  endfacet
  facet normal 1 0 0
    outer loop
      vertex -49.57999999821186 1.3299999982118607 22.21
      vertex -49.57999999821186 8.67000000178814 22.21
      vertex -49.57999999821186 1.3299999982118607 22.51
    endloop
  endfacet
  facet normal 0 0 1
    outer loop
      vertex -49.57999999821186 1.3299999982118607 22.51
      vertex -49.82000000029802 8.429999999701977 22.51
      vertex -49.82000000029802 1.5700000002980232 22.51
    endloop
  endfacet
  facet normal 0 0 1
    outer loop
      vertex -58.57000000029802 8.429999999701977 22.51
      vertex -58.32999999821186 8.67000000178814 22.51
      vertex -58.57000000029802 17.179999999701977 22.51
    endloop
  endfacet
  facet normal 0 0 1
    outer loop
      vertex -58.57000000029802 8.429999999701977 22.51
      vertex -49.82000000029802 8.429999999701977 22.51
      vertex -58.32999999821186 8.67000000178814 22.51
    endloop
  endfacet
  facet normal 0 1 0
    outer loop
      vertex -65.67000000178814 17.42000000178814 22.21
      vertex -58.32999999821186 17.42000000178814 22.51
      vertex -58.32999999821186 17.42000000178814 22.21
    endloop
  endfacet
  facet normal 0 0 1
    outer loop
      vertex -65.42999999970198 17.179999999701977 22.51
      vertex -58.57000000029802 17.179999999701977 22.51
      vertex -58.32999999821186 17.42000000178814 22.51
    endloop
  endfacet
  facet normal 1 0 0
    outer loop
      vertex -58.32999999821186 8.67000000178814 22.21
      vertex -58.32999999821186 17.42000000178814 22.21
      vertex -58.32999999821186 8.67000000178814 22.51
    endloop
  endfacet
  facet normal 1 0 0
    outer loop
      vertex -58.32999999821186 8.67000000178814 22.51
      vertex -58.32999999821186 17.42000000178814 22.21
      vertex -58.32999999821186 17.42000000178814 22.51
    endloop
  endfacet
  facet normal 0 0 1
    outer loop
      vertex -58.32999999821186 8.67000000178814 22.51
      vertex -58.32999999821186 17.42000000178814 22.51
      vertex -58.57000000029802 17.179999999701977 22.51
    endloop
  endfacet
  facet normal 0 1 0
    outer loop
      vertex -58.32999999821186 8.67000000178814 22.21
      vertex -58.32999999821186 8.67000000178814 22.51
      vertex -49.57999999821186 8.67000000178814 22.51
    endloop
  endfacet
  facet normal 0 1 0
    outer loop
      vertex -58.32999999821186 8.67000000178814 22.21
      vertex -49.57999999821186 8.67000000178814 22.51
      vertex -49.57999999821186 8.67000000178814 22.21
    endloop
  endfacet
  facet normal 0 0 1
    outer loop
      vertex -58.32999999821186 8.67000000178814 22.51
      vertex -49.82000000029802 8.429999999701977 22.51
      vertex -49.57999999821186 8.67000000178814 22.51
    endloop
  endfacet
  facet normal 1 0 0
    outer loop
      vertex -49.57999999821186 1.3299999982118607 22.51
      vertex -49.57999999821186 8.67000000178814 22.21
      vertex -49.57999999821186 8.67000000178814 22.51
    endloop
  endfacet
  facet normal 0 0 1
    outer loop
      vertex -49.57999999821186 1.3299999982118607 22.51
      vertex -49.57999999821186 8.67000000178814 22.51
      vertex -49.82000000029802 8.429999999701977 22.51
    endloop
  endfacet
  facet normal -1 0 0
    outer loop
      vertex -74.17999999970198 1.5700000002980232 22.51
      vertex -74.17999999970198 1.5700000002980232 22.810000000000002
      vertex -74.17999999970198 8.429999999701977 22.51
    endloop
  endfacet
  facet normal 0 0 1
    outer loop
      vertex -74.17999999970198 1.5700000002980232 22.810000000000002
      vertex -73.9400000050664 1.8099999949336052 22.810000000000002
      vertex -74.17999999970198 8.429999999701977 22.810000000000002
    endloop
  endfacet
  facet normal 0 -1 0
    outer loop
      vertex -74.17999999970198 1.5700000002980232 22.51
      vertex -65.42999999970198 1.5700000002980232 22.810000000000002
      vertex -74.17999999970198 1.5700000002980232 22.810000000000002
    endloop
  endfacet
  facet normal 0 0 1
    outer loop
      vertex -74.17999999970198 1.5700000002980232 22.810000000000002
      vertex -65.1900000050664 1.8099999949336052 22.810000000000002
      vertex -73.9400000050664 1.8099999949336052 22.810000000000002
    endloop
  endfacet
  facet normal -1 0 0
    outer loop
      vertex -65.42999999970198 -7.179999999701977 22.51
      vertex -65.42999999970198 -7.179999999701977 22.810000000000002
      vertex -65.42999999970198 1.5700000002980232 22.51
    endloop
  endfacet
  facet normal 0 0 1
    outer loop
      vertex -65.42999999970198 -7.179999999701977 22.810000000000002
      vertex -65.1900000050664 -6.940000005066395 22.810000000000002
      vertex -65.42999999970198 1.5700000002980232 22.810000000000002
    endloop
  endfacet
  facet normal 0 -1 0
    outer loop
      vertex -65.42999999970198 -7.179999999701977 22.51
      vertex -58.57000000029802 -7.179999999701977 22.810000000000002
      vertex -65.42999999970198 -7.179999999701977 22.810000000000002
    endloop
  endfacet
  facet normal 0 0 1
    outer loop
      vertex -65.42999999970198 -7.179999999701977 22.810000000000002
      vertex -58.809999994933605 -6.940000005066395 22.810000000000002
      vertex -65.1900000050664 -6.940000005066395 22.810000000000002
    endloop
  endfacet
  facet normal 0 -1 0
    outer loop
      vertex -74.17999999970198 1.5700000002980232 22.51
      vertex -65.42999999970198 1.5700000002980232 22.51
      vertex -65.42999999970198 1.5700000002980232 22.810000000000002
    endloop
  endfacet
  facet normal 0 0 1
    outer loop
      vertex -74.17999999970198 1.5700000002980232 22.810000000000002
      vertex -65.42999999970198 1.5700000002980232 22.810000000000002
      vertex -65.1900000050664 1.8099999949336052 22.810000000000002
    endloop
  endfacet
  facet normal -1 0 0
    outer loop
      vertex -65.42999999970198 -7.179999999701977 22.810000000000002
      vertex -65.42999999970198 1.5700000002980232 22.810000000000002
      vertex -65.42999999970198 1.5700000002980232 22.51
    endloop
  endfacet
  facet normal 0 0 1
    outer loop
      vertex -65.1900000050664 -6.940000005066395 22.810000000000002
      vertex -65.1900000050664 1.8099999949336052 22.810000000000002
      vertex -65.42999999970198 1.5700000002980232 22.810000000000002
    endloop
  endfacet
  facet normal -1 0 0
    outer loop
      vertex -74.17999999970198 1.5700000002980232 22.810000000000002
      vertex -74.17999999970198 8.429999999701977 22.810000000000002
      vertex -74.17999999970198 8.429999999701977 22.51
    endloop
  endfacet
  facet normal 0 0 1
    outer loop
      vertex -73.9400000050664 1.8099999949336052 22.810000000000002
      vertex -73.9400000050664 8.190000005066395 22.810000000000002
      vertex -74.17999999970198 8.429999999701977 22.810000000000002
    endloop
  endfacet
  facet normal 0 1 0
    outer loop
      vertex -74.17999999970198 8.429999999701977 22.51
      vertex -74.17999999970198 8.429999999701977 22.810000000000002
      vertex -65.42999999970198 8.429999999701977 22.51
    endloop
  endfacet
  facet normal 0 0 1
    outer loop
      vertex -73.9400000050664 8.190000005066395 22.810000000000002
      vertex -65.42999999970198 8.429999999701977 22.810000000000002
      vertex -74.17999999970198 8.429999999701977 22.810000000000002
    endloop
  endfacet
  facet normal 0 1 0
    outer loop
      vertex -74.17999999970198 8.429999999701977 22.810000000000002
      vertex -65.42999999970198 8.429999999701977 22.810000000000002
      vertex -65.42999999970198 8.429999999701977 22.51
    endloop
  endfacet
  facet normal 0 0 1
    outer loop
      vertex -73.9400000050664 8.190000005066395 22.810000000000002
      vertex -65.1900000050664 8.190000005066395 22.810000000000002
      vertex -65.42999999970198 8.429999999701977 22.810000000000002
    endloop
  endfacet
  facet normal -1 0 0
    outer loop
      vertex -65.42999999970198 8.429999999701977 22.51
      vertex -65.42999999970198 8.429999999701977 22.810000000000002
      vertex -65.42999999970198 17.179999999701977 22.51
    endloop
  endfacet
  facet normal 0 0 1
    outer loop
      vertex -65.42999999970198 8.429999999701977 22.810000000000002
      vertex -65.1900000050664 8.190000005066395 22.810000000000002
      vertex -65.42999999970198 17.179999999701977 22.810000000000002
    endloop
  endfacet
  facet normal -1 0 0
    outer loop
      vertex -65.42999999970198 8.429999999701977 22.810000000000002
      vertex -65.42999999970198 17.179999999701977 22.810000000000002
      vertex -65.42999999970198 17.179999999701977 22.51
    endloop
  endfacet
  facet normal 0 0 1
    outer loop
      vertex -65.1900000050664 8.190000005066395 22.810000000000002
      vertex -65.1900000050664 16.940000005066395 22.810000000000002
      vertex -65.42999999970198 17.179999999701977 22.810000000000002
    endloop
  endfacet
  facet normal 0 1 0
    outer loop
      vertex -65.42999999970198 17.179999999701977 22.51
      vertex -65.42999999970198 17.179999999701977 22.810000000000002
      vertex -58.57000000029802 17.179999999701977 22.51
    endloop
  endfacet
  facet normal 0 0 1
    outer loop
      vertex -65.42999999970198 17.179999999701977 22.810000000000002
      vertex -65.1900000050664 16.940000005066395 22.810000000000002
      vertex -58.57000000029802 17.179999999701977 22.810000000000002
    endloop
  endfacet
  facet normal 0 -1 0
    outer loop
      vertex -65.42999999970198 -7.179999999701977 22.51
      vertex -58.57000000029802 -7.179999999701977 22.51
      vertex -58.57000000029802 -7.179999999701977 22.810000000000002
    endloop
  endfacet
  facet normal 0 0 1
    outer loop
      vertex -65.42999999970198 -7.179999999701977 22.810000000000002
      vertex -58.57000000029802 -7.179999999701977 22.810000000000002
      vertex -58.809999994933605 -6.940000005066395 22.810000000000002
    endloop
  endfacet
  facet normal 1 0 0
    outer loop
      vertex -58.57000000029802 -7.179999999701977 22.51
      vertex -58.57000000029802 1.5700000002980232 22.810000000000002
      vertex -58.57000000029802 -7.179999999701977 22.810000000000002
    endloop
  endfacet
  facet normal 0 0 1
    outer loop
      vertex -58.809999994933605 -6.940000005066395 22.810000000000002
      vertex -58.57000000029802 -7.179999999701977 22.810000000000002
      vertex -58.809999994933605 1.8099999949336052 22.810000000000002
    endloop
  endfacet
  facet normal 1 0 0
    outer loop
      vertex -58.57000000029802 -7.179999999701977 22.51
      vertex -58.57000000029802 1.5700000002980232 22.51
      vertex -58.57000000029802 1.5700000002980232 22.810000000000002
    endloop
  endfacet
  facet normal 0 0 1
    outer loop
      vertex -58.57000000029802 -7.179999999701977 22.810000000000002
      vertex -58.57000000029802 1.5700000002980232 22.810000000000002
      vertex -58.809999994933605 1.8099999949336052 22.810000000000002
    endloop
  endfacet
  facet normal 0 -1 0
    outer loop
      vertex -58.57000000029802 1.5700000002980232 22.51
      vertex -49.82000000029802 1.5700000002980232 22.810000000000002
      vertex -58.57000000029802 1.5700000002980232 22.810000000000002
    endloop
  endfacet
  facet normal 0 0 1
    outer loop
      vertex -58.809999994933605 1.8099999949336052 22.810000000000002
      vertex -58.57000000029802 1.5700000002980232 22.810000000000002
      vertex -50.059999994933605 1.8099999949336052 22.810000000000002
    endloop
  endfacet
  facet normal 0 -1 0
    outer loop
      vertex -58.57000000029802 1.5700000002980232 22.51
      vertex -49.82000000029802 1.5700000002980232 22.51
      vertex -49.82000000029802 1.5700000002980232 22.810000000000002
    endloop
  endfacet
  facet normal 0 0 1
    outer loop
      vertex -58.57000000029802 1.5700000002980232 22.810000000000002
      vertex -49.82000000029802 1.5700000002980232 22.810000000000002
      vertex -50.059999994933605 1.8099999949336052 22.810000000000002
    endloop
  endfacet
  facet normal 0 0 1
    outer loop
      vertex -49.82000000029802 1.5700000002980232 22.810000000000002
      vertex -50.059999994933605 8.190000005066395 22.810000000000002
      vertex -50.059999994933605 1.8099999949336052 22.810000000000002
    endloop
  endfacet
  facet normal 1 0 0
    outer loop
      vertex -49.82000000029802 1.5700000002980232 22.51
      vertex -49.82000000029802 8.429999999701977 22.810000000000002
      vertex -49.82000000029802 1.5700000002980232 22.810000000000002
    endloop
  endfacet
  facet normal 1 0 0
    outer loop
      vertex -58.57000000029802 8.429999999701977 22.51
      vertex -58.57000000029802 17.179999999701977 22.810000000000002
      vertex -58.57000000029802 8.429999999701977 22.810000000000002
    endloop
  endfacet
  facet normal 0 0 1
    outer loop
      vertex -58.809999994933605 8.190000005066395 22.810000000000002
      vertex -58.57000000029802 8.429999999701977 22.810000000000002
      vertex -58.809999994933605 16.940000005066395 22.810000000000002
    endloop
  endfacet
  facet normal 0 1 0
    outer loop
      vertex -58.57000000029802 8.429999999701977 22.51
      vertex -58.57000000029802 8.429999999701977 22.810000000000002
      vertex -49.82000000029802 8.429999999701977 22.51
    endloop
  endfacet
  facet normal 0 0 1
    outer loop
      vertex -58.809999994933605 8.190000005066395 22.810000000000002
      vertex -49.82000000029802 8.429999999701977 22.810000000000002
      vertex -58.57000000029802 8.429999999701977 22.810000000000002
    endloop
  endfacet
  facet normal 0 0 1
    outer loop
      vertex -65.1900000050664 16.940000005066395 22.810000000000002
      vertex -58.809999994933605 16.940000005066395 22.810000000000002
      vertex -58.57000000029802 17.179999999701977 22.810000000000002
    endloop
  endfacet
  facet normal 0 1 0
    outer loop
      vertex -65.42999999970198 17.179999999701977 22.810000000000002
      vertex -58.57000000029802 17.179999999701977 22.810000000000002
      vertex -58.57000000029802 17.179999999701977 22.51
    endloop
  endfacet
  facet normal 1 0 0
    outer loop
      vertex -58.57000000029802 8.429999999701977 22.51
      vertex -58.57000000029802 17.179999999701977 22.51
      vertex -58.57000000029802 17.179999999701977 22.810000000000002
    endloop
  endfacet
  facet normal 0 0 1
    outer loop
      vertex -58.57000000029802 8.429999999701977 22.810000000000002
      vertex -58.57000000029802 17.179999999701977 22.810000000000002
      vertex -58.809999994933605 16.940000005066395 22.810000000000002
    endloop
  endfacet
  facet normal 0 1 0
    outer loop
      vertex -58.57000000029802 8.429999999701977 22.810000000000002
      vertex -49.82000000029802 8.429999999701977 22.810000000000002
      vertex -49.82000000029802 8.429999999701977 22.51
    endloop
  endfacet
  facet normal 0 0 1
    outer loop
      vertex -58.809999994933605 8.190000005066395 22.810000000000002
      vertex -50.059999994933605 8.190000005066395 22.810000000000002
      vertex -49.82000000029802 8.429999999701977 22.810000000000002
    endloop
  endfacet
  facet normal 1 0 0
    outer loop
      vertex -49.82000000029802 1.5700000002980232 22.51
      vertex -49.82000000029802 8.429999999701977 22.51
      vertex -49.82000000029802 8.429999999701977 22.810000000000002
    endloop
  endfacet
  facet normal 0 0 1
    outer loop
      vertex -49.82000000029802 1.5700000002980232 22.810000000000002
      vertex -49.82000000029802 8.429999999701977 22.810000000000002
      vertex -50.059999994933605 8.190000005066395 22.810000000000002
    endloop
  endfacet
  facet normal -1 0 0
    outer loop
      vertex -73.9400000050664 1.8099999949336052 22.810000000000002
      vertex -73.9400000050664 1.8099999949336052 23.110000000000003
      vertex -73.9400000050664 8.190000005066395 23.110000000000003
    endloop
  endfacet
  facet normal 0 0 1
    outer loop
      vertex -73.9400000050664 1.8099999949336052 23.110000000000003
      vertex -73.70000000298023 2.0499999970197678 23.110000000000003
      vertex -73.9400000050664 8.190000005066395 23.110000000000003
    endloop
  endfacet
  facet normal 0 -1 0
    outer loop
      vertex -73.9400000050664 1.8099999949336052 22.810000000000002
      vertex -65.1900000050664 1.8099999949336052 22.810000000000002
      vertex -73.9400000050664 1.8099999949336052 23.110000000000003
    endloop
  endfacet
  facet normal 0 0 1
    outer loop
      vertex -73.9400000050664 1.8099999949336052 23.110000000000003
      vertex -64.95000000298023 2.0499999970197678 23.110000000000003
      vertex -73.70000000298023 2.0499999970197678 23.110000000000003
    endloop
  endfacet
  facet normal 0 -1 0
    outer loop
      vertex -65.1900000050664 -6.940000005066395 22.810000000000002
      vertex -58.809999994933605 -6.940000005066395 22.810000000000002
      vertex -65.1900000050664 -6.940000005066395 23.110000000000003
    endloop
  endfacet
  facet normal 0 0 1
    outer loop
      vertex -65.1900000050664 -6.940000005066395 23.110000000000003
      vertex -59.04999999701977 -6.700000002980232 23.110000000000003
      vertex -64.95000000298023 -6.700000002980232 23.110000000000003
    endloop
  endfacet
  facet normal -1 0 0
    outer loop
      vertex -65.1900000050664 -6.940000005066395 22.810000000000002
      vertex -65.1900000050664 -6.940000005066395 23.110000000000003
      vertex -65.1900000050664 1.8099999949336052 23.110000000000003
    endloop
  endfacet
  facet normal 0 0 1
    outer loop
      vertex -65.1900000050664 -6.940000005066395 23.110000000000003
      vertex -64.95000000298023 -6.700000002980232 23.110000000000003
      vertex -65.1900000050664 1.8099999949336052 23.110000000000003
    endloop
  endfacet
  facet normal 0 -1 0
    outer loop
      vertex -73.9400000050664 1.8099999949336052 23.110000000000003
      vertex -65.1900000050664 1.8099999949336052 22.810000000000002
      vertex -65.1900000050664 1.8099999949336052 23.110000000000003
    endloop
  endfacet
  facet normal 0 0 1
    outer loop
      vertex -73.9400000050664 1.8099999949336052 23.110000000000003
      vertex -65.1900000050664 1.8099999949336052 23.110000000000003
      vertex -64.95000000298023 2.0499999970197678 23.110000000000003
    endloop
  endfacet
  facet normal -1 0 0
    outer loop
      vertex -65.1900000050664 -6.940000005066395 22.810000000000002
      vertex -65.1900000050664 1.8099999949336052 23.110000000000003
      vertex -65.1900000050664 1.8099999949336052 22.810000000000002
    endloop
  endfacet
  facet normal 0 0 1
    outer loop
      vertex -64.95000000298023 -6.700000002980232 23.110000000000003
      vertex -64.95000000298023 2.0499999970197678 23.110000000000003
      vertex -65.1900000050664 1.8099999949336052 23.110000000000003
    endloop
  endfacet
  facet normal -1 0 0
    outer loop
      vertex -73.9400000050664 1.8099999949336052 22.810000000000002
      vertex -73.9400000050664 8.190000005066395 23.110000000000003
      vertex -73.9400000050664 8.190000005066395 22.810000000000002
    endloop
  endfacet
  facet normal 0 0 1
    outer loop
      vertex -73.70000000298023 2.0499999970197678 23.110000000000003
      vertex -73.70000000298023 7.950000002980232 23.110000000000003
      vertex -73.9400000050664 8.190000005066395 23.110000000000003
    endloop
  endfacet
  facet normal 0 1 0
    outer loop
      vertex -73.9400000050664 8.190000005066395 22.810000000000002
      vertex -73.9400000050664 8.190000005066395 23.110000000000003
      vertex -65.1900000050664 8.190000005066395 23.110000000000003
    endloop
  endfacet
  facet normal 0 0 1
    outer loop
      vertex -73.9400000050664 8.190000005066395 23.110000000000003
      vertex -73.70000000298023 7.950000002980232 23.110000000000003
      vertex -65.1900000050664 8.190000005066395 23.110000000000003
    endloop
  endfacet
  facet normal 0 1 0
    outer loop
      vertex -73.9400000050664 8.190000005066395 22.810000000000002
      vertex -65.1900000050664 8.190000005066395 23.110000000000003
      vertex -65.1900000050664 8.190000005066395 22.810000000000002
    endloop
  endfacet
  facet normal 0 0 1
    outer loop
      vertex -73.70000000298023 7.950000002980232 23.110000000000003
      vertex -64.95000000298023 7.950000002980232 23.110000000000003
      vertex -65.1900000050664 8.190000005066395 23.110000000000003
    endloop
  endfacet
  facet normal 0 0 1
    outer loop
      vertex -65.1900000050664 8.190000005066395 23.110000000000003
      vertex -64.95000000298023 7.950000002980232 23.110000000000003
      vertex -65.1900000050664 16.940000005066395 23.110000000000003
    endloop
  endfacet
  facet normal -1 0 0
    outer loop
      vertex -65.1900000050664 8.190000005066395 22.810000000000002
      vertex -65.1900000050664 8.190000005066395 23.110000000000003
      vertex -65.1900000050664 16.940000005066395 23.110000000000003
    endloop
  endfacet
  facet normal 0 0 1
    outer loop
      vertex -64.95000000298023 7.950000002980232 23.110000000000003
      vertex -64.95000000298023 16.700000002980232 23.110000000000003
      vertex -65.1900000050664 16.940000005066395 23.110000000000003
    endloop
  endfacet
  facet normal -1 0 0
    outer loop
      vertex -65.1900000050664 8.190000005066395 22.810000000000002
      vertex -65.1900000050664 16.940000005066395 23.110000000000003
      vertex -65.1900000050664 16.940000005066395 22.810000000000002
    endloop
  endfacet
  facet normal 0 1 0
    outer loop
      vertex -65.1900000050664 16.940000005066395 22.810000000000002
      vertex -65.1900000050664 16.940000005066395 23.110000000000003
      vertex -58.809999994933605 16.940000005066395 23.110000000000003
    endloop
  endfacet
  facet normal 0 0 1
    outer loop
      vertex -65.1900000050664 16.940000005066395 23.110000000000003
      vertex -64.95000000298023 16.700000002980232 23.110000000000003
      vertex -58.809999994933605 16.940000005066395 23.110000000000003
    endloop
  endfacet
  facet normal 0 0 1
    outer loop
      vertex -65.1900000050664 -6.940000005066395 23.110000000000003
      vertex -58.809999994933605 -6.940000005066395 23.110000000000003
      vertex -59.04999999701977 -6.700000002980232 23.110000000000003
    endloop
  endfacet
  facet normal 0 -1 0
    outer loop
      vertex -65.1900000050664 -6.940000005066395 23.110000000000003
      vertex -58.809999994933605 -6.940000005066395 22.810000000000002
      vertex -58.809999994933605 -6.940000005066395 23.110000000000003
    endloop
  endfacet
  facet normal 1 0 0
    outer loop
      vertex -58.809999994933605 -6.940000005066395 22.810000000000002
      vertex -58.809999994933605 1.8099999949336052 22.810000000000002
      vertex -58.809999994933605 -6.940000005066395 23.110000000000003
    endloop
  endfacet
  facet normal 0 0 1
    outer loop
      vertex -59.04999999701977 -6.700000002980232 23.110000000000003
      vertex -58.809999994933605 -6.940000005066395 23.110000000000003
      vertex -59.04999999701977 2.0499999970197678 23.110000000000003
    endloop
  endfacet
  facet normal 1 0 0
    outer loop
      vertex -58.809999994933605 -6.940000005066395 23.110000000000003
      vertex -58.809999994933605 1.8099999949336052 22.810000000000002
      vertex -58.809999994933605 1.8099999949336052 23.110000000000003
    endloop
  endfacet
  facet normal 0 0 1
    outer loop
      vertex -58.809999994933605 -6.940000005066395 23.110000000000003
      vertex -58.809999994933605 1.8099999949336052 23.110000000000003
      vertex -59.04999999701977 2.0499999970197678 23.110000000000003
    endloop
  endfacet
  facet normal 0 0 1
    outer loop
      vertex -59.04999999701977 2.0499999970197678 23.110000000000003
      vertex -58.809999994933605 1.8099999949336052 23.110000000000003
      vertex -50.29999999701977 2.0499999970197678 23.110000000000003
    endloop
  endfacet
  facet normal 0 -1 0
    outer loop
      vertex -58.809999994933605 1.8099999949336052 22.810000000000002
      vertex -50.059999994933605 1.8099999949336052 22.810000000000002
      vertex -58.809999994933605 1.8099999949336052 23.110000000000003
    endloop
  endfacet
  facet normal 0 -1 0
    outer loop
      vertex -58.809999994933605 1.8099999949336052 23.110000000000003
      vertex -50.059999994933605 1.8099999949336052 22.810000000000002
      vertex -50.059999994933605 1.8099999949336052 23.110000000000003
    endloop
  endfacet
  facet normal 0 0 1
    outer loop
      vertex -58.809999994933605 1.8099999949336052 23.110000000000003
      vertex -50.059999994933605 1.8099999949336052 23.110000000000003
      vertex -50.29999999701977 2.0499999970197678 23.110000000000003
    endloop
  endfacet
  facet normal 1 0 0
    outer loop
      vertex -50.059999994933605 1.8099999949336052 22.810000000000002
      vertex -50.059999994933605 8.190000005066395 22.810000000000002
      vertex -50.059999994933605 1.8099999949336052 23.110000000000003
    endloop
  endfacet
  facet normal 0 0 1
    outer loop
      vertex -50.29999999701977 2.0499999970197678 23.110000000000003
      vertex -50.059999994933605 1.8099999949336052 23.110000000000003
      vertex -50.29999999701977 7.950000002980232 23.110000000000003
    endloop
  endfacet
  facet normal 0 0 1
    outer loop
      vertex -59.04999999701977 7.950000002980232 23.110000000000003
      vertex -58.809999994933605 8.190000005066395 23.110000000000003
      vertex -59.04999999701977 16.700000002980232 23.110000000000003
    endloop
  endfacet
  facet normal 1 0 0
    outer loop
      vertex -58.809999994933605 8.190000005066395 22.810000000000002
      vertex -58.809999994933605 16.940000005066395 22.810000000000002
      vertex -58.809999994933605 8.190000005066395 23.110000000000003
    endloop
  endfacet
  facet normal 0 0 1
    outer loop
      vertex -59.04999999701977 7.950000002980232 23.110000000000003
      vertex -50.059999994933605 8.190000005066395 23.110000000000003
      vertex -58.809999994933605 8.190000005066395 23.110000000000003
    endloop
  endfacet
  facet normal 0 1 0
    outer loop
      vertex -58.809999994933605 8.190000005066395 22.810000000000002
      vertex -58.809999994933605 8.190000005066395 23.110000000000003
      vertex -50.059999994933605 8.190000005066395 23.110000000000003
    endloop
  endfacet
  facet normal 1 0 0
    outer loop
      vertex -58.809999994933605 8.190000005066395 23.110000000000003
      vertex -58.809999994933605 16.940000005066395 22.810000000000002
      vertex -58.809999994933605 16.940000005066395 23.110000000000003
    endloop
  endfacet
  facet normal 0 0 1
    outer loop
      vertex -58.809999994933605 8.190000005066395 23.110000000000003
      vertex -58.809999994933605 16.940000005066395 23.110000000000003
      vertex -59.04999999701977 16.700000002980232 23.110000000000003
    endloop
  endfacet
  facet normal 0 1 0
    outer loop
      vertex -65.1900000050664 16.940000005066395 22.810000000000002
      vertex -58.809999994933605 16.940000005066395 23.110000000000003
      vertex -58.809999994933605 16.940000005066395 22.810000000000002
    endloop
  endfacet
  facet normal 0 0 1
    outer loop
      vertex -64.95000000298023 16.700000002980232 23.110000000000003
      vertex -59.04999999701977 16.700000002980232 23.110000000000003
      vertex -58.809999994933605 16.940000005066395 23.110000000000003
    endloop
  endfacet
  facet normal 0 0 1
    outer loop
      vertex -59.04999999701977 7.950000002980232 23.110000000000003
      vertex -50.29999999701977 7.950000002980232 23.110000000000003
      vertex -50.059999994933605 8.190000005066395 23.110000000000003
    endloop
  endfacet
  facet normal 0 1 0
    outer loop
      vertex -58.809999994933605 8.190000005066395 22.810000000000002
      vertex -50.059999994933605 8.190000005066395 23.110000000000003
      vertex -50.059999994933605 8.190000005066395 22.810000000000002
    endloop
  endfacet
  facet normal 0 0 1
    outer loop
      vertex -50.059999994933605 1.8099999949336052 23.110000000000003
      vertex -50.059999994933605 8.190000005066395 23.110000000000003
      vertex -50.29999999701977 7.950000002980232 23.110000000000003
    endloop
  endfacet
  facet normal 1 0 0
    outer loop
      vertex -50.059999994933605 1.8099999949336052 23.110000000000003
      vertex -50.059999994933605 8.190000005066395 22.810000000000002
      vertex -50.059999994933605 8.190000005066395 23.110000000000003
    endloop
  endfacet
  facet normal 0 -1 0
    outer loop
      vertex -74.90000000596046 0.8499999940395355 20.400000000000002
      vertex -66.15000000596046 0.8499999940395355 20.400000000000002
      vertex -74.90000000596046 0.8499999940395355 21.6
    endloop
  endfacet
  facet normal -1 0 0
    outer loop
      vertex -74.90000000596046 0.8499999940395355 20.400000000000002
      vertex -74.90000000596046 0.8499999940395355 21.6
      vertex -74.90000000596046 9.150000005960464 21.6
    endloop
  endfacet
  facet normal 0 0 -1
    outer loop
      vertex -74.90000000596046 0.8499999940395355 20.400000000000002
      vertex -72.21352549156242 4.11832212156129 20.400000000000002
      vertex -71.88167787843871 3.786474508437579 20.400000000000002
    endloop
  endfacet
  facet normal 0 0 -1
    outer loop
      vertex -74.90000000596046 0.8499999940395355 20.400000000000002
      vertex -72.42658477444273 4.536474508437579 20.400000000000002
      vertex -72.21352549156242 4.11832212156129 20.400000000000002
    endloop
  endfacet
  facet normal 0 0 -1
    outer loop
      vertex -74.90000000596046 0.8499999940395355 20.400000000000002
      vertex -71.88167787843871 3.786474508437579 20.400000000000002
      vertex -71.46352549156242 3.5734152255572695 20.400000000000002
    endloop
  endfacet
  facet normal 0 0 -1
    outer loop
      vertex -74.90000000596046 0.8499999940395355 20.400000000000002
      vertex -71.46352549156242 3.5734152255572695 20.400000000000002
      vertex -71 3.5 20.400000000000002
    endloop
  endfacet
  facet normal 0 0 -1
    outer loop
      vertex -74.90000000596046 0.8499999940395355 20.400000000000002
      vertex -71 3.5 20.400000000000002
      vertex -70.53647450843758 3.5734152255572695 20.400000000000002
    endloop
  endfacet
  facet normal 0 0 -1
    outer loop
      vertex -74.90000000596046 0.8499999940395355 20.400000000000002
      vertex -72.5 5 20.400000000000002
      vertex -72.42658477444273 4.536474508437579 20.400000000000002
    endloop
  endfacet
  facet normal 0 0 -1
    outer loop
      vertex -74.90000000596046 0.8499999940395355 20.400000000000002
      vertex -72.42658477444273 5.463525491562421 20.400000000000002
      vertex -72.5 5 20.400000000000002
    endloop
  endfacet
  facet normal 0 0 -1
    outer loop
      vertex -74.90000000596046 0.8499999940395355 20.400000000000002
      vertex -70.53647450843758 3.5734152255572695 20.400000000000002
      vertex -66.15000000596046 0.8499999940395355 20.400000000000002
    endloop
  endfacet
  facet normal 0 -1 0
    outer loop
      vertex -74.90000000596046 0.8499999940395355 21.6
      vertex -66.15000000596046 0.8499999940395355 20.400000000000002
      vertex -66.15000000596046 0.8499999940395355 21.6
    endloop
  endfacet
  facet normal 0 0 -1
    outer loop
      vertex -66.15000000596046 0.8499999940395355 20.400000000000002
      vertex -70.53647450843758 3.5734152255572695 20.400000000000002
      vertex -70.11832212156129 3.786474508437579 20.400000000000002
    endloop
  endfacet
  facet normal 0 0 -1
    outer loop
      vertex -66.15000000596046 0.8499999940395355 20.400000000000002
      vertex -70.11832212156129 3.786474508437579 20.400000000000002
      vertex -69.78647450843758 4.11832212156129 20.400000000000002
    endloop
  endfacet
  facet normal 0 0 -1
    outer loop
      vertex -66.15000000596046 0.8499999940395355 20.400000000000002
      vertex -69.78647450843758 4.11832212156129 20.400000000000002
      vertex -69.57341522555727 4.536474508437579 20.400000000000002
    endloop
  endfacet
  facet normal -1 0 0
    outer loop
      vertex -66.15000000596046 -7.9000000059604645 20.400000000000002
      vertex -66.15000000596046 -7.9000000059604645 21.6
      vertex -66.15000000596046 0.8499999940395355 21.6
    endloop
  endfacet
  facet normal 0 0 -1
    outer loop
      vertex -66.15000000596046 -7.9000000059604645 20.400000000000002
      vertex -66.15000000596046 0.8499999940395355 20.400000000000002
      vertex -63.42658477444273 -3.5364745084375784 20.400000000000002
    endloop
  endfacet
  facet normal -1 0 0
    outer loop
      vertex -66.15000000596046 -7.9000000059604645 20.400000000000002
      vertex -66.15000000596046 0.8499999940395355 21.6
      vertex -66.15000000596046 0.8499999940395355 20.400000000000002
    endloop
  endfacet
  facet normal 0 0 -1
    outer loop
      vertex -66.15000000596046 -7.9000000059604645 20.400000000000002
      vertex -63.21352549156242 -4.88167787843871 20.400000000000002
      vertex -62.88167787843871 -5.213525491562422 20.400000000000002
    endloop
  endfacet
  facet normal 0 0 -1
    outer loop
      vertex -66.15000000596046 -7.9000000059604645 20.400000000000002
      vertex -63.42658477444273 -4.463525491562422 20.400000000000002
      vertex -63.21352549156242 -4.88167787843871 20.400000000000002
    endloop
  endfacet
  facet normal 0 0 -1
    outer loop
      vertex -66.15000000596046 -7.9000000059604645 20.400000000000002
      vertex -62.88167787843871 -5.213525491562422 20.400000000000002
      vertex -62.46352549156242 -5.4265847744427305 20.400000000000002
    endloop
  endfacet
  facet normal 0 0 -1
    outer loop
      vertex -66.15000000596046 -7.9000000059604645 20.400000000000002
      vertex -63.5 -4 20.400000000000002
      vertex -63.42658477444273 -4.463525491562422 20.400000000000002
    endloop
  endfacet
  facet normal 0 0 -1
    outer loop
      vertex -66.15000000596046 -7.9000000059604645 20.400000000000002
      vertex -63.42658477444273 -3.5364745084375784 20.400000000000002
      vertex -63.5 -4 20.400000000000002
    endloop
  endfacet
  facet normal 0 -1 0
    outer loop
      vertex -66.15000000596046 -7.9000000059604645 20.400000000000002
      vertex -57.849999994039536 -7.9000000059604645 20.400000000000002
      vertex -66.15000000596046 -7.9000000059604645 21.6
    endloop
  endfacet
  facet normal 0 0 -1
    outer loop
      vertex -66.15000000596046 -7.9000000059604645 20.400000000000002
      vertex -62.46352549156242 -5.4265847744427305 20.400000000000002
      vertex -57.849999994039536 -7.9000000059604645 20.400000000000002
    endloop
  endfacet
  facet normal 0 0 -1
    outer loop
      vertex -66.15000000596046 0.8499999940395355 20.400000000000002
      vertex -63.21352549156242 -3.11832212156129 20.400000000000002
      vertex -63.42658477444273 -3.5364745084375784 20.400000000000002
    endloop
  endfacet
  facet normal 0 0 -1
    outer loop
      vertex -66.15000000596046 0.8499999940395355 20.400000000000002
      vertex -62.88167787843871 -2.7864745084375784 20.400000000000002
      vertex -63.21352549156242 -3.11832212156129 20.400000000000002
    endloop
  endfacet
  facet normal 0 0 -1
    outer loop
      vertex -66.15000000596046 0.8499999940395355 20.400000000000002
      vertex -62.46352549156242 -2.5734152255572695 20.400000000000002
      vertex -62.88167787843871 -2.7864745084375784 20.400000000000002
    endloop
  endfacet
  facet normal 0 0 -1
    outer loop
      vertex -66.15000000596046 0.8499999940395355 20.400000000000002
      vertex -69.57341522555727 4.536474508437579 20.400000000000002
      vertex -69.5 5 20.400000000000002
    endloop
  endfacet
  facet normal 0 0 -1
    outer loop
      vertex -66.15000000596046 0.8499999940395355 20.400000000000002
      vertex -69.5 5 20.400000000000002
      vertex -69.57341522555727 5.463525491562421 20.400000000000002
    endloop
  endfacet
  facet normal 0 0 -1
    outer loop
      vertex -66.15000000596046 0.8499999940395355 20.400000000000002
      vertex -66.15000000596046 9.150000005960464 20.400000000000002
      vertex -63.42658477444273 4.536474508437579 20.400000000000002
    endloop
  endfacet
  facet normal 0 0 -1
    outer loop
      vertex -66.15000000596046 0.8499999940395355 20.400000000000002
      vertex -57.849999994039536 0.8499999940395355 20.400000000000002
      vertex -62.46352549156242 -2.5734152255572695 20.400000000000002
    endloop
  endfacet
  facet normal 0 0 -1
    outer loop
      vertex -66.15000000596046 0.8499999940395355 20.400000000000002
      vertex -62.46352549156242 3.5734152255572695 20.400000000000002
      vertex -57.849999994039536 0.8499999940395355 20.400000000000002
    endloop
  endfacet
  facet normal 0 0 -1
    outer loop
      vertex -66.15000000596046 0.8499999940395355 20.400000000000002
      vertex -63.21352549156242 4.11832212156129 20.400000000000002
      vertex -62.88167787843871 3.786474508437579 20.400000000000002
    endloop
  endfacet
  facet normal 0 0 -1
    outer loop
      vertex -66.15000000596046 0.8499999940395355 20.400000000000002
      vertex -63.42658477444273 4.536474508437579 20.400000000000002
      vertex -63.21352549156242 4.11832212156129 20.400000000000002
    endloop
  endfacet
  facet normal 0 0 -1
    outer loop
      vertex -66.15000000596046 0.8499999940395355 20.400000000000002
      vertex -62.88167787843871 3.786474508437579 20.400000000000002
      vertex -62.46352549156242 3.5734152255572695 20.400000000000002
    endloop
  endfacet
  facet normal -1 0 0
    outer loop
      vertex -74.90000000596046 0.8499999940395355 20.400000000000002
      vertex -74.90000000596046 9.150000005960464 21.6
      vertex -74.90000000596046 9.150000005960464 20.400000000000002
    endloop
  endfacet
  facet normal 0 0 -1
    outer loop
      vertex -74.90000000596046 0.8499999940395355 20.400000000000002
      vertex -74.90000000596046 9.150000005960464 20.400000000000002
      vertex -72.42658477444273 5.463525491562421 20.400000000000002
    endloop
  endfacet
  facet normal 0 0 -1
    outer loop
      vertex -74.90000000596046 9.150000005960464 20.400000000000002
      vertex -72.21352549156242 5.88167787843871 20.400000000000002
      vertex -72.42658477444273 5.463525491562421 20.400000000000002
    endloop
  endfacet
  facet normal 0 0 -1
    outer loop
      vertex -74.90000000596046 9.150000005960464 20.400000000000002
      vertex -71.88167787843871 6.213525491562422 20.400000000000002
      vertex -72.21352549156242 5.88167787843871 20.400000000000002
    endloop
  endfacet
  facet normal 0 0 -1
    outer loop
      vertex -74.90000000596046 9.150000005960464 20.400000000000002
      vertex -71.46352549156242 6.4265847744427305 20.400000000000002
      vertex -71.88167787843871 6.213525491562422 20.400000000000002
    endloop
  endfacet
  facet normal 0 0 -1
    outer loop
      vertex -74.90000000596046 9.150000005960464 20.400000000000002
      vertex -71 6.5 20.400000000000002
      vertex -71.46352549156242 6.4265847744427305 20.400000000000002
    endloop
  endfacet
  facet normal 0 0 -1
    outer loop
      vertex -74.90000000596046 9.150000005960464 20.400000000000002
      vertex -70.53647450843758 6.4265847744427305 20.400000000000002
      vertex -71 6.5 20.400000000000002
    endloop
  endfacet
  facet normal 0 1 0
    outer loop
      vertex -74.90000000596046 9.150000005960464 20.400000000000002
      vertex -74.90000000596046 9.150000005960464 21.6
      vertex -66.15000000596046 9.150000005960464 21.6
    endloop
  endfacet
  facet normal 0 0 -1
    outer loop
      vertex -66.15000000596046 9.150000005960464 20.400000000000002
      vertex -70.11832212156129 6.213525491562422 20.400000000000002
      vertex -70.53647450843758 6.4265847744427305 20.400000000000002
    endloop
  endfacet
  facet normal 0 0 -1
    outer loop
      vertex -66.15000000596046 9.150000005960464 20.400000000000002
      vertex -69.57341522555727 5.463525491562421 20.400000000000002
      vertex -69.78647450843758 5.88167787843871 20.400000000000002
    endloop
  endfacet
  facet normal 0 0 -1
    outer loop
      vertex -66.15000000596046 9.150000005960464 20.400000000000002
      vertex -69.78647450843758 5.88167787843871 20.400000000000002
      vertex -70.11832212156129 6.213525491562422 20.400000000000002
    endloop
  endfacet
  facet normal 0 0 -1
    outer loop
      vertex -74.90000000596046 9.150000005960464 20.400000000000002
      vertex -66.15000000596046 9.150000005960464 20.400000000000002
      vertex -70.53647450843758 6.4265847744427305 20.400000000000002
    endloop
  endfacet
  facet normal 0 1 0
    outer loop
      vertex -74.90000000596046 9.150000005960464 20.400000000000002
      vertex -66.15000000596046 9.150000005960464 21.6
      vertex -66.15000000596046 9.150000005960464 20.400000000000002
    endloop
  endfacet
  facet normal 0 0 -1
    outer loop
      vertex -66.15000000596046 0.8499999940395355 20.400000000000002
      vertex -69.57341522555727 5.463525491562421 20.400000000000002
      vertex -66.15000000596046 9.150000005960464 20.400000000000002
    endloop
  endfacet
  facet normal 0 0 -1
    outer loop
      vertex -66.15000000596046 9.150000005960464 20.400000000000002
      vertex -63.5 5 20.400000000000002
      vertex -63.42658477444273 4.536474508437579 20.400000000000002
    endloop
  endfacet
  facet normal 0 0 -1
    outer loop
      vertex -66.15000000596046 9.150000005960464 20.400000000000002
      vertex -63.42658477444273 5.463525491562421 20.400000000000002
      vertex -63.5 5 20.400000000000002
    endloop
  endfacet
  facet normal 0 0 -1
    outer loop
      vertex -66.15000000596046 9.150000005960464 20.400000000000002
      vertex -63.21352549156242 5.88167787843871 20.400000000000002
      vertex -63.42658477444273 5.463525491562421 20.400000000000002
    endloop
  endfacet
  facet normal 0 0 -1
    outer loop
      vertex -66.15000000596046 9.150000005960464 20.400000000000002
      vertex -62.88167787843871 6.213525491562422 20.400000000000002
      vertex -63.21352549156242 5.88167787843871 20.400000000000002
    endloop
  endfacet
  facet normal 0 0 -1
    outer loop
      vertex -66.15000000596046 9.150000005960464 20.400000000000002
      vertex -62.46352549156242 6.4265847744427305 20.400000000000002
      vertex -62.88167787843871 6.213525491562422 20.400000000000002
    endloop
  endfacet
  facet normal 0 0 -1
    outer loop
      vertex -66.15000000596046 9.150000005960464 20.400000000000002
      vertex -62 6.5 20.400000000000002
      vertex -62.46352549156242 6.4265847744427305 20.400000000000002
    endloop
  endfacet
  facet normal 0 0 -1
    outer loop
      vertex -66.15000000596046 9.150000005960464 20.400000000000002
      vertex -61.53647450843758 6.4265847744427305 20.400000000000002
      vertex -62 6.5 20.400000000000002
    endloop
  endfacet
  facet normal 0 0 -1
    outer loop
      vertex -66.15000000596046 9.150000005960464 20.400000000000002
      vertex -62.46352549156242 12.57341522555727 20.400000000000002
      vertex -62 12.5 20.400000000000002
    endloop
  endfacet
  facet normal 0 0 -1
    outer loop
      vertex -66.15000000596046 9.150000005960464 20.400000000000002
      vertex -62 12.5 20.400000000000002
      vertex -61.53647450843758 12.57341522555727 20.400000000000002
    endloop
  endfacet
  facet normal -1 0 0
    outer loop
      vertex -66.15000000596046 9.150000005960464 20.400000000000002
      vertex -66.15000000596046 9.150000005960464 21.6
      vertex -66.15000000596046 17.900000005960464 21.6
    endloop
  endfacet
  facet normal -1 0 0
    outer loop
      vertex -66.15000000596046 9.150000005960464 20.400000000000002
      vertex -66.15000000596046 17.900000005960464 21.6
      vertex -66.15000000596046 17.900000005960464 20.400000000000002
    endloop
  endfacet
  facet normal 0 0 -1
    outer loop
      vertex -66.15000000596046 9.150000005960464 20.400000000000002
      vertex -63.21352549156242 13.11832212156129 20.400000000000002
      vertex -62.88167787843871 12.786474508437578 20.400000000000002
    endloop
  endfacet
  facet normal 0 0 -1
    outer loop
      vertex -66.15000000596046 9.150000005960464 20.400000000000002
      vertex -62.88167787843871 12.786474508437578 20.400000000000002
      vertex -62.46352549156242 12.57341522555727 20.400000000000002
    endloop
  endfacet
  facet normal 0 0 -1
    outer loop
      vertex -66.15000000596046 9.150000005960464 20.400000000000002
      vertex -66.15000000596046 17.900000005960464 20.400000000000002
      vertex -63.21352549156242 13.11832212156129 20.400000000000002
    endloop
  endfacet
  facet normal 0 0 -1
    outer loop
      vertex -66.15000000596046 17.900000005960464 20.400000000000002
      vertex -63.42658477444273 13.536474508437578 20.400000000000002
      vertex -63.21352549156242 13.11832212156129 20.400000000000002
    endloop
  endfacet
  facet normal 0 0 -1
    outer loop
      vertex -66.15000000596046 17.900000005960464 20.400000000000002
      vertex -63.5 14 20.400000000000002
      vertex -63.42658477444273 13.536474508437578 20.400000000000002
    endloop
  endfacet
  facet normal 0 0 -1
    outer loop
      vertex -66.15000000596046 17.900000005960464 20.400000000000002
      vertex -63.42658477444273 14.463525491562422 20.400000000000002
      vertex -63.5 14 20.400000000000002
    endloop
  endfacet
  facet normal 0 0 -1
    outer loop
      vertex -66.15000000596046 17.900000005960464 20.400000000000002
      vertex -63.21352549156242 14.88167787843871 20.400000000000002
      vertex -63.42658477444273 14.463525491562422 20.400000000000002
    endloop
  endfacet
  facet normal 0 0 -1
    outer loop
      vertex -66.15000000596046 17.900000005960464 20.400000000000002
      vertex -62.88167787843871 15.213525491562422 20.400000000000002
      vertex -63.21352549156242 14.88167787843871 20.400000000000002
    endloop
  endfacet
  facet normal 0 0 -1
    outer loop
      vertex -66.15000000596046 17.900000005960464 20.400000000000002
      vertex -62.46352549156242 15.42658477444273 20.400000000000002
      vertex -62.88167787843871 15.213525491562422 20.400000000000002
    endloop
  endfacet
  facet normal 0 0 -1
    outer loop
      vertex -66.15000000596046 17.900000005960464 20.400000000000002
      vertex -62 15.5 20.400000000000002
      vertex -62.46352549156242 15.42658477444273 20.400000000000002
    endloop
  endfacet
  facet normal 0 0 -1
    outer loop
      vertex -66.15000000596046 17.900000005960464 20.400000000000002
      vertex -61.53647450843758 15.42658477444273 20.400000000000002
      vertex -62 15.5 20.400000000000002
    endloop
  endfacet
  facet normal 0 1 0
    outer loop
      vertex -66.15000000596046 17.900000005960464 20.400000000000002
      vertex -66.15000000596046 17.900000005960464 21.6
      vertex -57.849999994039536 17.900000005960464 21.6
    endloop
  endfacet
  facet normal 0 -1 0
    outer loop
      vertex -66.15000000596046 -7.9000000059604645 21.6
      vertex -57.849999994039536 -7.9000000059604645 20.400000000000002
      vertex -57.849999994039536 -7.9000000059604645 21.6
    endloop
  endfacet
  facet normal 0 0 -1
    outer loop
      vertex -57.849999994039536 -7.9000000059604645 20.400000000000002
      vertex -62.46352549156242 -5.4265847744427305 20.400000000000002
      vertex -62 -5.5 20.400000000000002
    endloop
  endfacet
  facet normal 0 0 -1
    outer loop
      vertex -57.849999994039536 -7.9000000059604645 20.400000000000002
      vertex -62 -5.5 20.400000000000002
      vertex -61.53647450843758 -5.4265847744427305 20.400000000000002
    endloop
  endfacet
  facet normal 0 0 -1
    outer loop
      vertex -57.849999994039536 -7.9000000059604645 20.400000000000002
      vertex -61.53647450843758 -5.4265847744427305 20.400000000000002
      vertex -61.11832212156129 -5.213525491562422 20.400000000000002
    endloop
  endfacet
  facet normal 0 0 -1
    outer loop
      vertex -57.849999994039536 -7.9000000059604645 20.400000000000002
      vertex -61.11832212156129 -5.213525491562422 20.400000000000002
      vertex -60.78647450843758 -4.88167787843871 20.400000000000002
    endloop
  endfacet
  facet normal 0 0 -1
    outer loop
      vertex -57.849999994039536 -7.9000000059604645 20.400000000000002
      vertex -60.78647450843758 -4.88167787843871 20.400000000000002
      vertex -60.57341522555727 -4.463525491562422 20.400000000000002
    endloop
  endfacet
  facet normal 0 0 -1
    outer loop
      vertex -57.849999994039536 -7.9000000059604645 20.400000000000002
      vertex -60.57341522555727 -4.463525491562422 20.400000000000002
      vertex -60.5 -4 20.400000000000002
    endloop
  endfacet
  facet normal 0 0 -1
    outer loop
      vertex -57.849999994039536 -7.9000000059604645 20.400000000000002
      vertex -60.5 -4 20.400000000000002
      vertex -60.57341522555727 -3.5364745084375784 20.400000000000002
    endloop
  endfacet
  facet normal 0 0 -1
    outer loop
      vertex -57.849999994039536 -7.9000000059604645 20.400000000000002
      vertex -60.57341522555727 -3.5364745084375784 20.400000000000002
      vertex -60.78647450843758 -3.11832212156129 20.400000000000002
    endloop
  endfacet
  facet normal 0 0 -1
    outer loop
      vertex -57.849999994039536 -7.9000000059604645 20.400000000000002
      vertex -60.78647450843758 -3.11832212156129 20.400000000000002
      vertex -57.849999994039536 0.8499999940395355 20.400000000000002
    endloop
  endfacet
  facet normal 0 0 -1
    outer loop
      vertex -57.849999994039536 0.8499999940395355 20.400000000000002
      vertex -61.11832212156129 -2.7864745084375784 20.400000000000002
      vertex -61.53647450843758 -2.5734152255572695 20.400000000000002
    endloop
  endfacet
  facet normal 0 0 -1
    outer loop
      vertex -57.849999994039536 0.8499999940395355 20.400000000000002
      vertex -60.78647450843758 -3.11832212156129 20.400000000000002
      vertex -61.11832212156129 -2.7864745084375784 20.400000000000002
    endloop
  endfacet
  facet normal 1 0 0
    outer loop
      vertex -57.849999994039536 -7.9000000059604645 20.400000000000002
      vertex -57.849999994039536 0.8499999940395355 20.400000000000002
      vertex -57.849999994039536 -7.9000000059604645 21.6
    endloop
  endfacet
  facet normal 1 0 0
    outer loop
      vertex -57.849999994039536 -7.9000000059604645 21.6
      vertex -57.849999994039536 0.8499999940395355 20.400000000000002
      vertex -57.849999994039536 0.8499999940395355 21.6
    endloop
  endfacet
  facet normal 0 0 -1
    outer loop
      vertex -57.849999994039536 0.8499999940395355 20.400000000000002
      vertex -62 -2.5 20.400000000000002
      vertex -62.46352549156242 -2.5734152255572695 20.400000000000002
    endloop
  endfacet
  facet normal 0 0 -1
    outer loop
      vertex -57.849999994039536 0.8499999940395355 20.400000000000002
      vertex -61.53647450843758 -2.5734152255572695 20.400000000000002
      vertex -62 -2.5 20.400000000000002
    endloop
  endfacet
  facet normal 0 0 -1
    outer loop
      vertex -57.849999994039536 0.8499999940395355 20.400000000000002
      vertex -62.46352549156242 3.5734152255572695 20.400000000000002
      vertex -62 3.5 20.400000000000002
    endloop
  endfacet
  facet normal 0 0 -1
    outer loop
      vertex -57.849999994039536 0.8499999940395355 20.400000000000002
      vertex -62 3.5 20.400000000000002
      vertex -61.53647450843758 3.5734152255572695 20.400000000000002
    endloop
  endfacet
  facet normal 0 0 -1
    outer loop
      vertex -57.849999994039536 0.8499999940395355 20.400000000000002
      vertex -61.53647450843758 3.5734152255572695 20.400000000000002
      vertex -61.11832212156129 3.786474508437579 20.400000000000002
    endloop
  endfacet
  facet normal 0 0 -1
    outer loop
      vertex -57.849999994039536 0.8499999940395355 20.400000000000002
      vertex -61.11832212156129 3.786474508437579 20.400000000000002
      vertex -60.78647450843758 4.11832212156129 20.400000000000002
    endloop
  endfacet
  facet normal 0 0 -1
    outer loop
      vertex -57.849999994039536 0.8499999940395355 20.400000000000002
      vertex -60.78647450843758 4.11832212156129 20.400000000000002
      vertex -60.57341522555727 4.536474508437579 20.400000000000002
    endloop
  endfacet
  facet normal 0 0 -1
    outer loop
      vertex -57.849999994039536 0.8499999940395355 20.400000000000002
      vertex -60.57341522555727 4.536474508437579 20.400000000000002
      vertex -60.5 5 20.400000000000002
    endloop
  endfacet
  facet normal 0 0 -1
    outer loop
      vertex -57.849999994039536 0.8499999940395355 20.400000000000002
      vertex -60.5 5 20.400000000000002
      vertex -60.57341522555727 5.463525491562421 20.400000000000002
    endloop
  endfacet
  facet normal 0 0 -1
    outer loop
      vertex -57.849999994039536 0.8499999940395355 20.400000000000002
      vertex -57.849999994039536 9.150000005960464 20.400000000000002
      vertex -54.42658477444273 4.536474508437579 20.400000000000002
    endloop
  endfacet
  facet normal 0 -1 0
    outer loop
      vertex -57.849999994039536 0.8499999940395355 20.400000000000002
      vertex -49.099999994039536 0.8499999940395355 20.400000000000002
      vertex -57.849999994039536 0.8499999940395355 21.6
    endloop
  endfacet
  facet normal 0 0 -1
    outer loop
      vertex -57.849999994039536 0.8499999940395355 20.400000000000002
      vertex -53.46352549156242 3.5734152255572695 20.400000000000002
      vertex -49.099999994039536 0.8499999940395355 20.400000000000002
    endloop
  endfacet
  facet normal 0 0 -1
    outer loop
      vertex -57.849999994039536 0.8499999940395355 20.400000000000002
      vertex -54.21352549156242 4.11832212156129 20.400000000000002
      vertex -53.88167787843871 3.786474508437579 20.400000000000002
    endloop
  endfacet
  facet normal 0 0 -1
    outer loop
      vertex -57.849999994039536 0.8499999940395355 20.400000000000002
      vertex -54.42658477444273 4.536474508437579 20.400000000000002
      vertex -54.21352549156242 4.11832212156129 20.400000000000002
    endloop
  endfacet
  facet normal 0 0 -1
    outer loop
      vertex -57.849999994039536 0.8499999940395355 20.400000000000002
      vertex -53.88167787843871 3.786474508437579 20.400000000000002
      vertex -53.46352549156242 3.5734152255572695 20.400000000000002
    endloop
  endfacet
  facet normal 0 -1 0
    outer loop
      vertex -57.849999994039536 0.8499999940395355 21.6
      vertex -49.099999994039536 0.8499999940395355 20.400000000000002
      vertex -49.099999994039536 0.8499999940395355 21.6
    endloop
  endfacet
  facet normal 0 0 -1
    outer loop
      vertex -49.099999994039536 0.8499999940395355 20.400000000000002
      vertex -53.46352549156242 3.5734152255572695 20.400000000000002
      vertex -53 3.5 20.400000000000002
    endloop
  endfacet
  facet normal 0 0 -1
    outer loop
      vertex -49.099999994039536 0.8499999940395355 20.400000000000002
      vertex -53 3.5 20.400000000000002
      vertex -52.53647450843758 3.5734152255572695 20.400000000000002
    endloop
  endfacet
  facet normal 0 0 -1
    outer loop
      vertex -49.099999994039536 0.8499999940395355 20.400000000000002
      vertex -52.53647450843758 3.5734152255572695 20.400000000000002
      vertex -52.11832212156129 3.786474508437579 20.400000000000002
    endloop
  endfacet
  facet normal 0 0 -1
    outer loop
      vertex -49.099999994039536 0.8499999940395355 20.400000000000002
      vertex -52.11832212156129 3.786474508437579 20.400000000000002
      vertex -51.78647450843758 4.11832212156129 20.400000000000002
    endloop
  endfacet
  facet normal 0 0 -1
    outer loop
      vertex -49.099999994039536 0.8499999940395355 20.400000000000002
      vertex -51.78647450843758 4.11832212156129 20.400000000000002
      vertex -51.57341522555727 4.536474508437579 20.400000000000002
    endloop
  endfacet
  facet normal 0 0 -1
    outer loop
      vertex -49.099999994039536 0.8499999940395355 20.400000000000002
      vertex -51.57341522555727 4.536474508437579 20.400000000000002
      vertex -49.099999994039536 9.150000005960464 20.400000000000002
    endloop
  endfacet
  facet normal 1 0 0
    outer loop
      vertex -49.099999994039536 0.8499999940395355 20.400000000000002
      vertex -49.099999994039536 9.150000005960464 20.400000000000002
      vertex -49.099999994039536 0.8499999940395355 21.6
    endloop
  endfacet
  facet normal 0 0 -1
    outer loop
      vertex -57.849999994039536 9.150000005960464 20.400000000000002
      vertex -61.11832212156129 6.213525491562422 20.400000000000002
      vertex -61.53647450843758 6.4265847744427305 20.400000000000002
    endloop
  endfacet
  facet normal 0 0 -1
    outer loop
      vertex -57.849999994039536 9.150000005960464 20.400000000000002
      vertex -60.57341522555727 5.463525491562421 20.400000000000002
      vertex -60.78647450843758 5.88167787843871 20.400000000000002
    endloop
  endfacet
  facet normal 0 0 -1
    outer loop
      vertex -57.849999994039536 9.150000005960464 20.400000000000002
      vertex -60.78647450843758 5.88167787843871 20.400000000000002
      vertex -61.11832212156129 6.213525491562422 20.400000000000002
    endloop
  endfacet
  facet normal 0 0 -1
    outer loop
      vertex -66.15000000596046 9.150000005960464 20.400000000000002
      vertex -57.849999994039536 9.150000005960464 20.400000000000002
      vertex -61.53647450843758 6.4265847744427305 20.400000000000002
    endloop
  endfacet
  facet normal 0 0 -1
    outer loop
      vertex -66.15000000596046 9.150000005960464 20.400000000000002
      vertex -61.53647450843758 12.57341522555727 20.400000000000002
      vertex -57.849999994039536 9.150000005960464 20.400000000000002
    endloop
  endfacet
  facet normal 0 0 -1
    outer loop
      vertex -57.849999994039536 0.8499999940395355 20.400000000000002
      vertex -60.57341522555727 5.463525491562421 20.400000000000002
      vertex -57.849999994039536 9.150000005960464 20.400000000000002
    endloop
  endfacet
  facet normal 0 0 -1
    outer loop
      vertex -57.849999994039536 9.150000005960464 20.400000000000002
      vertex -54.5 5 20.400000000000002
      vertex -54.42658477444273 4.536474508437579 20.400000000000002
    endloop
  endfacet
  facet normal 0 0 -1
    outer loop
      vertex -57.849999994039536 9.150000005960464 20.400000000000002
      vertex -54.42658477444273 5.463525491562421 20.400000000000002
      vertex -54.5 5 20.400000000000002
    endloop
  endfacet
  facet normal 0 0 -1
    outer loop
      vertex -57.849999994039536 9.150000005960464 20.400000000000002
      vertex -61.53647450843758 12.57341522555727 20.400000000000002
      vertex -61.11832212156129 12.786474508437578 20.400000000000002
    endloop
  endfacet
  facet normal 0 0 -1
    outer loop
      vertex -57.849999994039536 9.150000005960464 20.400000000000002
      vertex -61.11832212156129 12.786474508437578 20.400000000000002
      vertex -60.78647450843758 13.11832212156129 20.400000000000002
    endloop
  endfacet
  facet normal 0 0 -1
    outer loop
      vertex -57.849999994039536 9.150000005960464 20.400000000000002
      vertex -60.78647450843758 13.11832212156129 20.400000000000002
      vertex -60.57341522555727 13.536474508437578 20.400000000000002
    endloop
  endfacet
  facet normal 0 0 -1
    outer loop
      vertex -66.15000000596046 17.900000005960464 20.400000000000002
      vertex -57.849999994039536 17.900000005960464 20.400000000000002
      vertex -61.53647450843758 15.42658477444273 20.400000000000002
    endloop
  endfacet
  facet normal 0 1 0
    outer loop
      vertex -66.15000000596046 17.900000005960464 20.400000000000002
      vertex -57.849999994039536 17.900000005960464 21.6
      vertex -57.849999994039536 17.900000005960464 20.400000000000002
    endloop
  endfacet
  facet normal 0 0 -1
    outer loop
      vertex -57.849999994039536 17.900000005960464 20.400000000000002
      vertex -60.57341522555727 13.536474508437578 20.400000000000002
      vertex -60.5 14 20.400000000000002
    endloop
  endfacet
  facet normal 0 0 -1
    outer loop
      vertex -57.849999994039536 17.900000005960464 20.400000000000002
      vertex -60.5 14 20.400000000000002
      vertex -60.57341522555727 14.463525491562422 20.400000000000002
    endloop
  endfacet
  facet normal 0 0 -1
    outer loop
      vertex -57.849999994039536 17.900000005960464 20.400000000000002
      vertex -61.11832212156129 15.213525491562422 20.400000000000002
      vertex -61.53647450843758 15.42658477444273 20.400000000000002
    endloop
  endfacet
  facet normal 0 0 -1
    outer loop
      vertex -57.849999994039536 17.900000005960464 20.400000000000002
      vertex -60.57341522555727 14.463525491562422 20.400000000000002
      vertex -60.78647450843758 14.88167787843871 20.400000000000002
    endloop
  endfacet
  facet normal 0 0 -1
    outer loop
      vertex -57.849999994039536 17.900000005960464 20.400000000000002
      vertex -60.78647450843758 14.88167787843871 20.400000000000002
      vertex -61.11832212156129 15.213525491562422 20.400000000000002
    endloop
  endfacet
  facet normal 1 0 0
    outer loop
      vertex -57.849999994039536 9.150000005960464 20.400000000000002
      vertex -57.849999994039536 17.900000005960464 20.400000000000002
      vertex -57.849999994039536 9.150000005960464 21.6
    endloop
  endfacet
  facet normal 0 0 -1
    outer loop
      vertex -57.849999994039536 9.150000005960464 20.400000000000002
      vertex -60.57341522555727 13.536474508437578 20.400000000000002
      vertex -57.849999994039536 17.900000005960464 20.400000000000002
    endloop
  endfacet
  facet normal 1 0 0
    outer loop
      vertex -57.849999994039536 9.150000005960464 21.6
      vertex -57.849999994039536 17.900000005960464 20.400000000000002
      vertex -57.849999994039536 17.900000005960464 21.6
    endloop
  endfacet
  facet normal 0 0 -1
    outer loop
      vertex -57.849999994039536 9.150000005960464 20.400000000000002
      vertex -54.21352549156242 5.88167787843871 20.400000000000002
      vertex -54.42658477444273 5.463525491562421 20.400000000000002
    endloop
  endfacet
  facet normal 0 0 -1
    outer loop
      vertex -57.849999994039536 9.150000005960464 20.400000000000002
      vertex -53.88167787843871 6.213525491562422 20.400000000000002
      vertex -54.21352549156242 5.88167787843871 20.400000000000002
    endloop
  endfacet
  facet normal 0 0 -1
    outer loop
      vertex -57.849999994039536 9.150000005960464 20.400000000000002
      vertex -53.46352549156242 6.4265847744427305 20.400000000000002
      vertex -53.88167787843871 6.213525491562422 20.400000000000002
    endloop
  endfacet
  facet normal 0 1 0
    outer loop
      vertex -57.849999994039536 9.150000005960464 20.400000000000002
      vertex -57.849999994039536 9.150000005960464 21.6
      vertex -49.099999994039536 9.150000005960464 21.6
    endloop
  endfacet
  facet normal 0 0 -1
    outer loop
      vertex -57.849999994039536 9.150000005960464 20.400000000000002
      vertex -49.099999994039536 9.150000005960464 20.400000000000002
      vertex -53.46352549156242 6.4265847744427305 20.400000000000002
    endloop
  endfacet
  facet normal 0 0 -1
    outer loop
      vertex -49.099999994039536 9.150000005960464 20.400000000000002
      vertex -51.57341522555727 4.536474508437579 20.400000000000002
      vertex -51.5 5 20.400000000000002
    endloop
  endfacet
  facet normal 0 0 -1
    outer loop
      vertex -49.099999994039536 9.150000005960464 20.400000000000002
      vertex -51.5 5 20.400000000000002
      vertex -51.57341522555727 5.463525491562421 20.400000000000002
    endloop
  endfacet
  facet normal 0 0 -1
    outer loop
      vertex -49.099999994039536 9.150000005960464 20.400000000000002
      vertex -53 6.5 20.400000000000002
      vertex -53.46352549156242 6.4265847744427305 20.400000000000002
    endloop
  endfacet
  facet normal 0 0 -1
    outer loop
      vertex -49.099999994039536 9.150000005960464 20.400000000000002
      vertex -52.53647450843758 6.4265847744427305 20.400000000000002
      vertex -53 6.5 20.400000000000002
    endloop
  endfacet
  facet normal 0 0 -1
    outer loop
      vertex -49.099999994039536 9.150000005960464 20.400000000000002
      vertex -52.11832212156129 6.213525491562422 20.400000000000002
      vertex -52.53647450843758 6.4265847744427305 20.400000000000002
    endloop
  endfacet
  facet normal 0 0 -1
    outer loop
      vertex -49.099999994039536 9.150000005960464 20.400000000000002
      vertex -51.57341522555727 5.463525491562421 20.400000000000002
      vertex -51.78647450843758 5.88167787843871 20.400000000000002
    endloop
  endfacet
  facet normal 0 0 -1
    outer loop
      vertex -49.099999994039536 9.150000005960464 20.400000000000002
      vertex -51.78647450843758 5.88167787843871 20.400000000000002
      vertex -52.11832212156129 6.213525491562422 20.400000000000002
    endloop
  endfacet
  facet normal 1 0 0
    outer loop
      vertex -49.099999994039536 0.8499999940395355 21.6
      vertex -49.099999994039536 9.150000005960464 20.400000000000002
      vertex -49.099999994039536 9.150000005960464 21.6
    endloop
  endfacet
  facet normal 0 1 0
    outer loop
      vertex -57.849999994039536 9.150000005960464 20.400000000000002
      vertex -49.099999994039536 9.150000005960464 21.6
      vertex -49.099999994039536 9.150000005960464 20.400000000000002
    endloop
  endfacet
  facet normal -0.7071067811865451 -0.7071067811865499 2.4347483362317955e-18
    outer loop
      vertex -54.21352549156242 4.11832212156129 19.3
      vertex -53.88167787843871 3.786474508437579 19.3
      vertex -53.88167787843871 3.786474508437579 20.400000000000002
    endloop
  endfacet
  facet normal 0 0 -1
    outer loop
      vertex -54.21352549156242 4.11832212156129 19.3
      vertex -54.42658477444273 4.536474508437579 19.3
      vertex -54.21352549156242 5.88167787843871 19.3
    endloop
  endfacet
  facet normal 0 0 -1
    outer loop
      vertex -54.21352549156242 4.11832212156129 19.3
      vertex -53.88167787843871 6.213525491562422 19.3
      vertex -53.88167787843871 3.786474508437579 19.3
    endloop
  endfacet
  facet normal -0.9876883405951378 -0.15643446504023079 0
    outer loop
      vertex -54.42658477444273 4.536474508437579 19.3
      vertex -54.42658477444273 4.536474508437579 20.400000000000002
      vertex -54.5 5 19.3
    endloop
  endfacet
  facet normal -0.8910065241883685 -0.45399049973954547 0
    outer loop
      vertex -54.21352549156242 4.11832212156129 19.3
      vertex -54.21352549156242 4.11832212156129 20.400000000000002
      vertex -54.42658477444273 4.536474508437579 19.3
    endloop
  endfacet
  facet normal -0.7071067811865451 -0.7071067811865499 0
    outer loop
      vertex -54.21352549156242 4.11832212156129 19.3
      vertex -53.88167787843871 3.786474508437579 20.400000000000002
      vertex -54.21352549156242 4.11832212156129 20.400000000000002
    endloop
  endfacet
  facet normal -0.8910065241883685 -0.45399049973954547 0
    outer loop
      vertex -54.42658477444273 4.536474508437579 19.3
      vertex -54.21352549156242 4.11832212156129 20.400000000000002
      vertex -54.42658477444273 4.536474508437579 20.400000000000002
    endloop
  endfacet
  facet normal -0.9876883405951378 -0.15643446504023079 0
    outer loop
      vertex -54.5 5 19.3
      vertex -54.42658477444273 4.536474508437579 20.400000000000002
      vertex -54.5 5 20.400000000000002
    endloop
  endfacet
  facet normal -0.4539904997395486 -0.891006524188367 0
    outer loop
      vertex -53.46352549156242 3.5734152255572695 19.3
      vertex -53.46352549156242 3.5734152255572695 20.400000000000002
      vertex -53.88167787843871 3.786474508437579 19.3
    endloop
  endfacet
  facet normal -0.15643446504023048 -0.9876883405951378 5.563315214756035e-18
    outer loop
      vertex -53.46352549156242 3.5734152255572695 19.3
      vertex -53 3.5 19.3
      vertex -53 3.5 20.400000000000002
    endloop
  endfacet
  facet normal 0 0 -1
    outer loop
      vertex -53.46352549156242 3.5734152255572695 19.3
      vertex -53.88167787843871 3.786474508437579 19.3
      vertex -53.46352549156242 6.4265847744427305 19.3
    endloop
  endfacet
  facet normal 0 0 -1
    outer loop
      vertex -53.46352549156242 3.5734152255572695 19.3
      vertex -53 6.5 19.3
      vertex -53 3.5 19.3
    endloop
  endfacet
  facet normal 0.15643446504023048 -0.9876883405951378 -5.563315214756035e-18
    outer loop
      vertex -53 3.5 19.3
      vertex -52.53647450843758 3.5734152255572695 19.3
      vertex -52.53647450843758 3.5734152255572695 20.400000000000002
    endloop
  endfacet
  facet normal 0 0 -1
    outer loop
      vertex -53 3.5 19.3
      vertex -52.53647450843758 6.4265847744427305 19.3
      vertex -52.53647450843758 3.5734152255572695 19.3
    endloop
  endfacet
  facet normal -0.4539904997395486 -0.891006524188367 0
    outer loop
      vertex -53.88167787843871 3.786474508437579 19.3
      vertex -53.46352549156242 3.5734152255572695 20.400000000000002
      vertex -53.88167787843871 3.786474508437579 20.400000000000002
    endloop
  endfacet
  facet normal -0.15643446504023048 -0.9876883405951378 0
    outer loop
      vertex -53.46352549156242 3.5734152255572695 19.3
      vertex -53 3.5 20.400000000000002
      vertex -53.46352549156242 3.5734152255572695 20.400000000000002
    endloop
  endfacet
  facet normal 0.15643446504023048 -0.9876883405951378 0
    outer loop
      vertex -53 3.5 19.3
      vertex -52.53647450843758 3.5734152255572695 20.400000000000002
      vertex -53 3.5 20.400000000000002
    endloop
  endfacet
  facet normal 0.4539904997395486 -0.891006524188367 0
    outer loop
      vertex -52.53647450843758 3.5734152255572695 19.3
      vertex -52.11832212156129 3.786474508437579 20.400000000000002
      vertex -52.53647450843758 3.5734152255572695 20.400000000000002
    endloop
  endfacet
  facet normal 0.4539904997395486 -0.891006524188367 1.1901070112299678e-17
    outer loop
      vertex -52.53647450843758 3.5734152255572695 19.3
      vertex -52.11832212156129 3.786474508437579 19.3
      vertex -52.11832212156129 3.786474508437579 20.400000000000002
    endloop
  endfacet
  facet normal 0.7071067811865451 -0.7071067811865499 -2.4347483362317955e-18
    outer loop
      vertex -52.11832212156129 3.786474508437579 19.3
      vertex -51.78647450843758 4.11832212156129 19.3
      vertex -51.78647450843758 4.11832212156129 20.400000000000002
    endloop
  endfacet
  facet normal 0 0 -1
    outer loop
      vertex -52.53647450843758 3.5734152255572695 19.3
      vertex -52.11832212156129 6.213525491562422 19.3
      vertex -52.11832212156129 3.786474508437579 19.3
    endloop
  endfacet
  facet normal 0 0 -1
    outer loop
      vertex -52.11832212156129 3.786474508437579 19.3
      vertex -51.78647450843758 5.88167787843871 19.3
      vertex -51.78647450843758 4.11832212156129 19.3
    endloop
  endfacet
  facet normal 0 0 -1
    outer loop
      vertex -51.78647450843758 4.11832212156129 19.3
      vertex -51.57341522555727 5.463525491562421 19.3
      vertex -51.57341522555727 4.536474508437579 19.3
    endloop
  endfacet
  facet normal 0.8910065241883685 -0.45399049973954547 -8.27757450786992e-19
    outer loop
      vertex -51.78647450843758 4.11832212156129 19.3
      vertex -51.57341522555727 4.536474508437579 19.3
      vertex -51.57341522555727 4.536474508437579 20.400000000000002
    endloop
  endfacet
  facet normal 0.9876883405951378 -0.15643446504023079 2.5398360151111086e-18
    outer loop
      vertex -51.57341522555727 4.536474508437579 19.3
      vertex -51.5 5 19.3
      vertex -51.5 5 20.400000000000002
    endloop
  endfacet
  facet normal 0.7071067811865451 -0.7071067811865499 0
    outer loop
      vertex -52.11832212156129 3.786474508437579 19.3
      vertex -51.78647450843758 4.11832212156129 20.400000000000002
      vertex -52.11832212156129 3.786474508437579 20.400000000000002
    endloop
  endfacet
  facet normal 0.8910065241883685 -0.45399049973954547 0
    outer loop
      vertex -51.78647450843758 4.11832212156129 19.3
      vertex -51.57341522555727 4.536474508437579 20.400000000000002
      vertex -51.78647450843758 4.11832212156129 20.400000000000002
    endloop
  endfacet
  facet normal 0.9876883405951378 -0.15643446504023079 0
    outer loop
      vertex -51.57341522555727 4.536474508437579 19.3
      vertex -51.5 5 20.400000000000002
      vertex -51.57341522555727 4.536474508437579 20.400000000000002
    endloop
  endfacet
  facet normal 0 0 -1
    outer loop
      vertex -54.42658477444273 4.536474508437579 19.3
      vertex -54.5 5 19.3
      vertex -54.42658477444273 5.463525491562421 19.3
    endloop
  endfacet
  facet normal 0 0 -1
    outer loop
      vertex -54.42658477444273 4.536474508437579 19.3
      vertex -54.42658477444273 5.463525491562421 19.3
      vertex -54.21352549156242 5.88167787843871 19.3
    endloop
  endfacet
  facet normal 0 0 -1
    outer loop
      vertex -54.21352549156242 4.11832212156129 19.3
      vertex -54.21352549156242 5.88167787843871 19.3
      vertex -53.88167787843871 6.213525491562422 19.3
    endloop
  endfacet
  facet normal -0.9876883405951378 0.15643446504023079 0
    outer loop
      vertex -54.5 5 19.3
      vertex -54.5 5 20.400000000000002
      vertex -54.42658477444273 5.463525491562421 19.3
    endloop
  endfacet
  facet normal -0.8910065241883685 0.45399049973954547 0
    outer loop
      vertex -54.42658477444273 5.463525491562421 19.3
      vertex -54.42658477444273 5.463525491562421 20.400000000000002
      vertex -54.21352549156242 5.88167787843871 19.3
    endloop
  endfacet
  facet normal -0.7071067811865457 0.7071067811865495 0
    outer loop
      vertex -54.21352549156242 5.88167787843871 19.3
      vertex -54.21352549156242 5.88167787843871 20.400000000000002
      vertex -53.88167787843871 6.213525491562422 19.3
    endloop
  endfacet
  facet normal -0.9876883405951378 0.15643446504023079 0
    outer loop
      vertex -54.42658477444273 5.463525491562421 19.3
      vertex -54.5 5 20.400000000000002
      vertex -54.42658477444273 5.463525491562421 20.400000000000002
    endloop
  endfacet
  facet normal -0.8910065241883685 0.45399049973954547 0
    outer loop
      vertex -54.21352549156242 5.88167787843871 19.3
      vertex -54.42658477444273 5.463525491562421 20.400000000000002
      vertex -54.21352549156242 5.88167787843871 20.400000000000002
    endloop
  endfacet
  facet normal -0.7071067811865457 0.7071067811865495 0
    outer loop
      vertex -53.88167787843871 6.213525491562422 19.3
      vertex -54.21352549156242 5.88167787843871 20.400000000000002
      vertex -53.88167787843871 6.213525491562422 20.400000000000002
    endloop
  endfacet
  facet normal 0 0 -1
    outer loop
      vertex -53.88167787843871 3.786474508437579 19.3
      vertex -53.88167787843871 6.213525491562422 19.3
      vertex -53.46352549156242 6.4265847744427305 19.3
    endloop
  endfacet
  facet normal 0 0 -1
    outer loop
      vertex -53.46352549156242 3.5734152255572695 19.3
      vertex -53.46352549156242 6.4265847744427305 19.3
      vertex -53 6.5 19.3
    endloop
  endfacet
  facet normal -0.4539904997395478 0.8910065241883673 0
    outer loop
      vertex -53.88167787843871 6.213525491562422 19.3
      vertex -53.88167787843871 6.213525491562422 20.400000000000002
      vertex -53.46352549156242 6.4265847744427305 19.3
    endloop
  endfacet
  facet normal -0.15643446504023048 0.9876883405951378 0
    outer loop
      vertex -53.46352549156242 6.4265847744427305 19.3
      vertex -53.46352549156242 6.4265847744427305 20.400000000000002
      vertex -53 6.5 19.3
    endloop
  endfacet
  facet normal 0 0 -1
    outer loop
      vertex -53 3.5 19.3
      vertex -53 6.5 19.3
      vertex -52.53647450843758 6.4265847744427305 19.3
    endloop
  endfacet
  facet normal 0 0 -1
    outer loop
      vertex -52.53647450843758 3.5734152255572695 19.3
      vertex -52.53647450843758 6.4265847744427305 19.3
      vertex -52.11832212156129 6.213525491562422 19.3
    endloop
  endfacet
  facet normal 0.15643446504023048 0.9876883405951378 0
    outer loop
      vertex -53 6.5 19.3
      vertex -53 6.5 20.400000000000002
      vertex -52.53647450843758 6.4265847744427305 19.3
    endloop
  endfacet
  facet normal 0.4539904997395478 0.8910065241883673 -1.6620616387832074e-18
    outer loop
      vertex -52.11832212156129 6.213525491562422 19.3
      vertex -52.53647450843758 6.4265847744427305 19.3
      vertex -52.53647450843758 6.4265847744427305 20.400000000000002
    endloop
  endfacet
  facet normal -0.4539904997395478 0.8910065241883673 0
    outer loop
      vertex -53.46352549156242 6.4265847744427305 19.3
      vertex -53.88167787843871 6.213525491562422 20.400000000000002
      vertex -53.46352549156242 6.4265847744427305 20.400000000000002
    endloop
  endfacet
  facet normal -0.15643446504023048 0.9876883405951378 0
    outer loop
      vertex -53 6.5 19.3
      vertex -53.46352549156242 6.4265847744427305 20.400000000000002
      vertex -53 6.5 20.400000000000002
    endloop
  endfacet
  facet normal 0.15643446504023048 0.9876883405951378 0
    outer loop
      vertex -52.53647450843758 6.4265847744427305 19.3
      vertex -53 6.5 20.400000000000002
      vertex -52.53647450843758 6.4265847744427305 20.400000000000002
    endloop
  endfacet
  facet normal 0 0 -1
    outer loop
      vertex -52.11832212156129 3.786474508437579 19.3
      vertex -52.11832212156129 6.213525491562422 19.3
      vertex -51.78647450843758 5.88167787843871 19.3
    endloop
  endfacet
  facet normal 0 0 -1
    outer loop
      vertex -51.78647450843758 4.11832212156129 19.3
      vertex -51.78647450843758 5.88167787843871 19.3
      vertex -51.57341522555727 5.463525491562421 19.3
    endloop
  endfacet
  facet normal 0 0 -1
    outer loop
      vertex -51.57341522555727 4.536474508437579 19.3
      vertex -51.57341522555727 5.463525491562421 19.3
      vertex -51.5 5 19.3
    endloop
  endfacet
  facet normal 0.9876883405951378 0.15643446504023079 -2.5398360151111086e-18
    outer loop
      vertex -51.5 5 19.3
      vertex -51.57341522555727 5.463525491562421 19.3
      vertex -51.57341522555727 5.463525491562421 20.400000000000002
    endloop
  endfacet
  facet normal 0.8910065241883685 0.45399049973954547 8.27757450786992e-19
    outer loop
      vertex -51.57341522555727 5.463525491562421 19.3
      vertex -51.78647450843758 5.88167787843871 19.3
      vertex -51.78647450843758 5.88167787843871 20.400000000000002
    endloop
  endfacet
  facet normal 0.7071067811865457 0.7071067811865495 0
    outer loop
      vertex -52.11832212156129 6.213525491562422 19.3
      vertex -52.11832212156129 6.213525491562422 20.400000000000002
      vertex -51.78647450843758 5.88167787843871 19.3
    endloop
  endfacet
  facet normal 0.9876883405951378 0.15643446504023079 0
    outer loop
      vertex -51.5 5 19.3
      vertex -51.57341522555727 5.463525491562421 20.400000000000002
      vertex -51.5 5 20.400000000000002
    endloop
  endfacet
  facet normal 0.8910065241883685 0.45399049973954547 0
    outer loop
      vertex -51.57341522555727 5.463525491562421 19.3
      vertex -51.78647450843758 5.88167787843871 20.400000000000002
      vertex -51.57341522555727 5.463525491562421 20.400000000000002
    endloop
  endfacet
  facet normal 0.4539904997395478 0.8910065241883673 0
    outer loop
      vertex -52.11832212156129 6.213525491562422 19.3
      vertex -52.53647450843758 6.4265847744427305 20.400000000000002
      vertex -52.11832212156129 6.213525491562422 20.400000000000002
    endloop
  endfacet
  facet normal 0.7071067811865457 0.7071067811865495 0
    outer loop
      vertex -51.78647450843758 5.88167787843871 19.3
      vertex -52.11832212156129 6.213525491562422 20.400000000000002
      vertex -51.78647450843758 5.88167787843871 20.400000000000002
    endloop
  endfacet
  facet normal -0.7071067811865451 -0.7071067811865499 2.4347483362317955e-18
    outer loop
      vertex -72.21352549156242 4.11832212156129 19.3
      vertex -71.88167787843871 3.786474508437579 19.3
      vertex -71.88167787843871 3.786474508437579 20.400000000000002
    endloop
  endfacet
  facet normal 0 0 -1
    outer loop
      vertex -72.21352549156242 4.11832212156129 19.3
      vertex -72.42658477444273 4.536474508437579 19.3
      vertex -72.21352549156242 5.88167787843871 19.3
    endloop
  endfacet
  facet normal 0 0 -1
    outer loop
      vertex -72.21352549156242 4.11832212156129 19.3
      vertex -71.88167787843871 6.213525491562422 19.3
      vertex -71.88167787843871 3.786474508437579 19.3
    endloop
  endfacet
  facet normal -0.8910065241883685 -0.45399049973954547 0
    outer loop
      vertex -72.21352549156242 4.11832212156129 19.3
      vertex -72.21352549156242 4.11832212156129 20.400000000000002
      vertex -72.42658477444273 4.536474508437579 19.3
    endloop
  endfacet
  facet normal -0.9876883405951378 -0.15643446504023079 0
    outer loop
      vertex -72.42658477444273 4.536474508437579 19.3
      vertex -72.42658477444273 4.536474508437579 20.400000000000002
      vertex -72.5 5 19.3
    endloop
  endfacet
  facet normal -0.7071067811865451 -0.7071067811865499 0
    outer loop
      vertex -72.21352549156242 4.11832212156129 19.3
      vertex -71.88167787843871 3.786474508437579 20.400000000000002
      vertex -72.21352549156242 4.11832212156129 20.400000000000002
    endloop
  endfacet
  facet normal -0.4539904997395486 -0.891006524188367 0
    outer loop
      vertex -71.88167787843871 3.786474508437579 19.3
      vertex -71.46352549156242 3.5734152255572695 20.400000000000002
      vertex -71.88167787843871 3.786474508437579 20.400000000000002
    endloop
  endfacet
  facet normal -0.8910065241883685 -0.45399049973954547 0
    outer loop
      vertex -72.42658477444273 4.536474508437579 19.3
      vertex -72.21352549156242 4.11832212156129 20.400000000000002
      vertex -72.42658477444273 4.536474508437579 20.400000000000002
    endloop
  endfacet
  facet normal -0.9876883405951378 -0.15643446504023079 0
    outer loop
      vertex -72.5 5 19.3
      vertex -72.42658477444273 4.536474508437579 20.400000000000002
      vertex -72.5 5 20.400000000000002
    endloop
  endfacet
  facet normal -0.4539904997395486 -0.891006524188367 0
    outer loop
      vertex -71.46352549156242 3.5734152255572695 19.3
      vertex -71.46352549156242 3.5734152255572695 20.400000000000002
      vertex -71.88167787843871 3.786474508437579 19.3
    endloop
  endfacet
  facet normal -0.15643446504023048 -0.9876883405951378 5.563315214756035e-18
    outer loop
      vertex -71.46352549156242 3.5734152255572695 19.3
      vertex -71 3.5 19.3
      vertex -71 3.5 20.400000000000002
    endloop
  endfacet
  facet normal 0 0 -1
    outer loop
      vertex -71.46352549156242 3.5734152255572695 19.3
      vertex -71.88167787843871 3.786474508437579 19.3
      vertex -71.46352549156242 6.4265847744427305 19.3
    endloop
  endfacet
  facet normal 0 0 -1
    outer loop
      vertex -71.46352549156242 3.5734152255572695 19.3
      vertex -71 6.5 19.3
      vertex -71 3.5 19.3
    endloop
  endfacet
  facet normal 0.15643446504023048 -0.9876883405951378 -5.563315214756035e-18
    outer loop
      vertex -71 3.5 19.3
      vertex -70.53647450843758 3.5734152255572695 19.3
      vertex -70.53647450843758 3.5734152255572695 20.400000000000002
    endloop
  endfacet
  facet normal 0.4539904997395486 -0.891006524188367 1.1901070112299678e-17
    outer loop
      vertex -70.53647450843758 3.5734152255572695 19.3
      vertex -70.11832212156129 3.786474508437579 19.3
      vertex -70.11832212156129 3.786474508437579 20.400000000000002
    endloop
  endfacet
  facet normal 0 0 -1
    outer loop
      vertex -71 3.5 19.3
      vertex -70.53647450843758 6.4265847744427305 19.3
      vertex -70.53647450843758 3.5734152255572695 19.3
    endloop
  endfacet
  facet normal 0 0 -1
    outer loop
      vertex -70.53647450843758 3.5734152255572695 19.3
      vertex -70.11832212156129 6.213525491562422 19.3
      vertex -70.11832212156129 3.786474508437579 19.3
    endloop
  endfacet
  facet normal -0.15643446504023048 -0.9876883405951378 0
    outer loop
      vertex -71.46352549156242 3.5734152255572695 19.3
      vertex -71 3.5 20.400000000000002
      vertex -71.46352549156242 3.5734152255572695 20.400000000000002
    endloop
  endfacet
  facet normal 0.15643446504023048 -0.9876883405951378 0
    outer loop
      vertex -71 3.5 19.3
      vertex -70.53647450843758 3.5734152255572695 20.400000000000002
      vertex -71 3.5 20.400000000000002
    endloop
  endfacet
  facet normal 0.4539904997395486 -0.891006524188367 0
    outer loop
      vertex -70.53647450843758 3.5734152255572695 19.3
      vertex -70.11832212156129 3.786474508437579 20.400000000000002
      vertex -70.53647450843758 3.5734152255572695 20.400000000000002
    endloop
  endfacet
  facet normal 0.7071067811865451 -0.7071067811865499 -2.4347483362317955e-18
    outer loop
      vertex -70.11832212156129 3.786474508437579 19.3
      vertex -69.78647450843758 4.11832212156129 19.3
      vertex -69.78647450843758 4.11832212156129 20.400000000000002
    endloop
  endfacet
  facet normal 0 0 -1
    outer loop
      vertex -70.11832212156129 3.786474508437579 19.3
      vertex -69.78647450843758 5.88167787843871 19.3
      vertex -69.78647450843758 4.11832212156129 19.3
    endloop
  endfacet
  facet normal 0 0 -1
    outer loop
      vertex -69.78647450843758 4.11832212156129 19.3
      vertex -69.57341522555727 5.463525491562421 19.3
      vertex -69.57341522555727 4.536474508437579 19.3
    endloop
  endfacet
  facet normal 0.8910065241883685 -0.45399049973954547 -8.27757450786992e-19
    outer loop
      vertex -69.78647450843758 4.11832212156129 19.3
      vertex -69.57341522555727 4.536474508437579 19.3
      vertex -69.57341522555727 4.536474508437579 20.400000000000002
    endloop
  endfacet
  facet normal 0.9876883405951378 -0.15643446504023079 2.5398360151111086e-18
    outer loop
      vertex -69.57341522555727 4.536474508437579 19.3
      vertex -69.5 5 19.3
      vertex -69.5 5 20.400000000000002
    endloop
  endfacet
  facet normal 0.7071067811865451 -0.7071067811865499 0
    outer loop
      vertex -70.11832212156129 3.786474508437579 19.3
      vertex -69.78647450843758 4.11832212156129 20.400000000000002
      vertex -70.11832212156129 3.786474508437579 20.400000000000002
    endloop
  endfacet
  facet normal 0.8910065241883685 -0.45399049973954547 0
    outer loop
      vertex -69.78647450843758 4.11832212156129 19.3
      vertex -69.57341522555727 4.536474508437579 20.400000000000002
      vertex -69.78647450843758 4.11832212156129 20.400000000000002
    endloop
  endfacet
  facet normal 0.9876883405951378 -0.15643446504023079 0
    outer loop
      vertex -69.57341522555727 4.536474508437579 19.3
      vertex -69.5 5 20.400000000000002
      vertex -69.57341522555727 4.536474508437579 20.400000000000002
    endloop
  endfacet
  facet normal 0 0 -1
    outer loop
      vertex -72.42658477444273 4.536474508437579 19.3
      vertex -72.5 5 19.3
      vertex -72.42658477444273 5.463525491562421 19.3
    endloop
  endfacet
  facet normal 0 0 -1
    outer loop
      vertex -72.42658477444273 4.536474508437579 19.3
      vertex -72.42658477444273 5.463525491562421 19.3
      vertex -72.21352549156242 5.88167787843871 19.3
    endloop
  endfacet
  facet normal 0 0 -1
    outer loop
      vertex -72.21352549156242 4.11832212156129 19.3
      vertex -72.21352549156242 5.88167787843871 19.3
      vertex -71.88167787843871 6.213525491562422 19.3
    endloop
  endfacet
  facet normal 0 0 -1
    outer loop
      vertex -71.88167787843871 3.786474508437579 19.3
      vertex -71.88167787843871 6.213525491562422 19.3
      vertex -71.46352549156242 6.4265847744427305 19.3
    endloop
  endfacet
  facet normal -0.9876883405951378 0.15643446504023079 0
    outer loop
      vertex -72.5 5 19.3
      vertex -72.5 5 20.400000000000002
      vertex -72.42658477444273 5.463525491562421 19.3
    endloop
  endfacet
  facet normal -0.8910065241883685 0.45399049973954547 0
    outer loop
      vertex -72.42658477444273 5.463525491562421 19.3
      vertex -72.42658477444273 5.463525491562421 20.400000000000002
      vertex -72.21352549156242 5.88167787843871 19.3
    endloop
  endfacet
  facet normal -0.7071067811865457 0.7071067811865495 0
    outer loop
      vertex -72.21352549156242 5.88167787843871 19.3
      vertex -72.21352549156242 5.88167787843871 20.400000000000002
      vertex -71.88167787843871 6.213525491562422 19.3
    endloop
  endfacet
  facet normal -0.4539904997395478 0.8910065241883673 0
    outer loop
      vertex -71.88167787843871 6.213525491562422 19.3
      vertex -71.88167787843871 6.213525491562422 20.400000000000002
      vertex -71.46352549156242 6.4265847744427305 19.3
    endloop
  endfacet
  facet normal -0.9876883405951378 0.15643446504023079 0
    outer loop
      vertex -72.42658477444273 5.463525491562421 19.3
      vertex -72.5 5 20.400000000000002
      vertex -72.42658477444273 5.463525491562421 20.400000000000002
    endloop
  endfacet
  facet normal -0.8910065241883685 0.45399049973954547 0
    outer loop
      vertex -72.21352549156242 5.88167787843871 19.3
      vertex -72.42658477444273 5.463525491562421 20.400000000000002
      vertex -72.21352549156242 5.88167787843871 20.400000000000002
    endloop
  endfacet
  facet normal -0.7071067811865457 0.7071067811865495 0
    outer loop
      vertex -71.88167787843871 6.213525491562422 19.3
      vertex -72.21352549156242 5.88167787843871 20.400000000000002
      vertex -71.88167787843871 6.213525491562422 20.400000000000002
    endloop
  endfacet
  facet normal 0 0 -1
    outer loop
      vertex -71.46352549156242 3.5734152255572695 19.3
      vertex -71.46352549156242 6.4265847744427305 19.3
      vertex -71 6.5 19.3
    endloop
  endfacet
  facet normal -0.15643446504023048 0.9876883405951378 0
    outer loop
      vertex -71.46352549156242 6.4265847744427305 19.3
      vertex -71.46352549156242 6.4265847744427305 20.400000000000002
      vertex -71 6.5 19.3
    endloop
  endfacet
  facet normal 0 0 -1
    outer loop
      vertex -71 3.5 19.3
      vertex -71 6.5 19.3
      vertex -70.53647450843758 6.4265847744427305 19.3
    endloop
  endfacet
  facet normal 0 0 -1
    outer loop
      vertex -70.53647450843758 3.5734152255572695 19.3
      vertex -70.53647450843758 6.4265847744427305 19.3
      vertex -70.11832212156129 6.213525491562422 19.3
    endloop
  endfacet
  facet normal 0.15643446504023048 0.9876883405951378 0
    outer loop
      vertex -71 6.5 19.3
      vertex -71 6.5 20.400000000000002
      vertex -70.53647450843758 6.4265847744427305 19.3
    endloop
  endfacet
  facet normal 0.4539904997395478 0.8910065241883673 -1.6620616387832074e-18
    outer loop
      vertex -70.11832212156129 6.213525491562422 19.3
      vertex -70.53647450843758 6.4265847744427305 19.3
      vertex -70.53647450843758 6.4265847744427305 20.400000000000002
    endloop
  endfacet
  facet normal -0.4539904997395478 0.8910065241883673 0
    outer loop
      vertex -71.46352549156242 6.4265847744427305 19.3
      vertex -71.88167787843871 6.213525491562422 20.400000000000002
      vertex -71.46352549156242 6.4265847744427305 20.400000000000002
    endloop
  endfacet
  facet normal -0.15643446504023048 0.9876883405951378 0
    outer loop
      vertex -71 6.5 19.3
      vertex -71.46352549156242 6.4265847744427305 20.400000000000002
      vertex -71 6.5 20.400000000000002
    endloop
  endfacet
  facet normal 0.15643446504023048 0.9876883405951378 0
    outer loop
      vertex -70.53647450843758 6.4265847744427305 19.3
      vertex -71 6.5 20.400000000000002
      vertex -70.53647450843758 6.4265847744427305 20.400000000000002
    endloop
  endfacet
  facet normal 0.4539904997395478 0.8910065241883673 0
    outer loop
      vertex -70.11832212156129 6.213525491562422 19.3
      vertex -70.53647450843758 6.4265847744427305 20.400000000000002
      vertex -70.11832212156129 6.213525491562422 20.400000000000002
    endloop
  endfacet
  facet normal 0 0 -1
    outer loop
      vertex -70.11832212156129 3.786474508437579 19.3
      vertex -70.11832212156129 6.213525491562422 19.3
      vertex -69.78647450843758 5.88167787843871 19.3
    endloop
  endfacet
  facet normal 0 0 -1
    outer loop
      vertex -69.78647450843758 4.11832212156129 19.3
      vertex -69.78647450843758 5.88167787843871 19.3
      vertex -69.57341522555727 5.463525491562421 19.3
    endloop
  endfacet
  facet normal 0 0 -1
    outer loop
      vertex -69.57341522555727 4.536474508437579 19.3
      vertex -69.57341522555727 5.463525491562421 19.3
      vertex -69.5 5 19.3
    endloop
  endfacet
  facet normal 0.8910065241883685 0.45399049973954547 8.27757450786992e-19
    outer loop
      vertex -69.57341522555727 5.463525491562421 19.3
      vertex -69.78647450843758 5.88167787843871 19.3
      vertex -69.78647450843758 5.88167787843871 20.400000000000002
    endloop
  endfacet
  facet normal 0.9876883405951378 0.15643446504023079 0
    outer loop
      vertex -69.57341522555727 5.463525491562421 19.3
      vertex -69.57341522555727 5.463525491562421 20.400000000000002
      vertex -69.5 5 19.3
    endloop
  endfacet
  facet normal 0.7071067811865457 0.7071067811865495 0
    outer loop
      vertex -70.11832212156129 6.213525491562422 19.3
      vertex -70.11832212156129 6.213525491562422 20.400000000000002
      vertex -69.78647450843758 5.88167787843871 19.3
    endloop
  endfacet
  facet normal 0.9876883405951378 0.15643446504023079 0
    outer loop
      vertex -69.5 5 19.3
      vertex -69.57341522555727 5.463525491562421 20.400000000000002
      vertex -69.5 5 20.400000000000002
    endloop
  endfacet
  facet normal 0.8910065241883685 0.45399049973954547 0
    outer loop
      vertex -69.57341522555727 5.463525491562421 19.3
      vertex -69.78647450843758 5.88167787843871 20.400000000000002
      vertex -69.57341522555727 5.463525491562421 20.400000000000002
    endloop
  endfacet
  facet normal 0.7071067811865457 0.7071067811865495 0
    outer loop
      vertex -69.78647450843758 5.88167787843871 19.3
      vertex -70.11832212156129 6.213525491562422 20.400000000000002
      vertex -69.78647450843758 5.88167787843871 20.400000000000002
    endloop
  endfacet
  facet normal -0.7071067811865457 -0.7071067811865495 0
    outer loop
      vertex -62.88167787843871 12.786474508437578 19.3
      vertex -62.88167787843871 12.786474508437578 20.400000000000002
      vertex -63.21352549156242 13.11832212156129 19.3
    endloop
  endfacet
  facet normal -0.4539904997395478 -0.8910065241883673 -1.6620616387832074e-18
    outer loop
      vertex -62.88167787843871 12.786474508437578 19.3
      vertex -62.46352549156242 12.57341522555727 19.3
      vertex -62.46352549156242 12.57341522555727 20.400000000000002
    endloop
  endfacet
  facet normal -0.15643446504023048 -0.9876883405951378 5.563315214756035e-18
    outer loop
      vertex -62.46352549156242 12.57341522555727 19.3
      vertex -62 12.5 19.3
      vertex -62 12.5 20.400000000000002
    endloop
  endfacet
  facet normal -0.7071067811865457 -0.7071067811865495 0
    outer loop
      vertex -63.21352549156242 13.11832212156129 19.3
      vertex -62.88167787843871 12.786474508437578 20.400000000000002
      vertex -63.21352549156242 13.11832212156129 20.400000000000002
    endloop
  endfacet
  facet normal -0.4539904997395478 -0.8910065241883673 0
    outer loop
      vertex -62.88167787843871 12.786474508437578 19.3
      vertex -62.46352549156242 12.57341522555727 20.400000000000002
      vertex -62.88167787843871 12.786474508437578 20.400000000000002
    endloop
  endfacet
  facet normal -0.15643446504023048 -0.9876883405951378 0
    outer loop
      vertex -62.46352549156242 12.57341522555727 19.3
      vertex -62 12.5 20.400000000000002
      vertex -62.46352549156242 12.57341522555727 20.400000000000002
    endloop
  endfacet
  facet normal 0 0 -1
    outer loop
      vertex -63.42658477444273 13.536474508437578 19.3
      vertex -63.21352549156242 14.88167787843871 19.3
      vertex -63.21352549156242 13.11832212156129 19.3
    endloop
  endfacet
  facet normal 0 0 -1
    outer loop
      vertex -62.88167787843871 12.786474508437578 19.3
      vertex -63.21352549156242 13.11832212156129 19.3
      vertex -62.88167787843871 15.213525491562422 19.3
    endloop
  endfacet
  facet normal -0.8910065241883681 -0.45399049973954625 -8.963102385064908e-18
    outer loop
      vertex -63.42658477444273 13.536474508437578 19.3
      vertex -63.21352549156242 13.11832212156129 19.3
      vertex -63.21352549156242 13.11832212156129 20.400000000000002
    endloop
  endfacet
  facet normal -0.9876883405951378 -0.15643446504023048 0
    outer loop
      vertex -63.42658477444273 13.536474508437578 19.3
      vertex -63.42658477444273 13.536474508437578 20.400000000000002
      vertex -63.5 14 19.3
    endloop
  endfacet
  facet normal 0 0 -1
    outer loop
      vertex -63.42658477444273 13.536474508437578 19.3
      vertex -63.5 14 19.3
      vertex -63.42658477444273 14.463525491562422 19.3
    endloop
  endfacet
  facet normal 0 0 -1
    outer loop
      vertex -63.42658477444273 13.536474508437578 19.3
      vertex -63.42658477444273 14.463525491562422 19.3
      vertex -63.21352549156242 14.88167787843871 19.3
    endloop
  endfacet
  facet normal 0 0 -1
    outer loop
      vertex -63.21352549156242 13.11832212156129 19.3
      vertex -63.21352549156242 14.88167787843871 19.3
      vertex -62.88167787843871 15.213525491562422 19.3
    endloop
  endfacet
  facet normal -0.9876883405951378 0.15643446504023048 0
    outer loop
      vertex -63.5 14 19.3
      vertex -63.5 14 20.400000000000002
      vertex -63.42658477444273 14.463525491562422 19.3
    endloop
  endfacet
  facet normal -0.8910065241883681 0.45399049973954625 0
    outer loop
      vertex -63.42658477444273 14.463525491562422 19.3
      vertex -63.42658477444273 14.463525491562422 20.400000000000002
      vertex -63.21352549156242 14.88167787843871 19.3
    endloop
  endfacet
  facet normal 0 0 -1
    outer loop
      vertex -62.88167787843871 12.786474508437578 19.3
      vertex -62.46352549156242 15.42658477444273 19.3
      vertex -62.46352549156242 12.57341522555727 19.3
    endloop
  endfacet
  facet normal 0 0 -1
    outer loop
      vertex -62.46352549156242 12.57341522555727 19.3
      vertex -62 15.5 19.3
      vertex -62 12.5 19.3
    endloop
  endfacet
  facet normal 0 0 -1
    outer loop
      vertex -62.88167787843871 12.786474508437578 19.3
      vertex -62.88167787843871 15.213525491562422 19.3
      vertex -62.46352549156242 15.42658477444273 19.3
    endloop
  endfacet
  facet normal 0 0 -1
    outer loop
      vertex -62.46352549156242 12.57341522555727 19.3
      vertex -62.46352549156242 15.42658477444273 19.3
      vertex -62 15.5 19.3
    endloop
  endfacet
  facet normal -0.8910065241883681 -0.45399049973954625 0
    outer loop
      vertex -63.42658477444273 13.536474508437578 19.3
      vertex -63.21352549156242 13.11832212156129 20.400000000000002
      vertex -63.42658477444273 13.536474508437578 20.400000000000002
    endloop
  endfacet
  facet normal -0.9876883405951378 -0.15643446504023048 0
    outer loop
      vertex -63.5 14 19.3
      vertex -63.42658477444273 13.536474508437578 20.400000000000002
      vertex -63.5 14 20.400000000000002
    endloop
  endfacet
  facet normal -0.9876883405951378 0.15643446504023048 0
    outer loop
      vertex -63.42658477444273 14.463525491562422 19.3
      vertex -63.5 14 20.400000000000002
      vertex -63.42658477444273 14.463525491562422 20.400000000000002
    endloop
  endfacet
  facet normal -0.7071067811865457 0.7071067811865495 0
    outer loop
      vertex -63.21352549156242 14.88167787843871 19.3
      vertex -63.21352549156242 14.88167787843871 20.400000000000002
      vertex -62.88167787843871 15.213525491562422 19.3
    endloop
  endfacet
  facet normal -0.4539904997395478 0.8910065241883673 0
    outer loop
      vertex -62.88167787843871 15.213525491562422 19.3
      vertex -62.88167787843871 15.213525491562422 20.400000000000002
      vertex -62.46352549156242 15.42658477444273 19.3
    endloop
  endfacet
  facet normal -0.15643446504023048 0.9876883405951378 0
    outer loop
      vertex -62.46352549156242 15.42658477444273 19.3
      vertex -62.46352549156242 15.42658477444273 20.400000000000002
      vertex -62 15.5 19.3
    endloop
  endfacet
  facet normal -0.8910065241883681 0.45399049973954625 0
    outer loop
      vertex -63.21352549156242 14.88167787843871 19.3
      vertex -63.42658477444273 14.463525491562422 20.400000000000002
      vertex -63.21352549156242 14.88167787843871 20.400000000000002
    endloop
  endfacet
  facet normal -0.7071067811865457 0.7071067811865495 0
    outer loop
      vertex -62.88167787843871 15.213525491562422 19.3
      vertex -63.21352549156242 14.88167787843871 20.400000000000002
      vertex -62.88167787843871 15.213525491562422 20.400000000000002
    endloop
  endfacet
  facet normal -0.4539904997395478 0.8910065241883673 0
    outer loop
      vertex -62.46352549156242 15.42658477444273 19.3
      vertex -62.88167787843871 15.213525491562422 20.400000000000002
      vertex -62.46352549156242 15.42658477444273 20.400000000000002
    endloop
  endfacet
  facet normal -0.15643446504023048 0.9876883405951378 0
    outer loop
      vertex -62 15.5 19.3
      vertex -62.46352549156242 15.42658477444273 20.400000000000002
      vertex -62 15.5 20.400000000000002
    endloop
  endfacet
  facet normal 0.15643446504023048 -0.9876883405951378 -5.563315214756035e-18
    outer loop
      vertex -62 12.5 19.3
      vertex -61.53647450843758 12.57341522555727 19.3
      vertex -61.53647450843758 12.57341522555727 20.400000000000002
    endloop
  endfacet
  facet normal 0.4539904997395478 -0.8910065241883673 1.6620616387832074e-18
    outer loop
      vertex -61.53647450843758 12.57341522555727 19.3
      vertex -61.11832212156129 12.786474508437578 19.3
      vertex -61.11832212156129 12.786474508437578 20.400000000000002
    endloop
  endfacet
  facet normal 0.7071067811865457 -0.7071067811865495 -1.2673756809748196e-17
    outer loop
      vertex -61.11832212156129 12.786474508437578 19.3
      vertex -60.78647450843758 13.11832212156129 19.3
      vertex -60.78647450843758 13.11832212156129 20.400000000000002
    endloop
  endfacet
  facet normal 0.15643446504023048 -0.9876883405951378 0
    outer loop
      vertex -62 12.5 19.3
      vertex -61.53647450843758 12.57341522555727 20.400000000000002
      vertex -62 12.5 20.400000000000002
    endloop
  endfacet
  facet normal 0.4539904997395478 -0.8910065241883673 0
    outer loop
      vertex -61.53647450843758 12.57341522555727 19.3
      vertex -61.11832212156129 12.786474508437578 20.400000000000002
      vertex -61.53647450843758 12.57341522555727 20.400000000000002
    endloop
  endfacet
  facet normal 0.7071067811865457 -0.7071067811865495 0
    outer loop
      vertex -61.11832212156129 12.786474508437578 19.3
      vertex -60.78647450843758 13.11832212156129 20.400000000000002
      vertex -61.11832212156129 12.786474508437578 20.400000000000002
    endloop
  endfacet
  facet normal 0 0 -1
    outer loop
      vertex -62 12.5 19.3
      vertex -61.53647450843758 15.42658477444273 19.3
      vertex -61.53647450843758 12.57341522555727 19.3
    endloop
  endfacet
  facet normal 0 0 -1
    outer loop
      vertex -61.53647450843758 12.57341522555727 19.3
      vertex -61.11832212156129 15.213525491562422 19.3
      vertex -61.11832212156129 12.786474508437578 19.3
    endloop
  endfacet
  facet normal 0 0 -1
    outer loop
      vertex -62 12.5 19.3
      vertex -62 15.5 19.3
      vertex -61.53647450843758 15.42658477444273 19.3
    endloop
  endfacet
  facet normal 0 0 -1
    outer loop
      vertex -61.53647450843758 12.57341522555727 19.3
      vertex -61.53647450843758 15.42658477444273 19.3
      vertex -61.11832212156129 15.213525491562422 19.3
    endloop
  endfacet
  facet normal 0 0 -1
    outer loop
      vertex -61.11832212156129 12.786474508437578 19.3
      vertex -60.78647450843758 14.88167787843871 19.3
      vertex -60.78647450843758 13.11832212156129 19.3
    endloop
  endfacet
  facet normal 0 0 -1
    outer loop
      vertex -60.78647450843758 13.11832212156129 19.3
      vertex -60.57341522555727 14.463525491562422 19.3
      vertex -60.57341522555727 13.536474508437578 19.3
    endloop
  endfacet
  facet normal 0.8910065241883681 -0.45399049973954625 8.963102385064908e-18
    outer loop
      vertex -60.78647450843758 13.11832212156129 19.3
      vertex -60.57341522555727 13.536474508437578 19.3
      vertex -60.57341522555727 13.536474508437578 20.400000000000002
    endloop
  endfacet
  facet normal 0.9876883405951378 -0.15643446504023048 -5.563315214756035e-18
    outer loop
      vertex -60.57341522555727 13.536474508437578 19.3
      vertex -60.5 14 19.3
      vertex -60.5 14 20.400000000000002
    endloop
  endfacet
  facet normal 0 0 -1
    outer loop
      vertex -61.11832212156129 12.786474508437578 19.3
      vertex -61.11832212156129 15.213525491562422 19.3
      vertex -60.78647450843758 14.88167787843871 19.3
    endloop
  endfacet
  facet normal 0 0 -1
    outer loop
      vertex -60.78647450843758 13.11832212156129 19.3
      vertex -60.78647450843758 14.88167787843871 19.3
      vertex -60.57341522555727 14.463525491562422 19.3
    endloop
  endfacet
  facet normal 0 0 -1
    outer loop
      vertex -60.57341522555727 13.536474508437578 19.3
      vertex -60.57341522555727 14.463525491562422 19.3
      vertex -60.5 14 19.3
    endloop
  endfacet
  facet normal 0.9876883405951378 0.15643446504023048 5.563315214756035e-18
    outer loop
      vertex -60.5 14 19.3
      vertex -60.57341522555727 14.463525491562422 19.3
      vertex -60.57341522555727 14.463525491562422 20.400000000000002
    endloop
  endfacet
  facet normal 0.8910065241883681 -0.45399049973954625 0
    outer loop
      vertex -60.78647450843758 13.11832212156129 19.3
      vertex -60.57341522555727 13.536474508437578 20.400000000000002
      vertex -60.78647450843758 13.11832212156129 20.400000000000002
    endloop
  endfacet
  facet normal 0.9876883405951378 -0.15643446504023048 0
    outer loop
      vertex -60.57341522555727 13.536474508437578 19.3
      vertex -60.5 14 20.400000000000002
      vertex -60.57341522555727 13.536474508437578 20.400000000000002
    endloop
  endfacet
  facet normal 0.9876883405951378 0.15643446504023048 0
    outer loop
      vertex -60.5 14 19.3
      vertex -60.57341522555727 14.463525491562422 20.400000000000002
      vertex -60.5 14 20.400000000000002
    endloop
  endfacet
  facet normal 0.8910065241883681 0.45399049973954625 0
    outer loop
      vertex -60.57341522555727 14.463525491562422 19.3
      vertex -60.78647450843758 14.88167787843871 20.400000000000002
      vertex -60.57341522555727 14.463525491562422 20.400000000000002
    endloop
  endfacet
  facet normal 0.15643446504023048 0.9876883405951378 0
    outer loop
      vertex -62 15.5 19.3
      vertex -62 15.5 20.400000000000002
      vertex -61.53647450843758 15.42658477444273 19.3
    endloop
  endfacet
  facet normal 0.4539904997395478 0.8910065241883673 0
    outer loop
      vertex -61.53647450843758 15.42658477444273 19.3
      vertex -61.53647450843758 15.42658477444273 20.400000000000002
      vertex -61.11832212156129 15.213525491562422 19.3
    endloop
  endfacet
  facet normal 0.7071067811865457 0.7071067811865495 0
    outer loop
      vertex -61.11832212156129 15.213525491562422 19.3
      vertex -61.11832212156129 15.213525491562422 20.400000000000002
      vertex -60.78647450843758 14.88167787843871 19.3
    endloop
  endfacet
  facet normal 0.8910065241883681 0.45399049973954625 0
    outer loop
      vertex -60.78647450843758 14.88167787843871 19.3
      vertex -60.78647450843758 14.88167787843871 20.400000000000002
      vertex -60.57341522555727 14.463525491562422 19.3
    endloop
  endfacet
  facet normal 0.15643446504023048 0.9876883405951378 0
    outer loop
      vertex -61.53647450843758 15.42658477444273 19.3
      vertex -62 15.5 20.400000000000002
      vertex -61.53647450843758 15.42658477444273 20.400000000000002
    endloop
  endfacet
  facet normal 0.4539904997395478 0.8910065241883673 0
    outer loop
      vertex -61.11832212156129 15.213525491562422 19.3
      vertex -61.53647450843758 15.42658477444273 20.400000000000002
      vertex -61.11832212156129 15.213525491562422 20.400000000000002
    endloop
  endfacet
  facet normal 0.7071067811865457 0.7071067811865495 0
    outer loop
      vertex -60.78647450843758 14.88167787843871 19.3
      vertex -61.11832212156129 15.213525491562422 20.400000000000002
      vertex -60.78647450843758 14.88167787843871 20.400000000000002
    endloop
  endfacet
  facet normal -0.8910065241883681 -0.45399049973954625 -8.963102385064908e-18
    outer loop
      vertex -63.42658477444273 -4.463525491562422 19.3
      vertex -63.21352549156242 -4.88167787843871 19.3
      vertex -63.21352549156242 -4.88167787843871 20.400000000000002
    endloop
  endfacet
  facet normal -0.7071067811865457 -0.7071067811865495 1.2673756809748196e-17
    outer loop
      vertex -63.21352549156242 -4.88167787843871 19.3
      vertex -62.88167787843871 -5.213525491562422 19.3
      vertex -62.88167787843871 -5.213525491562422 20.400000000000002
    endloop
  endfacet
  facet normal -0.4539904997395478 -0.8910065241883673 -1.6620616387832074e-18
    outer loop
      vertex -62.88167787843871 -5.213525491562422 19.3
      vertex -62.46352549156242 -5.4265847744427305 19.3
      vertex -62.46352549156242 -5.4265847744427305 20.400000000000002
    endloop
  endfacet
  facet normal -0.15643446504023048 -0.9876883405951378 5.563315214756035e-18
    outer loop
      vertex -62.46352549156242 -5.4265847744427305 19.3
      vertex -62 -5.5 19.3
      vertex -62 -5.5 20.400000000000002
    endloop
  endfacet
  facet normal -0.7071067811865457 -0.7071067811865495 0
    outer loop
      vertex -63.21352549156242 -4.88167787843871 19.3
      vertex -62.88167787843871 -5.213525491562422 20.400000000000002
      vertex -63.21352549156242 -4.88167787843871 20.400000000000002
    endloop
  endfacet
  facet normal -0.4539904997395478 -0.8910065241883673 0
    outer loop
      vertex -62.88167787843871 -5.213525491562422 19.3
      vertex -62.46352549156242 -5.4265847744427305 20.400000000000002
      vertex -62.88167787843871 -5.213525491562422 20.400000000000002
    endloop
  endfacet
  facet normal -0.15643446504023048 -0.9876883405951378 0
    outer loop
      vertex -62.46352549156242 -5.4265847744427305 19.3
      vertex -62 -5.5 20.400000000000002
      vertex -62.46352549156242 -5.4265847744427305 20.400000000000002
    endloop
  endfacet
  facet normal 0 0 -1
    outer loop
      vertex -63.42658477444273 -4.463525491562422 19.3
      vertex -63.5 -4 19.3
      vertex -63.42658477444273 -3.5364745084375784 19.3
    endloop
  endfacet
  facet normal 0 0 -1
    outer loop
      vertex -63.42658477444273 -4.463525491562422 19.3
      vertex -63.21352549156242 -3.11832212156129 19.3
      vertex -63.21352549156242 -4.88167787843871 19.3
    endloop
  endfacet
  facet normal 0 0 -1
    outer loop
      vertex -63.21352549156242 -4.88167787843871 19.3
      vertex -62.88167787843871 -2.7864745084375784 19.3
      vertex -62.88167787843871 -5.213525491562422 19.3
    endloop
  endfacet
  facet normal -0.9876883405951378 -0.15643446504023048 0
    outer loop
      vertex -63.42658477444273 -4.463525491562422 19.3
      vertex -63.42658477444273 -4.463525491562422 20.400000000000002
      vertex -63.5 -4 19.3
    endloop
  endfacet
  facet normal 0 0 -1
    outer loop
      vertex -63.42658477444273 -4.463525491562422 19.3
      vertex -63.42658477444273 -3.5364745084375784 19.3
      vertex -63.21352549156242 -3.11832212156129 19.3
    endloop
  endfacet
  facet normal 0 0 -1
    outer loop
      vertex -63.21352549156242 -4.88167787843871 19.3
      vertex -63.21352549156242 -3.11832212156129 19.3
      vertex -62.88167787843871 -2.7864745084375784 19.3
    endloop
  endfacet
  facet normal -0.9876883405951378 0.15643446504023048 0
    outer loop
      vertex -63.5 -4 19.3
      vertex -63.5 -4 20.400000000000002
      vertex -63.42658477444273 -3.5364745084375784 19.3
    endloop
  endfacet
  facet normal -0.8910065241883681 0.45399049973954625 0
    outer loop
      vertex -63.42658477444273 -3.5364745084375784 19.3
      vertex -63.42658477444273 -3.5364745084375784 20.400000000000002
      vertex -63.21352549156242 -3.11832212156129 19.3
    endloop
  endfacet
  facet normal 0 0 -1
    outer loop
      vertex -62.88167787843871 -5.213525491562422 19.3
      vertex -62.46352549156242 -2.5734152255572695 19.3
      vertex -62.46352549156242 -5.4265847744427305 19.3
    endloop
  endfacet
  facet normal 0 0 -1
    outer loop
      vertex -62.46352549156242 -5.4265847744427305 19.3
      vertex -62 -2.5 19.3
      vertex -62 -5.5 19.3
    endloop
  endfacet
  facet normal 0 0 -1
    outer loop
      vertex -62.88167787843871 -5.213525491562422 19.3
      vertex -62.88167787843871 -2.7864745084375784 19.3
      vertex -62.46352549156242 -2.5734152255572695 19.3
    endloop
  endfacet
  facet normal 0 0 -1
    outer loop
      vertex -62.46352549156242 -5.4265847744427305 19.3
      vertex -62.46352549156242 -2.5734152255572695 19.3
      vertex -62 -2.5 19.3
    endloop
  endfacet
  facet normal -0.8910065241883681 -0.45399049973954625 0
    outer loop
      vertex -63.42658477444273 -4.463525491562422 19.3
      vertex -63.21352549156242 -4.88167787843871 20.400000000000002
      vertex -63.42658477444273 -4.463525491562422 20.400000000000002
    endloop
  endfacet
  facet normal -0.9876883405951378 -0.15643446504023048 0
    outer loop
      vertex -63.5 -4 19.3
      vertex -63.42658477444273 -4.463525491562422 20.400000000000002
      vertex -63.5 -4 20.400000000000002
    endloop
  endfacet
  facet normal -0.9876883405951378 0.15643446504023048 0
    outer loop
      vertex -63.42658477444273 -3.5364745084375784 19.3
      vertex -63.5 -4 20.400000000000002
      vertex -63.42658477444273 -3.5364745084375784 20.400000000000002
    endloop
  endfacet
  facet normal -0.8910065241883681 0.45399049973954625 0
    outer loop
      vertex -63.21352549156242 -3.11832212156129 19.3
      vertex -63.42658477444273 -3.5364745084375784 20.400000000000002
      vertex -63.21352549156242 -3.11832212156129 20.400000000000002
    endloop
  endfacet
  facet normal -0.7071067811865457 0.7071067811865495 0
    outer loop
      vertex -63.21352549156242 -3.11832212156129 19.3
      vertex -63.21352549156242 -3.11832212156129 20.400000000000002
      vertex -62.88167787843871 -2.7864745084375784 19.3
    endloop
  endfacet
  facet normal -0.4539904997395478 0.8910065241883673 0
    outer loop
      vertex -62.88167787843871 -2.7864745084375784 19.3
      vertex -62.88167787843871 -2.7864745084375784 20.400000000000002
      vertex -62.46352549156242 -2.5734152255572695 19.3
    endloop
  endfacet
  facet normal -0.15643446504023048 0.9876883405951378 0
    outer loop
      vertex -62.46352549156242 -2.5734152255572695 19.3
      vertex -62.46352549156242 -2.5734152255572695 20.400000000000002
      vertex -62 -2.5 19.3
    endloop
  endfacet
  facet normal -0.7071067811865457 0.7071067811865495 0
    outer loop
      vertex -62.88167787843871 -2.7864745084375784 19.3
      vertex -63.21352549156242 -3.11832212156129 20.400000000000002
      vertex -62.88167787843871 -2.7864745084375784 20.400000000000002
    endloop
  endfacet
  facet normal -0.4539904997395478 0.8910065241883673 0
    outer loop
      vertex -62.46352549156242 -2.5734152255572695 19.3
      vertex -62.88167787843871 -2.7864745084375784 20.400000000000002
      vertex -62.46352549156242 -2.5734152255572695 20.400000000000002
    endloop
  endfacet
  facet normal -0.15643446504023048 0.9876883405951378 0
    outer loop
      vertex -62 -2.5 19.3
      vertex -62.46352549156242 -2.5734152255572695 20.400000000000002
      vertex -62 -2.5 20.400000000000002
    endloop
  endfacet
  facet normal 0.15643446504023048 -0.9876883405951378 -5.563315214756035e-18
    outer loop
      vertex -62 -5.5 19.3
      vertex -61.53647450843758 -5.4265847744427305 19.3
      vertex -61.53647450843758 -5.4265847744427305 20.400000000000002
    endloop
  endfacet
  facet normal 0.4539904997395478 -0.8910065241883673 1.6620616387832074e-18
    outer loop
      vertex -61.53647450843758 -5.4265847744427305 19.3
      vertex -61.11832212156129 -5.213525491562422 19.3
      vertex -61.11832212156129 -5.213525491562422 20.400000000000002
    endloop
  endfacet
  facet normal 0.7071067811865457 -0.7071067811865495 -1.2673756809748196e-17
    outer loop
      vertex -61.11832212156129 -5.213525491562422 19.3
      vertex -60.78647450843758 -4.88167787843871 19.3
      vertex -60.78647450843758 -4.88167787843871 20.400000000000002
    endloop
  endfacet
  facet normal 0.15643446504023048 -0.9876883405951378 0
    outer loop
      vertex -62 -5.5 19.3
      vertex -61.53647450843758 -5.4265847744427305 20.400000000000002
      vertex -62 -5.5 20.400000000000002
    endloop
  endfacet
  facet normal 0.4539904997395478 -0.8910065241883673 0
    outer loop
      vertex -61.53647450843758 -5.4265847744427305 19.3
      vertex -61.11832212156129 -5.213525491562422 20.400000000000002
      vertex -61.53647450843758 -5.4265847744427305 20.400000000000002
    endloop
  endfacet
  facet normal 0.7071067811865457 -0.7071067811865495 0
    outer loop
      vertex -61.11832212156129 -5.213525491562422 19.3
      vertex -60.78647450843758 -4.88167787843871 20.400000000000002
      vertex -61.11832212156129 -5.213525491562422 20.400000000000002
    endloop
  endfacet
  facet normal 0.8910065241883681 -0.45399049973954625 0
    outer loop
      vertex -60.78647450843758 -4.88167787843871 19.3
      vertex -60.57341522555727 -4.463525491562422 20.400000000000002
      vertex -60.78647450843758 -4.88167787843871 20.400000000000002
    endloop
  endfacet
  facet normal 0 0 -1
    outer loop
      vertex -62 -5.5 19.3
      vertex -61.53647450843758 -2.5734152255572695 19.3
      vertex -61.53647450843758 -5.4265847744427305 19.3
    endloop
  endfacet
  facet normal 0 0 -1
    outer loop
      vertex -61.53647450843758 -5.4265847744427305 19.3
      vertex -61.11832212156129 -2.7864745084375784 19.3
      vertex -61.11832212156129 -5.213525491562422 19.3
    endloop
  endfacet
  facet normal 0 0 -1
    outer loop
      vertex -62 -5.5 19.3
      vertex -62 -2.5 19.3
      vertex -61.53647450843758 -2.5734152255572695 19.3
    endloop
  endfacet
  facet normal 0 0 -1
    outer loop
      vertex -61.53647450843758 -5.4265847744427305 19.3
      vertex -61.53647450843758 -2.5734152255572695 19.3
      vertex -61.11832212156129 -2.7864745084375784 19.3
    endloop
  endfacet
  facet normal 0 0 -1
    outer loop
      vertex -61.11832212156129 -5.213525491562422 19.3
      vertex -60.78647450843758 -3.11832212156129 19.3
      vertex -60.78647450843758 -4.88167787843871 19.3
    endloop
  endfacet
  facet normal 0 0 -1
    outer loop
      vertex -60.78647450843758 -4.88167787843871 19.3
      vertex -60.57341522555727 -3.5364745084375784 19.3
      vertex -60.57341522555727 -4.463525491562422 19.3
    endloop
  endfacet
  facet normal 0 0 -1
    outer loop
      vertex -60.57341522555727 -4.463525491562422 19.3
      vertex -60.57341522555727 -3.5364745084375784 19.3
      vertex -60.5 -4 19.3
    endloop
  endfacet
  facet normal 0.8910065241883681 -0.45399049973954625 8.963102385064908e-18
    outer loop
      vertex -60.78647450843758 -4.88167787843871 19.3
      vertex -60.57341522555727 -4.463525491562422 19.3
      vertex -60.57341522555727 -4.463525491562422 20.400000000000002
    endloop
  endfacet
  facet normal 0.9876883405951378 -0.15643446504023048 -5.563315214756035e-18
    outer loop
      vertex -60.57341522555727 -4.463525491562422 19.3
      vertex -60.5 -4 19.3
      vertex -60.5 -4 20.400000000000002
    endloop
  endfacet
  facet normal 0 0 -1
    outer loop
      vertex -61.11832212156129 -5.213525491562422 19.3
      vertex -61.11832212156129 -2.7864745084375784 19.3
      vertex -60.78647450843758 -3.11832212156129 19.3
    endloop
  endfacet
  facet normal 0 0 -1
    outer loop
      vertex -60.78647450843758 -4.88167787843871 19.3
      vertex -60.78647450843758 -3.11832212156129 19.3
      vertex -60.57341522555727 -3.5364745084375784 19.3
    endloop
  endfacet
  facet normal 0.9876883405951378 0.15643446504023048 5.563315214756035e-18
    outer loop
      vertex -60.5 -4 19.3
      vertex -60.57341522555727 -3.5364745084375784 19.3
      vertex -60.57341522555727 -3.5364745084375784 20.400000000000002
    endloop
  endfacet
  facet normal 0.8910065241883681 0.45399049973954625 0
    outer loop
      vertex -60.78647450843758 -3.11832212156129 19.3
      vertex -60.78647450843758 -3.11832212156129 20.400000000000002
      vertex -60.57341522555727 -3.5364745084375784 19.3
    endloop
  endfacet
  facet normal 0.9876883405951378 -0.15643446504023048 0
    outer loop
      vertex -60.57341522555727 -4.463525491562422 19.3
      vertex -60.5 -4 20.400000000000002
      vertex -60.57341522555727 -4.463525491562422 20.400000000000002
    endloop
  endfacet
  facet normal 0.9876883405951378 0.15643446504023048 0
    outer loop
      vertex -60.5 -4 19.3
      vertex -60.57341522555727 -3.5364745084375784 20.400000000000002
      vertex -60.5 -4 20.400000000000002
    endloop
  endfacet
  facet normal 0.8910065241883681 0.45399049973954625 0
    outer loop
      vertex -60.57341522555727 -3.5364745084375784 19.3
      vertex -60.78647450843758 -3.11832212156129 20.400000000000002
      vertex -60.57341522555727 -3.5364745084375784 20.400000000000002
    endloop
  endfacet
  facet normal 0.15643446504023048 0.9876883405951378 0
    outer loop
      vertex -62 -2.5 19.3
      vertex -62 -2.5 20.400000000000002
      vertex -61.53647450843758 -2.5734152255572695 19.3
    endloop
  endfacet
  facet normal 0.4539904997395478 0.8910065241883673 0
    outer loop
      vertex -61.53647450843758 -2.5734152255572695 19.3
      vertex -61.53647450843758 -2.5734152255572695 20.400000000000002
      vertex -61.11832212156129 -2.7864745084375784 19.3
    endloop
  endfacet
  facet normal 0.7071067811865457 0.7071067811865495 1.2673756809748196e-17
    outer loop
      vertex -60.78647450843758 -3.11832212156129 19.3
      vertex -61.11832212156129 -2.7864745084375784 19.3
      vertex -61.11832212156129 -2.7864745084375784 20.400000000000002
    endloop
  endfacet
  facet normal 0.15643446504023048 0.9876883405951378 0
    outer loop
      vertex -61.53647450843758 -2.5734152255572695 19.3
      vertex -62 -2.5 20.400000000000002
      vertex -61.53647450843758 -2.5734152255572695 20.400000000000002
    endloop
  endfacet
  facet normal 0.4539904997395478 0.8910065241883673 0
    outer loop
      vertex -61.11832212156129 -2.7864745084375784 19.3
      vertex -61.53647450843758 -2.5734152255572695 20.400000000000002
      vertex -61.11832212156129 -2.7864745084375784 20.400000000000002
    endloop
  endfacet
  facet normal 0.7071067811865457 0.7071067811865495 0
    outer loop
      vertex -60.78647450843758 -3.11832212156129 19.3
      vertex -61.11832212156129 -2.7864745084375784 20.400000000000002
      vertex -60.78647450843758 -3.11832212156129 20.400000000000002
    endloop
  endfacet
  facet normal 0 0 -1
    outer loop
      vertex -63.21352549156242 4.11832212156129 19.1
      vertex -63.19858497903119 4.1291770393054295 19.1
      vertex -62.88167787843871 3.786474508437579 19.1
    endloop
  endfacet
  facet normal 0 0 -1
    outer loop
      vertex -62.88167787843871 3.786474508437579 19.1
      vertex -63.19858497903119 4.1291770393054295 19.1
      vertex -62.87082296069457 3.8014150209688133 19.1
    endloop
  endfacet
  facet normal -0.7071067811865451 -0.7071067811865499 2.060171669119213e-18
    outer loop
      vertex -63.21352549156242 4.11832212156129 19.1
      vertex -62.88167787843871 3.786474508437579 19.1
      vertex -62.88167787843871 3.786474508437579 20.400000000000002
    endloop
  endfacet
  facet normal 0 0 -1
    outer loop
      vertex -63.21352549156242 4.11832212156129 19.1
      vertex -63.40902114858763 4.542181276415167 19.1
      vertex -63.19858497903119 4.1291770393054295 19.1
    endloop
  endfacet
  facet normal 0 0 -1
    outer loop
      vertex -63.42658477444273 4.536474508437579 19.1
      vertex -63.40902114858763 4.542181276415167 19.1
      vertex -63.21352549156242 4.11832212156129 19.1
    endloop
  endfacet
  facet normal 0 0 -1
    outer loop
      vertex -63.42658477444273 4.536474508437579 19.1
      vertex -63.481532510892706 5 19.1
      vertex -63.40902114858763 4.542181276415167 19.1
    endloop
  endfacet
  facet normal 0 0 -1
    outer loop
      vertex -63.42658477444273 4.536474508437579 19.1
      vertex -63.5 5 19.1
      vertex -63.481532510892706 5 19.1
    endloop
  endfacet
  facet normal -0.8910065241883685 -0.4539904997395455 7.004101506659168e-19
    outer loop
      vertex -63.42658477444273 4.536474508437579 19.1
      vertex -63.21352549156242 4.11832212156129 19.1
      vertex -63.21352549156242 4.11832212156129 20.400000000000002
    endloop
  endfacet
  facet normal -0.9876883405951377 -0.15643446504023079 0
    outer loop
      vertex -63.42658477444273 4.536474508437579 19.1
      vertex -63.42658477444273 4.536474508437579 20.400000000000002
      vertex -63.5 5 19.1
    endloop
  endfacet
  facet normal 0 0 -1
    outer loop
      vertex -62.46352549156242 3.5734152255572695 19.1
      vertex -62.88167787843871 3.786474508437579 19.1
      vertex -62.87082296069457 3.8014150209688133 19.1
    endloop
  endfacet
  facet normal 0 0 -1
    outer loop
      vertex -62.46352549156242 3.5734152255572695 19.1
      vertex -62.87082296069457 3.8014150209688133 19.1
      vertex -62.457818723584836 3.5909788514123706 19.1
    endloop
  endfacet
  facet normal 0 0 -1
    outer loop
      vertex -62.46352549156242 3.5734152255572695 19.1
      vertex -62.457818723584836 3.5909788514123706 19.1
      vertex -62 3.5 19.1
    endloop
  endfacet
  facet normal 0 0 -1
    outer loop
      vertex -62 3.5 19.1
      vertex -62.457818723584836 3.5909788514123706 19.1
      vertex -62 3.5184674891072936 19.1
    endloop
  endfacet
  facet normal -0.4539904997395486 -0.8910065241883669 0
    outer loop
      vertex -62.46352549156242 3.5734152255572695 19.1
      vertex -62.46352549156242 3.5734152255572695 20.400000000000002
      vertex -62.88167787843871 3.786474508437579 19.1
    endloop
  endfacet
  facet normal -0.1564344650402305 -0.9876883405951379 4.707420566332034e-18
    outer loop
      vertex -62.46352549156242 3.5734152255572695 19.1
      vertex -62 3.5 19.1
      vertex -62 3.5 20.400000000000002
    endloop
  endfacet
  facet normal -0.7071067811865451 -0.7071067811865499 0
    outer loop
      vertex -63.21352549156242 4.11832212156129 19.1
      vertex -62.88167787843871 3.786474508437579 20.400000000000002
      vertex -63.21352549156242 4.11832212156129 20.400000000000002
    endloop
  endfacet
  facet normal -0.8910065241883685 -0.4539904997395455 0
    outer loop
      vertex -63.42658477444273 4.536474508437579 19.1
      vertex -63.21352549156242 4.11832212156129 20.400000000000002
      vertex -63.42658477444273 4.536474508437579 20.400000000000002
    endloop
  endfacet
  facet normal -0.9876883405951377 -0.15643446504023079 0
    outer loop
      vertex -63.5 5 19.1
      vertex -63.42658477444273 4.536474508437579 20.400000000000002
      vertex -63.5 5 20.400000000000002
    endloop
  endfacet
  facet normal -0.4539904997395486 -0.8910065241883669 0
    outer loop
      vertex -62.88167787843871 3.786474508437579 19.1
      vertex -62.46352549156242 3.5734152255572695 20.400000000000002
      vertex -62.88167787843871 3.786474508437579 20.400000000000002
    endloop
  endfacet
  facet normal -0.1564344650402305 -0.9876883405951379 0
    outer loop
      vertex -62.46352549156242 3.5734152255572695 19.1
      vertex -62 3.5 20.400000000000002
      vertex -62.46352549156242 3.5734152255572695 20.400000000000002
    endloop
  endfacet
  facet normal 0 0 -1
    outer loop
      vertex -63.5 5 19.1
      vertex -63.40902114858763 5.457818723584833 19.1
      vertex -63.481532510892706 5 19.1
    endloop
  endfacet
  facet normal 0 0 -1
    outer loop
      vertex -63.5 5 19.1
      vertex -63.42658477444273 5.463525491562421 19.1
      vertex -63.40902114858763 5.457818723584833 19.1
    endloop
  endfacet
  facet normal 0 0 -1
    outer loop
      vertex -63.42658477444273 5.463525491562421 19.1
      vertex -63.19858497903119 5.8708229606945705 19.1
      vertex -63.40902114858763 5.457818723584833 19.1
    endloop
  endfacet
  facet normal 0 0 -1
    outer loop
      vertex -63.42658477444273 5.463525491562421 19.1
      vertex -63.21352549156242 5.88167787843871 19.1
      vertex -63.19858497903119 5.8708229606945705 19.1
    endloop
  endfacet
  facet normal -0.9876883405951377 0.15643446504023079 0
    outer loop
      vertex -63.5 5 19.1
      vertex -63.5 5 20.400000000000002
      vertex -63.42658477444273 5.463525491562421 19.1
    endloop
  endfacet
  facet normal -0.8910065241883685 0.4539904997395455 0
    outer loop
      vertex -63.42658477444273 5.463525491562421 19.1
      vertex -63.42658477444273 5.463525491562421 20.400000000000002
      vertex -63.21352549156242 5.88167787843871 19.1
    endloop
  endfacet
  facet normal 0 0 -1
    outer loop
      vertex -63.21352549156242 5.88167787843871 19.1
      vertex -62.87082296069457 6.198584979031187 19.1
      vertex -63.19858497903119 5.8708229606945705 19.1
    endloop
  endfacet
  facet normal 0 0 -1
    outer loop
      vertex -63.21352549156242 5.88167787843871 19.1
      vertex -62.88167787843871 6.213525491562422 19.1
      vertex -62.87082296069457 6.198584979031187 19.1
    endloop
  endfacet
  facet normal -0.7071067811865457 0.7071067811865495 0
    outer loop
      vertex -63.21352549156242 5.88167787843871 19.1
      vertex -63.21352549156242 5.88167787843871 20.400000000000002
      vertex -62.88167787843871 6.213525491562422 19.1
    endloop
  endfacet
  facet normal 0 0 -1
    outer loop
      vertex -62.88167787843871 6.213525491562422 19.1
      vertex -62.457818723584836 6.409021148587629 19.1
      vertex -62.87082296069457 6.198584979031187 19.1
    endloop
  endfacet
  facet normal 0 0 -1
    outer loop
      vertex -62.88167787843871 6.213525491562422 19.1
      vertex -62.46352549156242 6.4265847744427305 19.1
      vertex -62.457818723584836 6.409021148587629 19.1
    endloop
  endfacet
  facet normal 0 0 -1
    outer loop
      vertex -62.46352549156242 6.4265847744427305 19.1
      vertex -62 6.481532510892706 19.1
      vertex -62.457818723584836 6.409021148587629 19.1
    endloop
  endfacet
  facet normal 0 0 -1
    outer loop
      vertex -62.46352549156242 6.4265847744427305 19.1
      vertex -62 6.5 19.1
      vertex -62 6.481532510892706 19.1
    endloop
  endfacet
  facet normal -0.4539904997395479 0.8910065241883673 0
    outer loop
      vertex -62.88167787843871 6.213525491562422 19.1
      vertex -62.88167787843871 6.213525491562422 20.400000000000002
      vertex -62.46352549156242 6.4265847744427305 19.1
    endloop
  endfacet
  facet normal -0.1564344650402305 0.9876883405951379 0
    outer loop
      vertex -62.46352549156242 6.4265847744427305 19.1
      vertex -62.46352549156242 6.4265847744427305 20.400000000000002
      vertex -62 6.5 19.1
    endloop
  endfacet
  facet normal -0.9876883405951377 0.15643446504023079 0
    outer loop
      vertex -63.42658477444273 5.463525491562421 19.1
      vertex -63.5 5 20.400000000000002
      vertex -63.42658477444273 5.463525491562421 20.400000000000002
    endloop
  endfacet
  facet normal -0.8910065241883685 0.4539904997395455 0
    outer loop
      vertex -63.21352549156242 5.88167787843871 19.1
      vertex -63.42658477444273 5.463525491562421 20.400000000000002
      vertex -63.21352549156242 5.88167787843871 20.400000000000002
    endloop
  endfacet
  facet normal -0.7071067811865457 0.7071067811865495 0
    outer loop
      vertex -62.88167787843871 6.213525491562422 19.1
      vertex -63.21352549156242 5.88167787843871 20.400000000000002
      vertex -62.88167787843871 6.213525491562422 20.400000000000002
    endloop
  endfacet
  facet normal -0.4539904997395479 0.8910065241883673 0
    outer loop
      vertex -62.46352549156242 6.4265847744427305 19.1
      vertex -62.88167787843871 6.213525491562422 20.400000000000002
      vertex -62.46352549156242 6.4265847744427305 20.400000000000002
    endloop
  endfacet
  facet normal -0.1564344650402305 0.9876883405951379 0
    outer loop
      vertex -62 6.5 19.1
      vertex -62.46352549156242 6.4265847744427305 20.400000000000002
      vertex -62 6.5 20.400000000000002
    endloop
  endfacet
  facet normal 0 0 -1
    outer loop
      vertex -62 3.5 19.1
      vertex -62 3.5184674891072936 19.1
      vertex -61.53647450843758 3.5734152255572695 19.1
    endloop
  endfacet
  facet normal 0 0 -1
    outer loop
      vertex -61.53647450843758 3.5734152255572695 19.1
      vertex -62 3.5184674891072936 19.1
      vertex -61.542181276415164 3.5909788514123706 19.1
    endloop
  endfacet
  facet normal 0 0 -1
    outer loop
      vertex -61.53647450843758 3.5734152255572695 19.1
      vertex -61.542181276415164 3.5909788514123706 19.1
      vertex -61.11832212156129 3.786474508437579 19.1
    endloop
  endfacet
  facet normal 0 0 -1
    outer loop
      vertex -61.11832212156129 3.786474508437579 19.1
      vertex -61.542181276415164 3.5909788514123706 19.1
      vertex -61.12917703930543 3.8014150209688133 19.1
    endloop
  endfacet
  facet normal 0.1564344650402305 -0.9876883405951379 -4.707420566332034e-18
    outer loop
      vertex -62 3.5 19.1
      vertex -61.53647450843758 3.5734152255572695 19.1
      vertex -61.53647450843758 3.5734152255572695 20.400000000000002
    endloop
  endfacet
  facet normal 0.4539904997395486 -0.8910065241883669 1.0070136248868964e-17
    outer loop
      vertex -61.53647450843758 3.5734152255572695 19.1
      vertex -61.11832212156129 3.786474508437579 19.1
      vertex -61.11832212156129 3.786474508437579 20.400000000000002
    endloop
  endfacet
  facet normal 0 0 -1
    outer loop
      vertex -61.11832212156129 3.786474508437579 19.1
      vertex -61.12917703930543 3.8014150209688133 19.1
      vertex -60.78647450843758 4.11832212156129 19.1
    endloop
  endfacet
  facet normal 0 0 -1
    outer loop
      vertex -60.78647450843758 4.11832212156129 19.1
      vertex -61.12917703930543 3.8014150209688133 19.1
      vertex -60.80141502096881 4.1291770393054295 19.1
    endloop
  endfacet
  facet normal 0.7071067811865451 -0.7071067811865499 -2.060171669119213e-18
    outer loop
      vertex -61.11832212156129 3.786474508437579 19.1
      vertex -60.78647450843758 4.11832212156129 19.1
      vertex -60.78647450843758 4.11832212156129 20.400000000000002
    endloop
  endfacet
  facet normal 0 0 -1
    outer loop
      vertex -60.78647450843758 4.11832212156129 19.1
      vertex -60.80141502096881 4.1291770393054295 19.1
      vertex -60.57341522555727 4.536474508437579 19.1
    endloop
  endfacet
  facet normal 0 0 -1
    outer loop
      vertex -60.57341522555727 4.536474508437579 19.1
      vertex -60.80141502096881 4.1291770393054295 19.1
      vertex -60.59097885141237 4.542181276415167 19.1
    endloop
  endfacet
  facet normal 0 0 -1
    outer loop
      vertex -60.57341522555727 4.536474508437579 19.1
      vertex -60.59097885141237 4.542181276415167 19.1
      vertex -60.5 5 19.1
    endloop
  endfacet
  facet normal 0 0 -1
    outer loop
      vertex -60.5 5 19.1
      vertex -60.59097885141237 4.542181276415167 19.1
      vertex -60.518467489107294 5 19.1
    endloop
  endfacet
  facet normal 0.8910065241883685 -0.4539904997395455 -7.004101506659168e-19
    outer loop
      vertex -60.78647450843758 4.11832212156129 19.1
      vertex -60.57341522555727 4.536474508437579 19.1
      vertex -60.57341522555727 4.536474508437579 20.400000000000002
    endloop
  endfacet
  facet normal 0.9876883405951377 -0.15643446504023079 2.1490920127863244e-18
    outer loop
      vertex -60.57341522555727 4.536474508437579 19.1
      vertex -60.5 5 19.1
      vertex -60.5 5 20.400000000000002
    endloop
  endfacet
  facet normal 0.1564344650402305 -0.9876883405951379 0
    outer loop
      vertex -62 3.5 19.1
      vertex -61.53647450843758 3.5734152255572695 20.400000000000002
      vertex -62 3.5 20.400000000000002
    endloop
  endfacet
  facet normal 0.4539904997395486 -0.8910065241883669 0
    outer loop
      vertex -61.53647450843758 3.5734152255572695 19.1
      vertex -61.11832212156129 3.786474508437579 20.400000000000002
      vertex -61.53647450843758 3.5734152255572695 20.400000000000002
    endloop
  endfacet
  facet normal 0.7071067811865451 -0.7071067811865499 0
    outer loop
      vertex -61.11832212156129 3.786474508437579 19.1
      vertex -60.78647450843758 4.11832212156129 20.400000000000002
      vertex -61.11832212156129 3.786474508437579 20.400000000000002
    endloop
  endfacet
  facet normal 0.8910065241883685 -0.4539904997395455 0
    outer loop
      vertex -60.78647450843758 4.11832212156129 19.1
      vertex -60.57341522555727 4.536474508437579 20.400000000000002
      vertex -60.78647450843758 4.11832212156129 20.400000000000002
    endloop
  endfacet
  facet normal 0.9876883405951377 -0.15643446504023079 0
    outer loop
      vertex -60.57341522555727 4.536474508437579 19.1
      vertex -60.5 5 20.400000000000002
      vertex -60.57341522555727 4.536474508437579 20.400000000000002
    endloop
  endfacet
  facet normal 0 0 -1
    outer loop
      vertex -62 6.5 19.1
      vertex -61.542181276415164 6.409021148587629 19.1
      vertex -62 6.481532510892706 19.1
    endloop
  endfacet
  facet normal 0 0 -1
    outer loop
      vertex -62 6.5 19.1
      vertex -61.53647450843758 6.4265847744427305 19.1
      vertex -61.542181276415164 6.409021148587629 19.1
    endloop
  endfacet
  facet normal 0 0 -1
    outer loop
      vertex -61.53647450843758 6.4265847744427305 19.1
      vertex -61.12917703930543 6.198584979031187 19.1
      vertex -61.542181276415164 6.409021148587629 19.1
    endloop
  endfacet
  facet normal 0 0 -1
    outer loop
      vertex -61.11832212156129 6.213525491562422 19.1
      vertex -61.12917703930543 6.198584979031187 19.1
      vertex -61.53647450843758 6.4265847744427305 19.1
    endloop
  endfacet
  facet normal 0.1564344650402305 0.9876883405951379 0
    outer loop
      vertex -62 6.5 19.1
      vertex -62 6.5 20.400000000000002
      vertex -61.53647450843758 6.4265847744427305 19.1
    endloop
  endfacet
  facet normal 0.4539904997395479 0.8910065241883673 -1.4063598482011767e-18
    outer loop
      vertex -61.11832212156129 6.213525491562422 19.1
      vertex -61.53647450843758 6.4265847744427305 19.1
      vertex -61.53647450843758 6.4265847744427305 20.400000000000002
    endloop
  endfacet
  facet normal 0 0 -1
    outer loop
      vertex -60.5 5 19.1
      vertex -60.518467489107294 5 19.1
      vertex -60.57341522555727 5.463525491562421 19.1
    endloop
  endfacet
  facet normal 0 0 -1
    outer loop
      vertex -60.57341522555727 5.463525491562421 19.1
      vertex -60.518467489107294 5 19.1
      vertex -60.59097885141237 5.457818723584833 19.1
    endloop
  endfacet
  facet normal 0 0 -1
    outer loop
      vertex -60.78647450843758 5.88167787843871 19.1
      vertex -60.57341522555727 5.463525491562421 19.1
      vertex -60.59097885141237 5.457818723584833 19.1
    endloop
  endfacet
  facet normal 0 0 -1
    outer loop
      vertex -60.78647450843758 5.88167787843871 19.1
      vertex -60.59097885141237 5.457818723584833 19.1
      vertex -60.80141502096881 5.8708229606945705 19.1
    endloop
  endfacet
  facet normal 0.9876883405951377 0.15643446504023079 -2.1490920127863244e-18
    outer loop
      vertex -60.5 5 19.1
      vertex -60.57341522555727 5.463525491562421 19.1
      vertex -60.57341522555727 5.463525491562421 20.400000000000002
    endloop
  endfacet
  facet normal 0.8910065241883685 0.4539904997395455 0
    outer loop
      vertex -60.78647450843758 5.88167787843871 19.1
      vertex -60.78647450843758 5.88167787843871 20.400000000000002
      vertex -60.57341522555727 5.463525491562421 19.1
    endloop
  endfacet
  facet normal 0 0 -1
    outer loop
      vertex -61.11832212156129 6.213525491562422 19.1
      vertex -60.80141502096881 5.8708229606945705 19.1
      vertex -61.12917703930543 6.198584979031187 19.1
    endloop
  endfacet
  facet normal 0 0 -1
    outer loop
      vertex -61.11832212156129 6.213525491562422 19.1
      vertex -60.78647450843758 5.88167787843871 19.1
      vertex -60.80141502096881 5.8708229606945705 19.1
    endloop
  endfacet
  facet normal 0.7071067811865457 0.7071067811865495 0
    outer loop
      vertex -61.11832212156129 6.213525491562422 19.1
      vertex -61.11832212156129 6.213525491562422 20.400000000000002
      vertex -60.78647450843758 5.88167787843871 19.1
    endloop
  endfacet
  facet normal 0.1564344650402305 0.9876883405951379 0
    outer loop
      vertex -61.53647450843758 6.4265847744427305 19.1
      vertex -62 6.5 20.400000000000002
      vertex -61.53647450843758 6.4265847744427305 20.400000000000002
    endloop
  endfacet
  facet normal 0.4539904997395479 0.8910065241883673 0
    outer loop
      vertex -61.11832212156129 6.213525491562422 19.1
      vertex -61.53647450843758 6.4265847744427305 20.400000000000002
      vertex -61.11832212156129 6.213525491562422 20.400000000000002
    endloop
  endfacet
  facet normal 0.9876883405951377 0.15643446504023079 0
    outer loop
      vertex -60.5 5 19.1
      vertex -60.57341522555727 5.463525491562421 20.400000000000002
      vertex -60.5 5 20.400000000000002
    endloop
  endfacet
  facet normal 0.8910065241883685 0.4539904997395455 0
    outer loop
      vertex -60.57341522555727 5.463525491562421 19.1
      vertex -60.78647450843758 5.88167787843871 20.400000000000002
      vertex -60.57341522555727 5.463525491562421 20.400000000000002
    endloop
  endfacet
  facet normal 0.7071067811865457 0.7071067811865495 0
    outer loop
      vertex -60.78647450843758 5.88167787843871 19.1
      vertex -61.11832212156129 6.213525491562422 20.400000000000002
      vertex -60.78647450843758 5.88167787843871 20.400000000000002
    endloop
  endfacet
  facet normal -0.5744951728077452 -0.5744951728077418 -0.5830185184376239
    outer loop
      vertex -62.85809210422653 4.37655959333382 18.03933982822018
      vertex -62.78558074192145 3.9187408697489863 18.41901425039068
      vertex -63.08125913025101 4.214419258078551 18.41901425039068
    endloop
  endfacet
  facet normal -0.5279657663920233 -0.26901199443855833 -0.8055337959181307
    outer loop
      vertex -62.85809210422653 4.37655959333382 18.03933982822018
      vertex -63.008747767945934 4.672237981663384 18.03933982822018
      vertex -62.647655934670084 4.789563830443558 17.76349021371745
    endloop
  endfacet
  facet normal -0.585254560480108 -0.09269521600903055 -0.8055337959181321
    outer loop
      vertex -63.008747767945934 4.672237981663384 18.03933982822018
      vertex -63.06066017177982 5 18.03933982822018
      vertex -62.68098574960932 5 17.76349021371745
    endloop
  endfacet
  facet normal -0.7239061492628829 -0.36884860609494563 -0.5830185184376225
    outer loop
      vertex -62.85809210422653 4.37655959333382 18.03933982822018
      vertex -63.08125913025101 4.214419258078551 18.41901425039068
      vertex -63.27109634133626 4.586995762890263 18.41901425039068
    endloop
  endfacet
  facet normal -0.7239061492628831 -0.36884860609494063 -0.5830185184376255
    outer loop
      vertex -62.85809210422653 4.37655959333382 18.03933982822018
      vertex -63.27109634133626 4.586995762890263 18.41901425039068
      vertex -63.008747767945934 4.672237981663384 18.03933982822018
    endloop
  endfacet
  facet normal -0.8024561480774409 -0.12709656789824156 -0.5830185184376256
    outer loop
      vertex -63.008747767945934 4.672237981663384 18.03933982822018
      vertex -63.27109634133626 4.586995762890263 18.41901425039068
      vertex -63.336509786282555 5 18.41901425039068
    endloop
  endfacet
  facet normal -0.8024561480774395 -0.12709656789823692 -0.5830185184376285
    outer loop
      vertex -63.008747767945934 4.672237981663384 18.03933982822018
      vertex -63.336509786282555 5 18.41901425039068
      vertex -63.06066017177982 5 18.03933982822018
    endloop
  endfacet
  facet normal -0.0926952160090259 -0.5852545604801105 -0.8055337959181308
    outer loop
      vertex -62.327762018336614 3.991252232054064 18.03933982822018
      vertex -62.210436169556445 4.352344065329916 17.76349021371745
      vertex -62 3.9393398282201786 18.03933982822018
    endloop
  endfacet
  facet normal -0.3688486060949483 -0.7239061492628762 -0.5830185184376292
    outer loop
      vertex -62.62344040666618 4.141907895773473 18.03933982822018
      vertex -62.41300423710974 3.728903658663736 18.41901425039068
      vertex -62.78558074192145 3.9187408697489863 18.41901425039068
    endloop
  endfacet
  facet normal -0.5744951728077331 -0.5744951728077461 -0.5830185184376315
    outer loop
      vertex -62.85809210422653 4.37655959333382 18.03933982822018
      vertex -62.62344040666618 4.141907895773473 18.03933982822018
      vertex -62.78558074192145 3.9187408697489863 18.41901425039068
    endloop
  endfacet
  facet normal -0.36884860609494796 -0.7239061492628761 -0.5830185184376292
    outer loop
      vertex -62.62344040666618 4.141907895773473 18.03933982822018
      vertex -62.327762018336614 3.991252232054064 18.03933982822018
      vertex -62.41300423710974 3.728903658663736 18.41901425039068
    endloop
  endfacet
  facet normal -0.12709656789822812 -0.8024561480774414 -0.5830185184376279
    outer loop
      vertex -62.327762018336614 3.991252232054064 18.03933982822018
      vertex -62 3.663490213717448 18.41901425039068
      vertex -62.41300423710974 3.728903658663736 18.41901425039068
    endloop
  endfacet
  facet normal -0.1270965678982304 -0.8024561480774419 -0.5830185184376265
    outer loop
      vertex -62.327762018336614 3.991252232054064 18.03933982822018
      vertex -62 3.9393398282201786 18.03933982822018
      vertex -62 3.663490213717448 18.41901425039068
    endloop
  endfacet
  facet normal -0.4189960045356748 -0.4189960045356843 -0.8055337959181312
    outer loop
      vertex -62.85809210422653 4.37655959333382 18.03933982822018
      vertex -62.550929044361105 4.599726619358307 17.76349021371745
      vertex -62.62344040666618 4.141907895773473 18.03933982822018
    endloop
  endfacet
  facet normal -0.5279657663920219 -0.26901199443855955 -0.8055337959181312
    outer loop
      vertex -62.85809210422653 4.37655959333382 18.03933982822018
      vertex -62.647655934670084 4.789563830443558 17.76349021371745
      vertex -62.550929044361105 4.599726619358307 17.76349021371745
    endloop
  endfacet
  facet normal -0.26901199443856433 -0.5279657663920196 -0.8055337959181311
    outer loop
      vertex -62.62344040666618 4.141907895773473 18.03933982822018
      vertex -62.40027338064169 4.449070955638898 17.76349021371745
      vertex -62.327762018336614 3.991252232054064 18.03933982822018
    endloop
  endfacet
  facet normal -0.41899600453567637 -0.4189960045356838 -0.8055337959181308
    outer loop
      vertex -62.62344040666618 4.141907895773473 18.03933982822018
      vertex -62.550929044361105 4.599726619358307 17.76349021371745
      vertex -62.40027338064169 4.449070955638898 17.76349021371745
    endloop
  endfacet
  facet normal -0.2784349668420364 -0.14186970163515183 -0.9499194476362862
    outer loop
      vertex -62.647655934670084 4.789563830443558 17.76349021371745
      vertex -62.223167026024484 4.927488637694923 17.618467489107296
      vertex -62.550929044361105 4.599726619358307 17.76349021371745
    endloop
  endfacet
  facet normal -0.3086475383717098 -0.048884967622548986 -0.9499194476362859
    outer loop
      vertex -62.647655934670084 4.789563830443558 17.76349021371745
      vertex -62.68098574960932 5 17.76349021371745
      vertex -62.234651697560345 5 17.618467489107296
    endloop
  endfacet
  facet normal -0.5852545604801119 -0.09269521600902474 -0.8055337959181299
    outer loop
      vertex -63.008747767945934 4.672237981663384 18.03933982822018
      vertex -62.68098574960932 5 17.76349021371745
      vertex -62.647655934670084 4.789563830443558 17.76349021371745
    endloop
  endfacet
  facet normal -0.14186970163515755 -0.278434966842036 -0.9499194476362854
    outer loop
      vertex -62.210436169556445 4.352344065329916 17.76349021371745
      vertex -62.40027338064169 4.449070955638898 17.76349021371745
      vertex -62.137924807251366 4.81016278891475 17.618467489107296
    endloop
  endfacet
  facet normal -0.04888496762254847 -0.30864753837171044 -0.9499194476362856
    outer loop
      vertex -62.210436169556445 4.352344065329916 17.76349021371745
      vertex -62.07251136230508 4.776832973975513 17.618467489107296
      vertex -62 4.31901425039068 17.76349021371745
    endloop
  endfacet
  facet normal -0.2690119944385695 -0.5279657663920194 -0.8055337959181293
    outer loop
      vertex -62.327762018336614 3.991252232054064 18.03933982822018
      vertex -62.40027338064169 4.449070955638898 17.76349021371745
      vertex -62.210436169556445 4.352344065329916 17.76349021371745
    endloop
  endfacet
  facet normal -0.09269521600902325 -0.5852545604801097 -0.8055337959181316
    outer loop
      vertex -62.210436169556445 4.352344065329916 17.76349021371745
      vertex -62 4.31901425039068 17.76349021371745
      vertex -62 3.9393398282201786 18.03933982822018
    endloop
  endfacet
  facet normal -0.2784349668420353 -0.14186970163515314 -0.9499194476362863
    outer loop
      vertex -62.550929044361105 4.599726619358307 17.76349021371745
      vertex -62.223167026024484 4.927488637694923 17.618467489107296
      vertex -62.18983721108525 4.862075192748635 17.618467489107296
    endloop
  endfacet
  facet normal -0.2209672407873873 -0.22096724078737215 -0.9499194476362848
    outer loop
      vertex -62.40027338064169 4.449070955638898 17.76349021371745
      vertex -62.18983721108525 4.862075192748635 17.618467489107296
      vertex -62.137924807251366 4.81016278891475 17.618467489107296
    endloop
  endfacet
  facet normal -0.2209672407873749 -0.2209672407873788 -0.949919447636286
    outer loop
      vertex -62.550929044361105 4.599726619358307 17.76349021371745
      vertex -62.18983721108525 4.862075192748635 17.618467489107296
      vertex -62.40027338064169 4.449070955638898 17.76349021371745
    endloop
  endfacet
  facet normal -0.3086475383717066 -0.04888496762255559 -0.9499194476362866
    outer loop
      vertex -62.647655934670084 4.789563830443558 17.76349021371745
      vertex -62.234651697560345 5 17.618467489107296
      vertex -62.223167026024484 4.927488637694923 17.618467489107296
    endloop
  endfacet
  facet normal -0.1418697016351555 -0.2784349668420364 -0.9499194476362857
    outer loop
      vertex -62.210436169556445 4.352344065329916 17.76349021371745
      vertex -62.137924807251366 4.81016278891475 17.618467489107296
      vertex -62.07251136230508 4.776832973975513 17.618467489107296
    endloop
  endfacet
  facet normal -0.04888496762255136 -0.30864753837171083 -0.9499194476362852
    outer loop
      vertex -62.07251136230508 4.776832973975513 17.618467489107296
      vertex -62 4.765348302439653 17.618467489107296
      vertex -62 4.31901425039068 17.76349021371745
    endloop
  endfacet
  facet normal 0 0 -1
    outer loop
      vertex -62.223167026024484 4.927488637694923 17.618467489107296
      vertex -62.18983721108525 5.137924807251365 17.618467489107296
      vertex -62.18983721108525 4.862075192748635 17.618467489107296
    endloop
  endfacet
  facet normal 0 0 -1
    outer loop
      vertex -62.18983721108525 4.862075192748635 17.618467489107296
      vertex -62.137924807251366 5.18983721108525 17.618467489107296
      vertex -62.137924807251366 4.81016278891475 17.618467489107296
    endloop
  endfacet
  facet normal 0 0 -1
    outer loop
      vertex -62.07251136230508 4.776832973975513 17.618467489107296
      vertex -62.137924807251366 4.81016278891475 17.618467489107296
      vertex -62.07251136230508 5.223167026024487 17.618467489107296
    endloop
  endfacet
  facet normal 0 0 -1
    outer loop
      vertex -62.07251136230508 4.776832973975513 17.618467489107296
      vertex -62 5.234651697560347 17.618467489107296
      vertex -62 4.765348302439653 17.618467489107296
    endloop
  endfacet
  facet normal -0.673285653659677 -0.6732856536596729 -0.30556972551633543
    outer loop
      vertex -63.19858497903119 4.1291770393054295 18.865348302439656
      vertex -63.08125913025101 4.214419258078551 18.41901425039068
      vertex -62.78558074192145 3.9187408697489863 18.41901425039068
    endloop
  endfacet
  facet normal -0.6732856536596719 -0.6732856536596818 -0.3055697255163266
    outer loop
      vertex -63.19858497903119 4.1291770393054295 18.865348302439656
      vertex -62.78558074192145 3.9187408697489863 18.41901425039068
      vertex -62.87082296069457 3.8014150209688133 18.865348302439656
    endloop
  endfacet
  facet normal -0.7071067811865422 -0.7071067811865527 0
    outer loop
      vertex -63.19858497903119 4.1291770393054295 18.865348302439656
      vertex -62.87082296069457 3.8014150209688133 18.865348302439656
      vertex -63.19858497903119 4.1291770393054295 19.1
    endloop
  endfacet
  facet normal -0.8483894172907633 -0.4322759991913858 -0.30556972551633405
    outer loop
      vertex -63.27109634133626 4.586995762890263 18.41901425039068
      vertex -63.08125913025101 4.214419258078551 18.41901425039068
      vertex -63.40902114858763 4.542181276415167 18.865348302439656
    endloop
  endfacet
  facet normal -0.9404469136807784 -0.14895215807828266 -0.30556972551632294
    outer loop
      vertex -63.27109634133626 4.586995762890263 18.41901425039068
      vertex -63.481532510892706 5 18.865348302439656
      vertex -63.336509786282555 5 18.41901425039068
    endloop
  endfacet
  facet normal -0.8483894172907639 -0.43227599919138354 -0.3055697255163361
    outer loop
      vertex -63.19858497903119 4.1291770393054295 18.865348302439656
      vertex -63.40902114858763 4.542181276415167 18.865348302439656
      vertex -63.08125913025101 4.214419258078551 18.41901425039068
    endloop
  endfacet
  facet normal -0.8910065241883719 -0.45399049973953887 5.245790237207641e-17
    outer loop
      vertex -63.19858497903119 4.1291770393054295 18.865348302439656
      vertex -63.40902114858763 4.542181276415167 19.1
      vertex -63.40902114858763 4.542181276415167 18.865348302439656
    endloop
  endfacet
  facet normal -0.9404469136807768 -0.14895215807827017 -0.3055697255163337
    outer loop
      vertex -63.27109634133626 4.586995762890263 18.41901425039068
      vertex -63.40902114858763 4.542181276415167 18.865348302439656
      vertex -63.481532510892706 5 18.865348302439656
    endloop
  endfacet
  facet normal -0.9876883405951372 -0.15643446504023378 2.3381194040824076e-17
    outer loop
      vertex -63.40902114858763 4.542181276415167 18.865348302439656
      vertex -63.481532510892706 5 19.1
      vertex -63.481532510892706 5 18.865348302439656
    endloop
  endfacet
  facet normal -0.43227599919139165 -0.8483894172907609 -0.305569725516333
    outer loop
      vertex -62.41300423710974 3.728903658663736 18.41901425039068
      vertex -62.457818723584836 3.5909788514123706 18.865348302439656
      vertex -62.78558074192145 3.9187408697489863 18.41901425039068
    endloop
  endfacet
  facet normal -0.1489521580782668 -0.940446913680778 -0.30556972551633127
    outer loop
      vertex -62.41300423710974 3.728903658663736 18.41901425039068
      vertex -62 3.663490213717448 18.41901425039068
      vertex -62 3.5184674891072936 18.865348302439656
    endloop
  endfacet
  facet normal -0.4322759991913971 -0.8483894172907599 -0.3055697255163283
    outer loop
      vertex -62.87082296069457 3.8014150209688133 18.865348302439656
      vertex -62.78558074192145 3.9187408697489863 18.41901425039068
      vertex -62.457818723584836 3.5909788514123706 18.865348302439656
    endloop
  endfacet
  facet normal -0.4539904997395519 -0.8910065241883651 0
    outer loop
      vertex -62.87082296069457 3.8014150209688133 18.865348302439656
      vertex -62.457818723584836 3.5909788514123706 18.865348302439656
      vertex -62.87082296069457 3.8014150209688133 19.1
    endloop
  endfacet
  facet normal -0.14895215807826584 -0.9404469136807779 -0.3055697255163321
    outer loop
      vertex -62.41300423710974 3.728903658663736 18.41901425039068
      vertex -62 3.5184674891072936 18.865348302439656
      vertex -62.457818723584836 3.5909788514123706 18.865348302439656
    endloop
  endfacet
  facet normal -0.15643446504022915 -0.9876883405951379 0
    outer loop
      vertex -62.457818723584836 3.5909788514123706 18.865348302439656
      vertex -62 3.5184674891072936 18.865348302439656
      vertex -62.457818723584836 3.5909788514123706 19.1
    endloop
  endfacet
  facet normal -0.7071067811865422 -0.7071067811865527 0
    outer loop
      vertex -62.87082296069457 3.8014150209688133 18.865348302439656
      vertex -62.87082296069457 3.8014150209688133 19.1
      vertex -63.19858497903119 4.1291770393054295 19.1
    endloop
  endfacet
  facet normal -0.8910065241883719 -0.45399049973953887 0
    outer loop
      vertex -63.19858497903119 4.1291770393054295 18.865348302439656
      vertex -63.19858497903119 4.1291770393054295 19.1
      vertex -63.40902114858763 4.542181276415167 19.1
    endloop
  endfacet
  facet normal -0.9876883405951372 -0.15643446504023378 0
    outer loop
      vertex -63.40902114858763 4.542181276415167 18.865348302439656
      vertex -63.40902114858763 4.542181276415167 19.1
      vertex -63.481532510892706 5 19.1
    endloop
  endfacet
  facet normal -0.4539904997395519 -0.8910065241883651 0
    outer loop
      vertex -62.457818723584836 3.5909788514123706 18.865348302439656
      vertex -62.457818723584836 3.5909788514123706 19.1
      vertex -62.87082296069457 3.8014150209688133 19.1
    endloop
  endfacet
  facet normal -0.15643446504022915 -0.9876883405951379 0
    outer loop
      vertex -62 3.5184674891072936 18.865348302439656
      vertex -62 3.5184674891072936 19.1
      vertex -62.457818723584836 3.5909788514123706 19.1
    endloop
  endfacet
  facet normal -0.585254560480108 0.09269521600903055 -0.8055337959181321
    outer loop
      vertex -63.06066017177982 5 18.03933982822018
      vertex -63.008747767945934 5.327762018336616 18.03933982822018
      vertex -62.68098574960932 5 17.76349021371745
    endloop
  endfacet
  facet normal -0.5279657663920233 0.26901199443855833 -0.8055337959181307
    outer loop
      vertex -63.008747767945934 5.327762018336616 18.03933982822018
      vertex -62.85809210422653 5.62344040666618 18.03933982822018
      vertex -62.647655934670084 5.210436169556442 17.76349021371745
    endloop
  endfacet
  facet normal -0.8024561480774395 0.12709656789823692 -0.5830185184376285
    outer loop
      vertex -63.06066017177982 5 18.03933982822018
      vertex -63.336509786282555 5 18.41901425039068
      vertex -63.008747767945934 5.327762018336616 18.03933982822018
    endloop
  endfacet
  facet normal -0.8024561480774408 0.12709656789824153 -0.5830185184376256
    outer loop
      vertex -63.008747767945934 5.327762018336616 18.03933982822018
      vertex -63.336509786282555 5 18.41901425039068
      vertex -63.27109634133626 5.413004237109737 18.41901425039068
    endloop
  endfacet
  facet normal -0.723906149262883 0.3688486060949405 -0.5830185184376254
    outer loop
      vertex -63.008747767945934 5.327762018336616 18.03933982822018
      vertex -63.27109634133626 5.413004237109737 18.41901425039068
      vertex -62.85809210422653 5.62344040666618 18.03933982822018
    endloop
  endfacet
  facet normal -0.7239061492628829 0.3688486060949456 -0.5830185184376225
    outer loop
      vertex -62.85809210422653 5.62344040666618 18.03933982822018
      vertex -63.27109634133626 5.413004237109737 18.41901425039068
      vertex -63.08125913025101 5.785580741921449 18.41901425039068
    endloop
  endfacet
  facet normal -0.5744951728077452 0.5744951728077418 -0.5830185184376239
    outer loop
      vertex -62.85809210422653 5.62344040666618 18.03933982822018
      vertex -63.08125913025101 5.785580741921449 18.41901425039068
      vertex -62.78558074192145 6.081259130251014 18.41901425039068
    endloop
  endfacet
  facet normal -0.3086475383717098 0.048884967622548986 -0.9499194476362859
    outer loop
      vertex -62.68098574960932 5 17.76349021371745
      vertex -62.647655934670084 5.210436169556442 17.76349021371745
      vertex -62.234651697560345 5 17.618467489107296
    endloop
  endfacet
  facet normal -0.2784349668420364 0.14186970163515186 -0.9499194476362862
    outer loop
      vertex -62.647655934670084 5.210436169556442 17.76349021371745
      vertex -62.550929044361105 5.400273380641693 17.76349021371745
      vertex -62.223167026024484 5.072511362305077 17.618467489107296
    endloop
  endfacet
  facet normal -0.5852545604801119 0.09269521600902475 -0.8055337959181299
    outer loop
      vertex -63.008747767945934 5.327762018336616 18.03933982822018
      vertex -62.647655934670084 5.210436169556442 17.76349021371745
      vertex -62.68098574960932 5 17.76349021371745
    endloop
  endfacet
  facet normal -0.5279657663920218 0.2690119944385595 -0.8055337959181312
    outer loop
      vertex -62.85809210422653 5.62344040666618 18.03933982822018
      vertex -62.550929044361105 5.400273380641693 17.76349021371745
      vertex -62.647655934670084 5.210436169556442 17.76349021371745
    endloop
  endfacet
  facet normal -0.4189960045356748 0.4189960045356843 -0.8055337959181312
    outer loop
      vertex -62.85809210422653 5.62344040666618 18.03933982822018
      vertex -62.62344040666618 5.858092104226527 18.03933982822018
      vertex -62.550929044361105 5.400273380641693 17.76349021371745
    endloop
  endfacet
  facet normal -0.41899600453567637 0.4189960045356838 -0.8055337959181308
    outer loop
      vertex -62.550929044361105 5.400273380641693 17.76349021371745
      vertex -62.62344040666618 5.858092104226527 18.03933982822018
      vertex -62.40027338064169 5.550929044361102 17.76349021371745
    endloop
  endfacet
  facet normal -0.2690119944385643 0.5279657663920196 -0.805533795918131
    outer loop
      vertex -62.40027338064169 5.550929044361102 17.76349021371745
      vertex -62.62344040666618 5.858092104226527 18.03933982822018
      vertex -62.327762018336614 6.008747767945936 18.03933982822018
    endloop
  endfacet
  facet normal -0.3086475383717066 0.04888496762255561 -0.9499194476362866
    outer loop
      vertex -62.647655934670084 5.210436169556442 17.76349021371745
      vertex -62.223167026024484 5.072511362305077 17.618467489107296
      vertex -62.234651697560345 5 17.618467489107296
    endloop
  endfacet
  facet normal 0 0 -1
    outer loop
      vertex -62.223167026024484 4.927488637694923 17.618467489107296
      vertex -62.234651697560345 5 17.618467489107296
      vertex -62.223167026024484 5.072511362305077 17.618467489107296
    endloop
  endfacet
  facet normal 0 0 -1
    outer loop
      vertex -62.223167026024484 4.927488637694923 17.618467489107296
      vertex -62.223167026024484 5.072511362305077 17.618467489107296
      vertex -62.18983721108525 5.137924807251365 17.618467489107296
    endloop
  endfacet
  facet normal -0.27843496684203517 0.1418697016351531 -0.9499194476362863
    outer loop
      vertex -62.550929044361105 5.400273380641693 17.76349021371745
      vertex -62.18983721108525 5.137924807251365 17.618467489107296
      vertex -62.223167026024484 5.072511362305077 17.618467489107296
    endloop
  endfacet
  facet normal -0.22096724078738725 0.22096724078737212 -0.9499194476362848
    outer loop
      vertex -62.18983721108525 5.137924807251365 17.618467489107296
      vertex -62.40027338064169 5.550929044361102 17.76349021371745
      vertex -62.137924807251366 5.18983721108525 17.618467489107296
    endloop
  endfacet
  facet normal -0.2209672407873749 0.2209672407873788 -0.949919447636286
    outer loop
      vertex -62.550929044361105 5.400273380641693 17.76349021371745
      vertex -62.40027338064169 5.550929044361102 17.76349021371745
      vertex -62.18983721108525 5.137924807251365 17.618467489107296
    endloop
  endfacet
  facet normal 0 0 -1
    outer loop
      vertex -62.18983721108525 4.862075192748635 17.618467489107296
      vertex -62.18983721108525 5.137924807251365 17.618467489107296
      vertex -62.137924807251366 5.18983721108525 17.618467489107296
    endloop
  endfacet
  facet normal 0 0 -1
    outer loop
      vertex -62.137924807251366 4.81016278891475 17.618467489107296
      vertex -62.137924807251366 5.18983721108525 17.618467489107296
      vertex -62.07251136230508 5.223167026024487 17.618467489107296
    endloop
  endfacet
  facet normal 0 0 -1
    outer loop
      vertex -62.07251136230508 4.776832973975513 17.618467489107296
      vertex -62.07251136230508 5.223167026024487 17.618467489107296
      vertex -62 5.234651697560347 17.618467489107296
    endloop
  endfacet
  facet normal -0.14186970163515558 0.2784349668420364 -0.9499194476362857
    outer loop
      vertex -62.137924807251366 5.18983721108525 17.618467489107296
      vertex -62.210436169556445 5.647655934670084 17.76349021371745
      vertex -62.07251136230508 5.223167026024487 17.618467489107296
    endloop
  endfacet
  facet normal -0.04888496762255136 0.30864753837171083 -0.9499194476362852
    outer loop
      vertex -62.07251136230508 5.223167026024487 17.618467489107296
      vertex -62 5.68098574960932 17.76349021371745
      vertex -62 5.234651697560347 17.618467489107296
    endloop
  endfacet
  facet normal -0.1418697016351575 0.27843496684203606 -0.9499194476362854
    outer loop
      vertex -62.137924807251366 5.18983721108525 17.618467489107296
      vertex -62.40027338064169 5.550929044361102 17.76349021371745
      vertex -62.210436169556445 5.647655934670084 17.76349021371745
    endloop
  endfacet
  facet normal -0.04888496762254841 0.30864753837171044 -0.9499194476362856
    outer loop
      vertex -62.07251136230508 5.223167026024487 17.618467489107296
      vertex -62.210436169556445 5.647655934670084 17.76349021371745
      vertex -62 5.68098574960932 17.76349021371745
    endloop
  endfacet
  facet normal -0.26901199443856955 0.5279657663920195 -0.8055337959181293
    outer loop
      vertex -62.40027338064169 5.550929044361102 17.76349021371745
      vertex -62.327762018336614 6.008747767945936 18.03933982822018
      vertex -62.210436169556445 5.647655934670084 17.76349021371745
    endloop
  endfacet
  facet normal -0.09269521600902333 0.5852545604801102 -0.8055337959181312
    outer loop
      vertex -62.210436169556445 5.647655934670084 17.76349021371745
      vertex -62 6.060660171779821 18.03933982822018
      vertex -62 5.68098574960932 17.76349021371745
    endloop
  endfacet
  facet normal -0.0926952160090251 0.5852545604801107 -0.8055337959181307
    outer loop
      vertex -62.210436169556445 5.647655934670084 17.76349021371745
      vertex -62.327762018336614 6.008747767945936 18.03933982822018
      vertex -62 6.060660171779821 18.03933982822018
    endloop
  endfacet
  facet normal -0.5744951728077331 0.5744951728077461 -0.5830185184376314
    outer loop
      vertex -62.85809210422653 5.62344040666618 18.03933982822018
      vertex -62.78558074192145 6.081259130251014 18.41901425039068
      vertex -62.62344040666618 5.858092104226527 18.03933982822018
    endloop
  endfacet
  facet normal -0.36884860609494824 0.7239061492628762 -0.5830185184376292
    outer loop
      vertex -62.62344040666618 5.858092104226527 18.03933982822018
      vertex -62.78558074192145 6.081259130251014 18.41901425039068
      vertex -62.41300423710974 6.271096341336264 18.41901425039068
    endloop
  endfacet
  facet normal -0.36884860609494796 0.7239061492628761 -0.5830185184376293
    outer loop
      vertex -62.62344040666618 5.858092104226527 18.03933982822018
      vertex -62.41300423710974 6.271096341336264 18.41901425039068
      vertex -62.327762018336614 6.008747767945936 18.03933982822018
    endloop
  endfacet
  facet normal -0.12709656789822735 0.8024561480774415 -0.5830185184376279
    outer loop
      vertex -62.327762018336614 6.008747767945936 18.03933982822018
      vertex -62.41300423710974 6.271096341336264 18.41901425039068
      vertex -62 6.3365097862825515 18.41901425039068
    endloop
  endfacet
  facet normal -0.12709656789822935 0.802456148077442 -0.5830185184376266
    outer loop
      vertex -62.327762018336614 6.008747767945936 18.03933982822018
      vertex -62 6.3365097862825515 18.41901425039068
      vertex -62 6.060660171779821 18.03933982822018
    endloop
  endfacet
  facet normal -0.9404469136807784 0.14895215807828266 -0.30556972551632294
    outer loop
      vertex -63.336509786282555 5 18.41901425039068
      vertex -63.481532510892706 5 18.865348302439656
      vertex -63.27109634133626 5.413004237109737 18.41901425039068
    endloop
  endfacet
  facet normal -0.8483894172907633 0.4322759991913858 -0.30556972551633405
    outer loop
      vertex -63.27109634133626 5.413004237109737 18.41901425039068
      vertex -63.40902114858763 5.457818723584833 18.865348302439656
      vertex -63.08125913025101 5.785580741921449 18.41901425039068
    endloop
  endfacet
  facet normal -0.9404469136807768 0.1489521580782702 -0.3055697255163337
    outer loop
      vertex -63.27109634133626 5.413004237109737 18.41901425039068
      vertex -63.481532510892706 5 18.865348302439656
      vertex -63.40902114858763 5.457818723584833 18.865348302439656
    endloop
  endfacet
  facet normal -0.9876883405951372 0.15643446504023378 -2.3381194040824076e-17
    outer loop
      vertex -63.481532510892706 5 18.865348302439656
      vertex -63.40902114858763 5.457818723584833 19.1
      vertex -63.40902114858763 5.457818723584833 18.865348302439656
    endloop
  endfacet
  facet normal -0.8483894172907639 0.43227599919138354 -0.3055697255163361
    outer loop
      vertex -63.08125913025101 5.785580741921449 18.41901425039068
      vertex -63.40902114858763 5.457818723584833 18.865348302439656
      vertex -63.19858497903119 5.8708229606945705 18.865348302439656
    endloop
  endfacet
  facet normal -0.8910065241883719 0.45399049973953887 -5.245790237207641e-17
    outer loop
      vertex -63.40902114858763 5.457818723584833 18.865348302439656
      vertex -63.19858497903119 5.8708229606945705 19.1
      vertex -63.19858497903119 5.8708229606945705 18.865348302439656
    endloop
  endfacet
  facet normal -0.6732856536596767 0.6732856536596729 -0.30556972551633543
    outer loop
      vertex -63.08125913025101 5.785580741921449 18.41901425039068
      vertex -63.19858497903119 5.8708229606945705 18.865348302439656
      vertex -62.78558074192145 6.081259130251014 18.41901425039068
    endloop
  endfacet
  facet normal -0.6732856536596722 0.6732856536596813 -0.3055697255163272
    outer loop
      vertex -63.19858497903119 5.8708229606945705 18.865348302439656
      vertex -62.87082296069457 6.198584979031187 18.865348302439656
      vertex -62.78558074192145 6.081259130251014 18.41901425039068
    endloop
  endfacet
  facet normal -0.7071067811865428 0.7071067811865523 -5.600655750074763e-17
    outer loop
      vertex -63.19858497903119 5.8708229606945705 18.865348302439656
      vertex -62.87082296069457 6.198584979031187 19.1
      vertex -62.87082296069457 6.198584979031187 18.865348302439656
    endloop
  endfacet
  facet normal -0.43227599919139165 0.8483894172907609 -0.30556972551633305
    outer loop
      vertex -62.78558074192145 6.081259130251014 18.41901425039068
      vertex -62.457818723584836 6.409021148587629 18.865348302439656
      vertex -62.41300423710974 6.271096341336264 18.41901425039068
    endloop
  endfacet
  facet normal -0.14895215807826578 0.9404469136807779 -0.3055697255163322
    outer loop
      vertex -62.41300423710974 6.271096341336264 18.41901425039068
      vertex -62 6.481532510892706 18.865348302439656
      vertex -62 6.3365097862825515 18.41901425039068
    endloop
  endfacet
  facet normal -0.43227599919139625 0.84838941729076 -0.305569725516329
    outer loop
      vertex -62.87082296069457 6.198584979031187 18.865348302439656
      vertex -62.457818723584836 6.409021148587629 18.865348302439656
      vertex -62.78558074192145 6.081259130251014 18.41901425039068
    endloop
  endfacet
  facet normal -0.4539904997395512 0.8910065241883657 -7.307388696893938e-18
    outer loop
      vertex -62.87082296069457 6.198584979031187 18.865348302439656
      vertex -62.457818723584836 6.409021148587629 19.1
      vertex -62.457818723584836 6.409021148587629 18.865348302439656
    endloop
  endfacet
  facet normal -0.14895215807826584 0.9404469136807779 -0.3055697255163321
    outer loop
      vertex -62.41300423710974 6.271096341336264 18.41901425039068
      vertex -62.457818723584836 6.409021148587629 18.865348302439656
      vertex -62 6.481532510892706 18.865348302439656
    endloop
  endfacet
  facet normal -0.15643446504022915 0.9876883405951379 1.7624904054106657e-17
    outer loop
      vertex -62.457818723584836 6.409021148587629 18.865348302439656
      vertex -62 6.481532510892706 19.1
      vertex -62 6.481532510892706 18.865348302439656
    endloop
  endfacet
  facet normal -0.9876883405951372 0.15643446504023378 0
    outer loop
      vertex -63.481532510892706 5 18.865348302439656
      vertex -63.481532510892706 5 19.1
      vertex -63.40902114858763 5.457818723584833 19.1
    endloop
  endfacet
  facet normal -0.8910065241883719 0.45399049973953887 0
    outer loop
      vertex -63.40902114858763 5.457818723584833 18.865348302439656
      vertex -63.40902114858763 5.457818723584833 19.1
      vertex -63.19858497903119 5.8708229606945705 19.1
    endloop
  endfacet
  facet normal -0.7071067811865428 0.7071067811865523 0
    outer loop
      vertex -63.19858497903119 5.8708229606945705 18.865348302439656
      vertex -63.19858497903119 5.8708229606945705 19.1
      vertex -62.87082296069457 6.198584979031187 19.1
    endloop
  endfacet
  facet normal -0.4539904997395512 0.8910065241883657 0
    outer loop
      vertex -62.87082296069457 6.198584979031187 18.865348302439656
      vertex -62.87082296069457 6.198584979031187 19.1
      vertex -62.457818723584836 6.409021148587629 19.1
    endloop
  endfacet
  facet normal -0.15643446504022915 0.9876883405951379 0
    outer loop
      vertex -62.457818723584836 6.409021148587629 18.865348302439656
      vertex -62.457818723584836 6.409021148587629 19.1
      vertex -62 6.481532510892706 19.1
    endloop
  endfacet
  facet normal 0.0926952160090259 -0.5852545604801105 -0.8055337959181308
    outer loop
      vertex -62 3.9393398282201786 18.03933982822018
      vertex -61.789563830443555 4.352344065329916 17.76349021371745
      vertex -61.672237981663386 3.991252232054064 18.03933982822018
    endloop
  endfacet
  facet normal 0.1270965678982304 -0.8024561480774419 -0.5830185184376265
    outer loop
      vertex -62 3.9393398282201786 18.03933982822018
      vertex -61.672237981663386 3.991252232054064 18.03933982822018
      vertex -62 3.663490213717448 18.41901425039068
    endloop
  endfacet
  facet normal 0.12709656789822818 -0.8024561480774414 -0.583018518437628
    outer loop
      vertex -61.672237981663386 3.991252232054064 18.03933982822018
      vertex -61.58699576289026 3.728903658663736 18.41901425039068
      vertex -62 3.663490213717448 18.41901425039068
    endloop
  endfacet
  facet normal 0.36884860609494796 -0.7239061492628761 -0.5830185184376292
    outer loop
      vertex -61.672237981663386 3.991252232054064 18.03933982822018
      vertex -61.37655959333382 4.141907895773473 18.03933982822018
      vertex -61.58699576289026 3.728903658663736 18.41901425039068
    endloop
  endfacet
  facet normal 0.36884860609494824 -0.7239061492628762 -0.5830185184376292
    outer loop
      vertex -61.37655959333382 4.141907895773473 18.03933982822018
      vertex -61.21441925807855 3.9187408697489863 18.41901425039068
      vertex -61.58699576289026 3.728903658663736 18.41901425039068
    endloop
  endfacet
  facet normal 0.5744951728077331 -0.5744951728077461 -0.5830185184376315
    outer loop
      vertex -61.37655959333382 4.141907895773473 18.03933982822018
      vertex -61.14190789577347 4.37655959333382 18.03933982822018
      vertex -61.21441925807855 3.9187408697489863 18.41901425039068
    endloop
  endfacet
  facet normal 0.04888496762254847 -0.30864753837171044 -0.9499194476362856
    outer loop
      vertex -62 4.31901425039068 17.76349021371745
      vertex -61.92748863769492 4.776832973975513 17.618467489107296
      vertex -61.789563830443555 4.352344065329916 17.76349021371745
    endloop
  endfacet
  facet normal 0.14186970163515755 -0.278434966842036 -0.9499194476362854
    outer loop
      vertex -61.789563830443555 4.352344065329916 17.76349021371745
      vertex -61.862075192748634 4.81016278891475 17.618467489107296
      vertex -61.59972661935831 4.449070955638898 17.76349021371745
    endloop
  endfacet
  facet normal 0.09269521600902322 -0.5852545604801097 -0.8055337959181316
    outer loop
      vertex -62 3.9393398282201786 18.03933982822018
      vertex -62 4.31901425039068 17.76349021371745
      vertex -61.789563830443555 4.352344065329916 17.76349021371745
    endloop
  endfacet
  facet normal 0.26901199443856944 -0.5279657663920194 -0.8055337959181295
    outer loop
      vertex -61.672237981663386 3.991252232054064 18.03933982822018
      vertex -61.789563830443555 4.352344065329916 17.76349021371745
      vertex -61.59972661935831 4.449070955638898 17.76349021371745
    endloop
  endfacet
  facet normal 0.048884967622551186 -0.30864753837171083 -0.9499194476362852
    outer loop
      vertex -62 4.31901425039068 17.76349021371745
      vertex -62 4.765348302439653 17.618467489107296
      vertex -61.92748863769492 4.776832973975513 17.618467489107296
    endloop
  endfacet
  facet normal 0.14186970163515542 -0.2784349668420364 -0.9499194476362857
    outer loop
      vertex -61.789563830443555 4.352344065329916 17.76349021371745
      vertex -61.92748863769492 4.776832973975513 17.618467489107296
      vertex -61.862075192748634 4.81016278891475 17.618467489107296
    endloop
  endfacet
  facet normal 0 0 -1
    outer loop
      vertex -62 4.765348302439653 17.618467489107296
      vertex -61.92748863769492 5.223167026024487 17.618467489107296
      vertex -61.92748863769492 4.776832973975513 17.618467489107296
    endloop
  endfacet
  facet normal 0 0 -1
    outer loop
      vertex -61.92748863769492 4.776832973975513 17.618467489107296
      vertex -61.862075192748634 5.18983721108525 17.618467489107296
      vertex -61.862075192748634 4.81016278891475 17.618467489107296
    endloop
  endfacet
  facet normal 0 0 -1
    outer loop
      vertex -61.862075192748634 4.81016278891475 17.618467489107296
      vertex -61.81016278891475 5.137924807251365 17.618467489107296
      vertex -61.81016278891475 4.862075192748635 17.618467489107296
    endloop
  endfacet
  facet normal 0.2209672407873871 -0.22096724078737212 -0.9499194476362848
    outer loop
      vertex -61.59972661935831 4.449070955638898 17.76349021371745
      vertex -61.862075192748634 4.81016278891475 17.618467489107296
      vertex -61.81016278891475 4.862075192748635 17.618467489107296
    endloop
  endfacet
  facet normal 0.2784349668420352 -0.14186970163515308 -0.9499194476362863
    outer loop
      vertex -61.81016278891475 4.862075192748635 17.618467489107296
      vertex -61.776832973975516 4.927488637694923 17.618467489107296
      vertex -61.449070955638895 4.599726619358307 17.76349021371745
    endloop
  endfacet
  facet normal 0.2209672407873749 -0.2209672407873788 -0.949919447636286
    outer loop
      vertex -61.59972661935831 4.449070955638898 17.76349021371745
      vertex -61.81016278891475 4.862075192748635 17.618467489107296
      vertex -61.449070955638895 4.599726619358307 17.76349021371745
    endloop
  endfacet
  facet normal 0 0 -1
    outer loop
      vertex -61.81016278891475 4.862075192748635 17.618467489107296
      vertex -61.776832973975516 5.072511362305077 17.618467489107296
      vertex -61.776832973975516 4.927488637694923 17.618467489107296
    endloop
  endfacet
  facet normal 0.3086475383717066 -0.04888496762255568 -0.9499194476362866
    outer loop
      vertex -61.776832973975516 4.927488637694923 17.618467489107296
      vertex -61.765348302439655 5 17.618467489107296
      vertex -61.352344065329916 4.789563830443558 17.76349021371745
    endloop
  endfacet
  facet normal 0.26901199443856433 -0.5279657663920196 -0.805533795918131
    outer loop
      vertex -61.672237981663386 3.991252232054064 18.03933982822018
      vertex -61.59972661935831 4.449070955638898 17.76349021371745
      vertex -61.37655959333382 4.141907895773473 18.03933982822018
    endloop
  endfacet
  facet normal 0.4189960045356763 -0.4189960045356838 -0.8055337959181308
    outer loop
      vertex -61.37655959333382 4.141907895773473 18.03933982822018
      vertex -61.59972661935831 4.449070955638898 17.76349021371745
      vertex -61.449070955638895 4.599726619358307 17.76349021371745
    endloop
  endfacet
  facet normal 0.41899600453567487 -0.4189960045356844 -0.8055337959181312
    outer loop
      vertex -61.37655959333382 4.141907895773473 18.03933982822018
      vertex -61.449070955638895 4.599726619358307 17.76349021371745
      vertex -61.14190789577347 4.37655959333382 18.03933982822018
    endloop
  endfacet
  facet normal 0.5279657663920218 -0.2690119944385595 -0.8055337959181312
    outer loop
      vertex -61.449070955638895 4.599726619358307 17.76349021371745
      vertex -61.352344065329916 4.789563830443558 17.76349021371745
      vertex -61.14190789577347 4.37655959333382 18.03933982822018
    endloop
  endfacet
  facet normal 0.2784349668420364 -0.1418697016351518 -0.9499194476362862
    outer loop
      vertex -61.776832973975516 4.927488637694923 17.618467489107296
      vertex -61.352344065329916 4.789563830443558 17.76349021371745
      vertex -61.449070955638895 4.599726619358307 17.76349021371745
    endloop
  endfacet
  facet normal 0.3086475383717098 -0.048884967622548986 -0.9499194476362859
    outer loop
      vertex -61.352344065329916 4.789563830443558 17.76349021371745
      vertex -61.765348302439655 5 17.618467489107296
      vertex -61.31901425039068 5 17.76349021371745
    endloop
  endfacet
  facet normal 0.5852545604801119 -0.09269521600902478 -0.8055337959181299
    outer loop
      vertex -61.352344065329916 4.789563830443558 17.76349021371745
      vertex -61.31901425039068 5 17.76349021371745
      vertex -60.991252232054066 4.672237981663384 18.03933982822018
    endloop
  endfacet
  facet normal 0.5744951728077452 -0.5744951728077418 -0.5830185184376239
    outer loop
      vertex -61.14190789577347 4.37655959333382 18.03933982822018
      vertex -60.91874086974899 4.214419258078551 18.41901425039068
      vertex -61.21441925807855 3.9187408697489863 18.41901425039068
    endloop
  endfacet
  facet normal 0.5279657663920233 -0.2690119944385583 -0.8055337959181306
    outer loop
      vertex -61.352344065329916 4.789563830443558 17.76349021371745
      vertex -60.991252232054066 4.672237981663384 18.03933982822018
      vertex -61.14190789577347 4.37655959333382 18.03933982822018
    endloop
  endfacet
  facet normal 0.585254560480108 -0.09269521600903055 -0.8055337959181321
    outer loop
      vertex -60.991252232054066 4.672237981663384 18.03933982822018
      vertex -61.31901425039068 5 17.76349021371745
      vertex -60.93933982822018 5 18.03933982822018
    endloop
  endfacet
  facet normal 0.7239061492628829 -0.3688486060949456 -0.5830185184376225
    outer loop
      vertex -61.14190789577347 4.37655959333382 18.03933982822018
      vertex -60.72890365866374 4.586995762890263 18.41901425039068
      vertex -60.91874086974899 4.214419258078551 18.41901425039068
    endloop
  endfacet
  facet normal 0.723906149262883 -0.3688486060949405 -0.5830185184376254
    outer loop
      vertex -61.14190789577347 4.37655959333382 18.03933982822018
      vertex -60.991252232054066 4.672237981663384 18.03933982822018
      vertex -60.72890365866374 4.586995762890263 18.41901425039068
    endloop
  endfacet
  facet normal 0.8024561480774408 -0.12709656789824153 -0.5830185184376256
    outer loop
      vertex -60.991252232054066 4.672237981663384 18.03933982822018
      vertex -60.663490213717445 5 18.41901425039068
      vertex -60.72890365866374 4.586995762890263 18.41901425039068
    endloop
  endfacet
  facet normal 0.8024561480774395 -0.12709656789823692 -0.5830185184376285
    outer loop
      vertex -60.991252232054066 4.672237981663384 18.03933982822018
      vertex -60.93933982822018 5 18.03933982822018
      vertex -60.663490213717445 5 18.41901425039068
    endloop
  endfacet
  facet normal 0.1489521580782668 -0.940446913680778 -0.30556972551633127
    outer loop
      vertex -62 3.663490213717448 18.41901425039068
      vertex -61.58699576289026 3.728903658663736 18.41901425039068
      vertex -62 3.5184674891072936 18.865348302439656
    endloop
  endfacet
  facet normal 0.43227599919139165 -0.8483894172907609 -0.305569725516333
    outer loop
      vertex -61.58699576289026 3.728903658663736 18.41901425039068
      vertex -61.21441925807855 3.9187408697489863 18.41901425039068
      vertex -61.542181276415164 3.5909788514123706 18.865348302439656
    endloop
  endfacet
  facet normal 0.14895215807826584 -0.9404469136807779 -0.3055697255163321
    outer loop
      vertex -61.58699576289026 3.728903658663736 18.41901425039068
      vertex -61.542181276415164 3.5909788514123706 18.865348302439656
      vertex -62 3.5184674891072936 18.865348302439656
    endloop
  endfacet
  facet normal 0.15643446504022915 -0.9876883405951379 0
    outer loop
      vertex -62 3.5184674891072936 18.865348302439656
      vertex -61.542181276415164 3.5909788514123706 18.865348302439656
      vertex -62 3.5184674891072936 19.1
    endloop
  endfacet
  facet normal 0.43227599919139714 -0.8483894172907599 -0.3055697255163283
    outer loop
      vertex -61.21441925807855 3.9187408697489863 18.41901425039068
      vertex -61.12917703930543 3.8014150209688133 18.865348302439656
      vertex -61.542181276415164 3.5909788514123706 18.865348302439656
    endloop
  endfacet
  facet normal 0.4539904997395519 -0.8910065241883651 0
    outer loop
      vertex -61.542181276415164 3.5909788514123706 18.865348302439656
      vertex -61.12917703930543 3.8014150209688133 18.865348302439656
      vertex -61.542181276415164 3.5909788514123706 19.1
    endloop
  endfacet
  facet normal 0.6732856536596767 -0.6732856536596729 -0.30556972551633543
    outer loop
      vertex -61.21441925807855 3.9187408697489863 18.41901425039068
      vertex -60.91874086974899 4.214419258078551 18.41901425039068
      vertex -60.80141502096881 4.1291770393054295 18.865348302439656
    endloop
  endfacet
  facet normal 0.6732856536596719 -0.6732856536596818 -0.3055697255163266
    outer loop
      vertex -61.21441925807855 3.9187408697489863 18.41901425039068
      vertex -60.80141502096881 4.1291770393054295 18.865348302439656
      vertex -61.12917703930543 3.8014150209688133 18.865348302439656
    endloop
  endfacet
  facet normal 0.7071067811865422 -0.7071067811865527 0
    outer loop
      vertex -61.12917703930543 3.8014150209688133 18.865348302439656
      vertex -60.80141502096881 4.1291770393054295 18.865348302439656
      vertex -61.12917703930543 3.8014150209688133 19.1
    endloop
  endfacet
  facet normal 0.8483894172907633 -0.4322759991913858 -0.30556972551633405
    outer loop
      vertex -60.91874086974899 4.214419258078551 18.41901425039068
      vertex -60.72890365866374 4.586995762890263 18.41901425039068
      vertex -60.59097885141237 4.542181276415167 18.865348302439656
    endloop
  endfacet
  facet normal 0.9404469136807784 -0.14895215807828266 -0.30556972551632294
    outer loop
      vertex -60.72890365866374 4.586995762890263 18.41901425039068
      vertex -60.663490213717445 5 18.41901425039068
      vertex -60.518467489107294 5 18.865348302439656
    endloop
  endfacet
  facet normal 0.8483894172907639 -0.43227599919138354 -0.3055697255163361
    outer loop
      vertex -60.80141502096881 4.1291770393054295 18.865348302439656
      vertex -60.91874086974899 4.214419258078551 18.41901425039068
      vertex -60.59097885141237 4.542181276415167 18.865348302439656
    endloop
  endfacet
  facet normal 0.8910065241883719 -0.45399049973953887 0
    outer loop
      vertex -60.80141502096881 4.1291770393054295 18.865348302439656
      vertex -60.59097885141237 4.542181276415167 18.865348302439656
      vertex -60.80141502096881 4.1291770393054295 19.1
    endloop
  endfacet
  facet normal 0.9404469136807768 -0.1489521580782702 -0.3055697255163337
    outer loop
      vertex -60.72890365866374 4.586995762890263 18.41901425039068
      vertex -60.518467489107294 5 18.865348302439656
      vertex -60.59097885141237 4.542181276415167 18.865348302439656
    endloop
  endfacet
  facet normal 0.9876883405951372 -0.15643446504023378 0
    outer loop
      vertex -60.59097885141237 4.542181276415167 18.865348302439656
      vertex -60.518467489107294 5 18.865348302439656
      vertex -60.59097885141237 4.542181276415167 19.1
    endloop
  endfacet
  facet normal 0.15643446504022915 -0.9876883405951379 0
    outer loop
      vertex -61.542181276415164 3.5909788514123706 18.865348302439656
      vertex -61.542181276415164 3.5909788514123706 19.1
      vertex -62 3.5184674891072936 19.1
    endloop
  endfacet
  facet normal 0.4539904997395519 -0.8910065241883651 0
    outer loop
      vertex -61.12917703930543 3.8014150209688133 18.865348302439656
      vertex -61.12917703930543 3.8014150209688133 19.1
      vertex -61.542181276415164 3.5909788514123706 19.1
    endloop
  endfacet
  facet normal 0.7071067811865422 -0.7071067811865527 0
    outer loop
      vertex -60.80141502096881 4.1291770393054295 18.865348302439656
      vertex -60.80141502096881 4.1291770393054295 19.1
      vertex -61.12917703930543 3.8014150209688133 19.1
    endloop
  endfacet
  facet normal 0.8910065241883719 -0.45399049973953887 0
    outer loop
      vertex -60.59097885141237 4.542181276415167 18.865348302439656
      vertex -60.59097885141237 4.542181276415167 19.1
      vertex -60.80141502096881 4.1291770393054295 19.1
    endloop
  endfacet
  facet normal 0.9876883405951372 -0.15643446504023378 0
    outer loop
      vertex -60.518467489107294 5 18.865348302439656
      vertex -60.518467489107294 5 19.1
      vertex -60.59097885141237 4.542181276415167 19.1
    endloop
  endfacet
  facet normal 0 0 -1
    outer loop
      vertex -62 4.765348302439653 17.618467489107296
      vertex -62 5.234651697560347 17.618467489107296
      vertex -61.92748863769492 5.223167026024487 17.618467489107296
    endloop
  endfacet
  facet normal 0 0 -1
    outer loop
      vertex -61.92748863769492 4.776832973975513 17.618467489107296
      vertex -61.92748863769492 5.223167026024487 17.618467489107296
      vertex -61.862075192748634 5.18983721108525 17.618467489107296
    endloop
  endfacet
  facet normal 0 0 -1
    outer loop
      vertex -61.862075192748634 4.81016278891475 17.618467489107296
      vertex -61.862075192748634 5.18983721108525 17.618467489107296
      vertex -61.81016278891475 5.137924807251365 17.618467489107296
    endloop
  endfacet
  facet normal 0 0 -1
    outer loop
      vertex -61.81016278891475 4.862075192748635 17.618467489107296
      vertex -61.81016278891475 5.137924807251365 17.618467489107296
      vertex -61.776832973975516 5.072511362305077 17.618467489107296
    endloop
  endfacet
  facet normal 0.04888496762255117 0.3086475383717096 -0.9499194476362857
    outer loop
      vertex -62 5.234651697560347 17.618467489107296
      vertex -61.789563830443555 5.647655934670084 17.76349021371745
      vertex -61.92748863769492 5.223167026024487 17.618467489107296
    endloop
  endfacet
  facet normal 0.14186970163515558 0.2784349668420364 -0.9499194476362857
    outer loop
      vertex -61.862075192748634 5.18983721108525 17.618467489107296
      vertex -61.92748863769492 5.223167026024487 17.618467489107296
      vertex -61.789563830443555 5.647655934670084 17.76349021371745
    endloop
  endfacet
  facet normal 0 0 -1
    outer loop
      vertex -61.776832973975516 4.927488637694923 17.618467489107296
      vertex -61.776832973975516 5.072511362305077 17.618467489107296
      vertex -61.765348302439655 5 17.618467489107296
    endloop
  endfacet
  facet normal 0.30864753837170655 0.04888496762255567 -0.9499194476362866
    outer loop
      vertex -61.765348302439655 5 17.618467489107296
      vertex -61.776832973975516 5.072511362305077 17.618467489107296
      vertex -61.352344065329916 5.210436169556442 17.76349021371745
    endloop
  endfacet
  facet normal 0.2209672407873872 0.22096724078737207 -0.9499194476362848
    outer loop
      vertex -61.862075192748634 5.18983721108525 17.618467489107296
      vertex -61.59972661935831 5.550929044361102 17.76349021371745
      vertex -61.81016278891475 5.137924807251365 17.618467489107296
    endloop
  endfacet
  facet normal 0.2784349668420352 0.14186970163515308 -0.9499194476362863
    outer loop
      vertex -61.81016278891475 5.137924807251365 17.618467489107296
      vertex -61.449070955638895 5.400273380641693 17.76349021371745
      vertex -61.776832973975516 5.072511362305077 17.618467489107296
    endloop
  endfacet
  facet normal 0.22096724078737492 0.2209672407873788 -0.949919447636286
    outer loop
      vertex -61.81016278891475 5.137924807251365 17.618467489107296
      vertex -61.59972661935831 5.550929044361102 17.76349021371745
      vertex -61.449070955638895 5.400273380641693 17.76349021371745
    endloop
  endfacet
  facet normal 0.04888496762254856 0.30864753837171083 -0.9499194476362853
    outer loop
      vertex -62 5.234651697560347 17.618467489107296
      vertex -62 5.68098574960932 17.76349021371745
      vertex -61.789563830443555 5.647655934670084 17.76349021371745
    endloop
  endfacet
  facet normal 0.14186970163515758 0.278434966842036 -0.9499194476362854
    outer loop
      vertex -61.862075192748634 5.18983721108525 17.618467489107296
      vertex -61.789563830443555 5.647655934670084 17.76349021371745
      vertex -61.59972661935831 5.550929044361102 17.76349021371745
    endloop
  endfacet
  facet normal 0.09269521600902347 0.585254560480111 -0.8055337959181306
    outer loop
      vertex -62 5.68098574960932 17.76349021371745
      vertex -61.672237981663386 6.008747767945936 18.03933982822018
      vertex -61.789563830443555 5.647655934670084 17.76349021371745
    endloop
  endfacet
  facet normal 0.26901199443856955 0.5279657663920194 -0.8055337959181293
    outer loop
      vertex -61.59972661935831 5.550929044361102 17.76349021371745
      vertex -61.789563830443555 5.647655934670084 17.76349021371745
      vertex -61.672237981663386 6.008747767945936 18.03933982822018
    endloop
  endfacet
  facet normal 0.3086475383717098 0.04888496762254895 -0.9499194476362859
    outer loop
      vertex -61.765348302439655 5 17.618467489107296
      vertex -61.352344065329916 5.210436169556442 17.76349021371745
      vertex -61.31901425039068 5 17.76349021371745
    endloop
  endfacet
  facet normal 0.2784349668420364 0.14186970163515186 -0.9499194476362862
    outer loop
      vertex -61.776832973975516 5.072511362305077 17.618467489107296
      vertex -61.449070955638895 5.400273380641693 17.76349021371745
      vertex -61.352344065329916 5.210436169556442 17.76349021371745
    endloop
  endfacet
  facet normal 0.5852545604801119 0.09269521600902478 -0.8055337959181299
    outer loop
      vertex -61.31901425039068 5 17.76349021371745
      vertex -61.352344065329916 5.210436169556442 17.76349021371745
      vertex -60.991252232054066 5.327762018336616 18.03933982822018
    endloop
  endfacet
  facet normal 0.41899600453567637 0.4189960045356838 -0.8055337959181308
    outer loop
      vertex -61.59972661935831 5.550929044361102 17.76349021371745
      vertex -61.37655959333382 5.858092104226527 18.03933982822018
      vertex -61.449070955638895 5.400273380641693 17.76349021371745
    endloop
  endfacet
  facet normal 0.26901199443856433 0.5279657663920196 -0.8055337959181311
    outer loop
      vertex -61.59972661935831 5.550929044361102 17.76349021371745
      vertex -61.672237981663386 6.008747767945936 18.03933982822018
      vertex -61.37655959333382 5.858092104226527 18.03933982822018
    endloop
  endfacet
  facet normal 0.5279657663920218 0.2690119944385595 -0.8055337959181312
    outer loop
      vertex -61.449070955638895 5.400273380641693 17.76349021371745
      vertex -61.14190789577347 5.62344040666618 18.03933982822018
      vertex -61.352344065329916 5.210436169556442 17.76349021371745
    endloop
  endfacet
  facet normal 0.4189960045356748 0.4189960045356843 -0.8055337959181312
    outer loop
      vertex -61.449070955638895 5.400273380641693 17.76349021371745
      vertex -61.37655959333382 5.858092104226527 18.03933982822018
      vertex -61.14190789577347 5.62344040666618 18.03933982822018
    endloop
  endfacet
  facet normal 0.09269521600902504 0.5852545604801102 -0.8055337959181312
    outer loop
      vertex -62 5.68098574960932 17.76349021371745
      vertex -62 6.060660171779821 18.03933982822018
      vertex -61.672237981663386 6.008747767945936 18.03933982822018
    endloop
  endfacet
  facet normal 0.12709656789822935 0.802456148077442 -0.5830185184376266
    outer loop
      vertex -62 6.060660171779821 18.03933982822018
      vertex -62 6.3365097862825515 18.41901425039068
      vertex -61.672237981663386 6.008747767945936 18.03933982822018
    endloop
  endfacet
  facet normal 0.12709656789822726 0.8024561480774415 -0.5830185184376278
    outer loop
      vertex -61.672237981663386 6.008747767945936 18.03933982822018
      vertex -62 6.3365097862825515 18.41901425039068
      vertex -61.58699576289026 6.271096341336264 18.41901425039068
    endloop
  endfacet
  facet normal 0.36884860609494796 0.7239061492628761 -0.5830185184376292
    outer loop
      vertex -61.672237981663386 6.008747767945936 18.03933982822018
      vertex -61.58699576289026 6.271096341336264 18.41901425039068
      vertex -61.37655959333382 5.858092104226527 18.03933982822018
    endloop
  endfacet
  facet normal 0.5744951728077331 0.5744951728077461 -0.5830185184376315
    outer loop
      vertex -61.37655959333382 5.858092104226527 18.03933982822018
      vertex -61.21441925807855 6.081259130251014 18.41901425039068
      vertex -61.14190789577347 5.62344040666618 18.03933982822018
    endloop
  endfacet
  facet normal 0.3688486060949483 0.7239061492628762 -0.5830185184376292
    outer loop
      vertex -61.37655959333382 5.858092104226527 18.03933982822018
      vertex -61.58699576289026 6.271096341336264 18.41901425039068
      vertex -61.21441925807855 6.081259130251014 18.41901425039068
    endloop
  endfacet
  facet normal 0.585254560480108 0.09269521600903051 -0.8055337959181321
    outer loop
      vertex -61.31901425039068 5 17.76349021371745
      vertex -60.991252232054066 5.327762018336616 18.03933982822018
      vertex -60.93933982822018 5 18.03933982822018
    endloop
  endfacet
  facet normal 0.5279657663920233 0.26901199443855833 -0.8055337959181307
    outer loop
      vertex -61.352344065329916 5.210436169556442 17.76349021371745
      vertex -61.14190789577347 5.62344040666618 18.03933982822018
      vertex -60.991252232054066 5.327762018336616 18.03933982822018
    endloop
  endfacet
  facet normal 0.8024561480774395 0.12709656789823692 -0.5830185184376285
    outer loop
      vertex -60.93933982822018 5 18.03933982822018
      vertex -60.991252232054066 5.327762018336616 18.03933982822018
      vertex -60.663490213717445 5 18.41901425039068
    endloop
  endfacet
  facet normal 0.8024561480774409 0.12709656789824156 -0.5830185184376256
    outer loop
      vertex -60.991252232054066 5.327762018336616 18.03933982822018
      vertex -60.72890365866374 5.413004237109737 18.41901425039068
      vertex -60.663490213717445 5 18.41901425039068
    endloop
  endfacet
  facet normal 0.723906149262883 0.3688486060949405 -0.5830185184376254
    outer loop
      vertex -60.991252232054066 5.327762018336616 18.03933982822018
      vertex -61.14190789577347 5.62344040666618 18.03933982822018
      vertex -60.72890365866374 5.413004237109737 18.41901425039068
    endloop
  endfacet
  facet normal 0.7239061492628829 0.36884860609494563 -0.5830185184376225
    outer loop
      vertex -61.14190789577347 5.62344040666618 18.03933982822018
      vertex -60.91874086974899 5.785580741921449 18.41901425039068
      vertex -60.72890365866374 5.413004237109737 18.41901425039068
    endloop
  endfacet
  facet normal 0.5744951728077452 0.5744951728077418 -0.5830185184376239
    outer loop
      vertex -61.14190789577347 5.62344040666618 18.03933982822018
      vertex -61.21441925807855 6.081259130251014 18.41901425039068
      vertex -60.91874086974899 5.785580741921449 18.41901425039068
    endloop
  endfacet
  facet normal 0.14895215807826578 0.9404469136807779 -0.30556972551633216
    outer loop
      vertex -62 6.3365097862825515 18.41901425039068
      vertex -62 6.481532510892706 18.865348302439656
      vertex -61.58699576289026 6.271096341336264 18.41901425039068
    endloop
  endfacet
  facet normal 0.43227599919139165 0.8483894172907609 -0.305569725516333
    outer loop
      vertex -61.21441925807855 6.081259130251014 18.41901425039068
      vertex -61.58699576289026 6.271096341336264 18.41901425039068
      vertex -61.542181276415164 6.409021148587629 18.865348302439656
    endloop
  endfacet
  facet normal 0.14895215807826584 0.9404469136807779 -0.3055697255163321
    outer loop
      vertex -61.58699576289026 6.271096341336264 18.41901425039068
      vertex -62 6.481532510892706 18.865348302439656
      vertex -61.542181276415164 6.409021148587629 18.865348302439656
    endloop
  endfacet
  facet normal 0.15643446504022915 0.9876883405951379 -1.7624904054106657e-17
    outer loop
      vertex -62 6.481532510892706 18.865348302439656
      vertex -61.542181276415164 6.409021148587629 19.1
      vertex -61.542181276415164 6.409021148587629 18.865348302439656
    endloop
  endfacet
  facet normal 0.43227599919139625 0.84838941729076 -0.305569725516329
    outer loop
      vertex -61.21441925807855 6.081259130251014 18.41901425039068
      vertex -61.542181276415164 6.409021148587629 18.865348302439656
      vertex -61.12917703930543 6.198584979031187 18.865348302439656
    endloop
  endfacet
  facet normal 0.4539904997395512 0.8910065241883657 7.307388696893938e-18
    outer loop
      vertex -61.542181276415164 6.409021148587629 18.865348302439656
      vertex -61.12917703930543 6.198584979031187 19.1
      vertex -61.12917703930543 6.198584979031187 18.865348302439656
    endloop
  endfacet
  facet normal 0.9404469136807784 0.14895215807828266 -0.30556972551632294
    outer loop
      vertex -60.663490213717445 5 18.41901425039068
      vertex -60.72890365866374 5.413004237109737 18.41901425039068
      vertex -60.518467489107294 5 18.865348302439656
    endloop
  endfacet
  facet normal 0.8483894172907633 0.4322759991913858 -0.30556972551633405
    outer loop
      vertex -60.91874086974899 5.785580741921449 18.41901425039068
      vertex -60.59097885141237 5.457818723584833 18.865348302439656
      vertex -60.72890365866374 5.413004237109737 18.41901425039068
    endloop
  endfacet
  facet normal 0.9404469136807768 0.14895215807827017 -0.3055697255163337
    outer loop
      vertex -60.72890365866374 5.413004237109737 18.41901425039068
      vertex -60.59097885141237 5.457818723584833 18.865348302439656
      vertex -60.518467489107294 5 18.865348302439656
    endloop
  endfacet
  facet normal 0.9876883405951372 0.15643446504023378 0
    outer loop
      vertex -60.518467489107294 5 18.865348302439656
      vertex -60.59097885141237 5.457818723584833 18.865348302439656
      vertex -60.518467489107294 5 19.1
    endloop
  endfacet
  facet normal 0.8483894172907639 0.43227599919138354 -0.3055697255163361
    outer loop
      vertex -60.91874086974899 5.785580741921449 18.41901425039068
      vertex -60.80141502096881 5.8708229606945705 18.865348302439656
      vertex -60.59097885141237 5.457818723584833 18.865348302439656
    endloop
  endfacet
  facet normal 0.8910065241883719 0.45399049973953887 0
    outer loop
      vertex -60.59097885141237 5.457818723584833 18.865348302439656
      vertex -60.80141502096881 5.8708229606945705 18.865348302439656
      vertex -60.59097885141237 5.457818723584833 19.1
    endloop
  endfacet
  facet normal 0.6732856536596767 0.6732856536596729 -0.30556972551633543
    outer loop
      vertex -61.21441925807855 6.081259130251014 18.41901425039068
      vertex -60.80141502096881 5.8708229606945705 18.865348302439656
      vertex -60.91874086974899 5.785580741921449 18.41901425039068
    endloop
  endfacet
  facet normal 0.6732856536596723 0.6732856536596813 -0.3055697255163272
    outer loop
      vertex -61.21441925807855 6.081259130251014 18.41901425039068
      vertex -61.12917703930543 6.198584979031187 18.865348302439656
      vertex -60.80141502096881 5.8708229606945705 18.865348302439656
    endloop
  endfacet
  facet normal 0.7071067811865428 0.7071067811865523 5.600655750074763e-17
    outer loop
      vertex -61.12917703930543 6.198584979031187 18.865348302439656
      vertex -60.80141502096881 5.8708229606945705 19.1
      vertex -60.80141502096881 5.8708229606945705 18.865348302439656
    endloop
  endfacet
  facet normal 0.15643446504022915 0.9876883405951379 0
    outer loop
      vertex -62 6.481532510892706 18.865348302439656
      vertex -62 6.481532510892706 19.1
      vertex -61.542181276415164 6.409021148587629 19.1
    endloop
  endfacet
  facet normal 0.4539904997395512 0.8910065241883657 0
    outer loop
      vertex -61.542181276415164 6.409021148587629 18.865348302439656
      vertex -61.542181276415164 6.409021148587629 19.1
      vertex -61.12917703930543 6.198584979031187 19.1
    endloop
  endfacet
  facet normal 0.9876883405951372 0.15643446504023378 0
    outer loop
      vertex -60.59097885141237 5.457818723584833 18.865348302439656
      vertex -60.59097885141237 5.457818723584833 19.1
      vertex -60.518467489107294 5 19.1
    endloop
  endfacet
  facet normal 0.8910065241883719 0.45399049973953887 0
    outer loop
      vertex -60.80141502096881 5.8708229606945705 18.865348302439656
      vertex -60.80141502096881 5.8708229606945705 19.1
      vertex -60.59097885141237 5.457818723584833 19.1
    endloop
  endfacet
  facet normal 0.7071067811865428 0.7071067811865523 0
    outer loop
      vertex -61.12917703930543 6.198584979031187 18.865348302439656
      vertex -61.12917703930543 6.198584979031187 19.1
      vertex -60.80141502096881 5.8708229606945705 19.1
    endloop
  endfacet
endsolid OpenSCAD_Model
