solid OpenSCAD_Model
  facet normal -0.47139673925746584 -0.8819212630487082 0
    outer loop
      vertex 57.29934512078762 -25.65010919123888 27.11
      vertex 57.29934512078762 -25.65010919123888 27.40263548302419
      vertex 57.02798422425985 -25.505063769221305 27.11
    endloop
  endfacet
  facet normal -0.2902847065903755 -0.9569403268332564 0
    outer loop
      vertex 57.29934512078762 -25.65010919123888 27.11
      vertex 57.59378881752491 -25.73942772001028 27.40263548302419
      vertex 57.29934512078762 -25.65010919123888 27.40263548302419
    endloop
  endfacet
  facet normal 0 0 1
    outer loop
      vertex 57.29934512078762 -25.65010919123888 27.40263548302419
      vertex 57.59378881752491 -25.73942772001028 27.40263548302419
      vertex 57.33216851949692 -25.570866537094116 27.40263548302419
    endloop
  endfacet
  facet normal -0.2902847065903755 -0.9569403268332564 0
    outer loop
      vertex 57.29934512078762 -25.65010919123888 27.11
      vertex 57.59378881752491 -25.73942772001028 27.11
      vertex 57.59378881752491 -25.73942772001028 27.40263548302419
    endloop
  endfacet
  facet normal 0 0 1
    outer loop
      vertex 57.59378881752491 -25.73942772001028 27.40263548302419
      vertex 57.610522016882896 -25.65530416071415 27.40263548302419
      vertex 57.33216851949692 -25.570866537094116 27.40263548302419
    endloop
  endfacet
  facet normal -0.09801715023871804 -0.9951847256962301 0
    outer loop
      vertex 57.59378881752491 -25.73942772001028 27.11
      vertex 57.916153997182846 -25.771177922189235 27.11
      vertex 57.916153997182846 -25.771177922189235 27.40263548302419
    endloop
  endfacet
  facet normal -0.09801715023871804 -0.9951847256962301 0
    outer loop
      vertex 57.59378881752491 -25.73942772001028 27.11
      vertex 57.916153997182846 -25.771177922189235 27.40263548302419
      vertex 57.59378881752491 -25.73942772001028 27.40263548302419
    endloop
  endfacet
  facet normal 0 0 1
    outer loop
      vertex 57.59378881752491 -25.73942772001028 27.40263548302419
      vertex 57.92034745961428 -25.685819302499294 27.40263548302419
      vertex 57.610522016882896 -25.65530416071415 27.40263548302419
    endloop
  endfacet
  facet normal -0.7730104572692552 -0.634393279403539 0
    outer loop
      vertex 56.790134489536285 -25.3098655462265 27.11
      vertex 56.790134489536285 -25.3098655462265 27.40263548302419
      vertex 56.594936192035675 -25.072015729546546 27.11
    endloop
  endfacet
  facet normal 0 0 1
    outer loop
      vertex 56.790134489536285 -25.3098655462265 27.40263548302419
      vertex 56.85078418254852 -25.24921582341194 27.40263548302419
      vertex 56.666252717375755 -25.024363581836223 27.40263548302419
    endloop
  endfacet
  facet normal -0.7730104572692552 -0.634393279403539 0
    outer loop
      vertex 56.790134489536285 -25.3098655462265 27.40263548302419
      vertex 56.594936192035675 -25.072015729546546 27.40263548302419
      vertex 56.594936192035675 -25.072015729546546 27.11
    endloop
  endfacet
  facet normal 0 0 1
    outer loop
      vertex 56.790134489536285 -25.3098655462265 27.40263548302419
      vertex 56.666252717375755 -25.024363581836223 27.40263548302419
      vertex 56.594936192035675 -25.072015729546546 27.40263548302419
    endloop
  endfacet
  facet normal -0.8819212642605178 -0.47139673699032963 0
    outer loop
      vertex 56.594936192035675 -25.072015729546546 27.11
      vertex 56.594936192035675 -25.072015729546546 27.40263548302419
      vertex 56.449890814721584 -24.800654914975166 27.11
    endloop
  endfacet
  facet normal 0 0 1
    outer loop
      vertex 56.594936192035675 -25.072015729546546 27.40263548302419
      vertex 56.666252717375755 -25.024363581836223 27.40263548302419
      vertex 56.52913346141577 -24.767831508815288 27.40263548302419
    endloop
  endfacet
  facet normal -0.8819212642605178 -0.47139673699032963 0
    outer loop
      vertex 56.594936192035675 -25.072015729546546 27.40263548302419
      vertex 56.449890814721584 -24.800654914975166 27.40263548302419
      vertex 56.449890814721584 -24.800654914975166 27.11
    endloop
  endfacet
  facet normal 0 0 1
    outer loop
      vertex 56.594936192035675 -25.072015729546546 27.40263548302419
      vertex 56.52913346141577 -24.767831508815288 27.40263548302419
      vertex 56.449890814721584 -24.800654914975166 27.40263548302419
    endloop
  endfacet
  facet normal -0.9569403329545362 -0.2902846864112216 0
    outer loop
      vertex 56.449890814721584 -24.800654914975166 27.11
      vertex 56.449890814721584 -24.800654914975166 27.40263548302419
      vertex 56.360572285950184 -24.506211195886134 27.11
    endloop
  endfacet
  facet normal 0 0 1
    outer loop
      vertex 56.449890814721584 -24.800654914975166 27.40263548302419
      vertex 56.52913346141577 -24.767831508815288 27.40263548302419
      vertex 56.444695852696896 -24.48947800397873 27.40263548302419
    endloop
  endfacet
  facet normal -0.9569403329545362 -0.2902846864112216 0
    outer loop
      vertex 56.449890814721584 -24.800654914975166 27.40263548302419
      vertex 56.360572285950184 -24.506211195886134 27.40263548302419
      vertex 56.360572285950184 -24.506211195886134 27.11
    endloop
  endfacet
  facet normal 0 0 1
    outer loop
      vertex 56.449890814721584 -24.800654914975166 27.40263548302419
      vertex 56.444695852696896 -24.48947800397873 27.40263548302419
      vertex 56.360572285950184 -24.506211195886134 27.40263548302419
    endloop
  endfacet
  facet normal -0.9951847274524229 -0.09801713240779253 0
    outer loop
      vertex 56.360572285950184 -24.506211195886134 27.11
      vertex 56.360572285950184 -24.506211195886134 27.40263548302419
      vertex 56.3304131180048 -24.2 27.11
    endloop
  endfacet
  facet normal -0.9951847274524229 -0.09801713240779253 0
    outer loop
      vertex 56.360572285950184 -24.506211195886134 27.40263548302419
      vertex 56.3304131180048 -24.2 27.40263548302419
      vertex 56.3304131180048 -24.2 27.11
    endloop
  endfacet
  facet normal 0 0 1
    outer loop
      vertex 56.360572285950184 -24.506211195886134 27.40263548302419
      vertex 56.41618475317955 -24.2 27.40263548302419
      vertex 56.3304131180048 -24.2 27.40263548302419
    endloop
  endfacet
  facet normal 0 0 1
    outer loop
      vertex 56.360572285950184 -24.506211195886134 27.40263548302419
      vertex 56.444695852696896 -24.48947800397873 27.40263548302419
      vertex 56.41618475317955 -24.2 27.40263548302419
    endloop
  endfacet
  facet normal -0.6343932653317897 -0.7730104688176413 0
    outer loop
      vertex 56.790134489536285 -25.3098655462265 27.11
      vertex 57.02798422425985 -25.505063769221305 27.11
      vertex 57.02798422425985 -25.505063769221305 27.40263548302419
    endloop
  endfacet
  facet normal -0.47139673925746584 -0.8819212630487082 0
    outer loop
      vertex 57.29934512078762 -25.65010919123888 27.40263548302419
      vertex 57.02798422425985 -25.505063769221305 27.40263548302419
      vertex 57.02798422425985 -25.505063769221305 27.11
    endloop
  endfacet
  facet normal 0 0 1
    outer loop
      vertex 57.29934512078762 -25.65010919123888 27.40263548302419
      vertex 57.07563639432192 -25.433747258782386 27.40263548302419
      vertex 57.02798422425985 -25.505063769221305 27.40263548302419
    endloop
  endfacet
  facet normal 0 0 1
    outer loop
      vertex 57.29934512078762 -25.65010919123888 27.40263548302419
      vertex 57.33216851949692 -25.570866537094116 27.40263548302419
      vertex 57.07563639432192 -25.433747258782386 27.40263548302419
    endloop
  endfacet
  facet normal -0.6343932653317897 -0.7730104688176413 0
    outer loop
      vertex 56.790134489536285 -25.3098655462265 27.11
      vertex 57.02798422425985 -25.505063769221305 27.40263548302419
      vertex 56.790134489536285 -25.3098655462265 27.40263548302419
    endloop
  endfacet
  facet normal 0 0 1
    outer loop
      vertex 56.790134489536285 -25.3098655462265 27.40263548302419
      vertex 57.02798422425985 -25.505063769221305 27.40263548302419
      vertex 56.85078418254852 -25.24921582341194 27.40263548302419
    endloop
  endfacet
  facet normal 0 0 1
    outer loop
      vertex 57.02798422425985 -25.505063769221305 27.40263548302419
      vertex 57.07563639432192 -25.433747258782386 27.40263548302419
      vertex 56.85078418254852 -25.24921582341194 27.40263548302419
    endloop
  endfacet
  facet normal 0 -1 0
    outer loop
      vertex 57.916153997182846 -25.771177922189235 27.11
      vertex 66.08384600281715 -25.771177922189235 27.40263548302419
      vertex 57.916153997182846 -25.771177922189235 27.40263548302419
    endloop
  endfacet
  facet normal 0 0 1
    outer loop
      vertex 57.59378881752491 -25.73942772001028 27.40263548302419
      vertex 57.916153997182846 -25.771177922189235 27.40263548302419
      vertex 66.40621118247509 -25.73942772001028 27.40263548302419
    endloop
  endfacet
  facet normal 0 0 1
    outer loop
      vertex 57.59378881752491 -25.73942772001028 27.40263548302419
      vertex 66.40621118247509 -25.73942772001028 27.40263548302419
      vertex 57.92034745961428 -25.685819302499294 27.40263548302419
    endloop
  endfacet
  facet normal -0.9951847274524229 0.09801713240779253 0
    outer loop
      vertex 56.3304131180048 -24.2 27.11
      vertex 56.3304131180048 -24.2 27.40263548302419
      vertex 56.360572285950184 -23.893788804113864 27.11
    endloop
  endfacet
  facet normal -0.9951847274524229 0.09801713240779253 0
    outer loop
      vertex 56.3304131180048 -24.2 27.40263548302419
      vertex 56.360572285950184 -23.893788804113864 27.40263548302419
      vertex 56.360572285950184 -23.893788804113864 27.11
    endloop
  endfacet
  facet normal 0 0 1
    outer loop
      vertex 56.3304131180048 -24.2 27.40263548302419
      vertex 56.444695852696896 -23.91052199602127 27.40263548302419
      vertex 56.360572285950184 -23.893788804113864 27.40263548302419
    endloop
  endfacet
  facet normal 0 0 1
    outer loop
      vertex 56.3304131180048 -24.2 27.40263548302419
      vertex 56.41618475317955 -24.2 27.40263548302419
      vertex 56.444695852696896 -23.91052199602127 27.40263548302419
    endloop
  endfacet
  facet normal -0.9569403329545362 0.2902846864112216 0
    outer loop
      vertex 56.360572285950184 -23.893788804113864 27.11
      vertex 56.360572285950184 -23.893788804113864 27.40263548302419
      vertex 56.449890814721584 -23.599345085024833 27.11
    endloop
  endfacet
  facet normal 0 0 1
    outer loop
      vertex 56.360572285950184 -23.893788804113864 27.40263548302419
      vertex 56.444695852696896 -23.91052199602127 27.40263548302419
      vertex 56.52913346141577 -23.63216849118471 27.40263548302419
    endloop
  endfacet
  facet normal -0.9569403329545362 0.2902846864112216 0
    outer loop
      vertex 56.360572285950184 -23.893788804113864 27.40263548302419
      vertex 56.449890814721584 -23.599345085024833 27.40263548302419
      vertex 56.449890814721584 -23.599345085024833 27.11
    endloop
  endfacet
  facet normal 0 0 1
    outer loop
      vertex 56.360572285950184 -23.893788804113864 27.40263548302419
      vertex 56.52913346141577 -23.63216849118471 27.40263548302419
      vertex 56.449890814721584 -23.599345085024833 27.40263548302419
    endloop
  endfacet
  facet normal -0.8819212642605178 0.47139673699032963 0
    outer loop
      vertex 56.449890814721584 -23.599345085024833 27.11
      vertex 56.449890814721584 -23.599345085024833 27.40263548302419
      vertex 56.594936192035675 -23.327984270453452 27.11
    endloop
  endfacet
  facet normal 0 0 1
    outer loop
      vertex 56.449890814721584 -23.599345085024833 27.40263548302419
      vertex 56.52913346141577 -23.63216849118471 27.40263548302419
      vertex 56.666252717375755 -23.375636418163776 27.40263548302419
    endloop
  endfacet
  facet normal -0.8819212642605178 0.47139673699032963 0
    outer loop
      vertex 56.449890814721584 -23.599345085024833 27.40263548302419
      vertex 56.594936192035675 -23.327984270453452 27.40263548302419
      vertex 56.594936192035675 -23.327984270453452 27.11
    endloop
  endfacet
  facet normal 0 0 1
    outer loop
      vertex 56.449890814721584 -23.599345085024833 27.40263548302419
      vertex 56.666252717375755 -23.375636418163776 27.40263548302419
      vertex 56.594936192035675 -23.327984270453452 27.40263548302419
    endloop
  endfacet
  facet normal -0.7730104572692552 0.634393279403539 0
    outer loop
      vertex 56.594936192035675 -23.327984270453452 27.11
      vertex 56.594936192035675 -23.327984270453452 27.40263548302419
      vertex 56.790134489536285 -23.090134453773498 27.11
    endloop
  endfacet
  facet normal 0 0 1
    outer loop
      vertex 56.594936192035675 -23.327984270453452 27.40263548302419
      vertex 56.666252717375755 -23.375636418163776 27.40263548302419
      vertex 56.85078418254852 -23.150784176588058 27.40263548302419
    endloop
  endfacet
  facet normal -0.7730104572692552 0.634393279403539 0
    outer loop
      vertex 56.594936192035675 -23.327984270453452 27.40263548302419
      vertex 56.790134489536285 -23.090134453773498 27.40263548302419
      vertex 56.790134489536285 -23.090134453773498 27.11
    endloop
  endfacet
  facet normal 0 0 1
    outer loop
      vertex 56.594936192035675 -23.327984270453452 27.40263548302419
      vertex 56.85078418254852 -23.150784176588058 27.40263548302419
      vertex 56.790134489536285 -23.090134453773498 27.40263548302419
    endloop
  endfacet
  facet normal 0 0 1
    outer loop
      vertex 56.790134489536285 -23.090134453773498 27.40263548302419
      vertex 56.85078418254852 -23.150784176588058 27.40263548302419
      vertex 57.07563639432192 -22.966252741217613 27.40263548302419
    endloop
  endfacet
  facet normal -0.6343932653317897 0.7730104688176413 0
    outer loop
      vertex 56.790134489536285 -23.090134453773498 27.11
      vertex 56.790134489536285 -23.090134453773498 27.40263548302419
      vertex 57.02798422425985 -22.894936230778693 27.11
    endloop
  endfacet
  facet normal 0 0 1
    outer loop
      vertex 56.790134489536285 -23.090134453773498 27.40263548302419
      vertex 57.07563639432192 -22.966252741217613 27.40263548302419
      vertex 57.02798422425985 -22.894936230778693 27.40263548302419
    endloop
  endfacet
  facet normal -0.6343932653317897 0.7730104688176413 0
    outer loop
      vertex 56.790134489536285 -23.090134453773498 27.40263548302419
      vertex 57.02798422425985 -22.894936230778693 27.40263548302419
      vertex 57.02798422425985 -22.894936230778693 27.11
    endloop
  endfacet
  facet normal 0 0 1
    outer loop
      vertex 57.02798422425985 -22.894936230778693 27.40263548302419
      vertex 57.07563639432192 -22.966252741217613 27.40263548302419
      vertex 57.33216851949692 -22.829133462905883 27.40263548302419
    endloop
  endfacet
  facet normal -0.47139673925746584 0.8819212630487082 0
    outer loop
      vertex 57.02798422425985 -22.894936230778693 27.11
      vertex 57.02798422425985 -22.894936230778693 27.40263548302419
      vertex 57.29934512078762 -22.74989080876112 27.11
    endloop
  endfacet
  facet normal 0 0 1
    outer loop
      vertex 57.02798422425985 -22.894936230778693 27.40263548302419
      vertex 57.33216851949692 -22.829133462905883 27.40263548302419
      vertex 57.29934512078762 -22.74989080876112 27.40263548302419
    endloop
  endfacet
  facet normal -0.47139673925746584 0.8819212630487082 0
    outer loop
      vertex 57.02798422425985 -22.894936230778693 27.40263548302419
      vertex 57.29934512078762 -22.74989080876112 27.40263548302419
      vertex 57.29934512078762 -22.74989080876112 27.11
    endloop
  endfacet
  facet normal -0.2902847065903755 0.9569403268332564 0
    outer loop
      vertex 57.29934512078762 -22.74989080876112 27.11
      vertex 57.29934512078762 -22.74989080876112 27.40263548302419
      vertex 57.59378881752491 -22.66057227998972 27.11
    endloop
  endfacet
  facet normal 0 0 1
    outer loop
      vertex 57.33216851949692 -22.829133462905883 27.40263548302419
      vertex 57.610522016882896 -22.74469583928585 27.40263548302419
      vertex 57.29934512078762 -22.74989080876112 27.40263548302419
    endloop
  endfacet
  facet normal 0 0 1
    outer loop
      vertex 57.29934512078762 -22.74989080876112 27.40263548302419
      vertex 57.610522016882896 -22.74469583928585 27.40263548302419
      vertex 57.59378881752491 -22.66057227998972 27.40263548302419
    endloop
  endfacet
  facet normal -0.2902847065903755 0.9569403268332564 0
    outer loop
      vertex 57.59378881752491 -22.66057227998972 27.11
      vertex 57.29934512078762 -22.74989080876112 27.40263548302419
      vertex 57.59378881752491 -22.66057227998972 27.40263548302419
    endloop
  endfacet
  facet normal -0.09801715023871804 0.9951847256962301 0
    outer loop
      vertex 57.59378881752491 -22.66057227998972 27.11
      vertex 57.59378881752491 -22.66057227998972 27.40263548302419
      vertex 57.916153997182846 -22.628822077810764 27.11
    endloop
  endfacet
  facet normal 0 0 1
    outer loop
      vertex 57.610522016882896 -22.74469583928585 27.40263548302419
      vertex 57.92034745961428 -22.714180697500705 27.40263548302419
      vertex 57.59378881752491 -22.66057227998972 27.40263548302419
    endloop
  endfacet
  facet normal -0.09801715023871804 0.9951847256962301 0
    outer loop
      vertex 57.59378881752491 -22.66057227998972 27.40263548302419
      vertex 57.916153997182846 -22.628822077810764 27.40263548302419
      vertex 57.916153997182846 -22.628822077810764 27.11
    endloop
  endfacet
  facet normal 0 1 0
    outer loop
      vertex 57.916153997182846 -22.628822077810764 27.11
      vertex 57.916153997182846 -22.628822077810764 27.40263548302419
      vertex 66.08384600281715 -22.628822077810764 27.11
    endloop
  endfacet
  facet normal 0 0 1
    outer loop
      vertex 57.59378881752491 -22.66057227998972 27.40263548302419
      vertex 57.92034745961428 -22.714180697500705 27.40263548302419
      vertex 66.07965254038572 -22.714180697500705 27.40263548302419
    endloop
  endfacet
  facet normal 0 0 1
    outer loop
      vertex 57.59378881752491 -22.66057227998972 27.40263548302419
      vertex 66.08384600281715 -22.628822077810764 27.40263548302419
      vertex 57.916153997182846 -22.628822077810764 27.40263548302419
    endloop
  endfacet
  facet normal 0 -1 0
    outer loop
      vertex 57.916153997182846 -25.771177922189235 27.11
      vertex 66.08384600281715 -25.771177922189235 27.11
      vertex 66.08384600281715 -25.771177922189235 27.40263548302419
    endloop
  endfacet
  facet normal 0 0 1
    outer loop
      vertex 57.916153997182846 -25.771177922189235 27.40263548302419
      vertex 66.08384600281715 -25.771177922189235 27.40263548302419
      vertex 66.40621118247509 -25.73942772001028 27.40263548302419
    endloop
  endfacet
  facet normal 0 0 1
    outer loop
      vertex 57.92034745961428 -25.685819302499294 27.40263548302419
      vertex 66.40621118247509 -25.73942772001028 27.40263548302419
      vertex 66.07965254038572 -25.685819302499294 27.40263548302419
    endloop
  endfacet
  facet normal 0.09801715023871804 -0.9951847256962301 0
    outer loop
      vertex 66.08384600281715 -25.771177922189235 27.11
      vertex 66.40621118247509 -25.73942772001028 27.11
      vertex 66.40621118247509 -25.73942772001028 27.40263548302419
    endloop
  endfacet
  facet normal 0.09801715023871804 -0.9951847256962301 0
    outer loop
      vertex 66.08384600281715 -25.771177922189235 27.11
      vertex 66.40621118247509 -25.73942772001028 27.40263548302419
      vertex 66.08384600281715 -25.771177922189235 27.40263548302419
    endloop
  endfacet
  facet normal 0 0 1
    outer loop
      vertex 66.07965254038572 -25.685819302499294 27.40263548302419
      vertex 66.40621118247509 -25.73942772001028 27.40263548302419
      vertex 66.3894779831171 -25.65530416071415 27.40263548302419
    endloop
  endfacet
  facet normal 0.2902847065903755 -0.9569403268332564 0
    outer loop
      vertex 66.40621118247509 -25.73942772001028 27.11
      vertex 66.70065487921238 -25.65010919123888 27.40263548302419
      vertex 66.40621118247509 -25.73942772001028 27.40263548302419
    endloop
  endfacet
  facet normal 0 0 1
    outer loop
      vertex 66.40621118247509 -25.73942772001028 27.40263548302419
      vertex 66.70065487921238 -25.65010919123888 27.40263548302419
      vertex 66.3894779831171 -25.65530416071415 27.40263548302419
    endloop
  endfacet
  facet normal 0.2902847065903755 -0.9569403268332564 0
    outer loop
      vertex 66.40621118247509 -25.73942772001028 27.11
      vertex 66.70065487921238 -25.65010919123888 27.11
      vertex 66.70065487921238 -25.65010919123888 27.40263548302419
    endloop
  endfacet
  facet normal 0 0 1
    outer loop
      vertex 66.3894779831171 -25.65530416071415 27.40263548302419
      vertex 66.70065487921238 -25.65010919123888 27.40263548302419
      vertex 66.66783148050308 -25.570866537094116 27.40263548302419
    endloop
  endfacet
  facet normal 0.47139673925746584 -0.8819212630487082 0
    outer loop
      vertex 66.70065487921238 -25.65010919123888 27.11
      vertex 66.97201577574015 -25.505063769221305 27.40263548302419
      vertex 66.70065487921238 -25.65010919123888 27.40263548302419
    endloop
  endfacet
  facet normal 0.47139673925746584 -0.8819212630487082 0
    outer loop
      vertex 66.70065487921238 -25.65010919123888 27.11
      vertex 66.97201577574015 -25.505063769221305 27.11
      vertex 66.97201577574015 -25.505063769221305 27.40263548302419
    endloop
  endfacet
  facet normal 0 0 1
    outer loop
      vertex 66.70065487921238 -25.65010919123888 27.40263548302419
      vertex 66.97201577574015 -25.505063769221305 27.40263548302419
      vertex 66.66783148050308 -25.570866537094116 27.40263548302419
    endloop
  endfacet
  facet normal 0 0 1
    outer loop
      vertex 66.66783148050308 -25.570866537094116 27.40263548302419
      vertex 66.97201577574015 -25.505063769221305 27.40263548302419
      vertex 66.92436360567808 -25.433747258782386 27.40263548302419
    endloop
  endfacet
  facet normal 0.6343932653317897 -0.7730104688176413 0
    outer loop
      vertex 66.97201577574015 -25.505063769221305 27.11
      vertex 67.20986551046371 -25.3098655462265 27.40263548302419
      vertex 66.97201577574015 -25.505063769221305 27.40263548302419
    endloop
  endfacet
  facet normal 0.6343932653317897 -0.7730104688176413 0
    outer loop
      vertex 66.97201577574015 -25.505063769221305 27.11
      vertex 67.20986551046371 -25.3098655462265 27.11
      vertex 67.20986551046371 -25.3098655462265 27.40263548302419
    endloop
  endfacet
  facet normal 0 0 1
    outer loop
      vertex 66.92436360567808 -25.433747258782386 27.40263548302419
      vertex 66.97201577574015 -25.505063769221305 27.40263548302419
      vertex 67.20986551046371 -25.3098655462265 27.40263548302419
    endloop
  endfacet
  facet normal 0 0 1
    outer loop
      vertex 66.92436360567808 -25.433747258782386 27.40263548302419
      vertex 67.20986551046371 -25.3098655462265 27.40263548302419
      vertex 67.14921581745148 -25.24921582341194 27.40263548302419
    endloop
  endfacet
  facet normal 0.7730104572692552 -0.634393279403539 0
    outer loop
      vertex 67.20986551046371 -25.3098655462265 27.11
      vertex 67.40506380796432 -25.072015729546546 27.40263548302419
      vertex 67.20986551046371 -25.3098655462265 27.40263548302419
    endloop
  endfacet
  facet normal 0 0 1
    outer loop
      vertex 67.14921581745148 -25.24921582341194 27.40263548302419
      vertex 67.20986551046371 -25.3098655462265 27.40263548302419
      vertex 67.40506380796432 -25.072015729546546 27.40263548302419
    endloop
  endfacet
  facet normal 0.7730104572692552 -0.634393279403539 0
    outer loop
      vertex 67.20986551046371 -25.3098655462265 27.11
      vertex 67.40506380796432 -25.072015729546546 27.11
      vertex 67.40506380796432 -25.072015729546546 27.40263548302419
    endloop
  endfacet
  facet normal 0 0 1
    outer loop
      vertex 67.14921581745148 -25.24921582341194 27.40263548302419
      vertex 67.40506380796432 -25.072015729546546 27.40263548302419
      vertex 67.33374728262424 -25.024363581836223 27.40263548302419
    endloop
  endfacet
  facet normal 0.8819212642605178 -0.47139673699032963 0
    outer loop
      vertex 67.40506380796432 -25.072015729546546 27.11
      vertex 67.55010918527842 -24.800654914975166 27.40263548302419
      vertex 67.40506380796432 -25.072015729546546 27.40263548302419
    endloop
  endfacet
  facet normal 0 0 1
    outer loop
      vertex 67.33374728262424 -25.024363581836223 27.40263548302419
      vertex 67.40506380796432 -25.072015729546546 27.40263548302419
      vertex 67.55010918527842 -24.800654914975166 27.40263548302419
    endloop
  endfacet
  facet normal 0.8819212642605178 -0.47139673699032963 0
    outer loop
      vertex 67.40506380796432 -25.072015729546546 27.11
      vertex 67.55010918527842 -24.800654914975166 27.11
      vertex 67.55010918527842 -24.800654914975166 27.40263548302419
    endloop
  endfacet
  facet normal 0 0 1
    outer loop
      vertex 67.33374728262424 -25.024363581836223 27.40263548302419
      vertex 67.55010918527842 -24.800654914975166 27.40263548302419
      vertex 67.47086653858423 -24.767831508815288 27.40263548302419
    endloop
  endfacet
  facet normal 0.9569403329545362 -0.2902846864112216 0
    outer loop
      vertex 67.55010918527842 -24.800654914975166 27.11
      vertex 67.63942771404982 -24.506211195886134 27.40263548302419
      vertex 67.55010918527842 -24.800654914975166 27.40263548302419
    endloop
  endfacet
  facet normal 0 0 1
    outer loop
      vertex 67.47086653858423 -24.767831508815288 27.40263548302419
      vertex 67.55010918527842 -24.800654914975166 27.40263548302419
      vertex 67.63942771404982 -24.506211195886134 27.40263548302419
    endloop
  endfacet
  facet normal 0.9569403329545362 -0.2902846864112216 0
    outer loop
      vertex 67.55010918527842 -24.800654914975166 27.11
      vertex 67.63942771404982 -24.506211195886134 27.11
      vertex 67.63942771404982 -24.506211195886134 27.40263548302419
    endloop
  endfacet
  facet normal 0 0 1
    outer loop
      vertex 67.47086653858423 -24.767831508815288 27.40263548302419
      vertex 67.63942771404982 -24.506211195886134 27.40263548302419
      vertex 67.5553041473031 -24.48947800397873 27.40263548302419
    endloop
  endfacet
  facet normal 0 0 1
    outer loop
      vertex 67.5553041473031 -24.48947800397873 27.40263548302419
      vertex 67.6695868819952 -24.2 27.40263548302419
      vertex 67.58381524682045 -24.2 27.40263548302419
    endloop
  endfacet
  facet normal 0.9951847274524229 -0.09801713240779253 0
    outer loop
      vertex 67.63942771404982 -24.506211195886134 27.11
      vertex 67.6695868819952 -24.2 27.40263548302419
      vertex 67.63942771404982 -24.506211195886134 27.40263548302419
    endloop
  endfacet
  facet normal 0 0 1
    outer loop
      vertex 67.5553041473031 -24.48947800397873 27.40263548302419
      vertex 67.63942771404982 -24.506211195886134 27.40263548302419
      vertex 67.6695868819952 -24.2 27.40263548302419
    endloop
  endfacet
  facet normal 0.9951847274524229 -0.09801713240779253 0
    outer loop
      vertex 67.63942771404982 -24.506211195886134 27.11
      vertex 67.6695868819952 -24.2 27.11
      vertex 67.6695868819952 -24.2 27.40263548302419
    endloop
  endfacet
  facet normal 0 0 1
    outer loop
      vertex 57.59378881752491 -22.66057227998972 27.40263548302419
      vertex 66.07965254038572 -22.714180697500705 27.40263548302419
      vertex 66.40621118247509 -22.66057227998972 27.40263548302419
    endloop
  endfacet
  facet normal 0 1 0
    outer loop
      vertex 57.916153997182846 -22.628822077810764 27.40263548302419
      vertex 66.08384600281715 -22.628822077810764 27.40263548302419
      vertex 66.08384600281715 -22.628822077810764 27.11
    endloop
  endfacet
  facet normal 0 0 1
    outer loop
      vertex 57.59378881752491 -22.66057227998972 27.40263548302419
      vertex 66.40621118247509 -22.66057227998972 27.40263548302419
      vertex 66.08384600281715 -22.628822077810764 27.40263548302419
    endloop
  endfacet
  facet normal 0 0 1
    outer loop
      vertex 67.14921581745148 -23.150784176588058 27.40263548302419
      vertex 66.97201577574015 -22.894936230778693 27.40263548302419
      vertex 66.92436360567808 -22.966252741217613 27.40263548302419
    endloop
  endfacet
  facet normal 0.6343932653317897 0.7730104688176413 0
    outer loop
      vertex 66.97201577574015 -22.894936230778693 27.40263548302419
      vertex 67.20986551046371 -23.090134453773498 27.40263548302419
      vertex 67.20986551046371 -23.090134453773498 27.11
    endloop
  endfacet
  facet normal 0 0 1
    outer loop
      vertex 67.14921581745148 -23.150784176588058 27.40263548302419
      vertex 67.20986551046371 -23.090134453773498 27.40263548302419
      vertex 66.97201577574015 -22.894936230778693 27.40263548302419
    endloop
  endfacet
  facet normal 0 0 1
    outer loop
      vertex 66.66783148050308 -22.829133462905883 27.40263548302419
      vertex 66.92436360567808 -22.966252741217613 27.40263548302419
      vertex 66.70065487921238 -22.74989080876112 27.40263548302419
    endloop
  endfacet
  facet normal 0.47139673925746584 0.8819212630487082 0
    outer loop
      vertex 66.97201577574015 -22.894936230778693 27.11
      vertex 66.70065487921238 -22.74989080876112 27.40263548302419
      vertex 66.97201577574015 -22.894936230778693 27.40263548302419
    endloop
  endfacet
  facet normal 0 0 1
    outer loop
      vertex 66.92436360567808 -22.966252741217613 27.40263548302419
      vertex 66.97201577574015 -22.894936230778693 27.40263548302419
      vertex 66.70065487921238 -22.74989080876112 27.40263548302419
    endloop
  endfacet
  facet normal 0.6343932653317897 0.7730104688176413 0
    outer loop
      vertex 66.97201577574015 -22.894936230778693 27.11
      vertex 66.97201577574015 -22.894936230778693 27.40263548302419
      vertex 67.20986551046371 -23.090134453773498 27.11
    endloop
  endfacet
  facet normal 0 0 1
    outer loop
      vertex 67.58381524682045 -24.2 27.40263548302419
      vertex 67.63942771404982 -23.893788804113864 27.40263548302419
      vertex 67.5553041473031 -23.91052199602127 27.40263548302419
    endloop
  endfacet
  facet normal 0.9951847274524229 0.09801713240779253 0
    outer loop
      vertex 67.6695868819952 -24.2 27.11
      vertex 67.63942771404982 -23.893788804113864 27.40263548302419
      vertex 67.6695868819952 -24.2 27.40263548302419
    endloop
  endfacet
  facet normal 0 0 1
    outer loop
      vertex 67.58381524682045 -24.2 27.40263548302419
      vertex 67.6695868819952 -24.2 27.40263548302419
      vertex 67.63942771404982 -23.893788804113864 27.40263548302419
    endloop
  endfacet
  facet normal 0.9951847274524229 0.09801713240779253 0
    outer loop
      vertex 67.6695868819952 -24.2 27.11
      vertex 67.63942771404982 -23.893788804113864 27.11
      vertex 67.63942771404982 -23.893788804113864 27.40263548302419
    endloop
  endfacet
  facet normal 0.9569403329545362 0.2902846864112216 0
    outer loop
      vertex 67.63942771404982 -23.893788804113864 27.11
      vertex 67.55010918527842 -23.599345085024833 27.40263548302419
      vertex 67.63942771404982 -23.893788804113864 27.40263548302419
    endloop
  endfacet
  facet normal 0 0 1
    outer loop
      vertex 67.5553041473031 -23.91052199602127 27.40263548302419
      vertex 67.63942771404982 -23.893788804113864 27.40263548302419
      vertex 67.55010918527842 -23.599345085024833 27.40263548302419
    endloop
  endfacet
  facet normal 0.9569403329545362 0.2902846864112216 0
    outer loop
      vertex 67.63942771404982 -23.893788804113864 27.11
      vertex 67.55010918527842 -23.599345085024833 27.11
      vertex 67.55010918527842 -23.599345085024833 27.40263548302419
    endloop
  endfacet
  facet normal 0 0 1
    outer loop
      vertex 67.5553041473031 -23.91052199602127 27.40263548302419
      vertex 67.55010918527842 -23.599345085024833 27.40263548302419
      vertex 67.47086653858423 -23.63216849118471 27.40263548302419
    endloop
  endfacet
  facet normal 0.8819212642605178 0.47139673699032963 0
    outer loop
      vertex 67.55010918527842 -23.599345085024833 27.11
      vertex 67.40506380796432 -23.327984270453452 27.40263548302419
      vertex 67.55010918527842 -23.599345085024833 27.40263548302419
    endloop
  endfacet
  facet normal 0 0 1
    outer loop
      vertex 67.47086653858423 -23.63216849118471 27.40263548302419
      vertex 67.55010918527842 -23.599345085024833 27.40263548302419
      vertex 67.40506380796432 -23.327984270453452 27.40263548302419
    endloop
  endfacet
  facet normal 0.8819212642605178 0.47139673699032963 0
    outer loop
      vertex 67.55010918527842 -23.599345085024833 27.11
      vertex 67.40506380796432 -23.327984270453452 27.11
      vertex 67.40506380796432 -23.327984270453452 27.40263548302419
    endloop
  endfacet
  facet normal 0 0 1
    outer loop
      vertex 67.47086653858423 -23.63216849118471 27.40263548302419
      vertex 67.40506380796432 -23.327984270453452 27.40263548302419
      vertex 67.33374728262424 -23.375636418163776 27.40263548302419
    endloop
  endfacet
  facet normal 0.7730104572692552 0.634393279403539 0
    outer loop
      vertex 67.40506380796432 -23.327984270453452 27.11
      vertex 67.20986551046371 -23.090134453773498 27.40263548302419
      vertex 67.40506380796432 -23.327984270453452 27.40263548302419
    endloop
  endfacet
  facet normal 0 0 1
    outer loop
      vertex 67.33374728262424 -23.375636418163776 27.40263548302419
      vertex 67.40506380796432 -23.327984270453452 27.40263548302419
      vertex 67.20986551046371 -23.090134453773498 27.40263548302419
    endloop
  endfacet
  facet normal 0.7730104572692552 0.634393279403539 0
    outer loop
      vertex 67.40506380796432 -23.327984270453452 27.11
      vertex 67.20986551046371 -23.090134453773498 27.11
      vertex 67.20986551046371 -23.090134453773498 27.40263548302419
    endloop
  endfacet
  facet normal 0 0 1
    outer loop
      vertex 67.14921581745148 -23.150784176588058 27.40263548302419
      vertex 67.33374728262424 -23.375636418163776 27.40263548302419
      vertex 67.20986551046371 -23.090134453773498 27.40263548302419
    endloop
  endfacet
  facet normal 0.09801715023871804 0.9951847256962301 0
    outer loop
      vertex 66.08384600281715 -22.628822077810764 27.11
      vertex 66.08384600281715 -22.628822077810764 27.40263548302419
      vertex 66.40621118247509 -22.66057227998972 27.11
    endloop
  endfacet
  facet normal 0 0 1
    outer loop
      vertex 66.07965254038572 -22.714180697500705 27.40263548302419
      vertex 66.3894779831171 -22.74469583928585 27.40263548302419
      vertex 66.40621118247509 -22.66057227998972 27.40263548302419
    endloop
  endfacet
  facet normal 0.09801715023871804 0.9951847256962301 0
    outer loop
      vertex 66.08384600281715 -22.628822077810764 27.40263548302419
      vertex 66.40621118247509 -22.66057227998972 27.40263548302419
      vertex 66.40621118247509 -22.66057227998972 27.11
    endloop
  endfacet
  facet normal 0 0 1
    outer loop
      vertex 66.66783148050308 -22.829133462905883 27.40263548302419
      vertex 66.40621118247509 -22.66057227998972 27.40263548302419
      vertex 66.3894779831171 -22.74469583928585 27.40263548302419
    endloop
  endfacet
  facet normal 0.2902847065903755 0.9569403268332564 0
    outer loop
      vertex 66.40621118247509 -22.66057227998972 27.11
      vertex 66.40621118247509 -22.66057227998972 27.40263548302419
      vertex 66.70065487921238 -22.74989080876112 27.11
    endloop
  endfacet
  facet normal 0.2902847065903755 0.9569403268332564 0
    outer loop
      vertex 66.70065487921238 -22.74989080876112 27.11
      vertex 66.40621118247509 -22.66057227998972 27.40263548302419
      vertex 66.70065487921238 -22.74989080876112 27.40263548302419
    endloop
  endfacet
  facet normal 0 0 1
    outer loop
      vertex 66.66783148050308 -22.829133462905883 27.40263548302419
      vertex 66.70065487921238 -22.74989080876112 27.40263548302419
      vertex 66.40621118247509 -22.66057227998972 27.40263548302419
    endloop
  endfacet
  facet normal 0.47139673925746584 0.8819212630487082 0
    outer loop
      vertex 66.97201577574015 -22.894936230778693 27.11
      vertex 66.70065487921238 -22.74989080876112 27.11
      vertex 66.70065487921238 -22.74989080876112 27.40263548302419
    endloop
  endfacet
  facet normal -0.29028471918016235 -0.9569403230141859 0
    outer loop
      vertex 57.610522016882896 -25.65530416071415 27.40263548302419
      vertex 57.610522016882896 -25.65530416071415 27.684025148547637
      vertex 57.33216851949692 -25.570866537094116 27.40263548302419
    endloop
  endfacet
  facet normal -0.098017137577092 -0.9951847269432914 0
    outer loop
      vertex 57.610522016882896 -25.65530416071415 27.40263548302419
      vertex 57.92034745961428 -25.685819302499294 27.684025148547637
      vertex 57.610522016882896 -25.65530416071415 27.684025148547637
    endloop
  endfacet
  facet normal -0.098017137577092 -0.9951847269432914 0
    outer loop
      vertex 57.610522016882896 -25.65530416071415 27.40263548302419
      vertex 57.92034745961428 -25.685819302499294 27.40263548302419
      vertex 57.92034745961428 -25.685819302499294 27.684025148547637
    endloop
  endfacet
  facet normal -0.7730104543046608 -0.6343932830159081 0
    outer loop
      vertex 56.666252717375755 -25.024363581836223 27.40263548302419
      vertex 56.85078418254852 -25.24921582341194 27.40263548302419
      vertex 56.85078418254852 -25.24921582341194 27.684025148547637
    endloop
  endfacet
  facet normal -0.7730104543046608 -0.6343932830159081 0
    outer loop
      vertex 56.666252717375755 -25.024363581836223 27.40263548302419
      vertex 56.85078418254852 -25.24921582341194 27.684025148547637
      vertex 56.666252717375755 -25.024363581836223 27.684025148547637
    endloop
  endfacet
  facet normal 0 0 1
    outer loop
      vertex 56.666252717375755 -25.024363581836223 27.684025148547637
      vertex 56.94927395135164 -25.15072604715824 27.684025148547637
      vertex 56.78206443786621 -24.946980659663677 27.684025148547637
    endloop
  endfacet
  facet normal -0.8819212554845699 -0.471396753408973 0
    outer loop
      vertex 56.666252717375755 -25.024363581836223 27.40263548302419
      vertex 56.666252717375755 -25.024363581836223 27.684025148547637
      vertex 56.52913346141577 -24.767831508815288 27.40263548302419
    endloop
  endfacet
  facet normal 0 0 1
    outer loop
      vertex 56.666252717375755 -25.024363581836223 27.684025148547637
      vertex 56.78206443786621 -24.946980659663677 27.684025148547637
      vertex 56.52913346141577 -24.767831508815288 27.684025148547637
    endloop
  endfacet
  facet normal -0.8819212554845699 -0.471396753408973 0
    outer loop
      vertex 56.666252717375755 -25.024363581836223 27.684025148547637
      vertex 56.52913346141577 -24.767831508815288 27.684025148547637
      vertex 56.52913346141577 -24.767831508815288 27.40263548302419
    endloop
  endfacet
  facet normal 0 0 1
    outer loop
      vertex 56.78206443786621 -24.946980659663677 27.684025148547637
      vertex 56.65781655162573 -24.714529220759868 27.684025148547637
      vertex 56.52913346141577 -24.767831508815288 27.684025148547637
    endloop
  endfacet
  facet normal -0.9569403394029646 -0.2902846651536021 0
    outer loop
      vertex 56.52913346141577 -24.767831508815288 27.40263548302419
      vertex 56.52913346141577 -24.767831508815288 27.684025148547637
      vertex 56.444695852696896 -24.48947800397873 27.40263548302419
    endloop
  endfacet
  facet normal 0 0 1
    outer loop
      vertex 56.52913346141577 -24.767831508815288 27.684025148547637
      vertex 56.65781655162573 -24.714529220759868 27.684025148547637
      vertex 56.444695852696896 -24.48947800397873 27.684025148547637
    endloop
  endfacet
  facet normal -0.9569403394029646 -0.2902846651536021 0
    outer loop
      vertex 56.444695852696896 -24.48947800397873 27.40263548302419
      vertex 56.52913346141577 -24.767831508815288 27.684025148547637
      vertex 56.444695852696896 -24.48947800397873 27.684025148547637
    endloop
  endfacet
  facet normal 0 0 1
    outer loop
      vertex 56.65781655162573 -24.714529220759868 27.684025148547637
      vertex 56.58130509406328 -24.46230475306511 27.684025148547637
      vertex 56.444695852696896 -24.48947800397873 27.684025148547637
    endloop
  endfacet
  facet normal -0.9951847251079896 -0.09801715621122234 0
    outer loop
      vertex 56.444695852696896 -24.48947800397873 27.40263548302419
      vertex 56.444695852696896 -24.48947800397873 27.684025148547637
      vertex 56.41618475317955 -24.2 27.40263548302419
    endloop
  endfacet
  facet normal 0 0 1
    outer loop
      vertex 56.444695852696896 -24.48947800397873 27.684025148547637
      vertex 56.58130509406328 -24.46230475306511 27.684025148547637
      vertex 56.41618475317955 -24.2 27.684025148547637
    endloop
  endfacet
  facet normal -0.9951847251079896 -0.09801715621122234 0
    outer loop
      vertex 56.444695852696896 -24.48947800397873 27.684025148547637
      vertex 56.41618475317955 -24.2 27.684025148547637
      vertex 56.41618475317955 -24.2 27.40263548302419
    endloop
  endfacet
  facet normal 0 0 1
    outer loop
      vertex 56.58130509406328 -24.46230475306511 27.684025148547637
      vertex 56.55547033250332 -24.2 27.684025148547637
      vertex 56.41618475317955 -24.2 27.684025148547637
    endloop
  endfacet
  facet normal -0.4713967386350885 -0.8819212633813759 0
    outer loop
      vertex 57.07563639432192 -25.433747258782386 27.40263548302419
      vertex 57.33216851949692 -25.570866537094116 27.40263548302419
      vertex 57.33216851949692 -25.570866537094116 27.684025148547637
    endloop
  endfacet
  facet normal -0.4713967386350885 -0.8819212633813759 0
    outer loop
      vertex 57.07563639432192 -25.433747258782386 27.40263548302419
      vertex 57.33216851949692 -25.570866537094116 27.684025148547637
      vertex 57.07563639432192 -25.433747258782386 27.684025148547637
    endloop
  endfacet
  facet normal -0.634393272037466 -0.7730104633144351 0
    outer loop
      vertex 57.07563639432192 -25.433747258782386 27.40263548302419
      vertex 57.07563639432192 -25.433747258782386 27.684025148547637
      vertex 56.85078418254852 -25.24921582341194 27.40263548302419
    endloop
  endfacet
  facet normal -0.634393272037466 -0.7730104633144351 0
    outer loop
      vertex 56.85078418254852 -25.24921582341194 27.40263548302419
      vertex 57.07563639432192 -25.433747258782386 27.684025148547637
      vertex 56.85078418254852 -25.24921582341194 27.684025148547637
    endloop
  endfacet
  facet normal 0 0 1
    outer loop
      vertex 57.07563639432192 -25.433747258782386 27.684025148547637
      vertex 57.15301929414272 -25.31793552339077 27.684025148547637
      vertex 56.85078418254852 -25.24921582341194 27.684025148547637
    endloop
  endfacet
  facet normal 0 0 1
    outer loop
      vertex 57.07563639432192 -25.433747258782386 27.684025148547637
      vertex 57.38547083735466 -25.442183454334735 27.684025148547637
      vertex 57.15301929414272 -25.31793552339077 27.684025148547637
    endloop
  endfacet
  facet normal -0.29028471918016235 -0.9569403230141859 0
    outer loop
      vertex 57.610522016882896 -25.65530416071415 27.684025148547637
      vertex 57.33216851949692 -25.570866537094116 27.684025148547637
      vertex 57.33216851949692 -25.570866537094116 27.40263548302419
    endloop
  endfacet
  facet normal 0 0 1
    outer loop
      vertex 57.07563639432192 -25.433747258782386 27.684025148547637
      vertex 57.33216851949692 -25.570866537094116 27.684025148547637
      vertex 57.38547083735466 -25.442183454334735 27.684025148547637
    endloop
  endfacet
  facet normal 0 0 1
    outer loop
      vertex 57.33216851949692 -25.570866537094116 27.684025148547637
      vertex 57.6376952752471 -25.51869491189718 27.684025148547637
      vertex 57.38547083735466 -25.442183454334735 27.684025148547637
    endloop
  endfacet
  facet normal 0 0 1
    outer loop
      vertex 57.33216851949692 -25.570866537094116 27.684025148547637
      vertex 57.92715710401535 -25.54720441699028 27.684025148547637
      vertex 57.6376952752471 -25.51869491189718 27.684025148547637
    endloop
  endfacet
  facet normal 0 0 1
    outer loop
      vertex 57.15301929414272 -25.31793552339077 27.684025148547637
      vertex 56.94927395135164 -25.15072604715824 27.684025148547637
      vertex 56.85078418254852 -25.24921582341194 27.684025148547637
    endloop
  endfacet
  facet normal 0 0 1
    outer loop
      vertex 56.666252717375755 -25.024363581836223 27.684025148547637
      vertex 56.85078418254852 -25.24921582341194 27.684025148547637
      vertex 56.94927395135164 -25.15072604715824 27.684025148547637
    endloop
  endfacet
  facet normal 0 -1 0
    outer loop
      vertex 57.92034745961428 -25.685819302499294 27.40263548302419
      vertex 66.07965254038572 -25.685819302499294 27.684025148547637
      vertex 57.92034745961428 -25.685819302499294 27.684025148547637
    endloop
  endfacet
  facet normal 0 0 1
    outer loop
      vertex 57.610522016882896 -25.65530416071415 27.684025148547637
      vertex 57.92034745961428 -25.685819302499294 27.684025148547637
      vertex 66.3894779831171 -25.65530416071415 27.684025148547637
    endloop
  endfacet
  facet normal 0 0 1
    outer loop
      vertex 57.33216851949692 -25.570866537094116 27.684025148547637
      vertex 66.07284289598465 -25.54720441699028 27.684025148547637
      vertex 57.92715710401535 -25.54720441699028 27.684025148547637
    endloop
  endfacet
  facet normal 0 0 1
    outer loop
      vertex 57.610522016882896 -25.65530416071415 27.684025148547637
      vertex 66.66783148050308 -25.570866537094116 27.684025148547637
      vertex 57.33216851949692 -25.570866537094116 27.684025148547637
    endloop
  endfacet
  facet normal -0.9951847251079896 0.09801715621122234 0
    outer loop
      vertex 56.41618475317955 -24.2 27.40263548302419
      vertex 56.41618475317955 -24.2 27.684025148547637
      vertex 56.444695852696896 -23.91052199602127 27.40263548302419
    endloop
  endfacet
  facet normal 0 0 1
    outer loop
      vertex 56.41618475317955 -24.2 27.684025148547637
      vertex 56.55547033250332 -24.2 27.684025148547637
      vertex 56.444695852696896 -23.91052199602127 27.684025148547637
    endloop
  endfacet
  facet normal -0.9951847251079896 0.09801715621122234 0
    outer loop
      vertex 56.444695852696896 -23.91052199602127 27.40263548302419
      vertex 56.41618475317955 -24.2 27.684025148547637
      vertex 56.444695852696896 -23.91052199602127 27.684025148547637
    endloop
  endfacet
  facet normal 0 0 1
    outer loop
      vertex 56.55547033250332 -24.2 27.684025148547637
      vertex 56.58130509406328 -23.93769524693489 27.684025148547637
      vertex 56.444695852696896 -23.91052199602127 27.684025148547637
    endloop
  endfacet
  facet normal -0.9569403394029646 0.2902846651536021 0
    outer loop
      vertex 56.444695852696896 -23.91052199602127 27.40263548302419
      vertex 56.444695852696896 -23.91052199602127 27.684025148547637
      vertex 56.52913346141577 -23.63216849118471 27.40263548302419
    endloop
  endfacet
  facet normal 0 0 1
    outer loop
      vertex 56.58130509406328 -23.93769524693489 27.684025148547637
      vertex 56.52913346141577 -23.63216849118471 27.684025148547637
      vertex 56.444695852696896 -23.91052199602127 27.684025148547637
    endloop
  endfacet
  facet normal -0.9569403394029646 0.2902846651536021 0
    outer loop
      vertex 56.52913346141577 -23.63216849118471 27.40263548302419
      vertex 56.444695852696896 -23.91052199602127 27.684025148547637
      vertex 56.52913346141577 -23.63216849118471 27.684025148547637
    endloop
  endfacet
  facet normal 0 0 1
    outer loop
      vertex 56.58130509406328 -23.93769524693489 27.684025148547637
      vertex 56.65781655162573 -23.68547077924013 27.684025148547637
      vertex 56.52913346141577 -23.63216849118471 27.684025148547637
    endloop
  endfacet
  facet normal -0.8819212554845699 0.471396753408973 0
    outer loop
      vertex 56.52913346141577 -23.63216849118471 27.40263548302419
      vertex 56.52913346141577 -23.63216849118471 27.684025148547637
      vertex 56.666252717375755 -23.375636418163776 27.40263548302419
    endloop
  endfacet
  facet normal 0 0 1
    outer loop
      vertex 56.65781655162573 -23.68547077924013 27.684025148547637
      vertex 56.666252717375755 -23.375636418163776 27.684025148547637
      vertex 56.52913346141577 -23.63216849118471 27.684025148547637
    endloop
  endfacet
  facet normal 0 0 1
    outer loop
      vertex 56.65781655162573 -23.68547077924013 27.684025148547637
      vertex 56.78206443786621 -23.453019340336322 27.684025148547637
      vertex 56.666252717375755 -23.375636418163776 27.684025148547637
    endloop
  endfacet
  facet normal -0.8819212554845699 0.471396753408973 0
    outer loop
      vertex 56.52913346141577 -23.63216849118471 27.684025148547637
      vertex 56.666252717375755 -23.375636418163776 27.684025148547637
      vertex 56.666252717375755 -23.375636418163776 27.40263548302419
    endloop
  endfacet
  facet normal 0 0 1
    outer loop
      vertex 56.78206443786621 -23.453019340336322 27.684025148547637
      vertex 56.85078418254852 -23.150784176588058 27.684025148547637
      vertex 56.666252717375755 -23.375636418163776 27.684025148547637
    endloop
  endfacet
  facet normal -0.7730104543046608 0.6343932830159081 0
    outer loop
      vertex 56.666252717375755 -23.375636418163776 27.40263548302419
      vertex 56.666252717375755 -23.375636418163776 27.684025148547637
      vertex 56.85078418254852 -23.150784176588058 27.40263548302419
    endloop
  endfacet
  facet normal -0.7730104543046608 0.6343932830159081 0
    outer loop
      vertex 56.666252717375755 -23.375636418163776 27.684025148547637
      vertex 56.85078418254852 -23.150784176588058 27.684025148547637
      vertex 56.85078418254852 -23.150784176588058 27.40263548302419
    endloop
  endfacet
  facet normal 0 0 1
    outer loop
      vertex 56.78206443786621 -23.453019340336322 27.684025148547637
      vertex 56.94927395135164 -23.249273952841758 27.684025148547637
      vertex 56.85078418254852 -23.150784176588058 27.684025148547637
    endloop
  endfacet
  facet normal -0.634393272037466 0.7730104633144351 0
    outer loop
      vertex 56.85078418254852 -23.150784176588058 27.40263548302419
      vertex 56.85078418254852 -23.150784176588058 27.684025148547637
      vertex 57.07563639432192 -22.966252741217613 27.40263548302419
    endloop
  endfacet
  facet normal 0 0 1
    outer loop
      vertex 56.94927395135164 -23.249273952841758 27.684025148547637
      vertex 57.07563639432192 -22.966252741217613 27.684025148547637
      vertex 56.85078418254852 -23.150784176588058 27.684025148547637
    endloop
  endfacet
  facet normal -0.634393272037466 0.7730104633144351 0
    outer loop
      vertex 57.07563639432192 -22.966252741217613 27.40263548302419
      vertex 56.85078418254852 -23.150784176588058 27.684025148547637
      vertex 57.07563639432192 -22.966252741217613 27.684025148547637
    endloop
  endfacet
  facet normal 0 0 1
    outer loop
      vertex 56.94927395135164 -23.249273952841758 27.684025148547637
      vertex 57.15301929414272 -23.08206447660923 27.684025148547637
      vertex 57.07563639432192 -22.966252741217613 27.684025148547637
    endloop
  endfacet
  facet normal -0.4713967386350885 0.8819212633813759 0
    outer loop
      vertex 57.07563639432192 -22.966252741217613 27.40263548302419
      vertex 57.07563639432192 -22.966252741217613 27.684025148547637
      vertex 57.33216851949692 -22.829133462905883 27.40263548302419
    endloop
  endfacet
  facet normal 0 0 1
    outer loop
      vertex 57.15301929414272 -23.08206447660923 27.684025148547637
      vertex 57.33216851949692 -22.829133462905883 27.684025148547637
      vertex 57.07563639432192 -22.966252741217613 27.684025148547637
    endloop
  endfacet
  facet normal -0.4713967386350885 0.8819212633813759 0
    outer loop
      vertex 57.33216851949692 -22.829133462905883 27.40263548302419
      vertex 57.07563639432192 -22.966252741217613 27.684025148547637
      vertex 57.33216851949692 -22.829133462905883 27.684025148547637
    endloop
  endfacet
  facet normal 0 0 1
    outer loop
      vertex 57.15301929414272 -23.08206447660923 27.684025148547637
      vertex 57.38547083735466 -22.957816545665263 27.684025148547637
      vertex 57.33216851949692 -22.829133462905883 27.684025148547637
    endloop
  endfacet
  facet normal 0 0 1
    outer loop
      vertex 57.38547083735466 -22.957816545665263 27.684025148547637
      vertex 57.6376952752471 -22.881305088102817 27.684025148547637
      vertex 57.33216851949692 -22.829133462905883 27.684025148547637
    endloop
  endfacet
  facet normal -0.29028471918016235 0.9569403230141859 0
    outer loop
      vertex 57.33216851949692 -22.829133462905883 27.40263548302419
      vertex 57.33216851949692 -22.829133462905883 27.684025148547637
      vertex 57.610522016882896 -22.74469583928585 27.40263548302419
    endloop
  endfacet
  facet normal 0 0 1
    outer loop
      vertex 57.33216851949692 -22.829133462905883 27.684025148547637
      vertex 57.6376952752471 -22.881305088102817 27.684025148547637
      vertex 57.92715710401535 -22.85279558300972 27.684025148547637
    endloop
  endfacet
  facet normal -0.29028471918016235 0.9569403230141859 0
    outer loop
      vertex 57.33216851949692 -22.829133462905883 27.684025148547637
      vertex 57.610522016882896 -22.74469583928585 27.684025148547637
      vertex 57.610522016882896 -22.74469583928585 27.40263548302419
    endloop
  endfacet
  facet normal -0.098017137577092 0.9951847269432914 0
    outer loop
      vertex 57.610522016882896 -22.74469583928585 27.40263548302419
      vertex 57.610522016882896 -22.74469583928585 27.684025148547637
      vertex 57.92034745961428 -22.714180697500705 27.40263548302419
    endloop
  endfacet
  facet normal -0.098017137577092 0.9951847269432914 0
    outer loop
      vertex 57.92034745961428 -22.714180697500705 27.40263548302419
      vertex 57.610522016882896 -22.74469583928585 27.684025148547637
      vertex 57.92034745961428 -22.714180697500705 27.684025148547637
    endloop
  endfacet
  facet normal 0 0 1
    outer loop
      vertex 57.33216851949692 -22.829133462905883 27.684025148547637
      vertex 57.92715710401535 -22.85279558300972 27.684025148547637
      vertex 66.66783148050308 -22.829133462905883 27.684025148547637
    endloop
  endfacet
  facet normal 0 0 1
    outer loop
      vertex 57.33216851949692 -22.829133462905883 27.684025148547637
      vertex 66.3894779831171 -22.74469583928585 27.684025148547637
      vertex 57.610522016882896 -22.74469583928585 27.684025148547637
    endloop
  endfacet
  facet normal 0 1 0
    outer loop
      vertex 57.92034745961428 -22.714180697500705 27.40263548302419
      vertex 57.92034745961428 -22.714180697500705 27.684025148547637
      vertex 66.07965254038572 -22.714180697500705 27.40263548302419
    endloop
  endfacet
  facet normal 0 0 1
    outer loop
      vertex 57.610522016882896 -22.74469583928585 27.684025148547637
      vertex 66.07965254038572 -22.714180697500705 27.684025148547637
      vertex 57.92034745961428 -22.714180697500705 27.684025148547637
    endloop
  endfacet
  facet normal 0 -1 0
    outer loop
      vertex 57.92034745961428 -25.685819302499294 27.40263548302419
      vertex 66.07965254038572 -25.685819302499294 27.40263548302419
      vertex 66.07965254038572 -25.685819302499294 27.684025148547637
    endloop
  endfacet
  facet normal 0 0 1
    outer loop
      vertex 57.92034745961428 -25.685819302499294 27.684025148547637
      vertex 66.07965254038572 -25.685819302499294 27.684025148547637
      vertex 66.3894779831171 -25.65530416071415 27.684025148547637
    endloop
  endfacet
  facet normal 0 0 1
    outer loop
      vertex 57.610522016882896 -25.65530416071415 27.684025148547637
      vertex 66.3894779831171 -25.65530416071415 27.684025148547637
      vertex 66.66783148050308 -25.570866537094116 27.684025148547637
    endloop
  endfacet
  facet normal 0 0 1
    outer loop
      vertex 57.33216851949692 -25.570866537094116 27.684025148547637
      vertex 66.66783148050308 -25.570866537094116 27.684025148547637
      vertex 66.07284289598465 -25.54720441699028 27.684025148547637
    endloop
  endfacet
  facet normal 0.098017137577092 -0.9951847269432914 0
    outer loop
      vertex 66.07965254038572 -25.685819302499294 27.40263548302419
      vertex 66.3894779831171 -25.65530416071415 27.684025148547637
      vertex 66.07965254038572 -25.685819302499294 27.684025148547637
    endloop
  endfacet
  facet normal 0.098017137577092 -0.9951847269432914 0
    outer loop
      vertex 66.07965254038572 -25.685819302499294 27.40263548302419
      vertex 66.3894779831171 -25.65530416071415 27.40263548302419
      vertex 66.3894779831171 -25.65530416071415 27.684025148547637
    endloop
  endfacet
  facet normal 0.29028471918016235 -0.9569403230141859 0
    outer loop
      vertex 66.3894779831171 -25.65530416071415 27.40263548302419
      vertex 66.66783148050308 -25.570866537094116 27.684025148547637
      vertex 66.3894779831171 -25.65530416071415 27.684025148547637
    endloop
  endfacet
  facet normal 0 0 1
    outer loop
      vertex 66.07284289598465 -25.54720441699028 27.684025148547637
      vertex 66.66783148050308 -25.570866537094116 27.684025148547637
      vertex 66.3623047247529 -25.51869491189718 27.684025148547637
    endloop
  endfacet
  facet normal 0.29028471918016235 -0.9569403230141859 0
    outer loop
      vertex 66.3894779831171 -25.65530416071415 27.40263548302419
      vertex 66.66783148050308 -25.570866537094116 27.40263548302419
      vertex 66.66783148050308 -25.570866537094116 27.684025148547637
    endloop
  endfacet
  facet normal 0 0 1
    outer loop
      vertex 66.3623047247529 -25.51869491189718 27.684025148547637
      vertex 66.66783148050308 -25.570866537094116 27.684025148547637
      vertex 66.61452916264534 -25.442183454334735 27.684025148547637
    endloop
  endfacet
  facet normal 0 0 1
    outer loop
      vertex 66.66783148050308 -25.570866537094116 27.684025148547637
      vertex 66.84698070585728 -25.31793552339077 27.684025148547637
      vertex 66.61452916264534 -25.442183454334735 27.684025148547637
    endloop
  endfacet
  facet normal 0.4713967386350885 -0.8819212633813759 0
    outer loop
      vertex 66.66783148050308 -25.570866537094116 27.40263548302419
      vertex 66.92436360567808 -25.433747258782386 27.684025148547637
      vertex 66.66783148050308 -25.570866537094116 27.684025148547637
    endloop
  endfacet
  facet normal 0.4713967386350885 -0.8819212633813759 0
    outer loop
      vertex 66.66783148050308 -25.570866537094116 27.40263548302419
      vertex 66.92436360567808 -25.433747258782386 27.40263548302419
      vertex 66.92436360567808 -25.433747258782386 27.684025148547637
    endloop
  endfacet
  facet normal 0 0 1
    outer loop
      vertex 66.66783148050308 -25.570866537094116 27.684025148547637
      vertex 66.92436360567808 -25.433747258782386 27.684025148547637
      vertex 66.84698070585728 -25.31793552339077 27.684025148547637
    endloop
  endfacet
  facet normal 0 0 1
    outer loop
      vertex 66.92436360567808 -25.433747258782386 27.684025148547637
      vertex 67.05072604864836 -25.15072604715824 27.684025148547637
      vertex 66.84698070585728 -25.31793552339077 27.684025148547637
    endloop
  endfacet
  facet normal 0.634393272037466 -0.7730104633144351 0
    outer loop
      vertex 66.92436360567808 -25.433747258782386 27.40263548302419
      vertex 67.14921581745148 -25.24921582341194 27.684025148547637
      vertex 66.92436360567808 -25.433747258782386 27.684025148547637
    endloop
  endfacet
  facet normal 0.634393272037466 -0.7730104633144351 0
    outer loop
      vertex 66.92436360567808 -25.433747258782386 27.40263548302419
      vertex 67.14921581745148 -25.24921582341194 27.40263548302419
      vertex 67.14921581745148 -25.24921582341194 27.684025148547637
    endloop
  endfacet
  facet normal 0 0 1
    outer loop
      vertex 66.92436360567808 -25.433747258782386 27.684025148547637
      vertex 67.14921581745148 -25.24921582341194 27.684025148547637
      vertex 67.05072604864836 -25.15072604715824 27.684025148547637
    endloop
  endfacet
  facet normal 0 0 1
    outer loop
      vertex 67.14921581745148 -25.24921582341194 27.684025148547637
      vertex 67.21793556213379 -24.946980659663677 27.684025148547637
      vertex 67.05072604864836 -25.15072604715824 27.684025148547637
    endloop
  endfacet
  facet normal 0.7730104543046608 -0.6343932830159081 0
    outer loop
      vertex 67.14921581745148 -25.24921582341194 27.40263548302419
      vertex 67.33374728262424 -25.024363581836223 27.684025148547637
      vertex 67.14921581745148 -25.24921582341194 27.684025148547637
    endloop
  endfacet
  facet normal 0.7730104543046608 -0.6343932830159081 0
    outer loop
      vertex 67.14921581745148 -25.24921582341194 27.40263548302419
      vertex 67.33374728262424 -25.024363581836223 27.40263548302419
      vertex 67.33374728262424 -25.024363581836223 27.684025148547637
    endloop
  endfacet
  facet normal 0 0 1
    outer loop
      vertex 67.14921581745148 -25.24921582341194 27.684025148547637
      vertex 67.33374728262424 -25.024363581836223 27.684025148547637
      vertex 67.21793556213379 -24.946980659663677 27.684025148547637
    endloop
  endfacet
  facet normal 0.8819212554845699 -0.471396753408973 0
    outer loop
      vertex 67.33374728262424 -25.024363581836223 27.40263548302419
      vertex 67.47086653858423 -24.767831508815288 27.684025148547637
      vertex 67.33374728262424 -25.024363581836223 27.684025148547637
    endloop
  endfacet
  facet normal 0 0 1
    outer loop
      vertex 67.33374728262424 -25.024363581836223 27.684025148547637
      vertex 67.34218344837427 -24.714529220759868 27.684025148547637
      vertex 67.21793556213379 -24.946980659663677 27.684025148547637
    endloop
  endfacet
  facet normal 0 0 1
    outer loop
      vertex 67.33374728262424 -25.024363581836223 27.684025148547637
      vertex 67.47086653858423 -24.767831508815288 27.684025148547637
      vertex 67.34218344837427 -24.714529220759868 27.684025148547637
    endloop
  endfacet
  facet normal 0.8819212554845699 -0.471396753408973 0
    outer loop
      vertex 67.33374728262424 -25.024363581836223 27.40263548302419
      vertex 67.47086653858423 -24.767831508815288 27.40263548302419
      vertex 67.47086653858423 -24.767831508815288 27.684025148547637
    endloop
  endfacet
  facet normal 0.9569403394029646 -0.2902846651536021 0
    outer loop
      vertex 67.47086653858423 -24.767831508815288 27.40263548302419
      vertex 67.5553041473031 -24.48947800397873 27.684025148547637
      vertex 67.47086653858423 -24.767831508815288 27.684025148547637
    endloop
  endfacet
  facet normal 0 0 1
    outer loop
      vertex 67.47086653858423 -24.767831508815288 27.684025148547637
      vertex 67.41869490593672 -24.46230475306511 27.684025148547637
      vertex 67.34218344837427 -24.714529220759868 27.684025148547637
    endloop
  endfacet
  facet normal 0.9569403394029646 -0.2902846651536021 0
    outer loop
      vertex 67.47086653858423 -24.767831508815288 27.40263548302419
      vertex 67.5553041473031 -24.48947800397873 27.40263548302419
      vertex 67.5553041473031 -24.48947800397873 27.684025148547637
    endloop
  endfacet
  facet normal 0 0 1
    outer loop
      vertex 67.47086653858423 -24.767831508815288 27.684025148547637
      vertex 67.5553041473031 -24.48947800397873 27.684025148547637
      vertex 67.41869490593672 -24.46230475306511 27.684025148547637
    endloop
  endfacet
  facet normal 0.9951847251079896 -0.09801715621122234 0
    outer loop
      vertex 67.5553041473031 -24.48947800397873 27.40263548302419
      vertex 67.58381524682045 -24.2 27.684025148547637
      vertex 67.5553041473031 -24.48947800397873 27.684025148547637
    endloop
  endfacet
  facet normal 0 0 1
    outer loop
      vertex 67.5553041473031 -24.48947800397873 27.684025148547637
      vertex 67.44452966749668 -24.2 27.684025148547637
      vertex 67.41869490593672 -24.46230475306511 27.684025148547637
    endloop
  endfacet
  facet normal 0.9951847251079896 -0.09801715621122234 0
    outer loop
      vertex 67.5553041473031 -24.48947800397873 27.40263548302419
      vertex 67.58381524682045 -24.2 27.40263548302419
      vertex 67.58381524682045 -24.2 27.684025148547637
    endloop
  endfacet
  facet normal 0 0 1
    outer loop
      vertex 67.5553041473031 -24.48947800397873 27.684025148547637
      vertex 67.58381524682045 -24.2 27.684025148547637
      vertex 67.44452966749668 -24.2 27.684025148547637
    endloop
  endfacet
  facet normal 0 0 1
    outer loop
      vertex 57.33216851949692 -22.829133462905883 27.684025148547637
      vertex 66.66783148050308 -22.829133462905883 27.684025148547637
      vertex 66.3894779831171 -22.74469583928585 27.684025148547637
    endloop
  endfacet
  facet normal 0 0 1
    outer loop
      vertex 57.92715710401535 -22.85279558300972 27.684025148547637
      vertex 66.07284289598465 -22.85279558300972 27.684025148547637
      vertex 66.66783148050308 -22.829133462905883 27.684025148547637
    endloop
  endfacet
  facet normal 0 1 0
    outer loop
      vertex 57.92034745961428 -22.714180697500705 27.684025148547637
      vertex 66.07965254038572 -22.714180697500705 27.684025148547637
      vertex 66.07965254038572 -22.714180697500705 27.40263548302419
    endloop
  endfacet
  facet normal 0 0 1
    outer loop
      vertex 57.610522016882896 -22.74469583928585 27.684025148547637
      vertex 66.3894779831171 -22.74469583928585 27.684025148547637
      vertex 66.07965254038572 -22.714180697500705 27.684025148547637
    endloop
  endfacet
  facet normal 0 0 1
    outer loop
      vertex 67.05072604864836 -23.249273952841758 27.684025148547637
      vertex 67.33374728262424 -23.375636418163776 27.684025148547637
      vertex 67.14921581745148 -23.150784176588058 27.684025148547637
    endloop
  endfacet
  facet normal 0 0 1
    outer loop
      vertex 67.05072604864836 -23.249273952841758 27.684025148547637
      vertex 67.14921581745148 -23.150784176588058 27.684025148547637
      vertex 66.84698070585728 -23.08206447660923 27.684025148547637
    endloop
  endfacet
  facet normal 0 0 1
    outer loop
      vertex 66.07284289598465 -22.85279558300972 27.684025148547637
      vertex 66.3623047247529 -22.881305088102817 27.684025148547637
      vertex 66.66783148050308 -22.829133462905883 27.684025148547637
    endloop
  endfacet
  facet normal 0 0 1
    outer loop
      vertex 66.3623047247529 -22.881305088102817 27.684025148547637
      vertex 66.61452916264534 -22.957816545665263 27.684025148547637
      vertex 66.66783148050308 -22.829133462905883 27.684025148547637
    endloop
  endfacet
  facet normal 0 0 1
    outer loop
      vertex 66.61452916264534 -22.957816545665263 27.684025148547637
      vertex 66.92436360567808 -22.966252741217613 27.684025148547637
      vertex 66.66783148050308 -22.829133462905883 27.684025148547637
    endloop
  endfacet
  facet normal 0.29028471918016235 0.9569403230141859 0
    outer loop
      vertex 66.66783148050308 -22.829133462905883 27.40263548302419
      vertex 66.3894779831171 -22.74469583928585 27.684025148547637
      vertex 66.66783148050308 -22.829133462905883 27.684025148547637
    endloop
  endfacet
  facet normal 0 0 1
    outer loop
      vertex 66.61452916264534 -22.957816545665263 27.684025148547637
      vertex 66.84698070585728 -23.08206447660923 27.684025148547637
      vertex 66.92436360567808 -22.966252741217613 27.684025148547637
    endloop
  endfacet
  facet normal 0.634393272037466 0.7730104633144351 0
    outer loop
      vertex 67.14921581745148 -23.150784176588058 27.40263548302419
      vertex 66.92436360567808 -22.966252741217613 27.684025148547637
      vertex 67.14921581745148 -23.150784176588058 27.684025148547637
    endloop
  endfacet
  facet normal 0 0 1
    outer loop
      vertex 67.14921581745148 -23.150784176588058 27.684025148547637
      vertex 66.92436360567808 -22.966252741217613 27.684025148547637
      vertex 66.84698070585728 -23.08206447660923 27.684025148547637
    endloop
  endfacet
  facet normal 0.634393272037466 0.7730104633144351 0
    outer loop
      vertex 67.14921581745148 -23.150784176588058 27.40263548302419
      vertex 66.92436360567808 -22.966252741217613 27.40263548302419
      vertex 66.92436360567808 -22.966252741217613 27.684025148547637
    endloop
  endfacet
  facet normal 0.4713967386350885 0.8819212633813759 0
    outer loop
      vertex 66.92436360567808 -22.966252741217613 27.40263548302419
      vertex 66.66783148050308 -22.829133462905883 27.684025148547637
      vertex 66.92436360567808 -22.966252741217613 27.684025148547637
    endloop
  endfacet
  facet normal 0.4713967386350885 0.8819212633813759 0
    outer loop
      vertex 66.66783148050308 -22.829133462905883 27.40263548302419
      vertex 66.66783148050308 -22.829133462905883 27.684025148547637
      vertex 66.92436360567808 -22.966252741217613 27.40263548302419
    endloop
  endfacet
  facet normal 0 0 1
    outer loop
      vertex 67.44452966749668 -24.2 27.684025148547637
      vertex 67.58381524682045 -24.2 27.684025148547637
      vertex 67.41869490593672 -23.93769524693489 27.684025148547637
    endloop
  endfacet
  facet normal 0.9951847251079896 0.09801715621122234 0
    outer loop
      vertex 67.58381524682045 -24.2 27.40263548302419
      vertex 67.5553041473031 -23.91052199602127 27.684025148547637
      vertex 67.58381524682045 -24.2 27.684025148547637
    endloop
  endfacet
  facet normal 0.9951847251079896 0.09801715621122234 0
    outer loop
      vertex 67.58381524682045 -24.2 27.40263548302419
      vertex 67.5553041473031 -23.91052199602127 27.40263548302419
      vertex 67.5553041473031 -23.91052199602127 27.684025148547637
    endloop
  endfacet
  facet normal 0 0 1
    outer loop
      vertex 67.58381524682045 -24.2 27.684025148547637
      vertex 67.5553041473031 -23.91052199602127 27.684025148547637
      vertex 67.41869490593672 -23.93769524693489 27.684025148547637
    endloop
  endfacet
  facet normal 0.9569403394029646 0.2902846651536021 0
    outer loop
      vertex 67.5553041473031 -23.91052199602127 27.40263548302419
      vertex 67.47086653858423 -23.63216849118471 27.684025148547637
      vertex 67.5553041473031 -23.91052199602127 27.684025148547637
    endloop
  endfacet
  facet normal 0 0 1
    outer loop
      vertex 67.41869490593672 -23.93769524693489 27.684025148547637
      vertex 67.5553041473031 -23.91052199602127 27.684025148547637
      vertex 67.34218344837427 -23.68547077924013 27.684025148547637
    endloop
  endfacet
  facet normal 0.9569403394029646 0.2902846651536021 0
    outer loop
      vertex 67.5553041473031 -23.91052199602127 27.40263548302419
      vertex 67.47086653858423 -23.63216849118471 27.40263548302419
      vertex 67.47086653858423 -23.63216849118471 27.684025148547637
    endloop
  endfacet
  facet normal 0 0 1
    outer loop
      vertex 67.5553041473031 -23.91052199602127 27.684025148547637
      vertex 67.47086653858423 -23.63216849118471 27.684025148547637
      vertex 67.34218344837427 -23.68547077924013 27.684025148547637
    endloop
  endfacet
  facet normal 0 0 1
    outer loop
      vertex 67.34218344837427 -23.68547077924013 27.684025148547637
      vertex 67.47086653858423 -23.63216849118471 27.684025148547637
      vertex 67.21793556213379 -23.453019340336322 27.684025148547637
    endloop
  endfacet
  facet normal 0.8819212554845699 0.471396753408973 0
    outer loop
      vertex 67.47086653858423 -23.63216849118471 27.40263548302419
      vertex 67.33374728262424 -23.375636418163776 27.684025148547637
      vertex 67.47086653858423 -23.63216849118471 27.684025148547637
    endloop
  endfacet
  facet normal 0.8819212554845699 0.471396753408973 0
    outer loop
      vertex 67.47086653858423 -23.63216849118471 27.40263548302419
      vertex 67.33374728262424 -23.375636418163776 27.40263548302419
      vertex 67.33374728262424 -23.375636418163776 27.684025148547637
    endloop
  endfacet
  facet normal 0 0 1
    outer loop
      vertex 67.47086653858423 -23.63216849118471 27.684025148547637
      vertex 67.33374728262424 -23.375636418163776 27.684025148547637
      vertex 67.21793556213379 -23.453019340336322 27.684025148547637
    endloop
  endfacet
  facet normal 0 0 1
    outer loop
      vertex 67.05072604864836 -23.249273952841758 27.684025148547637
      vertex 67.21793556213379 -23.453019340336322 27.684025148547637
      vertex 67.33374728262424 -23.375636418163776 27.684025148547637
    endloop
  endfacet
  facet normal 0.7730104543046608 0.6343932830159081 0
    outer loop
      vertex 67.14921581745148 -23.150784176588058 27.684025148547637
      vertex 67.33374728262424 -23.375636418163776 27.684025148547637
      vertex 67.33374728262424 -23.375636418163776 27.40263548302419
    endloop
  endfacet
  facet normal 0.7730104543046608 0.6343932830159081 0
    outer loop
      vertex 67.14921581745148 -23.150784176588058 27.40263548302419
      vertex 67.14921581745148 -23.150784176588058 27.684025148547637
      vertex 67.33374728262424 -23.375636418163776 27.40263548302419
    endloop
  endfacet
  facet normal 0.098017137577092 0.9951847269432914 0
    outer loop
      vertex 66.07965254038572 -22.714180697500705 27.40263548302419
      vertex 66.07965254038572 -22.714180697500705 27.684025148547637
      vertex 66.3894779831171 -22.74469583928585 27.40263548302419
    endloop
  endfacet
  facet normal 0.098017137577092 0.9951847269432914 0
    outer loop
      vertex 66.3894779831171 -22.74469583928585 27.40263548302419
      vertex 66.07965254038572 -22.714180697500705 27.684025148547637
      vertex 66.3894779831171 -22.74469583928585 27.684025148547637
    endloop
  endfacet
  facet normal 0.29028471918016235 0.9569403230141859 0
    outer loop
      vertex 66.66783148050308 -22.829133462905883 27.40263548302419
      vertex 66.3894779831171 -22.74469583928585 27.40263548302419
      vertex 66.3894779831171 -22.74469583928585 27.684025148547637
    endloop
  endfacet
  facet normal -0.8819212587038153 -0.47139674738618836 0
    outer loop
      vertex 56.78206443786621 -24.946980659663677 27.684025148547637
      vertex 56.78206443786621 -24.946980659663677 27.943355349529405
      vertex 56.65781655162573 -24.714529220759868 27.943355349529405
    endloop
  endfacet
  facet normal 0 0 1
    outer loop
      vertex 56.78206443786621 -24.946980659663677 27.943355349529405
      vertex 56.937920801341534 -24.84284076541662 27.943355349529405
      vertex 56.65781655162573 -24.714529220759868 27.943355349529405
    endloop
  endfacet
  facet normal -0.8819212587038153 -0.47139674738618836 0
    outer loop
      vertex 56.78206443786621 -24.946980659663677 27.684025148547637
      vertex 56.65781655162573 -24.714529220759868 27.943355349529405
      vertex 56.65781655162573 -24.714529220759868 27.684025148547637
    endloop
  endfacet
  facet normal 0 0 1
    outer loop
      vertex 56.65781655162573 -24.714529220759868 27.943355349529405
      vertex 56.937920801341534 -24.84284076541662 27.943355349529405
      vertex 56.83099486678839 -24.642796409130096 27.943355349529405
    endloop
  endfacet
  facet normal -0.956940333874559 -0.29028468337831315 0
    outer loop
      vertex 56.65781655162573 -24.714529220759868 27.684025148547637
      vertex 56.65781655162573 -24.714529220759868 27.943355349529405
      vertex 56.58130509406328 -24.46230475306511 27.943355349529405
    endloop
  endfacet
  facet normal 0 0 1
    outer loop
      vertex 56.65781655162573 -24.714529220759868 27.943355349529405
      vertex 56.83099486678839 -24.642796409130096 27.943355349529405
      vertex 56.58130509406328 -24.46230475306511 27.943355349529405
    endloop
  endfacet
  facet normal -0.956940333874559 -0.29028468337831315 0
    outer loop
      vertex 56.65781655162573 -24.714529220759868 27.684025148547637
      vertex 56.58130509406328 -24.46230475306511 27.943355349529405
      vertex 56.58130509406328 -24.46230475306511 27.684025148547637
    endloop
  endfacet
  facet normal 0 0 1
    outer loop
      vertex 56.58130509406328 -24.46230475306511 27.943355349529405
      vertex 56.83099486678839 -24.642796409130096 27.943355349529405
      vertex 56.76515020430088 -24.425735656917094 27.943355349529405
    endloop
  endfacet
  facet normal -0.9951847272927113 -0.09801713402937233 0
    outer loop
      vertex 56.58130509406328 -24.46230475306511 27.684025148547637
      vertex 56.58130509406328 -24.46230475306511 27.943355349529405
      vertex 56.55547033250332 -24.2 27.943355349529405
    endloop
  endfacet
  facet normal -0.9951847272927113 -0.09801713402937233 0
    outer loop
      vertex 56.58130509406328 -24.46230475306511 27.684025148547637
      vertex 56.55547033250332 -24.2 27.943355349529405
      vertex 56.55547033250332 -24.2 27.684025148547637
    endloop
  endfacet
  facet normal 0 0 1
    outer loop
      vertex 56.58130509406328 -24.46230475306511 27.943355349529405
      vertex 56.76515020430088 -24.425735656917094 27.943355349529405
      vertex 56.55547033250332 -24.2 27.943355349529405
    endloop
  endfacet
  facet normal 0 0 1
    outer loop
      vertex 56.76515020430088 -24.425735656917094 27.943355349529405
      vertex 56.74291718751192 -24.2 27.943355349529405
      vertex 56.55547033250332 -24.2 27.943355349529405
    endloop
  endfacet
  facet normal -0.4713967147774498 -0.881921276133549 0
    outer loop
      vertex 57.15301929414272 -25.31793552339077 27.684025148547637
      vertex 57.38547083735466 -25.442183454334735 27.684025148547637
      vertex 57.15301929414272 -25.31793552339077 27.943355349529405
    endloop
  endfacet
  facet normal -0.634393272088621 -0.7730104632724533 0
    outer loop
      vertex 57.15301929414272 -25.31793552339077 27.684025148547637
      vertex 57.15301929414272 -25.31793552339077 27.943355349529405
      vertex 56.94927395135164 -25.15072604715824 27.943355349529405
    endloop
  endfacet
  facet normal -0.29028471478750634 -0.9569403243466836 0
    outer loop
      vertex 57.6376952752471 -25.51869491189718 27.684025148547637
      vertex 57.6376952752471 -25.51869491189718 27.943355349529405
      vertex 57.38547083735466 -25.442183454334735 27.943355349529405
    endloop
  endfacet
  facet normal -0.29028471478750634 -0.9569403243466836 0
    outer loop
      vertex 57.38547083735466 -25.442183454334735 27.684025148547637
      vertex 57.6376952752471 -25.51869491189718 27.684025148547637
      vertex 57.38547083735466 -25.442183454334735 27.943355349529405
    endloop
  endfacet
  facet normal -0.4713967147774498 -0.881921276133549 0
    outer loop
      vertex 57.15301929414272 -25.31793552339077 27.943355349529405
      vertex 57.38547083735466 -25.442183454334735 27.684025148547637
      vertex 57.38547083735466 -25.442183454334735 27.943355349529405
    endloop
  endfacet
  facet normal 0 0 1
    outer loop
      vertex 57.15301929414272 -25.31793552339077 27.943355349529405
      vertex 57.38547083735466 -25.442183454334735 27.943355349529405
      vertex 57.67426437884569 -25.334849801659583 27.943355349529405
    endloop
  endfacet
  facet normal 0 0 1
    outer loop
      vertex 57.15301929414272 -25.31793552339077 27.943355349529405
      vertex 57.67426437884569 -25.334849801659583 27.943355349529405
      vertex 57.45720361918211 -25.269005139172076 27.943355349529405
    endloop
  endfacet
  facet normal 0 0 1
    outer loop
      vertex 57.38547083735466 -25.442183454334735 27.943355349529405
      vertex 57.93632140010595 -25.360660170018672 27.943355349529405
      vertex 57.67426437884569 -25.334849801659583 27.943355349529405
    endloop
  endfacet
  facet normal -0.634393272088621 -0.7730104632724533 0
    outer loop
      vertex 57.15301929414272 -25.31793552339077 27.684025148547637
      vertex 56.94927395135164 -25.15072604715824 27.943355349529405
      vertex 56.94927395135164 -25.15072604715824 27.684025148547637
    endloop
  endfacet
  facet normal -0.7730104622199336 -0.6343932733711201 0
    outer loop
      vertex 56.78206443786621 -24.946980659663677 27.943355349529405
      vertex 56.94927395135164 -25.15072604715824 27.684025148547637
      vertex 56.94927395135164 -25.15072604715824 27.943355349529405
    endloop
  endfacet
  facet normal 0 0 1
    outer loop
      vertex 57.15301929414272 -25.31793552339077 27.943355349529405
      vertex 57.25715918838978 -25.162079159915447 27.943355349529405
      vertex 56.94927395135164 -25.15072604715824 27.943355349529405
    endloop
  endfacet
  facet normal 0 0 1
    outer loop
      vertex 56.94927395135164 -25.15072604715824 27.943355349529405
      vertex 57.25715918838978 -25.162079159915447 27.943355349529405
      vertex 57.08181891590357 -25.018181119859218 27.943355349529405
    endloop
  endfacet
  facet normal -0.7730104622199336 -0.6343932733711201 0
    outer loop
      vertex 56.78206443786621 -24.946980659663677 27.684025148547637
      vertex 56.94927395135164 -25.15072604715824 27.684025148547637
      vertex 56.78206443786621 -24.946980659663677 27.943355349529405
    endloop
  endfacet
  facet normal 0 0 1
    outer loop
      vertex 56.78206443786621 -24.946980659663677 27.943355349529405
      vertex 56.94927395135164 -25.15072604715824 27.943355349529405
      vertex 57.08181891590357 -25.018181119859218 27.943355349529405
    endloop
  endfacet
  facet normal 0 0 1
    outer loop
      vertex 56.78206443786621 -24.946980659663677 27.943355349529405
      vertex 57.08181891590357 -25.018181119859218 27.943355349529405
      vertex 56.937920801341534 -24.84284076541662 27.943355349529405
    endloop
  endfacet
  facet normal 0 0 1
    outer loop
      vertex 57.15301929414272 -25.31793552339077 27.943355349529405
      vertex 57.45720361918211 -25.269005139172076 27.943355349529405
      vertex 57.25715918838978 -25.162079159915447 27.943355349529405
    endloop
  endfacet
  facet normal -0.0980171517683245 -0.9951847255455769 0
    outer loop
      vertex 57.6376952752471 -25.51869491189718 27.684025148547637
      vertex 57.92715710401535 -25.54720441699028 27.684025148547637
      vertex 57.6376952752471 -25.51869491189718 27.943355349529405
    endloop
  endfacet
  facet normal -0.0980171517683245 -0.9951847255455769 0
    outer loop
      vertex 57.6376952752471 -25.51869491189718 27.943355349529405
      vertex 57.92715710401535 -25.54720441699028 27.684025148547637
      vertex 57.92715710401535 -25.54720441699028 27.943355349529405
    endloop
  endfacet
  facet normal 0 -1 0
    outer loop
      vertex 57.92715710401535 -25.54720441699028 27.684025148547637
      vertex 66.07284289598465 -25.54720441699028 27.684025148547637
      vertex 57.92715710401535 -25.54720441699028 27.943355349529405
    endloop
  endfacet
  facet normal 0 0 1
    outer loop
      vertex 57.6376952752471 -25.51869491189718 27.943355349529405
      vertex 57.92715710401535 -25.54720441699028 27.943355349529405
      vertex 66.3623047247529 -25.51869491189718 27.943355349529405
    endloop
  endfacet
  facet normal 0 0 1
    outer loop
      vertex 57.38547083735466 -25.442183454334735 27.943355349529405
      vertex 57.6376952752471 -25.51869491189718 27.943355349529405
      vertex 66.61452916264534 -25.442183454334735 27.943355349529405
    endloop
  endfacet
  facet normal 0 0 1
    outer loop
      vertex 57.38547083735466 -25.442183454334735 27.943355349529405
      vertex 66.06367859989405 -25.360660170018672 27.943355349529405
      vertex 57.93632140010595 -25.360660170018672 27.943355349529405
    endloop
  endfacet
  facet normal -0.9951847272927113 0.09801713402937233 0
    outer loop
      vertex 56.55547033250332 -24.2 27.684025148547637
      vertex 56.55547033250332 -24.2 27.943355349529405
      vertex 56.58130509406328 -23.93769524693489 27.943355349529405
    endloop
  endfacet
  facet normal -0.9951847272927113 0.09801713402937233 0
    outer loop
      vertex 56.55547033250332 -24.2 27.684025148547637
      vertex 56.58130509406328 -23.93769524693489 27.943355349529405
      vertex 56.58130509406328 -23.93769524693489 27.684025148547637
    endloop
  endfacet
  facet normal 0 0 1
    outer loop
      vertex 56.55547033250332 -24.2 27.943355349529405
      vertex 56.74291718751192 -24.2 27.943355349529405
      vertex 56.58130509406328 -23.93769524693489 27.943355349529405
    endloop
  endfacet
  facet normal 0 0 1
    outer loop
      vertex 56.74291718751192 -24.2 27.943355349529405
      vertex 56.76515020430088 -23.974264343082904 27.943355349529405
      vertex 56.58130509406328 -23.93769524693489 27.943355349529405
    endloop
  endfacet
  facet normal -0.956940333874559 0.29028468337831315 0
    outer loop
      vertex 56.58130509406328 -23.93769524693489 27.684025148547637
      vertex 56.58130509406328 -23.93769524693489 27.943355349529405
      vertex 56.65781655162573 -23.68547077924013 27.943355349529405
    endloop
  endfacet
  facet normal 0 0 1
    outer loop
      vertex 56.58130509406328 -23.93769524693489 27.943355349529405
      vertex 56.76515020430088 -23.974264343082904 27.943355349529405
      vertex 56.65781655162573 -23.68547077924013 27.943355349529405
    endloop
  endfacet
  facet normal -0.956940333874559 0.29028468337831315 0
    outer loop
      vertex 56.58130509406328 -23.93769524693489 27.684025148547637
      vertex 56.65781655162573 -23.68547077924013 27.943355349529405
      vertex 56.65781655162573 -23.68547077924013 27.684025148547637
    endloop
  endfacet
  facet normal 0 0 1
    outer loop
      vertex 56.76515020430088 -23.974264343082904 27.943355349529405
      vertex 56.83099486678839 -23.757203590869903 27.943355349529405
      vertex 56.65781655162573 -23.68547077924013 27.943355349529405
    endloop
  endfacet
  facet normal -0.8819212587038153 0.47139674738618836 0
    outer loop
      vertex 56.65781655162573 -23.68547077924013 27.684025148547637
      vertex 56.65781655162573 -23.68547077924013 27.943355349529405
      vertex 56.78206443786621 -23.453019340336322 27.943355349529405
    endloop
  endfacet
  facet normal 0 0 1
    outer loop
      vertex 56.65781655162573 -23.68547077924013 27.943355349529405
      vertex 56.83099486678839 -23.757203590869903 27.943355349529405
      vertex 56.78206443786621 -23.453019340336322 27.943355349529405
    endloop
  endfacet
  facet normal -0.8819212587038153 0.47139674738618836 0
    outer loop
      vertex 56.65781655162573 -23.68547077924013 27.684025148547637
      vertex 56.78206443786621 -23.453019340336322 27.943355349529405
      vertex 56.78206443786621 -23.453019340336322 27.684025148547637
    endloop
  endfacet
  facet normal 0 0 1
    outer loop
      vertex 56.78206443786621 -23.453019340336322 27.943355349529405
      vertex 56.83099486678839 -23.757203590869903 27.943355349529405
      vertex 56.937920801341534 -23.557159234583377 27.943355349529405
    endloop
  endfacet
  facet normal 0 0 1
    outer loop
      vertex 56.78206443786621 -23.453019340336322 27.943355349529405
      vertex 56.937920801341534 -23.557159234583377 27.943355349529405
      vertex 56.94927395135164 -23.249273952841758 27.943355349529405
    endloop
  endfacet
  facet normal -0.7730104622199336 0.6343932733711201 0
    outer loop
      vertex 56.78206443786621 -23.453019340336322 27.684025148547637
      vertex 56.78206443786621 -23.453019340336322 27.943355349529405
      vertex 56.94927395135164 -23.249273952841758 27.943355349529405
    endloop
  endfacet
  facet normal 0 0 1
    outer loop
      vertex 56.937920801341534 -23.557159234583377 27.943355349529405
      vertex 57.08181891590357 -23.38181888014078 27.943355349529405
      vertex 56.94927395135164 -23.249273952841758 27.943355349529405
    endloop
  endfacet
  facet normal -0.7730104622199336 0.6343932733711201 0
    outer loop
      vertex 56.78206443786621 -23.453019340336322 27.684025148547637
      vertex 56.94927395135164 -23.249273952841758 27.943355349529405
      vertex 56.94927395135164 -23.249273952841758 27.684025148547637
    endloop
  endfacet
  facet normal -0.634393272088621 0.7730104632724533 0
    outer loop
      vertex 56.94927395135164 -23.249273952841758 27.684025148547637
      vertex 56.94927395135164 -23.249273952841758 27.943355349529405
      vertex 57.15301929414272 -23.08206447660923 27.943355349529405
    endloop
  endfacet
  facet normal 0 0 1
    outer loop
      vertex 57.08181891590357 -23.38181888014078 27.943355349529405
      vertex 57.15301929414272 -23.08206447660923 27.943355349529405
      vertex 56.94927395135164 -23.249273952841758 27.943355349529405
    endloop
  endfacet
  facet normal 0 0 1
    outer loop
      vertex 57.08181891590357 -23.38181888014078 27.943355349529405
      vertex 57.25715918838978 -23.237920840084552 27.943355349529405
      vertex 57.15301929414272 -23.08206447660923 27.943355349529405
    endloop
  endfacet
  facet normal 0 0 1
    outer loop
      vertex 57.25715918838978 -23.237920840084552 27.943355349529405
      vertex 57.45720361918211 -23.130994860827922 27.943355349529405
      vertex 57.15301929414272 -23.08206447660923 27.943355349529405
    endloop
  endfacet
  facet normal -0.634393272088621 0.7730104632724533 0
    outer loop
      vertex 56.94927395135164 -23.249273952841758 27.684025148547637
      vertex 57.15301929414272 -23.08206447660923 27.943355349529405
      vertex 57.15301929414272 -23.08206447660923 27.684025148547637
    endloop
  endfacet
  facet normal -0.4713967147774498 0.881921276133549 0
    outer loop
      vertex 57.15301929414272 -23.08206447660923 27.684025148547637
      vertex 57.15301929414272 -23.08206447660923 27.943355349529405
      vertex 57.38547083735466 -22.957816545665263 27.943355349529405
    endloop
  endfacet
  facet normal -0.4713967147774498 0.881921276133549 0
    outer loop
      vertex 57.15301929414272 -23.08206447660923 27.684025148547637
      vertex 57.38547083735466 -22.957816545665263 27.943355349529405
      vertex 57.38547083735466 -22.957816545665263 27.684025148547637
    endloop
  endfacet
  facet normal 0 0 1
    outer loop
      vertex 57.15301929414272 -23.08206447660923 27.943355349529405
      vertex 57.45720361918211 -23.130994860827922 27.943355349529405
      vertex 57.38547083735466 -22.957816545665263 27.943355349529405
    endloop
  endfacet
  facet normal 0 0 1
    outer loop
      vertex 57.45720361918211 -23.130994860827922 27.943355349529405
      vertex 57.67426437884569 -23.065150198340415 27.943355349529405
      vertex 57.38547083735466 -22.957816545665263 27.943355349529405
    endloop
  endfacet
  facet normal 0 0 1
    outer loop
      vertex 57.67426437884569 -23.065150198340415 27.943355349529405
      vertex 57.93632140010595 -23.039339829981326 27.943355349529405
      vertex 57.38547083735466 -22.957816545665263 27.943355349529405
    endloop
  endfacet
  facet normal -0.29028471478750634 0.9569403243466836 0
    outer loop
      vertex 57.38547083735466 -22.957816545665263 27.684025148547637
      vertex 57.38547083735466 -22.957816545665263 27.943355349529405
      vertex 57.6376952752471 -22.881305088102817 27.943355349529405
    endloop
  endfacet
  facet normal -0.29028471478750634 0.9569403243466836 0
    outer loop
      vertex 57.38547083735466 -22.957816545665263 27.684025148547637
      vertex 57.6376952752471 -22.881305088102817 27.943355349529405
      vertex 57.6376952752471 -22.881305088102817 27.684025148547637
    endloop
  endfacet
  facet normal -0.0980171517683245 0.9951847255455769 0
    outer loop
      vertex 57.6376952752471 -22.881305088102817 27.684025148547637
      vertex 57.6376952752471 -22.881305088102817 27.943355349529405
      vertex 57.92715710401535 -22.85279558300972 27.943355349529405
    endloop
  endfacet
  facet normal -0.0980171517683245 0.9951847255455769 0
    outer loop
      vertex 57.6376952752471 -22.881305088102817 27.684025148547637
      vertex 57.92715710401535 -22.85279558300972 27.943355349529405
      vertex 57.92715710401535 -22.85279558300972 27.684025148547637
    endloop
  endfacet
  facet normal 0 0 1
    outer loop
      vertex 57.38547083735466 -22.957816545665263 27.943355349529405
      vertex 57.93632140010595 -23.039339829981326 27.943355349529405
      vertex 66.61452916264534 -22.957816545665263 27.943355349529405
    endloop
  endfacet
  facet normal 0 0 1
    outer loop
      vertex 57.38547083735466 -22.957816545665263 27.943355349529405
      vertex 66.3623047247529 -22.881305088102817 27.943355349529405
      vertex 57.6376952752471 -22.881305088102817 27.943355349529405
    endloop
  endfacet
  facet normal 0 1 0
    outer loop
      vertex 57.92715710401535 -22.85279558300972 27.684025148547637
      vertex 57.92715710401535 -22.85279558300972 27.943355349529405
      vertex 66.07284289598465 -22.85279558300972 27.943355349529405
    endloop
  endfacet
  facet normal 0 0 1
    outer loop
      vertex 57.6376952752471 -22.881305088102817 27.943355349529405
      vertex 66.07284289598465 -22.85279558300972 27.943355349529405
      vertex 57.92715710401535 -22.85279558300972 27.943355349529405
    endloop
  endfacet
  facet normal 0 -1 0
    outer loop
      vertex 57.92715710401535 -25.54720441699028 27.943355349529405
      vertex 66.07284289598465 -25.54720441699028 27.684025148547637
      vertex 66.07284289598465 -25.54720441699028 27.943355349529405
    endloop
  endfacet
  facet normal 0 0 1
    outer loop
      vertex 57.92715710401535 -25.54720441699028 27.943355349529405
      vertex 66.07284289598465 -25.54720441699028 27.943355349529405
      vertex 66.3623047247529 -25.51869491189718 27.943355349529405
    endloop
  endfacet
  facet normal 0 0 1
    outer loop
      vertex 57.6376952752471 -25.51869491189718 27.943355349529405
      vertex 66.3623047247529 -25.51869491189718 27.943355349529405
      vertex 66.61452916264534 -25.442183454334735 27.943355349529405
    endloop
  endfacet
  facet normal 0 0 1
    outer loop
      vertex 57.38547083735466 -25.442183454334735 27.943355349529405
      vertex 66.61452916264534 -25.442183454334735 27.943355349529405
      vertex 66.06367859989405 -25.360660170018672 27.943355349529405
    endloop
  endfacet
  facet normal 0.0980171517683245 -0.9951847255455769 0
    outer loop
      vertex 66.07284289598465 -25.54720441699028 27.684025148547637
      vertex 66.3623047247529 -25.51869491189718 27.684025148547637
      vertex 66.07284289598465 -25.54720441699028 27.943355349529405
    endloop
  endfacet
  facet normal 0.0980171517683245 -0.9951847255455769 0
    outer loop
      vertex 66.07284289598465 -25.54720441699028 27.943355349529405
      vertex 66.3623047247529 -25.51869491189718 27.684025148547637
      vertex 66.3623047247529 -25.51869491189718 27.943355349529405
    endloop
  endfacet
  facet normal 0.29028471478750634 -0.9569403243466836 0
    outer loop
      vertex 66.3623047247529 -25.51869491189718 27.684025148547637
      vertex 66.61452916264534 -25.442183454334735 27.684025148547637
      vertex 66.3623047247529 -25.51869491189718 27.943355349529405
    endloop
  endfacet
  facet normal 0.29028471478750634 -0.9569403243466836 0
    outer loop
      vertex 66.61452916264534 -25.442183454334735 27.684025148547637
      vertex 66.61452916264534 -25.442183454334735 27.943355349529405
      vertex 66.3623047247529 -25.51869491189718 27.943355349529405
    endloop
  endfacet
  facet normal 0 0 1
    outer loop
      vertex 66.06367859989405 -25.360660170018672 27.943355349529405
      vertex 66.61452916264534 -25.442183454334735 27.943355349529405
      vertex 66.32573562115431 -25.334849801659583 27.943355349529405
    endloop
  endfacet
  facet normal 0 0 1
    outer loop
      vertex 66.61452916264534 -25.442183454334735 27.943355349529405
      vertex 66.54279638081789 -25.269005139172076 27.943355349529405
      vertex 66.32573562115431 -25.334849801659583 27.943355349529405
    endloop
  endfacet
  facet normal 0.4713967147774498 -0.881921276133549 0
    outer loop
      vertex 66.61452916264534 -25.442183454334735 27.684025148547637
      vertex 66.84698070585728 -25.31793552339077 27.684025148547637
      vertex 66.61452916264534 -25.442183454334735 27.943355349529405
    endloop
  endfacet
  facet normal 0 0 1
    outer loop
      vertex 66.61452916264534 -25.442183454334735 27.943355349529405
      vertex 66.84698070585728 -25.31793552339077 27.943355349529405
      vertex 66.54279638081789 -25.269005139172076 27.943355349529405
    endloop
  endfacet
  facet normal 0.4713967147774498 -0.881921276133549 0
    outer loop
      vertex 66.61452916264534 -25.442183454334735 27.943355349529405
      vertex 66.84698070585728 -25.31793552339077 27.684025148547637
      vertex 66.84698070585728 -25.31793552339077 27.943355349529405
    endloop
  endfacet
  facet normal 0.634393272088621 -0.7730104632724533 0
    outer loop
      vertex 66.84698070585728 -25.31793552339077 27.684025148547637
      vertex 67.05072604864836 -25.15072604715824 27.684025148547637
      vertex 66.84698070585728 -25.31793552339077 27.943355349529405
    endloop
  endfacet
  facet normal 0 0 1
    outer loop
      vertex 66.54279638081789 -25.269005139172076 27.943355349529405
      vertex 66.84698070585728 -25.31793552339077 27.943355349529405
      vertex 66.74284081161022 -25.162079159915447 27.943355349529405
    endloop
  endfacet
  facet normal 0 0 1
    outer loop
      vertex 66.84698070585728 -25.31793552339077 27.943355349529405
      vertex 66.91818108409643 -25.018181119859218 27.943355349529405
      vertex 66.74284081161022 -25.162079159915447 27.943355349529405
    endloop
  endfacet
  facet normal 0 0 1
    outer loop
      vertex 66.84698070585728 -25.31793552339077 27.943355349529405
      vertex 67.05072604864836 -25.15072604715824 27.943355349529405
      vertex 66.91818108409643 -25.018181119859218 27.943355349529405
    endloop
  endfacet
  facet normal 0.634393272088621 -0.7730104632724533 0
    outer loop
      vertex 66.84698070585728 -25.31793552339077 27.943355349529405
      vertex 67.05072604864836 -25.15072604715824 27.684025148547637
      vertex 67.05072604864836 -25.15072604715824 27.943355349529405
    endloop
  endfacet
  facet normal 0.7730104622199336 -0.6343932733711201 0
    outer loop
      vertex 67.05072604864836 -25.15072604715824 27.684025148547637
      vertex 67.21793556213379 -24.946980659663677 27.684025148547637
      vertex 67.05072604864836 -25.15072604715824 27.943355349529405
    endloop
  endfacet
  facet normal 0.7730104622199336 -0.6343932733711201 0
    outer loop
      vertex 67.05072604864836 -25.15072604715824 27.943355349529405
      vertex 67.21793556213379 -24.946980659663677 27.684025148547637
      vertex 67.21793556213379 -24.946980659663677 27.943355349529405
    endloop
  endfacet
  facet normal 0 0 1
    outer loop
      vertex 67.05072604864836 -25.15072604715824 27.943355349529405
      vertex 67.06207919865847 -24.84284076541662 27.943355349529405
      vertex 66.91818108409643 -25.018181119859218 27.943355349529405
    endloop
  endfacet
  facet normal 0 0 1
    outer loop
      vertex 67.05072604864836 -25.15072604715824 27.943355349529405
      vertex 67.21793556213379 -24.946980659663677 27.943355349529405
      vertex 67.06207919865847 -24.84284076541662 27.943355349529405
    endloop
  endfacet
  facet normal 0 0 1
    outer loop
      vertex 67.06207919865847 -24.84284076541662 27.943355349529405
      vertex 67.21793556213379 -24.946980659663677 27.943355349529405
      vertex 67.16900513321161 -24.642796409130096 27.943355349529405
    endloop
  endfacet
  facet normal 0.8819212587038153 -0.47139674738618836 0
    outer loop
      vertex 67.21793556213379 -24.946980659663677 27.684025148547637
      vertex 67.34218344837427 -24.714529220759868 27.684025148547637
      vertex 67.21793556213379 -24.946980659663677 27.943355349529405
    endloop
  endfacet
  facet normal 0.8819212587038153 -0.47139674738618836 0
    outer loop
      vertex 67.21793556213379 -24.946980659663677 27.943355349529405
      vertex 67.34218344837427 -24.714529220759868 27.684025148547637
      vertex 67.34218344837427 -24.714529220759868 27.943355349529405
    endloop
  endfacet
  facet normal 0 0 1
    outer loop
      vertex 67.16900513321161 -24.642796409130096 27.943355349529405
      vertex 67.21793556213379 -24.946980659663677 27.943355349529405
      vertex 67.34218344837427 -24.714529220759868 27.943355349529405
    endloop
  endfacet
  facet normal 0.956940333874559 -0.29028468337831315 0
    outer loop
      vertex 67.34218344837427 -24.714529220759868 27.684025148547637
      vertex 67.41869490593672 -24.46230475306511 27.684025148547637
      vertex 67.34218344837427 -24.714529220759868 27.943355349529405
    endloop
  endfacet
  facet normal 0 0 1
    outer loop
      vertex 67.16900513321161 -24.642796409130096 27.943355349529405
      vertex 67.34218344837427 -24.714529220759868 27.943355349529405
      vertex 67.23484979569912 -24.425735656917094 27.943355349529405
    endloop
  endfacet
  facet normal 0.956940333874559 -0.29028468337831315 0
    outer loop
      vertex 67.34218344837427 -24.714529220759868 27.943355349529405
      vertex 67.41869490593672 -24.46230475306511 27.684025148547637
      vertex 67.41869490593672 -24.46230475306511 27.943355349529405
    endloop
  endfacet
  facet normal 0 0 1
    outer loop
      vertex 67.34218344837427 -24.714529220759868 27.943355349529405
      vertex 67.41869490593672 -24.46230475306511 27.943355349529405
      vertex 67.23484979569912 -24.425735656917094 27.943355349529405
    endloop
  endfacet
  facet normal 0 0 1
    outer loop
      vertex 67.23484979569912 -24.425735656917094 27.943355349529405
      vertex 67.41869490593672 -24.46230475306511 27.943355349529405
      vertex 67.25708281248808 -24.2 27.943355349529405
    endloop
  endfacet
  facet normal 0 0 1
    outer loop
      vertex 67.41869490593672 -24.46230475306511 27.943355349529405
      vertex 67.44452966749668 -24.2 27.943355349529405
      vertex 67.25708281248808 -24.2 27.943355349529405
    endloop
  endfacet
  facet normal 0.9951847272927113 -0.09801713402937233 0
    outer loop
      vertex 67.41869490593672 -24.46230475306511 27.684025148547637
      vertex 67.44452966749668 -24.2 27.684025148547637
      vertex 67.41869490593672 -24.46230475306511 27.943355349529405
    endloop
  endfacet
  facet normal 0.9951847272927113 -0.09801713402937233 0
    outer loop
      vertex 67.41869490593672 -24.46230475306511 27.943355349529405
      vertex 67.44452966749668 -24.2 27.684025148547637
      vertex 67.44452966749668 -24.2 27.943355349529405
    endloop
  endfacet
  facet normal 0 0 1
    outer loop
      vertex 57.93632140010595 -23.039339829981326 27.943355349529405
      vertex 66.06367859989405 -23.039339829981326 27.943355349529405
      vertex 66.61452916264534 -22.957816545665263 27.943355349529405
    endloop
  endfacet
  facet normal 0 0 1
    outer loop
      vertex 57.38547083735466 -22.957816545665263 27.943355349529405
      vertex 66.61452916264534 -22.957816545665263 27.943355349529405
      vertex 66.3623047247529 -22.881305088102817 27.943355349529405
    endloop
  endfacet
  facet normal 0 1 0
    outer loop
      vertex 57.92715710401535 -22.85279558300972 27.684025148547637
      vertex 66.07284289598465 -22.85279558300972 27.943355349529405
      vertex 66.07284289598465 -22.85279558300972 27.684025148547637
    endloop
  endfacet
  facet normal 0 0 1
    outer loop
      vertex 57.6376952752471 -22.881305088102817 27.943355349529405
      vertex 66.3623047247529 -22.881305088102817 27.943355349529405
      vertex 66.07284289598465 -22.85279558300972 27.943355349529405
    endloop
  endfacet
  facet normal 0.0980171517683245 0.9951847255455769 0
    outer loop
      vertex 66.07284289598465 -22.85279558300972 27.684025148547637
      vertex 66.07284289598465 -22.85279558300972 27.943355349529405
      vertex 66.3623047247529 -22.881305088102817 27.943355349529405
    endloop
  endfacet
  facet normal 0.0980171517683245 0.9951847255455769 0
    outer loop
      vertex 66.07284289598465 -22.85279558300972 27.684025148547637
      vertex 66.3623047247529 -22.881305088102817 27.943355349529405
      vertex 66.3623047247529 -22.881305088102817 27.684025148547637
    endloop
  endfacet
  facet normal 0 0 1
    outer loop
      vertex 66.74284081161022 -23.237920840084552 27.943355349529405
      vertex 66.84698070585728 -23.08206447660923 27.943355349529405
      vertex 66.54279638081789 -23.130994860827922 27.943355349529405
    endloop
  endfacet
  facet normal 0 0 1
    outer loop
      vertex 67.06207919865847 -23.557159234583377 27.943355349529405
      vertex 67.21793556213379 -23.453019340336322 27.943355349529405
      vertex 66.91818108409643 -23.38181888014078 27.943355349529405
    endloop
  endfacet
  facet normal 0.7730104622199336 0.6343932733711201 0
    outer loop
      vertex 67.05072604864836 -23.249273952841758 27.684025148547637
      vertex 67.21793556213379 -23.453019340336322 27.943355349529405
      vertex 67.21793556213379 -23.453019340336322 27.684025148547637
    endloop
  endfacet
  facet normal 0 0 1
    outer loop
      vertex 66.91818108409643 -23.38181888014078 27.943355349529405
      vertex 67.21793556213379 -23.453019340336322 27.943355349529405
      vertex 67.05072604864836 -23.249273952841758 27.943355349529405
    endloop
  endfacet
  facet normal 0 0 1
    outer loop
      vertex 66.74284081161022 -23.237920840084552 27.943355349529405
      vertex 66.91818108409643 -23.38181888014078 27.943355349529405
      vertex 67.05072604864836 -23.249273952841758 27.943355349529405
    endloop
  endfacet
  facet normal 0 0 1
    outer loop
      vertex 66.74284081161022 -23.237920840084552 27.943355349529405
      vertex 67.05072604864836 -23.249273952841758 27.943355349529405
      vertex 66.84698070585728 -23.08206447660923 27.943355349529405
    endloop
  endfacet
  facet normal 0.7730104622199336 0.6343932733711201 0
    outer loop
      vertex 67.05072604864836 -23.249273952841758 27.684025148547637
      vertex 67.05072604864836 -23.249273952841758 27.943355349529405
      vertex 67.21793556213379 -23.453019340336322 27.943355349529405
    endloop
  endfacet
  facet normal 0.634393272088621 0.7730104632724533 0
    outer loop
      vertex 67.05072604864836 -23.249273952841758 27.684025148547637
      vertex 66.84698070585728 -23.08206447660923 27.684025148547637
      vertex 67.05072604864836 -23.249273952841758 27.943355349529405
    endloop
  endfacet
  facet normal 0 0 1
    outer loop
      vertex 66.06367859989405 -23.039339829981326 27.943355349529405
      vertex 66.32573562115431 -23.065150198340415 27.943355349529405
      vertex 66.61452916264534 -22.957816545665263 27.943355349529405
    endloop
  endfacet
  facet normal 0 0 1
    outer loop
      vertex 66.32573562115431 -23.065150198340415 27.943355349529405
      vertex 66.54279638081789 -23.130994860827922 27.943355349529405
      vertex 66.84698070585728 -23.08206447660923 27.943355349529405
    endloop
  endfacet
  facet normal 0.4713967147774498 0.881921276133549 0
    outer loop
      vertex 66.61452916264534 -22.957816545665263 27.684025148547637
      vertex 66.61452916264534 -22.957816545665263 27.943355349529405
      vertex 66.84698070585728 -23.08206447660923 27.943355349529405
    endloop
  endfacet
  facet normal 0 0 1
    outer loop
      vertex 66.32573562115431 -23.065150198340415 27.943355349529405
      vertex 66.84698070585728 -23.08206447660923 27.943355349529405
      vertex 66.61452916264534 -22.957816545665263 27.943355349529405
    endloop
  endfacet
  facet normal 0.29028471478750634 0.9569403243466836 0
    outer loop
      vertex 66.3623047247529 -22.881305088102817 27.684025148547637
      vertex 66.61452916264534 -22.957816545665263 27.943355349529405
      vertex 66.61452916264534 -22.957816545665263 27.684025148547637
    endloop
  endfacet
  facet normal 0.29028471478750634 0.9569403243466836 0
    outer loop
      vertex 66.3623047247529 -22.881305088102817 27.684025148547637
      vertex 66.3623047247529 -22.881305088102817 27.943355349529405
      vertex 66.61452916264534 -22.957816545665263 27.943355349529405
    endloop
  endfacet
  facet normal 0.634393272088621 0.7730104632724533 0
    outer loop
      vertex 67.05072604864836 -23.249273952841758 27.943355349529405
      vertex 66.84698070585728 -23.08206447660923 27.684025148547637
      vertex 66.84698070585728 -23.08206447660923 27.943355349529405
    endloop
  endfacet
  facet normal 0.4713967147774498 0.881921276133549 0
    outer loop
      vertex 66.61452916264534 -22.957816545665263 27.684025148547637
      vertex 66.84698070585728 -23.08206447660923 27.943355349529405
      vertex 66.84698070585728 -23.08206447660923 27.684025148547637
    endloop
  endfacet
  facet normal 0 0 1
    outer loop
      vertex 67.25708281248808 -24.2 27.943355349529405
      vertex 67.44452966749668 -24.2 27.943355349529405
      vertex 67.23484979569912 -23.974264343082904 27.943355349529405
    endloop
  endfacet
  facet normal 0 0 1
    outer loop
      vertex 67.44452966749668 -24.2 27.943355349529405
      vertex 67.41869490593672 -23.93769524693489 27.943355349529405
      vertex 67.23484979569912 -23.974264343082904 27.943355349529405
    endloop
  endfacet
  facet normal 0.9951847272927113 0.09801713402937233 0
    outer loop
      vertex 67.44452966749668 -24.2 27.684025148547637
      vertex 67.41869490593672 -23.93769524693489 27.684025148547637
      vertex 67.44452966749668 -24.2 27.943355349529405
    endloop
  endfacet
  facet normal 0.9951847272927113 0.09801713402937233 0
    outer loop
      vertex 67.44452966749668 -24.2 27.943355349529405
      vertex 67.41869490593672 -23.93769524693489 27.684025148547637
      vertex 67.41869490593672 -23.93769524693489 27.943355349529405
    endloop
  endfacet
  facet normal 0.956940333874559 0.29028468337831315 0
    outer loop
      vertex 67.41869490593672 -23.93769524693489 27.684025148547637
      vertex 67.34218344837427 -23.68547077924013 27.684025148547637
      vertex 67.41869490593672 -23.93769524693489 27.943355349529405
    endloop
  endfacet
  facet normal 0 0 1
    outer loop
      vertex 67.16900513321161 -23.757203590869903 27.943355349529405
      vertex 67.23484979569912 -23.974264343082904 27.943355349529405
      vertex 67.41869490593672 -23.93769524693489 27.943355349529405
    endloop
  endfacet
  facet normal 0.956940333874559 0.29028468337831315 0
    outer loop
      vertex 67.41869490593672 -23.93769524693489 27.943355349529405
      vertex 67.34218344837427 -23.68547077924013 27.684025148547637
      vertex 67.34218344837427 -23.68547077924013 27.943355349529405
    endloop
  endfacet
  facet normal 0 0 1
    outer loop
      vertex 67.16900513321161 -23.757203590869903 27.943355349529405
      vertex 67.41869490593672 -23.93769524693489 27.943355349529405
      vertex 67.34218344837427 -23.68547077924013 27.943355349529405
    endloop
  endfacet
  facet normal 0.8819212587038153 0.47139674738618836 0
    outer loop
      vertex 67.34218344837427 -23.68547077924013 27.684025148547637
      vertex 67.21793556213379 -23.453019340336322 27.684025148547637
      vertex 67.34218344837427 -23.68547077924013 27.943355349529405
    endloop
  endfacet
  facet normal 0 0 1
    outer loop
      vertex 67.16900513321161 -23.757203590869903 27.943355349529405
      vertex 67.34218344837427 -23.68547077924013 27.943355349529405
      vertex 67.06207919865847 -23.557159234583377 27.943355349529405
    endloop
  endfacet
  facet normal 0.8819212587038153 0.47139674738618836 0
    outer loop
      vertex 67.34218344837427 -23.68547077924013 27.943355349529405
      vertex 67.21793556213379 -23.453019340336322 27.684025148547637
      vertex 67.21793556213379 -23.453019340336322 27.943355349529405
    endloop
  endfacet
  facet normal 0 0 1
    outer loop
      vertex 67.06207919865847 -23.557159234583377 27.943355349529405
      vertex 67.34218344837427 -23.68547077924013 27.943355349529405
      vertex 67.21793556213379 -23.453019340336322 27.943355349529405
    endloop
  endfacet
  facet normal -0.9569403318593979 -0.2902846900214087 0
    outer loop
      vertex 56.76515020430088 -24.425735656917094 28.170660171779822
      vertex 56.83099486678839 -24.642796409130096 27.943355349529405
      vertex 56.83099486678839 -24.642796409130096 28.170660171779822
    endloop
  endfacet
  facet normal -0.9569403318593979 -0.2902846900214087 0
    outer loop
      vertex 56.76515020430088 -24.425735656917094 27.943355349529405
      vertex 56.83099486678839 -24.642796409130096 27.943355349529405
      vertex 56.76515020430088 -24.425735656917094 28.170660171779822
    endloop
  endfacet
  facet normal -0.9951847287572719 -0.09801711915943624 0
    outer loop
      vertex 56.76515020430088 -24.425735656917094 27.943355349529405
      vertex 56.74291718751192 -24.2 28.170660171779822
      vertex 56.74291718751192 -24.2 27.943355349529405
    endloop
  endfacet
  facet normal -0.9951847287572719 -0.09801711915943624 0
    outer loop
      vertex 56.76515020430088 -24.425735656917094 27.943355349529405
      vertex 56.76515020430088 -24.425735656917094 28.170660171779822
      vertex 56.74291718751192 -24.2 28.170660171779822
    endloop
  endfacet
  facet normal -0.29028468089704373 -0.9569403346272439 0
    outer loop
      vertex 57.45720361918211 -25.269005139172076 27.943355349529405
      vertex 57.67426437884569 -25.334849801659583 27.943355349529405
      vertex 57.45720361918211 -25.269005139172076 28.170660171779822
    endloop
  endfacet
  facet normal -0.29028468089704373 -0.9569403346272439 0
    outer loop
      vertex 57.67426437884569 -25.334849801659583 27.943355349529405
      vertex 57.67426437884569 -25.334849801659583 28.170660171779822
      vertex 57.45720361918211 -25.269005139172076 28.170660171779822
    endloop
  endfacet
  facet normal -0.7730104436455624 -0.6343932960040568 0
    outer loop
      vertex 57.08181891590357 -25.018181119859218 27.943355349529405
      vertex 56.937920801341534 -24.84284076541662 28.170660171779822
      vertex 56.937920801341534 -24.84284076541662 27.943355349529405
    endloop
  endfacet
  facet normal -0.6343932769156848 -0.7730104593109846 0
    outer loop
      vertex 57.08181891590357 -25.018181119859218 27.943355349529405
      vertex 57.25715918838978 -25.162079159915447 27.943355349529405
      vertex 57.08181891590357 -25.018181119859218 28.170660171779822
    endloop
  endfacet
  facet normal -0.47139674818681226 -0.8819212582758731 0
    outer loop
      vertex 57.45720361918211 -25.269005139172076 27.943355349529405
      vertex 57.25715918838978 -25.162079159915447 28.170660171779822
      vertex 57.25715918838978 -25.162079159915447 27.943355349529405
    endloop
  endfacet
  facet normal -0.6343932769156848 -0.7730104593109846 0
    outer loop
      vertex 57.25715918838978 -25.162079159915447 27.943355349529405
      vertex 57.25715918838978 -25.162079159915447 28.170660171779822
      vertex 57.08181891590357 -25.018181119859218 28.170660171779822
    endloop
  endfacet
  facet normal -0.7730104436455624 -0.6343932960040568 0
    outer loop
      vertex 57.08181891590357 -25.018181119859218 27.943355349529405
      vertex 57.08181891590357 -25.018181119859218 28.170660171779822
      vertex 56.937920801341534 -24.84284076541662 28.170660171779822
    endloop
  endfacet
  facet normal 0 0 1
    outer loop
      vertex 57.08181891590357 -25.018181119859218 28.170660171779822
      vertex 57.25715918838978 -25.162079159915447 28.170660171779822
      vertex 57.38405403494835 -24.9721676453948 28.170660171779822
    endloop
  endfacet
  facet normal 0 0 1
    outer loop
      vertex 57.08181891590357 -25.018181119859218 28.170660171779822
      vertex 57.38405403494835 -24.9721676453948 28.170660171779822
      vertex 57.243325375020504 -24.85667462348938 28.170660171779822
    endloop
  endfacet
  facet normal -0.47139674818681226 -0.8819212582758731 0
    outer loop
      vertex 57.45720361918211 -25.269005139172076 27.943355349529405
      vertex 57.45720361918211 -25.269005139172076 28.170660171779822
      vertex 57.25715918838978 -25.162079159915447 28.170660171779822
    endloop
  endfacet
  facet normal 0 0 1
    outer loop
      vertex 57.25715918838978 -25.162079159915447 28.170660171779822
      vertex 57.71882388740778 -25.11083388030529 28.170660171779822
      vertex 57.54461031407118 -25.057986763119697 28.170660171779822
    endloop
  endfacet
  facet normal 0 0 1
    outer loop
      vertex 57.25715918838978 -25.162079159915447 28.170660171779822
      vertex 57.947488240897655 -25.13335535377264 28.170660171779822
      vertex 57.71882388740778 -25.11083388030529 28.170660171779822
    endloop
  endfacet
  facet normal 0 0 1
    outer loop
      vertex 57.25715918838978 -25.162079159915447 28.170660171779822
      vertex 57.54461031407118 -25.057986763119697 28.170660171779822
      vertex 57.38405403494835 -24.9721676453948 28.170660171779822
    endloop
  endfacet
  facet normal -0.0980171575387444 -0.9951847249772401 0
    outer loop
      vertex 57.67426437884569 -25.334849801659583 27.943355349529405
      vertex 57.93632140010595 -25.360660170018672 27.943355349529405
      vertex 57.67426437884569 -25.334849801659583 28.170660171779822
    endloop
  endfacet
  facet normal -0.0980171575387444 -0.9951847249772401 0
    outer loop
      vertex 57.67426437884569 -25.334849801659583 28.170660171779822
      vertex 57.93632140010595 -25.360660170018672 27.943355349529405
      vertex 57.93632140010595 -25.360660170018672 28.170660171779822
    endloop
  endfacet
  facet normal -0.8819212672187522 -0.4713967314558623 0
    outer loop
      vertex 56.937920801341534 -24.84284076541662 27.943355349529405
      vertex 56.83099486678839 -24.642796409130096 28.170660171779822
      vertex 56.83099486678839 -24.642796409130096 27.943355349529405
    endloop
  endfacet
  facet normal -0.8819212672187522 -0.4713967314558623 0
    outer loop
      vertex 56.937920801341534 -24.84284076541662 27.943355349529405
      vertex 56.937920801341534 -24.84284076541662 28.170660171779822
      vertex 56.83099486678839 -24.642796409130096 28.170660171779822
    endloop
  endfacet
  facet normal 0 0 1
    outer loop
      vertex 57.08181891590357 -25.018181119859218 28.170660171779822
      vertex 57.12783232331276 -24.71594592630863 28.170660171779822
      vertex 56.937920801341534 -24.84284076541662 28.170660171779822
    endloop
  endfacet
  facet normal 0 0 1
    outer loop
      vertex 57.08181891590357 -25.018181119859218 28.170660171779822
      vertex 57.243325375020504 -24.85667462348938 28.170660171779822
      vertex 57.12783232331276 -24.71594592630863 28.170660171779822
    endloop
  endfacet
  facet normal 0 0 1
    outer loop
      vertex 56.937920801341534 -24.84284076541662 28.170660171779822
      vertex 57.12783232331276 -24.71594592630863 28.170660171779822
      vertex 57.04201325774193 -24.55538975149393 28.170660171779822
    endloop
  endfacet
  facet normal 0 0 1
    outer loop
      vertex 56.937920801341534 -24.84284076541662 28.170660171779822
      vertex 57.04201325774193 -24.55538975149393 28.170660171779822
      vertex 56.83099486678839 -24.642796409130096 28.170660171779822
    endloop
  endfacet
  facet normal 0 0 1
    outer loop
      vertex 56.76515020430088 -24.425735656917094 28.170660171779822
      vertex 56.83099486678839 -24.642796409130096 28.170660171779822
      vertex 56.989166125655174 -24.381176118552684 28.170660171779822
    endloop
  endfacet
  facet normal 0 0 1
    outer loop
      vertex 56.83099486678839 -24.642796409130096 28.170660171779822
      vertex 57.04201325774193 -24.55538975149393 28.170660171779822
      vertex 56.989166125655174 -24.381176118552684 28.170660171779822
    endloop
  endfacet
  facet normal 0 0 1
    outer loop
      vertex 56.76515020430088 -24.425735656917094 28.170660171779822
      vertex 56.989166125655174 -24.381176118552684 28.170660171779822
      vertex 56.97132183611393 -24.2 28.170660171779822
    endloop
  endfacet
  facet normal 0 0 1
    outer loop
      vertex 56.76515020430088 -24.425735656917094 28.170660171779822
      vertex 56.97132183611393 -24.2 28.170660171779822
      vertex 56.74291718751192 -24.2 28.170660171779822
    endloop
  endfacet
  facet normal 0 -1 0
    outer loop
      vertex 57.93632140010595 -25.360660170018672 27.943355349529405
      vertex 66.06367859989405 -25.360660170018672 27.943355349529405
      vertex 57.93632140010595 -25.360660170018672 28.170660171779822
    endloop
  endfacet
  facet normal 0 0 1
    outer loop
      vertex 57.67426437884569 -25.334849801659583 28.170660171779822
      vertex 57.93632140010595 -25.360660170018672 28.170660171779822
      vertex 66.32573562115431 -25.334849801659583 28.170660171779822
    endloop
  endfacet
  facet normal 0 0 1
    outer loop
      vertex 57.45720361918211 -25.269005139172076 28.170660171779822
      vertex 57.67426437884569 -25.334849801659583 28.170660171779822
      vertex 66.54279638081789 -25.269005139172076 28.170660171779822
    endloop
  endfacet
  facet normal 0 0 1
    outer loop
      vertex 57.45720361918211 -25.269005139172076 28.170660171779822
      vertex 66.74284081161022 -25.162079159915447 28.170660171779822
      vertex 57.25715918838978 -25.162079159915447 28.170660171779822
    endloop
  endfacet
  facet normal 0 0 1
    outer loop
      vertex 57.25715918838978 -25.162079159915447 28.170660171779822
      vertex 66.74284081161022 -25.162079159915447 28.170660171779822
      vertex 57.947488240897655 -25.13335535377264 28.170660171779822
    endloop
  endfacet
  facet normal -0.9951847287572719 0.09801711915943624 0
    outer loop
      vertex 56.74291718751192 -24.2 27.943355349529405
      vertex 56.76515020430088 -23.974264343082904 28.170660171779822
      vertex 56.76515020430088 -23.974264343082904 27.943355349529405
    endloop
  endfacet
  facet normal -0.9951847287572719 0.09801711915943624 0
    outer loop
      vertex 56.74291718751192 -24.2 27.943355349529405
      vertex 56.74291718751192 -24.2 28.170660171779822
      vertex 56.76515020430088 -23.974264343082904 28.170660171779822
    endloop
  endfacet
  facet normal -0.9569403318593979 0.2902846900214087 0
    outer loop
      vertex 56.76515020430088 -23.974264343082904 27.943355349529405
      vertex 56.76515020430088 -23.974264343082904 28.170660171779822
      vertex 56.83099486678839 -23.757203590869903 28.170660171779822
    endloop
  endfacet
  facet normal -0.9569403318593979 0.2902846900214087 0
    outer loop
      vertex 56.76515020430088 -23.974264343082904 27.943355349529405
      vertex 56.83099486678839 -23.757203590869903 28.170660171779822
      vertex 56.83099486678839 -23.757203590869903 27.943355349529405
    endloop
  endfacet
  facet normal 0 0 1
    outer loop
      vertex 56.74291718751192 -24.2 28.170660171779822
      vertex 56.97132183611393 -24.2 28.170660171779822
      vertex 56.989166125655174 -24.018823881447315 28.170660171779822
    endloop
  endfacet
  facet normal 0 0 1
    outer loop
      vertex 56.74291718751192 -24.2 28.170660171779822
      vertex 56.989166125655174 -24.018823881447315 28.170660171779822
      vertex 56.76515020430088 -23.974264343082904 28.170660171779822
    endloop
  endfacet
  facet normal 0 0 1
    outer loop
      vertex 56.76515020430088 -23.974264343082904 28.170660171779822
      vertex 56.989166125655174 -24.018823881447315 28.170660171779822
      vertex 57.04201325774193 -23.84461024850607 28.170660171779822
    endloop
  endfacet
  facet normal 0 0 1
    outer loop
      vertex 56.76515020430088 -23.974264343082904 28.170660171779822
      vertex 57.04201325774193 -23.84461024850607 28.170660171779822
      vertex 56.83099486678839 -23.757203590869903 28.170660171779822
    endloop
  endfacet
  facet normal -0.8819212672187522 0.4713967314558623 0
    outer loop
      vertex 56.83099486678839 -23.757203590869903 27.943355349529405
      vertex 56.937920801341534 -23.557159234583377 28.170660171779822
      vertex 56.937920801341534 -23.557159234583377 27.943355349529405
    endloop
  endfacet
  facet normal -0.8819212672187522 0.4713967314558623 0
    outer loop
      vertex 56.83099486678839 -23.757203590869903 27.943355349529405
      vertex 56.83099486678839 -23.757203590869903 28.170660171779822
      vertex 56.937920801341534 -23.557159234583377 28.170660171779822
    endloop
  endfacet
  facet normal 0 0 1
    outer loop
      vertex 56.83099486678839 -23.757203590869903 28.170660171779822
      vertex 57.04201325774193 -23.84461024850607 28.170660171779822
      vertex 57.12783232331276 -23.684054073691367 28.170660171779822
    endloop
  endfacet
  facet normal 0 0 1
    outer loop
      vertex 56.83099486678839 -23.757203590869903 28.170660171779822
      vertex 57.12783232331276 -23.684054073691367 28.170660171779822
      vertex 56.937920801341534 -23.557159234583377 28.170660171779822
    endloop
  endfacet
  facet normal 0 0 1
    outer loop
      vertex 57.12783232331276 -23.684054073691367 28.170660171779822
      vertex 57.243325375020504 -23.54332537651062 28.170660171779822
      vertex 56.937920801341534 -23.557159234583377 28.170660171779822
    endloop
  endfacet
  facet normal -0.7730104436455624 0.6343932960040568 0
    outer loop
      vertex 56.937920801341534 -23.557159234583377 27.943355349529405
      vertex 57.08181891590357 -23.38181888014078 28.170660171779822
      vertex 57.08181891590357 -23.38181888014078 27.943355349529405
    endloop
  endfacet
  facet normal -0.6343932769156848 0.7730104593109846 0
    outer loop
      vertex 57.08181891590357 -23.38181888014078 27.943355349529405
      vertex 57.25715918838978 -23.237920840084552 28.170660171779822
      vertex 57.25715918838978 -23.237920840084552 27.943355349529405
    endloop
  endfacet
  facet normal -0.47139674818681226 0.8819212582758731 0
    outer loop
      vertex 57.25715918838978 -23.237920840084552 27.943355349529405
      vertex 57.45720361918211 -23.130994860827922 28.170660171779822
      vertex 57.45720361918211 -23.130994860827922 27.943355349529405
    endloop
  endfacet
  facet normal -0.7730104436455624 0.6343932960040568 0
    outer loop
      vertex 56.937920801341534 -23.557159234583377 27.943355349529405
      vertex 56.937920801341534 -23.557159234583377 28.170660171779822
      vertex 57.08181891590357 -23.38181888014078 28.170660171779822
    endloop
  endfacet
  facet normal 0 0 1
    outer loop
      vertex 56.937920801341534 -23.557159234583377 28.170660171779822
      vertex 57.243325375020504 -23.54332537651062 28.170660171779822
      vertex 57.08181891590357 -23.38181888014078 28.170660171779822
    endloop
  endfacet
  facet normal 0 0 1
    outer loop
      vertex 57.243325375020504 -23.54332537651062 28.170660171779822
      vertex 57.38405403494835 -23.427832354605197 28.170660171779822
      vertex 57.08181891590357 -23.38181888014078 28.170660171779822
    endloop
  endfacet
  facet normal -0.6343932769156848 0.7730104593109846 0
    outer loop
      vertex 57.08181891590357 -23.38181888014078 27.943355349529405
      vertex 57.08181891590357 -23.38181888014078 28.170660171779822
      vertex 57.25715918838978 -23.237920840084552 28.170660171779822
    endloop
  endfacet
  facet normal 0 0 1
    outer loop
      vertex 57.08181891590357 -23.38181888014078 28.170660171779822
      vertex 57.38405403494835 -23.427832354605197 28.170660171779822
      vertex 57.54461031407118 -23.3420132368803 28.170660171779822
    endloop
  endfacet
  facet normal 0 0 1
    outer loop
      vertex 57.08181891590357 -23.38181888014078 28.170660171779822
      vertex 57.54461031407118 -23.3420132368803 28.170660171779822
      vertex 57.25715918838978 -23.237920840084552 28.170660171779822
    endloop
  endfacet
  facet normal -0.47139674818681226 0.8819212582758731 0
    outer loop
      vertex 57.25715918838978 -23.237920840084552 27.943355349529405
      vertex 57.25715918838978 -23.237920840084552 28.170660171779822
      vertex 57.45720361918211 -23.130994860827922 28.170660171779822
    endloop
  endfacet
  facet normal 0 0 1
    outer loop
      vertex 57.54461031407118 -23.3420132368803 28.170660171779822
      vertex 57.71882388740778 -23.28916611969471 28.170660171779822
      vertex 57.25715918838978 -23.237920840084552 28.170660171779822
    endloop
  endfacet
  facet normal 0 0 1
    outer loop
      vertex 57.25715918838978 -23.237920840084552 28.170660171779822
      vertex 57.71882388740778 -23.28916611969471 28.170660171779822
      vertex 57.947488240897655 -23.26664464622736 28.170660171779822
    endloop
  endfacet
  facet normal -0.29028468089704373 0.9569403346272439 0
    outer loop
      vertex 57.45720361918211 -23.130994860827922 27.943355349529405
      vertex 57.67426437884569 -23.065150198340415 28.170660171779822
      vertex 57.67426437884569 -23.065150198340415 27.943355349529405
    endloop
  endfacet
  facet normal -0.29028468089704373 0.9569403346272439 0
    outer loop
      vertex 57.45720361918211 -23.130994860827922 27.943355349529405
      vertex 57.45720361918211 -23.130994860827922 28.170660171779822
      vertex 57.67426437884569 -23.065150198340415 28.170660171779822
    endloop
  endfacet
  facet normal -0.0980171575387444 0.9951847249772401 0
    outer loop
      vertex 57.67426437884569 -23.065150198340415 27.943355349529405
      vertex 57.93632140010595 -23.039339829981326 28.170660171779822
      vertex 57.93632140010595 -23.039339829981326 27.943355349529405
    endloop
  endfacet
  facet normal -0.0980171575387444 0.9951847249772401 0
    outer loop
      vertex 57.67426437884569 -23.065150198340415 27.943355349529405
      vertex 57.67426437884569 -23.065150198340415 28.170660171779822
      vertex 57.93632140010595 -23.039339829981326 28.170660171779822
    endloop
  endfacet
  facet normal 0 0 1
    outer loop
      vertex 57.25715918838978 -23.237920840084552 28.170660171779822
      vertex 57.947488240897655 -23.26664464622736 28.170660171779822
      vertex 66.05251175910234 -23.26664464622736 28.170660171779822
    endloop
  endfacet
  facet normal 0 0 1
    outer loop
      vertex 57.25715918838978 -23.237920840084552 28.170660171779822
      vertex 66.54279638081789 -23.130994860827922 28.170660171779822
      vertex 57.45720361918211 -23.130994860827922 28.170660171779822
    endloop
  endfacet
  facet normal 0 0 1
    outer loop
      vertex 57.45720361918211 -23.130994860827922 28.170660171779822
      vertex 66.32573562115431 -23.065150198340415 28.170660171779822
      vertex 57.67426437884569 -23.065150198340415 28.170660171779822
    endloop
  endfacet
  facet normal 0 0 1
    outer loop
      vertex 57.67426437884569 -23.065150198340415 28.170660171779822
      vertex 66.06367859989405 -23.039339829981326 28.170660171779822
      vertex 57.93632140010595 -23.039339829981326 28.170660171779822
    endloop
  endfacet
  facet normal 0 1 0
    outer loop
      vertex 57.93632140010595 -23.039339829981326 27.943355349529405
      vertex 57.93632140010595 -23.039339829981326 28.170660171779822
      vertex 66.06367859989405 -23.039339829981326 28.170660171779822
    endloop
  endfacet
  facet normal 0 -1 0
    outer loop
      vertex 57.93632140010595 -25.360660170018672 28.170660171779822
      vertex 66.06367859989405 -25.360660170018672 27.943355349529405
      vertex 66.06367859989405 -25.360660170018672 28.170660171779822
    endloop
  endfacet
  facet normal 0 0 1
    outer loop
      vertex 57.93632140010595 -25.360660170018672 28.170660171779822
      vertex 66.06367859989405 -25.360660170018672 28.170660171779822
      vertex 66.32573562115431 -25.334849801659583 28.170660171779822
    endloop
  endfacet
  facet normal 0 0 1
    outer loop
      vertex 57.67426437884569 -25.334849801659583 28.170660171779822
      vertex 66.32573562115431 -25.334849801659583 28.170660171779822
      vertex 66.54279638081789 -25.269005139172076 28.170660171779822
    endloop
  endfacet
  facet normal 0 0 1
    outer loop
      vertex 57.45720361918211 -25.269005139172076 28.170660171779822
      vertex 66.54279638081789 -25.269005139172076 28.170660171779822
      vertex 66.74284081161022 -25.162079159915447 28.170660171779822
    endloop
  endfacet
  facet normal 0 0 1
    outer loop
      vertex 57.947488240897655 -25.13335535377264 28.170660171779822
      vertex 66.74284081161022 -25.162079159915447 28.170660171779822
      vertex 66.05251175910234 -25.13335535377264 28.170660171779822
    endloop
  endfacet
  facet normal 0.0980171575387444 -0.9951847249772401 0
    outer loop
      vertex 66.06367859989405 -25.360660170018672 27.943355349529405
      vertex 66.32573562115431 -25.334849801659583 27.943355349529405
      vertex 66.06367859989405 -25.360660170018672 28.170660171779822
    endloop
  endfacet
  facet normal 0.0980171575387444 -0.9951847249772401 0
    outer loop
      vertex 66.06367859989405 -25.360660170018672 28.170660171779822
      vertex 66.32573562115431 -25.334849801659583 27.943355349529405
      vertex 66.32573562115431 -25.334849801659583 28.170660171779822
    endloop
  endfacet
  facet normal 0.29028468089704373 -0.9569403346272439 0
    outer loop
      vertex 66.32573562115431 -25.334849801659583 27.943355349529405
      vertex 66.54279638081789 -25.269005139172076 27.943355349529405
      vertex 66.32573562115431 -25.334849801659583 28.170660171779822
    endloop
  endfacet
  facet normal 0.29028468089704373 -0.9569403346272439 0
    outer loop
      vertex 66.54279638081789 -25.269005139172076 27.943355349529405
      vertex 66.54279638081789 -25.269005139172076 28.170660171779822
      vertex 66.32573562115431 -25.334849801659583 28.170660171779822
    endloop
  endfacet
  facet normal 0.47139674818681226 -0.8819212582758731 0
    outer loop
      vertex 66.54279638081789 -25.269005139172076 27.943355349529405
      vertex 66.74284081161022 -25.162079159915447 27.943355349529405
      vertex 66.54279638081789 -25.269005139172076 28.170660171779822
    endloop
  endfacet
  facet normal 0.6343932769156848 -0.7730104593109846 0
    outer loop
      vertex 66.74284081161022 -25.162079159915447 27.943355349529405
      vertex 66.91818108409643 -25.018181119859218 27.943355349529405
      vertex 66.74284081161022 -25.162079159915447 28.170660171779822
    endloop
  endfacet
  facet normal 0.7730104436455624 -0.6343932960040568 0
    outer loop
      vertex 66.91818108409643 -25.018181119859218 27.943355349529405
      vertex 67.06207919865847 -24.84284076541662 27.943355349529405
      vertex 66.91818108409643 -25.018181119859218 28.170660171779822
    endloop
  endfacet
  facet normal 0 0 1
    outer loop
      vertex 66.05251175910234 -25.13335535377264 28.170660171779822
      vertex 66.74284081161022 -25.162079159915447 28.170660171779822
      vertex 66.28117611259222 -25.11083388030529 28.170660171779822
    endloop
  endfacet
  facet normal 0 0 1
    outer loop
      vertex 66.28117611259222 -25.11083388030529 28.170660171779822
      vertex 66.74284081161022 -25.162079159915447 28.170660171779822
      vertex 66.45538968592882 -25.057986763119697 28.170660171779822
    endloop
  endfacet
  facet normal 0.47139674818681226 -0.8819212582758731 0
    outer loop
      vertex 66.54279638081789 -25.269005139172076 28.170660171779822
      vertex 66.74284081161022 -25.162079159915447 27.943355349529405
      vertex 66.74284081161022 -25.162079159915447 28.170660171779822
    endloop
  endfacet
  facet normal 0 0 1
    outer loop
      vertex 66.74284081161022 -25.162079159915447 28.170660171779822
      vertex 66.91818108409643 -25.018181119859218 28.170660171779822
      vertex 66.45538968592882 -25.057986763119697 28.170660171779822
    endloop
  endfacet
  facet normal 0 0 1
    outer loop
      vertex 66.45538968592882 -25.057986763119697 28.170660171779822
      vertex 66.91818108409643 -25.018181119859218 28.170660171779822
      vertex 66.61594596505165 -24.9721676453948 28.170660171779822
    endloop
  endfacet
  facet normal 0.6343932769156848 -0.7730104593109846 0
    outer loop
      vertex 66.91818108409643 -25.018181119859218 27.943355349529405
      vertex 66.91818108409643 -25.018181119859218 28.170660171779822
      vertex 66.74284081161022 -25.162079159915447 28.170660171779822
    endloop
  endfacet
  facet normal 0 0 1
    outer loop
      vertex 66.61594596505165 -24.9721676453948 28.170660171779822
      vertex 66.91818108409643 -25.018181119859218 28.170660171779822
      vertex 66.7566746249795 -24.85667462348938 28.170660171779822
    endloop
  endfacet
  facet normal 0 0 1
    outer loop
      vertex 66.91818108409643 -25.018181119859218 28.170660171779822
      vertex 67.06207919865847 -24.84284076541662 28.170660171779822
      vertex 66.7566746249795 -24.85667462348938 28.170660171779822
    endloop
  endfacet
  facet normal 0.7730104436455624 -0.6343932960040568 0
    outer loop
      vertex 66.91818108409643 -25.018181119859218 28.170660171779822
      vertex 67.06207919865847 -24.84284076541662 27.943355349529405
      vertex 67.06207919865847 -24.84284076541662 28.170660171779822
    endloop
  endfacet
  facet normal 0.8819212672187522 -0.4713967314558623 0
    outer loop
      vertex 67.06207919865847 -24.84284076541662 27.943355349529405
      vertex 67.16900513321161 -24.642796409130096 27.943355349529405
      vertex 67.06207919865847 -24.84284076541662 28.170660171779822
    endloop
  endfacet
  facet normal 0 0 1
    outer loop
      vertex 66.7566746249795 -24.85667462348938 28.170660171779822
      vertex 67.06207919865847 -24.84284076541662 28.170660171779822
      vertex 66.87216767668724 -24.71594592630863 28.170660171779822
    endloop
  endfacet
  facet normal 0 0 1
    outer loop
      vertex 67.06207919865847 -24.84284076541662 28.170660171779822
      vertex 67.16900513321161 -24.642796409130096 28.170660171779822
      vertex 66.87216767668724 -24.71594592630863 28.170660171779822
    endloop
  endfacet
  facet normal 0 0 1
    outer loop
      vertex 66.87216767668724 -24.71594592630863 28.170660171779822
      vertex 67.16900513321161 -24.642796409130096 28.170660171779822
      vertex 66.95798674225807 -24.55538975149393 28.170660171779822
    endloop
  endfacet
  facet normal 0.8819212672187522 -0.4713967314558623 0
    outer loop
      vertex 67.16900513321161 -24.642796409130096 27.943355349529405
      vertex 67.16900513321161 -24.642796409130096 28.170660171779822
      vertex 67.06207919865847 -24.84284076541662 28.170660171779822
    endloop
  endfacet
  facet normal 0 0 1
    outer loop
      vertex 66.95798674225807 -24.55538975149393 28.170660171779822
      vertex 67.16900513321161 -24.642796409130096 28.170660171779822
      vertex 67.23484979569912 -24.425735656917094 28.170660171779822
    endloop
  endfacet
  facet normal 0 0 1
    outer loop
      vertex 66.95798674225807 -24.55538975149393 28.170660171779822
      vertex 67.23484979569912 -24.425735656917094 28.170660171779822
      vertex 67.01083387434483 -24.381176118552684 28.170660171779822
    endloop
  endfacet
  facet normal 0 0 1
    outer loop
      vertex 67.01083387434483 -24.381176118552684 28.170660171779822
      vertex 67.23484979569912 -24.425735656917094 28.170660171779822
      vertex 67.25708281248808 -24.2 28.170660171779822
    endloop
  endfacet
  facet normal 0 0 1
    outer loop
      vertex 67.01083387434483 -24.381176118552684 28.170660171779822
      vertex 67.25708281248808 -24.2 28.170660171779822
      vertex 67.02867816388607 -24.2 28.170660171779822
    endloop
  endfacet
  facet normal 0.9569403318593979 -0.2902846900214087 0
    outer loop
      vertex 67.16900513321161 -24.642796409130096 27.943355349529405
      vertex 67.23484979569912 -24.425735656917094 27.943355349529405
      vertex 67.16900513321161 -24.642796409130096 28.170660171779822
    endloop
  endfacet
  facet normal 0.9951847287572719 -0.09801711915943624 0
    outer loop
      vertex 67.23484979569912 -24.425735656917094 27.943355349529405
      vertex 67.25708281248808 -24.2 27.943355349529405
      vertex 67.23484979569912 -24.425735656917094 28.170660171779822
    endloop
  endfacet
  facet normal 0.9569403318593979 -0.2902846900214087 0
    outer loop
      vertex 67.16900513321161 -24.642796409130096 28.170660171779822
      vertex 67.23484979569912 -24.425735656917094 27.943355349529405
      vertex 67.23484979569912 -24.425735656917094 28.170660171779822
    endloop
  endfacet
  facet normal 0.9951847287572719 -0.09801711915943624 0
    outer loop
      vertex 67.23484979569912 -24.425735656917094 28.170660171779822
      vertex 67.25708281248808 -24.2 27.943355349529405
      vertex 67.25708281248808 -24.2 28.170660171779822
    endloop
  endfacet
  facet normal 0 0 1
    outer loop
      vertex 57.25715918838978 -23.237920840084552 28.170660171779822
      vertex 66.05251175910234 -23.26664464622736 28.170660171779822
      vertex 66.74284081161022 -23.237920840084552 28.170660171779822
    endloop
  endfacet
  facet normal 0 0 1
    outer loop
      vertex 57.25715918838978 -23.237920840084552 28.170660171779822
      vertex 66.74284081161022 -23.237920840084552 28.170660171779822
      vertex 66.54279638081789 -23.130994860827922 28.170660171779822
    endloop
  endfacet
  facet normal 0 1 0
    outer loop
      vertex 57.93632140010595 -23.039339829981326 27.943355349529405
      vertex 66.06367859989405 -23.039339829981326 28.170660171779822
      vertex 66.06367859989405 -23.039339829981326 27.943355349529405
    endloop
  endfacet
  facet normal 0 0 1
    outer loop
      vertex 57.45720361918211 -23.130994860827922 28.170660171779822
      vertex 66.54279638081789 -23.130994860827922 28.170660171779822
      vertex 66.32573562115431 -23.065150198340415 28.170660171779822
    endloop
  endfacet
  facet normal 0 0 1
    outer loop
      vertex 57.67426437884569 -23.065150198340415 28.170660171779822
      vertex 66.32573562115431 -23.065150198340415 28.170660171779822
      vertex 66.06367859989405 -23.039339829981326 28.170660171779822
    endloop
  endfacet
  facet normal 0 0 1
    outer loop
      vertex 67.02867816388607 -24.2 28.170660171779822
      vertex 67.25708281248808 -24.2 28.170660171779822
      vertex 67.23484979569912 -23.974264343082904 28.170660171779822
    endloop
  endfacet
  facet normal 0 0 1
    outer loop
      vertex 67.02867816388607 -24.2 28.170660171779822
      vertex 67.23484979569912 -23.974264343082904 28.170660171779822
      vertex 67.01083387434483 -24.018823881447315 28.170660171779822
    endloop
  endfacet
  facet normal 0 0 1
    outer loop
      vertex 67.01083387434483 -24.018823881447315 28.170660171779822
      vertex 67.16900513321161 -23.757203590869903 28.170660171779822
      vertex 66.95798674225807 -23.84461024850607 28.170660171779822
    endloop
  endfacet
  facet normal 0 0 1
    outer loop
      vertex 67.01083387434483 -24.018823881447315 28.170660171779822
      vertex 67.23484979569912 -23.974264343082904 28.170660171779822
      vertex 67.16900513321161 -23.757203590869903 28.170660171779822
    endloop
  endfacet
  facet normal 0.8819212672187522 0.4713967314558623 0
    outer loop
      vertex 67.16900513321161 -23.757203590869903 27.943355349529405
      vertex 67.06207919865847 -23.557159234583377 27.943355349529405
      vertex 67.16900513321161 -23.757203590869903 28.170660171779822
    endloop
  endfacet
  facet normal 0 0 1
    outer loop
      vertex 66.95798674225807 -23.84461024850607 28.170660171779822
      vertex 67.16900513321161 -23.757203590869903 28.170660171779822
      vertex 67.06207919865847 -23.557159234583377 28.170660171779822
    endloop
  endfacet
  facet normal 0 0 1
    outer loop
      vertex 66.95798674225807 -23.84461024850607 28.170660171779822
      vertex 67.06207919865847 -23.557159234583377 28.170660171779822
      vertex 66.87216767668724 -23.684054073691367 28.170660171779822
    endloop
  endfacet
  facet normal 0 0 1
    outer loop
      vertex 66.87216767668724 -23.684054073691367 28.170660171779822
      vertex 66.91818108409643 -23.38181888014078 28.170660171779822
      vertex 66.7566746249795 -23.54332537651062 28.170660171779822
    endloop
  endfacet
  facet normal 0 0 1
    outer loop
      vertex 66.87216767668724 -23.684054073691367 28.170660171779822
      vertex 67.06207919865847 -23.557159234583377 28.170660171779822
      vertex 66.91818108409643 -23.38181888014078 28.170660171779822
    endloop
  endfacet
  facet normal 0.8819212672187522 0.4713967314558623 0
    outer loop
      vertex 67.06207919865847 -23.557159234583377 27.943355349529405
      vertex 67.06207919865847 -23.557159234583377 28.170660171779822
      vertex 67.16900513321161 -23.757203590869903 28.170660171779822
    endloop
  endfacet
  facet normal 0.0980171575387444 0.9951847249772401 0
    outer loop
      vertex 66.06367859989405 -23.039339829981326 27.943355349529405
      vertex 66.32573562115431 -23.065150198340415 28.170660171779822
      vertex 66.32573562115431 -23.065150198340415 27.943355349529405
    endloop
  endfacet
  facet normal 0.0980171575387444 0.9951847249772401 0
    outer loop
      vertex 66.06367859989405 -23.039339829981326 27.943355349529405
      vertex 66.06367859989405 -23.039339829981326 28.170660171779822
      vertex 66.32573562115431 -23.065150198340415 28.170660171779822
    endloop
  endfacet
  facet normal 0.47139674818681226 0.8819212582758731 0
    outer loop
      vertex 66.74284081161022 -23.237920840084552 27.943355349529405
      vertex 66.54279638081789 -23.130994860827922 27.943355349529405
      vertex 66.74284081161022 -23.237920840084552 28.170660171779822
    endloop
  endfacet
  facet normal 0.6343932769156848 0.7730104593109846 0
    outer loop
      vertex 66.74284081161022 -23.237920840084552 27.943355349529405
      vertex 66.91818108409643 -23.38181888014078 28.170660171779822
      vertex 66.91818108409643 -23.38181888014078 27.943355349529405
    endloop
  endfacet
  facet normal 0.7730104436455624 0.6343932960040568 0
    outer loop
      vertex 67.06207919865847 -23.557159234583377 27.943355349529405
      vertex 66.91818108409643 -23.38181888014078 27.943355349529405
      vertex 67.06207919865847 -23.557159234583377 28.170660171779822
    endloop
  endfacet
  facet normal 0 0 1
    outer loop
      vertex 66.45538968592882 -23.3420132368803 28.170660171779822
      vertex 66.61594596505165 -23.427832354605197 28.170660171779822
      vertex 66.74284081161022 -23.237920840084552 28.170660171779822
    endloop
  endfacet
  facet normal 0 0 1
    outer loop
      vertex 66.05251175910234 -23.26664464622736 28.170660171779822
      vertex 66.28117611259222 -23.28916611969471 28.170660171779822
      vertex 66.74284081161022 -23.237920840084552 28.170660171779822
    endloop
  endfacet
  facet normal 0 0 1
    outer loop
      vertex 66.28117611259222 -23.28916611969471 28.170660171779822
      vertex 66.45538968592882 -23.3420132368803 28.170660171779822
      vertex 66.74284081161022 -23.237920840084552 28.170660171779822
    endloop
  endfacet
  facet normal 0.47139674818681226 0.8819212582758731 0
    outer loop
      vertex 66.74284081161022 -23.237920840084552 28.170660171779822
      vertex 66.54279638081789 -23.130994860827922 27.943355349529405
      vertex 66.54279638081789 -23.130994860827922 28.170660171779822
    endloop
  endfacet
  facet normal 0 0 1
    outer loop
      vertex 66.7566746249795 -23.54332537651062 28.170660171779822
      vertex 66.91818108409643 -23.38181888014078 28.170660171779822
      vertex 66.61594596505165 -23.427832354605197 28.170660171779822
    endloop
  endfacet
  facet normal 0 0 1
    outer loop
      vertex 66.61594596505165 -23.427832354605197 28.170660171779822
      vertex 66.91818108409643 -23.38181888014078 28.170660171779822
      vertex 66.74284081161022 -23.237920840084552 28.170660171779822
    endloop
  endfacet
  facet normal 0.7730104436455624 0.6343932960040568 0
    outer loop
      vertex 67.06207919865847 -23.557159234583377 28.170660171779822
      vertex 66.91818108409643 -23.38181888014078 27.943355349529405
      vertex 66.91818108409643 -23.38181888014078 28.170660171779822
    endloop
  endfacet
  facet normal 0.6343932769156848 0.7730104593109846 0
    outer loop
      vertex 66.74284081161022 -23.237920840084552 27.943355349529405
      vertex 66.74284081161022 -23.237920840084552 28.170660171779822
      vertex 66.91818108409643 -23.38181888014078 28.170660171779822
    endloop
  endfacet
  facet normal 0.29028468089704373 0.9569403346272439 0
    outer loop
      vertex 66.32573562115431 -23.065150198340415 27.943355349529405
      vertex 66.54279638081789 -23.130994860827922 28.170660171779822
      vertex 66.54279638081789 -23.130994860827922 27.943355349529405
    endloop
  endfacet
  facet normal 0.29028468089704373 0.9569403346272439 0
    outer loop
      vertex 66.32573562115431 -23.065150198340415 27.943355349529405
      vertex 66.32573562115431 -23.065150198340415 28.170660171779822
      vertex 66.54279638081789 -23.130994860827922 28.170660171779822
    endloop
  endfacet
  facet normal 0.9951847287572719 0.09801711915943624 0
    outer loop
      vertex 67.25708281248808 -24.2 27.943355349529405
      vertex 67.23484979569912 -23.974264343082904 27.943355349529405
      vertex 67.25708281248808 -24.2 28.170660171779822
    endloop
  endfacet
  facet normal 0.9569403318593979 0.2902846900214087 0
    outer loop
      vertex 67.16900513321161 -23.757203590869903 27.943355349529405
      vertex 67.23484979569912 -23.974264343082904 28.170660171779822
      vertex 67.23484979569912 -23.974264343082904 27.943355349529405
    endloop
  endfacet
  facet normal 0.9951847287572719 0.09801711915943624 0
    outer loop
      vertex 67.23484979569912 -23.974264343082904 27.943355349529405
      vertex 67.23484979569912 -23.974264343082904 28.170660171779822
      vertex 67.25708281248808 -24.2 28.170660171779822
    endloop
  endfacet
  facet normal 0.9569403318593979 0.2902846900214087 0
    outer loop
      vertex 67.16900513321161 -23.757203590869903 27.943355349529405
      vertex 67.16900513321161 -23.757203590869903 28.170660171779822
      vertex 67.23484979569912 -23.974264343082904 28.170660171779822
    endloop
  endfacet
  facet normal -0.2902847148518478 -0.9569403243271659 0
    outer loop
      vertex 57.54461031407118 -25.057986763119697 28.170660171779822
      vertex 57.71882388740778 -25.11083388030529 28.170660171779822
      vertex 57.71882388740778 -25.11083388030529 28.35720441845382
    endloop
  endfacet
  facet normal -0.2902847148518478 -0.9569403243271659 0
    outer loop
      vertex 57.54461031407118 -25.057986763119697 28.170660171779822
      vertex 57.71882388740778 -25.11083388030529 28.35720441845382
      vertex 57.54461031407118 -25.057986763119697 28.35720441845382
    endloop
  endfacet
  facet normal -0.4713967307888884 -0.8819212675752572 0
    outer loop
      vertex 57.38405403494835 -24.9721676453948 28.170660171779822
      vertex 57.54461031407118 -25.057986763119697 28.35720441845382
      vertex 57.38405403494835 -24.9721676453948 28.35720441845382
    endloop
  endfacet
  facet normal -0.6343932691994761 -0.7730104656435133 0
    outer loop
      vertex 57.38405403494835 -24.9721676453948 28.170660171779822
      vertex 57.38405403494835 -24.9721676453948 28.35720441845382
      vertex 57.243325375020504 -24.85667462348938 28.170660171779822
    endloop
  endfacet
  facet normal -0.4713967307888884 -0.8819212675752572 0
    outer loop
      vertex 57.38405403494835 -24.9721676453948 28.170660171779822
      vertex 57.54461031407118 -25.057986763119697 28.170660171779822
      vertex 57.54461031407118 -25.057986763119697 28.35720441845382
    endloop
  endfacet
  facet normal 0 0 1
    outer loop
      vertex 57.38405403494835 -24.9721676453948 28.35720441845382
      vertex 57.96022830158472 -24.874025148153304 28.35720441845382
      vertex 57.243325375020504 -24.85667462348938 28.35720441845382
    endloop
  endfacet
  facet normal -0.09801714202944865 -0.9951847265047725 0
    outer loop
      vertex 57.71882388740778 -25.11083388030529 28.170660171779822
      vertex 57.947488240897655 -25.13335535377264 28.170660171779822
      vertex 57.947488240897655 -25.13335535377264 28.35720441845382
    endloop
  endfacet
  facet normal -0.09801714202944865 -0.9951847265047725 0
    outer loop
      vertex 57.71882388740778 -25.11083388030529 28.170660171779822
      vertex 57.947488240897655 -25.13335535377264 28.35720441845382
      vertex 57.71882388740778 -25.11083388030529 28.35720441845382
    endloop
  endfacet
  facet normal -0.773010467718576 -0.6343932666710047 0
    outer loop
      vertex 57.243325375020504 -24.85667462348938 28.170660171779822
      vertex 57.243325375020504 -24.85667462348938 28.35720441845382
      vertex 57.12783232331276 -24.71594592630863 28.170660171779822
    endloop
  endfacet
  facet normal -0.773010467718576 -0.6343932666710047 0
    outer loop
      vertex 57.243325375020504 -24.85667462348938 28.35720441845382
      vertex 57.12783232331276 -24.71594592630863 28.35720441845382
      vertex 57.12783232331276 -24.71594592630863 28.170660171779822
    endloop
  endfacet
  facet normal -0.8819212593547904 -0.47139674616830013 0
    outer loop
      vertex 57.12783232331276 -24.71594592630863 28.170660171779822
      vertex 57.12783232331276 -24.71594592630863 28.35720441845382
      vertex 57.04201325774193 -24.55538975149393 28.170660171779822
    endloop
  endfacet
  facet normal -0.8819212593547904 -0.47139674616830013 0
    outer loop
      vertex 57.04201325774193 -24.55538975149393 28.170660171779822
      vertex 57.12783232331276 -24.71594592630863 28.35720441845382
      vertex 57.04201325774193 -24.55538975149393 28.35720441845382
    endloop
  endfacet
  facet normal 0 0 1
    outer loop
      vertex 57.12783232331276 -24.71594592630863 28.35720441845382
      vertex 57.344500839710236 -24.571172696352004 28.35720441845382
      vertex 57.04201325774193 -24.55538975149393 28.35720441845382
    endloop
  endfacet
  facet normal -0.6343932691994761 -0.7730104656435133 0
    outer loop
      vertex 57.38405403494835 -24.9721676453948 28.35720441845382
      vertex 57.243325375020504 -24.85667462348938 28.35720441845382
      vertex 57.243325375020504 -24.85667462348938 28.170660171779822
    endloop
  endfacet
  facet normal 0 0 1
    outer loop
      vertex 57.243325375020504 -24.85667462348938 28.35720441845382
      vertex 57.528827264904976 -24.755499121546745 28.35720441845382
      vertex 57.12783232331276 -24.71594592630863 28.35720441845382
    endloop
  endfacet
  facet normal 0 0 1
    outer loop
      vertex 57.243325375020504 -24.85667462348938 28.35720441845382
      vertex 57.769661478698254 -24.85525595098734 28.35720441845382
      vertex 57.64433187991381 -24.817237627506255 28.35720441845382
    endloop
  endfacet
  facet normal 0 0 1
    outer loop
      vertex 57.243325375020504 -24.85667462348938 28.35720441845382
      vertex 57.96022830158472 -24.874025148153304 28.35720441845382
      vertex 57.769661478698254 -24.85525595098734 28.35720441845382
    endloop
  endfacet
  facet normal 0 0 1
    outer loop
      vertex 57.243325375020504 -24.85667462348938 28.35720441845382
      vertex 57.64433187991381 -24.817237627506255 28.35720441845382
      vertex 57.528827264904976 -24.755499121546745 28.35720441845382
    endloop
  endfacet
  facet normal 0 0 1
    outer loop
      vertex 57.12783232331276 -24.71594592630863 28.35720441845382
      vertex 57.427586778998375 -24.672413212060928 28.35720441845382
      vertex 57.344500839710236 -24.571172696352004 28.35720441845382
    endloop
  endfacet
  facet normal 0 0 1
    outer loop
      vertex 57.12783232331276 -24.71594592630863 28.35720441845382
      vertex 57.528827264904976 -24.755499121546745 28.35720441845382
      vertex 57.427586778998375 -24.672413212060928 28.35720441845382
    endloop
  endfacet
  facet normal -0.9569403291789292 -0.29028469885772923 0
    outer loop
      vertex 57.04201325774193 -24.55538975149393 28.170660171779822
      vertex 57.04201325774193 -24.55538975149393 28.35720441845382
      vertex 56.989166125655174 -24.381176118552684 28.170660171779822
    endloop
  endfacet
  facet normal -0.9569403291789292 -0.29028469885772923 0
    outer loop
      vertex 57.04201325774193 -24.55538975149393 28.35720441845382
      vertex 56.989166125655174 -24.381176118552684 28.35720441845382
      vertex 56.989166125655174 -24.381176118552684 28.170660171779822
    endloop
  endfacet
  facet normal 0 0 1
    outer loop
      vertex 57.04201325774193 -24.55538975149393 28.35720441845382
      vertex 57.28276239335537 -24.4556681856513 28.35720441845382
      vertex 56.989166125655174 -24.381176118552684 28.35720441845382
    endloop
  endfacet
  facet normal 0 0 1
    outer loop
      vertex 57.04201325774193 -24.55538975149393 28.35720441845382
      vertex 57.344500839710236 -24.571172696352004 28.35720441845382
      vertex 57.28276239335537 -24.4556681856513 28.35720441845382
    endloop
  endfacet
  facet normal 0 0 1
    outer loop
      vertex 56.989166125655174 -24.381176118552684 28.35720441845382
      vertex 57.28276239335537 -24.4556681856513 28.35720441845382
      vertex 57.244744054973125 -24.33033852726221 28.35720441845382
    endloop
  endfacet
  facet normal -0.9951847270096553 -0.098017136903287 0
    outer loop
      vertex 56.989166125655174 -24.381176118552684 28.170660171779822
      vertex 56.989166125655174 -24.381176118552684 28.35720441845382
      vertex 56.97132183611393 -24.2 28.170660171779822
    endloop
  endfacet
  facet normal -0.9951847270096553 -0.098017136903287 0
    outer loop
      vertex 56.989166125655174 -24.381176118552684 28.35720441845382
      vertex 56.97132183611393 -24.2 28.35720441845382
      vertex 56.97132183611393 -24.2 28.170660171779822
    endloop
  endfacet
  facet normal 0 0 1
    outer loop
      vertex 56.989166125655174 -24.381176118552684 28.35720441845382
      vertex 57.244744054973125 -24.33033852726221 28.35720441845382
      vertex 56.97132183611393 -24.2 28.35720441845382
    endloop
  endfacet
  facet normal 0 0 1
    outer loop
      vertex 57.244744054973125 -24.33033852726221 28.35720441845382
      vertex 57.231906831264496 -24.2 28.35720441845382
      vertex 56.97132183611393 -24.2 28.35720441845382
    endloop
  endfacet
  facet normal 0 -1 0
    outer loop
      vertex 57.947488240897655 -25.13335535377264 28.170660171779822
      vertex 66.05251175910234 -25.13335535377264 28.35720441845382
      vertex 57.947488240897655 -25.13335535377264 28.35720441845382
    endloop
  endfacet
  facet normal 0 0 1
    outer loop
      vertex 57.54461031407118 -25.057986763119697 28.35720441845382
      vertex 57.71882388740778 -25.11083388030529 28.35720441845382
      vertex 66.45538968592882 -25.057986763119697 28.35720441845382
    endloop
  endfacet
  facet normal 0 0 1
    outer loop
      vertex 57.71882388740778 -25.11083388030529 28.35720441845382
      vertex 57.947488240897655 -25.13335535377264 28.35720441845382
      vertex 66.28117611259222 -25.11083388030529 28.35720441845382
    endloop
  endfacet
  facet normal 0 0 1
    outer loop
      vertex 57.38405403494835 -24.9721676453948 28.35720441845382
      vertex 66.03977169841528 -24.874025148153304 28.35720441845382
      vertex 57.96022830158472 -24.874025148153304 28.35720441845382
    endloop
  endfacet
  facet normal 0 0 1
    outer loop
      vertex 57.38405403494835 -24.9721676453948 28.35720441845382
      vertex 57.54461031407118 -25.057986763119697 28.35720441845382
      vertex 66.61594596505165 -24.9721676453948 28.35720441845382
    endloop
  endfacet
  facet normal -0.9951847270096553 0.098017136903287 0
    outer loop
      vertex 56.97132183611393 -24.2 28.170660171779822
      vertex 56.97132183611393 -24.2 28.35720441845382
      vertex 56.989166125655174 -24.018823881447315 28.170660171779822
    endloop
  endfacet
  facet normal -0.9951847270096553 0.098017136903287 0
    outer loop
      vertex 56.97132183611393 -24.2 28.35720441845382
      vertex 56.989166125655174 -24.018823881447315 28.35720441845382
      vertex 56.989166125655174 -24.018823881447315 28.170660171779822
    endloop
  endfacet
  facet normal 0 0 1
    outer loop
      vertex 56.97132183611393 -24.2 28.35720441845382
      vertex 57.231906831264496 -24.2 28.35720441845382
      vertex 56.989166125655174 -24.018823881447315 28.35720441845382
    endloop
  endfacet
  facet normal 0 0 1
    outer loop
      vertex 57.231906831264496 -24.2 28.35720441845382
      vertex 57.244744054973125 -24.06966147273779 28.35720441845382
      vertex 56.989166125655174 -24.018823881447315 28.35720441845382
    endloop
  endfacet
  facet normal -0.9569403291789292 0.29028469885772923 0
    outer loop
      vertex 56.989166125655174 -24.018823881447315 28.170660171779822
      vertex 56.989166125655174 -24.018823881447315 28.35720441845382
      vertex 57.04201325774193 -23.84461024850607 28.170660171779822
    endloop
  endfacet
  facet normal -0.9569403291789292 0.29028469885772923 0
    outer loop
      vertex 56.989166125655174 -24.018823881447315 28.35720441845382
      vertex 57.04201325774193 -23.84461024850607 28.35720441845382
      vertex 57.04201325774193 -23.84461024850607 28.170660171779822
    endloop
  endfacet
  facet normal 0 0 1
    outer loop
      vertex 57.244744054973125 -24.06966147273779 28.35720441845382
      vertex 57.04201325774193 -23.84461024850607 28.35720441845382
      vertex 56.989166125655174 -24.018823881447315 28.35720441845382
    endloop
  endfacet
  facet normal 0 0 1
    outer loop
      vertex 57.244744054973125 -24.06966147273779 28.35720441845382
      vertex 57.28276239335537 -23.944331814348697 28.35720441845382
      vertex 57.04201325774193 -23.84461024850607 28.35720441845382
    endloop
  endfacet
  facet normal -0.8819212593547904 0.47139674616830013 0
    outer loop
      vertex 57.04201325774193 -23.84461024850607 28.170660171779822
      vertex 57.04201325774193 -23.84461024850607 28.35720441845382
      vertex 57.12783232331276 -23.684054073691367 28.170660171779822
    endloop
  endfacet
  facet normal -0.8819212593547904 0.47139674616830013 0
    outer loop
      vertex 57.12783232331276 -23.684054073691367 28.170660171779822
      vertex 57.04201325774193 -23.84461024850607 28.35720441845382
      vertex 57.12783232331276 -23.684054073691367 28.35720441845382
    endloop
  endfacet
  facet normal 0 0 1
    outer loop
      vertex 57.28276239335537 -23.944331814348697 28.35720441845382
      vertex 57.12783232331276 -23.684054073691367 28.35720441845382
      vertex 57.04201325774193 -23.84461024850607 28.35720441845382
    endloop
  endfacet
  facet normal 0 0 1
    outer loop
      vertex 57.28276239335537 -23.944331814348697 28.35720441845382
      vertex 57.344500839710236 -23.828827303647994 28.35720441845382
      vertex 57.12783232331276 -23.684054073691367 28.35720441845382
    endloop
  endfacet
  facet normal -0.773010467718576 0.6343932666710047 0
    outer loop
      vertex 57.12783232331276 -23.684054073691367 28.170660171779822
      vertex 57.12783232331276 -23.684054073691367 28.35720441845382
      vertex 57.243325375020504 -23.54332537651062 28.170660171779822
    endloop
  endfacet
  facet normal -0.773010467718576 0.6343932666710047 0
    outer loop
      vertex 57.12783232331276 -23.684054073691367 28.35720441845382
      vertex 57.243325375020504 -23.54332537651062 28.35720441845382
      vertex 57.243325375020504 -23.54332537651062 28.170660171779822
    endloop
  endfacet
  facet normal 0 0 1
    outer loop
      vertex 57.12783232331276 -23.684054073691367 28.35720441845382
      vertex 57.344500839710236 -23.828827303647994 28.35720441845382
      vertex 57.427586778998375 -23.72758678793907 28.35720441845382
    endloop
  endfacet
  facet normal -0.6343932691994761 0.7730104656435133 0
    outer loop
      vertex 57.243325375020504 -23.54332537651062 28.170660171779822
      vertex 57.243325375020504 -23.54332537651062 28.35720441845382
      vertex 57.38405403494835 -23.427832354605197 28.170660171779822
    endloop
  endfacet
  facet normal 0 0 1
    outer loop
      vertex 57.12783232331276 -23.684054073691367 28.35720441845382
      vertex 57.427586778998375 -23.72758678793907 28.35720441845382
      vertex 57.243325375020504 -23.54332537651062 28.35720441845382
    endloop
  endfacet
  facet normal 0 0 1
    outer loop
      vertex 57.243325375020504 -23.54332537651062 28.35720441845382
      vertex 57.427586778998375 -23.72758678793907 28.35720441845382
      vertex 57.528827264904976 -23.644500878453254 28.35720441845382
    endloop
  endfacet
  facet normal 0 0 1
    outer loop
      vertex 57.243325375020504 -23.54332537651062 28.35720441845382
      vertex 57.769661478698254 -23.54474404901266 28.35720441845382
      vertex 57.38405403494835 -23.427832354605197 28.35720441845382
    endloop
  endfacet
  facet normal 0 0 1
    outer loop
      vertex 57.243325375020504 -23.54332537651062 28.35720441845382
      vertex 57.528827264904976 -23.644500878453254 28.35720441845382
      vertex 57.64433187991381 -23.582762372493743 28.35720441845382
    endloop
  endfacet
  facet normal 0 0 1
    outer loop
      vertex 57.243325375020504 -23.54332537651062 28.35720441845382
      vertex 57.64433187991381 -23.582762372493743 28.35720441845382
      vertex 57.769661478698254 -23.54474404901266 28.35720441845382
    endloop
  endfacet
  facet normal -0.6343932691994761 0.7730104656435133 0
    outer loop
      vertex 57.243325375020504 -23.54332537651062 28.35720441845382
      vertex 57.38405403494835 -23.427832354605197 28.35720441845382
      vertex 57.38405403494835 -23.427832354605197 28.170660171779822
    endloop
  endfacet
  facet normal -0.4713967307888884 0.8819212675752572 0
    outer loop
      vertex 57.38405403494835 -23.427832354605197 28.170660171779822
      vertex 57.38405403494835 -23.427832354605197 28.35720441845382
      vertex 57.54461031407118 -23.3420132368803 28.170660171779822
    endloop
  endfacet
  facet normal -0.4713967307888884 0.8819212675752572 0
    outer loop
      vertex 57.54461031407118 -23.3420132368803 28.170660171779822
      vertex 57.38405403494835 -23.427832354605197 28.35720441845382
      vertex 57.54461031407118 -23.3420132368803 28.35720441845382
    endloop
  endfacet
  facet normal -0.2902847148518478 0.9569403243271659 0
    outer loop
      vertex 57.54461031407118 -23.3420132368803 28.170660171779822
      vertex 57.54461031407118 -23.3420132368803 28.35720441845382
      vertex 57.71882388740778 -23.28916611969471 28.170660171779822
    endloop
  endfacet
  facet normal -0.2902847148518478 0.9569403243271659 0
    outer loop
      vertex 57.54461031407118 -23.3420132368803 28.35720441845382
      vertex 57.71882388740778 -23.28916611969471 28.35720441845382
      vertex 57.71882388740778 -23.28916611969471 28.170660171779822
    endloop
  endfacet
  facet normal 0 0 1
    outer loop
      vertex 57.769661478698254 -23.54474404901266 28.35720441845382
      vertex 57.96022830158472 -23.525974851846694 28.35720441845382
      vertex 57.38405403494835 -23.427832354605197 28.35720441845382
    endloop
  endfacet
  facet normal -0.09801714202944865 0.9951847265047725 0
    outer loop
      vertex 57.71882388740778 -23.28916611969471 28.170660171779822
      vertex 57.71882388740778 -23.28916611969471 28.35720441845382
      vertex 57.947488240897655 -23.26664464622736 28.170660171779822
    endloop
  endfacet
  facet normal -0.09801714202944865 0.9951847265047725 0
    outer loop
      vertex 57.947488240897655 -23.26664464622736 28.170660171779822
      vertex 57.71882388740778 -23.28916611969471 28.35720441845382
      vertex 57.947488240897655 -23.26664464622736 28.35720441845382
    endloop
  endfacet
  facet normal 0 0 1
    outer loop
      vertex 57.38405403494835 -23.427832354605197 28.35720441845382
      vertex 66.45538968592882 -23.3420132368803 28.35720441845382
      vertex 57.54461031407118 -23.3420132368803 28.35720441845382
    endloop
  endfacet
  facet normal 0 0 1
    outer loop
      vertex 57.96022830158472 -23.525974851846694 28.35720441845382
      vertex 66.61594596505165 -23.427832354605197 28.35720441845382
      vertex 57.38405403494835 -23.427832354605197 28.35720441845382
    endloop
  endfacet
  facet normal 0 1 0
    outer loop
      vertex 57.947488240897655 -23.26664464622736 28.170660171779822
      vertex 57.947488240897655 -23.26664464622736 28.35720441845382
      vertex 66.05251175910234 -23.26664464622736 28.170660171779822
    endloop
  endfacet
  facet normal 0 0 1
    outer loop
      vertex 57.54461031407118 -23.3420132368803 28.35720441845382
      vertex 66.28117611259222 -23.28916611969471 28.35720441845382
      vertex 57.71882388740778 -23.28916611969471 28.35720441845382
    endloop
  endfacet
  facet normal 0 0 1
    outer loop
      vertex 57.71882388740778 -23.28916611969471 28.35720441845382
      vertex 66.05251175910234 -23.26664464622736 28.35720441845382
      vertex 57.947488240897655 -23.26664464622736 28.35720441845382
    endloop
  endfacet
  facet normal 0 -1 0
    outer loop
      vertex 57.947488240897655 -25.13335535377264 28.170660171779822
      vertex 66.05251175910234 -25.13335535377264 28.170660171779822
      vertex 66.05251175910234 -25.13335535377264 28.35720441845382
    endloop
  endfacet
  facet normal 0 0 1
    outer loop
      vertex 57.947488240897655 -25.13335535377264 28.35720441845382
      vertex 66.05251175910234 -25.13335535377264 28.35720441845382
      vertex 66.28117611259222 -25.11083388030529 28.35720441845382
    endloop
  endfacet
  facet normal 0 0 1
    outer loop
      vertex 57.71882388740778 -25.11083388030529 28.35720441845382
      vertex 66.28117611259222 -25.11083388030529 28.35720441845382
      vertex 66.45538968592882 -25.057986763119697 28.35720441845382
    endloop
  endfacet
  facet normal 0 0 1
    outer loop
      vertex 57.38405403494835 -24.9721676453948 28.35720441845382
      vertex 66.61594596505165 -24.9721676453948 28.35720441845382
      vertex 66.03977169841528 -24.874025148153304 28.35720441845382
    endloop
  endfacet
  facet normal 0 0 1
    outer loop
      vertex 57.54461031407118 -25.057986763119697 28.35720441845382
      vertex 66.45538968592882 -25.057986763119697 28.35720441845382
      vertex 66.61594596505165 -24.9721676453948 28.35720441845382
    endloop
  endfacet
  facet normal 0.09801714202944865 -0.9951847265047725 0
    outer loop
      vertex 66.05251175910234 -25.13335535377264 28.170660171779822
      vertex 66.28117611259222 -25.11083388030529 28.35720441845382
      vertex 66.05251175910234 -25.13335535377264 28.35720441845382
    endloop
  endfacet
  facet normal 0.09801714202944865 -0.9951847265047725 0
    outer loop
      vertex 66.05251175910234 -25.13335535377264 28.170660171779822
      vertex 66.28117611259222 -25.11083388030529 28.170660171779822
      vertex 66.28117611259222 -25.11083388030529 28.35720441845382
    endloop
  endfacet
  facet normal 0 0 1
    outer loop
      vertex 66.61594596505165 -24.9721676453948 28.35720441845382
      vertex 66.23033852130175 -24.85525595098734 28.35720441845382
      vertex 66.03977169841528 -24.874025148153304 28.35720441845382
    endloop
  endfacet
  facet normal 0.2902847148518478 -0.9569403243271659 0
    outer loop
      vertex 66.28117611259222 -25.11083388030529 28.170660171779822
      vertex 66.45538968592882 -25.057986763119697 28.170660171779822
      vertex 66.45538968592882 -25.057986763119697 28.35720441845382
    endloop
  endfacet
  facet normal 0.2902847148518478 -0.9569403243271659 0
    outer loop
      vertex 66.28117611259222 -25.11083388030529 28.170660171779822
      vertex 66.45538968592882 -25.057986763119697 28.35720441845382
      vertex 66.28117611259222 -25.11083388030529 28.35720441845382
    endloop
  endfacet
  facet normal 0.4713967307888884 -0.8819212675752572 0
    outer loop
      vertex 66.45538968592882 -25.057986763119697 28.170660171779822
      vertex 66.61594596505165 -24.9721676453948 28.35720441845382
      vertex 66.45538968592882 -25.057986763119697 28.35720441845382
    endloop
  endfacet
  facet normal 0.4713967307888884 -0.8819212675752572 0
    outer loop
      vertex 66.45538968592882 -25.057986763119697 28.170660171779822
      vertex 66.61594596505165 -24.9721676453948 28.170660171779822
      vertex 66.61594596505165 -24.9721676453948 28.35720441845382
    endloop
  endfacet
  facet normal 0.6343932691994761 -0.7730104656435133 0
    outer loop
      vertex 66.61594596505165 -24.9721676453948 28.170660171779822
      vertex 66.7566746249795 -24.85667462348938 28.35720441845382
      vertex 66.61594596505165 -24.9721676453948 28.35720441845382
    endloop
  endfacet
  facet normal 0.6343932691994761 -0.7730104656435133 0
    outer loop
      vertex 66.61594596505165 -24.9721676453948 28.170660171779822
      vertex 66.7566746249795 -24.85667462348938 28.170660171779822
      vertex 66.7566746249795 -24.85667462348938 28.35720441845382
    endloop
  endfacet
  facet normal 0 0 1
    outer loop
      vertex 66.23033852130175 -24.85525595098734 28.35720441845382
      vertex 66.7566746249795 -24.85667462348938 28.35720441845382
      vertex 66.3556681200862 -24.817237627506255 28.35720441845382
    endloop
  endfacet
  facet normal 0 0 1
    outer loop
      vertex 66.3556681200862 -24.817237627506255 28.35720441845382
      vertex 66.7566746249795 -24.85667462348938 28.35720441845382
      vertex 66.47117273509502 -24.755499121546745 28.35720441845382
    endloop
  endfacet
  facet normal 0 0 1
    outer loop
      vertex 66.61594596505165 -24.9721676453948 28.35720441845382
      vertex 66.7566746249795 -24.85667462348938 28.35720441845382
      vertex 66.23033852130175 -24.85525595098734 28.35720441845382
    endloop
  endfacet
  facet normal 0 0 1
    outer loop
      vertex 66.47117273509502 -24.755499121546745 28.35720441845382
      vertex 66.7566746249795 -24.85667462348938 28.35720441845382
      vertex 66.57241322100163 -24.672413212060928 28.35720441845382
    endloop
  endfacet
  facet normal 0 0 1
    outer loop
      vertex 66.57241322100163 -24.672413212060928 28.35720441845382
      vertex 66.7566746249795 -24.85667462348938 28.35720441845382
      vertex 66.87216767668724 -24.71594592630863 28.35720441845382
    endloop
  endfacet
  facet normal 0 0 1
    outer loop
      vertex 66.57241322100163 -24.672413212060928 28.35720441845382
      vertex 66.87216767668724 -24.71594592630863 28.35720441845382
      vertex 66.65549916028976 -24.571172696352004 28.35720441845382
    endloop
  endfacet
  facet normal 0.773010467718576 -0.6343932666710047 0
    outer loop
      vertex 66.7566746249795 -24.85667462348938 28.170660171779822
      vertex 66.87216767668724 -24.71594592630863 28.35720441845382
      vertex 66.7566746249795 -24.85667462348938 28.35720441845382
    endloop
  endfacet
  facet normal 0.773010467718576 -0.6343932666710047 0
    outer loop
      vertex 66.7566746249795 -24.85667462348938 28.170660171779822
      vertex 66.87216767668724 -24.71594592630863 28.170660171779822
      vertex 66.87216767668724 -24.71594592630863 28.35720441845382
    endloop
  endfacet
  facet normal 0.8819212593547904 -0.47139674616830013 0
    outer loop
      vertex 66.87216767668724 -24.71594592630863 28.170660171779822
      vertex 66.95798674225807 -24.55538975149393 28.35720441845382
      vertex 66.87216767668724 -24.71594592630863 28.35720441845382
    endloop
  endfacet
  facet normal 0.8819212593547904 -0.47139674616830013 0
    outer loop
      vertex 66.87216767668724 -24.71594592630863 28.170660171779822
      vertex 66.95798674225807 -24.55538975149393 28.170660171779822
      vertex 66.95798674225807 -24.55538975149393 28.35720441845382
    endloop
  endfacet
  facet normal 0 0 1
    outer loop
      vertex 66.65549916028976 -24.571172696352004 28.35720441845382
      vertex 66.87216767668724 -24.71594592630863 28.35720441845382
      vertex 66.71723760664463 -24.4556681856513 28.35720441845382
    endloop
  endfacet
  facet normal 0 0 1
    outer loop
      vertex 66.87216767668724 -24.71594592630863 28.35720441845382
      vertex 66.95798674225807 -24.55538975149393 28.35720441845382
      vertex 66.71723760664463 -24.4556681856513 28.35720441845382
    endloop
  endfacet
  facet normal 0.9569403291789292 -0.29028469885772923 0
    outer loop
      vertex 66.95798674225807 -24.55538975149393 28.170660171779822
      vertex 67.01083387434483 -24.381176118552684 28.35720441845382
      vertex 66.95798674225807 -24.55538975149393 28.35720441845382
    endloop
  endfacet
  facet normal 0.9569403291789292 -0.29028469885772923 0
    outer loop
      vertex 66.95798674225807 -24.55538975149393 28.170660171779822
      vertex 67.01083387434483 -24.381176118552684 28.170660171779822
      vertex 67.01083387434483 -24.381176118552684 28.35720441845382
    endloop
  endfacet
  facet normal 0 0 1
    outer loop
      vertex 66.95798674225807 -24.55538975149393 28.35720441845382
      vertex 66.75525594502687 -24.33033852726221 28.35720441845382
      vertex 66.71723760664463 -24.4556681856513 28.35720441845382
    endloop
  endfacet
  facet normal 0 0 1
    outer loop
      vertex 66.95798674225807 -24.55538975149393 28.35720441845382
      vertex 67.01083387434483 -24.381176118552684 28.35720441845382
      vertex 66.75525594502687 -24.33033852726221 28.35720441845382
    endloop
  endfacet
  facet normal 0.9951847270096553 -0.098017136903287 0
    outer loop
      vertex 67.01083387434483 -24.381176118552684 28.170660171779822
      vertex 67.02867816388607 -24.2 28.35720441845382
      vertex 67.01083387434483 -24.381176118552684 28.35720441845382
    endloop
  endfacet
  facet normal 0.9951847270096553 -0.098017136903287 0
    outer loop
      vertex 67.01083387434483 -24.381176118552684 28.170660171779822
      vertex 67.02867816388607 -24.2 28.170660171779822
      vertex 67.02867816388607 -24.2 28.35720441845382
    endloop
  endfacet
  facet normal 0 0 1
    outer loop
      vertex 67.01083387434483 -24.381176118552684 28.35720441845382
      vertex 66.7680931687355 -24.2 28.35720441845382
      vertex 66.75525594502687 -24.33033852726221 28.35720441845382
    endloop
  endfacet
  facet normal 0 0 1
    outer loop
      vertex 67.01083387434483 -24.381176118552684 28.35720441845382
      vertex 67.02867816388607 -24.2 28.35720441845382
      vertex 66.7680931687355 -24.2 28.35720441845382
    endloop
  endfacet
  facet normal 0 0 1
    outer loop
      vertex 57.38405403494835 -23.427832354605197 28.35720441845382
      vertex 66.61594596505165 -23.427832354605197 28.35720441845382
      vertex 66.45538968592882 -23.3420132368803 28.35720441845382
    endloop
  endfacet
  facet normal 0 0 1
    outer loop
      vertex 57.96022830158472 -23.525974851846694 28.35720441845382
      vertex 66.03977169841528 -23.525974851846694 28.35720441845382
      vertex 66.61594596505165 -23.427832354605197 28.35720441845382
    endloop
  endfacet
  facet normal 0 1 0
    outer loop
      vertex 57.947488240897655 -23.26664464622736 28.35720441845382
      vertex 66.05251175910234 -23.26664464622736 28.35720441845382
      vertex 66.05251175910234 -23.26664464622736 28.170660171779822
    endloop
  endfacet
  facet normal 0 0 1
    outer loop
      vertex 57.71882388740778 -23.28916611969471 28.35720441845382
      vertex 66.28117611259222 -23.28916611969471 28.35720441845382
      vertex 66.05251175910234 -23.26664464622736 28.35720441845382
    endloop
  endfacet
  facet normal 0 0 1
    outer loop
      vertex 57.54461031407118 -23.3420132368803 28.35720441845382
      vertex 66.45538968592882 -23.3420132368803 28.35720441845382
      vertex 66.28117611259222 -23.28916611969471 28.35720441845382
    endloop
  endfacet
  facet normal 0.9951847270096553 0.098017136903287 0
    outer loop
      vertex 67.02867816388607 -24.2 28.170660171779822
      vertex 67.01083387434483 -24.018823881447315 28.35720441845382
      vertex 67.02867816388607 -24.2 28.35720441845382
    endloop
  endfacet
  facet normal 0.9951847270096553 0.098017136903287 0
    outer loop
      vertex 67.02867816388607 -24.2 28.170660171779822
      vertex 67.01083387434483 -24.018823881447315 28.170660171779822
      vertex 67.01083387434483 -24.018823881447315 28.35720441845382
    endloop
  endfacet
  facet normal 0 0 1
    outer loop
      vertex 66.7680931687355 -24.2 28.35720441845382
      vertex 67.02867816388607 -24.2 28.35720441845382
      vertex 66.75525594502687 -24.06966147273779 28.35720441845382
    endloop
  endfacet
  facet normal 0 0 1
    outer loop
      vertex 66.75525594502687 -24.06966147273779 28.35720441845382
      vertex 67.02867816388607 -24.2 28.35720441845382
      vertex 67.01083387434483 -24.018823881447315 28.35720441845382
    endloop
  endfacet
  facet normal 0.9569403291789292 0.29028469885772923 0
    outer loop
      vertex 67.01083387434483 -24.018823881447315 28.170660171779822
      vertex 66.95798674225807 -23.84461024850607 28.35720441845382
      vertex 67.01083387434483 -24.018823881447315 28.35720441845382
    endloop
  endfacet
  facet normal 0.9569403291789292 0.29028469885772923 0
    outer loop
      vertex 67.01083387434483 -24.018823881447315 28.170660171779822
      vertex 66.95798674225807 -23.84461024850607 28.170660171779822
      vertex 66.95798674225807 -23.84461024850607 28.35720441845382
    endloop
  endfacet
  facet normal 0 0 1
    outer loop
      vertex 66.71723760664463 -23.944331814348697 28.35720441845382
      vertex 66.75525594502687 -24.06966147273779 28.35720441845382
      vertex 67.01083387434483 -24.018823881447315 28.35720441845382
    endloop
  endfacet
  facet normal 0 0 1
    outer loop
      vertex 66.71723760664463 -23.944331814348697 28.35720441845382
      vertex 66.95798674225807 -23.84461024850607 28.35720441845382
      vertex 66.65549916028976 -23.828827303647994 28.35720441845382
    endloop
  endfacet
  facet normal 0 0 1
    outer loop
      vertex 66.71723760664463 -23.944331814348697 28.35720441845382
      vertex 67.01083387434483 -24.018823881447315 28.35720441845382
      vertex 66.95798674225807 -23.84461024850607 28.35720441845382
    endloop
  endfacet
  facet normal 0 0 1
    outer loop
      vertex 66.57241322100163 -23.72758678793907 28.35720441845382
      vertex 66.87216767668724 -23.684054073691367 28.35720441845382
      vertex 66.47117273509502 -23.644500878453254 28.35720441845382
    endloop
  endfacet
  facet normal 0 0 1
    outer loop
      vertex 66.65549916028976 -23.828827303647994 28.35720441845382
      vertex 66.87216767668724 -23.684054073691367 28.35720441845382
      vertex 66.57241322100163 -23.72758678793907 28.35720441845382
    endloop
  endfacet
  facet normal 0.6343932691994761 0.7730104656435133 0
    outer loop
      vertex 66.7566746249795 -23.54332537651062 28.170660171779822
      vertex 66.61594596505165 -23.427832354605197 28.35720441845382
      vertex 66.7566746249795 -23.54332537651062 28.35720441845382
    endloop
  endfacet
  facet normal 0 0 1
    outer loop
      vertex 66.47117273509502 -23.644500878453254 28.35720441845382
      vertex 66.7566746249795 -23.54332537651062 28.35720441845382
      vertex 66.3556681200862 -23.582762372493743 28.35720441845382
    endloop
  endfacet
  facet normal 0 0 1
    outer loop
      vertex 66.03977169841528 -23.525974851846694 28.35720441845382
      vertex 66.23033852130175 -23.54474404901266 28.35720441845382
      vertex 66.7566746249795 -23.54332537651062 28.35720441845382
    endloop
  endfacet
  facet normal 0 0 1
    outer loop
      vertex 66.23033852130175 -23.54474404901266 28.35720441845382
      vertex 66.3556681200862 -23.582762372493743 28.35720441845382
      vertex 66.7566746249795 -23.54332537651062 28.35720441845382
    endloop
  endfacet
  facet normal 0 0 1
    outer loop
      vertex 66.47117273509502 -23.644500878453254 28.35720441845382
      vertex 66.87216767668724 -23.684054073691367 28.35720441845382
      vertex 66.7566746249795 -23.54332537651062 28.35720441845382
    endloop
  endfacet
  facet normal 0.8819212593547904 0.47139674616830013 0
    outer loop
      vertex 66.95798674225807 -23.84461024850607 28.170660171779822
      vertex 66.87216767668724 -23.684054073691367 28.35720441845382
      vertex 66.95798674225807 -23.84461024850607 28.35720441845382
    endloop
  endfacet
  facet normal 0.8819212593547904 0.47139674616830013 0
    outer loop
      vertex 66.95798674225807 -23.84461024850607 28.170660171779822
      vertex 66.87216767668724 -23.684054073691367 28.170660171779822
      vertex 66.87216767668724 -23.684054073691367 28.35720441845382
    endloop
  endfacet
  facet normal 0 0 1
    outer loop
      vertex 66.65549916028976 -23.828827303647994 28.35720441845382
      vertex 66.95798674225807 -23.84461024850607 28.35720441845382
      vertex 66.87216767668724 -23.684054073691367 28.35720441845382
    endloop
  endfacet
  facet normal 0.773010467718576 0.6343932666710047 0
    outer loop
      vertex 66.87216767668724 -23.684054073691367 28.170660171779822
      vertex 66.7566746249795 -23.54332537651062 28.35720441845382
      vertex 66.87216767668724 -23.684054073691367 28.35720441845382
    endloop
  endfacet
  facet normal 0.773010467718576 0.6343932666710047 0
    outer loop
      vertex 66.87216767668724 -23.684054073691367 28.170660171779822
      vertex 66.7566746249795 -23.54332537651062 28.170660171779822
      vertex 66.7566746249795 -23.54332537651062 28.35720441845382
    endloop
  endfacet
  facet normal 0.09801714202944865 0.9951847265047725 0
    outer loop
      vertex 66.28117611259222 -23.28916611969471 28.170660171779822
      vertex 66.05251175910234 -23.26664464622736 28.35720441845382
      vertex 66.28117611259222 -23.28916611969471 28.35720441845382
    endloop
  endfacet
  facet normal 0.09801714202944865 0.9951847265047725 0
    outer loop
      vertex 66.05251175910234 -23.26664464622736 28.170660171779822
      vertex 66.05251175910234 -23.26664464622736 28.35720441845382
      vertex 66.28117611259222 -23.28916611969471 28.170660171779822
    endloop
  endfacet
  facet normal 0.4713967307888884 0.8819212675752572 0
    outer loop
      vertex 66.45538968592882 -23.3420132368803 28.170660171779822
      vertex 66.45538968592882 -23.3420132368803 28.35720441845382
      vertex 66.61594596505165 -23.427832354605197 28.170660171779822
    endloop
  endfacet
  facet normal 0.6343932691994761 0.7730104656435133 0
    outer loop
      vertex 66.7566746249795 -23.54332537651062 28.170660171779822
      vertex 66.61594596505165 -23.427832354605197 28.170660171779822
      vertex 66.61594596505165 -23.427832354605197 28.35720441845382
    endloop
  endfacet
  facet normal 0.4713967307888884 0.8819212675752572 0
    outer loop
      vertex 66.61594596505165 -23.427832354605197 28.170660171779822
      vertex 66.45538968592882 -23.3420132368803 28.35720441845382
      vertex 66.61594596505165 -23.427832354605197 28.35720441845382
    endloop
  endfacet
  facet normal 0 0 1
    outer loop
      vertex 66.03977169841528 -23.525974851846694 28.35720441845382
      vertex 66.7566746249795 -23.54332537651062 28.35720441845382
      vertex 66.61594596505165 -23.427832354605197 28.35720441845382
    endloop
  endfacet
  facet normal 0.2902847148518478 0.9569403243271659 0
    outer loop
      vertex 66.28117611259222 -23.28916611969471 28.170660171779822
      vertex 66.28117611259222 -23.28916611969471 28.35720441845382
      vertex 66.45538968592882 -23.3420132368803 28.170660171779822
    endloop
  endfacet
  facet normal 0.2902847148518478 0.9569403243271659 0
    outer loop
      vertex 66.28117611259222 -23.28916611969471 28.35720441845382
      vertex 66.45538968592882 -23.3420132368803 28.35720441845382
      vertex 66.45538968592882 -23.3420132368803 28.170660171779822
    endloop
  endfacet
  facet normal -0.4713967545445416 -0.8819212548775958 0
    outer loop
      vertex 57.64433187991381 -24.817237627506255 28.35720441845382
      vertex 57.528827264904976 -24.755499121546745 28.495819298766932
      vertex 57.528827264904976 -24.755499121546745 28.35720441845382
    endloop
  endfacet
  facet normal -0.6343932382151828 -0.7730104910716635 0
    outer loop
      vertex 57.528827264904976 -24.755499121546745 28.35720441845382
      vertex 57.528827264904976 -24.755499121546745 28.495819298766932
      vertex 57.427586778998375 -24.672413212060928 28.495819298766932
    endloop
  endfacet
  facet normal -0.4713967545445416 -0.8819212548775958 0
    outer loop
      vertex 57.64433187991381 -24.817237627506255 28.35720441845382
      vertex 57.64433187991381 -24.817237627506255 28.495819298766932
      vertex 57.528827264904976 -24.755499121546745 28.495819298766932
    endloop
  endfacet
  facet normal -0.6343932382151828 -0.7730104910716635 0
    outer loop
      vertex 57.528827264904976 -24.755499121546745 28.35720441845382
      vertex 57.427586778998375 -24.672413212060928 28.495819298766932
      vertex 57.427586778998375 -24.672413212060928 28.35720441845382
    endloop
  endfacet
  facet normal -0.7730104710612078 -0.6343932625979956 0
    outer loop
      vertex 57.427586778998375 -24.672413212060928 28.35720441845382
      vertex 57.427586778998375 -24.672413212060928 28.495819298766932
      vertex 57.344500839710236 -24.571172696352004 28.495819298766932
    endloop
  endfacet
  facet normal -0.7730104710612078 -0.6343932625979956 0
    outer loop
      vertex 57.427586778998375 -24.672413212060928 28.35720441845382
      vertex 57.344500839710236 -24.571172696352004 28.495819298766932
      vertex 57.344500839710236 -24.571172696352004 28.35720441845382
    endloop
  endfacet
  facet normal 0 0 1
    outer loop
      vertex 57.427586778998375 -24.672413212060928 28.495819298766932
      vertex 57.752536095678806 -24.55600960254669 28.495819298766932
      vertex 57.344500839710236 -24.571172696352004 28.495819298766932
    endloop
  endfacet
  facet normal 0 0 1
    outer loop
      vertex 57.427586778998375 -24.672413212060928 28.495819298766932
      vertex 57.82482348382473 -24.577937741577625 28.495819298766932
      vertex 57.752536095678806 -24.55600960254669 28.495819298766932
    endloop
  endfacet
  facet normal -0.9951847272329764 -0.09801713463587093 0
    outer loop
      vertex 57.244744054973125 -24.33033852726221 28.35720441845382
      vertex 57.244744054973125 -24.33033852726221 28.495819298766932
      vertex 57.231906831264496 -24.2 28.495819298766932
    endloop
  endfacet
  facet normal -0.9951847272329764 -0.09801713463587093 0
    outer loop
      vertex 57.244744054973125 -24.33033852726221 28.35720441845382
      vertex 57.231906831264496 -24.2 28.495819298766932
      vertex 57.231906831264496 -24.2 28.35720441845382
    endloop
  endfacet
  facet normal -0.8819212671011255 -0.47139673167592644 0
    outer loop
      vertex 57.344500839710236 -24.571172696352004 28.35720441845382
      vertex 57.344500839710236 -24.571172696352004 28.495819298766932
      vertex 57.28276239335537 -24.4556681856513 28.495819298766932
    endloop
  endfacet
  facet normal -0.8819212671011255 -0.47139673167592644 0
    outer loop
      vertex 57.344500839710236 -24.571172696352004 28.35720441845382
      vertex 57.28276239335537 -24.4556681856513 28.495819298766932
      vertex 57.28276239335537 -24.4556681856513 28.35720441845382
    endloop
  endfacet
  facet normal 0 0 1
    outer loop
      vertex 57.344500839710236 -24.571172696352004 28.495819298766932
      vertex 57.57959984987974 -24.41408452093601 28.495819298766932
      vertex 57.28276239335537 -24.4556681856513 28.495819298766932
    endloop
  endfacet
  facet normal -0.9569403311672471 -0.2902846923031246 0
    outer loop
      vertex 57.244744054973125 -24.33033852726221 28.495819298766932
      vertex 57.28276239335537 -24.4556681856513 28.35720441845382
      vertex 57.28276239335537 -24.4556681856513 28.495819298766932
    endloop
  endfacet
  facet normal 0 0 1
    outer loop
      vertex 57.28276239335537 -24.4556681856513 28.495819298766932
      vertex 57.57959984987974 -24.41408452093601 28.495819298766932
      vertex 57.543990418314934 -24.347463969886302 28.495819298766932
    endloop
  endfacet
  facet normal 0 0 1
    outer loop
      vertex 57.344500839710236 -24.571172696352004 28.495819298766932
      vertex 57.685915410518646 -24.520400103926658 28.495819298766932
      vertex 57.6275220811367 -24.47247793972492 28.495819298766932
    endloop
  endfacet
  facet normal 0 0 1
    outer loop
      vertex 57.344500839710236 -24.571172696352004 28.495819298766932
      vertex 57.6275220811367 -24.47247793972492 28.495819298766932
      vertex 57.57959984987974 -24.41408452093601 28.495819298766932
    endloop
  endfacet
  facet normal 0 0 1
    outer loop
      vertex 57.344500839710236 -24.571172696352004 28.495819298766932
      vertex 57.752536095678806 -24.55600960254669 28.495819298766932
      vertex 57.685915410518646 -24.520400103926658 28.495819298766932
    endloop
  endfacet
  facet normal -0.9569403311672471 -0.2902846923031246 0
    outer loop
      vertex 57.244744054973125 -24.33033852726221 28.35720441845382
      vertex 57.28276239335537 -24.4556681856513 28.35720441845382
      vertex 57.244744054973125 -24.33033852726221 28.495819298766932
    endloop
  endfacet
  facet normal 0 0 1
    outer loop
      vertex 57.244744054973125 -24.33033852726221 28.495819298766932
      vertex 57.28276239335537 -24.4556681856513 28.495819298766932
      vertex 57.52206226438284 -24.275176529586314 28.495819298766932
    endloop
  endfacet
  facet normal 0 0 1
    outer loop
      vertex 57.28276239335537 -24.4556681856513 28.495819298766932
      vertex 57.543990418314934 -24.347463969886302 28.495819298766932
      vertex 57.52206226438284 -24.275176529586314 28.495819298766932
    endloop
  endfacet
  facet normal 0 0 1
    outer loop
      vertex 57.244744054973125 -24.33033852726221 28.495819298766932
      vertex 57.52206226438284 -24.275176529586314 28.495819298766932
      vertex 57.231906831264496 -24.2 28.495819298766932
    endloop
  endfacet
  facet normal 0 0 1
    outer loop
      vertex 57.52206226438284 -24.275176529586314 28.495819298766932
      vertex 57.51465801894665 -24.2 28.495819298766932
      vertex 57.231906831264496 -24.2 28.495819298766932
    endloop
  endfacet
  facet normal -0.2902847145356395 -0.9569403244230867 0
    outer loop
      vertex 57.64433187991381 -24.817237627506255 28.495819298766932
      vertex 57.769661478698254 -24.85525595098734 28.35720441845382
      vertex 57.769661478698254 -24.85525595098734 28.495819298766932
    endloop
  endfacet
  facet normal -0.2902847145356395 -0.9569403244230867 0
    outer loop
      vertex 57.64433187991381 -24.817237627506255 28.35720441845382
      vertex 57.769661478698254 -24.85525595098734 28.35720441845382
      vertex 57.64433187991381 -24.817237627506255 28.495819298766932
    endloop
  endfacet
  facet normal -0.09801715763818894 -0.9951847249674457 0
    outer loop
      vertex 57.769661478698254 -24.85525595098734 28.35720441845382
      vertex 57.96022830158472 -24.874025148153304 28.35720441845382
      vertex 57.769661478698254 -24.85525595098734 28.495819298766932
    endloop
  endfacet
  facet normal -0.09801715763818894 -0.9951847249674457 0
    outer loop
      vertex 57.769661478698254 -24.85525595098734 28.495819298766932
      vertex 57.96022830158472 -24.874025148153304 28.35720441845382
      vertex 57.96022830158472 -24.874025148153304 28.495819298766932
    endloop
  endfacet
  facet normal 0 0 1
    outer loop
      vertex 57.427586778998375 -24.672413212060928 28.495819298766932
      vertex 57.97405215352774 -24.592635487020015 28.495819298766932
      vertex 57.82482348382473 -24.577937741577625 28.495819298766932
    endloop
  endfacet
  facet normal 0 -1 0
    outer loop
      vertex 57.96022830158472 -24.874025148153304 28.35720441845382
      vertex 66.03977169841528 -24.874025148153304 28.35720441845382
      vertex 57.96022830158472 -24.874025148153304 28.495819298766932
    endloop
  endfacet
  facet normal 0 0 1
    outer loop
      vertex 57.64433187991381 -24.817237627506255 28.495819298766932
      vertex 57.769661478698254 -24.85525595098734 28.495819298766932
      vertex 66.3556681200862 -24.817237627506255 28.495819298766932
    endloop
  endfacet
  facet normal 0 0 1
    outer loop
      vertex 57.769661478698254 -24.85525595098734 28.495819298766932
      vertex 57.96022830158472 -24.874025148153304 28.495819298766932
      vertex 66.23033852130175 -24.85525595098734 28.495819298766932
    endloop
  endfacet
  facet normal 0 0 1
    outer loop
      vertex 57.64433187991381 -24.817237627506255 28.495819298766932
      vertex 66.47117273509502 -24.755499121546745 28.495819298766932
      vertex 57.528827264904976 -24.755499121546745 28.495819298766932
    endloop
  endfacet
  facet normal 0 0 1
    outer loop
      vertex 57.528827264904976 -24.755499121546745 28.495819298766932
      vertex 66.57241322100163 -24.672413212060928 28.495819298766932
      vertex 57.427586778998375 -24.672413212060928 28.495819298766932
    endloop
  endfacet
  facet normal 0 0 1
    outer loop
      vertex 57.427586778998375 -24.672413212060928 28.495819298766932
      vertex 66.57241322100163 -24.672413212060928 28.495819298766932
      vertex 57.97405215352774 -24.592635487020015 28.495819298766932
    endloop
  endfacet
  facet normal -0.9951847272329764 0.09801713463587093 0
    outer loop
      vertex 57.231906831264496 -24.2 28.35720441845382
      vertex 57.231906831264496 -24.2 28.495819298766932
      vertex 57.244744054973125 -24.06966147273779 28.495819298766932
    endloop
  endfacet
  facet normal -0.9951847272329764 0.09801713463587093 0
    outer loop
      vertex 57.231906831264496 -24.2 28.35720441845382
      vertex 57.244744054973125 -24.06966147273779 28.495819298766932
      vertex 57.244744054973125 -24.06966147273779 28.35720441845382
    endloop
  endfacet
  facet normal 0 0 1
    outer loop
      vertex 57.231906831264496 -24.2 28.495819298766932
      vertex 57.52206226438284 -24.124823470413684 28.495819298766932
      vertex 57.244744054973125 -24.06966147273779 28.495819298766932
    endloop
  endfacet
  facet normal 0 0 1
    outer loop
      vertex 57.231906831264496 -24.2 28.495819298766932
      vertex 57.51465801894665 -24.2 28.495819298766932
      vertex 57.52206226438284 -24.124823470413684 28.495819298766932
    endloop
  endfacet
  facet normal -0.9569403311672471 0.2902846923031246 0
    outer loop
      vertex 57.244744054973125 -24.06966147273779 28.35720441845382
      vertex 57.244744054973125 -24.06966147273779 28.495819298766932
      vertex 57.28276239335537 -23.944331814348697 28.495819298766932
    endloop
  endfacet
  facet normal 0 0 1
    outer loop
      vertex 57.244744054973125 -24.06966147273779 28.495819298766932
      vertex 57.52206226438284 -24.124823470413684 28.495819298766932
      vertex 57.543990418314934 -24.052536030113696 28.495819298766932
    endloop
  endfacet
  facet normal -0.9569403311672471 0.2902846923031246 0
    outer loop
      vertex 57.244744054973125 -24.06966147273779 28.35720441845382
      vertex 57.28276239335537 -23.944331814348697 28.495819298766932
      vertex 57.28276239335537 -23.944331814348697 28.35720441845382
    endloop
  endfacet
  facet normal 0 0 1
    outer loop
      vertex 57.244744054973125 -24.06966147273779 28.495819298766932
      vertex 57.543990418314934 -24.052536030113696 28.495819298766932
      vertex 57.28276239335537 -23.944331814348697 28.495819298766932
    endloop
  endfacet
  facet normal 0 0 1
    outer loop
      vertex 57.543990418314934 -24.052536030113696 28.495819298766932
      vertex 57.57959984987974 -23.985915479063987 28.495819298766932
      vertex 57.28276239335537 -23.944331814348697 28.495819298766932
    endloop
  endfacet
  facet normal -0.8819212671011255 0.47139673167592644 0
    outer loop
      vertex 57.28276239335537 -23.944331814348697 28.35720441845382
      vertex 57.28276239335537 -23.944331814348697 28.495819298766932
      vertex 57.344500839710236 -23.828827303647994 28.495819298766932
    endloop
  endfacet
  facet normal -0.8819212671011255 0.47139673167592644 0
    outer loop
      vertex 57.28276239335537 -23.944331814348697 28.35720441845382
      vertex 57.344500839710236 -23.828827303647994 28.495819298766932
      vertex 57.344500839710236 -23.828827303647994 28.35720441845382
    endloop
  endfacet
  facet normal 0 0 1
    outer loop
      vertex 57.28276239335537 -23.944331814348697 28.495819298766932
      vertex 57.6275220811367 -23.927522060275077 28.495819298766932
      vertex 57.344500839710236 -23.828827303647994 28.495819298766932
    endloop
  endfacet
  facet normal 0 0 1
    outer loop
      vertex 57.28276239335537 -23.944331814348697 28.495819298766932
      vertex 57.57959984987974 -23.985915479063987 28.495819298766932
      vertex 57.6275220811367 -23.927522060275077 28.495819298766932
    endloop
  endfacet
  facet normal 0 0 1
    outer loop
      vertex 57.6275220811367 -23.927522060275077 28.495819298766932
      vertex 57.685915410518646 -23.87959989607334 28.495819298766932
      vertex 57.344500839710236 -23.828827303647994 28.495819298766932
    endloop
  endfacet
  facet normal 0 0 1
    outer loop
      vertex 57.344500839710236 -23.828827303647994 28.495819298766932
      vertex 57.685915410518646 -23.87959989607334 28.495819298766932
      vertex 57.752536095678806 -23.843990397453307 28.495819298766932
    endloop
  endfacet
  facet normal -0.7730104710612078 0.6343932625979956 0
    outer loop
      vertex 57.344500839710236 -23.828827303647994 28.35720441845382
      vertex 57.344500839710236 -23.828827303647994 28.495819298766932
      vertex 57.427586778998375 -23.72758678793907 28.495819298766932
    endloop
  endfacet
  facet normal -0.7730104710612078 0.6343932625979956 0
    outer loop
      vertex 57.344500839710236 -23.828827303647994 28.35720441845382
      vertex 57.427586778998375 -23.72758678793907 28.495819298766932
      vertex 57.427586778998375 -23.72758678793907 28.35720441845382
    endloop
  endfacet
  facet normal -0.6343932382151828 0.7730104910716635 0
    outer loop
      vertex 57.427586778998375 -23.72758678793907 28.35720441845382
      vertex 57.427586778998375 -23.72758678793907 28.495819298766932
      vertex 57.528827264904976 -23.644500878453254 28.495819298766932
    endloop
  endfacet
  facet normal 0 0 1
    outer loop
      vertex 57.344500839710236 -23.828827303647994 28.495819298766932
      vertex 57.82482348382473 -23.822062258422374 28.495819298766932
      vertex 57.427586778998375 -23.72758678793907 28.495819298766932
    endloop
  endfacet
  facet normal 0 0 1
    outer loop
      vertex 57.344500839710236 -23.828827303647994 28.495819298766932
      vertex 57.752536095678806 -23.843990397453307 28.495819298766932
      vertex 57.82482348382473 -23.822062258422374 28.495819298766932
    endloop
  endfacet
  facet normal -0.6343932382151828 0.7730104910716635 0
    outer loop
      vertex 57.427586778998375 -23.72758678793907 28.35720441845382
      vertex 57.528827264904976 -23.644500878453254 28.495819298766932
      vertex 57.528827264904976 -23.644500878453254 28.35720441845382
    endloop
  endfacet
  facet normal -0.4713967545445416 0.8819212548775958 0
    outer loop
      vertex 57.528827264904976 -23.644500878453254 28.35720441845382
      vertex 57.528827264904976 -23.644500878453254 28.495819298766932
      vertex 57.64433187991381 -23.582762372493743 28.495819298766932
    endloop
  endfacet
  facet normal -0.4713967545445416 0.8819212548775958 0
    outer loop
      vertex 57.528827264904976 -23.644500878453254 28.35720441845382
      vertex 57.64433187991381 -23.582762372493743 28.495819298766932
      vertex 57.64433187991381 -23.582762372493743 28.35720441845382
    endloop
  endfacet
  facet normal 0 0 1
    outer loop
      vertex 57.427586778998375 -23.72758678793907 28.495819298766932
      vertex 57.82482348382473 -23.822062258422374 28.495819298766932
      vertex 57.97405215352774 -23.807364512979984 28.495819298766932
    endloop
  endfacet
  facet normal -0.2902847145356395 0.9569403244230867 0
    outer loop
      vertex 57.64433187991381 -23.582762372493743 28.35720441845382
      vertex 57.64433187991381 -23.582762372493743 28.495819298766932
      vertex 57.769661478698254 -23.54474404901266 28.495819298766932
    endloop
  endfacet
  facet normal -0.2902847145356395 0.9569403244230867 0
    outer loop
      vertex 57.64433187991381 -23.582762372493743 28.35720441845382
      vertex 57.769661478698254 -23.54474404901266 28.495819298766932
      vertex 57.769661478698254 -23.54474404901266 28.35720441845382
    endloop
  endfacet
  facet normal -0.09801715763818894 0.9951847249674457 0
    outer loop
      vertex 57.769661478698254 -23.54474404901266 28.35720441845382
      vertex 57.769661478698254 -23.54474404901266 28.495819298766932
      vertex 57.96022830158472 -23.525974851846694 28.495819298766932
    endloop
  endfacet
  facet normal -0.09801715763818894 0.9951847249674457 0
    outer loop
      vertex 57.769661478698254 -23.54474404901266 28.35720441845382
      vertex 57.96022830158472 -23.525974851846694 28.495819298766932
      vertex 57.96022830158472 -23.525974851846694 28.35720441845382
    endloop
  endfacet
  facet normal 0 0 1
    outer loop
      vertex 57.427586778998375 -23.72758678793907 28.495819298766932
      vertex 57.97405215352774 -23.807364512979984 28.495819298766932
      vertex 66.02594784647226 -23.807364512979984 28.495819298766932
    endloop
  endfacet
  facet normal 0 0 1
    outer loop
      vertex 57.427586778998375 -23.72758678793907 28.495819298766932
      vertex 66.47117273509502 -23.644500878453254 28.495819298766932
      vertex 57.528827264904976 -23.644500878453254 28.495819298766932
    endloop
  endfacet
  facet normal 0 0 1
    outer loop
      vertex 57.528827264904976 -23.644500878453254 28.495819298766932
      vertex 66.3556681200862 -23.582762372493743 28.495819298766932
      vertex 57.64433187991381 -23.582762372493743 28.495819298766932
    endloop
  endfacet
  facet normal 0 1 0
    outer loop
      vertex 57.96022830158472 -23.525974851846694 28.35720441845382
      vertex 57.96022830158472 -23.525974851846694 28.495819298766932
      vertex 66.03977169841528 -23.525974851846694 28.495819298766932
    endloop
  endfacet
  facet normal 0 0 1
    outer loop
      vertex 57.64433187991381 -23.582762372493743 28.495819298766932
      vertex 66.23033852130175 -23.54474404901266 28.495819298766932
      vertex 57.769661478698254 -23.54474404901266 28.495819298766932
    endloop
  endfacet
  facet normal 0 0 1
    outer loop
      vertex 57.769661478698254 -23.54474404901266 28.495819298766932
      vertex 66.03977169841528 -23.525974851846694 28.495819298766932
      vertex 57.96022830158472 -23.525974851846694 28.495819298766932
    endloop
  endfacet
  facet normal 0 -1 0
    outer loop
      vertex 57.96022830158472 -24.874025148153304 28.495819298766932
      vertex 66.03977169841528 -24.874025148153304 28.35720441845382
      vertex 66.03977169841528 -24.874025148153304 28.495819298766932
    endloop
  endfacet
  facet normal 0 0 1
    outer loop
      vertex 57.96022830158472 -24.874025148153304 28.495819298766932
      vertex 66.03977169841528 -24.874025148153304 28.495819298766932
      vertex 66.23033852130175 -24.85525595098734 28.495819298766932
    endloop
  endfacet
  facet normal 0 0 1
    outer loop
      vertex 57.769661478698254 -24.85525595098734 28.495819298766932
      vertex 66.23033852130175 -24.85525595098734 28.495819298766932
      vertex 66.3556681200862 -24.817237627506255 28.495819298766932
    endloop
  endfacet
  facet normal 0 0 1
    outer loop
      vertex 57.64433187991381 -24.817237627506255 28.495819298766932
      vertex 66.3556681200862 -24.817237627506255 28.495819298766932
      vertex 66.47117273509502 -24.755499121546745 28.495819298766932
    endloop
  endfacet
  facet normal 0 0 1
    outer loop
      vertex 57.528827264904976 -24.755499121546745 28.495819298766932
      vertex 66.47117273509502 -24.755499121546745 28.495819298766932
      vertex 66.57241322100163 -24.672413212060928 28.495819298766932
    endloop
  endfacet
  facet normal 0 0 1
    outer loop
      vertex 57.97405215352774 -24.592635487020015 28.495819298766932
      vertex 66.57241322100163 -24.672413212060928 28.495819298766932
      vertex 66.02594784647226 -24.592635487020015 28.495819298766932
    endloop
  endfacet
  facet normal 0.09801715763818894 -0.9951847249674457 0
    outer loop
      vertex 66.03977169841528 -24.874025148153304 28.35720441845382
      vertex 66.23033852130175 -24.85525595098734 28.35720441845382
      vertex 66.03977169841528 -24.874025148153304 28.495819298766932
    endloop
  endfacet
  facet normal 0.09801715763818894 -0.9951847249674457 0
    outer loop
      vertex 66.03977169841528 -24.874025148153304 28.495819298766932
      vertex 66.23033852130175 -24.85525595098734 28.35720441845382
      vertex 66.23033852130175 -24.85525595098734 28.495819298766932
    endloop
  endfacet
  facet normal 0.2902847145356395 -0.9569403244230867 0
    outer loop
      vertex 66.23033852130175 -24.85525595098734 28.35720441845382
      vertex 66.3556681200862 -24.817237627506255 28.35720441845382
      vertex 66.23033852130175 -24.85525595098734 28.495819298766932
    endloop
  endfacet
  facet normal 0.2902847145356395 -0.9569403244230867 0
    outer loop
      vertex 66.23033852130175 -24.85525595098734 28.495819298766932
      vertex 66.3556681200862 -24.817237627506255 28.35720441845382
      vertex 66.3556681200862 -24.817237627506255 28.495819298766932
    endloop
  endfacet
  facet normal 0 0 1
    outer loop
      vertex 66.02594784647226 -24.592635487020015 28.495819298766932
      vertex 66.57241322100163 -24.672413212060928 28.495819298766932
      vertex 66.17517651617527 -24.577937741577625 28.495819298766932
    endloop
  endfacet
  facet normal 0.4713967545445416 -0.8819212548775958 0
    outer loop
      vertex 66.3556681200862 -24.817237627506255 28.35720441845382
      vertex 66.47117273509502 -24.755499121546745 28.35720441845382
      vertex 66.3556681200862 -24.817237627506255 28.495819298766932
    endloop
  endfacet
  facet normal 0.4713967545445416 -0.8819212548775958 0
    outer loop
      vertex 66.3556681200862 -24.817237627506255 28.495819298766932
      vertex 66.47117273509502 -24.755499121546745 28.35720441845382
      vertex 66.47117273509502 -24.755499121546745 28.495819298766932
    endloop
  endfacet
  facet normal 0.6343932382151828 -0.7730104910716635 0
    outer loop
      vertex 66.47117273509502 -24.755499121546745 28.35720441845382
      vertex 66.57241322100163 -24.672413212060928 28.35720441845382
      vertex 66.47117273509502 -24.755499121546745 28.495819298766932
    endloop
  endfacet
  facet normal 0 0 1
    outer loop
      vertex 66.17517651617527 -24.577937741577625 28.495819298766932
      vertex 66.65549916028976 -24.571172696352004 28.495819298766932
      vertex 66.2474639043212 -24.55600960254669 28.495819298766932
    endloop
  endfacet
  facet normal 0 0 1
    outer loop
      vertex 66.17517651617527 -24.577937741577625 28.495819298766932
      vertex 66.57241322100163 -24.672413212060928 28.495819298766932
      vertex 66.65549916028976 -24.571172696352004 28.495819298766932
    endloop
  endfacet
  facet normal 0.6343932382151828 -0.7730104910716635 0
    outer loop
      vertex 66.47117273509502 -24.755499121546745 28.495819298766932
      vertex 66.57241322100163 -24.672413212060928 28.35720441845382
      vertex 66.57241322100163 -24.672413212060928 28.495819298766932
    endloop
  endfacet
  facet normal 0.7730104710612078 -0.6343932625979956 0
    outer loop
      vertex 66.57241322100163 -24.672413212060928 28.35720441845382
      vertex 66.65549916028976 -24.571172696352004 28.35720441845382
      vertex 66.57241322100163 -24.672413212060928 28.495819298766932
    endloop
  endfacet
  facet normal 0.7730104710612078 -0.6343932625979956 0
    outer loop
      vertex 66.57241322100163 -24.672413212060928 28.495819298766932
      vertex 66.65549916028976 -24.571172696352004 28.35720441845382
      vertex 66.65549916028976 -24.571172696352004 28.495819298766932
    endloop
  endfacet
  facet normal 0 0 1
    outer loop
      vertex 66.2474639043212 -24.55600960254669 28.495819298766932
      vertex 66.65549916028976 -24.571172696352004 28.495819298766932
      vertex 66.31408458948135 -24.520400103926658 28.495819298766932
    endloop
  endfacet
  facet normal 0 0 1
    outer loop
      vertex 66.31408458948135 -24.520400103926658 28.495819298766932
      vertex 66.65549916028976 -24.571172696352004 28.495819298766932
      vertex 66.3724779188633 -24.47247793972492 28.495819298766932
    endloop
  endfacet
  facet normal 0 0 1
    outer loop
      vertex 66.3724779188633 -24.47247793972492 28.495819298766932
      vertex 66.71723760664463 -24.4556681856513 28.495819298766932
      vertex 66.42040015012026 -24.41408452093601 28.495819298766932
    endloop
  endfacet
  facet normal 0.8819212671011255 -0.47139673167592644 0
    outer loop
      vertex 66.65549916028976 -24.571172696352004 28.35720441845382
      vertex 66.71723760664463 -24.4556681856513 28.35720441845382
      vertex 66.65549916028976 -24.571172696352004 28.495819298766932
    endloop
  endfacet
  facet normal 0.8819212671011255 -0.47139673167592644 0
    outer loop
      vertex 66.65549916028976 -24.571172696352004 28.495819298766932
      vertex 66.71723760664463 -24.4556681856513 28.35720441845382
      vertex 66.71723760664463 -24.4556681856513 28.495819298766932
    endloop
  endfacet
  facet normal 0 0 1
    outer loop
      vertex 66.65549916028976 -24.571172696352004 28.495819298766932
      vertex 66.71723760664463 -24.4556681856513 28.495819298766932
      vertex 66.3724779188633 -24.47247793972492 28.495819298766932
    endloop
  endfacet
  facet normal 0.9569403311672471 -0.2902846923031246 0
    outer loop
      vertex 66.71723760664463 -24.4556681856513 28.35720441845382
      vertex 66.75525594502687 -24.33033852726221 28.35720441845382
      vertex 66.71723760664463 -24.4556681856513 28.495819298766932
    endloop
  endfacet
  facet normal 0 0 1
    outer loop
      vertex 66.42040015012026 -24.41408452093601 28.495819298766932
      vertex 66.71723760664463 -24.4556681856513 28.495819298766932
      vertex 66.45600958168507 -24.347463969886302 28.495819298766932
    endloop
  endfacet
  facet normal 0 0 1
    outer loop
      vertex 66.71723760664463 -24.4556681856513 28.495819298766932
      vertex 66.75525594502687 -24.33033852726221 28.495819298766932
      vertex 66.45600958168507 -24.347463969886302 28.495819298766932
    endloop
  endfacet
  facet normal 0.9569403311672471 -0.2902846923031246 0
    outer loop
      vertex 66.71723760664463 -24.4556681856513 28.495819298766932
      vertex 66.75525594502687 -24.33033852726221 28.35720441845382
      vertex 66.75525594502687 -24.33033852726221 28.495819298766932
    endloop
  endfacet
  facet normal 0 0 1
    outer loop
      vertex 66.45600958168507 -24.347463969886302 28.495819298766932
      vertex 66.75525594502687 -24.33033852726221 28.495819298766932
      vertex 66.47793773561716 -24.275176529586314 28.495819298766932
    endloop
  endfacet
  facet normal 0 0 1
    outer loop
      vertex 66.47793773561716 -24.275176529586314 28.495819298766932
      vertex 66.7680931687355 -24.2 28.495819298766932
      vertex 66.48534198105335 -24.2 28.495819298766932
    endloop
  endfacet
  facet normal 0 0 1
    outer loop
      vertex 66.47793773561716 -24.275176529586314 28.495819298766932
      vertex 66.75525594502687 -24.33033852726221 28.495819298766932
      vertex 66.7680931687355 -24.2 28.495819298766932
    endloop
  endfacet
  facet normal 0.9951847272329764 -0.09801713463587093 0
    outer loop
      vertex 66.75525594502687 -24.33033852726221 28.35720441845382
      vertex 66.7680931687355 -24.2 28.35720441845382
      vertex 66.75525594502687 -24.33033852726221 28.495819298766932
    endloop
  endfacet
  facet normal 0.9951847272329764 -0.09801713463587093 0
    outer loop
      vertex 66.75525594502687 -24.33033852726221 28.495819298766932
      vertex 66.7680931687355 -24.2 28.35720441845382
      vertex 66.7680931687355 -24.2 28.495819298766932
    endloop
  endfacet
  facet normal 0 0 1
    outer loop
      vertex 57.427586778998375 -23.72758678793907 28.495819298766932
      vertex 66.02594784647226 -23.807364512979984 28.495819298766932
      vertex 66.57241322100163 -23.72758678793907 28.495819298766932
    endloop
  endfacet
  facet normal 0 0 1
    outer loop
      vertex 57.427586778998375 -23.72758678793907 28.495819298766932
      vertex 66.57241322100163 -23.72758678793907 28.495819298766932
      vertex 66.47117273509502 -23.644500878453254 28.495819298766932
    endloop
  endfacet
  facet normal 0 0 1
    outer loop
      vertex 57.528827264904976 -23.644500878453254 28.495819298766932
      vertex 66.47117273509502 -23.644500878453254 28.495819298766932
      vertex 66.3556681200862 -23.582762372493743 28.495819298766932
    endloop
  endfacet
  facet normal 0 1 0
    outer loop
      vertex 57.96022830158472 -23.525974851846694 28.35720441845382
      vertex 66.03977169841528 -23.525974851846694 28.495819298766932
      vertex 66.03977169841528 -23.525974851846694 28.35720441845382
    endloop
  endfacet
  facet normal 0 0 1
    outer loop
      vertex 57.769661478698254 -23.54474404901266 28.495819298766932
      vertex 66.23033852130175 -23.54474404901266 28.495819298766932
      vertex 66.03977169841528 -23.525974851846694 28.495819298766932
    endloop
  endfacet
  facet normal 0 0 1
    outer loop
      vertex 57.64433187991381 -23.582762372493743 28.495819298766932
      vertex 66.3556681200862 -23.582762372493743 28.495819298766932
      vertex 66.23033852130175 -23.54474404901266 28.495819298766932
    endloop
  endfacet
  facet normal 0 0 1
    outer loop
      vertex 66.02594784647226 -23.807364512979984 28.495819298766932
      vertex 66.17517651617527 -23.822062258422374 28.495819298766932
      vertex 66.57241322100163 -23.72758678793907 28.495819298766932
    endloop
  endfacet
  facet normal 0.09801715763818894 0.9951847249674457 0
    outer loop
      vertex 66.03977169841528 -23.525974851846694 28.35720441845382
      vertex 66.03977169841528 -23.525974851846694 28.495819298766932
      vertex 66.23033852130175 -23.54474404901266 28.495819298766932
    endloop
  endfacet
  facet normal 0.09801715763818894 0.9951847249674457 0
    outer loop
      vertex 66.03977169841528 -23.525974851846694 28.35720441845382
      vertex 66.23033852130175 -23.54474404901266 28.495819298766932
      vertex 66.23033852130175 -23.54474404901266 28.35720441845382
    endloop
  endfacet
  facet normal 0.2902847145356395 0.9569403244230867 0
    outer loop
      vertex 66.23033852130175 -23.54474404901266 28.35720441845382
      vertex 66.3556681200862 -23.582762372493743 28.495819298766932
      vertex 66.3556681200862 -23.582762372493743 28.35720441845382
    endloop
  endfacet
  facet normal 0.2902847145356395 0.9569403244230867 0
    outer loop
      vertex 66.23033852130175 -23.54474404901266 28.35720441845382
      vertex 66.23033852130175 -23.54474404901266 28.495819298766932
      vertex 66.3556681200862 -23.582762372493743 28.495819298766932
    endloop
  endfacet
  facet normal 0 0 1
    outer loop
      vertex 66.48534198105335 -24.2 28.495819298766932
      vertex 66.7680931687355 -24.2 28.495819298766932
      vertex 66.47793773561716 -24.124823470413684 28.495819298766932
    endloop
  endfacet
  facet normal 0 0 1
    outer loop
      vertex 66.47793773561716 -24.124823470413684 28.495819298766932
      vertex 66.7680931687355 -24.2 28.495819298766932
      vertex 66.75525594502687 -24.06966147273779 28.495819298766932
    endloop
  endfacet
  facet normal 0.9569403311672471 0.2902846923031246 0
    outer loop
      vertex 66.71723760664463 -23.944331814348697 28.35720441845382
      vertex 66.75525594502687 -24.06966147273779 28.495819298766932
      vertex 66.75525594502687 -24.06966147273779 28.35720441845382
    endloop
  endfacet
  facet normal 0 0 1
    outer loop
      vertex 66.47793773561716 -24.124823470413684 28.495819298766932
      vertex 66.71723760664463 -23.944331814348697 28.495819298766932
      vertex 66.45600958168507 -24.052536030113696 28.495819298766932
    endloop
  endfacet
  facet normal 0 0 1
    outer loop
      vertex 66.47793773561716 -24.124823470413684 28.495819298766932
      vertex 66.75525594502687 -24.06966147273779 28.495819298766932
      vertex 66.71723760664463 -23.944331814348697 28.495819298766932
    endloop
  endfacet
  facet normal 0 0 1
    outer loop
      vertex 66.31408458948135 -23.87959989607334 28.495819298766932
      vertex 66.65549916028976 -23.828827303647994 28.495819298766932
      vertex 66.2474639043212 -23.843990397453307 28.495819298766932
    endloop
  endfacet
  facet normal 0 0 1
    outer loop
      vertex 66.42040015012026 -23.985915479063987 28.495819298766932
      vertex 66.65549916028976 -23.828827303647994 28.495819298766932
      vertex 66.3724779188633 -23.927522060275077 28.495819298766932
    endloop
  endfacet
  facet normal 0 0 1
    outer loop
      vertex 66.31408458948135 -23.87959989607334 28.495819298766932
      vertex 66.3724779188633 -23.927522060275077 28.495819298766932
      vertex 66.65549916028976 -23.828827303647994 28.495819298766932
    endloop
  endfacet
  facet normal 0.9569403311672471 0.2902846923031246 0
    outer loop
      vertex 66.71723760664463 -23.944331814348697 28.35720441845382
      vertex 66.71723760664463 -23.944331814348697 28.495819298766932
      vertex 66.75525594502687 -24.06966147273779 28.495819298766932
    endloop
  endfacet
  facet normal 0 0 1
    outer loop
      vertex 66.45600958168507 -24.052536030113696 28.495819298766932
      vertex 66.71723760664463 -23.944331814348697 28.495819298766932
      vertex 66.42040015012026 -23.985915479063987 28.495819298766932
    endloop
  endfacet
  facet normal 0.8819212671011255 0.47139673167592644 0
    outer loop
      vertex 66.71723760664463 -23.944331814348697 28.35720441845382
      vertex 66.65549916028976 -23.828827303647994 28.35720441845382
      vertex 66.71723760664463 -23.944331814348697 28.495819298766932
    endloop
  endfacet
  facet normal 0.8819212671011255 0.47139673167592644 0
    outer loop
      vertex 66.71723760664463 -23.944331814348697 28.495819298766932
      vertex 66.65549916028976 -23.828827303647994 28.35720441845382
      vertex 66.65549916028976 -23.828827303647994 28.495819298766932
    endloop
  endfacet
  facet normal 0 0 1
    outer loop
      vertex 66.42040015012026 -23.985915479063987 28.495819298766932
      vertex 66.71723760664463 -23.944331814348697 28.495819298766932
      vertex 66.65549916028976 -23.828827303647994 28.495819298766932
    endloop
  endfacet
  facet normal 0.9951847272329764 0.09801713463587093 0
    outer loop
      vertex 66.7680931687355 -24.2 28.35720441845382
      vertex 66.75525594502687 -24.06966147273779 28.35720441845382
      vertex 66.7680931687355 -24.2 28.495819298766932
    endloop
  endfacet
  facet normal 0.9951847272329764 0.09801713463587093 0
    outer loop
      vertex 66.7680931687355 -24.2 28.495819298766932
      vertex 66.75525594502687 -24.06966147273779 28.35720441845382
      vertex 66.75525594502687 -24.06966147273779 28.495819298766932
    endloop
  endfacet
  facet normal 0 0 1
    outer loop
      vertex 66.17517651617527 -23.822062258422374 28.495819298766932
      vertex 66.2474639043212 -23.843990397453307 28.495819298766932
      vertex 66.57241322100163 -23.72758678793907 28.495819298766932
    endloop
  endfacet
  facet normal 0 0 1
    outer loop
      vertex 66.2474639043212 -23.843990397453307 28.495819298766932
      vertex 66.65549916028976 -23.828827303647994 28.495819298766932
      vertex 66.57241322100163 -23.72758678793907 28.495819298766932
    endloop
  endfacet
  facet normal 0.7730104710612078 0.6343932625979956 0
    outer loop
      vertex 66.65549916028976 -23.828827303647994 28.35720441845382
      vertex 66.57241322100163 -23.72758678793907 28.35720441845382
      vertex 66.65549916028976 -23.828827303647994 28.495819298766932
    endloop
  endfacet
  facet normal 0.7730104710612078 0.6343932625979956 0
    outer loop
      vertex 66.65549916028976 -23.828827303647994 28.495819298766932
      vertex 66.57241322100163 -23.72758678793907 28.35720441845382
      vertex 66.57241322100163 -23.72758678793907 28.495819298766932
    endloop
  endfacet
  facet normal 0.6343932382151828 0.7730104910716635 0
    outer loop
      vertex 66.57241322100163 -23.72758678793907 28.35720441845382
      vertex 66.47117273509502 -23.644500878453254 28.35720441845382
      vertex 66.57241322100163 -23.72758678793907 28.495819298766932
    endloop
  endfacet
  facet normal 0.4713967545445416 0.8819212548775958 0
    outer loop
      vertex 66.47117273509502 -23.644500878453254 28.495819298766932
      vertex 66.3556681200862 -23.582762372493743 28.35720441845382
      vertex 66.3556681200862 -23.582762372493743 28.495819298766932
    endloop
  endfacet
  facet normal 0.6343932382151828 0.7730104910716635 0
    outer loop
      vertex 66.57241322100163 -23.72758678793907 28.495819298766932
      vertex 66.47117273509502 -23.644500878453254 28.35720441845382
      vertex 66.47117273509502 -23.644500878453254 28.495819298766932
    endloop
  endfacet
  facet normal 0.4713967545445416 0.8819212548775958 0
    outer loop
      vertex 66.47117273509502 -23.644500878453254 28.35720441845382
      vertex 66.3556681200862 -23.582762372493743 28.35720441845382
      vertex 66.47117273509502 -23.644500878453254 28.495819298766932
    endloop
  endfacet
  facet normal -0.6343932624269675 -0.773010471201567 0
    outer loop
      vertex 57.6275220811367 -24.47247793972492 28.495819298766932
      vertex 57.685915410518646 -24.520400103926658 28.495819298766932
      vertex 57.685915410518646 -24.520400103926658 28.581177920604848
    endloop
  endfacet
  facet normal -0.6343932624269675 -0.773010471201567 0
    outer loop
      vertex 57.6275220811367 -24.47247793972492 28.495819298766932
      vertex 57.685915410518646 -24.520400103926658 28.581177920604848
      vertex 57.6275220811367 -24.47247793972492 28.581177920604848
    endloop
  endfacet
  facet normal -0.8819212360298292 -0.4713967898062293 0
    outer loop
      vertex 57.57959984987974 -24.41408452093601 28.495819298766932
      vertex 57.57959984987974 -24.41408452093601 28.581177920604848
      vertex 57.543990418314934 -24.347463969886302 28.495819298766932
    endloop
  endfacet
  facet normal -0.7730105122243958 -0.6343932124404998 0
    outer loop
      vertex 57.6275220811367 -24.47247793972492 28.495819298766932
      vertex 57.6275220811367 -24.47247793972492 28.581177920604848
      vertex 57.57959984987974 -24.41408452093601 28.495819298766932
    endloop
  endfacet
  facet normal -0.7730105122243958 -0.6343932124404998 0
    outer loop
      vertex 57.6275220811367 -24.47247793972492 28.581177920604848
      vertex 57.57959984987974 -24.41408452093601 28.581177920604848
      vertex 57.57959984987974 -24.41408452093601 28.495819298766932
    endloop
  endfacet
  facet normal -0.8819212360298292 -0.4713967898062293 0
    outer loop
      vertex 57.57959984987974 -24.41408452093601 28.581177920604848
      vertex 57.543990418314934 -24.347463969886302 28.581177920604848
      vertex 57.543990418314934 -24.347463969886302 28.495819298766932
    endloop
  endfacet
  facet normal -0.9569403406942707 -0.2902846608967359 0
    outer loop
      vertex 57.543990418314934 -24.347463969886302 28.495819298766932
      vertex 57.543990418314934 -24.347463969886302 28.581177920604848
      vertex 57.52206226438284 -24.275176529586314 28.495819298766932
    endloop
  endfacet
  facet normal -0.9569403406942707 -0.2902846608967359 0
    outer loop
      vertex 57.543990418314934 -24.347463969886302 28.581177920604848
      vertex 57.52206226438284 -24.275176529586314 28.581177920604848
      vertex 57.52206226438284 -24.275176529586314 28.495819298766932
    endloop
  endfacet
  facet normal 0 0 1
    outer loop
      vertex 57.543990418314934 -24.347463969886302 28.581177920604848
      vertex 57.849281668663025 -24.275905308127403 28.581177920604848
      vertex 57.52206226438284 -24.275176529586314 28.581177920604848
    endloop
  endfacet
  facet normal -0.9951847221039457 -0.09801718671178264 0
    outer loop
      vertex 57.52206226438284 -24.275176529586314 28.495819298766932
      vertex 57.52206226438284 -24.275176529586314 28.581177920604848
      vertex 57.51465801894665 -24.2 28.495819298766932
    endloop
  endfacet
  facet normal -0.9951847221039457 -0.09801718671178264 0
    outer loop
      vertex 57.52206226438284 -24.275176529586314 28.581177920604848
      vertex 57.51465801894665 -24.2 28.581177920604848
      vertex 57.51465801894665 -24.2 28.495819298766932
    endloop
  endfacet
  facet normal 0 0 1
    outer loop
      vertex 57.52206226438284 -24.275176529586314 28.581177920604848
      vertex 57.80870944261551 -24.2 28.581177920604848
      vertex 57.51465801894665 -24.2 28.581177920604848
    endloop
  endfacet
  facet normal -0.29028467204458613 -0.9569403373126074 0
    outer loop
      vertex 57.752536095678806 -24.55600960254669 28.495819298766932
      vertex 57.82482348382473 -24.577937741577625 28.581177920604848
      vertex 57.752536095678806 -24.55600960254669 28.581177920604848
    endloop
  endfacet
  facet normal -0.29028467204458613 -0.9569403373126074 0
    outer loop
      vertex 57.752536095678806 -24.55600960254669 28.495819298766932
      vertex 57.82482348382473 -24.577937741577625 28.495819298766932
      vertex 57.82482348382473 -24.577937741577625 28.581177920604848
    endloop
  endfacet
  facet normal -0.09801716900899073 -0.9951847238475191 0
    outer loop
      vertex 57.82482348382473 -24.577937741577625 28.495819298766932
      vertex 57.97405215352774 -24.592635487020015 28.581177920604848
      vertex 57.82482348382473 -24.577937741577625 28.581177920604848
    endloop
  endfacet
  facet normal -0.09801716900899073 -0.9951847238475191 0
    outer loop
      vertex 57.82482348382473 -24.577937741577625 28.495819298766932
      vertex 57.97405215352774 -24.592635487020015 28.495819298766932
      vertex 57.97405215352774 -24.592635487020015 28.581177920604848
    endloop
  endfacet
  facet normal -0.47139674215181093 -0.8819212615016486 0
    outer loop
      vertex 57.752536095678806 -24.55600960254669 28.495819298766932
      vertex 57.752536095678806 -24.55600960254669 28.581177920604848
      vertex 57.685915410518646 -24.520400103926658 28.495819298766932
    endloop
  endfacet
  facet normal -0.47139674215181093 -0.8819212615016486 0
    outer loop
      vertex 57.752536095678806 -24.55600960254669 28.581177920604848
      vertex 57.685915410518646 -24.520400103926658 28.581177920604848
      vertex 57.685915410518646 -24.520400103926658 28.495819298766932
    endloop
  endfacet
  facet normal 0 0 1
    outer loop
      vertex 57.543990418314934 -24.347463969886302 28.581177920604848
      vertex 57.882190093398094 -24.289536435902118 28.581177920604848
      vertex 57.86506466567516 -24.28434149622917 28.581177920604848
    endloop
  endfacet
  facet normal 0 0 1
    outer loop
      vertex 57.543990418314934 -24.347463969886302 28.581177920604848
      vertex 57.86506466567516 -24.28434149622917 28.581177920604848
      vertex 57.849281668663025 -24.275905308127403 28.581177920604848
    endloop
  endfacet
  facet normal 0 0 1
    outer loop
      vertex 57.543990418314934 -24.347463969886302 28.581177920604848
      vertex 57.98842839896679 -24.300000001490115 28.581177920604848
      vertex 57.882190093398094 -24.289536435902118 28.581177920604848
    endloop
  endfacet
  facet normal 0 0 1
    outer loop
      vertex 57.52206226438284 -24.275176529586314 28.581177920604848
      vertex 57.849281668663025 -24.275905308127403 28.581177920604848
      vertex 57.83544781804085 -24.264552158117294 28.581177920604848
    endloop
  endfacet
  facet normal 0 0 1
    outer loop
      vertex 57.52206226438284 -24.275176529586314 28.581177920604848
      vertex 57.83544781804085 -24.264552158117294 28.581177920604848
      vertex 57.82409466803074 -24.250718307495116 28.581177920604848
    endloop
  endfacet
  facet normal 0 0 1
    outer loop
      vertex 57.52206226438284 -24.275176529586314 28.581177920604848
      vertex 57.82409466803074 -24.250718307495116 28.581177920604848
      vertex 57.81565850973129 -24.234935370087623 28.581177920604848
    endloop
  endfacet
  facet normal 0 0 1
    outer loop
      vertex 57.52206226438284 -24.275176529586314 28.581177920604848
      vertex 57.81565850973129 -24.234935370087623 28.581177920604848
      vertex 57.810463570058346 -24.217809942364692 28.581177920604848
    endloop
  endfacet
  facet normal 0 0 1
    outer loop
      vertex 57.52206226438284 -24.275176529586314 28.581177920604848
      vertex 57.810463570058346 -24.217809942364692 28.581177920604848
      vertex 57.80870944261551 -24.2 28.581177920604848
    endloop
  endfacet
  facet normal 0 0 1
    outer loop
      vertex 57.752536095678806 -24.55600960254669 28.581177920604848
      vertex 57.82482348382473 -24.577937741577625 28.581177920604848
      vertex 66.2474639043212 -24.55600960254669 28.581177920604848
    endloop
  endfacet
  facet normal 0 -1 0
    outer loop
      vertex 57.97405215352774 -24.592635487020015 28.495819298766932
      vertex 66.02594784647226 -24.592635487020015 28.581177920604848
      vertex 57.97405215352774 -24.592635487020015 28.581177920604848
    endloop
  endfacet
  facet normal 0 0 1
    outer loop
      vertex 57.82482348382473 -24.577937741577625 28.581177920604848
      vertex 57.97405215352774 -24.592635487020015 28.581177920604848
      vertex 66.17517651617527 -24.577937741577625 28.581177920604848
    endloop
  endfacet
  facet normal 0 0 1
    outer loop
      vertex 57.752536095678806 -24.55600960254669 28.581177920604848
      vertex 66.31408458948135 -24.520400103926658 28.581177920604848
      vertex 57.685915410518646 -24.520400103926658 28.581177920604848
    endloop
  endfacet
  facet normal 0 0 1
    outer loop
      vertex 57.6275220811367 -24.47247793972492 28.581177920604848
      vertex 57.685915410518646 -24.520400103926658 28.581177920604848
      vertex 66.3724779188633 -24.47247793972492 28.581177920604848
    endloop
  endfacet
  facet normal 0 0 1
    outer loop
      vertex 57.6275220811367 -24.47247793972492 28.581177920604848
      vertex 66.42040015012026 -24.41408452093601 28.581177920604848
      vertex 57.57959984987974 -24.41408452093601 28.581177920604848
    endloop
  endfacet
  facet normal 0 0 1
    outer loop
      vertex 57.57959984987974 -24.41408452093601 28.581177920604848
      vertex 66.45600958168507 -24.347463969886302 28.581177920604848
      vertex 57.543990418314934 -24.347463969886302 28.581177920604848
    endloop
  endfacet
  facet normal 0 0 1
    outer loop
      vertex 57.543990418314934 -24.347463969886302 28.581177920604848
      vertex 66.01157160103321 -24.300000001490115 28.581177920604848
      vertex 57.98842839896679 -24.300000001490115 28.581177920604848
    endloop
  endfacet
  facet normal -0.9951847221039457 0.09801718671178264 0
    outer loop
      vertex 57.51465801894665 -24.2 28.495819298766932
      vertex 57.51465801894665 -24.2 28.581177920604848
      vertex 57.52206226438284 -24.124823470413684 28.495819298766932
    endloop
  endfacet
  facet normal -0.9951847221039457 0.09801718671178264 0
    outer loop
      vertex 57.51465801894665 -24.2 28.581177920604848
      vertex 57.52206226438284 -24.124823470413684 28.581177920604848
      vertex 57.52206226438284 -24.124823470413684 28.495819298766932
    endloop
  endfacet
  facet normal 0 0 1
    outer loop
      vertex 57.51465801894665 -24.2 28.581177920604848
      vertex 57.80870944261551 -24.2 28.581177920604848
      vertex 57.52206226438284 -24.124823470413684 28.581177920604848
    endloop
  endfacet
  facet normal -0.9569403406942707 0.2902846608967359 0
    outer loop
      vertex 57.52206226438284 -24.124823470413684 28.495819298766932
      vertex 57.52206226438284 -24.124823470413684 28.581177920604848
      vertex 57.543990418314934 -24.052536030113696 28.495819298766932
    endloop
  endfacet
  facet normal -0.9569403406942707 0.2902846608967359 0
    outer loop
      vertex 57.52206226438284 -24.124823470413684 28.581177920604848
      vertex 57.543990418314934 -24.052536030113696 28.581177920604848
      vertex 57.543990418314934 -24.052536030113696 28.495819298766932
    endloop
  endfacet
  facet normal -0.8819212360298292 0.4713967898062293 0
    outer loop
      vertex 57.543990418314934 -24.052536030113696 28.495819298766932
      vertex 57.543990418314934 -24.052536030113696 28.581177920604848
      vertex 57.57959984987974 -23.985915479063987 28.495819298766932
    endloop
  endfacet
  facet normal 0 0 1
    outer loop
      vertex 57.52206226438284 -24.124823470413684 28.581177920604848
      vertex 57.849281668663025 -24.124094691872596 28.581177920604848
      vertex 57.543990418314934 -24.052536030113696 28.581177920604848
    endloop
  endfacet
  facet normal -0.8819212360298292 0.4713967898062293 0
    outer loop
      vertex 57.543990418314934 -24.052536030113696 28.581177920604848
      vertex 57.57959984987974 -23.985915479063987 28.581177920604848
      vertex 57.57959984987974 -23.985915479063987 28.495819298766932
    endloop
  endfacet
  facet normal -0.7730105122243958 0.6343932124404998 0
    outer loop
      vertex 57.57959984987974 -23.985915479063987 28.495819298766932
      vertex 57.57959984987974 -23.985915479063987 28.581177920604848
      vertex 57.6275220811367 -23.927522060275077 28.495819298766932
    endloop
  endfacet
  facet normal -0.7730105122243958 0.6343932124404998 0
    outer loop
      vertex 57.57959984987974 -23.985915479063987 28.581177920604848
      vertex 57.6275220811367 -23.927522060275077 28.581177920604848
      vertex 57.6275220811367 -23.927522060275077 28.495819298766932
    endloop
  endfacet
  facet normal -0.6343932624269675 0.773010471201567 0
    outer loop
      vertex 57.6275220811367 -23.927522060275077 28.495819298766932
      vertex 57.6275220811367 -23.927522060275077 28.581177920604848
      vertex 57.685915410518646 -23.87959989607334 28.495819298766932
    endloop
  endfacet
  facet normal -0.6343932624269675 0.773010471201567 0
    outer loop
      vertex 57.6275220811367 -23.927522060275077 28.581177920604848
      vertex 57.685915410518646 -23.87959989607334 28.581177920604848
      vertex 57.685915410518646 -23.87959989607334 28.495819298766932
    endloop
  endfacet
  facet normal 0 0 1
    outer loop
      vertex 57.52206226438284 -24.124823470413684 28.581177920604848
      vertex 57.80870944261551 -24.2 28.581177920604848
      vertex 57.810463570058346 -24.182190057635307 28.581177920604848
    endloop
  endfacet
  facet normal 0 0 1
    outer loop
      vertex 57.52206226438284 -24.124823470413684 28.581177920604848
      vertex 57.810463570058346 -24.182190057635307 28.581177920604848
      vertex 57.81565850973129 -24.165064629912376 28.581177920604848
    endloop
  endfacet
  facet normal 0 0 1
    outer loop
      vertex 57.52206226438284 -24.124823470413684 28.581177920604848
      vertex 57.81565850973129 -24.165064629912376 28.581177920604848
      vertex 57.82409466803074 -24.149281692504882 28.581177920604848
    endloop
  endfacet
  facet normal 0 0 1
    outer loop
      vertex 57.52206226438284 -24.124823470413684 28.581177920604848
      vertex 57.82409466803074 -24.149281692504882 28.581177920604848
      vertex 57.83544781804085 -24.135447841882705 28.581177920604848
    endloop
  endfacet
  facet normal 0 0 1
    outer loop
      vertex 57.52206226438284 -24.124823470413684 28.581177920604848
      vertex 57.83544781804085 -24.135447841882705 28.581177920604848
      vertex 57.849281668663025 -24.124094691872596 28.581177920604848
    endloop
  endfacet
  facet normal 0 0 1
    outer loop
      vertex 57.543990418314934 -24.052536030113696 28.581177920604848
      vertex 57.849281668663025 -24.124094691872596 28.581177920604848
      vertex 57.86506466567516 -24.115658503770828 28.581177920604848
    endloop
  endfacet
  facet normal 0 0 1
    outer loop
      vertex 57.543990418314934 -24.052536030113696 28.581177920604848
      vertex 57.86506466567516 -24.115658503770828 28.581177920604848
      vertex 57.882190093398094 -24.11046356409788 28.581177920604848
    endloop
  endfacet
  facet normal 0 0 1
    outer loop
      vertex 57.543990418314934 -24.052536030113696 28.581177920604848
      vertex 57.882190093398094 -24.11046356409788 28.581177920604848
      vertex 57.98842839896679 -24.099999998509883 28.581177920604848
    endloop
  endfacet
  facet normal -0.47139674215181093 0.8819212615016486 0
    outer loop
      vertex 57.685915410518646 -23.87959989607334 28.495819298766932
      vertex 57.685915410518646 -23.87959989607334 28.581177920604848
      vertex 57.752536095678806 -23.843990397453307 28.495819298766932
    endloop
  endfacet
  facet normal -0.47139674215181093 0.8819212615016486 0
    outer loop
      vertex 57.685915410518646 -23.87959989607334 28.581177920604848
      vertex 57.752536095678806 -23.843990397453307 28.581177920604848
      vertex 57.752536095678806 -23.843990397453307 28.495819298766932
    endloop
  endfacet
  facet normal -0.29028467204458613 0.9569403373126074 0
    outer loop
      vertex 57.752536095678806 -23.843990397453307 28.495819298766932
      vertex 57.752536095678806 -23.843990397453307 28.581177920604848
      vertex 57.82482348382473 -23.822062258422374 28.495819298766932
    endloop
  endfacet
  facet normal -0.09801716900899073 0.9951847238475191 0
    outer loop
      vertex 57.82482348382473 -23.822062258422374 28.495819298766932
      vertex 57.82482348382473 -23.822062258422374 28.581177920604848
      vertex 57.97405215352774 -23.807364512979984 28.495819298766932
    endloop
  endfacet
  facet normal -0.29028467204458613 0.9569403373126074 0
    outer loop
      vertex 57.752536095678806 -23.843990397453307 28.581177920604848
      vertex 57.82482348382473 -23.822062258422374 28.581177920604848
      vertex 57.82482348382473 -23.822062258422374 28.495819298766932
    endloop
  endfacet
  facet normal -0.09801716900899073 0.9951847238475191 0
    outer loop
      vertex 57.82482348382473 -23.822062258422374 28.581177920604848
      vertex 57.97405215352774 -23.807364512979984 28.581177920604848
      vertex 57.97405215352774 -23.807364512979984 28.495819298766932
    endloop
  endfacet
  facet normal 0 0 1
    outer loop
      vertex 57.543990418314934 -24.052536030113696 28.581177920604848
      vertex 57.98842839896679 -24.099999998509883 28.581177920604848
      vertex 66.45600958168507 -24.052536030113696 28.581177920604848
    endloop
  endfacet
  facet normal 0 0 1
    outer loop
      vertex 57.543990418314934 -24.052536030113696 28.581177920604848
      vertex 66.42040015012026 -23.985915479063987 28.581177920604848
      vertex 57.57959984987974 -23.985915479063987 28.581177920604848
    endloop
  endfacet
  facet normal 0 0 1
    outer loop
      vertex 57.57959984987974 -23.985915479063987 28.581177920604848
      vertex 66.3724779188633 -23.927522060275077 28.581177920604848
      vertex 57.6275220811367 -23.927522060275077 28.581177920604848
    endloop
  endfacet
  facet normal 0 0 1
    outer loop
      vertex 57.6275220811367 -23.927522060275077 28.581177920604848
      vertex 66.31408458948135 -23.87959989607334 28.581177920604848
      vertex 57.685915410518646 -23.87959989607334 28.581177920604848
    endloop
  endfacet
  facet normal 0 0 1
    outer loop
      vertex 57.685915410518646 -23.87959989607334 28.581177920604848
      vertex 66.2474639043212 -23.843990397453307 28.581177920604848
      vertex 57.752536095678806 -23.843990397453307 28.581177920604848
    endloop
  endfacet
  facet normal 0 0 1
    outer loop
      vertex 57.752536095678806 -23.843990397453307 28.581177920604848
      vertex 66.17517651617527 -23.822062258422374 28.581177920604848
      vertex 57.82482348382473 -23.822062258422374 28.581177920604848
    endloop
  endfacet
  facet normal 0 1 0
    outer loop
      vertex 57.97405215352774 -23.807364512979984 28.495819298766932
      vertex 57.97405215352774 -23.807364512979984 28.581177920604848
      vertex 66.02594784647226 -23.807364512979984 28.495819298766932
    endloop
  endfacet
  facet normal 0 0 1
    outer loop
      vertex 57.82482348382473 -23.822062258422374 28.581177920604848
      vertex 66.02594784647226 -23.807364512979984 28.581177920604848
      vertex 57.97405215352774 -23.807364512979984 28.581177920604848
    endloop
  endfacet
  facet normal 0 -1 0
    outer loop
      vertex 57.97405215352774 -24.592635487020015 28.495819298766932
      vertex 66.02594784647226 -24.592635487020015 28.495819298766932
      vertex 66.02594784647226 -24.592635487020015 28.581177920604848
    endloop
  endfacet
  facet normal 0 0 1
    outer loop
      vertex 57.97405215352774 -24.592635487020015 28.581177920604848
      vertex 66.02594784647226 -24.592635487020015 28.581177920604848
      vertex 66.17517651617527 -24.577937741577625 28.581177920604848
    endloop
  endfacet
  facet normal 0 0 1
    outer loop
      vertex 57.82482348382473 -24.577937741577625 28.581177920604848
      vertex 66.17517651617527 -24.577937741577625 28.581177920604848
      vertex 66.2474639043212 -24.55600960254669 28.581177920604848
    endloop
  endfacet
  facet normal 0 0 1
    outer loop
      vertex 57.752536095678806 -24.55600960254669 28.581177920604848
      vertex 66.2474639043212 -24.55600960254669 28.581177920604848
      vertex 66.31408458948135 -24.520400103926658 28.581177920604848
    endloop
  endfacet
  facet normal 0 0 1
    outer loop
      vertex 57.685915410518646 -24.520400103926658 28.581177920604848
      vertex 66.31408458948135 -24.520400103926658 28.581177920604848
      vertex 66.3724779188633 -24.47247793972492 28.581177920604848
    endloop
  endfacet
  facet normal 0 0 1
    outer loop
      vertex 57.6275220811367 -24.47247793972492 28.581177920604848
      vertex 66.3724779188633 -24.47247793972492 28.581177920604848
      vertex 66.42040015012026 -24.41408452093601 28.581177920604848
    endloop
  endfacet
  facet normal 0 0 1
    outer loop
      vertex 57.57959984987974 -24.41408452093601 28.581177920604848
      vertex 66.42040015012026 -24.41408452093601 28.581177920604848
      vertex 66.45600958168507 -24.347463969886302 28.581177920604848
    endloop
  endfacet
  facet normal 0 0 1
    outer loop
      vertex 57.543990418314934 -24.347463969886302 28.581177920604848
      vertex 66.45600958168507 -24.347463969886302 28.581177920604848
      vertex 66.01157160103321 -24.300000001490115 28.581177920604848
    endloop
  endfacet
  facet normal 0.09801716900899073 -0.9951847238475191 0
    outer loop
      vertex 66.02594784647226 -24.592635487020015 28.495819298766932
      vertex 66.17517651617527 -24.577937741577625 28.581177920604848
      vertex 66.02594784647226 -24.592635487020015 28.581177920604848
    endloop
  endfacet
  facet normal 0.09801716900899073 -0.9951847238475191 0
    outer loop
      vertex 66.02594784647226 -24.592635487020015 28.495819298766932
      vertex 66.17517651617527 -24.577937741577625 28.495819298766932
      vertex 66.17517651617527 -24.577937741577625 28.581177920604848
    endloop
  endfacet
  facet normal 0.29028467204458613 -0.9569403373126074 0
    outer loop
      vertex 66.17517651617527 -24.577937741577625 28.495819298766932
      vertex 66.2474639043212 -24.55600960254669 28.581177920604848
      vertex 66.17517651617527 -24.577937741577625 28.581177920604848
    endloop
  endfacet
  facet normal 0.29028467204458613 -0.9569403373126074 0
    outer loop
      vertex 66.17517651617527 -24.577937741577625 28.495819298766932
      vertex 66.2474639043212 -24.55600960254669 28.495819298766932
      vertex 66.2474639043212 -24.55600960254669 28.581177920604848
    endloop
  endfacet
  facet normal 0.47139674215181093 -0.8819212615016486 0
    outer loop
      vertex 66.2474639043212 -24.55600960254669 28.495819298766932
      vertex 66.31408458948135 -24.520400103926658 28.495819298766932
      vertex 66.31408458948135 -24.520400103926658 28.581177920604848
    endloop
  endfacet
  facet normal 0.47139674215181093 -0.8819212615016486 0
    outer loop
      vertex 66.2474639043212 -24.55600960254669 28.495819298766932
      vertex 66.31408458948135 -24.520400103926658 28.581177920604848
      vertex 66.2474639043212 -24.55600960254669 28.581177920604848
    endloop
  endfacet
  facet normal 0 0 1
    outer loop
      vertex 66.01157160103321 -24.300000001490115 28.581177920604848
      vertex 66.45600958168507 -24.347463969886302 28.581177920604848
      vertex 66.1178099066019 -24.289536435902118 28.581177920604848
    endloop
  endfacet
  facet normal 0 0 1
    outer loop
      vertex 66.1178099066019 -24.289536435902118 28.581177920604848
      vertex 66.45600958168507 -24.347463969886302 28.581177920604848
      vertex 66.13493533432484 -24.28434149622917 28.581177920604848
    endloop
  endfacet
  facet normal 0 0 1
    outer loop
      vertex 66.13493533432484 -24.28434149622917 28.581177920604848
      vertex 66.45600958168507 -24.347463969886302 28.581177920604848
      vertex 66.15071833133698 -24.275905308127403 28.581177920604848
    endloop
  endfacet
  facet normal 0 0 1
    outer loop
      vertex 66.15071833133698 -24.275905308127403 28.581177920604848
      vertex 66.47793773561716 -24.275176529586314 28.581177920604848
      vertex 66.16455218195915 -24.264552158117294 28.581177920604848
    endloop
  endfacet
  facet normal 0 0 1
    outer loop
      vertex 66.16455218195915 -24.264552158117294 28.581177920604848
      vertex 66.47793773561716 -24.275176529586314 28.581177920604848
      vertex 66.17590533196926 -24.250718307495116 28.581177920604848
    endloop
  endfacet
  facet normal 0 0 1
    outer loop
      vertex 66.17590533196926 -24.250718307495116 28.581177920604848
      vertex 66.47793773561716 -24.275176529586314 28.581177920604848
      vertex 66.18434149026871 -24.234935370087623 28.581177920604848
    endloop
  endfacet
  facet normal 0 0 1
    outer loop
      vertex 66.18434149026871 -24.234935370087623 28.581177920604848
      vertex 66.47793773561716 -24.275176529586314 28.581177920604848
      vertex 66.18953642994165 -24.217809942364692 28.581177920604848
    endloop
  endfacet
  facet normal 0 0 1
    outer loop
      vertex 66.18953642994165 -24.217809942364692 28.581177920604848
      vertex 66.47793773561716 -24.275176529586314 28.581177920604848
      vertex 66.19129055738449 -24.2 28.581177920604848
    endloop
  endfacet
  facet normal 0.6343932624269675 -0.773010471201567 0
    outer loop
      vertex 66.31408458948135 -24.520400103926658 28.495819298766932
      vertex 66.3724779188633 -24.47247793972492 28.495819298766932
      vertex 66.3724779188633 -24.47247793972492 28.581177920604848
    endloop
  endfacet
  facet normal 0.6343932624269675 -0.773010471201567 0
    outer loop
      vertex 66.31408458948135 -24.520400103926658 28.495819298766932
      vertex 66.3724779188633 -24.47247793972492 28.581177920604848
      vertex 66.31408458948135 -24.520400103926658 28.581177920604848
    endloop
  endfacet
  facet normal 0.7730105122243958 -0.6343932124404998 0
    outer loop
      vertex 66.3724779188633 -24.47247793972492 28.495819298766932
      vertex 66.42040015012026 -24.41408452093601 28.495819298766932
      vertex 66.42040015012026 -24.41408452093601 28.581177920604848
    endloop
  endfacet
  facet normal 0.7730105122243958 -0.6343932124404998 0
    outer loop
      vertex 66.3724779188633 -24.47247793972492 28.495819298766932
      vertex 66.42040015012026 -24.41408452093601 28.581177920604848
      vertex 66.3724779188633 -24.47247793972492 28.581177920604848
    endloop
  endfacet
  facet normal 0.8819212360298292 -0.4713967898062293 0
    outer loop
      vertex 66.42040015012026 -24.41408452093601 28.495819298766932
      vertex 66.45600958168507 -24.347463969886302 28.581177920604848
      vertex 66.42040015012026 -24.41408452093601 28.581177920604848
    endloop
  endfacet
  facet normal 0 0 1
    outer loop
      vertex 66.15071833133698 -24.275905308127403 28.581177920604848
      vertex 66.45600958168507 -24.347463969886302 28.581177920604848
      vertex 66.47793773561716 -24.275176529586314 28.581177920604848
    endloop
  endfacet
  facet normal 0.8819212360298292 -0.4713967898062293 0
    outer loop
      vertex 66.42040015012026 -24.41408452093601 28.495819298766932
      vertex 66.45600958168507 -24.347463969886302 28.495819298766932
      vertex 66.45600958168507 -24.347463969886302 28.581177920604848
    endloop
  endfacet
  facet normal 0.9569403406942707 -0.2902846608967359 0
    outer loop
      vertex 66.45600958168507 -24.347463969886302 28.495819298766932
      vertex 66.47793773561716 -24.275176529586314 28.495819298766932
      vertex 66.47793773561716 -24.275176529586314 28.581177920604848
    endloop
  endfacet
  facet normal 0.9569403406942707 -0.2902846608967359 0
    outer loop
      vertex 66.45600958168507 -24.347463969886302 28.495819298766932
      vertex 66.47793773561716 -24.275176529586314 28.581177920604848
      vertex 66.45600958168507 -24.347463969886302 28.581177920604848
    endloop
  endfacet
  facet normal 0 0 1
    outer loop
      vertex 66.47793773561716 -24.275176529586314 28.581177920604848
      vertex 66.48534198105335 -24.2 28.581177920604848
      vertex 66.19129055738449 -24.2 28.581177920604848
    endloop
  endfacet
  facet normal 0.9951847221039457 -0.09801718671178264 0
    outer loop
      vertex 66.47793773561716 -24.275176529586314 28.495819298766932
      vertex 66.48534198105335 -24.2 28.581177920604848
      vertex 66.47793773561716 -24.275176529586314 28.581177920604848
    endloop
  endfacet
  facet normal 0.9951847221039457 -0.09801718671178264 0
    outer loop
      vertex 66.47793773561716 -24.275176529586314 28.495819298766932
      vertex 66.48534198105335 -24.2 28.495819298766932
      vertex 66.48534198105335 -24.2 28.581177920604848
    endloop
  endfacet
  facet normal 0 0 1
    outer loop
      vertex 57.98842839896679 -24.099999998509883 28.581177920604848
      vertex 66.01157160103321 -24.099999998509883 28.581177920604848
      vertex 66.45600958168507 -24.052536030113696 28.581177920604848
    endloop
  endfacet
  facet normal 0 0 1
    outer loop
      vertex 57.543990418314934 -24.052536030113696 28.581177920604848
      vertex 66.45600958168507 -24.052536030113696 28.581177920604848
      vertex 66.42040015012026 -23.985915479063987 28.581177920604848
    endloop
  endfacet
  facet normal 0 0 1
    outer loop
      vertex 57.57959984987974 -23.985915479063987 28.581177920604848
      vertex 66.42040015012026 -23.985915479063987 28.581177920604848
      vertex 66.3724779188633 -23.927522060275077 28.581177920604848
    endloop
  endfacet
  facet normal 0 0 1
    outer loop
      vertex 57.6275220811367 -23.927522060275077 28.581177920604848
      vertex 66.3724779188633 -23.927522060275077 28.581177920604848
      vertex 66.31408458948135 -23.87959989607334 28.581177920604848
    endloop
  endfacet
  facet normal 0 0 1
    outer loop
      vertex 57.685915410518646 -23.87959989607334 28.581177920604848
      vertex 66.31408458948135 -23.87959989607334 28.581177920604848
      vertex 66.2474639043212 -23.843990397453307 28.581177920604848
    endloop
  endfacet
  facet normal 0 1 0
    outer loop
      vertex 57.97405215352774 -23.807364512979984 28.581177920604848
      vertex 66.02594784647226 -23.807364512979984 28.581177920604848
      vertex 66.02594784647226 -23.807364512979984 28.495819298766932
    endloop
  endfacet
  facet normal 0 0 1
    outer loop
      vertex 57.82482348382473 -23.822062258422374 28.581177920604848
      vertex 66.17517651617527 -23.822062258422374 28.581177920604848
      vertex 66.02594784647226 -23.807364512979984 28.581177920604848
    endloop
  endfacet
  facet normal 0 0 1
    outer loop
      vertex 57.752536095678806 -23.843990397453307 28.581177920604848
      vertex 66.2474639043212 -23.843990397453307 28.581177920604848
      vertex 66.17517651617527 -23.822062258422374 28.581177920604848
    endloop
  endfacet
  facet normal 0 0 1
    outer loop
      vertex 66.19129055738449 -24.2 28.581177920604848
      vertex 66.47793773561716 -24.124823470413684 28.581177920604848
      vertex 66.18953642994165 -24.182190057635307 28.581177920604848
    endloop
  endfacet
  facet normal 0 0 1
    outer loop
      vertex 66.18953642994165 -24.182190057635307 28.581177920604848
      vertex 66.47793773561716 -24.124823470413684 28.581177920604848
      vertex 66.18434149026871 -24.165064629912376 28.581177920604848
    endloop
  endfacet
  facet normal 0 0 1
    outer loop
      vertex 66.18434149026871 -24.165064629912376 28.581177920604848
      vertex 66.47793773561716 -24.124823470413684 28.581177920604848
      vertex 66.17590533196926 -24.149281692504882 28.581177920604848
    endloop
  endfacet
  facet normal 0 0 1
    outer loop
      vertex 66.17590533196926 -24.149281692504882 28.581177920604848
      vertex 66.47793773561716 -24.124823470413684 28.581177920604848
      vertex 66.16455218195915 -24.135447841882705 28.581177920604848
    endloop
  endfacet
  facet normal 0 0 1
    outer loop
      vertex 66.15071833133698 -24.124094691872596 28.581177920604848
      vertex 66.16455218195915 -24.135447841882705 28.581177920604848
      vertex 66.47793773561716 -24.124823470413684 28.581177920604848
    endloop
  endfacet
  facet normal 0 0 1
    outer loop
      vertex 66.01157160103321 -24.099999998509883 28.581177920604848
      vertex 66.1178099066019 -24.11046356409788 28.581177920604848
      vertex 66.45600958168507 -24.052536030113696 28.581177920604848
    endloop
  endfacet
  facet normal 0 0 1
    outer loop
      vertex 66.15071833133698 -24.124094691872596 28.581177920604848
      vertex 66.45600958168507 -24.052536030113696 28.581177920604848
      vertex 66.13493533432484 -24.115658503770828 28.581177920604848
    endloop
  endfacet
  facet normal 0 0 1
    outer loop
      vertex 66.13493533432484 -24.115658503770828 28.581177920604848
      vertex 66.45600958168507 -24.052536030113696 28.581177920604848
      vertex 66.1178099066019 -24.11046356409788 28.581177920604848
    endloop
  endfacet
  facet normal 0.47139674215181093 0.8819212615016486 0
    outer loop
      vertex 66.31408458948135 -23.87959989607334 28.495819298766932
      vertex 66.2474639043212 -23.843990397453307 28.495819298766932
      vertex 66.2474639043212 -23.843990397453307 28.581177920604848
    endloop
  endfacet
  facet normal 0.47139674215181093 0.8819212615016486 0
    outer loop
      vertex 66.31408458948135 -23.87959989607334 28.495819298766932
      vertex 66.2474639043212 -23.843990397453307 28.581177920604848
      vertex 66.31408458948135 -23.87959989607334 28.581177920604848
    endloop
  endfacet
  facet normal 0.09801716900899073 0.9951847238475191 0
    outer loop
      vertex 66.02594784647226 -23.807364512979984 28.495819298766932
      vertex 66.02594784647226 -23.807364512979984 28.581177920604848
      vertex 66.17517651617527 -23.822062258422374 28.495819298766932
    endloop
  endfacet
  facet normal 0.29028467204458613 0.9569403373126074 0
    outer loop
      vertex 66.17517651617527 -23.822062258422374 28.495819298766932
      vertex 66.17517651617527 -23.822062258422374 28.581177920604848
      vertex 66.2474639043212 -23.843990397453307 28.495819298766932
    endloop
  endfacet
  facet normal 0.09801716900899073 0.9951847238475191 0
    outer loop
      vertex 66.02594784647226 -23.807364512979984 28.581177920604848
      vertex 66.17517651617527 -23.822062258422374 28.581177920604848
      vertex 66.17517651617527 -23.822062258422374 28.495819298766932
    endloop
  endfacet
  facet normal 0.29028467204458613 0.9569403373126074 0
    outer loop
      vertex 66.17517651617527 -23.822062258422374 28.581177920604848
      vertex 66.2474639043212 -23.843990397453307 28.581177920604848
      vertex 66.2474639043212 -23.843990397453307 28.495819298766932
    endloop
  endfacet
  facet normal 0 0 1
    outer loop
      vertex 66.19129055738449 -24.2 28.581177920604848
      vertex 66.48534198105335 -24.2 28.581177920604848
      vertex 66.47793773561716 -24.124823470413684 28.581177920604848
    endloop
  endfacet
  facet normal 0.9951847221039457 0.09801718671178264 0
    outer loop
      vertex 66.48534198105335 -24.2 28.495819298766932
      vertex 66.47793773561716 -24.124823470413684 28.581177920604848
      vertex 66.48534198105335 -24.2 28.581177920604848
    endloop
  endfacet
  facet normal 0.9951847221039457 0.09801718671178264 0
    outer loop
      vertex 66.48534198105335 -24.2 28.495819298766932
      vertex 66.47793773561716 -24.124823470413684 28.495819298766932
      vertex 66.47793773561716 -24.124823470413684 28.581177920604848
    endloop
  endfacet
  facet normal 0 0 1
    outer loop
      vertex 66.15071833133698 -24.124094691872596 28.581177920604848
      vertex 66.47793773561716 -24.124823470413684 28.581177920604848
      vertex 66.45600958168507 -24.052536030113696 28.581177920604848
    endloop
  endfacet
  facet normal 0.9569403406942707 0.2902846608967359 0
    outer loop
      vertex 66.47793773561716 -24.124823470413684 28.495819298766932
      vertex 66.45600958168507 -24.052536030113696 28.495819298766932
      vertex 66.45600958168507 -24.052536030113696 28.581177920604848
    endloop
  endfacet
  facet normal 0.9569403406942707 0.2902846608967359 0
    outer loop
      vertex 66.47793773561716 -24.124823470413684 28.495819298766932
      vertex 66.45600958168507 -24.052536030113696 28.581177920604848
      vertex 66.47793773561716 -24.124823470413684 28.581177920604848
    endloop
  endfacet
  facet normal 0.8819212360298292 0.4713967898062293 0
    outer loop
      vertex 66.45600958168507 -24.052536030113696 28.495819298766932
      vertex 66.42040015012026 -23.985915479063987 28.581177920604848
      vertex 66.45600958168507 -24.052536030113696 28.581177920604848
    endloop
  endfacet
  facet normal 0.7730105122243958 0.6343932124404998 0
    outer loop
      vertex 66.42040015012026 -23.985915479063987 28.495819298766932
      vertex 66.3724779188633 -23.927522060275077 28.495819298766932
      vertex 66.3724779188633 -23.927522060275077 28.581177920604848
    endloop
  endfacet
  facet normal 0.7730105122243958 0.6343932124404998 0
    outer loop
      vertex 66.42040015012026 -23.985915479063987 28.495819298766932
      vertex 66.3724779188633 -23.927522060275077 28.581177920604848
      vertex 66.42040015012026 -23.985915479063987 28.581177920604848
    endloop
  endfacet
  facet normal 0.8819212360298292 0.4713967898062293 0
    outer loop
      vertex 66.45600958168507 -24.052536030113696 28.495819298766932
      vertex 66.42040015012026 -23.985915479063987 28.495819298766932
      vertex 66.42040015012026 -23.985915479063987 28.581177920604848
    endloop
  endfacet
  facet normal 0.6343932624269675 0.773010471201567 0
    outer loop
      vertex 66.31408458948135 -23.87959989607334 28.495819298766932
      vertex 66.31408458948135 -23.87959989607334 28.581177920604848
      vertex 66.3724779188633 -23.927522060275077 28.495819298766932
    endloop
  endfacet
  facet normal 0.6343932624269675 0.773010471201567 0
    outer loop
      vertex 66.31408458948135 -23.87959989607334 28.581177920604848
      vertex 66.3724779188633 -23.927522060275077 28.581177920604848
      vertex 66.3724779188633 -23.927522060275077 28.495819298766932
    endloop
  endfacet
  facet normal -0.2902845732692998 -0.9569403672757568 0
    outer loop
      vertex 57.882190093398094 -24.289536435902118 28.581177920604848
      vertex 57.882190093398094 -24.289536435902118 28.61
      vertex 57.86506466567516 -24.28434149622917 28.61
    endloop
  endfacet
  facet normal -0.6343933579214464 -0.7730103928312684 0
    outer loop
      vertex 57.83544781804085 -24.264552158117294 28.581177920604848
      vertex 57.849281668663025 -24.275905308127403 28.581177920604848
      vertex 57.83544781804085 -24.264552158117294 28.61
    endloop
  endfacet
  facet normal -0.6343933579214464 -0.7730103928312684 0
    outer loop
      vertex 57.83544781804085 -24.264552158117294 28.61
      vertex 57.849281668663025 -24.275905308127403 28.581177920604848
      vertex 57.849281668663025 -24.275905308127403 28.61
    endloop
  endfacet
  facet normal -0.7730103928312684 -0.6343933579214464 0
    outer loop
      vertex 57.83544781804085 -24.264552158117294 28.581177920604848
      vertex 57.82409466803074 -24.250718307495116 28.61
      vertex 57.82409466803074 -24.250718307495116 28.581177920604848
    endloop
  endfacet
  facet normal -0.7730103928312684 -0.6343933579214464 0
    outer loop
      vertex 57.83544781804085 -24.264552158117294 28.581177920604848
      vertex 57.83544781804085 -24.264552158117294 28.61
      vertex 57.82409466803074 -24.250718307495116 28.61
    endloop
  endfacet
  facet normal -0.8819212063388815 -0.4713968453540734 0
    outer loop
      vertex 57.82409466803074 -24.250718307495116 28.581177920604848
      vertex 57.82409466803074 -24.250718307495116 28.61
      vertex 57.81565850973129 -24.234935370087623 28.61
    endloop
  endfacet
  facet normal -0.4713967559533017 -0.8819212541245978 0
    outer loop
      vertex 57.86506466567516 -24.28434149622917 28.581177920604848
      vertex 57.849281668663025 -24.275905308127403 28.61
      vertex 57.849281668663025 -24.275905308127403 28.581177920604848
    endloop
  endfacet
  facet normal -0.2902845732692998 -0.9569403672757568 0
    outer loop
      vertex 57.882190093398094 -24.289536435902118 28.581177920604848
      vertex 57.86506466567516 -24.28434149622917 28.61
      vertex 57.86506466567516 -24.28434149622917 28.581177920604848
    endloop
  endfacet
  facet normal -0.4713967559533017 -0.8819212541245978 0
    outer loop
      vertex 57.86506466567516 -24.28434149622917 28.581177920604848
      vertex 57.86506466567516 -24.28434149622917 28.61
      vertex 57.849281668663025 -24.275905308127403 28.61
    endloop
  endfacet
  facet normal -0.8819212063388815 -0.4713968453540734 0
    outer loop
      vertex 57.82409466803074 -24.250718307495116 28.581177920604848
      vertex 57.81565850973129 -24.234935370087623 28.61
      vertex 57.81565850973129 -24.234935370087623 28.581177920604848
    endloop
  endfacet
  facet normal -0.9569403672757568 -0.2902845732692998 0
    outer loop
      vertex 57.81565850973129 -24.234935370087623 28.581177920604848
      vertex 57.810463570058346 -24.217809942364692 28.61
      vertex 57.810463570058346 -24.217809942364692 28.581177920604848
    endloop
  endfacet
  facet normal -0.9569403672757568 -0.2902845732692998 0
    outer loop
      vertex 57.81565850973129 -24.234935370087623 28.581177920604848
      vertex 57.81565850973129 -24.234935370087623 28.61
      vertex 57.810463570058346 -24.217809942364692 28.61
    endloop
  endfacet
  facet normal -0.9951847199917466 -0.09801720815728553 0
    outer loop
      vertex 57.810463570058346 -24.217809942364692 28.581177920604848
      vertex 57.810463570058346 -24.217809942364692 28.61
      vertex 57.80870944261551 -24.2 28.61
    endloop
  endfacet
  facet normal -0.9951847199917466 -0.09801720815728553 0
    outer loop
      vertex 57.810463570058346 -24.217809942364692 28.581177920604848
      vertex 57.80870944261551 -24.2 28.61
      vertex 57.80870944261551 -24.2 28.581177920604848
    endloop
  endfacet
  facet normal -0.09801719397425666 -0.9951847213886541 0
    outer loop
      vertex 57.882190093398094 -24.289536435902118 28.581177920604848
      vertex 57.98842839896679 -24.300000001490115 28.581177920604848
      vertex 57.882190093398094 -24.289536435902118 28.61
    endloop
  endfacet
  facet normal -0.09801719397425666 -0.9951847213886541 0
    outer loop
      vertex 57.882190093398094 -24.289536435902118 28.61
      vertex 57.98842839896679 -24.300000001490115 28.581177920604848
      vertex 57.98842839896679 -24.300000001490115 28.61
    endloop
  endfacet
  facet normal 0 -1 0
    outer loop
      vertex 57.98842839896679 -24.300000001490115 28.581177920604848
      vertex 66.01157160103321 -24.300000001490115 28.581177920604848
      vertex 57.98842839896679 -24.300000001490115 28.61
    endloop
  endfacet
  facet normal 0 0 1
    outer loop
      vertex 57.882190093398094 -24.289536435902118 28.61
      vertex 57.98842839896679 -24.300000001490115 28.61
      vertex 66.1178099066019 -24.289536435902118 28.61
    endloop
  endfacet
  facet normal 0 0 1
    outer loop
      vertex 57.86506466567516 -24.28434149622917 28.61
      vertex 66.15071833133698 -24.275905308127403 28.61
      vertex 57.849281668663025 -24.275905308127403 28.61
    endloop
  endfacet
  facet normal 0 0 1
    outer loop
      vertex 57.83544781804085 -24.264552158117294 28.61
      vertex 57.849281668663025 -24.275905308127403 28.61
      vertex 66.16455218195915 -24.264552158117294 28.61
    endloop
  endfacet
  facet normal 0 0 1
    outer loop
      vertex 57.882190093398094 -24.289536435902118 28.61
      vertex 66.13493533432484 -24.28434149622917 28.61
      vertex 57.86506466567516 -24.28434149622917 28.61
    endloop
  endfacet
  facet normal 0 0 1
    outer loop
      vertex 57.83544781804085 -24.264552158117294 28.61
      vertex 66.17590533196926 -24.250718307495116 28.61
      vertex 57.82409466803074 -24.250718307495116 28.61
    endloop
  endfacet
  facet normal 0 0 1
    outer loop
      vertex 57.82409466803074 -24.250718307495116 28.61
      vertex 66.18434149026871 -24.234935370087623 28.61
      vertex 57.81565850973129 -24.234935370087623 28.61
    endloop
  endfacet
  facet normal 0 0 1
    outer loop
      vertex 57.81565850973129 -24.234935370087623 28.61
      vertex 66.18953642994165 -24.217809942364692 28.61
      vertex 57.810463570058346 -24.217809942364692 28.61
    endloop
  endfacet
  facet normal 0 0 1
    outer loop
      vertex 57.810463570058346 -24.217809942364692 28.61
      vertex 66.19129055738449 -24.2 28.61
      vertex 57.80870944261551 -24.2 28.61
    endloop
  endfacet
  facet normal -0.9951847199917466 0.09801720815728553 0
    outer loop
      vertex 57.80870944261551 -24.2 28.581177920604848
      vertex 57.80870944261551 -24.2 28.61
      vertex 57.810463570058346 -24.182190057635307 28.61
    endloop
  endfacet
  facet normal -0.9951847199917466 0.09801720815728553 0
    outer loop
      vertex 57.80870944261551 -24.2 28.581177920604848
      vertex 57.810463570058346 -24.182190057635307 28.61
      vertex 57.810463570058346 -24.182190057635307 28.581177920604848
    endloop
  endfacet
  facet normal -0.9569403672757568 0.2902845732692998 0
    outer loop
      vertex 57.810463570058346 -24.182190057635307 28.581177920604848
      vertex 57.81565850973129 -24.165064629912376 28.61
      vertex 57.81565850973129 -24.165064629912376 28.581177920604848
    endloop
  endfacet
  facet normal -0.9569403672757568 0.2902845732692998 0
    outer loop
      vertex 57.810463570058346 -24.182190057635307 28.581177920604848
      vertex 57.810463570058346 -24.182190057635307 28.61
      vertex 57.81565850973129 -24.165064629912376 28.61
    endloop
  endfacet
  facet normal -0.8819212063388815 0.4713968453540734 0
    outer loop
      vertex 57.81565850973129 -24.165064629912376 28.581177920604848
      vertex 57.81565850973129 -24.165064629912376 28.61
      vertex 57.82409466803074 -24.149281692504882 28.61
    endloop
  endfacet
  facet normal -0.8819212063388815 0.4713968453540734 0
    outer loop
      vertex 57.81565850973129 -24.165064629912376 28.581177920604848
      vertex 57.82409466803074 -24.149281692504882 28.61
      vertex 57.82409466803074 -24.149281692504882 28.581177920604848
    endloop
  endfacet
  facet normal -0.7730103928312684 0.6343933579214464 0
    outer loop
      vertex 57.82409466803074 -24.149281692504882 28.581177920604848
      vertex 57.83544781804085 -24.135447841882705 28.61
      vertex 57.83544781804085 -24.135447841882705 28.581177920604848
    endloop
  endfacet
  facet normal -0.7730103928312684 0.6343933579214464 0
    outer loop
      vertex 57.82409466803074 -24.149281692504882 28.581177920604848
      vertex 57.82409466803074 -24.149281692504882 28.61
      vertex 57.83544781804085 -24.135447841882705 28.61
    endloop
  endfacet
  facet normal -0.6343933579214464 0.7730103928312684 0
    outer loop
      vertex 57.83544781804085 -24.135447841882705 28.581177920604848
      vertex 57.849281668663025 -24.124094691872596 28.61
      vertex 57.849281668663025 -24.124094691872596 28.581177920604848
    endloop
  endfacet
  facet normal -0.6343933579214464 0.7730103928312684 0
    outer loop
      vertex 57.83544781804085 -24.135447841882705 28.581177920604848
      vertex 57.83544781804085 -24.135447841882705 28.61
      vertex 57.849281668663025 -24.124094691872596 28.61
    endloop
  endfacet
  facet normal -0.4713967559533017 0.8819212541245978 0
    outer loop
      vertex 57.849281668663025 -24.124094691872596 28.581177920604848
      vertex 57.86506466567516 -24.115658503770828 28.61
      vertex 57.86506466567516 -24.115658503770828 28.581177920604848
    endloop
  endfacet
  facet normal -0.4713967559533017 0.8819212541245978 0
    outer loop
      vertex 57.849281668663025 -24.124094691872596 28.581177920604848
      vertex 57.849281668663025 -24.124094691872596 28.61
      vertex 57.86506466567516 -24.115658503770828 28.61
    endloop
  endfacet
  facet normal -0.2902845732692998 0.9569403672757568 0
    outer loop
      vertex 57.86506466567516 -24.115658503770828 28.581177920604848
      vertex 57.86506466567516 -24.115658503770828 28.61
      vertex 57.882190093398094 -24.11046356409788 28.61
    endloop
  endfacet
  facet normal -0.2902845732692998 0.9569403672757568 0
    outer loop
      vertex 57.86506466567516 -24.115658503770828 28.581177920604848
      vertex 57.882190093398094 -24.11046356409788 28.61
      vertex 57.882190093398094 -24.11046356409788 28.581177920604848
    endloop
  endfacet
  facet normal -0.09801719397425666 0.9951847213886541 0
    outer loop
      vertex 57.882190093398094 -24.11046356409788 28.581177920604848
      vertex 57.882190093398094 -24.11046356409788 28.61
      vertex 57.98842839896679 -24.099999998509883 28.61
    endloop
  endfacet
  facet normal -0.09801719397425666 0.9951847213886541 0
    outer loop
      vertex 57.882190093398094 -24.11046356409788 28.581177920604848
      vertex 57.98842839896679 -24.099999998509883 28.61
      vertex 57.98842839896679 -24.099999998509883 28.581177920604848
    endloop
  endfacet
  facet normal 0 0 1
    outer loop
      vertex 57.80870944261551 -24.2 28.61
      vertex 66.18953642994165 -24.182190057635307 28.61
      vertex 57.810463570058346 -24.182190057635307 28.61
    endloop
  endfacet
  facet normal 0 0 1
    outer loop
      vertex 57.810463570058346 -24.182190057635307 28.61
      vertex 66.18434149026871 -24.165064629912376 28.61
      vertex 57.81565850973129 -24.165064629912376 28.61
    endloop
  endfacet
  facet normal 0 0 1
    outer loop
      vertex 57.81565850973129 -24.165064629912376 28.61
      vertex 66.17590533196926 -24.149281692504882 28.61
      vertex 57.82409466803074 -24.149281692504882 28.61
    endloop
  endfacet
  facet normal 0 0 1
    outer loop
      vertex 57.82409466803074 -24.149281692504882 28.61
      vertex 66.16455218195915 -24.135447841882705 28.61
      vertex 57.83544781804085 -24.135447841882705 28.61
    endloop
  endfacet
  facet normal 0 0 1
    outer loop
      vertex 57.83544781804085 -24.135447841882705 28.61
      vertex 66.15071833133698 -24.124094691872596 28.61
      vertex 57.849281668663025 -24.124094691872596 28.61
    endloop
  endfacet
  facet normal 0 0 1
    outer loop
      vertex 57.849281668663025 -24.124094691872596 28.61
      vertex 66.13493533432484 -24.115658503770828 28.61
      vertex 57.86506466567516 -24.115658503770828 28.61
    endloop
  endfacet
  facet normal 0 0 1
    outer loop
      vertex 57.86506466567516 -24.115658503770828 28.61
      vertex 66.1178099066019 -24.11046356409788 28.61
      vertex 57.882190093398094 -24.11046356409788 28.61
    endloop
  endfacet
  facet normal 0 0 1
    outer loop
      vertex 57.882190093398094 -24.11046356409788 28.61
      vertex 66.01157160103321 -24.099999998509883 28.61
      vertex 57.98842839896679 -24.099999998509883 28.61
    endloop
  endfacet
  facet normal 0 1 0
    outer loop
      vertex 57.98842839896679 -24.099999998509883 28.581177920604848
      vertex 57.98842839896679 -24.099999998509883 28.61
      vertex 66.01157160103321 -24.099999998509883 28.61
    endloop
  endfacet
  facet normal 0 -1 0
    outer loop
      vertex 57.98842839896679 -24.300000001490115 28.61
      vertex 66.01157160103321 -24.300000001490115 28.581177920604848
      vertex 66.01157160103321 -24.300000001490115 28.61
    endloop
  endfacet
  facet normal 0 0 1
    outer loop
      vertex 57.98842839896679 -24.300000001490115 28.61
      vertex 66.01157160103321 -24.300000001490115 28.61
      vertex 66.1178099066019 -24.289536435902118 28.61
    endloop
  endfacet
  facet normal 0 0 1
    outer loop
      vertex 57.882190093398094 -24.289536435902118 28.61
      vertex 66.1178099066019 -24.289536435902118 28.61
      vertex 66.13493533432484 -24.28434149622917 28.61
    endloop
  endfacet
  facet normal 0 0 1
    outer loop
      vertex 57.86506466567516 -24.28434149622917 28.61
      vertex 66.13493533432484 -24.28434149622917 28.61
      vertex 66.15071833133698 -24.275905308127403 28.61
    endloop
  endfacet
  facet normal 0 0 1
    outer loop
      vertex 57.849281668663025 -24.275905308127403 28.61
      vertex 66.15071833133698 -24.275905308127403 28.61
      vertex 66.16455218195915 -24.264552158117294 28.61
    endloop
  endfacet
  facet normal 0 0 1
    outer loop
      vertex 57.83544781804085 -24.264552158117294 28.61
      vertex 66.16455218195915 -24.264552158117294 28.61
      vertex 66.17590533196926 -24.250718307495116 28.61
    endloop
  endfacet
  facet normal 0 0 1
    outer loop
      vertex 57.82409466803074 -24.250718307495116 28.61
      vertex 66.17590533196926 -24.250718307495116 28.61
      vertex 66.18434149026871 -24.234935370087623 28.61
    endloop
  endfacet
  facet normal 0 0 1
    outer loop
      vertex 57.81565850973129 -24.234935370087623 28.61
      vertex 66.18434149026871 -24.234935370087623 28.61
      vertex 66.18953642994165 -24.217809942364692 28.61
    endloop
  endfacet
  facet normal 0 0 1
    outer loop
      vertex 57.810463570058346 -24.217809942364692 28.61
      vertex 66.18953642994165 -24.217809942364692 28.61
      vertex 66.19129055738449 -24.2 28.61
    endloop
  endfacet
  facet normal 0.09801719397425666 -0.9951847213886541 0
    outer loop
      vertex 66.01157160103321 -24.300000001490115 28.581177920604848
      vertex 66.1178099066019 -24.289536435902118 28.581177920604848
      vertex 66.01157160103321 -24.300000001490115 28.61
    endloop
  endfacet
  facet normal 0.09801719397425666 -0.9951847213886541 0
    outer loop
      vertex 66.01157160103321 -24.300000001490115 28.61
      vertex 66.1178099066019 -24.289536435902118 28.581177920604848
      vertex 66.1178099066019 -24.289536435902118 28.61
    endloop
  endfacet
  facet normal 0.2902845732692998 -0.9569403672757568 0
    outer loop
      vertex 66.1178099066019 -24.289536435902118 28.581177920604848
      vertex 66.13493533432484 -24.28434149622917 28.581177920604848
      vertex 66.1178099066019 -24.289536435902118 28.61
    endloop
  endfacet
  facet normal 0.4713967559533017 -0.8819212541245978 0
    outer loop
      vertex 66.13493533432484 -24.28434149622917 28.581177920604848
      vertex 66.15071833133698 -24.275905308127403 28.581177920604848
      vertex 66.13493533432484 -24.28434149622917 28.61
    endloop
  endfacet
  facet normal 0.2902845732692998 -0.9569403672757568 0
    outer loop
      vertex 66.1178099066019 -24.289536435902118 28.61
      vertex 66.13493533432484 -24.28434149622917 28.581177920604848
      vertex 66.13493533432484 -24.28434149622917 28.61
    endloop
  endfacet
  facet normal 0.4713967559533017 -0.8819212541245978 0
    outer loop
      vertex 66.13493533432484 -24.28434149622917 28.61
      vertex 66.15071833133698 -24.275905308127403 28.581177920604848
      vertex 66.15071833133698 -24.275905308127403 28.61
    endloop
  endfacet
  facet normal 0.6343933579214464 -0.7730103928312684 0
    outer loop
      vertex 66.15071833133698 -24.275905308127403 28.581177920604848
      vertex 66.16455218195915 -24.264552158117294 28.581177920604848
      vertex 66.15071833133698 -24.275905308127403 28.61
    endloop
  endfacet
  facet normal 0.6343933579214464 -0.7730103928312684 0
    outer loop
      vertex 66.15071833133698 -24.275905308127403 28.61
      vertex 66.16455218195915 -24.264552158117294 28.581177920604848
      vertex 66.16455218195915 -24.264552158117294 28.61
    endloop
  endfacet
  facet normal 0.7730103928312684 -0.6343933579214464 0
    outer loop
      vertex 66.16455218195915 -24.264552158117294 28.581177920604848
      vertex 66.17590533196926 -24.250718307495116 28.581177920604848
      vertex 66.16455218195915 -24.264552158117294 28.61
    endloop
  endfacet
  facet normal 0.7730103928312684 -0.6343933579214464 0
    outer loop
      vertex 66.16455218195915 -24.264552158117294 28.61
      vertex 66.17590533196926 -24.250718307495116 28.581177920604848
      vertex 66.17590533196926 -24.250718307495116 28.61
    endloop
  endfacet
  facet normal 0.8819212063388815 -0.4713968453540734 0
    outer loop
      vertex 66.17590533196926 -24.250718307495116 28.581177920604848
      vertex 66.18434149026871 -24.234935370087623 28.581177920604848
      vertex 66.17590533196926 -24.250718307495116 28.61
    endloop
  endfacet
  facet normal 0.8819212063388815 -0.4713968453540734 0
    outer loop
      vertex 66.17590533196926 -24.250718307495116 28.61
      vertex 66.18434149026871 -24.234935370087623 28.581177920604848
      vertex 66.18434149026871 -24.234935370087623 28.61
    endloop
  endfacet
  facet normal 0.9569403672757568 -0.2902845732692998 0
    outer loop
      vertex 66.18434149026871 -24.234935370087623 28.581177920604848
      vertex 66.18953642994165 -24.217809942364692 28.581177920604848
      vertex 66.18434149026871 -24.234935370087623 28.61
    endloop
  endfacet
  facet normal 0.9569403672757568 -0.2902845732692998 0
    outer loop
      vertex 66.18434149026871 -24.234935370087623 28.61
      vertex 66.18953642994165 -24.217809942364692 28.581177920604848
      vertex 66.18953642994165 -24.217809942364692 28.61
    endloop
  endfacet
  facet normal 0.9951847199917466 -0.09801720815728553 0
    outer loop
      vertex 66.18953642994165 -24.217809942364692 28.581177920604848
      vertex 66.19129055738449 -24.2 28.581177920604848
      vertex 66.18953642994165 -24.217809942364692 28.61
    endloop
  endfacet
  facet normal 0.9951847199917466 -0.09801720815728553 0
    outer loop
      vertex 66.18953642994165 -24.217809942364692 28.61
      vertex 66.19129055738449 -24.2 28.581177920604848
      vertex 66.19129055738449 -24.2 28.61
    endloop
  endfacet
  facet normal 0 0 1
    outer loop
      vertex 57.80870944261551 -24.2 28.61
      vertex 66.19129055738449 -24.2 28.61
      vertex 66.18953642994165 -24.182190057635307 28.61
    endloop
  endfacet
  facet normal 0 0 1
    outer loop
      vertex 57.810463570058346 -24.182190057635307 28.61
      vertex 66.18953642994165 -24.182190057635307 28.61
      vertex 66.18434149026871 -24.165064629912376 28.61
    endloop
  endfacet
  facet normal 0 0 1
    outer loop
      vertex 57.81565850973129 -24.165064629912376 28.61
      vertex 66.18434149026871 -24.165064629912376 28.61
      vertex 66.17590533196926 -24.149281692504882 28.61
    endloop
  endfacet
  facet normal 0 0 1
    outer loop
      vertex 57.82409466803074 -24.149281692504882 28.61
      vertex 66.17590533196926 -24.149281692504882 28.61
      vertex 66.16455218195915 -24.135447841882705 28.61
    endloop
  endfacet
  facet normal 0 0 1
    outer loop
      vertex 57.86506466567516 -24.115658503770828 28.61
      vertex 66.13493533432484 -24.115658503770828 28.61
      vertex 66.1178099066019 -24.11046356409788 28.61
    endloop
  endfacet
  facet normal 0 0 1
    outer loop
      vertex 57.83544781804085 -24.135447841882705 28.61
      vertex 66.16455218195915 -24.135447841882705 28.61
      vertex 66.15071833133698 -24.124094691872596 28.61
    endloop
  endfacet
  facet normal 0 0 1
    outer loop
      vertex 57.849281668663025 -24.124094691872596 28.61
      vertex 66.15071833133698 -24.124094691872596 28.61
      vertex 66.13493533432484 -24.115658503770828 28.61
    endloop
  endfacet
  facet normal 0 0 1
    outer loop
      vertex 57.882190093398094 -24.11046356409788 28.61
      vertex 66.1178099066019 -24.11046356409788 28.61
      vertex 66.01157160103321 -24.099999998509883 28.61
    endloop
  endfacet
  facet normal 0 1 0
    outer loop
      vertex 57.98842839896679 -24.099999998509883 28.581177920604848
      vertex 66.01157160103321 -24.099999998509883 28.61
      vertex 66.01157160103321 -24.099999998509883 28.581177920604848
    endloop
  endfacet
  facet normal 0.09801719397425666 0.9951847213886541 0
    outer loop
      vertex 66.01157160103321 -24.099999998509883 28.581177920604848
      vertex 66.01157160103321 -24.099999998509883 28.61
      vertex 66.1178099066019 -24.11046356409788 28.61
    endloop
  endfacet
  facet normal 0.09801719397425666 0.9951847213886541 0
    outer loop
      vertex 66.01157160103321 -24.099999998509883 28.581177920604848
      vertex 66.1178099066019 -24.11046356409788 28.61
      vertex 66.1178099066019 -24.11046356409788 28.581177920604848
    endloop
  endfacet
  facet normal 0.9951847199917466 0.09801720815728553 0
    outer loop
      vertex 66.19129055738449 -24.2 28.581177920604848
      vertex 66.18953642994165 -24.182190057635307 28.581177920604848
      vertex 66.19129055738449 -24.2 28.61
    endloop
  endfacet
  facet normal 0.9951847199917466 0.09801720815728553 0
    outer loop
      vertex 66.19129055738449 -24.2 28.61
      vertex 66.18953642994165 -24.182190057635307 28.581177920604848
      vertex 66.18953642994165 -24.182190057635307 28.61
    endloop
  endfacet
  facet normal 0.9569403672757568 0.2902845732692998 0
    outer loop
      vertex 66.18953642994165 -24.182190057635307 28.581177920604848
      vertex 66.18434149026871 -24.165064629912376 28.581177920604848
      vertex 66.18953642994165 -24.182190057635307 28.61
    endloop
  endfacet
  facet normal 0.9569403672757568 0.2902845732692998 0
    outer loop
      vertex 66.18953642994165 -24.182190057635307 28.61
      vertex 66.18434149026871 -24.165064629912376 28.581177920604848
      vertex 66.18434149026871 -24.165064629912376 28.61
    endloop
  endfacet
  facet normal 0.8819212063388815 0.4713968453540734 0
    outer loop
      vertex 66.18434149026871 -24.165064629912376 28.581177920604848
      vertex 66.17590533196926 -24.149281692504882 28.581177920604848
      vertex 66.18434149026871 -24.165064629912376 28.61
    endloop
  endfacet
  facet normal 0.2902845732692998 0.9569403672757568 0
    outer loop
      vertex 66.13493533432484 -24.115658503770828 28.581177920604848
      vertex 66.1178099066019 -24.11046356409788 28.581177920604848
      vertex 66.13493533432484 -24.115658503770828 28.61
    endloop
  endfacet
  facet normal 0.4713967559533017 0.8819212541245978 0
    outer loop
      vertex 66.15071833133698 -24.124094691872596 28.581177920604848
      vertex 66.13493533432484 -24.115658503770828 28.581177920604848
      vertex 66.15071833133698 -24.124094691872596 28.61
    endloop
  endfacet
  facet normal 0.4713967559533017 0.8819212541245978 0
    outer loop
      vertex 66.15071833133698 -24.124094691872596 28.61
      vertex 66.13493533432484 -24.115658503770828 28.581177920604848
      vertex 66.13493533432484 -24.115658503770828 28.61
    endloop
  endfacet
  facet normal 0.8819212063388815 0.4713968453540734 0
    outer loop
      vertex 66.18434149026871 -24.165064629912376 28.61
      vertex 66.17590533196926 -24.149281692504882 28.581177920604848
      vertex 66.17590533196926 -24.149281692504882 28.61
    endloop
  endfacet
  facet normal 0.7730103928312684 0.6343933579214464 0
    outer loop
      vertex 66.17590533196926 -24.149281692504882 28.581177920604848
      vertex 66.16455218195915 -24.135447841882705 28.581177920604848
      vertex 66.17590533196926 -24.149281692504882 28.61
    endloop
  endfacet
  facet normal 0.7730103928312684 0.6343933579214464 0
    outer loop
      vertex 66.17590533196926 -24.149281692504882 28.61
      vertex 66.16455218195915 -24.135447841882705 28.581177920604848
      vertex 66.16455218195915 -24.135447841882705 28.61
    endloop
  endfacet
  facet normal 0.6343933579214464 0.7730103928312684 0
    outer loop
      vertex 66.15071833133698 -24.124094691872596 28.581177920604848
      vertex 66.16455218195915 -24.135447841882705 28.61
      vertex 66.16455218195915 -24.135447841882705 28.581177920604848
    endloop
  endfacet
  facet normal 0.6343933579214464 0.7730103928312684 0
    outer loop
      vertex 66.15071833133698 -24.124094691872596 28.581177920604848
      vertex 66.15071833133698 -24.124094691872596 28.61
      vertex 66.16455218195915 -24.135447841882705 28.61
    endloop
  endfacet
  facet normal 0.2902845732692998 0.9569403672757568 0
    outer loop
      vertex 66.13493533432484 -24.115658503770828 28.61
      vertex 66.1178099066019 -24.11046356409788 28.581177920604848
      vertex 66.1178099066019 -24.11046356409788 28.61
    endloop
  endfacet
  facet normal -0.2902847019591928 -0.9569403282381104 0
    outer loop
      vertex 57.28826203942299 -25.67686617821455 23.110000000000003
      vertex 57.58813866972923 -25.76783276796341 23.110000000000003
      vertex 57.28826203942299 -25.67686617821455 27.11
    endloop
  endfacet
  facet normal -0.09801713550778611 -0.9951847271471003 0
    outer loop
      vertex 57.58813866972923 -25.76783276796341 23.110000000000003
      vertex 57.91473808884621 -25.800000001490115 23.110000000000003
      vertex 57.58813866972923 -25.76783276796341 27.11
    endloop
  endfacet
  facet normal -0.4713967417319894 -0.8819212617260478 0
    outer loop
      vertex 57.28826203942299 -25.67686617821455 23.110000000000003
      vertex 57.28826203942299 -25.67686617821455 27.11
      vertex 57.011894054710865 -25.529144410789012 27.11
    endloop
  endfacet
  facet normal -0.2902847019591928 -0.9569403282381104 0
    outer loop
      vertex 57.58813866972923 -25.76783276796341 23.110000000000003
      vertex 57.58813866972923 -25.76783276796341 27.11
      vertex 57.28826203942299 -25.67686617821455 27.11
    endloop
  endfacet
  facet normal -0.09801713550778611 -0.9951847271471003 0
    outer loop
      vertex 57.91473808884621 -25.800000001490115 23.110000000000003
      vertex 57.91473808884621 -25.800000001490115 27.11
      vertex 57.58813866972923 -25.76783276796341 27.11
    endloop
  endfacet
  facet normal 0 0 1
    outer loop
      vertex 57.28826203942299 -25.67686617821455 27.11
      vertex 57.29934512078762 -25.65010919123888 27.11
      vertex 57.02798422425985 -25.505063769221305 27.11
    endloop
  endfacet
  facet normal 0 0 1
    outer loop
      vertex 57.28826203942299 -25.67686617821455 27.11
      vertex 57.58813866972923 -25.76783276796341 27.11
      vertex 57.29934512078762 -25.65010919123888 27.11
    endloop
  endfacet
  facet normal 0 0 1
    outer loop
      vertex 57.29934512078762 -25.65010919123888 27.11
      vertex 57.58813866972923 -25.76783276796341 27.11
      vertex 57.59378881752491 -25.73942772001028 27.11
    endloop
  endfacet
  facet normal 0 0 1
    outer loop
      vertex 57.58813866972923 -25.76783276796341 27.11
      vertex 57.91473808884621 -25.800000001490115 27.11
      vertex 57.59378881752491 -25.73942772001028 27.11
    endloop
  endfacet
  facet normal 0 0 1
    outer loop
      vertex 57.59378881752491 -25.73942772001028 27.11
      vertex 57.91473808884621 -25.800000001490115 27.11
      vertex 57.916153997182846 -25.771177922189235 27.11
    endloop
  endfacet
  facet normal -0.7730104625108354 -0.6343932730166553 0
    outer loop
      vertex 56.76965557038784 -25.330344435572623 23.110000000000003
      vertex 56.57085556536913 -25.088105921447276 27.11
      vertex 56.57085556536913 -25.088105921447276 23.110000000000003
    endloop
  endfacet
  facet normal -0.8819212589970825 -0.4713967468375243 0
    outer loop
      vertex 56.57085556536913 -25.088105921447276 23.110000000000003
      vertex 56.423133827745914 -24.811737996339797 27.11
      vertex 56.423133827745914 -24.811737996339797 23.110000000000003
    endloop
  endfacet
  facet normal -0.7730104625108354 -0.6343932730166553 0
    outer loop
      vertex 56.76965557038784 -25.330344435572623 23.110000000000003
      vertex 56.76965557038784 -25.330344435572623 27.11
      vertex 56.57085556536913 -25.088105921447276 27.11
    endloop
  endfacet
  facet normal -0.8819212589970825 -0.4713967468375243 0
    outer loop
      vertex 56.57085556536913 -25.088105921447276 23.110000000000003
      vertex 56.57085556536913 -25.088105921447276 27.11
      vertex 56.423133827745914 -24.811737996339797 27.11
    endloop
  endfacet
  facet normal -0.9569403342484895 -0.2902846821456296 0
    outer loop
      vertex 56.423133827745914 -24.811737996339797 23.110000000000003
      vertex 56.332167237997055 -24.51186134368181 27.11
      vertex 56.332167237997055 -24.51186134368181 23.110000000000003
    endloop
  endfacet
  facet normal -0.9951847273356299 -0.09801713359361162 0
    outer loop
      vertex 56.332167237997055 -24.51186134368181 23.110000000000003
      vertex 56.301451578736305 -24.2 27.11
      vertex 56.301451578736305 -24.2 23.110000000000003
    endloop
  endfacet
  facet normal -0.9569403342484895 -0.2902846821456296 0
    outer loop
      vertex 56.423133827745914 -24.811737996339797 23.110000000000003
      vertex 56.423133827745914 -24.811737996339797 27.11
      vertex 56.332167237997055 -24.51186134368181 27.11
    endloop
  endfacet
  facet normal -0.9951847273356299 -0.09801713359361162 0
    outer loop
      vertex 56.332167237997055 -24.51186134368181 23.110000000000003
      vertex 56.332167237997055 -24.51186134368181 27.11
      vertex 56.301451578736305 -24.2 27.11
    endloop
  endfacet
  facet normal -0.4713967417319894 -0.8819212617260478 0
    outer loop
      vertex 57.28826203942299 -25.67686617821455 23.110000000000003
      vertex 57.011894054710865 -25.529144410789012 27.11
      vertex 57.011894054710865 -25.529144410789012 23.110000000000003
    endloop
  endfacet
  facet normal -0.6343932628261714 -0.7730104708739489 0
    outer loop
      vertex 56.76965557038784 -25.330344435572623 23.110000000000003
      vertex 57.011894054710865 -25.529144410789012 23.110000000000003
      vertex 56.76965557038784 -25.330344435572623 27.11
    endloop
  endfacet
  facet normal -0.6343932628261714 -0.7730104708739489 0
    outer loop
      vertex 57.011894054710865 -25.529144410789012 23.110000000000003
      vertex 57.011894054710865 -25.529144410789012 27.11
      vertex 56.76965557038784 -25.330344435572623 27.11
    endloop
  endfacet
  facet normal 0 0 1
    outer loop
      vertex 56.76965557038784 -25.330344435572623 27.11
      vertex 56.594936192035675 -25.072015729546546 27.11
      vertex 56.57085556536913 -25.088105921447276 27.11
    endloop
  endfacet
  facet normal 0 0 1
    outer loop
      vertex 56.76965557038784 -25.330344435572623 27.11
      vertex 56.790134489536285 -25.3098655462265 27.11
      vertex 56.594936192035675 -25.072015729546546 27.11
    endloop
  endfacet
  facet normal 0 0 1
    outer loop
      vertex 56.57085556536913 -25.088105921447276 27.11
      vertex 56.449890814721584 -24.800654914975166 27.11
      vertex 56.423133827745914 -24.811737996339797 27.11
    endloop
  endfacet
  facet normal 0 0 1
    outer loop
      vertex 56.57085556536913 -25.088105921447276 27.11
      vertex 56.594936192035675 -25.072015729546546 27.11
      vertex 56.449890814721584 -24.800654914975166 27.11
    endloop
  endfacet
  facet normal 0 0 1
    outer loop
      vertex 56.423133827745914 -24.811737996339797 27.11
      vertex 56.360572285950184 -24.506211195886134 27.11
      vertex 56.332167237997055 -24.51186134368181 27.11
    endloop
  endfacet
  facet normal 0 0 1
    outer loop
      vertex 56.423133827745914 -24.811737996339797 27.11
      vertex 56.449890814721584 -24.800654914975166 27.11
      vertex 56.360572285950184 -24.506211195886134 27.11
    endloop
  endfacet
  facet normal 0 0 1
    outer loop
      vertex 56.332167237997055 -24.51186134368181 27.11
      vertex 56.360572285950184 -24.506211195886134 27.11
      vertex 56.3304131180048 -24.2 27.11
    endloop
  endfacet
  facet normal 0 0 1
    outer loop
      vertex 56.332167237997055 -24.51186134368181 27.11
      vertex 56.3304131180048 -24.2 27.11
      vertex 56.301451578736305 -24.2 27.11
    endloop
  endfacet
  facet normal 0 0 1
    outer loop
      vertex 56.790134489536285 -25.3098655462265 27.11
      vertex 57.011894054710865 -25.529144410789012 27.11
      vertex 57.02798422425985 -25.505063769221305 27.11
    endloop
  endfacet
  facet normal 0 0 1
    outer loop
      vertex 57.28826203942299 -25.67686617821455 27.11
      vertex 57.02798422425985 -25.505063769221305 27.11
      vertex 57.011894054710865 -25.529144410789012 27.11
    endloop
  endfacet
  facet normal 0 0 1
    outer loop
      vertex 56.76965557038784 -25.330344435572623 27.11
      vertex 57.011894054710865 -25.529144410789012 27.11
      vertex 56.790134489536285 -25.3098655462265 27.11
    endloop
  endfacet
  facet normal 0 -1 0
    outer loop
      vertex 57.91473808884621 -25.800000001490115 23.110000000000003
      vertex 66.0852619111538 -25.800000001490115 23.110000000000003
      vertex 57.91473808884621 -25.800000001490115 27.11
    endloop
  endfacet
  facet normal 0 0 1
    outer loop
      vertex 57.91473808884621 -25.800000001490115 27.11
      vertex 66.0852619111538 -25.800000001490115 27.11
      vertex 57.916153997182846 -25.771177922189235 27.11
    endloop
  endfacet
  facet normal -0.9951847273356299 0.09801713359361162 0
    outer loop
      vertex 56.301451578736305 -24.2 23.110000000000003
      vertex 56.332167237997055 -23.888138656318187 27.11
      vertex 56.332167237997055 -23.888138656318187 23.110000000000003
    endloop
  endfacet
  facet normal -0.9569403342484895 0.2902846821456296 0
    outer loop
      vertex 56.332167237997055 -23.888138656318187 23.110000000000003
      vertex 56.423133827745914 -23.5882620036602 27.11
      vertex 56.423133827745914 -23.5882620036602 23.110000000000003
    endloop
  endfacet
  facet normal -0.9951847273356299 0.09801713359361162 0
    outer loop
      vertex 56.301451578736305 -24.2 23.110000000000003
      vertex 56.301451578736305 -24.2 27.11
      vertex 56.332167237997055 -23.888138656318187 27.11
    endloop
  endfacet
  facet normal -0.9569403342484895 0.2902846821456296 0
    outer loop
      vertex 56.332167237997055 -23.888138656318187 23.110000000000003
      vertex 56.332167237997055 -23.888138656318187 27.11
      vertex 56.423133827745914 -23.5882620036602 27.11
    endloop
  endfacet
  facet normal -0.8819212589970825 0.4713967468375243 0
    outer loop
      vertex 56.423133827745914 -23.5882620036602 23.110000000000003
      vertex 56.57085556536913 -23.311894078552722 27.11
      vertex 56.57085556536913 -23.311894078552722 23.110000000000003
    endloop
  endfacet
  facet normal -0.7730104625108354 0.6343932730166553 0
    outer loop
      vertex 56.57085556536913 -23.311894078552722 23.110000000000003
      vertex 56.76965557038784 -23.069655564427375 27.11
      vertex 56.76965557038784 -23.069655564427375 23.110000000000003
    endloop
  endfacet
  facet normal -0.8819212589970825 0.4713967468375243 0
    outer loop
      vertex 56.423133827745914 -23.5882620036602 23.110000000000003
      vertex 56.423133827745914 -23.5882620036602 27.11
      vertex 56.57085556536913 -23.311894078552722 27.11
    endloop
  endfacet
  facet normal -0.7730104625108354 0.6343932730166553 0
    outer loop
      vertex 56.57085556536913 -23.311894078552722 23.110000000000003
      vertex 56.57085556536913 -23.311894078552722 27.11
      vertex 56.76965557038784 -23.069655564427375 27.11
    endloop
  endfacet
  facet normal -0.6343932628261714 0.7730104708739489 0
    outer loop
      vertex 56.76965557038784 -23.069655564427375 23.110000000000003
      vertex 57.011894054710865 -22.870855589210986 27.11
      vertex 57.011894054710865 -22.870855589210986 23.110000000000003
    endloop
  endfacet
  facet normal -0.6343932628261714 0.7730104708739489 0
    outer loop
      vertex 56.76965557038784 -23.069655564427375 23.110000000000003
      vertex 56.76965557038784 -23.069655564427375 27.11
      vertex 57.011894054710865 -22.870855589210986 27.11
    endloop
  endfacet
  facet normal -0.4713967417319894 0.8819212617260478 0
    outer loop
      vertex 57.011894054710865 -22.870855589210986 23.110000000000003
      vertex 57.011894054710865 -22.870855589210986 27.11
      vertex 57.28826203942299 -22.72313382178545 27.11
    endloop
  endfacet
  facet normal 0 0 1
    outer loop
      vertex 56.301451578736305 -24.2 27.11
      vertex 56.3304131180048 -24.2 27.11
      vertex 56.360572285950184 -23.893788804113864 27.11
    endloop
  endfacet
  facet normal 0 0 1
    outer loop
      vertex 56.301451578736305 -24.2 27.11
      vertex 56.360572285950184 -23.893788804113864 27.11
      vertex 56.332167237997055 -23.888138656318187 27.11
    endloop
  endfacet
  facet normal 0 0 1
    outer loop
      vertex 56.360572285950184 -23.893788804113864 27.11
      vertex 56.449890814721584 -23.599345085024833 27.11
      vertex 56.332167237997055 -23.888138656318187 27.11
    endloop
  endfacet
  facet normal 0 0 1
    outer loop
      vertex 56.332167237997055 -23.888138656318187 27.11
      vertex 56.449890814721584 -23.599345085024833 27.11
      vertex 56.423133827745914 -23.5882620036602 27.11
    endloop
  endfacet
  facet normal 0 0 1
    outer loop
      vertex 56.423133827745914 -23.5882620036602 27.11
      vertex 56.449890814721584 -23.599345085024833 27.11
      vertex 56.594936192035675 -23.327984270453452 27.11
    endloop
  endfacet
  facet normal 0 0 1
    outer loop
      vertex 56.423133827745914 -23.5882620036602 27.11
      vertex 56.594936192035675 -23.327984270453452 27.11
      vertex 56.57085556536913 -23.311894078552722 27.11
    endloop
  endfacet
  facet normal 0 0 1
    outer loop
      vertex 56.594936192035675 -23.327984270453452 27.11
      vertex 56.790134489536285 -23.090134453773498 27.11
      vertex 56.57085556536913 -23.311894078552722 27.11
    endloop
  endfacet
  facet normal 0 0 1
    outer loop
      vertex 56.57085556536913 -23.311894078552722 27.11
      vertex 56.790134489536285 -23.090134453773498 27.11
      vertex 56.76965557038784 -23.069655564427375 27.11
    endloop
  endfacet
  facet normal 0 0 1
    outer loop
      vertex 56.790134489536285 -23.090134453773498 27.11
      vertex 57.02798422425985 -22.894936230778693 27.11
      vertex 56.76965557038784 -23.069655564427375 27.11
    endloop
  endfacet
  facet normal 0 0 1
    outer loop
      vertex 56.76965557038784 -23.069655564427375 27.11
      vertex 57.02798422425985 -22.894936230778693 27.11
      vertex 57.011894054710865 -22.870855589210986 27.11
    endloop
  endfacet
  facet normal 0 0 1
    outer loop
      vertex 57.02798422425985 -22.894936230778693 27.11
      vertex 57.29934512078762 -22.74989080876112 27.11
      vertex 57.011894054710865 -22.870855589210986 27.11
    endloop
  endfacet
  facet normal -0.4713967417319894 0.8819212617260478 0
    outer loop
      vertex 57.011894054710865 -22.870855589210986 23.110000000000003
      vertex 57.28826203942299 -22.72313382178545 27.11
      vertex 57.28826203942299 -22.72313382178545 23.110000000000003
    endloop
  endfacet
  facet normal -0.2902847019591928 0.9569403282381104 0
    outer loop
      vertex 57.28826203942299 -22.72313382178545 23.110000000000003
      vertex 57.58813866972923 -22.63216723203659 27.11
      vertex 57.58813866972923 -22.63216723203659 23.110000000000003
    endloop
  endfacet
  facet normal -0.09801713550778611 0.9951847271471003 0
    outer loop
      vertex 57.58813866972923 -22.63216723203659 23.110000000000003
      vertex 57.91473808884621 -22.599999998509883 27.11
      vertex 57.91473808884621 -22.599999998509883 23.110000000000003
    endloop
  endfacet
  facet normal -0.2902847019591928 0.9569403282381104 0
    outer loop
      vertex 57.28826203942299 -22.72313382178545 23.110000000000003
      vertex 57.28826203942299 -22.72313382178545 27.11
      vertex 57.58813866972923 -22.63216723203659 27.11
    endloop
  endfacet
  facet normal -0.09801713550778611 0.9951847271471003 0
    outer loop
      vertex 57.58813866972923 -22.63216723203659 23.110000000000003
      vertex 57.58813866972923 -22.63216723203659 27.11
      vertex 57.91473808884621 -22.599999998509883 27.11
    endloop
  endfacet
  facet normal 0 0 1
    outer loop
      vertex 57.011894054710865 -22.870855589210986 27.11
      vertex 57.29934512078762 -22.74989080876112 27.11
      vertex 57.28826203942299 -22.72313382178545 27.11
    endloop
  endfacet
  facet normal 0 0 1
    outer loop
      vertex 57.29934512078762 -22.74989080876112 27.11
      vertex 57.59378881752491 -22.66057227998972 27.11
      vertex 57.28826203942299 -22.72313382178545 27.11
    endloop
  endfacet
  facet normal 0 0 1
    outer loop
      vertex 57.28826203942299 -22.72313382178545 27.11
      vertex 57.59378881752491 -22.66057227998972 27.11
      vertex 57.58813866972923 -22.63216723203659 27.11
    endloop
  endfacet
  facet normal 0 0 1
    outer loop
      vertex 57.59378881752491 -22.66057227998972 27.11
      vertex 57.916153997182846 -22.628822077810764 27.11
      vertex 57.58813866972923 -22.63216723203659 27.11
    endloop
  endfacet
  facet normal 0 0 1
    outer loop
      vertex 57.58813866972923 -22.63216723203659 27.11
      vertex 57.916153997182846 -22.628822077810764 27.11
      vertex 57.91473808884621 -22.599999998509883 27.11
    endloop
  endfacet
  facet normal 0 1 0
    outer loop
      vertex 57.91473808884621 -22.599999998509883 23.110000000000003
      vertex 57.91473808884621 -22.599999998509883 27.11
      vertex 66.0852619111538 -22.599999998509883 27.11
    endloop
  endfacet
  facet normal 0 0 1
    outer loop
      vertex 57.916153997182846 -22.628822077810764 27.11
      vertex 66.08384600281715 -22.628822077810764 27.11
      vertex 57.91473808884621 -22.599999998509883 27.11
    endloop
  endfacet
  facet normal 0 -1 0
    outer loop
      vertex 57.91473808884621 -25.800000001490115 27.11
      vertex 66.0852619111538 -25.800000001490115 23.110000000000003
      vertex 66.0852619111538 -25.800000001490115 27.11
    endloop
  endfacet
  facet normal 0 0 1
    outer loop
      vertex 57.916153997182846 -25.771177922189235 27.11
      vertex 66.0852619111538 -25.800000001490115 27.11
      vertex 66.08384600281715 -25.771177922189235 27.11
    endloop
  endfacet
  facet normal 0.09801713550778611 -0.9951847271471003 0
    outer loop
      vertex 66.0852619111538 -25.800000001490115 23.110000000000003
      vertex 66.41186133027077 -25.76783276796341 23.110000000000003
      vertex 66.0852619111538 -25.800000001490115 27.11
    endloop
  endfacet
  facet normal 0.2902847019591928 -0.9569403282381104 0
    outer loop
      vertex 66.41186133027077 -25.76783276796341 23.110000000000003
      vertex 66.71173796057701 -25.67686617821455 23.110000000000003
      vertex 66.41186133027077 -25.76783276796341 27.11
    endloop
  endfacet
  facet normal 0.4713967417319894 -0.8819212617260478 0
    outer loop
      vertex 66.71173796057701 -25.67686617821455 23.110000000000003
      vertex 66.98810594528913 -25.529144410789012 23.110000000000003
      vertex 66.71173796057701 -25.67686617821455 27.11
    endloop
  endfacet
  facet normal 0.09801713550778611 -0.9951847271471003 0
    outer loop
      vertex 66.41186133027077 -25.76783276796341 23.110000000000003
      vertex 66.41186133027077 -25.76783276796341 27.11
      vertex 66.0852619111538 -25.800000001490115 27.11
    endloop
  endfacet
  facet normal 0.2902847019591928 -0.9569403282381104 0
    outer loop
      vertex 66.71173796057701 -25.67686617821455 23.110000000000003
      vertex 66.71173796057701 -25.67686617821455 27.11
      vertex 66.41186133027077 -25.76783276796341 27.11
    endloop
  endfacet
  facet normal 0 0 1
    outer loop
      vertex 66.0852619111538 -25.800000001490115 27.11
      vertex 66.41186133027077 -25.76783276796341 27.11
      vertex 66.08384600281715 -25.771177922189235 27.11
    endloop
  endfacet
  facet normal 0 0 1
    outer loop
      vertex 66.08384600281715 -25.771177922189235 27.11
      vertex 66.41186133027077 -25.76783276796341 27.11
      vertex 66.40621118247509 -25.73942772001028 27.11
    endloop
  endfacet
  facet normal 0 0 1
    outer loop
      vertex 66.41186133027077 -25.76783276796341 27.11
      vertex 66.71173796057701 -25.67686617821455 27.11
      vertex 66.40621118247509 -25.73942772001028 27.11
    endloop
  endfacet
  facet normal 0 0 1
    outer loop
      vertex 66.40621118247509 -25.73942772001028 27.11
      vertex 66.71173796057701 -25.67686617821455 27.11
      vertex 66.70065487921238 -25.65010919123888 27.11
    endloop
  endfacet
  facet normal 0 0 1
    outer loop
      vertex 66.71173796057701 -25.67686617821455 27.11
      vertex 66.98810594528913 -25.529144410789012 27.11
      vertex 66.70065487921238 -25.65010919123888 27.11
    endloop
  endfacet
  facet normal 0.6343932628261714 -0.7730104708739489 0
    outer loop
      vertex 66.98810594528913 -25.529144410789012 23.110000000000003
      vertex 67.23034442961216 -25.330344435572623 23.110000000000003
      vertex 66.98810594528913 -25.529144410789012 27.11
    endloop
  endfacet
  facet normal 0.4713967417319894 -0.8819212617260478 0
    outer loop
      vertex 66.98810594528913 -25.529144410789012 23.110000000000003
      vertex 66.98810594528913 -25.529144410789012 27.11
      vertex 66.71173796057701 -25.67686617821455 27.11
    endloop
  endfacet
  facet normal 0.6343932628261714 -0.7730104708739489 0
    outer loop
      vertex 67.23034442961216 -25.330344435572623 23.110000000000003
      vertex 67.23034442961216 -25.330344435572623 27.11
      vertex 66.98810594528913 -25.529144410789012 27.11
    endloop
  endfacet
  facet normal 0.7730104625108354 -0.6343932730166553 0
    outer loop
      vertex 67.23034442961216 -25.330344435572623 23.110000000000003
      vertex 67.42914443463087 -25.088105921447276 23.110000000000003
      vertex 67.23034442961216 -25.330344435572623 27.11
    endloop
  endfacet
  facet normal 0.8819212589970825 -0.4713967468375243 0
    outer loop
      vertex 67.42914443463087 -25.088105921447276 23.110000000000003
      vertex 67.57686617225409 -24.811737996339797 23.110000000000003
      vertex 67.42914443463087 -25.088105921447276 27.11
    endloop
  endfacet
  facet normal 0.7730104625108354 -0.6343932730166553 0
    outer loop
      vertex 67.42914443463087 -25.088105921447276 23.110000000000003
      vertex 67.42914443463087 -25.088105921447276 27.11
      vertex 67.23034442961216 -25.330344435572623 27.11
    endloop
  endfacet
  facet normal 0.8819212589970825 -0.4713967468375243 0
    outer loop
      vertex 67.57686617225409 -24.811737996339797 23.110000000000003
      vertex 67.57686617225409 -24.811737996339797 27.11
      vertex 67.42914443463087 -25.088105921447276 27.11
    endloop
  endfacet
  facet normal 0.9569403342484895 -0.2902846821456296 0
    outer loop
      vertex 67.57686617225409 -24.811737996339797 23.110000000000003
      vertex 67.66783276200294 -24.51186134368181 23.110000000000003
      vertex 67.57686617225409 -24.811737996339797 27.11
    endloop
  endfacet
  facet normal 0.9951847273356299 -0.09801713359361162 0
    outer loop
      vertex 67.66783276200294 -24.51186134368181 23.110000000000003
      vertex 67.6985484212637 -24.2 23.110000000000003
      vertex 67.66783276200294 -24.51186134368181 27.11
    endloop
  endfacet
  facet normal 0.9569403342484895 -0.2902846821456296 0
    outer loop
      vertex 67.66783276200294 -24.51186134368181 23.110000000000003
      vertex 67.66783276200294 -24.51186134368181 27.11
      vertex 67.57686617225409 -24.811737996339797 27.11
    endloop
  endfacet
  facet normal 0.9951847273356299 -0.09801713359361162 0
    outer loop
      vertex 67.66783276200294 -24.51186134368181 27.11
      vertex 67.6985484212637 -24.2 23.110000000000003
      vertex 67.6985484212637 -24.2 27.11
    endloop
  endfacet
  facet normal 0 0 1
    outer loop
      vertex 66.70065487921238 -25.65010919123888 27.11
      vertex 66.98810594528913 -25.529144410789012 27.11
      vertex 66.97201577574015 -25.505063769221305 27.11
    endloop
  endfacet
  facet normal 0 0 1
    outer loop
      vertex 66.98810594528913 -25.529144410789012 27.11
      vertex 67.23034442961216 -25.330344435572623 27.11
      vertex 66.97201577574015 -25.505063769221305 27.11
    endloop
  endfacet
  facet normal 0 0 1
    outer loop
      vertex 66.97201577574015 -25.505063769221305 27.11
      vertex 67.23034442961216 -25.330344435572623 27.11
      vertex 67.20986551046371 -25.3098655462265 27.11
    endloop
  endfacet
  facet normal 0 0 1
    outer loop
      vertex 67.23034442961216 -25.330344435572623 27.11
      vertex 67.42914443463087 -25.088105921447276 27.11
      vertex 67.20986551046371 -25.3098655462265 27.11
    endloop
  endfacet
  facet normal 0 0 1
    outer loop
      vertex 67.20986551046371 -25.3098655462265 27.11
      vertex 67.42914443463087 -25.088105921447276 27.11
      vertex 67.40506380796432 -25.072015729546546 27.11
    endloop
  endfacet
  facet normal 0 0 1
    outer loop
      vertex 67.42914443463087 -25.088105921447276 27.11
      vertex 67.57686617225409 -24.811737996339797 27.11
      vertex 67.40506380796432 -25.072015729546546 27.11
    endloop
  endfacet
  facet normal 0 0 1
    outer loop
      vertex 67.40506380796432 -25.072015729546546 27.11
      vertex 67.57686617225409 -24.811737996339797 27.11
      vertex 67.55010918527842 -24.800654914975166 27.11
    endloop
  endfacet
  facet normal 0 0 1
    outer loop
      vertex 67.55010918527842 -24.800654914975166 27.11
      vertex 67.57686617225409 -24.811737996339797 27.11
      vertex 67.66783276200294 -24.51186134368181 27.11
    endloop
  endfacet
  facet normal 0 0 1
    outer loop
      vertex 67.55010918527842 -24.800654914975166 27.11
      vertex 67.66783276200294 -24.51186134368181 27.11
      vertex 67.63942771404982 -24.506211195886134 27.11
    endloop
  endfacet
  facet normal 0 0 1
    outer loop
      vertex 67.66783276200294 -24.51186134368181 27.11
      vertex 67.6985484212637 -24.2 27.11
      vertex 67.63942771404982 -24.506211195886134 27.11
    endloop
  endfacet
  facet normal 0 0 1
    outer loop
      vertex 67.63942771404982 -24.506211195886134 27.11
      vertex 67.6985484212637 -24.2 27.11
      vertex 67.6695868819952 -24.2 27.11
    endloop
  endfacet
  facet normal 0 1 0
    outer loop
      vertex 57.91473808884621 -22.599999998509883 23.110000000000003
      vertex 66.0852619111538 -22.599999998509883 27.11
      vertex 66.0852619111538 -22.599999998509883 23.110000000000003
    endloop
  endfacet
  facet normal 0 0 1
    outer loop
      vertex 57.91473808884621 -22.599999998509883 27.11
      vertex 66.08384600281715 -22.628822077810764 27.11
      vertex 66.0852619111538 -22.599999998509883 27.11
    endloop
  endfacet
  facet normal 0.6343932628261714 0.7730104708739489 0
    outer loop
      vertex 66.98810594528913 -22.870855589210986 23.110000000000003
      vertex 67.23034442961216 -23.069655564427375 27.11
      vertex 67.23034442961216 -23.069655564427375 23.110000000000003
    endloop
  endfacet
  facet normal 0.4713967417319894 0.8819212617260478 0
    outer loop
      vertex 66.98810594528913 -22.870855589210986 23.110000000000003
      vertex 66.71173796057701 -22.72313382178545 23.110000000000003
      vertex 66.98810594528913 -22.870855589210986 27.11
    endloop
  endfacet
  facet normal 0.6343932628261714 0.7730104708739489 0
    outer loop
      vertex 66.98810594528913 -22.870855589210986 23.110000000000003
      vertex 66.98810594528913 -22.870855589210986 27.11
      vertex 67.23034442961216 -23.069655564427375 27.11
    endloop
  endfacet
  facet normal 0.9951847273356299 0.09801713359361162 0
    outer loop
      vertex 67.6985484212637 -24.2 23.110000000000003
      vertex 67.66783276200294 -23.888138656318187 23.110000000000003
      vertex 67.6985484212637 -24.2 27.11
    endloop
  endfacet
  facet normal 0.9569403342484895 0.2902846821456296 0
    outer loop
      vertex 67.66783276200294 -23.888138656318187 23.110000000000003
      vertex 67.57686617225409 -23.5882620036602 23.110000000000003
      vertex 67.66783276200294 -23.888138656318187 27.11
    endloop
  endfacet
  facet normal 0.9951847273356299 0.09801713359361162 0
    outer loop
      vertex 67.66783276200294 -23.888138656318187 23.110000000000003
      vertex 67.66783276200294 -23.888138656318187 27.11
      vertex 67.6985484212637 -24.2 27.11
    endloop
  endfacet
  facet normal 0.9569403342484895 0.2902846821456296 0
    outer loop
      vertex 67.57686617225409 -23.5882620036602 23.110000000000003
      vertex 67.57686617225409 -23.5882620036602 27.11
      vertex 67.66783276200294 -23.888138656318187 27.11
    endloop
  endfacet
  facet normal 0.8819212589970825 0.4713967468375243 0
    outer loop
      vertex 67.57686617225409 -23.5882620036602 23.110000000000003
      vertex 67.42914443463087 -23.311894078552722 23.110000000000003
      vertex 67.57686617225409 -23.5882620036602 27.11
    endloop
  endfacet
  facet normal 0.7730104625108354 0.6343932730166553 0
    outer loop
      vertex 67.42914443463087 -23.311894078552722 23.110000000000003
      vertex 67.23034442961216 -23.069655564427375 23.110000000000003
      vertex 67.42914443463087 -23.311894078552722 27.11
    endloop
  endfacet
  facet normal 0.8819212589970825 0.4713967468375243 0
    outer loop
      vertex 67.42914443463087 -23.311894078552722 23.110000000000003
      vertex 67.42914443463087 -23.311894078552722 27.11
      vertex 67.57686617225409 -23.5882620036602 27.11
    endloop
  endfacet
  facet normal 0.7730104625108354 0.6343932730166553 0
    outer loop
      vertex 67.23034442961216 -23.069655564427375 23.110000000000003
      vertex 67.23034442961216 -23.069655564427375 27.11
      vertex 67.42914443463087 -23.311894078552722 27.11
    endloop
  endfacet
  facet normal 0 0 1
    outer loop
      vertex 66.98810594528913 -22.870855589210986 27.11
      vertex 67.20986551046371 -23.090134453773498 27.11
      vertex 67.23034442961216 -23.069655564427375 27.11
    endloop
  endfacet
  facet normal 0 0 1
    outer loop
      vertex 66.97201577574015 -22.894936230778693 27.11
      vertex 66.98810594528913 -22.870855589210986 27.11
      vertex 66.71173796057701 -22.72313382178545 27.11
    endloop
  endfacet
  facet normal 0 0 1
    outer loop
      vertex 66.97201577574015 -22.894936230778693 27.11
      vertex 67.20986551046371 -23.090134453773498 27.11
      vertex 66.98810594528913 -22.870855589210986 27.11
    endloop
  endfacet
  facet normal 0 0 1
    outer loop
      vertex 67.6695868819952 -24.2 27.11
      vertex 67.6985484212637 -24.2 27.11
      vertex 67.66783276200294 -23.888138656318187 27.11
    endloop
  endfacet
  facet normal 0 0 1
    outer loop
      vertex 67.6695868819952 -24.2 27.11
      vertex 67.66783276200294 -23.888138656318187 27.11
      vertex 67.63942771404982 -23.893788804113864 27.11
    endloop
  endfacet
  facet normal 0 0 1
    outer loop
      vertex 67.63942771404982 -23.893788804113864 27.11
      vertex 67.57686617225409 -23.5882620036602 27.11
      vertex 67.55010918527842 -23.599345085024833 27.11
    endloop
  endfacet
  facet normal 0 0 1
    outer loop
      vertex 67.63942771404982 -23.893788804113864 27.11
      vertex 67.66783276200294 -23.888138656318187 27.11
      vertex 67.57686617225409 -23.5882620036602 27.11
    endloop
  endfacet
  facet normal 0 0 1
    outer loop
      vertex 67.55010918527842 -23.599345085024833 27.11
      vertex 67.42914443463087 -23.311894078552722 27.11
      vertex 67.40506380796432 -23.327984270453452 27.11
    endloop
  endfacet
  facet normal 0 0 1
    outer loop
      vertex 67.55010918527842 -23.599345085024833 27.11
      vertex 67.57686617225409 -23.5882620036602 27.11
      vertex 67.42914443463087 -23.311894078552722 27.11
    endloop
  endfacet
  facet normal 0 0 1
    outer loop
      vertex 67.40506380796432 -23.327984270453452 27.11
      vertex 67.23034442961216 -23.069655564427375 27.11
      vertex 67.20986551046371 -23.090134453773498 27.11
    endloop
  endfacet
  facet normal 0 0 1
    outer loop
      vertex 67.40506380796432 -23.327984270453452 27.11
      vertex 67.42914443463087 -23.311894078552722 27.11
      vertex 67.23034442961216 -23.069655564427375 27.11
    endloop
  endfacet
  facet normal 0.09801713550778611 0.9951847271471003 0
    outer loop
      vertex 66.0852619111538 -22.599999998509883 23.110000000000003
      vertex 66.41186133027077 -22.63216723203659 27.11
      vertex 66.41186133027077 -22.63216723203659 23.110000000000003
    endloop
  endfacet
  facet normal 0.2902847019591928 0.9569403282381104 0
    outer loop
      vertex 66.41186133027077 -22.63216723203659 23.110000000000003
      vertex 66.71173796057701 -22.72313382178545 27.11
      vertex 66.71173796057701 -22.72313382178545 23.110000000000003
    endloop
  endfacet
  facet normal 0.09801713550778611 0.9951847271471003 0
    outer loop
      vertex 66.0852619111538 -22.599999998509883 23.110000000000003
      vertex 66.0852619111538 -22.599999998509883 27.11
      vertex 66.41186133027077 -22.63216723203659 27.11
    endloop
  endfacet
  facet normal 0.2902847019591928 0.9569403282381104 0
    outer loop
      vertex 66.41186133027077 -22.63216723203659 23.110000000000003
      vertex 66.41186133027077 -22.63216723203659 27.11
      vertex 66.71173796057701 -22.72313382178545 27.11
    endloop
  endfacet
  facet normal 0.4713967417319894 0.8819212617260478 0
    outer loop
      vertex 66.71173796057701 -22.72313382178545 23.110000000000003
      vertex 66.71173796057701 -22.72313382178545 27.11
      vertex 66.98810594528913 -22.870855589210986 27.11
    endloop
  endfacet
  facet normal 0 0 1
    outer loop
      vertex 66.08384600281715 -22.628822077810764 27.11
      vertex 66.40621118247509 -22.66057227998972 27.11
      vertex 66.0852619111538 -22.599999998509883 27.11
    endloop
  endfacet
  facet normal 0 0 1
    outer loop
      vertex 66.0852619111538 -22.599999998509883 27.11
      vertex 66.40621118247509 -22.66057227998972 27.11
      vertex 66.41186133027077 -22.63216723203659 27.11
    endloop
  endfacet
  facet normal 0 0 1
    outer loop
      vertex 66.40621118247509 -22.66057227998972 27.11
      vertex 66.70065487921238 -22.74989080876112 27.11
      vertex 66.41186133027077 -22.63216723203659 27.11
    endloop
  endfacet
  facet normal 0 0 1
    outer loop
      vertex 66.41186133027077 -22.63216723203659 27.11
      vertex 66.70065487921238 -22.74989080876112 27.11
      vertex 66.71173796057701 -22.72313382178545 27.11
    endloop
  endfacet
  facet normal 0 0 1
    outer loop
      vertex 66.97201577574015 -22.894936230778693 27.11
      vertex 66.71173796057701 -22.72313382178545 27.11
      vertex 66.70065487921238 -22.74989080876112 27.11
    endloop
  endfacet
  facet normal -0.4713967407085527 -0.8819212622730862 0
    outer loop
      vertex 56.34198398888111 -26.53173570036888 21.91
      vertex 56.8268199339509 -26.790885914862155 21.6
      vertex 56.8268199339509 -26.790885914862155 21.91
    endloop
  endfacet
  facet normal -0.6343932585180345 -0.7730104744095454 0
    outer loop
      vertex 56.34198398888111 -26.53173570036888 21.6
      vertex 56.34198398888111 -26.53173570036888 21.91
      vertex 55.91702177375555 -26.182978247106075 21.91
    endloop
  endfacet
  facet normal -0.4713967407085527 -0.8819212622730862 0
    outer loop
      vertex 56.34198398888111 -26.53173570036888 21.6
      vertex 56.8268199339509 -26.790885914862155 21.6
      vertex 56.34198398888111 -26.53173570036888 21.91
    endloop
  endfacet
  facet normal 0 0 1
    outer loop
      vertex 56.34198398888111 -26.53173570036888 21.91
      vertex 56.8268199339509 -26.790885914862155 21.91
      vertex 56.47596599906683 -26.331217442452907 21.91
    endloop
  endfacet
  facet normal 0 0 1
    outer loop
      vertex 56.47596599906683 -26.331217442452907 21.91
      vertex 56.8268199339509 -26.790885914862155 21.91
      vertex 56.9191083535552 -26.568081972002982 21.91
    endloop
  endfacet
  facet normal -0.773010462996239 -0.6343932724251892 0
    outer loop
      vertex 55.91702177375555 -26.182978247106075 21.6
      vertex 55.91702177375555 -26.182978247106075 21.91
      vertex 55.56826428323984 -25.75801600217819 21.91
    endloop
  endfacet
  facet normal -0.773010462996239 -0.6343932724251892 0
    outer loop
      vertex 55.91702177375555 -26.182978247106075 21.6
      vertex 55.56826428323984 -25.75801600217819 21.91
      vertex 55.56826428323984 -25.75801600217819 21.6
    endloop
  endfacet
  facet normal 0 0 1
    outer loop
      vertex 55.91702177375555 -26.182978247106075 21.91
      vertex 56.08754853159189 -26.012451481819152 21.91
      vertex 55.768782533705235 -25.624033984541892 21.91
    endloop
  endfacet
  facet normal 0 0 1
    outer loop
      vertex 55.91702177375555 -26.182978247106075 21.91
      vertex 55.768782533705235 -25.624033984541892 21.91
      vertex 55.56826428323984 -25.75801600217819 21.91
    endloop
  endfacet
  facet normal -0.6343932585180345 -0.7730104744095454 0
    outer loop
      vertex 56.34198398888111 -26.53173570036888 21.6
      vertex 55.91702177375555 -26.182978247106075 21.91
      vertex 55.91702177375555 -26.182978247106075 21.6
    endloop
  endfacet
  facet normal 0 0 1
    outer loop
      vertex 56.34198398888111 -26.53173570036888 21.91
      vertex 56.08754853159189 -26.012451481819152 21.91
      vertex 55.91702177375555 -26.182978247106075 21.91
    endloop
  endfacet
  facet normal 0 0 1
    outer loop
      vertex 56.34198398888111 -26.53173570036888 21.91
      vertex 56.47596599906683 -26.331217442452907 21.91
      vertex 56.08754853159189 -26.012451481819152 21.91
    endloop
  endfacet
  facet normal -0.2902847123104027 -0.956940325098105 0
    outer loop
      vertex 56.8268199339509 -26.790885914862155 21.6
      vertex 57.3528975173831 -26.95046982616186 21.6
      vertex 56.8268199339509 -26.790885914862155 21.91
    endloop
  endfacet
  facet normal -0.2902847123104027 -0.956940325098105 0
    outer loop
      vertex 56.8268199339509 -26.790885914862155 21.91
      vertex 57.3528975173831 -26.95046982616186 21.6
      vertex 57.3528975173831 -26.95046982616186 21.91
    endloop
  endfacet
  facet normal 0 0 1
    outer loop
      vertex 56.8268199339509 -26.790885914862155 21.91
      vertex 57.3528975173831 -26.95046982616186 21.91
      vertex 57.39994575083256 -26.713942413032054 21.91
    endloop
  endfacet
  facet normal 0 0 1
    outer loop
      vertex 56.8268199339509 -26.790885914862155 21.91
      vertex 57.39994575083256 -26.713942413032054 21.91
      vertex 56.9191083535552 -26.568081972002982 21.91
    endloop
  endfacet
  facet normal -0.09801713801619412 -0.9951847269000436 0
    outer loop
      vertex 57.3528975173831 -26.95046982616186 21.6
      vertex 57.85578586906195 -27.000000004470348 21.6
      vertex 57.3528975173831 -26.95046982616186 21.91
    endloop
  endfacet
  facet normal 0 0 1
    outer loop
      vertex 57.3528975173831 -26.95046982616186 21.91
      vertex 57.86757631599903 -26.760000002384185 21.91
      vertex 57.39994575083256 -26.713942413032054 21.91
    endloop
  endfacet
  facet normal -0.09801713801619412 -0.9951847269000436 0
    outer loop
      vertex 57.3528975173831 -26.95046982616186 21.91
      vertex 57.85578586906195 -27.000000004470348 21.6
      vertex 57.85578586906195 -27.000000004470348 21.91
    endloop
  endfacet
  facet normal 0 0 1
    outer loop
      vertex 57.3528975173831 -26.95046982616186 21.91
      vertex 57.85578586906195 -27.000000004470348 21.91
      vertex 57.86757631599903 -26.760000002384185 21.91
    endloop
  endfacet
  facet normal -0.8819212584836917 -0.4713967477980108 0
    outer loop
      vertex 55.56826428323984 -25.75801600217819 21.6
      vertex 55.56826428323984 -25.75801600217819 21.91
      vertex 55.30911408364773 -25.273180094361305 21.91
    endloop
  endfacet
  facet normal -0.8819212584836917 -0.4713967477980108 0
    outer loop
      vertex 55.56826428323984 -25.75801600217819 21.6
      vertex 55.30911408364773 -25.273180094361305 21.91
      vertex 55.30911408364773 -25.273180094361305 21.6
    endloop
  endfacet
  facet normal 0 0 1
    outer loop
      vertex 55.56826428323984 -25.75801600217819 21.91
      vertex 55.53191803395748 -25.180891674757003 21.91
      vertex 55.30911408364773 -25.273180094361305 21.91
    endloop
  endfacet
  facet normal 0 0 1
    outer loop
      vertex 55.56826428323984 -25.75801600217819 21.91
      vertex 55.768782533705235 -25.624033984541892 21.91
      vertex 55.53191803395748 -25.180891674757003 21.91
    endloop
  endfacet
  facet normal -0.9569403334309151 -0.290284684840811 0
    outer loop
      vertex 55.30911408364773 -25.273180094361305 21.6
      vertex 55.30911408364773 -25.273180094361305 21.91
      vertex 55.1495301797986 -24.747102481126785 21.91
    endloop
  endfacet
  facet normal -0.9569403334309151 -0.290284684840811 0
    outer loop
      vertex 55.30911408364773 -25.273180094361305 21.6
      vertex 55.1495301797986 -24.747102481126785 21.91
      vertex 55.1495301797986 -24.747102481126785 21.6
    endloop
  endfacet
  facet normal 0 0 1
    outer loop
      vertex 55.30911408364773 -25.273180094361305 21.91
      vertex 55.38605759292841 -24.700054255127906 21.91
      vertex 55.1495301797986 -24.747102481126785 21.91
    endloop
  endfacet
  facet normal 0 0 1
    outer loop
      vertex 55.30911408364773 -25.273180094361305 21.91
      vertex 55.53191803395748 -25.180891674757003 21.91
      vertex 55.38605759292841 -24.700054255127906 21.91
    endloop
  endfacet
  facet normal -0.9951847275489358 -0.09801713142788075 0
    outer loop
      vertex 55.1495301797986 -24.747102481126785 21.6
      vertex 55.1495301797986 -24.747102481126785 21.91
      vertex 55.09564529359341 -24.2 21.91
    endloop
  endfacet
  facet normal 0 0 1
    outer loop
      vertex 55.1495301797986 -24.747102481126785 21.91
      vertex 55.38605759292841 -24.700054255127906 21.91
      vertex 55.336806550621986 -24.2 21.91
    endloop
  endfacet
  facet normal -0.9951847275489358 -0.09801713142788075 0
    outer loop
      vertex 55.1495301797986 -24.747102481126785 21.6
      vertex 55.09564529359341 -24.2 21.91
      vertex 55.09564529359341 -24.2 21.6
    endloop
  endfacet
  facet normal 0 0 1
    outer loop
      vertex 55.1495301797986 -24.747102481126785 21.91
      vertex 55.336806550621986 -24.2 21.91
      vertex 55.09564529359341 -24.2 21.91
    endloop
  endfacet
  facet normal 0 -1 0
    outer loop
      vertex 57.85578586906195 -27.000000004470348 21.6
      vertex 66.14421413093805 -27.000000004470348 21.6
      vertex 57.85578586906195 -27.000000004470348 21.91
    endloop
  endfacet
  facet normal 0 0 1
    outer loop
      vertex 57.85578586906195 -27.000000004470348 21.91
      vertex 67.1731800660491 -26.790885914862155 21.91
      vertex 57.86757631599903 -26.760000002384185 21.91
    endloop
  endfacet
  facet normal 0 0 1
    outer loop
      vertex 55.09564529359341 -24.2 21.91
      vertex 55.336806550621986 -24.2 21.91
      vertex 55.38605759292841 -23.699945744872092 21.91
    endloop
  endfacet
  facet normal -0.9951847275489358 0.09801713142788075 0
    outer loop
      vertex 55.09564529359341 -24.2 21.6
      vertex 55.09564529359341 -24.2 21.91
      vertex 55.1495301797986 -23.652897518873214 21.91
    endloop
  endfacet
  facet normal 0 0 1
    outer loop
      vertex 55.09564529359341 -24.2 21.91
      vertex 55.38605759292841 -23.699945744872092 21.91
      vertex 55.1495301797986 -23.652897518873214 21.91
    endloop
  endfacet
  facet normal -0.9951847275489358 0.09801713142788075 0
    outer loop
      vertex 55.09564529359341 -24.2 21.6
      vertex 55.1495301797986 -23.652897518873214 21.91
      vertex 55.1495301797986 -23.652897518873214 21.6
    endloop
  endfacet
  facet normal 0 0 1
    outer loop
      vertex 55.38605759292841 -23.699945744872092 21.91
      vertex 55.53191803395748 -23.219108325242996 21.91
      vertex 55.1495301797986 -23.652897518873214 21.91
    endloop
  endfacet
  facet normal -0.9569403334309151 0.290284684840811 0
    outer loop
      vertex 55.1495301797986 -23.652897518873214 21.6
      vertex 55.1495301797986 -23.652897518873214 21.91
      vertex 55.30911408364773 -23.126819905638694 21.91
    endloop
  endfacet
  facet normal 0 0 1
    outer loop
      vertex 55.1495301797986 -23.652897518873214 21.91
      vertex 55.53191803395748 -23.219108325242996 21.91
      vertex 55.30911408364773 -23.126819905638694 21.91
    endloop
  endfacet
  facet normal -0.9569403334309151 0.290284684840811 0
    outer loop
      vertex 55.1495301797986 -23.652897518873214 21.6
      vertex 55.30911408364773 -23.126819905638694 21.91
      vertex 55.30911408364773 -23.126819905638694 21.6
    endloop
  endfacet
  facet normal -0.8819212584836917 0.4713967477980108 0
    outer loop
      vertex 55.30911408364773 -23.126819905638694 21.6
      vertex 55.30911408364773 -23.126819905638694 21.91
      vertex 55.56826428323984 -22.641983997821807 21.91
    endloop
  endfacet
  facet normal -0.8819212584836917 0.4713967477980108 0
    outer loop
      vertex 55.30911408364773 -23.126819905638694 21.6
      vertex 55.56826428323984 -22.641983997821807 21.91
      vertex 55.56826428323984 -22.641983997821807 21.6
    endloop
  endfacet
  facet normal 0 0 1
    outer loop
      vertex 55.53191803395748 -23.219108325242996 21.91
      vertex 55.768782533705235 -22.775966015458106 21.91
      vertex 55.30911408364773 -23.126819905638694 21.91
    endloop
  endfacet
  facet normal 0 0 1
    outer loop
      vertex 55.30911408364773 -23.126819905638694 21.91
      vertex 55.768782533705235 -22.775966015458106 21.91
      vertex 55.56826428323984 -22.641983997821807 21.91
    endloop
  endfacet
  facet normal -0.773010462996239 0.6343932724251892 0
    outer loop
      vertex 55.56826428323984 -22.641983997821807 21.6
      vertex 55.56826428323984 -22.641983997821807 21.91
      vertex 55.91702177375555 -22.217021752893924 21.91
    endloop
  endfacet
  facet normal 0 0 1
    outer loop
      vertex 55.56826428323984 -22.641983997821807 21.91
      vertex 55.768782533705235 -22.775966015458106 21.91
      vertex 56.08754853159189 -22.387548518180846 21.91
    endloop
  endfacet
  facet normal 0 0 1
    outer loop
      vertex 55.56826428323984 -22.641983997821807 21.91
      vertex 56.08754853159189 -22.387548518180846 21.91
      vertex 55.91702177375555 -22.217021752893924 21.91
    endloop
  endfacet
  facet normal -0.773010462996239 0.6343932724251892 0
    outer loop
      vertex 55.56826428323984 -22.641983997821807 21.6
      vertex 55.91702177375555 -22.217021752893924 21.91
      vertex 55.91702177375555 -22.217021752893924 21.6
    endloop
  endfacet
  facet normal 0 0 1
    outer loop
      vertex 55.91702177375555 -22.217021752893924 21.91
      vertex 56.08754853159189 -22.387548518180846 21.91
      vertex 56.47596599906683 -22.06878255754709 21.91
    endloop
  endfacet
  facet normal -0.6343932585180345 0.7730104744095454 0
    outer loop
      vertex 55.91702177375555 -22.217021752893924 21.6
      vertex 55.91702177375555 -22.217021752893924 21.91
      vertex 56.34198398888111 -21.868264299631118 21.91
    endloop
  endfacet
  facet normal 0 0 1
    outer loop
      vertex 55.91702177375555 -22.217021752893924 21.91
      vertex 56.47596599906683 -22.06878255754709 21.91
      vertex 56.34198398888111 -21.868264299631118 21.91
    endloop
  endfacet
  facet normal -0.6343932585180345 0.7730104744095454 0
    outer loop
      vertex 55.91702177375555 -22.217021752893924 21.6
      vertex 56.34198398888111 -21.868264299631118 21.91
      vertex 56.34198398888111 -21.868264299631118 21.6
    endloop
  endfacet
  facet normal 0 0 1
    outer loop
      vertex 56.34198398888111 -21.868264299631118 21.91
      vertex 56.47596599906683 -22.06878255754709 21.91
      vertex 56.9191083535552 -21.831918027997016 21.91
    endloop
  endfacet
  facet normal -0.4713967407085527 0.8819212622730862 0
    outer loop
      vertex 56.34198398888111 -21.868264299631118 21.6
      vertex 56.34198398888111 -21.868264299631118 21.91
      vertex 56.8268199339509 -21.609114085137843 21.91
    endloop
  endfacet
  facet normal 0 0 1
    outer loop
      vertex 56.34198398888111 -21.868264299631118 21.91
      vertex 56.9191083535552 -21.831918027997016 21.91
      vertex 56.8268199339509 -21.609114085137843 21.91
    endloop
  endfacet
  facet normal -0.4713967407085527 0.8819212622730862 0
    outer loop
      vertex 56.34198398888111 -21.868264299631118 21.6
      vertex 56.8268199339509 -21.609114085137843 21.91
      vertex 56.8268199339509 -21.609114085137843 21.6
    endloop
  endfacet
  facet normal 0 0 1
    outer loop
      vertex 56.9191083535552 -21.831918027997016 21.91
      vertex 57.39994575083256 -21.686057586967944 21.91
      vertex 56.8268199339509 -21.609114085137843 21.91
    endloop
  endfacet
  facet normal -0.2902847123104027 0.956940325098105 0
    outer loop
      vertex 56.8268199339509 -21.609114085137843 21.6
      vertex 56.8268199339509 -21.609114085137843 21.91
      vertex 57.3528975173831 -21.449530173838138 21.91
    endloop
  endfacet
  facet normal -0.2902847123104027 0.956940325098105 0
    outer loop
      vertex 56.8268199339509 -21.609114085137843 21.6
      vertex 57.3528975173831 -21.449530173838138 21.91
      vertex 57.3528975173831 -21.449530173838138 21.6
    endloop
  endfacet
  facet normal 0 0 1
    outer loop
      vertex 56.8268199339509 -21.609114085137843 21.91
      vertex 57.39994575083256 -21.686057586967944 21.91
      vertex 57.86757631599903 -21.639999997615813 21.91
    endloop
  endfacet
  facet normal 0 0 1
    outer loop
      vertex 56.8268199339509 -21.609114085137843 21.91
      vertex 57.85578586906195 -21.39999999552965 21.91
      vertex 57.3528975173831 -21.449530173838138 21.91
    endloop
  endfacet
  facet normal -0.09801713801619412 0.9951847269000436 0
    outer loop
      vertex 57.3528975173831 -21.449530173838138 21.6
      vertex 57.3528975173831 -21.449530173838138 21.91
      vertex 57.85578586906195 -21.39999999552965 21.91
    endloop
  endfacet
  facet normal -0.09801713801619412 0.9951847269000436 0
    outer loop
      vertex 57.3528975173831 -21.449530173838138 21.6
      vertex 57.85578586906195 -21.39999999552965 21.91
      vertex 57.85578586906195 -21.39999999552965 21.6
    endloop
  endfacet
  facet normal 0 0 1
    outer loop
      vertex 56.8268199339509 -21.609114085137843 21.91
      vertex 57.86757631599903 -21.639999997615813 21.91
      vertex 66.13242368400097 -21.639999997615813 21.91
    endloop
  endfacet
  facet normal 0 0 1
    outer loop
      vertex 56.8268199339509 -21.609114085137843 21.91
      vertex 66.14421413093805 -21.39999999552965 21.91
      vertex 57.85578586906195 -21.39999999552965 21.91
    endloop
  endfacet
  facet normal 0 1 0
    outer loop
      vertex 57.85578586906195 -21.39999999552965 21.6
      vertex 57.85578586906195 -21.39999999552965 21.91
      vertex 66.14421413093805 -21.39999999552965 21.91
    endloop
  endfacet
  facet normal 0 -1 0
    outer loop
      vertex 57.85578586906195 -27.000000004470348 21.91
      vertex 66.14421413093805 -27.000000004470348 21.6
      vertex 66.14421413093805 -27.000000004470348 21.91
    endloop
  endfacet
  facet normal 0 0 1
    outer loop
      vertex 57.85578586906195 -27.000000004470348 21.91
      vertex 66.14421413093805 -27.000000004470348 21.91
      vertex 67.1731800660491 -26.790885914862155 21.91
    endloop
  endfacet
  facet normal 0 0 1
    outer loop
      vertex 57.86757631599903 -26.760000002384185 21.91
      vertex 67.1731800660491 -26.790885914862155 21.91
      vertex 66.13242368400097 -26.760000002384185 21.91
    endloop
  endfacet
  facet normal 0.09801713801619412 -0.9951847269000436 0
    outer loop
      vertex 66.14421413093805 -27.000000004470348 21.6
      vertex 66.6471024826169 -26.95046982616186 21.6
      vertex 66.14421413093805 -27.000000004470348 21.91
    endloop
  endfacet
  facet normal 0.09801713801619412 -0.9951847269000436 0
    outer loop
      vertex 66.14421413093805 -27.000000004470348 21.91
      vertex 66.6471024826169 -26.95046982616186 21.6
      vertex 66.6471024826169 -26.95046982616186 21.91
    endloop
  endfacet
  facet normal 0 0 1
    outer loop
      vertex 66.14421413093805 -27.000000004470348 21.91
      vertex 66.6471024826169 -26.95046982616186 21.91
      vertex 67.1731800660491 -26.790885914862155 21.91
    endloop
  endfacet
  facet normal 0 0 1
    outer loop
      vertex 66.13242368400097 -26.760000002384185 21.91
      vertex 67.1731800660491 -26.790885914862155 21.91
      vertex 66.60005424916744 -26.713942413032054 21.91
    endloop
  endfacet
  facet normal 0.2902847123104027 -0.956940325098105 0
    outer loop
      vertex 66.6471024826169 -26.95046982616186 21.6
      vertex 67.1731800660491 -26.790885914862155 21.6
      vertex 66.6471024826169 -26.95046982616186 21.91
    endloop
  endfacet
  facet normal 0.2902847123104027 -0.956940325098105 0
    outer loop
      vertex 66.6471024826169 -26.95046982616186 21.91
      vertex 67.1731800660491 -26.790885914862155 21.6
      vertex 67.1731800660491 -26.790885914862155 21.91
    endloop
  endfacet
  facet normal 0 0 1
    outer loop
      vertex 66.60005424916744 -26.713942413032054 21.91
      vertex 67.1731800660491 -26.790885914862155 21.91
      vertex 67.0808916464448 -26.568081972002982 21.91
    endloop
  endfacet
  facet normal 0.4713967407085527 -0.8819212622730862 0
    outer loop
      vertex 67.1731800660491 -26.790885914862155 21.6
      vertex 67.65801601111889 -26.53173570036888 21.6
      vertex 67.1731800660491 -26.790885914862155 21.91
    endloop
  endfacet
  facet normal 0 0 1
    outer loop
      vertex 67.1731800660491 -26.790885914862155 21.91
      vertex 67.65801601111889 -26.53173570036888 21.91
      vertex 67.0808916464448 -26.568081972002982 21.91
    endloop
  endfacet
  facet normal 0.4713967407085527 -0.8819212622730862 0
    outer loop
      vertex 67.1731800660491 -26.790885914862155 21.91
      vertex 67.65801601111889 -26.53173570036888 21.6
      vertex 67.65801601111889 -26.53173570036888 21.91
    endloop
  endfacet
  facet normal 0 0 1
    outer loop
      vertex 67.0808916464448 -26.568081972002982 21.91
      vertex 67.65801601111889 -26.53173570036888 21.91
      vertex 67.52403400093317 -26.331217442452907 21.91
    endloop
  endfacet
  facet normal 0.6343932585180345 -0.7730104744095454 0
    outer loop
      vertex 67.65801601111889 -26.53173570036888 21.6
      vertex 68.08297822624445 -26.182978247106075 21.6
      vertex 67.65801601111889 -26.53173570036888 21.91
    endloop
  endfacet
  facet normal 0 0 1
    outer loop
      vertex 67.52403400093317 -26.331217442452907 21.91
      vertex 67.65801601111889 -26.53173570036888 21.91
      vertex 68.08297822624445 -26.182978247106075 21.91
    endloop
  endfacet
  facet normal 0.6343932585180345 -0.7730104744095454 0
    outer loop
      vertex 67.65801601111889 -26.53173570036888 21.91
      vertex 68.08297822624445 -26.182978247106075 21.6
      vertex 68.08297822624445 -26.182978247106075 21.91
    endloop
  endfacet
  facet normal 0 0 1
    outer loop
      vertex 67.52403400093317 -26.331217442452907 21.91
      vertex 68.08297822624445 -26.182978247106075 21.91
      vertex 67.91245146840811 -26.012451481819152 21.91
    endloop
  endfacet
  facet normal 0.773010462996239 -0.6343932724251892 0
    outer loop
      vertex 68.08297822624445 -26.182978247106075 21.6
      vertex 68.43173571676016 -25.75801600217819 21.6
      vertex 68.08297822624445 -26.182978247106075 21.91
    endloop
  endfacet
  facet normal 0 0 1
    outer loop
      vertex 67.91245146840811 -26.012451481819152 21.91
      vertex 68.08297822624445 -26.182978247106075 21.91
      vertex 68.43173571676016 -25.75801600217819 21.91
    endloop
  endfacet
  facet normal 0 0 1
    outer loop
      vertex 67.91245146840811 -26.012451481819152 21.91
      vertex 68.43173571676016 -25.75801600217819 21.91
      vertex 68.23121746629477 -25.624033984541892 21.91
    endloop
  endfacet
  facet normal 0.773010462996239 -0.6343932724251892 0
    outer loop
      vertex 68.08297822624445 -26.182978247106075 21.91
      vertex 68.43173571676016 -25.75801600217819 21.6
      vertex 68.43173571676016 -25.75801600217819 21.91
    endloop
  endfacet
  facet normal 0 0 1
    outer loop
      vertex 68.23121746629477 -25.624033984541892 21.91
      vertex 68.43173571676016 -25.75801600217819 21.91
      vertex 68.69088591635227 -25.273180094361305 21.91
    endloop
  endfacet
  facet normal 0 0 1
    outer loop
      vertex 68.23121746629477 -25.624033984541892 21.91
      vertex 68.69088591635227 -25.273180094361305 21.91
      vertex 68.46808196604252 -25.180891674757003 21.91
    endloop
  endfacet
  facet normal 0.8819212584836917 -0.4713967477980108 0
    outer loop
      vertex 68.43173571676016 -25.75801600217819 21.6
      vertex 68.69088591635227 -25.273180094361305 21.6
      vertex 68.43173571676016 -25.75801600217819 21.91
    endloop
  endfacet
  facet normal 0.8819212584836917 -0.4713967477980108 0
    outer loop
      vertex 68.43173571676016 -25.75801600217819 21.91
      vertex 68.69088591635227 -25.273180094361305 21.6
      vertex 68.69088591635227 -25.273180094361305 21.91
    endloop
  endfacet
  facet normal 0.9569403334309151 -0.290284684840811 0
    outer loop
      vertex 68.69088591635227 -25.273180094361305 21.6
      vertex 68.8504698202014 -24.747102481126785 21.6
      vertex 68.69088591635227 -25.273180094361305 21.91
    endloop
  endfacet
  facet normal 0 0 1
    outer loop
      vertex 68.69088591635227 -25.273180094361305 21.91
      vertex 68.8504698202014 -24.747102481126785 21.91
      vertex 68.46808196604252 -25.180891674757003 21.91
    endloop
  endfacet
  facet normal 0.9569403334309151 -0.290284684840811 0
    outer loop
      vertex 68.69088591635227 -25.273180094361305 21.91
      vertex 68.8504698202014 -24.747102481126785 21.6
      vertex 68.8504698202014 -24.747102481126785 21.91
    endloop
  endfacet
  facet normal 0 0 1
    outer loop
      vertex 68.46808196604252 -25.180891674757003 21.91
      vertex 68.8504698202014 -24.747102481126785 21.91
      vertex 68.61394240707159 -24.700054255127906 21.91
    endloop
  endfacet
  facet normal 0.9951847275489358 -0.09801713142788075 0
    outer loop
      vertex 68.8504698202014 -24.747102481126785 21.6
      vertex 68.9043547064066 -24.2 21.6
      vertex 68.8504698202014 -24.747102481126785 21.91
    endloop
  endfacet
  facet normal 0 0 1
    outer loop
      vertex 68.8504698202014 -24.747102481126785 21.91
      vertex 68.9043547064066 -24.2 21.91
      vertex 68.61394240707159 -24.700054255127906 21.91
    endloop
  endfacet
  facet normal 0.9951847275489358 -0.09801713142788075 0
    outer loop
      vertex 68.8504698202014 -24.747102481126785 21.91
      vertex 68.9043547064066 -24.2 21.6
      vertex 68.9043547064066 -24.2 21.91
    endloop
  endfacet
  facet normal 0 0 1
    outer loop
      vertex 68.61394240707159 -24.700054255127906 21.91
      vertex 68.9043547064066 -24.2 21.91
      vertex 68.66319344937801 -24.2 21.91
    endloop
  endfacet
  facet normal 0 0 1
    outer loop
      vertex 56.8268199339509 -21.609114085137843 21.91
      vertex 66.13242368400097 -21.639999997615813 21.91
      vertex 66.14421413093805 -21.39999999552965 21.91
    endloop
  endfacet
  facet normal 0 1 0
    outer loop
      vertex 57.85578586906195 -21.39999999552965 21.6
      vertex 66.14421413093805 -21.39999999552965 21.91
      vertex 66.14421413093805 -21.39999999552965 21.6
    endloop
  endfacet
  facet normal 0.9951847275489358 0.09801713142788075 0
    outer loop
      vertex 68.9043547064066 -24.2 21.6
      vertex 68.8504698202014 -23.652897518873214 21.6
      vertex 68.9043547064066 -24.2 21.91
    endloop
  endfacet
  facet normal 0 0 1
    outer loop
      vertex 68.66319344937801 -24.2 21.91
      vertex 68.9043547064066 -24.2 21.91
      vertex 68.8504698202014 -23.652897518873214 21.91
    endloop
  endfacet
  facet normal 0 0 1
    outer loop
      vertex 68.66319344937801 -24.2 21.91
      vertex 68.8504698202014 -23.652897518873214 21.91
      vertex 68.61394240707159 -23.699945744872092 21.91
    endloop
  endfacet
  facet normal 0.9951847275489358 0.09801713142788075 0
    outer loop
      vertex 68.9043547064066 -24.2 21.91
      vertex 68.8504698202014 -23.652897518873214 21.6
      vertex 68.8504698202014 -23.652897518873214 21.91
    endloop
  endfacet
  facet normal 0 0 1
    outer loop
      vertex 68.61394240707159 -23.699945744872092 21.91
      vertex 68.69088591635227 -23.126819905638694 21.91
      vertex 68.46808196604252 -23.219108325242996 21.91
    endloop
  endfacet
  facet normal 0.9569403334309151 0.290284684840811 0
    outer loop
      vertex 68.8504698202014 -23.652897518873214 21.6
      vertex 68.69088591635227 -23.126819905638694 21.6
      vertex 68.8504698202014 -23.652897518873214 21.91
    endloop
  endfacet
  facet normal 0 0 1
    outer loop
      vertex 68.61394240707159 -23.699945744872092 21.91
      vertex 68.8504698202014 -23.652897518873214 21.91
      vertex 68.69088591635227 -23.126819905638694 21.91
    endloop
  endfacet
  facet normal 0.9569403334309151 0.290284684840811 0
    outer loop
      vertex 68.8504698202014 -23.652897518873214 21.91
      vertex 68.69088591635227 -23.126819905638694 21.6
      vertex 68.69088591635227 -23.126819905638694 21.91
    endloop
  endfacet
  facet normal 0 0 1
    outer loop
      vertex 68.46808196604252 -23.219108325242996 21.91
      vertex 68.43173571676016 -22.641983997821807 21.91
      vertex 68.23121746629477 -22.775966015458106 21.91
    endloop
  endfacet
  facet normal 0 0 1
    outer loop
      vertex 68.46808196604252 -23.219108325242996 21.91
      vertex 68.69088591635227 -23.126819905638694 21.91
      vertex 68.43173571676016 -22.641983997821807 21.91
    endloop
  endfacet
  facet normal 0.8819212584836917 0.4713967477980108 0
    outer loop
      vertex 68.69088591635227 -23.126819905638694 21.6
      vertex 68.43173571676016 -22.641983997821807 21.6
      vertex 68.69088591635227 -23.126819905638694 21.91
    endloop
  endfacet
  facet normal 0.8819212584836917 0.4713967477980108 0
    outer loop
      vertex 68.69088591635227 -23.126819905638694 21.91
      vertex 68.43173571676016 -22.641983997821807 21.6
      vertex 68.43173571676016 -22.641983997821807 21.91
    endloop
  endfacet
  facet normal 0 0 1
    outer loop
      vertex 66.13242368400097 -21.639999997615813 21.91
      vertex 66.6471024826169 -21.449530173838138 21.91
      vertex 66.14421413093805 -21.39999999552965 21.91
    endloop
  endfacet
  facet normal 0.09801713801619412 0.9951847269000436 0
    outer loop
      vertex 66.14421413093805 -21.39999999552965 21.6
      vertex 66.14421413093805 -21.39999999552965 21.91
      vertex 66.6471024826169 -21.449530173838138 21.91
    endloop
  endfacet
  facet normal 0 0 1
    outer loop
      vertex 66.13242368400097 -21.639999997615813 21.91
      vertex 66.60005424916744 -21.686057586967944 21.91
      vertex 66.6471024826169 -21.449530173838138 21.91
    endloop
  endfacet
  facet normal 0.09801713801619412 0.9951847269000436 0
    outer loop
      vertex 66.14421413093805 -21.39999999552965 21.6
      vertex 66.6471024826169 -21.449530173838138 21.91
      vertex 66.6471024826169 -21.449530173838138 21.6
    endloop
  endfacet
  facet normal 0 0 1
    outer loop
      vertex 67.0808916464448 -21.831918027997016 21.91
      vertex 67.1731800660491 -21.609114085137843 21.91
      vertex 66.60005424916744 -21.686057586967944 21.91
    endloop
  endfacet
  facet normal 0 0 1
    outer loop
      vertex 66.60005424916744 -21.686057586967944 21.91
      vertex 67.1731800660491 -21.609114085137843 21.91
      vertex 66.6471024826169 -21.449530173838138 21.91
    endloop
  endfacet
  facet normal 0.2902847123104027 0.956940325098105 0
    outer loop
      vertex 66.6471024826169 -21.449530173838138 21.6
      vertex 66.6471024826169 -21.449530173838138 21.91
      vertex 67.1731800660491 -21.609114085137843 21.91
    endloop
  endfacet
  facet normal 0.2902847123104027 0.956940325098105 0
    outer loop
      vertex 66.6471024826169 -21.449530173838138 21.6
      vertex 67.1731800660491 -21.609114085137843 21.91
      vertex 67.1731800660491 -21.609114085137843 21.6
    endloop
  endfacet
  facet normal 0 0 1
    outer loop
      vertex 67.91245146840811 -22.387548518180846 21.91
      vertex 67.65801601111889 -21.868264299631118 21.91
      vertex 67.52403400093317 -22.06878255754709 21.91
    endloop
  endfacet
  facet normal 0.6343932585180345 0.7730104744095454 0
    outer loop
      vertex 68.08297822624445 -22.217021752893924 21.6
      vertex 67.65801601111889 -21.868264299631118 21.6
      vertex 68.08297822624445 -22.217021752893924 21.91
    endloop
  endfacet
  facet normal 0 0 1
    outer loop
      vertex 67.91245146840811 -22.387548518180846 21.91
      vertex 68.08297822624445 -22.217021752893924 21.91
      vertex 67.65801601111889 -21.868264299631118 21.91
    endloop
  endfacet
  facet normal 0 0 1
    outer loop
      vertex 68.23121746629477 -22.775966015458106 21.91
      vertex 68.43173571676016 -22.641983997821807 21.91
      vertex 68.08297822624445 -22.217021752893924 21.91
    endloop
  endfacet
  facet normal 0 0 1
    outer loop
      vertex 67.91245146840811 -22.387548518180846 21.91
      vertex 68.23121746629477 -22.775966015458106 21.91
      vertex 68.08297822624445 -22.217021752893924 21.91
    endloop
  endfacet
  facet normal 0.773010462996239 0.6343932724251892 0
    outer loop
      vertex 68.43173571676016 -22.641983997821807 21.6
      vertex 68.08297822624445 -22.217021752893924 21.6
      vertex 68.43173571676016 -22.641983997821807 21.91
    endloop
  endfacet
  facet normal 0.773010462996239 0.6343932724251892 0
    outer loop
      vertex 68.43173571676016 -22.641983997821807 21.91
      vertex 68.08297822624445 -22.217021752893924 21.6
      vertex 68.08297822624445 -22.217021752893924 21.91
    endloop
  endfacet
  facet normal 0 0 1
    outer loop
      vertex 67.0808916464448 -21.831918027997016 21.91
      vertex 67.52403400093317 -22.06878255754709 21.91
      vertex 67.1731800660491 -21.609114085137843 21.91
    endloop
  endfacet
  facet normal 0 0 1
    outer loop
      vertex 67.1731800660491 -21.609114085137843 21.91
      vertex 67.52403400093317 -22.06878255754709 21.91
      vertex 67.65801601111889 -21.868264299631118 21.91
    endloop
  endfacet
  facet normal 0.4713967407085527 0.8819212622730862 0
    outer loop
      vertex 67.1731800660491 -21.609114085137843 21.6
      vertex 67.65801601111889 -21.868264299631118 21.91
      vertex 67.65801601111889 -21.868264299631118 21.6
    endloop
  endfacet
  facet normal 0.6343932585180345 0.7730104744095454 0
    outer loop
      vertex 68.08297822624445 -22.217021752893924 21.91
      vertex 67.65801601111889 -21.868264299631118 21.6
      vertex 67.65801601111889 -21.868264299631118 21.91
    endloop
  endfacet
  facet normal 0.4713967407085527 0.8819212622730862 0
    outer loop
      vertex 67.1731800660491 -21.609114085137843 21.6
      vertex 67.1731800660491 -21.609114085137843 21.91
      vertex 67.65801601111889 -21.868264299631118 21.91
    endloop
  endfacet
  facet normal -0.47139674652302516 -0.8819212591651859 0
    outer loop
      vertex 56.47596599906683 -26.331217442452907 21.91
      vertex 56.9191083535552 -26.568081972002982 21.91
      vertex 56.9191083535552 -26.568081972002982 22.21
    endloop
  endfacet
  facet normal -0.47139674652302516 -0.8819212591651859 0
    outer loop
      vertex 56.47596599906683 -26.331217442452907 21.91
      vertex 56.9191083535552 -26.568081972002982 22.21
      vertex 56.47596599906683 -26.331217442452907 22.21
    endloop
  endfacet
  facet normal 0 0 1
    outer loop
      vertex 56.47596599906683 -26.331217442452907 22.21
      vertex 56.9191083535552 -26.568081972002982 22.21
      vertex 57.011396773159504 -26.34527802169323 22.21
    endloop
  endfacet
  facet normal -0.773010457379324 -0.6343932792694201 0
    outer loop
      vertex 55.768782533705235 -25.624033984541892 21.91
      vertex 56.08754853159189 -26.012451481819152 22.21
      vertex 55.768782533705235 -25.624033984541892 22.21
    endloop
  endfacet
  facet normal -0.6343932640537939 -0.7730104698664653 0
    outer loop
      vertex 56.47596599906683 -26.331217442452907 21.91
      vertex 56.47596599906683 -26.331217442452907 22.21
      vertex 56.08754853159189 -26.012451481819152 21.91
    endloop
  endfacet
  facet normal -0.6343932640537939 -0.7730104698664653 0
    outer loop
      vertex 56.47596599906683 -26.331217442452907 22.21
      vertex 56.08754853159189 -26.012451481819152 22.21
      vertex 56.08754853159189 -26.012451481819152 21.91
    endloop
  endfacet
  facet normal 0 0 1
    outer loop
      vertex 56.08754853159189 -26.012451481819152 22.21
      vertex 56.60994801670313 -26.130699184536933 22.21
      vertex 56.258075289428234 -25.84192472398281 22.21
    endloop
  endfacet
  facet normal 0 0 1
    outer loop
      vertex 56.47596599906683 -26.331217442452907 22.21
      vertex 56.60994801670313 -26.130699184536933 22.21
      vertex 56.08754853159189 -26.012451481819152 22.21
    endloop
  endfacet
  facet normal 0 0 1
    outer loop
      vertex 56.47596599906683 -26.331217442452907 22.21
      vertex 57.011396773159504 -26.34527802169323 22.21
      vertex 56.60994801670313 -26.130699184536933 22.21
    endloop
  endfacet
  facet normal -0.773010457379324 -0.6343932792694201 0
    outer loop
      vertex 55.768782533705235 -25.624033984541892 21.91
      vertex 56.08754853159189 -26.012451481819152 21.91
      vertex 56.08754853159189 -26.012451481819152 22.21
    endloop
  endfacet
  facet normal 0 0 1
    outer loop
      vertex 55.768782533705235 -25.624033984541892 22.21
      vertex 56.08754853159189 -26.012451481819152 22.21
      vertex 56.258075289428234 -25.84192472398281 22.21
    endloop
  endfacet
  facet normal 0 0 1
    outer loop
      vertex 55.768782533705235 -25.624033984541892 22.21
      vertex 56.258075289428234 -25.84192472398281 22.21
      vertex 55.96930079162121 -25.490051966905593 22.21
    endloop
  endfacet
  facet normal -0.29028469768525406 -0.9569403295345958 0
    outer loop
      vertex 57.39994575083256 -26.713942413032054 21.91
      vertex 57.39994575083256 -26.713942413032054 22.21
      vertex 56.9191083535552 -26.568081972002982 21.91
    endloop
  endfacet
  facet normal -0.098017137665813 -0.9951847269345532 0
    outer loop
      vertex 57.39994575083256 -26.713942413032054 21.91
      vertex 57.86757631599903 -26.760000002384185 22.21
      vertex 57.39994575083256 -26.713942413032054 22.21
    endloop
  endfacet
  facet normal -0.29028469768525406 -0.9569403295345958 0
    outer loop
      vertex 57.39994575083256 -26.713942413032054 22.21
      vertex 56.9191083535552 -26.568081972002982 22.21
      vertex 56.9191083535552 -26.568081972002982 21.91
    endloop
  endfacet
  facet normal 0 0 1
    outer loop
      vertex 56.9191083535552 -26.568081972002982 22.21
      vertex 57.446993976831436 -26.477414999902248 22.21
      vertex 57.011396773159504 -26.34527802169323 22.21
    endloop
  endfacet
  facet normal 0 0 1
    outer loop
      vertex 57.39994575083256 -26.713942413032054 22.21
      vertex 57.879366755485535 -26.520000000298023 22.21
      vertex 56.9191083535552 -26.568081972002982 22.21
    endloop
  endfacet
  facet normal 0 0 1
    outer loop
      vertex 56.9191083535552 -26.568081972002982 22.21
      vertex 57.879366755485535 -26.520000000298023 22.21
      vertex 57.446993976831436 -26.477414999902248 22.21
    endloop
  endfacet
  facet normal -0.098017137665813 -0.9951847269345532 0
    outer loop
      vertex 57.39994575083256 -26.713942413032054 21.91
      vertex 57.86757631599903 -26.760000002384185 21.91
      vertex 57.86757631599903 -26.760000002384185 22.21
    endloop
  endfacet
  facet normal -0.8819212640531685 -0.47139673737825294 0
    outer loop
      vertex 55.768782533705235 -25.624033984541892 21.91
      vertex 55.768782533705235 -25.624033984541892 22.21
      vertex 55.53191803395748 -25.180891674757003 21.91
    endloop
  endfacet
  facet normal -0.8819212640531685 -0.47139673737825294 0
    outer loop
      vertex 55.768782533705235 -25.624033984541892 22.21
      vertex 55.53191803395748 -25.180891674757003 22.21
      vertex 55.53191803395748 -25.180891674757003 21.91
    endloop
  endfacet
  facet normal 0 0 1
    outer loop
      vertex 55.768782533705235 -25.624033984541892 22.21
      vertex 55.96930079162121 -25.490051966905593 22.21
      vertex 55.53191803395748 -25.180891674757003 22.21
    endloop
  endfacet
  facet normal 0 0 1
    outer loop
      vertex 55.53191803395748 -25.180891674757003 22.21
      vertex 55.96930079162121 -25.490051966905593 22.21
      vertex 55.754721984267235 -25.0886032551527 22.21
    endloop
  endfacet
  facet normal -0.9569403332829985 -0.2902846853284268 0
    outer loop
      vertex 55.53191803395748 -25.180891674757003 21.91
      vertex 55.53191803395748 -25.180891674757003 22.21
      vertex 55.38605759292841 -24.700054255127906 21.91
    endloop
  endfacet
  facet normal 0 0 1
    outer loop
      vertex 55.53191803395748 -25.180891674757003 22.21
      vertex 55.754721984267235 -25.0886032551527 22.21
      vertex 55.38605759292841 -24.700054255127906 22.21
    endloop
  endfacet
  facet normal -0.9569403332829985 -0.2902846853284268 0
    outer loop
      vertex 55.53191803395748 -25.180891674757003 22.21
      vertex 55.38605759292841 -24.700054255127906 22.21
      vertex 55.38605759292841 -24.700054255127906 21.91
    endloop
  endfacet
  facet normal 0 0 1
    outer loop
      vertex 55.754721984267235 -25.0886032551527 22.21
      vertex 55.622585006058216 -24.653006021678447 22.21
      vertex 55.38605759292841 -24.700054255127906 22.21
    endloop
  endfacet
  facet normal -0.9951847272615452 -0.09801713434580718 0
    outer loop
      vertex 55.38605759292841 -24.700054255127906 21.91
      vertex 55.38605759292841 -24.700054255127906 22.21
      vertex 55.336806550621986 -24.2 21.91
    endloop
  endfacet
  facet normal -0.9951847272615452 -0.09801713434580718 0
    outer loop
      vertex 55.38605759292841 -24.700054255127906 22.21
      vertex 55.336806550621986 -24.2 22.21
      vertex 55.336806550621986 -24.2 21.91
    endloop
  endfacet
  facet normal 0 0 1
    outer loop
      vertex 55.38605759292841 -24.700054255127906 22.21
      vertex 55.622585006058216 -24.653006021678447 22.21
      vertex 55.336806550621986 -24.2 22.21
    endloop
  endfacet
  facet normal 0 0 1
    outer loop
      vertex 55.622585006058216 -24.653006021678447 22.21
      vertex 55.577967807650566 -24.2 22.21
      vertex 55.336806550621986 -24.2 22.21
    endloop
  endfacet
  facet normal 0 -1 0
    outer loop
      vertex 57.86757631599903 -26.760000002384185 21.91
      vertex 66.13242368400097 -26.760000002384185 22.21
      vertex 57.86757631599903 -26.760000002384185 22.21
    endloop
  endfacet
  facet normal 0 0 1
    outer loop
      vertex 57.39994575083256 -26.713942413032054 22.21
      vertex 57.86757631599903 -26.760000002384185 22.21
      vertex 66.12063324451447 -26.520000000298023 22.21
    endloop
  endfacet
  facet normal 0 0 1
    outer loop
      vertex 57.39994575083256 -26.713942413032054 22.21
      vertex 66.12063324451447 -26.520000000298023 22.21
      vertex 57.879366755485535 -26.520000000298023 22.21
    endloop
  endfacet
  facet normal -0.9951847272615452 0.09801713434580718 0
    outer loop
      vertex 55.336806550621986 -24.2 21.91
      vertex 55.336806550621986 -24.2 22.21
      vertex 55.38605759292841 -23.699945744872092 21.91
    endloop
  endfacet
  facet normal -0.9951847272615452 0.09801713434580718 0
    outer loop
      vertex 55.336806550621986 -24.2 22.21
      vertex 55.38605759292841 -23.699945744872092 22.21
      vertex 55.38605759292841 -23.699945744872092 21.91
    endloop
  endfacet
  facet normal 0 0 1
    outer loop
      vertex 55.336806550621986 -24.2 22.21
      vertex 55.577967807650566 -24.2 22.21
      vertex 55.38605759292841 -23.699945744872092 22.21
    endloop
  endfacet
  facet normal 0 0 1
    outer loop
      vertex 55.577967807650566 -24.2 22.21
      vertex 55.622585006058216 -23.74699397832155 22.21
      vertex 55.38605759292841 -23.699945744872092 22.21
    endloop
  endfacet
  facet normal -0.9569403332829985 0.2902846853284268 0
    outer loop
      vertex 55.38605759292841 -23.699945744872092 21.91
      vertex 55.38605759292841 -23.699945744872092 22.21
      vertex 55.53191803395748 -23.219108325242996 21.91
    endloop
  endfacet
  facet normal 0 0 1
    outer loop
      vertex 55.38605759292841 -23.699945744872092 22.21
      vertex 55.622585006058216 -23.74699397832155 22.21
      vertex 55.53191803395748 -23.219108325242996 22.21
    endloop
  endfacet
  facet normal -0.9569403332829985 0.2902846853284268 0
    outer loop
      vertex 55.38605759292841 -23.699945744872092 22.21
      vertex 55.53191803395748 -23.219108325242996 22.21
      vertex 55.53191803395748 -23.219108325242996 21.91
    endloop
  endfacet
  facet normal 0 0 1
    outer loop
      vertex 55.622585006058216 -23.74699397832155 22.21
      vertex 55.754721984267235 -23.311396744847297 22.21
      vertex 55.53191803395748 -23.219108325242996 22.21
    endloop
  endfacet
  facet normal -0.8819212640531685 0.47139673737825294 0
    outer loop
      vertex 55.53191803395748 -23.219108325242996 21.91
      vertex 55.53191803395748 -23.219108325242996 22.21
      vertex 55.768782533705235 -22.775966015458106 21.91
    endloop
  endfacet
  facet normal -0.8819212640531685 0.47139673737825294 0
    outer loop
      vertex 55.53191803395748 -23.219108325242996 22.21
      vertex 55.768782533705235 -22.775966015458106 22.21
      vertex 55.768782533705235 -22.775966015458106 21.91
    endloop
  endfacet
  facet normal 0 0 1
    outer loop
      vertex 55.53191803395748 -23.219108325242996 22.21
      vertex 55.754721984267235 -23.311396744847297 22.21
      vertex 55.768782533705235 -22.775966015458106 22.21
    endloop
  endfacet
  facet normal 0 0 1
    outer loop
      vertex 55.754721984267235 -23.311396744847297 22.21
      vertex 55.96930079162121 -22.909948033094405 22.21
      vertex 55.768782533705235 -22.775966015458106 22.21
    endloop
  endfacet
  facet normal -0.773010457379324 0.6343932792694201 0
    outer loop
      vertex 55.768782533705235 -22.775966015458106 21.91
      vertex 55.768782533705235 -22.775966015458106 22.21
      vertex 56.08754853159189 -22.387548518180846 21.91
    endloop
  endfacet
  facet normal 0 0 1
    outer loop
      vertex 55.96930079162121 -22.909948033094405 22.21
      vertex 56.08754853159189 -22.387548518180846 22.21
      vertex 55.768782533705235 -22.775966015458106 22.21
    endloop
  endfacet
  facet normal -0.773010457379324 0.6343932792694201 0
    outer loop
      vertex 55.768782533705235 -22.775966015458106 22.21
      vertex 56.08754853159189 -22.387548518180846 22.21
      vertex 56.08754853159189 -22.387548518180846 21.91
    endloop
  endfacet
  facet normal 0 0 1
    outer loop
      vertex 55.96930079162121 -22.909948033094405 22.21
      vertex 56.258075289428234 -22.55807527601719 22.21
      vertex 56.08754853159189 -22.387548518180846 22.21
    endloop
  endfacet
  facet normal -0.6343932640537939 0.7730104698664653 0
    outer loop
      vertex 56.08754853159189 -22.387548518180846 21.91
      vertex 56.08754853159189 -22.387548518180846 22.21
      vertex 56.47596599906683 -22.06878255754709 21.91
    endloop
  endfacet
  facet normal -0.6343932640537939 0.7730104698664653 0
    outer loop
      vertex 56.08754853159189 -22.387548518180846 22.21
      vertex 56.47596599906683 -22.06878255754709 22.21
      vertex 56.47596599906683 -22.06878255754709 21.91
    endloop
  endfacet
  facet normal 0 0 1
    outer loop
      vertex 56.258075289428234 -22.55807527601719 22.21
      vertex 56.47596599906683 -22.06878255754709 22.21
      vertex 56.08754853159189 -22.387548518180846 22.21
    endloop
  endfacet
  facet normal 0 0 1
    outer loop
      vertex 56.258075289428234 -22.55807527601719 22.21
      vertex 56.60994801670313 -22.269300815463065 22.21
      vertex 56.47596599906683 -22.06878255754709 22.21
    endloop
  endfacet
  facet normal 0 0 1
    outer loop
      vertex 56.60994801670313 -22.269300815463065 22.21
      vertex 57.011396773159504 -22.05472197830677 22.21
      vertex 56.47596599906683 -22.06878255754709 22.21
    endloop
  endfacet
  facet normal -0.47139674652302516 0.8819212591651859 0
    outer loop
      vertex 56.47596599906683 -22.06878255754709 21.91
      vertex 56.47596599906683 -22.06878255754709 22.21
      vertex 56.9191083535552 -21.831918027997016 21.91
    endloop
  endfacet
  facet normal -0.47139674652302516 0.8819212591651859 0
    outer loop
      vertex 56.47596599906683 -22.06878255754709 22.21
      vertex 56.9191083535552 -21.831918027997016 22.21
      vertex 56.9191083535552 -21.831918027997016 21.91
    endloop
  endfacet
  facet normal 0 0 1
    outer loop
      vertex 56.47596599906683 -22.06878255754709 22.21
      vertex 57.011396773159504 -22.05472197830677 22.21
      vertex 56.9191083535552 -21.831918027997016 22.21
    endloop
  endfacet
  facet normal -0.29028469768525406 0.9569403295345958 0
    outer loop
      vertex 56.9191083535552 -21.831918027997016 21.91
      vertex 56.9191083535552 -21.831918027997016 22.21
      vertex 57.39994575083256 -21.686057586967944 21.91
    endloop
  endfacet
  facet normal 0 0 1
    outer loop
      vertex 57.011396773159504 -22.05472197830677 22.21
      vertex 57.446993976831436 -21.92258500009775 22.21
      vertex 56.9191083535552 -21.831918027997016 22.21
    endloop
  endfacet
  facet normal 0 0 1
    outer loop
      vertex 56.9191083535552 -21.831918027997016 22.21
      vertex 57.446993976831436 -21.92258500009775 22.21
      vertex 57.879366755485535 -21.879999999701976 22.21
    endloop
  endfacet
  facet normal -0.29028469768525406 0.9569403295345958 0
    outer loop
      vertex 56.9191083535552 -21.831918027997016 22.21
      vertex 57.39994575083256 -21.686057586967944 22.21
      vertex 57.39994575083256 -21.686057586967944 21.91
    endloop
  endfacet
  facet normal -0.098017137665813 0.9951847269345532 0
    outer loop
      vertex 57.39994575083256 -21.686057586967944 21.91
      vertex 57.39994575083256 -21.686057586967944 22.21
      vertex 57.86757631599903 -21.639999997615813 21.91
    endloop
  endfacet
  facet normal 0 0 1
    outer loop
      vertex 56.9191083535552 -21.831918027997016 22.21
      vertex 57.86757631599903 -21.639999997615813 22.21
      vertex 57.39994575083256 -21.686057586967944 22.21
    endloop
  endfacet
  facet normal -0.098017137665813 0.9951847269345532 0
    outer loop
      vertex 57.39994575083256 -21.686057586967944 22.21
      vertex 57.86757631599903 -21.639999997615813 22.21
      vertex 57.86757631599903 -21.639999997615813 21.91
    endloop
  endfacet
  facet normal 0 0 1
    outer loop
      vertex 56.9191083535552 -21.831918027997016 22.21
      vertex 57.879366755485535 -21.879999999701976 22.21
      vertex 66.13242368400097 -21.639999997615813 22.21
    endloop
  endfacet
  facet normal 0 1 0
    outer loop
      vertex 57.86757631599903 -21.639999997615813 21.91
      vertex 57.86757631599903 -21.639999997615813 22.21
      vertex 66.13242368400097 -21.639999997615813 21.91
    endloop
  endfacet
  facet normal 0 0 1
    outer loop
      vertex 56.9191083535552 -21.831918027997016 22.21
      vertex 66.13242368400097 -21.639999997615813 22.21
      vertex 57.86757631599903 -21.639999997615813 22.21
    endloop
  endfacet
  facet normal 0 -1 0
    outer loop
      vertex 57.86757631599903 -26.760000002384185 21.91
      vertex 66.13242368400097 -26.760000002384185 21.91
      vertex 66.13242368400097 -26.760000002384185 22.21
    endloop
  endfacet
  facet normal 0 0 1
    outer loop
      vertex 57.86757631599903 -26.760000002384185 22.21
      vertex 66.13242368400097 -26.760000002384185 22.21
      vertex 67.0808916464448 -26.568081972002982 22.21
    endloop
  endfacet
  facet normal 0 0 1
    outer loop
      vertex 57.86757631599903 -26.760000002384185 22.21
      vertex 67.0808916464448 -26.568081972002982 22.21
      vertex 66.12063324451447 -26.520000000298023 22.21
    endloop
  endfacet
  facet normal 0.098017137665813 -0.9951847269345532 0
    outer loop
      vertex 66.13242368400097 -26.760000002384185 21.91
      vertex 66.60005424916744 -26.713942413032054 22.21
      vertex 66.13242368400097 -26.760000002384185 22.21
    endloop
  endfacet
  facet normal 0.098017137665813 -0.9951847269345532 0
    outer loop
      vertex 66.13242368400097 -26.760000002384185 21.91
      vertex 66.60005424916744 -26.713942413032054 21.91
      vertex 66.60005424916744 -26.713942413032054 22.21
    endloop
  endfacet
  facet normal 0.29028469768525406 -0.9569403295345958 0
    outer loop
      vertex 66.60005424916744 -26.713942413032054 21.91
      vertex 67.0808916464448 -26.568081972002982 22.21
      vertex 66.60005424916744 -26.713942413032054 22.21
    endloop
  endfacet
  facet normal 0 0 1
    outer loop
      vertex 66.13242368400097 -26.760000002384185 22.21
      vertex 66.60005424916744 -26.713942413032054 22.21
      vertex 67.0808916464448 -26.568081972002982 22.21
    endloop
  endfacet
  facet normal 0.29028469768525406 -0.9569403295345958 0
    outer loop
      vertex 66.60005424916744 -26.713942413032054 21.91
      vertex 67.0808916464448 -26.568081972002982 21.91
      vertex 67.0808916464448 -26.568081972002982 22.21
    endloop
  endfacet
  facet normal 0 0 1
    outer loop
      vertex 66.12063324451447 -26.520000000298023 22.21
      vertex 67.0808916464448 -26.568081972002982 22.21
      vertex 66.55300602316856 -26.477414999902248 22.21
    endloop
  endfacet
  facet normal 0 0 1
    outer loop
      vertex 66.55300602316856 -26.477414999902248 22.21
      vertex 67.0808916464448 -26.568081972002982 22.21
      vertex 66.9886032268405 -26.34527802169323 22.21
    endloop
  endfacet
  facet normal 0.47139674652302516 -0.8819212591651859 0
    outer loop
      vertex 67.0808916464448 -26.568081972002982 21.91
      vertex 67.52403400093317 -26.331217442452907 22.21
      vertex 67.0808916464448 -26.568081972002982 22.21
    endloop
  endfacet
  facet normal 0.47139674652302516 -0.8819212591651859 0
    outer loop
      vertex 67.0808916464448 -26.568081972002982 21.91
      vertex 67.52403400093317 -26.331217442452907 21.91
      vertex 67.52403400093317 -26.331217442452907 22.21
    endloop
  endfacet
  facet normal 0 0 1
    outer loop
      vertex 67.0808916464448 -26.568081972002982 22.21
      vertex 67.52403400093317 -26.331217442452907 22.21
      vertex 66.9886032268405 -26.34527802169323 22.21
    endloop
  endfacet
  facet normal 0.6343932640537939 -0.7730104698664653 0
    outer loop
      vertex 67.52403400093317 -26.331217442452907 21.91
      vertex 67.91245146840811 -26.012451481819152 22.21
      vertex 67.52403400093317 -26.331217442452907 22.21
    endloop
  endfacet
  facet normal 0.6343932640537939 -0.7730104698664653 0
    outer loop
      vertex 67.52403400093317 -26.331217442452907 21.91
      vertex 67.91245146840811 -26.012451481819152 21.91
      vertex 67.91245146840811 -26.012451481819152 22.21
    endloop
  endfacet
  facet normal 0 0 1
    outer loop
      vertex 66.9886032268405 -26.34527802169323 22.21
      vertex 67.52403400093317 -26.331217442452907 22.21
      vertex 67.39005198329687 -26.130699184536933 22.21
    endloop
  endfacet
  facet normal 0 0 1
    outer loop
      vertex 67.52403400093317 -26.331217442452907 22.21
      vertex 67.74192471057177 -25.84192472398281 22.21
      vertex 67.39005198329687 -26.130699184536933 22.21
    endloop
  endfacet
  facet normal 0 0 1
    outer loop
      vertex 67.52403400093317 -26.331217442452907 22.21
      vertex 67.91245146840811 -26.012451481819152 22.21
      vertex 67.74192471057177 -25.84192472398281 22.21
    endloop
  endfacet
  facet normal 0.773010457379324 -0.6343932792694201 0
    outer loop
      vertex 67.91245146840811 -26.012451481819152 21.91
      vertex 68.23121746629477 -25.624033984541892 22.21
      vertex 67.91245146840811 -26.012451481819152 22.21
    endloop
  endfacet
  facet normal 0 0 1
    outer loop
      vertex 67.91245146840811 -26.012451481819152 22.21
      vertex 68.03069920837879 -25.490051966905593 22.21
      vertex 67.74192471057177 -25.84192472398281 22.21
    endloop
  endfacet
  facet normal 0.773010457379324 -0.6343932792694201 0
    outer loop
      vertex 67.91245146840811 -26.012451481819152 21.91
      vertex 68.23121746629477 -25.624033984541892 21.91
      vertex 68.23121746629477 -25.624033984541892 22.21
    endloop
  endfacet
  facet normal 0 0 1
    outer loop
      vertex 67.91245146840811 -26.012451481819152 22.21
      vertex 68.23121746629477 -25.624033984541892 22.21
      vertex 68.03069920837879 -25.490051966905593 22.21
    endloop
  endfacet
  facet normal 0.8819212640531685 -0.47139673737825294 0
    outer loop
      vertex 68.23121746629477 -25.624033984541892 21.91
      vertex 68.46808196604252 -25.180891674757003 22.21
      vertex 68.23121746629477 -25.624033984541892 22.21
    endloop
  endfacet
  facet normal 0.8819212640531685 -0.47139673737825294 0
    outer loop
      vertex 68.23121746629477 -25.624033984541892 21.91
      vertex 68.46808196604252 -25.180891674757003 21.91
      vertex 68.46808196604252 -25.180891674757003 22.21
    endloop
  endfacet
  facet normal 0 0 1
    outer loop
      vertex 68.23121746629477 -25.624033984541892 22.21
      vertex 68.24527801573277 -25.0886032551527 22.21
      vertex 68.03069920837879 -25.490051966905593 22.21
    endloop
  endfacet
  facet normal 0 0 1
    outer loop
      vertex 68.23121746629477 -25.624033984541892 22.21
      vertex 68.46808196604252 -25.180891674757003 22.21
      vertex 68.24527801573277 -25.0886032551527 22.21
    endloop
  endfacet
  facet normal 0.9569403332829985 -0.2902846853284268 0
    outer loop
      vertex 68.46808196604252 -25.180891674757003 21.91
      vertex 68.61394240707159 -24.700054255127906 22.21
      vertex 68.46808196604252 -25.180891674757003 22.21
    endloop
  endfacet
  facet normal 0 0 1
    outer loop
      vertex 68.24527801573277 -25.0886032551527 22.21
      vertex 68.46808196604252 -25.180891674757003 22.21
      vertex 68.37741499394178 -24.653006021678447 22.21
    endloop
  endfacet
  facet normal 0.9569403332829985 -0.2902846853284268 0
    outer loop
      vertex 68.46808196604252 -25.180891674757003 21.91
      vertex 68.61394240707159 -24.700054255127906 21.91
      vertex 68.61394240707159 -24.700054255127906 22.21
    endloop
  endfacet
  facet normal 0 0 1
    outer loop
      vertex 68.46808196604252 -25.180891674757003 22.21
      vertex 68.61394240707159 -24.700054255127906 22.21
      vertex 68.37741499394178 -24.653006021678447 22.21
    endloop
  endfacet
  facet normal 0.9951847272615452 -0.09801713434580718 0
    outer loop
      vertex 68.61394240707159 -24.700054255127906 21.91
      vertex 68.66319344937801 -24.2 22.21
      vertex 68.61394240707159 -24.700054255127906 22.21
    endloop
  endfacet
  facet normal 0.9951847272615452 -0.09801713434580718 0
    outer loop
      vertex 68.61394240707159 -24.700054255127906 21.91
      vertex 68.66319344937801 -24.2 21.91
      vertex 68.66319344937801 -24.2 22.21
    endloop
  endfacet
  facet normal 0 0 1
    outer loop
      vertex 68.37741499394178 -24.653006021678447 22.21
      vertex 68.61394240707159 -24.700054255127906 22.21
      vertex 68.42203219234943 -24.2 22.21
    endloop
  endfacet
  facet normal 0 0 1
    outer loop
      vertex 68.61394240707159 -24.700054255127906 22.21
      vertex 68.66319344937801 -24.2 22.21
      vertex 68.42203219234943 -24.2 22.21
    endloop
  endfacet
  facet normal 0 0 1
    outer loop
      vertex 57.879366755485535 -21.879999999701976 22.21
      vertex 66.12063324451447 -21.879999999701976 22.21
      vertex 66.60005424916744 -21.686057586967944 22.21
    endloop
  endfacet
  facet normal 0 1 0
    outer loop
      vertex 57.86757631599903 -21.639999997615813 22.21
      vertex 66.13242368400097 -21.639999997615813 22.21
      vertex 66.13242368400097 -21.639999997615813 21.91
    endloop
  endfacet
  facet normal 0 0 1
    outer loop
      vertex 57.879366755485535 -21.879999999701976 22.21
      vertex 66.60005424916744 -21.686057586967944 22.21
      vertex 66.13242368400097 -21.639999997615813 22.21
    endloop
  endfacet
  facet normal 0.9951847272615452 0.09801713434580718 0
    outer loop
      vertex 68.66319344937801 -24.2 21.91
      vertex 68.61394240707159 -23.699945744872092 22.21
      vertex 68.66319344937801 -24.2 22.21
    endloop
  endfacet
  facet normal 0.9951847272615452 0.09801713434580718 0
    outer loop
      vertex 68.66319344937801 -24.2 21.91
      vertex 68.61394240707159 -23.699945744872092 21.91
      vertex 68.61394240707159 -23.699945744872092 22.21
    endloop
  endfacet
  facet normal 0 0 1
    outer loop
      vertex 68.42203219234943 -24.2 22.21
      vertex 68.66319344937801 -24.2 22.21
      vertex 68.37741499394178 -23.74699397832155 22.21
    endloop
  endfacet
  facet normal 0 0 1
    outer loop
      vertex 68.66319344937801 -24.2 22.21
      vertex 68.61394240707159 -23.699945744872092 22.21
      vertex 68.37741499394178 -23.74699397832155 22.21
    endloop
  endfacet
  facet normal 0.9569403332829985 0.2902846853284268 0
    outer loop
      vertex 68.61394240707159 -23.699945744872092 21.91
      vertex 68.46808196604252 -23.219108325242996 22.21
      vertex 68.61394240707159 -23.699945744872092 22.21
    endloop
  endfacet
  facet normal 0 0 1
    outer loop
      vertex 68.37741499394178 -23.74699397832155 22.21
      vertex 68.61394240707159 -23.699945744872092 22.21
      vertex 68.24527801573277 -23.311396744847297 22.21
    endloop
  endfacet
  facet normal 0.9569403332829985 0.2902846853284268 0
    outer loop
      vertex 68.61394240707159 -23.699945744872092 21.91
      vertex 68.46808196604252 -23.219108325242996 21.91
      vertex 68.46808196604252 -23.219108325242996 22.21
    endloop
  endfacet
  facet normal 0 0 1
    outer loop
      vertex 68.61394240707159 -23.699945744872092 22.21
      vertex 68.46808196604252 -23.219108325242996 22.21
      vertex 68.24527801573277 -23.311396744847297 22.21
    endloop
  endfacet
  facet normal 0.8819212640531685 0.47139673737825294 0
    outer loop
      vertex 68.46808196604252 -23.219108325242996 21.91
      vertex 68.23121746629477 -22.775966015458106 22.21
      vertex 68.46808196604252 -23.219108325242996 22.21
    endloop
  endfacet
  facet normal 0.8819212640531685 0.47139673737825294 0
    outer loop
      vertex 68.46808196604252 -23.219108325242996 21.91
      vertex 68.23121746629477 -22.775966015458106 21.91
      vertex 68.23121746629477 -22.775966015458106 22.21
    endloop
  endfacet
  facet normal 0 0 1
    outer loop
      vertex 68.03069920837879 -22.909948033094405 22.21
      vertex 68.24527801573277 -23.311396744847297 22.21
      vertex 68.46808196604252 -23.219108325242996 22.21
    endloop
  endfacet
  facet normal 0 0 1
    outer loop
      vertex 68.03069920837879 -22.909948033094405 22.21
      vertex 68.46808196604252 -23.219108325242996 22.21
      vertex 68.23121746629477 -22.775966015458106 22.21
    endloop
  endfacet
  facet normal 0.098017137665813 0.9951847269345532 0
    outer loop
      vertex 66.13242368400097 -21.639999997615813 21.91
      vertex 66.13242368400097 -21.639999997615813 22.21
      vertex 66.60005424916744 -21.686057586967944 21.91
    endloop
  endfacet
  facet normal 0.29028469768525406 0.9569403295345958 0
    outer loop
      vertex 67.0808916464448 -21.831918027997016 21.91
      vertex 66.60005424916744 -21.686057586967944 22.21
      vertex 67.0808916464448 -21.831918027997016 22.21
    endloop
  endfacet
  facet normal 0 0 1
    outer loop
      vertex 66.12063324451447 -21.879999999701976 22.21
      vertex 66.55300602316856 -21.92258500009775 22.21
      vertex 67.0808916464448 -21.831918027997016 22.21
    endloop
  endfacet
  facet normal 0 0 1
    outer loop
      vertex 66.12063324451447 -21.879999999701976 22.21
      vertex 67.0808916464448 -21.831918027997016 22.21
      vertex 66.60005424916744 -21.686057586967944 22.21
    endloop
  endfacet
  facet normal 0 0 1
    outer loop
      vertex 66.55300602316856 -21.92258500009775 22.21
      vertex 66.9886032268405 -22.05472197830677 22.21
      vertex 67.0808916464448 -21.831918027997016 22.21
    endloop
  endfacet
  facet normal 0.098017137665813 0.9951847269345532 0
    outer loop
      vertex 66.13242368400097 -21.639999997615813 22.21
      vertex 66.60005424916744 -21.686057586967944 22.21
      vertex 66.60005424916744 -21.686057586967944 21.91
    endloop
  endfacet
  facet normal 0.29028469768525406 0.9569403295345958 0
    outer loop
      vertex 67.0808916464448 -21.831918027997016 21.91
      vertex 66.60005424916744 -21.686057586967944 21.91
      vertex 66.60005424916744 -21.686057586967944 22.21
    endloop
  endfacet
  facet normal 0.773010457379324 0.6343932792694201 0
    outer loop
      vertex 67.91245146840811 -22.387548518180846 21.91
      vertex 67.91245146840811 -22.387548518180846 22.21
      vertex 68.23121746629477 -22.775966015458106 21.91
    endloop
  endfacet
  facet normal 0 0 1
    outer loop
      vertex 68.03069920837879 -22.909948033094405 22.21
      vertex 68.23121746629477 -22.775966015458106 22.21
      vertex 67.74192471057177 -22.55807527601719 22.21
    endloop
  endfacet
  facet normal 0 0 1
    outer loop
      vertex 67.74192471057177 -22.55807527601719 22.21
      vertex 68.23121746629477 -22.775966015458106 22.21
      vertex 67.91245146840811 -22.387548518180846 22.21
    endloop
  endfacet
  facet normal 0.6343932640537939 0.7730104698664653 0
    outer loop
      vertex 67.91245146840811 -22.387548518180846 21.91
      vertex 67.52403400093317 -22.06878255754709 22.21
      vertex 67.91245146840811 -22.387548518180846 22.21
    endloop
  endfacet
  facet normal 0.6343932640537939 0.7730104698664653 0
    outer loop
      vertex 67.91245146840811 -22.387548518180846 21.91
      vertex 67.52403400093317 -22.06878255754709 21.91
      vertex 67.52403400093317 -22.06878255754709 22.21
    endloop
  endfacet
  facet normal 0 0 1
    outer loop
      vertex 66.9886032268405 -22.05472197830677 22.21
      vertex 67.39005198329687 -22.269300815463065 22.21
      vertex 67.52403400093317 -22.06878255754709 22.21
    endloop
  endfacet
  facet normal 0 0 1
    outer loop
      vertex 67.39005198329687 -22.269300815463065 22.21
      vertex 67.91245146840811 -22.387548518180846 22.21
      vertex 67.52403400093317 -22.06878255754709 22.21
    endloop
  endfacet
  facet normal 0 0 1
    outer loop
      vertex 67.74192471057177 -22.55807527601719 22.21
      vertex 67.91245146840811 -22.387548518180846 22.21
      vertex 67.39005198329687 -22.269300815463065 22.21
    endloop
  endfacet
  facet normal 0.773010457379324 0.6343932792694201 0
    outer loop
      vertex 67.91245146840811 -22.387548518180846 22.21
      vertex 68.23121746629477 -22.775966015458106 22.21
      vertex 68.23121746629477 -22.775966015458106 21.91
    endloop
  endfacet
  facet normal 0.47139674652302516 0.8819212591651859 0
    outer loop
      vertex 67.0808916464448 -21.831918027997016 22.21
      vertex 67.52403400093317 -22.06878255754709 22.21
      vertex 67.52403400093317 -22.06878255754709 21.91
    endloop
  endfacet
  facet normal 0.47139674652302516 0.8819212591651859 0
    outer loop
      vertex 67.0808916464448 -21.831918027997016 21.91
      vertex 67.0808916464448 -21.831918027997016 22.21
      vertex 67.52403400093317 -22.06878255754709 21.91
    endloop
  endfacet
  facet normal 0 0 1
    outer loop
      vertex 66.9886032268405 -22.05472197830677 22.21
      vertex 67.52403400093317 -22.06878255754709 22.21
      vertex 67.0808916464448 -21.831918027997016 22.21
    endloop
  endfacet
  facet normal -0.4713967476192942 -0.8819212585792178 0
    outer loop
      vertex 56.60994801670313 -26.130699184536933 22.21
      vertex 57.011396773159504 -26.34527802169323 22.21
      vertex 56.60994801670313 -26.130699184536933 22.51
    endloop
  endfacet
  facet normal 0 0 1
    outer loop
      vertex 56.60994801670313 -26.130699184536933 22.51
      vertex 57.011396773159504 -26.34527802169323 22.51
      vertex 56.74393002688885 -25.93018092662096 22.51
    endloop
  endfacet
  facet normal -0.6343932529322859 -0.7730104789936503 0
    outer loop
      vertex 56.60994801670313 -26.130699184536933 22.21
      vertex 56.60994801670313 -26.130699184536933 22.51
      vertex 56.258075289428234 -25.84192472398281 22.51
    endloop
  endfacet
  facet normal -0.6343932529322859 -0.7730104789936503 0
    outer loop
      vertex 56.60994801670313 -26.130699184536933 22.21
      vertex 56.258075289428234 -25.84192472398281 22.51
      vertex 56.258075289428234 -25.84192472398281 22.21
    endloop
  endfacet
  facet normal -0.7730104652096209 -0.6343932697281754 0
    outer loop
      vertex 56.258075289428234 -25.84192472398281 22.21
      vertex 56.258075289428234 -25.84192472398281 22.51
      vertex 55.96930079162121 -25.490051966905593 22.51
    endloop
  endfacet
  facet normal -0.7730104652096209 -0.6343932697281754 0
    outer loop
      vertex 56.258075289428234 -25.84192472398281 22.21
      vertex 55.96930079162121 -25.490051966905593 22.51
      vertex 55.96930079162121 -25.490051966905593 22.21
    endloop
  endfacet
  facet normal 0 0 1
    outer loop
      vertex 56.258075289428234 -25.84192472398281 22.51
      vertex 56.42860205471516 -25.671397958695888 22.51
      vertex 56.16981904953718 -25.356069949269294 22.51
    endloop
  endfacet
  facet normal 0 0 1
    outer loop
      vertex 56.60994801670313 -26.130699184536933 22.51
      vertex 56.42860205471516 -25.671397958695888 22.51
      vertex 56.258075289428234 -25.84192472398281 22.51
    endloop
  endfacet
  facet normal 0 0 1
    outer loop
      vertex 56.60994801670313 -26.130699184536933 22.51
      vertex 56.74393002688885 -25.93018092662096 22.51
      vertex 56.42860205471516 -25.671397958695888 22.51
    endloop
  endfacet
  facet normal -0.2902846995575089 -0.9569403289666534 0
    outer loop
      vertex 57.011396773159504 -26.34527802169323 22.21
      vertex 57.446993976831436 -26.477414999902248 22.21
      vertex 57.011396773159504 -26.34527802169323 22.51
    endloop
  endfacet
  facet normal -0.09801713725828831 -0.9951847269746908 0
    outer loop
      vertex 57.446993976831436 -26.477414999902248 22.21
      vertex 57.879366755485535 -26.520000000298023 22.21
      vertex 57.446993976831436 -26.477414999902248 22.51
    endloop
  endfacet
  facet normal -0.2902846995575089 -0.9569403289666534 0
    outer loop
      vertex 57.446993976831436 -26.477414999902248 22.21
      vertex 57.446993976831436 -26.477414999902248 22.51
      vertex 57.011396773159504 -26.34527802169323 22.51
    endloop
  endfacet
  facet normal 0 0 1
    outer loop
      vertex 57.011396773159504 -26.34527802169323 22.51
      vertex 57.446993976831436 -26.477414999902248 22.51
      vertex 57.89115720242262 -26.27999999821186 22.51
    endloop
  endfacet
  facet normal -0.09801713725828831 -0.9951847269746908 0
    outer loop
      vertex 57.879366755485535 -26.520000000298023 22.21
      vertex 57.879366755485535 -26.520000000298023 22.51
      vertex 57.446993976831436 -26.477414999902248 22.51
    endloop
  endfacet
  facet normal 0 0 1
    outer loop
      vertex 57.446993976831436 -26.477414999902248 22.51
      vertex 57.879366755485535 -26.520000000298023 22.51
      vertex 57.89115720242262 -26.27999999821186 22.51
    endloop
  endfacet
  facet normal -0.4713967476192942 -0.8819212585792178 0
    outer loop
      vertex 57.011396773159504 -26.34527802169323 22.21
      vertex 57.011396773159504 -26.34527802169323 22.51
      vertex 56.60994801670313 -26.130699184536933 22.51
    endloop
  endfacet
  facet normal 0 0 1
    outer loop
      vertex 56.74393002688885 -25.93018092662096 22.51
      vertex 57.011396773159504 -26.34527802169323 22.51
      vertex 57.103685200214386 -26.122474071383476 22.51
    endloop
  endfacet
  facet normal 0 0 1
    outer loop
      vertex 57.011396773159504 -26.34527802169323 22.51
      vertex 57.494042210280895 -26.24088759422302 22.51
      vertex 57.103685200214386 -26.122474071383476 22.51
    endloop
  endfacet
  facet normal 0 0 1
    outer loop
      vertex 57.011396773159504 -26.34527802169323 22.51
      vertex 57.89115720242262 -26.27999999821186 22.51
      vertex 57.494042210280895 -26.24088759422302 22.51
    endloop
  endfacet
  facet normal -0.8819212639748555 -0.47139673752476596 0
    outer loop
      vertex 55.96930079162121 -25.490051966905593 22.21
      vertex 55.96930079162121 -25.490051966905593 22.51
      vertex 55.754721984267235 -25.0886032551527 22.51
    endloop
  endfacet
  facet normal -0.8819212639748555 -0.47139673752476596 0
    outer loop
      vertex 55.754721984267235 -25.0886032551527 22.21
      vertex 55.96930079162121 -25.490051966905593 22.21
      vertex 55.754721984267235 -25.0886032551527 22.51
    endloop
  endfacet
  facet normal 0 0 1
    outer loop
      vertex 55.754721984267235 -25.0886032551527 22.51
      vertex 55.96930079162121 -25.490051966905593 22.51
      vertex 55.97752592712641 -24.9963148355484 22.51
    endloop
  endfacet
  facet normal -0.9569403344835917 -0.2902846813706013 0
    outer loop
      vertex 55.754721984267235 -25.0886032551527 22.21
      vertex 55.754721984267235 -25.0886032551527 22.51
      vertex 55.622585006058216 -24.653006021678447 22.51
    endloop
  endfacet
  facet normal 0 0 1
    outer loop
      vertex 56.258075289428234 -25.84192472398281 22.51
      vertex 56.16981904953718 -25.356069949269294 22.51
      vertex 55.96930079162121 -25.490051966905593 22.51
    endloop
  endfacet
  facet normal 0 0 1
    outer loop
      vertex 55.96930079162121 -25.490051966905593 22.51
      vertex 56.16981904953718 -25.356069949269294 22.51
      vertex 55.97752592712641 -24.9963148355484 22.51
    endloop
  endfacet
  facet normal -0.9569403344835917 -0.2902846813706013 0
    outer loop
      vertex 55.754721984267235 -25.0886032551527 22.21
      vertex 55.622585006058216 -24.653006021678447 22.51
      vertex 55.622585006058216 -24.653006021678447 22.21
    endloop
  endfacet
  facet normal 0 0 1
    outer loop
      vertex 55.754721984267235 -25.0886032551527 22.51
      vertex 55.97752592712641 -24.9963148355484 22.51
      vertex 55.85911241173744 -24.60595779567957 22.51
    endloop
  endfacet
  facet normal 0 0 1
    outer loop
      vertex 55.754721984267235 -25.0886032551527 22.51
      vertex 55.85911241173744 -24.60595779567957 22.51
      vertex 55.622585006058216 -24.653006021678447 22.51
    endloop
  endfacet
  facet normal -0.9951847267572078 -0.09801713946643058 0
    outer loop
      vertex 55.622585006058216 -24.653006021678447 22.21
      vertex 55.622585006058216 -24.653006021678447 22.51
      vertex 55.577967807650566 -24.2 22.51
    endloop
  endfacet
  facet normal 0 0 1
    outer loop
      vertex 55.622585006058216 -24.653006021678447 22.51
      vertex 55.85911241173744 -24.60595779567957 22.51
      vertex 55.819129064679146 -24.2 22.51
    endloop
  endfacet
  facet normal -0.9951847267572078 -0.09801713946643058 0
    outer loop
      vertex 55.622585006058216 -24.653006021678447 22.21
      vertex 55.577967807650566 -24.2 22.51
      vertex 55.577967807650566 -24.2 22.21
    endloop
  endfacet
  facet normal 0 0 1
    outer loop
      vertex 55.622585006058216 -24.653006021678447 22.51
      vertex 55.819129064679146 -24.2 22.51
      vertex 55.577967807650566 -24.2 22.51
    endloop
  endfacet
  facet normal 0 -1 0
    outer loop
      vertex 57.879366755485535 -26.520000000298023 22.21
      vertex 66.12063324451447 -26.520000000298023 22.21
      vertex 57.879366755485535 -26.520000000298023 22.51
    endloop
  endfacet
  facet normal 0 0 1
    outer loop
      vertex 57.879366755485535 -26.520000000298023 22.51
      vertex 66.9886032268405 -26.34527802169323 22.51
      vertex 57.89115720242262 -26.27999999821186 22.51
    endloop
  endfacet
  facet normal -0.9951847267572078 0.09801713946643058 0
    outer loop
      vertex 55.577967807650566 -24.2 22.21
      vertex 55.577967807650566 -24.2 22.51
      vertex 55.622585006058216 -23.74699397832155 22.51
    endloop
  endfacet
  facet normal 0 0 1
    outer loop
      vertex 55.577967807650566 -24.2 22.51
      vertex 55.819129064679146 -24.2 22.51
      vertex 55.85911241173744 -23.79404220432043 22.51
    endloop
  endfacet
  facet normal -0.9951847267572078 0.09801713946643058 0
    outer loop
      vertex 55.577967807650566 -24.2 22.21
      vertex 55.622585006058216 -23.74699397832155 22.51
      vertex 55.622585006058216 -23.74699397832155 22.21
    endloop
  endfacet
  facet normal 0 0 1
    outer loop
      vertex 55.577967807650566 -24.2 22.51
      vertex 55.85911241173744 -23.79404220432043 22.51
      vertex 55.622585006058216 -23.74699397832155 22.51
    endloop
  endfacet
  facet normal -0.9569403344835917 0.2902846813706013 0
    outer loop
      vertex 55.622585006058216 -23.74699397832155 22.21
      vertex 55.622585006058216 -23.74699397832155 22.51
      vertex 55.754721984267235 -23.311396744847297 22.51
    endloop
  endfacet
  facet normal 0 0 1
    outer loop
      vertex 55.622585006058216 -23.74699397832155 22.51
      vertex 55.85911241173744 -23.79404220432043 22.51
      vertex 55.97752592712641 -23.4036851644516 22.51
    endloop
  endfacet
  facet normal -0.9569403344835917 0.2902846813706013 0
    outer loop
      vertex 55.622585006058216 -23.74699397832155 22.21
      vertex 55.754721984267235 -23.311396744847297 22.51
      vertex 55.754721984267235 -23.311396744847297 22.21
    endloop
  endfacet
  facet normal 0 0 1
    outer loop
      vertex 55.622585006058216 -23.74699397832155 22.51
      vertex 55.97752592712641 -23.4036851644516 22.51
      vertex 55.754721984267235 -23.311396744847297 22.51
    endloop
  endfacet
  facet normal -0.8819212639748555 0.47139673752476596 0
    outer loop
      vertex 55.754721984267235 -23.311396744847297 22.21
      vertex 55.754721984267235 -23.311396744847297 22.51
      vertex 55.96930079162121 -22.909948033094405 22.51
    endloop
  endfacet
  facet normal -0.8819212639748555 0.47139673752476596 0
    outer loop
      vertex 55.754721984267235 -23.311396744847297 22.21
      vertex 55.96930079162121 -22.909948033094405 22.51
      vertex 55.96930079162121 -22.909948033094405 22.21
    endloop
  endfacet
  facet normal 0 0 1
    outer loop
      vertex 55.754721984267235 -23.311396744847297 22.51
      vertex 55.97752592712641 -23.4036851644516 22.51
      vertex 56.16981904953718 -23.043930050730705 22.51
    endloop
  endfacet
  facet normal 0 0 1
    outer loop
      vertex 55.754721984267235 -23.311396744847297 22.51
      vertex 56.16981904953718 -23.043930050730705 22.51
      vertex 55.96930079162121 -22.909948033094405 22.51
    endloop
  endfacet
  facet normal 0 0 1
    outer loop
      vertex 56.16981904953718 -23.043930050730705 22.51
      vertex 56.42860205471516 -22.72860204130411 22.51
      vertex 55.96930079162121 -22.909948033094405 22.51
    endloop
  endfacet
  facet normal -0.7730104652096209 0.6343932697281754 0
    outer loop
      vertex 55.96930079162121 -22.909948033094405 22.21
      vertex 55.96930079162121 -22.909948033094405 22.51
      vertex 56.258075289428234 -22.55807527601719 22.51
    endloop
  endfacet
  facet normal -0.7730104652096209 0.6343932697281754 0
    outer loop
      vertex 55.96930079162121 -22.909948033094405 22.21
      vertex 56.258075289428234 -22.55807527601719 22.51
      vertex 56.258075289428234 -22.55807527601719 22.21
    endloop
  endfacet
  facet normal 0 0 1
    outer loop
      vertex 55.96930079162121 -22.909948033094405 22.51
      vertex 56.42860205471516 -22.72860204130411 22.51
      vertex 56.258075289428234 -22.55807527601719 22.51
    endloop
  endfacet
  facet normal -0.6343932529322859 0.7730104789936503 0
    outer loop
      vertex 56.258075289428234 -22.55807527601719 22.21
      vertex 56.258075289428234 -22.55807527601719 22.51
      vertex 56.60994801670313 -22.269300815463065 22.51
    endloop
  endfacet
  facet normal 0 0 1
    outer loop
      vertex 56.258075289428234 -22.55807527601719 22.51
      vertex 56.42860205471516 -22.72860204130411 22.51
      vertex 56.74393002688885 -22.46981907337904 22.51
    endloop
  endfacet
  facet normal -0.6343932529322859 0.7730104789936503 0
    outer loop
      vertex 56.258075289428234 -22.55807527601719 22.21
      vertex 56.60994801670313 -22.269300815463065 22.51
      vertex 56.60994801670313 -22.269300815463065 22.21
    endloop
  endfacet
  facet normal 0 0 1
    outer loop
      vertex 56.258075289428234 -22.55807527601719 22.51
      vertex 56.74393002688885 -22.46981907337904 22.51
      vertex 56.60994801670313 -22.269300815463065 22.51
    endloop
  endfacet
  facet normal 0 0 1
    outer loop
      vertex 56.74393002688885 -22.46981907337904 22.51
      vertex 57.103685200214386 -22.277525928616523 22.51
      vertex 56.60994801670313 -22.269300815463065 22.51
    endloop
  endfacet
  facet normal -0.4713967476192942 0.8819212585792178 0
    outer loop
      vertex 56.60994801670313 -22.269300815463065 22.21
      vertex 56.60994801670313 -22.269300815463065 22.51
      vertex 57.011396773159504 -22.05472197830677 22.51
    endloop
  endfacet
  facet normal -0.4713967476192942 0.8819212585792178 0
    outer loop
      vertex 56.60994801670313 -22.269300815463065 22.21
      vertex 57.011396773159504 -22.05472197830677 22.51
      vertex 57.011396773159504 -22.05472197830677 22.21
    endloop
  endfacet
  facet normal 0 0 1
    outer loop
      vertex 56.60994801670313 -22.269300815463065 22.51
      vertex 57.103685200214386 -22.277525928616523 22.51
      vertex 57.494042210280895 -22.159112405776977 22.51
    endloop
  endfacet
  facet normal 0 0 1
    outer loop
      vertex 56.60994801670313 -22.269300815463065 22.51
      vertex 57.494042210280895 -22.159112405776977 22.51
      vertex 57.011396773159504 -22.05472197830677 22.51
    endloop
  endfacet
  facet normal 0 0 1
    outer loop
      vertex 57.494042210280895 -22.159112405776977 22.51
      vertex 57.89115720242262 -22.12000000178814 22.51
      vertex 57.011396773159504 -22.05472197830677 22.51
    endloop
  endfacet
  facet normal -0.2902846995575089 0.9569403289666534 0
    outer loop
      vertex 57.011396773159504 -22.05472197830677 22.21
      vertex 57.011396773159504 -22.05472197830677 22.51
      vertex 57.446993976831436 -21.92258500009775 22.51
    endloop
  endfacet
  facet normal -0.2902846995575089 0.9569403289666534 0
    outer loop
      vertex 57.011396773159504 -22.05472197830677 22.21
      vertex 57.446993976831436 -21.92258500009775 22.51
      vertex 57.446993976831436 -21.92258500009775 22.21
    endloop
  endfacet
  facet normal 0 0 1
    outer loop
      vertex 57.011396773159504 -22.05472197830677 22.51
      vertex 57.879366755485535 -21.879999999701976 22.51
      vertex 57.446993976831436 -21.92258500009775 22.51
    endloop
  endfacet
  facet normal -0.09801713725828831 0.9951847269746908 0
    outer loop
      vertex 57.446993976831436 -21.92258500009775 22.21
      vertex 57.446993976831436 -21.92258500009775 22.51
      vertex 57.879366755485535 -21.879999999701976 22.51
    endloop
  endfacet
  facet normal -0.09801713725828831 0.9951847269746908 0
    outer loop
      vertex 57.446993976831436 -21.92258500009775 22.21
      vertex 57.879366755485535 -21.879999999701976 22.51
      vertex 57.879366755485535 -21.879999999701976 22.21
    endloop
  endfacet
  facet normal 0 0 1
    outer loop
      vertex 57.89115720242262 -22.12000000178814 22.51
      vertex 66.10884279757738 -22.12000000178814 22.51
      vertex 57.011396773159504 -22.05472197830677 22.51
    endloop
  endfacet
  facet normal 0 0 1
    outer loop
      vertex 57.011396773159504 -22.05472197830677 22.51
      vertex 66.12063324451447 -21.879999999701976 22.51
      vertex 57.879366755485535 -21.879999999701976 22.51
    endloop
  endfacet
  facet normal 0 1 0
    outer loop
      vertex 57.879366755485535 -21.879999999701976 22.21
      vertex 57.879366755485535 -21.879999999701976 22.51
      vertex 66.12063324451447 -21.879999999701976 22.51
    endloop
  endfacet
  facet normal 0 -1 0
    outer loop
      vertex 57.879366755485535 -26.520000000298023 22.51
      vertex 66.12063324451447 -26.520000000298023 22.21
      vertex 66.12063324451447 -26.520000000298023 22.51
    endloop
  endfacet
  facet normal 0 0 1
    outer loop
      vertex 57.879366755485535 -26.520000000298023 22.51
      vertex 66.12063324451447 -26.520000000298023 22.51
      vertex 66.9886032268405 -26.34527802169323 22.51
    endloop
  endfacet
  facet normal 0 0 1
    outer loop
      vertex 57.89115720242262 -26.27999999821186 22.51
      vertex 66.9886032268405 -26.34527802169323 22.51
      vertex 66.10884279757738 -26.27999999821186 22.51
    endloop
  endfacet
  facet normal 0.09801713725828831 -0.9951847269746908 0
    outer loop
      vertex 66.12063324451447 -26.520000000298023 22.21
      vertex 66.55300602316856 -26.477414999902248 22.21
      vertex 66.12063324451447 -26.520000000298023 22.51
    endloop
  endfacet
  facet normal 0.09801713725828831 -0.9951847269746908 0
    outer loop
      vertex 66.55300602316856 -26.477414999902248 22.21
      vertex 66.55300602316856 -26.477414999902248 22.51
      vertex 66.12063324451447 -26.520000000298023 22.51
    endloop
  endfacet
  facet normal 0.2902846995575089 -0.9569403289666534 0
    outer loop
      vertex 66.55300602316856 -26.477414999902248 22.21
      vertex 66.9886032268405 -26.34527802169323 22.21
      vertex 66.55300602316856 -26.477414999902248 22.51
    endloop
  endfacet
  facet normal 0 0 1
    outer loop
      vertex 66.12063324451447 -26.520000000298023 22.51
      vertex 66.55300602316856 -26.477414999902248 22.51
      vertex 66.9886032268405 -26.34527802169323 22.51
    endloop
  endfacet
  facet normal 0.2902846995575089 -0.9569403289666534 0
    outer loop
      vertex 66.9886032268405 -26.34527802169323 22.21
      vertex 66.9886032268405 -26.34527802169323 22.51
      vertex 66.55300602316856 -26.477414999902248 22.51
    endloop
  endfacet
  facet normal 0 0 1
    outer loop
      vertex 66.9886032268405 -26.34527802169323 22.51
      vertex 66.5059577897191 -26.24088759422302 22.51
      vertex 66.10884279757738 -26.27999999821186 22.51
    endloop
  endfacet
  facet normal 0.4713967476192942 -0.8819212585792178 0
    outer loop
      vertex 66.9886032268405 -26.34527802169323 22.21
      vertex 67.39005198329687 -26.130699184536933 22.21
      vertex 66.9886032268405 -26.34527802169323 22.51
    endloop
  endfacet
  facet normal 0 0 1
    outer loop
      vertex 66.9886032268405 -26.34527802169323 22.51
      vertex 67.39005198329687 -26.130699184536933 22.51
      vertex 66.5059577897191 -26.24088759422302 22.51
    endloop
  endfacet
  facet normal 0 0 1
    outer loop
      vertex 66.5059577897191 -26.24088759422302 22.51
      vertex 67.39005198329687 -26.130699184536933 22.51
      vertex 66.89631479978561 -26.122474071383476 22.51
    endloop
  endfacet
  facet normal 0.4713967476192942 -0.8819212585792178 0
    outer loop
      vertex 67.39005198329687 -26.130699184536933 22.21
      vertex 67.39005198329687 -26.130699184536933 22.51
      vertex 66.9886032268405 -26.34527802169323 22.51
    endloop
  endfacet
  facet normal 0.6343932529322859 -0.7730104789936503 0
    outer loop
      vertex 67.39005198329687 -26.130699184536933 22.21
      vertex 67.74192471057177 -25.84192472398281 22.21
      vertex 67.39005198329687 -26.130699184536933 22.51
    endloop
  endfacet
  facet normal 0 0 1
    outer loop
      vertex 66.89631479978561 -26.122474071383476 22.51
      vertex 67.39005198329687 -26.130699184536933 22.51
      vertex 67.25606997311115 -25.93018092662096 22.51
    endloop
  endfacet
  facet normal 0 0 1
    outer loop
      vertex 67.39005198329687 -26.130699184536933 22.51
      vertex 67.74192471057177 -25.84192472398281 22.51
      vertex 67.25606997311115 -25.93018092662096 22.51
    endloop
  endfacet
  facet normal 0 0 1
    outer loop
      vertex 67.25606997311115 -25.93018092662096 22.51
      vertex 67.74192471057177 -25.84192472398281 22.51
      vertex 67.57139794528484 -25.671397958695888 22.51
    endloop
  endfacet
  facet normal 0.6343932529322859 -0.7730104789936503 0
    outer loop
      vertex 67.74192471057177 -25.84192472398281 22.21
      vertex 67.74192471057177 -25.84192472398281 22.51
      vertex 67.39005198329687 -26.130699184536933 22.51
    endloop
  endfacet
  facet normal 0.7730104652096209 -0.6343932697281754 0
    outer loop
      vertex 67.74192471057177 -25.84192472398281 22.21
      vertex 68.03069920837879 -25.490051966905593 22.21
      vertex 67.74192471057177 -25.84192472398281 22.51
    endloop
  endfacet
  facet normal 0.7730104652096209 -0.6343932697281754 0
    outer loop
      vertex 67.74192471057177 -25.84192472398281 22.51
      vertex 68.03069920837879 -25.490051966905593 22.21
      vertex 68.03069920837879 -25.490051966905593 22.51
    endloop
  endfacet
  facet normal 0 0 1
    outer loop
      vertex 67.57139794528484 -25.671397958695888 22.51
      vertex 67.74192471057177 -25.84192472398281 22.51
      vertex 68.03069920837879 -25.490051966905593 22.51
    endloop
  endfacet
  facet normal 0 0 1
    outer loop
      vertex 67.57139794528484 -25.671397958695888 22.51
      vertex 68.03069920837879 -25.490051966905593 22.51
      vertex 67.83018095046282 -25.356069949269294 22.51
    endloop
  endfacet
  facet normal 0 0 1
    outer loop
      vertex 68.03069920837879 -25.490051966905593 22.51
      vertex 68.24527801573277 -25.0886032551527 22.51
      vertex 67.83018095046282 -25.356069949269294 22.51
    endloop
  endfacet
  facet normal 0 0 1
    outer loop
      vertex 67.83018095046282 -25.356069949269294 22.51
      vertex 68.24527801573277 -25.0886032551527 22.51
      vertex 68.02247407287359 -24.9963148355484 22.51
    endloop
  endfacet
  facet normal 0.8819212639748555 -0.47139673752476596 0
    outer loop
      vertex 68.03069920837879 -25.490051966905593 22.21
      vertex 68.24527801573277 -25.0886032551527 22.21
      vertex 68.03069920837879 -25.490051966905593 22.51
    endloop
  endfacet
  facet normal 0.8819212639748555 -0.47139673752476596 0
    outer loop
      vertex 68.24527801573277 -25.0886032551527 22.21
      vertex 68.24527801573277 -25.0886032551527 22.51
      vertex 68.03069920837879 -25.490051966905593 22.51
    endloop
  endfacet
  facet normal 0.9569403344835917 -0.2902846813706013 0
    outer loop
      vertex 68.24527801573277 -25.0886032551527 22.21
      vertex 68.37741499394178 -24.653006021678447 22.21
      vertex 68.24527801573277 -25.0886032551527 22.51
    endloop
  endfacet
  facet normal 0 0 1
    outer loop
      vertex 68.02247407287359 -24.9963148355484 22.51
      vertex 68.24527801573277 -25.0886032551527 22.51
      vertex 68.37741499394178 -24.653006021678447 22.51
    endloop
  endfacet
  facet normal 0.9569403344835917 -0.2902846813706013 0
    outer loop
      vertex 68.37741499394178 -24.653006021678447 22.21
      vertex 68.37741499394178 -24.653006021678447 22.51
      vertex 68.24527801573277 -25.0886032551527 22.51
    endloop
  endfacet
  facet normal 0 0 1
    outer loop
      vertex 68.02247407287359 -24.9963148355484 22.51
      vertex 68.37741499394178 -24.653006021678447 22.51
      vertex 68.14088758826256 -24.60595779567957 22.51
    endloop
  endfacet
  facet normal 0.9951847267572078 -0.09801713946643058 0
    outer loop
      vertex 68.37741499394178 -24.653006021678447 22.21
      vertex 68.42203219234943 -24.2 22.21
      vertex 68.37741499394178 -24.653006021678447 22.51
    endloop
  endfacet
  facet normal 0 0 1
    outer loop
      vertex 68.14088758826256 -24.60595779567957 22.51
      vertex 68.37741499394178 -24.653006021678447 22.51
      vertex 68.42203219234943 -24.2 22.51
    endloop
  endfacet
  facet normal 0.9951847267572078 -0.09801713946643058 0
    outer loop
      vertex 68.37741499394178 -24.653006021678447 22.51
      vertex 68.42203219234943 -24.2 22.21
      vertex 68.42203219234943 -24.2 22.51
    endloop
  endfacet
  facet normal 0 0 1
    outer loop
      vertex 68.14088758826256 -24.60595779567957 22.51
      vertex 68.42203219234943 -24.2 22.51
      vertex 68.18087093532085 -24.2 22.51
    endloop
  endfacet
  facet normal 0 0 1
    outer loop
      vertex 57.011396773159504 -22.05472197830677 22.51
      vertex 66.10884279757738 -22.12000000178814 22.51
      vertex 66.12063324451447 -21.879999999701976 22.51
    endloop
  endfacet
  facet normal 0 1 0
    outer loop
      vertex 57.879366755485535 -21.879999999701976 22.21
      vertex 66.12063324451447 -21.879999999701976 22.51
      vertex 66.12063324451447 -21.879999999701976 22.21
    endloop
  endfacet
  facet normal 0.9951847267572078 0.09801713946643058 0
    outer loop
      vertex 68.42203219234943 -24.2 22.21
      vertex 68.37741499394178 -23.74699397832155 22.21
      vertex 68.42203219234943 -24.2 22.51
    endloop
  endfacet
  facet normal 0 0 1
    outer loop
      vertex 68.18087093532085 -24.2 22.51
      vertex 68.42203219234943 -24.2 22.51
      vertex 68.37741499394178 -23.74699397832155 22.51
    endloop
  endfacet
  facet normal 0.9951847267572078 0.09801713946643058 0
    outer loop
      vertex 68.37741499394178 -23.74699397832155 22.21
      vertex 68.37741499394178 -23.74699397832155 22.51
      vertex 68.42203219234943 -24.2 22.51
    endloop
  endfacet
  facet normal 0 0 1
    outer loop
      vertex 68.18087093532085 -24.2 22.51
      vertex 68.37741499394178 -23.74699397832155 22.51
      vertex 68.14088758826256 -23.79404220432043 22.51
    endloop
  endfacet
  facet normal 0.9569403344835917 0.2902846813706013 0
    outer loop
      vertex 68.37741499394178 -23.74699397832155 22.21
      vertex 68.24527801573277 -23.311396744847297 22.21
      vertex 68.37741499394178 -23.74699397832155 22.51
    endloop
  endfacet
  facet normal 0 0 1
    outer loop
      vertex 68.14088758826256 -23.79404220432043 22.51
      vertex 68.37741499394178 -23.74699397832155 22.51
      vertex 68.24527801573277 -23.311396744847297 22.51
    endloop
  endfacet
  facet normal 0 0 1
    outer loop
      vertex 68.14088758826256 -23.79404220432043 22.51
      vertex 68.24527801573277 -23.311396744847297 22.51
      vertex 68.02247407287359 -23.4036851644516 22.51
    endloop
  endfacet
  facet normal 0 0 1
    outer loop
      vertex 68.02247407287359 -23.4036851644516 22.51
      vertex 68.03069920837879 -22.909948033094405 22.51
      vertex 67.83018095046282 -23.043930050730705 22.51
    endloop
  endfacet
  facet normal 0 0 1
    outer loop
      vertex 67.83018095046282 -23.043930050730705 22.51
      vertex 68.03069920837879 -22.909948033094405 22.51
      vertex 67.74192471057177 -22.55807527601719 22.51
    endloop
  endfacet
  facet normal 0.9569403344835917 0.2902846813706013 0
    outer loop
      vertex 68.24527801573277 -23.311396744847297 22.21
      vertex 68.24527801573277 -23.311396744847297 22.51
      vertex 68.37741499394178 -23.74699397832155 22.51
    endloop
  endfacet
  facet normal 0.8819212639748555 0.47139673752476596 0
    outer loop
      vertex 68.03069920837879 -22.909948033094405 22.21
      vertex 68.24527801573277 -23.311396744847297 22.51
      vertex 68.24527801573277 -23.311396744847297 22.21
    endloop
  endfacet
  facet normal 0 0 1
    outer loop
      vertex 68.02247407287359 -23.4036851644516 22.51
      vertex 68.24527801573277 -23.311396744847297 22.51
      vertex 68.03069920837879 -22.909948033094405 22.51
    endloop
  endfacet
  facet normal 0.8819212639748555 0.47139673752476596 0
    outer loop
      vertex 68.03069920837879 -22.909948033094405 22.21
      vertex 68.03069920837879 -22.909948033094405 22.51
      vertex 68.24527801573277 -23.311396744847297 22.51
    endloop
  endfacet
  facet normal 0 0 1
    outer loop
      vertex 66.10884279757738 -22.12000000178814 22.51
      vertex 66.5059577897191 -22.159112405776977 22.51
      vertex 66.9886032268405 -22.05472197830677 22.51
    endloop
  endfacet
  facet normal 0.4713967476192942 0.8819212585792178 0
    outer loop
      vertex 66.9886032268405 -22.05472197830677 22.21
      vertex 66.9886032268405 -22.05472197830677 22.51
      vertex 67.39005198329687 -22.269300815463065 22.51
    endloop
  endfacet
  facet normal 0 0 1
    outer loop
      vertex 66.5059577897191 -22.159112405776977 22.51
      vertex 66.89631479978561 -22.277525928616523 22.51
      vertex 66.9886032268405 -22.05472197830677 22.51
    endloop
  endfacet
  facet normal 0 0 1
    outer loop
      vertex 66.89631479978561 -22.277525928616523 22.51
      vertex 67.25606997311115 -22.46981907337904 22.51
      vertex 66.9886032268405 -22.05472197830677 22.51
    endloop
  endfacet
  facet normal 0 0 1
    outer loop
      vertex 66.10884279757738 -22.12000000178814 22.51
      vertex 66.55300602316856 -21.92258500009775 22.51
      vertex 66.12063324451447 -21.879999999701976 22.51
    endloop
  endfacet
  facet normal 0.09801713725828831 0.9951847269746908 0
    outer loop
      vertex 66.12063324451447 -21.879999999701976 22.21
      vertex 66.12063324451447 -21.879999999701976 22.51
      vertex 66.55300602316856 -21.92258500009775 22.51
    endloop
  endfacet
  facet normal 0.2902846995575089 0.9569403289666534 0
    outer loop
      vertex 66.55300602316856 -21.92258500009775 22.21
      vertex 66.55300602316856 -21.92258500009775 22.51
      vertex 66.9886032268405 -22.05472197830677 22.51
    endloop
  endfacet
  facet normal 0 0 1
    outer loop
      vertex 66.10884279757738 -22.12000000178814 22.51
      vertex 66.9886032268405 -22.05472197830677 22.51
      vertex 66.55300602316856 -21.92258500009775 22.51
    endloop
  endfacet
  facet normal 0.09801713725828831 0.9951847269746908 0
    outer loop
      vertex 66.12063324451447 -21.879999999701976 22.21
      vertex 66.55300602316856 -21.92258500009775 22.51
      vertex 66.55300602316856 -21.92258500009775 22.21
    endloop
  endfacet
  facet normal 0.2902846995575089 0.9569403289666534 0
    outer loop
      vertex 66.55300602316856 -21.92258500009775 22.21
      vertex 66.9886032268405 -22.05472197830677 22.51
      vertex 66.9886032268405 -22.05472197830677 22.21
    endloop
  endfacet
  facet normal 0 0 1
    outer loop
      vertex 67.57139794528484 -22.72860204130411 22.51
      vertex 67.39005198329687 -22.269300815463065 22.51
      vertex 67.25606997311115 -22.46981907337904 22.51
    endloop
  endfacet
  facet normal 0 0 1
    outer loop
      vertex 67.57139794528484 -22.72860204130411 22.51
      vertex 67.74192471057177 -22.55807527601719 22.51
      vertex 67.39005198329687 -22.269300815463065 22.51
    endloop
  endfacet
  facet normal 0.7730104652096209 0.6343932697281754 0
    outer loop
      vertex 68.03069920837879 -22.909948033094405 22.21
      vertex 67.74192471057177 -22.55807527601719 22.21
      vertex 68.03069920837879 -22.909948033094405 22.51
    endloop
  endfacet
  facet normal 0.7730104652096209 0.6343932697281754 0
    outer loop
      vertex 68.03069920837879 -22.909948033094405 22.51
      vertex 67.74192471057177 -22.55807527601719 22.21
      vertex 67.74192471057177 -22.55807527601719 22.51
    endloop
  endfacet
  facet normal 0 0 1
    outer loop
      vertex 67.83018095046282 -23.043930050730705 22.51
      vertex 67.74192471057177 -22.55807527601719 22.51
      vertex 67.57139794528484 -22.72860204130411 22.51
    endloop
  endfacet
  facet normal 0.6343932529322859 0.7730104789936503 0
    outer loop
      vertex 67.74192471057177 -22.55807527601719 22.21
      vertex 67.39005198329687 -22.269300815463065 22.21
      vertex 67.74192471057177 -22.55807527601719 22.51
    endloop
  endfacet
  facet normal 0.6343932529322859 0.7730104789936503 0
    outer loop
      vertex 67.39005198329687 -22.269300815463065 22.21
      vertex 67.39005198329687 -22.269300815463065 22.51
      vertex 67.74192471057177 -22.55807527601719 22.51
    endloop
  endfacet
  facet normal 0.4713967476192942 0.8819212585792178 0
    outer loop
      vertex 66.9886032268405 -22.05472197830677 22.21
      vertex 67.39005198329687 -22.269300815463065 22.51
      vertex 67.39005198329687 -22.269300815463065 22.21
    endloop
  endfacet
  facet normal 0 0 1
    outer loop
      vertex 66.9886032268405 -22.05472197830677 22.51
      vertex 67.25606997311115 -22.46981907337904 22.51
      vertex 67.39005198329687 -22.269300815463065 22.51
    endloop
  endfacet
  facet normal -0.634393268060699 -0.7730104665780834 0
    outer loop
      vertex 56.74393002688885 -25.93018092662096 22.51
      vertex 56.74393002688885 -25.93018092662096 22.810000000000002
      vertex 56.42860205471516 -25.671397958695888 22.51
    endloop
  endfacet
  facet normal -0.634393268060699 -0.7730104665780834 0
    outer loop
      vertex 56.74393002688885 -25.93018092662096 22.810000000000002
      vertex 56.42860205471516 -25.671397958695888 22.810000000000002
      vertex 56.42860205471516 -25.671397958695888 22.51
    endloop
  endfacet
  facet normal 0 0 1
    outer loop
      vertex 56.74393002688885 -25.93018092662096 22.810000000000002
      vertex 56.87791204452515 -25.729662668704986 22.810000000000002
      vertex 56.42860205471516 -25.671397958695888 22.810000000000002
    endloop
  endfacet
  facet normal 0 0 1
    outer loop
      vertex 56.42860205471516 -25.671397958695888 22.810000000000002
      vertex 56.87791204452515 -25.729662668704986 22.810000000000002
      vertex 56.5991288125515 -25.500871200859546 22.810000000000002
    endloop
  endfacet
  facet normal -0.29028471858936994 -0.9569403231934008 0
    outer loop
      vertex 57.103685200214386 -26.122474071383476 22.51
      vertex 57.494042210280895 -26.24088759422302 22.810000000000002
      vertex 57.103685200214386 -26.122474071383476 22.810000000000002
    endloop
  endfacet
  facet normal -0.471396733783111 -0.8819212659748119 0
    outer loop
      vertex 56.74393002688885 -25.93018092662096 22.51
      vertex 57.103685200214386 -26.122474071383476 22.51
      vertex 57.103685200214386 -26.122474071383476 22.810000000000002
    endloop
  endfacet
  facet normal -0.471396733783111 -0.8819212659748119 0
    outer loop
      vertex 56.74393002688885 -25.93018092662096 22.51
      vertex 57.103685200214386 -26.122474071383476 22.810000000000002
      vertex 56.74393002688885 -25.93018092662096 22.810000000000002
    endloop
  endfacet
  facet normal -0.29028471858936994 -0.9569403231934008 0
    outer loop
      vertex 57.103685200214386 -26.122474071383476 22.51
      vertex 57.494042210280895 -26.24088759422302 22.51
      vertex 57.494042210280895 -26.24088759422302 22.810000000000002
    endloop
  endfacet
  facet normal -0.09801711828635457 -0.9951847288432629 0
    outer loop
      vertex 57.494042210280895 -26.24088759422302 22.51
      vertex 57.89115720242262 -26.27999999821186 22.810000000000002
      vertex 57.494042210280895 -26.24088759422302 22.810000000000002
    endloop
  endfacet
  facet normal -0.09801711828635457 -0.9951847288432629 0
    outer loop
      vertex 57.494042210280895 -26.24088759422302 22.51
      vertex 57.89115720242262 -26.27999999821186 22.51
      vertex 57.89115720242262 -26.27999999821186 22.810000000000002
    endloop
  endfacet
  facet normal 0 0 1
    outer loop
      vertex 56.74393002688885 -25.93018092662096 22.810000000000002
      vertex 57.103685200214386 -26.122474071383476 22.810000000000002
      vertex 57.541090436279774 -26.004360181093215 22.810000000000002
    endloop
  endfacet
  facet normal 0 0 1
    outer loop
      vertex 57.103685200214386 -26.122474071383476 22.810000000000002
      vertex 57.90294764190912 -26.040000003576278 22.810000000000002
      vertex 57.541090436279774 -26.004360181093215 22.810000000000002
    endloop
  endfacet
  facet normal 0 0 1
    outer loop
      vertex 56.74393002688885 -25.93018092662096 22.810000000000002
      vertex 57.19597361981869 -25.899670128524303 22.810000000000002
      vertex 56.87791204452515 -25.729662668704986 22.810000000000002
    endloop
  endfacet
  facet normal 0 0 1
    outer loop
      vertex 56.74393002688885 -25.93018092662096 22.810000000000002
      vertex 57.541090436279774 -26.004360181093215 22.810000000000002
      vertex 57.19597361981869 -25.899670128524303 22.810000000000002
    endloop
  endfacet
  facet normal -0.7730104585472868 -0.6343932778462533 0
    outer loop
      vertex 56.42860205471516 -25.671397958695888 22.51
      vertex 56.42860205471516 -25.671397958695888 22.810000000000002
      vertex 56.16981904953718 -25.356069949269294 22.51
    endloop
  endfacet
  facet normal -0.7730104585472868 -0.6343932778462533 0
    outer loop
      vertex 56.42860205471516 -25.671397958695888 22.810000000000002
      vertex 56.16981904953718 -25.356069949269294 22.810000000000002
      vertex 56.16981904953718 -25.356069949269294 22.51
    endloop
  endfacet
  facet normal -0.8819212562851119 -0.4713967519112641 0
    outer loop
      vertex 56.16981904953718 -25.356069949269294 22.51
      vertex 56.16981904953718 -25.356069949269294 22.810000000000002
      vertex 55.97752592712641 -24.9963148355484 22.51
    endloop
  endfacet
  facet normal -0.8819212562851119 -0.4713967519112641 0
    outer loop
      vertex 56.16981904953718 -25.356069949269294 22.810000000000002
      vertex 55.97752592712641 -24.9963148355484 22.810000000000002
      vertex 55.97752592712641 -24.9963148355484 22.51
    endloop
  endfacet
  facet normal 0 0 1
    outer loop
      vertex 56.16981904953718 -25.356069949269294 22.810000000000002
      vertex 56.5991288125515 -25.500871200859546 22.810000000000002
      vertex 56.370337307453156 -25.222087939083575 22.810000000000002
    endloop
  endfacet
  facet normal 0 0 1
    outer loop
      vertex 56.42860205471516 -25.671397958695888 22.810000000000002
      vertex 56.5991288125515 -25.500871200859546 22.810000000000002
      vertex 56.16981904953718 -25.356069949269294 22.810000000000002
    endloop
  endfacet
  facet normal 0 0 1
    outer loop
      vertex 56.16981904953718 -25.356069949269294 22.810000000000002
      vertex 56.370337307453156 -25.222087939083575 22.810000000000002
      vertex 55.97752592712641 -24.9963148355484 22.810000000000002
    endloop
  endfacet
  facet normal 0 0 1
    outer loop
      vertex 56.370337307453156 -25.222087939083575 22.810000000000002
      vertex 56.20032987743616 -24.9040264159441 22.810000000000002
      vertex 55.97752592712641 -24.9963148355484 22.810000000000002
    endloop
  endfacet
  facet normal -0.956940334423389 -0.2902846815690631 0
    outer loop
      vertex 55.97752592712641 -24.9963148355484 22.51
      vertex 55.97752592712641 -24.9963148355484 22.810000000000002
      vertex 55.85911241173744 -24.60595779567957 22.51
    endloop
  endfacet
  facet normal -0.956940334423389 -0.2902846815690631 0
    outer loop
      vertex 55.97752592712641 -24.9963148355484 22.810000000000002
      vertex 55.85911241173744 -24.60595779567957 22.810000000000002
      vertex 55.85911241173744 -24.60595779567957 22.51
    endloop
  endfacet
  facet normal -0.9951847280930809 -0.09801712590308155 0
    outer loop
      vertex 55.85911241173744 -24.60595779567957 22.51
      vertex 55.85911241173744 -24.60595779567957 22.810000000000002
      vertex 55.819129064679146 -24.2 22.51
    endloop
  endfacet
  facet normal -0.9951847280930809 -0.09801712590308155 0
    outer loop
      vertex 55.85911241173744 -24.60595779567957 22.810000000000002
      vertex 55.819129064679146 -24.2 22.810000000000002
      vertex 55.819129064679146 -24.2 22.51
    endloop
  endfacet
  facet normal 0 0 1
    outer loop
      vertex 55.85911241173744 -24.60595779567957 22.810000000000002
      vertex 56.09563982486725 -24.55890956968069 22.810000000000002
      vertex 55.819129064679146 -24.2 22.810000000000002
    endloop
  endfacet
  facet normal 0 0 1
    outer loop
      vertex 55.97752592712641 -24.9963148355484 22.810000000000002
      vertex 56.20032987743616 -24.9040264159441 22.810000000000002
      vertex 55.85911241173744 -24.60595779567957 22.810000000000002
    endloop
  endfacet
  facet normal 0 0 1
    outer loop
      vertex 56.20032987743616 -24.9040264159441 22.810000000000002
      vertex 56.09563982486725 -24.55890956968069 22.810000000000002
      vertex 55.85911241173744 -24.60595779567957 22.810000000000002
    endloop
  endfacet
  facet normal 0 0 1
    outer loop
      vertex 56.09563982486725 -24.55890956968069 22.810000000000002
      vertex 56.060290321707726 -24.2 22.810000000000002
      vertex 55.819129064679146 -24.2 22.810000000000002
    endloop
  endfacet
  facet normal 0 0 1
    outer loop
      vertex 57.103685200214386 -26.122474071383476 22.810000000000002
      vertex 57.494042210280895 -26.24088759422302 22.810000000000002
      vertex 66.09705235809088 -26.040000003576278 22.810000000000002
    endloop
  endfacet
  facet normal 0 -1 0
    outer loop
      vertex 57.89115720242262 -26.27999999821186 22.51
      vertex 66.10884279757738 -26.27999999821186 22.810000000000002
      vertex 57.89115720242262 -26.27999999821186 22.810000000000002
    endloop
  endfacet
  facet normal 0 0 1
    outer loop
      vertex 57.494042210280895 -26.24088759422302 22.810000000000002
      vertex 57.89115720242262 -26.27999999821186 22.810000000000002
      vertex 66.09705235809088 -26.040000003576278 22.810000000000002
    endloop
  endfacet
  facet normal 0 0 1
    outer loop
      vertex 57.103685200214386 -26.122474071383476 22.810000000000002
      vertex 66.09705235809088 -26.040000003576278 22.810000000000002
      vertex 57.90294764190912 -26.040000003576278 22.810000000000002
    endloop
  endfacet
  facet normal -0.9951847280930809 0.09801712590308155 0
    outer loop
      vertex 55.819129064679146 -24.2 22.51
      vertex 55.819129064679146 -24.2 22.810000000000002
      vertex 55.85911241173744 -23.79404220432043 22.51
    endloop
  endfacet
  facet normal -0.9951847280930809 0.09801712590308155 0
    outer loop
      vertex 55.819129064679146 -24.2 22.810000000000002
      vertex 55.85911241173744 -23.79404220432043 22.810000000000002
      vertex 55.85911241173744 -23.79404220432043 22.51
    endloop
  endfacet
  facet normal -0.956940334423389 0.2902846815690631 0
    outer loop
      vertex 55.85911241173744 -23.79404220432043 22.51
      vertex 55.85911241173744 -23.79404220432043 22.810000000000002
      vertex 55.97752592712641 -23.4036851644516 22.51
    endloop
  endfacet
  facet normal -0.956940334423389 0.2902846815690631 0
    outer loop
      vertex 55.85911241173744 -23.79404220432043 22.810000000000002
      vertex 55.97752592712641 -23.4036851644516 22.810000000000002
      vertex 55.97752592712641 -23.4036851644516 22.51
    endloop
  endfacet
  facet normal 0 0 1
    outer loop
      vertex 55.819129064679146 -24.2 22.810000000000002
      vertex 56.060290321707726 -24.2 22.810000000000002
      vertex 55.85911241173744 -23.79404220432043 22.810000000000002
    endloop
  endfacet
  facet normal 0 0 1
    outer loop
      vertex 55.85911241173744 -23.79404220432043 22.810000000000002
      vertex 56.060290321707726 -24.2 22.810000000000002
      vertex 56.09563982486725 -23.84109043031931 22.810000000000002
    endloop
  endfacet
  facet normal 0 0 1
    outer loop
      vertex 55.85911241173744 -23.79404220432043 22.810000000000002
      vertex 56.09563982486725 -23.84109043031931 22.810000000000002
      vertex 55.97752592712641 -23.4036851644516 22.810000000000002
    endloop
  endfacet
  facet normal 0 0 1
    outer loop
      vertex 56.09563982486725 -23.84109043031931 22.810000000000002
      vertex 56.20032987743616 -23.4959735840559 22.810000000000002
      vertex 55.97752592712641 -23.4036851644516 22.810000000000002
    endloop
  endfacet
  facet normal -0.8819212562851119 0.4713967519112641 0
    outer loop
      vertex 55.97752592712641 -23.4036851644516 22.51
      vertex 55.97752592712641 -23.4036851644516 22.810000000000002
      vertex 56.16981904953718 -23.043930050730705 22.51
    endloop
  endfacet
  facet normal -0.8819212562851119 0.4713967519112641 0
    outer loop
      vertex 55.97752592712641 -23.4036851644516 22.810000000000002
      vertex 56.16981904953718 -23.043930050730705 22.810000000000002
      vertex 56.16981904953718 -23.043930050730705 22.51
    endloop
  endfacet
  facet normal -0.7730104585472868 0.6343932778462533 0
    outer loop
      vertex 56.16981904953718 -23.043930050730705 22.51
      vertex 56.16981904953718 -23.043930050730705 22.810000000000002
      vertex 56.42860205471516 -22.72860204130411 22.51
    endloop
  endfacet
  facet normal -0.7730104585472868 0.6343932778462533 0
    outer loop
      vertex 56.16981904953718 -23.043930050730705 22.810000000000002
      vertex 56.42860205471516 -22.72860204130411 22.810000000000002
      vertex 56.42860205471516 -22.72860204130411 22.51
    endloop
  endfacet
  facet normal 0 0 1
    outer loop
      vertex 55.97752592712641 -23.4036851644516 22.810000000000002
      vertex 56.20032987743616 -23.4959735840559 22.810000000000002
      vertex 56.16981904953718 -23.043930050730705 22.810000000000002
    endloop
  endfacet
  facet normal 0 0 1
    outer loop
      vertex 56.20032987743616 -23.4959735840559 22.810000000000002
      vertex 56.370337307453156 -23.177912060916423 22.810000000000002
      vertex 56.16981904953718 -23.043930050730705 22.810000000000002
    endloop
  endfacet
  facet normal 0 0 1
    outer loop
      vertex 56.370337307453156 -23.177912060916423 22.810000000000002
      vertex 56.42860205471516 -22.72860204130411 22.810000000000002
      vertex 56.16981904953718 -23.043930050730705 22.810000000000002
    endloop
  endfacet
  facet normal 0 0 1
    outer loop
      vertex 56.370337307453156 -23.177912060916423 22.810000000000002
      vertex 56.5991288125515 -22.899128799140453 22.810000000000002
      vertex 56.42860205471516 -22.72860204130411 22.810000000000002
    endloop
  endfacet
  facet normal -0.634393268060699 0.7730104665780834 0
    outer loop
      vertex 56.42860205471516 -22.72860204130411 22.51
      vertex 56.42860205471516 -22.72860204130411 22.810000000000002
      vertex 56.74393002688885 -22.46981907337904 22.51
    endloop
  endfacet
  facet normal -0.634393268060699 0.7730104665780834 0
    outer loop
      vertex 56.42860205471516 -22.72860204130411 22.810000000000002
      vertex 56.74393002688885 -22.46981907337904 22.810000000000002
      vertex 56.74393002688885 -22.46981907337904 22.51
    endloop
  endfacet
  facet normal 0 0 1
    outer loop
      vertex 56.5991288125515 -22.899128799140453 22.810000000000002
      vertex 56.74393002688885 -22.46981907337904 22.810000000000002
      vertex 56.42860205471516 -22.72860204130411 22.810000000000002
    endloop
  endfacet
  facet normal 0 0 1
    outer loop
      vertex 56.5991288125515 -22.899128799140453 22.810000000000002
      vertex 56.87791204452515 -22.670337331295013 22.810000000000002
      vertex 56.74393002688885 -22.46981907337904 22.810000000000002
    endloop
  endfacet
  facet normal -0.471396733783111 0.8819212659748119 0
    outer loop
      vertex 56.74393002688885 -22.46981907337904 22.51
      vertex 56.74393002688885 -22.46981907337904 22.810000000000002
      vertex 57.103685200214386 -22.277525928616523 22.51
    endloop
  endfacet
  facet normal -0.471396733783111 0.8819212659748119 0
    outer loop
      vertex 56.74393002688885 -22.46981907337904 22.810000000000002
      vertex 57.103685200214386 -22.277525928616523 22.810000000000002
      vertex 57.103685200214386 -22.277525928616523 22.51
    endloop
  endfacet
  facet normal -0.29028471858936994 0.9569403231934008 0
    outer loop
      vertex 57.103685200214386 -22.277525928616523 22.51
      vertex 57.103685200214386 -22.277525928616523 22.810000000000002
      vertex 57.494042210280895 -22.159112405776977 22.51
    endloop
  endfacet
  facet normal -0.29028471858936994 0.9569403231934008 0
    outer loop
      vertex 57.103685200214386 -22.277525928616523 22.810000000000002
      vertex 57.494042210280895 -22.159112405776977 22.810000000000002
      vertex 57.494042210280895 -22.159112405776977 22.51
    endloop
  endfacet
  facet normal -0.09801711828635457 0.9951847288432629 0
    outer loop
      vertex 57.494042210280895 -22.159112405776977 22.51
      vertex 57.494042210280895 -22.159112405776977 22.810000000000002
      vertex 57.89115720242262 -22.12000000178814 22.51
    endloop
  endfacet
  facet normal -0.09801711828635457 0.9951847288432629 0
    outer loop
      vertex 57.494042210280895 -22.159112405776977 22.810000000000002
      vertex 57.89115720242262 -22.12000000178814 22.810000000000002
      vertex 57.89115720242262 -22.12000000178814 22.51
    endloop
  endfacet
  facet normal 0 0 1
    outer loop
      vertex 56.74393002688885 -22.46981907337904 22.810000000000002
      vertex 56.87791204452515 -22.670337331295013 22.810000000000002
      vertex 57.19597361981869 -22.500329871475696 22.810000000000002
    endloop
  endfacet
  facet normal 0 0 1
    outer loop
      vertex 56.74393002688885 -22.46981907337904 22.810000000000002
      vertex 57.19597361981869 -22.500329871475696 22.810000000000002
      vertex 57.103685200214386 -22.277525928616523 22.810000000000002
    endloop
  endfacet
  facet normal 0 0 1
    outer loop
      vertex 57.19597361981869 -22.500329871475696 22.810000000000002
      vertex 57.541090436279774 -22.395639818906783 22.810000000000002
      vertex 57.103685200214386 -22.277525928616523 22.810000000000002
    endloop
  endfacet
  facet normal 0 0 1
    outer loop
      vertex 57.103685200214386 -22.277525928616523 22.810000000000002
      vertex 57.541090436279774 -22.395639818906783 22.810000000000002
      vertex 57.90294764190912 -22.35999999642372 22.810000000000002
    endloop
  endfacet
  facet normal 0 0 1
    outer loop
      vertex 57.103685200214386 -22.277525928616523 22.810000000000002
      vertex 57.89115720242262 -22.12000000178814 22.810000000000002
      vertex 57.494042210280895 -22.159112405776977 22.810000000000002
    endloop
  endfacet
  facet normal 0 1 0
    outer loop
      vertex 57.89115720242262 -22.12000000178814 22.51
      vertex 57.89115720242262 -22.12000000178814 22.810000000000002
      vertex 66.10884279757738 -22.12000000178814 22.51
    endloop
  endfacet
  facet normal 0 0 1
    outer loop
      vertex 57.103685200214386 -22.277525928616523 22.810000000000002
      vertex 57.90294764190912 -22.35999999642372 22.810000000000002
      vertex 66.10884279757738 -22.12000000178814 22.810000000000002
    endloop
  endfacet
  facet normal 0 0 1
    outer loop
      vertex 57.103685200214386 -22.277525928616523 22.810000000000002
      vertex 66.10884279757738 -22.12000000178814 22.810000000000002
      vertex 57.89115720242262 -22.12000000178814 22.810000000000002
    endloop
  endfacet
  facet normal 0 -1 0
    outer loop
      vertex 57.89115720242262 -26.27999999821186 22.51
      vertex 66.10884279757738 -26.27999999821186 22.51
      vertex 66.10884279757738 -26.27999999821186 22.810000000000002
    endloop
  endfacet
  facet normal 0 0 1
    outer loop
      vertex 57.89115720242262 -26.27999999821186 22.810000000000002
      vertex 66.10884279757738 -26.27999999821186 22.810000000000002
      vertex 66.89631479978561 -26.122474071383476 22.810000000000002
    endloop
  endfacet
  facet normal 0 0 1
    outer loop
      vertex 57.89115720242262 -26.27999999821186 22.810000000000002
      vertex 66.89631479978561 -26.122474071383476 22.810000000000002
      vertex 66.09705235809088 -26.040000003576278 22.810000000000002
    endloop
  endfacet
  facet normal 0.09801711828635457 -0.9951847288432629 0
    outer loop
      vertex 66.10884279757738 -26.27999999821186 22.51
      vertex 66.5059577897191 -26.24088759422302 22.810000000000002
      vertex 66.10884279757738 -26.27999999821186 22.810000000000002
    endloop
  endfacet
  facet normal 0.09801711828635457 -0.9951847288432629 0
    outer loop
      vertex 66.10884279757738 -26.27999999821186 22.51
      vertex 66.5059577897191 -26.24088759422302 22.51
      vertex 66.5059577897191 -26.24088759422302 22.810000000000002
    endloop
  endfacet
  facet normal 0.29028471858936994 -0.9569403231934008 0
    outer loop
      vertex 66.5059577897191 -26.24088759422302 22.51
      vertex 66.89631479978561 -26.122474071383476 22.810000000000002
      vertex 66.5059577897191 -26.24088759422302 22.810000000000002
    endloop
  endfacet
  facet normal 0.29028471858936994 -0.9569403231934008 0
    outer loop
      vertex 66.5059577897191 -26.24088759422302 22.51
      vertex 66.89631479978561 -26.122474071383476 22.51
      vertex 66.89631479978561 -26.122474071383476 22.810000000000002
    endloop
  endfacet
  facet normal 0.471396733783111 -0.8819212659748119 0
    outer loop
      vertex 66.89631479978561 -26.122474071383476 22.51
      vertex 67.25606997311115 -25.93018092662096 22.810000000000002
      vertex 66.89631479978561 -26.122474071383476 22.810000000000002
    endloop
  endfacet
  facet normal 0.471396733783111 -0.8819212659748119 0
    outer loop
      vertex 66.89631479978561 -26.122474071383476 22.51
      vertex 67.25606997311115 -25.93018092662096 22.51
      vertex 67.25606997311115 -25.93018092662096 22.810000000000002
    endloop
  endfacet
  facet normal 0 0 1
    outer loop
      vertex 66.10884279757738 -26.27999999821186 22.810000000000002
      vertex 66.5059577897191 -26.24088759422302 22.810000000000002
      vertex 66.89631479978561 -26.122474071383476 22.810000000000002
    endloop
  endfacet
  facet normal 0 0 1
    outer loop
      vertex 66.09705235809088 -26.040000003576278 22.810000000000002
      vertex 66.89631479978561 -26.122474071383476 22.810000000000002
      vertex 66.45890956372023 -26.004360181093215 22.810000000000002
    endloop
  endfacet
  facet normal 0 0 1
    outer loop
      vertex 66.45890956372023 -26.004360181093215 22.810000000000002
      vertex 66.89631479978561 -26.122474071383476 22.810000000000002
      vertex 66.80402638018131 -25.899670128524303 22.810000000000002
    endloop
  endfacet
  facet normal 0 0 1
    outer loop
      vertex 66.89631479978561 -26.122474071383476 22.810000000000002
      vertex 67.25606997311115 -25.93018092662096 22.810000000000002
      vertex 66.80402638018131 -25.899670128524303 22.810000000000002
    endloop
  endfacet
  facet normal 0 0 1
    outer loop
      vertex 66.80402638018131 -25.899670128524303 22.810000000000002
      vertex 67.25606997311115 -25.93018092662096 22.810000000000002
      vertex 67.12208795547485 -25.729662668704986 22.810000000000002
    endloop
  endfacet
  facet normal 0.634393268060699 -0.7730104665780834 0
    outer loop
      vertex 67.25606997311115 -25.93018092662096 22.51
      vertex 67.57139794528484 -25.671397958695888 22.810000000000002
      vertex 67.25606997311115 -25.93018092662096 22.810000000000002
    endloop
  endfacet
  facet normal 0.634393268060699 -0.7730104665780834 0
    outer loop
      vertex 67.25606997311115 -25.93018092662096 22.51
      vertex 67.57139794528484 -25.671397958695888 22.51
      vertex 67.57139794528484 -25.671397958695888 22.810000000000002
    endloop
  endfacet
  facet normal 0 0 1
    outer loop
      vertex 67.12208795547485 -25.729662668704986 22.810000000000002
      vertex 67.25606997311115 -25.93018092662096 22.810000000000002
      vertex 67.4008711874485 -25.500871200859546 22.810000000000002
    endloop
  endfacet
  facet normal 0 0 1
    outer loop
      vertex 67.25606997311115 -25.93018092662096 22.810000000000002
      vertex 67.57139794528484 -25.671397958695888 22.810000000000002
      vertex 67.4008711874485 -25.500871200859546 22.810000000000002
    endloop
  endfacet
  facet normal 0.7730104585472868 -0.6343932778462533 0
    outer loop
      vertex 67.57139794528484 -25.671397958695888 22.51
      vertex 67.83018095046282 -25.356069949269294 22.810000000000002
      vertex 67.57139794528484 -25.671397958695888 22.810000000000002
    endloop
  endfacet
  facet normal 0.7730104585472868 -0.6343932778462533 0
    outer loop
      vertex 67.57139794528484 -25.671397958695888 22.51
      vertex 67.83018095046282 -25.356069949269294 22.51
      vertex 67.83018095046282 -25.356069949269294 22.810000000000002
    endloop
  endfacet
  facet normal 0.8819212562851119 -0.4713967519112641 0
    outer loop
      vertex 67.83018095046282 -25.356069949269294 22.51
      vertex 68.02247407287359 -24.9963148355484 22.810000000000002
      vertex 67.83018095046282 -25.356069949269294 22.810000000000002
    endloop
  endfacet
  facet normal 0.8819212562851119 -0.4713967519112641 0
    outer loop
      vertex 67.83018095046282 -25.356069949269294 22.51
      vertex 68.02247407287359 -24.9963148355484 22.51
      vertex 68.02247407287359 -24.9963148355484 22.810000000000002
    endloop
  endfacet
  facet normal 0 0 1
    outer loop
      vertex 67.57139794528484 -25.671397958695888 22.810000000000002
      vertex 67.62966269254684 -25.222087939083575 22.810000000000002
      vertex 67.4008711874485 -25.500871200859546 22.810000000000002
    endloop
  endfacet
  facet normal 0 0 1
    outer loop
      vertex 67.57139794528484 -25.671397958695888 22.810000000000002
      vertex 67.83018095046282 -25.356069949269294 22.810000000000002
      vertex 67.62966269254684 -25.222087939083575 22.810000000000002
    endloop
  endfacet
  facet normal 0 0 1
    outer loop
      vertex 67.83018095046282 -25.356069949269294 22.810000000000002
      vertex 67.79967012256384 -24.9040264159441 22.810000000000002
      vertex 67.62966269254684 -25.222087939083575 22.810000000000002
    endloop
  endfacet
  facet normal 0 0 1
    outer loop
      vertex 67.83018095046282 -25.356069949269294 22.810000000000002
      vertex 68.02247407287359 -24.9963148355484 22.810000000000002
      vertex 67.79967012256384 -24.9040264159441 22.810000000000002
    endloop
  endfacet
  facet normal 0.956940334423389 -0.2902846815690631 0
    outer loop
      vertex 68.02247407287359 -24.9963148355484 22.51
      vertex 68.14088758826256 -24.60595779567957 22.810000000000002
      vertex 68.02247407287359 -24.9963148355484 22.810000000000002
    endloop
  endfacet
  facet normal 0.956940334423389 -0.2902846815690631 0
    outer loop
      vertex 68.02247407287359 -24.9963148355484 22.51
      vertex 68.14088758826256 -24.60595779567957 22.51
      vertex 68.14088758826256 -24.60595779567957 22.810000000000002
    endloop
  endfacet
  facet normal 0.9951847280930809 -0.09801712590308155 0
    outer loop
      vertex 68.14088758826256 -24.60595779567957 22.51
      vertex 68.18087093532085 -24.2 22.810000000000002
      vertex 68.14088758826256 -24.60595779567957 22.810000000000002
    endloop
  endfacet
  facet normal 0.9951847280930809 -0.09801712590308155 0
    outer loop
      vertex 68.14088758826256 -24.60595779567957 22.51
      vertex 68.18087093532085 -24.2 22.51
      vertex 68.18087093532085 -24.2 22.810000000000002
    endloop
  endfacet
  facet normal 0 0 1
    outer loop
      vertex 67.79967012256384 -24.9040264159441 22.810000000000002
      vertex 68.02247407287359 -24.9963148355484 22.810000000000002
      vertex 67.90436017513275 -24.55890956968069 22.810000000000002
    endloop
  endfacet
  facet normal 0 0 1
    outer loop
      vertex 68.02247407287359 -24.9963148355484 22.810000000000002
      vertex 68.14088758826256 -24.60595779567957 22.810000000000002
      vertex 67.90436017513275 -24.55890956968069 22.810000000000002
    endloop
  endfacet
  facet normal 0 0 1
    outer loop
      vertex 67.90436017513275 -24.55890956968069 22.810000000000002
      vertex 68.14088758826256 -24.60595779567957 22.810000000000002
      vertex 67.93970967829227 -24.2 22.810000000000002
    endloop
  endfacet
  facet normal 0 0 1
    outer loop
      vertex 68.14088758826256 -24.60595779567957 22.810000000000002
      vertex 68.18087093532085 -24.2 22.810000000000002
      vertex 67.93970967829227 -24.2 22.810000000000002
    endloop
  endfacet
  facet normal 0 1 0
    outer loop
      vertex 57.89115720242262 -22.12000000178814 22.810000000000002
      vertex 66.10884279757738 -22.12000000178814 22.810000000000002
      vertex 66.10884279757738 -22.12000000178814 22.51
    endloop
  endfacet
  facet normal 0 0 1
    outer loop
      vertex 57.90294764190912 -22.35999999642372 22.810000000000002
      vertex 66.09705235809088 -22.35999999642372 22.810000000000002
      vertex 66.89631479978561 -22.277525928616523 22.810000000000002
    endloop
  endfacet
  facet normal 0 0 1
    outer loop
      vertex 57.90294764190912 -22.35999999642372 22.810000000000002
      vertex 66.5059577897191 -22.159112405776977 22.810000000000002
      vertex 66.10884279757738 -22.12000000178814 22.810000000000002
    endloop
  endfacet
  facet normal 0 0 1
    outer loop
      vertex 57.90294764190912 -22.35999999642372 22.810000000000002
      vertex 66.89631479978561 -22.277525928616523 22.810000000000002
      vertex 66.5059577897191 -22.159112405776977 22.810000000000002
    endloop
  endfacet
  facet normal 0.9951847280930809 0.09801712590308155 0
    outer loop
      vertex 68.18087093532085 -24.2 22.51
      vertex 68.14088758826256 -23.79404220432043 22.810000000000002
      vertex 68.18087093532085 -24.2 22.810000000000002
    endloop
  endfacet
  facet normal 0.9951847280930809 0.09801712590308155 0
    outer loop
      vertex 68.18087093532085 -24.2 22.51
      vertex 68.14088758826256 -23.79404220432043 22.51
      vertex 68.14088758826256 -23.79404220432043 22.810000000000002
    endloop
  endfacet
  facet normal 0.956940334423389 0.2902846815690631 0
    outer loop
      vertex 68.14088758826256 -23.79404220432043 22.51
      vertex 68.02247407287359 -23.4036851644516 22.810000000000002
      vertex 68.14088758826256 -23.79404220432043 22.810000000000002
    endloop
  endfacet
  facet normal 0.956940334423389 0.2902846815690631 0
    outer loop
      vertex 68.14088758826256 -23.79404220432043 22.51
      vertex 68.02247407287359 -23.4036851644516 22.51
      vertex 68.02247407287359 -23.4036851644516 22.810000000000002
    endloop
  endfacet
  facet normal 0 0 1
    outer loop
      vertex 67.93970967829227 -24.2 22.810000000000002
      vertex 68.18087093532085 -24.2 22.810000000000002
      vertex 67.90436017513275 -23.84109043031931 22.810000000000002
    endloop
  endfacet
  facet normal 0 0 1
    outer loop
      vertex 67.90436017513275 -23.84109043031931 22.810000000000002
      vertex 68.14088758826256 -23.79404220432043 22.810000000000002
      vertex 67.79967012256384 -23.4959735840559 22.810000000000002
    endloop
  endfacet
  facet normal 0 0 1
    outer loop
      vertex 68.14088758826256 -23.79404220432043 22.810000000000002
      vertex 68.02247407287359 -23.4036851644516 22.810000000000002
      vertex 67.79967012256384 -23.4959735840559 22.810000000000002
    endloop
  endfacet
  facet normal 0 0 1
    outer loop
      vertex 67.90436017513275 -23.84109043031931 22.810000000000002
      vertex 68.18087093532085 -24.2 22.810000000000002
      vertex 68.14088758826256 -23.79404220432043 22.810000000000002
    endloop
  endfacet
  facet normal 0.8819212562851119 0.4713967519112641 0
    outer loop
      vertex 68.02247407287359 -23.4036851644516 22.51
      vertex 67.83018095046282 -23.043930050730705 22.810000000000002
      vertex 68.02247407287359 -23.4036851644516 22.810000000000002
    endloop
  endfacet
  facet normal 0.8819212562851119 0.4713967519112641 0
    outer loop
      vertex 68.02247407287359 -23.4036851644516 22.51
      vertex 67.83018095046282 -23.043930050730705 22.51
      vertex 67.83018095046282 -23.043930050730705 22.810000000000002
    endloop
  endfacet
  facet normal 0.7730104585472868 0.6343932778462533 0
    outer loop
      vertex 67.83018095046282 -23.043930050730705 22.51
      vertex 67.57139794528484 -22.72860204130411 22.810000000000002
      vertex 67.83018095046282 -23.043930050730705 22.810000000000002
    endloop
  endfacet
  facet normal 0.7730104585472868 0.6343932778462533 0
    outer loop
      vertex 67.83018095046282 -23.043930050730705 22.51
      vertex 67.57139794528484 -22.72860204130411 22.51
      vertex 67.57139794528484 -22.72860204130411 22.810000000000002
    endloop
  endfacet
  facet normal 0 0 1
    outer loop
      vertex 67.79967012256384 -23.4959735840559 22.810000000000002
      vertex 68.02247407287359 -23.4036851644516 22.810000000000002
      vertex 67.62966269254684 -23.177912060916423 22.810000000000002
    endloop
  endfacet
  facet normal 0 0 1
    outer loop
      vertex 68.02247407287359 -23.4036851644516 22.810000000000002
      vertex 67.83018095046282 -23.043930050730705 22.810000000000002
      vertex 67.62966269254684 -23.177912060916423 22.810000000000002
    endloop
  endfacet
  facet normal 0 0 1
    outer loop
      vertex 67.4008711874485 -22.899128799140453 22.810000000000002
      vertex 67.83018095046282 -23.043930050730705 22.810000000000002
      vertex 67.57139794528484 -22.72860204130411 22.810000000000002
    endloop
  endfacet
  facet normal 0 0 1
    outer loop
      vertex 67.62966269254684 -23.177912060916423 22.810000000000002
      vertex 67.83018095046282 -23.043930050730705 22.810000000000002
      vertex 67.4008711874485 -22.899128799140453 22.810000000000002
    endloop
  endfacet
  facet normal 0.09801711828635457 0.9951847288432629 0
    outer loop
      vertex 66.10884279757738 -22.12000000178814 22.51
      vertex 66.10884279757738 -22.12000000178814 22.810000000000002
      vertex 66.5059577897191 -22.159112405776977 22.51
    endloop
  endfacet
  facet normal 0.09801711828635457 0.9951847288432629 0
    outer loop
      vertex 66.10884279757738 -22.12000000178814 22.810000000000002
      vertex 66.5059577897191 -22.159112405776977 22.810000000000002
      vertex 66.5059577897191 -22.159112405776977 22.51
    endloop
  endfacet
  facet normal 0.29028471858936994 0.9569403231934008 0
    outer loop
      vertex 66.5059577897191 -22.159112405776977 22.51
      vertex 66.5059577897191 -22.159112405776977 22.810000000000002
      vertex 66.89631479978561 -22.277525928616523 22.51
    endloop
  endfacet
  facet normal 0.471396733783111 0.8819212659748119 0
    outer loop
      vertex 66.89631479978561 -22.277525928616523 22.810000000000002
      vertex 67.25606997311115 -22.46981907337904 22.810000000000002
      vertex 67.25606997311115 -22.46981907337904 22.51
    endloop
  endfacet
  facet normal 0.471396733783111 0.8819212659748119 0
    outer loop
      vertex 66.89631479978561 -22.277525928616523 22.51
      vertex 66.89631479978561 -22.277525928616523 22.810000000000002
      vertex 67.25606997311115 -22.46981907337904 22.51
    endloop
  endfacet
  facet normal 0.29028471858936994 0.9569403231934008 0
    outer loop
      vertex 66.5059577897191 -22.159112405776977 22.810000000000002
      vertex 66.89631479978561 -22.277525928616523 22.810000000000002
      vertex 66.89631479978561 -22.277525928616523 22.51
    endloop
  endfacet
  facet normal 0 0 1
    outer loop
      vertex 66.80402638018131 -22.500329871475696 22.810000000000002
      vertex 67.25606997311115 -22.46981907337904 22.810000000000002
      vertex 66.45890956372023 -22.395639818906783 22.810000000000002
    endloop
  endfacet
  facet normal 0 0 1
    outer loop
      vertex 67.12208795547485 -22.670337331295013 22.810000000000002
      vertex 67.25606997311115 -22.46981907337904 22.810000000000002
      vertex 66.80402638018131 -22.500329871475696 22.810000000000002
    endloop
  endfacet
  facet normal 0 0 1
    outer loop
      vertex 66.09705235809088 -22.35999999642372 22.810000000000002
      vertex 66.45890956372023 -22.395639818906783 22.810000000000002
      vertex 66.89631479978561 -22.277525928616523 22.810000000000002
    endloop
  endfacet
  facet normal 0 0 1
    outer loop
      vertex 66.45890956372023 -22.395639818906783 22.810000000000002
      vertex 67.25606997311115 -22.46981907337904 22.810000000000002
      vertex 66.89631479978561 -22.277525928616523 22.810000000000002
    endloop
  endfacet
  facet normal 0.634393268060699 0.7730104665780834 0
    outer loop
      vertex 67.57139794528484 -22.72860204130411 22.51
      vertex 67.25606997311115 -22.46981907337904 22.810000000000002
      vertex 67.57139794528484 -22.72860204130411 22.810000000000002
    endloop
  endfacet
  facet normal 0.634393268060699 0.7730104665780834 0
    outer loop
      vertex 67.57139794528484 -22.72860204130411 22.51
      vertex 67.25606997311115 -22.46981907337904 22.51
      vertex 67.25606997311115 -22.46981907337904 22.810000000000002
    endloop
  endfacet
  facet normal 0 0 1
    outer loop
      vertex 67.4008711874485 -22.899128799140453 22.810000000000002
      vertex 67.57139794528484 -22.72860204130411 22.810000000000002
      vertex 67.12208795547485 -22.670337331295013 22.810000000000002
    endloop
  endfacet
  facet normal 0 0 1
    outer loop
      vertex 67.12208795547485 -22.670337331295013 22.810000000000002
      vertex 67.57139794528484 -22.72860204130411 22.810000000000002
      vertex 67.25606997311115 -22.46981907337904 22.810000000000002
    endloop
  endfacet
  facet normal -0.6343932545486811 -0.7730104776671092 0
    outer loop
      vertex 56.87791204452515 -25.729662668704986 22.810000000000002
      vertex 56.87791204452515 -25.729662668704986 23.110000000000003
      vertex 56.5991288125515 -25.500871200859546 23.110000000000003
    endloop
  endfacet
  facet normal -0.29028470477458396 -0.9569403273840708 0
    outer loop
      vertex 57.541090436279774 -26.004360181093215 22.810000000000002
      vertex 57.541090436279774 -26.004360181093215 23.110000000000003
      vertex 57.19597361981869 -25.899670128524303 23.110000000000003
    endloop
  endfacet
  facet normal -0.09801713620499436 -0.9951847270784312 0
    outer loop
      vertex 57.541090436279774 -26.004360181093215 22.810000000000002
      vertex 57.90294764190912 -26.040000003576278 22.810000000000002
      vertex 57.541090436279774 -26.004360181093215 23.110000000000003
    endloop
  endfacet
  facet normal -0.47139674956500244 -0.881921257539215 0
    outer loop
      vertex 57.19597361981869 -25.899670128524303 22.810000000000002
      vertex 56.87791204452515 -25.729662668704986 23.110000000000003
      vertex 56.87791204452515 -25.729662668704986 22.810000000000002
    endloop
  endfacet
  facet normal -0.47139674956500244 -0.881921257539215 0
    outer loop
      vertex 57.19597361981869 -25.899670128524303 22.810000000000002
      vertex 57.19597361981869 -25.899670128524303 23.110000000000003
      vertex 56.87791204452515 -25.729662668704986 23.110000000000003
    endloop
  endfacet
  facet normal 0 0 1
    outer loop
      vertex 57.19597361981869 -25.899670128524303 23.110000000000003
      vertex 57.58813866972923 -25.76783276796341 23.110000000000003
      vertex 56.87791204452515 -25.729662668704986 23.110000000000003
    endloop
  endfacet
  facet normal 0 0 1
    outer loop
      vertex 56.87791204452515 -25.729662668704986 23.110000000000003
      vertex 57.58813866972923 -25.76783276796341 23.110000000000003
      vertex 57.28826203942299 -25.67686617821455 23.110000000000003
    endloop
  endfacet
  facet normal 0 0 1
    outer loop
      vertex 56.87791204452515 -25.729662668704986 23.110000000000003
      vertex 57.28826203942299 -25.67686617821455 23.110000000000003
      vertex 57.011894054710865 -25.529144410789012 23.110000000000003
    endloop
  endfacet
  facet normal -0.29028470477458396 -0.9569403273840708 0
    outer loop
      vertex 57.541090436279774 -26.004360181093215 22.810000000000002
      vertex 57.19597361981869 -25.899670128524303 23.110000000000003
      vertex 57.19597361981869 -25.899670128524303 22.810000000000002
    endloop
  endfacet
  facet normal 0 0 1
    outer loop
      vertex 57.19597361981869 -25.899670128524303 23.110000000000003
      vertex 57.91473808884621 -25.800000001490115 23.110000000000003
      vertex 57.58813866972923 -25.76783276796341 23.110000000000003
    endloop
  endfacet
  facet normal -0.09801713620499436 -0.9951847270784312 0
    outer loop
      vertex 57.541090436279774 -26.004360181093215 23.110000000000003
      vertex 57.90294764190912 -26.040000003576278 22.810000000000002
      vertex 57.90294764190912 -26.040000003576278 23.110000000000003
    endloop
  endfacet
  facet normal -0.6343932545486811 -0.7730104776671092 0
    outer loop
      vertex 56.87791204452515 -25.729662668704986 22.810000000000002
      vertex 56.5991288125515 -25.500871200859546 23.110000000000003
      vertex 56.5991288125515 -25.500871200859546 22.810000000000002
    endloop
  endfacet
  facet normal 0 0 1
    outer loop
      vertex 56.5991288125515 -25.500871200859546 23.110000000000003
      vertex 57.011894054710865 -25.529144410789012 23.110000000000003
      vertex 56.76965557038784 -25.330344435572623 23.110000000000003
    endloop
  endfacet
  facet normal -0.773010460269277 -0.6343932757480021 0
    outer loop
      vertex 56.5991288125515 -25.500871200859546 22.810000000000002
      vertex 56.5991288125515 -25.500871200859546 23.110000000000003
      vertex 56.370337307453156 -25.222087939083575 23.110000000000003
    endloop
  endfacet
  facet normal -0.773010460269277 -0.6343932757480021 0
    outer loop
      vertex 56.5991288125515 -25.500871200859546 22.810000000000002
      vertex 56.370337307453156 -25.222087939083575 23.110000000000003
      vertex 56.370337307453156 -25.222087939083575 22.810000000000002
    endloop
  endfacet
  facet normal 0 0 1
    outer loop
      vertex 56.5991288125515 -25.500871200859546 23.110000000000003
      vertex 56.76965557038784 -25.330344435572623 23.110000000000003
      vertex 56.370337307453156 -25.222087939083575 23.110000000000003
    endloop
  endfacet
  facet normal -0.8819212597587118 -0.47139674541261606 0
    outer loop
      vertex 56.370337307453156 -25.222087939083575 22.810000000000002
      vertex 56.370337307453156 -25.222087939083575 23.110000000000003
      vertex 56.20032987743616 -24.9040264159441 23.110000000000003
    endloop
  endfacet
  facet normal -0.8819212597587118 -0.47139674541261606 0
    outer loop
      vertex 56.370337307453156 -25.222087939083575 22.810000000000002
      vertex 56.20032987743616 -24.9040264159441 23.110000000000003
      vertex 56.20032987743616 -24.9040264159441 22.810000000000002
    endloop
  endfacet
  facet normal 0 0 1
    outer loop
      vertex 56.370337307453156 -25.222087939083575 23.110000000000003
      vertex 56.57085556536913 -25.088105921447276 23.110000000000003
      vertex 56.20032987743616 -24.9040264159441 23.110000000000003
    endloop
  endfacet
  facet normal 0 0 1
    outer loop
      vertex 56.76965557038784 -25.330344435572623 23.110000000000003
      vertex 56.57085556536913 -25.088105921447276 23.110000000000003
      vertex 56.370337307453156 -25.222087939083575 23.110000000000003
    endloop
  endfacet
  facet normal 0 0 1
    outer loop
      vertex 56.20032987743616 -24.9040264159441 23.110000000000003
      vertex 56.57085556536913 -25.088105921447276 23.110000000000003
      vertex 56.423133827745914 -24.811737996339797 23.110000000000003
    endloop
  endfacet
  facet normal -0.9569403343474028 -0.2902846818195563 0
    outer loop
      vertex 56.20032987743616 -24.9040264159441 22.810000000000002
      vertex 56.20032987743616 -24.9040264159441 23.110000000000003
      vertex 56.09563982486725 -24.55890956968069 23.110000000000003
    endloop
  endfacet
  facet normal 0 0 1
    outer loop
      vertex 56.20032987743616 -24.9040264159441 23.110000000000003
      vertex 56.423133827745914 -24.811737996339797 23.110000000000003
      vertex 56.09563982486725 -24.55890956968069 23.110000000000003
    endloop
  endfacet
  facet normal -0.9569403343474028 -0.2902846818195563 0
    outer loop
      vertex 56.20032987743616 -24.9040264159441 22.810000000000002
      vertex 56.09563982486725 -24.55890956968069 23.110000000000003
      vertex 56.09563982486725 -24.55890956968069 22.810000000000002
    endloop
  endfacet
  facet normal 0 0 1
    outer loop
      vertex 56.09563982486725 -24.55890956968069 23.110000000000003
      vertex 56.423133827745914 -24.811737996339797 23.110000000000003
      vertex 56.332167237997055 -24.51186134368181 23.110000000000003
    endloop
  endfacet
  facet normal -0.9951847277640012 -0.09801712924428395 0
    outer loop
      vertex 56.09563982486725 -24.55890956968069 22.810000000000002
      vertex 56.09563982486725 -24.55890956968069 23.110000000000003
      vertex 56.060290321707726 -24.2 23.110000000000003
    endloop
  endfacet
  facet normal 0 0 1
    outer loop
      vertex 56.09563982486725 -24.55890956968069 23.110000000000003
      vertex 56.332167237997055 -24.51186134368181 23.110000000000003
      vertex 56.060290321707726 -24.2 23.110000000000003
    endloop
  endfacet
  facet normal -0.9951847277640012 -0.09801712924428395 0
    outer loop
      vertex 56.09563982486725 -24.55890956968069 22.810000000000002
      vertex 56.060290321707726 -24.2 23.110000000000003
      vertex 56.060290321707726 -24.2 22.810000000000002
    endloop
  endfacet
  facet normal 0 0 1
    outer loop
      vertex 56.332167237997055 -24.51186134368181 23.110000000000003
      vertex 56.301451578736305 -24.2 23.110000000000003
      vertex 56.060290321707726 -24.2 23.110000000000003
    endloop
  endfacet
  facet normal 0 0 1
    outer loop
      vertex 56.87791204452515 -25.729662668704986 23.110000000000003
      vertex 57.011894054710865 -25.529144410789012 23.110000000000003
      vertex 56.5991288125515 -25.500871200859546 23.110000000000003
    endloop
  endfacet
  facet normal 0 -1 0
    outer loop
      vertex 57.90294764190912 -26.040000003576278 22.810000000000002
      vertex 66.09705235809088 -26.040000003576278 22.810000000000002
      vertex 57.90294764190912 -26.040000003576278 23.110000000000003
    endloop
  endfacet
  facet normal 0 0 1
    outer loop
      vertex 57.541090436279774 -26.004360181093215 23.110000000000003
      vertex 66.0852619111538 -25.800000001490115 23.110000000000003
      vertex 57.19597361981869 -25.899670128524303 23.110000000000003
    endloop
  endfacet
  facet normal 0 0 1
    outer loop
      vertex 57.19597361981869 -25.899670128524303 23.110000000000003
      vertex 66.0852619111538 -25.800000001490115 23.110000000000003
      vertex 57.91473808884621 -25.800000001490115 23.110000000000003
    endloop
  endfacet
  facet normal 0 0 1
    outer loop
      vertex 57.541090436279774 -26.004360181093215 23.110000000000003
      vertex 57.90294764190912 -26.040000003576278 23.110000000000003
      vertex 66.0852619111538 -25.800000001490115 23.110000000000003
    endloop
  endfacet
  facet normal -0.9951847277640012 0.09801712924428395 0
    outer loop
      vertex 56.060290321707726 -24.2 22.810000000000002
      vertex 56.060290321707726 -24.2 23.110000000000003
      vertex 56.09563982486725 -23.84109043031931 23.110000000000003
    endloop
  endfacet
  facet normal 0 0 1
    outer loop
      vertex 56.060290321707726 -24.2 23.110000000000003
      vertex 56.301451578736305 -24.2 23.110000000000003
      vertex 56.09563982486725 -23.84109043031931 23.110000000000003
    endloop
  endfacet
  facet normal -0.9951847277640012 0.09801712924428395 0
    outer loop
      vertex 56.060290321707726 -24.2 22.810000000000002
      vertex 56.09563982486725 -23.84109043031931 23.110000000000003
      vertex 56.09563982486725 -23.84109043031931 22.810000000000002
    endloop
  endfacet
  facet normal 0 0 1
    outer loop
      vertex 56.301451578736305 -24.2 23.110000000000003
      vertex 56.332167237997055 -23.888138656318187 23.110000000000003
      vertex 56.09563982486725 -23.84109043031931 23.110000000000003
    endloop
  endfacet
  facet normal -0.9569403343474028 0.2902846818195563 0
    outer loop
      vertex 56.09563982486725 -23.84109043031931 22.810000000000002
      vertex 56.09563982486725 -23.84109043031931 23.110000000000003
      vertex 56.20032987743616 -23.4959735840559 23.110000000000003
    endloop
  endfacet
  facet normal 0 0 1
    outer loop
      vertex 56.332167237997055 -23.888138656318187 23.110000000000003
      vertex 56.20032987743616 -23.4959735840559 23.110000000000003
      vertex 56.09563982486725 -23.84109043031931 23.110000000000003
    endloop
  endfacet
  facet normal -0.9569403343474028 0.2902846818195563 0
    outer loop
      vertex 56.09563982486725 -23.84109043031931 22.810000000000002
      vertex 56.20032987743616 -23.4959735840559 23.110000000000003
      vertex 56.20032987743616 -23.4959735840559 22.810000000000002
    endloop
  endfacet
  facet normal 0 0 1
    outer loop
      vertex 56.332167237997055 -23.888138656318187 23.110000000000003
      vertex 56.423133827745914 -23.5882620036602 23.110000000000003
      vertex 56.20032987743616 -23.4959735840559 23.110000000000003
    endloop
  endfacet
  facet normal -0.8819212597587118 0.47139674541261606 0
    outer loop
      vertex 56.20032987743616 -23.4959735840559 22.810000000000002
      vertex 56.20032987743616 -23.4959735840559 23.110000000000003
      vertex 56.370337307453156 -23.177912060916423 23.110000000000003
    endloop
  endfacet
  facet normal 0 0 1
    outer loop
      vertex 56.423133827745914 -23.5882620036602 23.110000000000003
      vertex 56.370337307453156 -23.177912060916423 23.110000000000003
      vertex 56.20032987743616 -23.4959735840559 23.110000000000003
    endloop
  endfacet
  facet normal -0.8819212597587118 0.47139674541261606 0
    outer loop
      vertex 56.20032987743616 -23.4959735840559 22.810000000000002
      vertex 56.370337307453156 -23.177912060916423 23.110000000000003
      vertex 56.370337307453156 -23.177912060916423 22.810000000000002
    endloop
  endfacet
  facet normal 0 0 1
    outer loop
      vertex 56.423133827745914 -23.5882620036602 23.110000000000003
      vertex 56.57085556536913 -23.311894078552722 23.110000000000003
      vertex 56.370337307453156 -23.177912060916423 23.110000000000003
    endloop
  endfacet
  facet normal -0.773010460269277 0.6343932757480021 0
    outer loop
      vertex 56.370337307453156 -23.177912060916423 22.810000000000002
      vertex 56.370337307453156 -23.177912060916423 23.110000000000003
      vertex 56.5991288125515 -22.899128799140453 23.110000000000003
    endloop
  endfacet
  facet normal -0.773010460269277 0.6343932757480021 0
    outer loop
      vertex 56.370337307453156 -23.177912060916423 22.810000000000002
      vertex 56.5991288125515 -22.899128799140453 23.110000000000003
      vertex 56.5991288125515 -22.899128799140453 22.810000000000002
    endloop
  endfacet
  facet normal 0 0 1
    outer loop
      vertex 56.370337307453156 -23.177912060916423 23.110000000000003
      vertex 56.57085556536913 -23.311894078552722 23.110000000000003
      vertex 56.5991288125515 -22.899128799140453 23.110000000000003
    endloop
  endfacet
  facet normal 0 0 1
    outer loop
      vertex 56.57085556536913 -23.311894078552722 23.110000000000003
      vertex 56.76965557038784 -23.069655564427375 23.110000000000003
      vertex 56.5991288125515 -22.899128799140453 23.110000000000003
    endloop
  endfacet
  facet normal -0.6343932545486811 0.7730104776671092 0
    outer loop
      vertex 56.5991288125515 -22.899128799140453 22.810000000000002
      vertex 56.5991288125515 -22.899128799140453 23.110000000000003
      vertex 56.87791204452515 -22.670337331295013 23.110000000000003
    endloop
  endfacet
  facet normal 0 0 1
    outer loop
      vertex 56.76965557038784 -23.069655564427375 23.110000000000003
      vertex 56.87791204452515 -22.670337331295013 23.110000000000003
      vertex 56.5991288125515 -22.899128799140453 23.110000000000003
    endloop
  endfacet
  facet normal 0 0 1
    outer loop
      vertex 56.76965557038784 -23.069655564427375 23.110000000000003
      vertex 57.011894054710865 -22.870855589210986 23.110000000000003
      vertex 56.87791204452515 -22.670337331295013 23.110000000000003
    endloop
  endfacet
  facet normal -0.6343932545486811 0.7730104776671092 0
    outer loop
      vertex 56.5991288125515 -22.899128799140453 22.810000000000002
      vertex 56.87791204452515 -22.670337331295013 23.110000000000003
      vertex 56.87791204452515 -22.670337331295013 22.810000000000002
    endloop
  endfacet
  facet normal 0 0 1
    outer loop
      vertex 57.011894054710865 -22.870855589210986 23.110000000000003
      vertex 57.28826203942299 -22.72313382178545 23.110000000000003
      vertex 56.87791204452515 -22.670337331295013 23.110000000000003
    endloop
  endfacet
  facet normal 0 0 1
    outer loop
      vertex 56.87791204452515 -22.670337331295013 23.110000000000003
      vertex 57.28826203942299 -22.72313382178545 23.110000000000003
      vertex 57.19597361981869 -22.500329871475696 23.110000000000003
    endloop
  endfacet
  facet normal -0.47139674956500244 0.881921257539215 0
    outer loop
      vertex 56.87791204452515 -22.670337331295013 22.810000000000002
      vertex 56.87791204452515 -22.670337331295013 23.110000000000003
      vertex 57.19597361981869 -22.500329871475696 23.110000000000003
    endloop
  endfacet
  facet normal -0.47139674956500244 0.881921257539215 0
    outer loop
      vertex 56.87791204452515 -22.670337331295013 22.810000000000002
      vertex 57.19597361981869 -22.500329871475696 23.110000000000003
      vertex 57.19597361981869 -22.500329871475696 22.810000000000002
    endloop
  endfacet
  facet normal -0.29028470477458396 0.9569403273840708 0
    outer loop
      vertex 57.19597361981869 -22.500329871475696 22.810000000000002
      vertex 57.19597361981869 -22.500329871475696 23.110000000000003
      vertex 57.541090436279774 -22.395639818906783 23.110000000000003
    endloop
  endfacet
  facet normal 0 0 1
    outer loop
      vertex 57.19597361981869 -22.500329871475696 23.110000000000003
      vertex 57.28826203942299 -22.72313382178545 23.110000000000003
      vertex 57.58813866972923 -22.63216723203659 23.110000000000003
    endloop
  endfacet
  facet normal 0 0 1
    outer loop
      vertex 57.19597361981869 -22.500329871475696 23.110000000000003
      vertex 57.58813866972923 -22.63216723203659 23.110000000000003
      vertex 57.91473808884621 -22.599999998509883 23.110000000000003
    endloop
  endfacet
  facet normal -0.29028470477458396 0.9569403273840708 0
    outer loop
      vertex 57.19597361981869 -22.500329871475696 22.810000000000002
      vertex 57.541090436279774 -22.395639818906783 23.110000000000003
      vertex 57.541090436279774 -22.395639818906783 22.810000000000002
    endloop
  endfacet
  facet normal -0.09801713620499436 0.9951847270784312 0
    outer loop
      vertex 57.541090436279774 -22.395639818906783 22.810000000000002
      vertex 57.541090436279774 -22.395639818906783 23.110000000000003
      vertex 57.90294764190912 -22.35999999642372 23.110000000000003
    endloop
  endfacet
  facet normal 0 0 1
    outer loop
      vertex 57.19597361981869 -22.500329871475696 23.110000000000003
      vertex 57.90294764190912 -22.35999999642372 23.110000000000003
      vertex 57.541090436279774 -22.395639818906783 23.110000000000003
    endloop
  endfacet
  facet normal -0.09801713620499436 0.9951847270784312 0
    outer loop
      vertex 57.541090436279774 -22.395639818906783 22.810000000000002
      vertex 57.90294764190912 -22.35999999642372 23.110000000000003
      vertex 57.90294764190912 -22.35999999642372 22.810000000000002
    endloop
  endfacet
  facet normal 0 0 1
    outer loop
      vertex 57.19597361981869 -22.500329871475696 23.110000000000003
      vertex 57.91473808884621 -22.599999998509883 23.110000000000003
      vertex 66.09705235809088 -22.35999999642372 23.110000000000003
    endloop
  endfacet
  facet normal 0 1 0
    outer loop
      vertex 57.90294764190912 -22.35999999642372 22.810000000000002
      vertex 57.90294764190912 -22.35999999642372 23.110000000000003
      vertex 66.09705235809088 -22.35999999642372 23.110000000000003
    endloop
  endfacet
  facet normal 0 0 1
    outer loop
      vertex 57.19597361981869 -22.500329871475696 23.110000000000003
      vertex 66.09705235809088 -22.35999999642372 23.110000000000003
      vertex 57.90294764190912 -22.35999999642372 23.110000000000003
    endloop
  endfacet
  facet normal 0 -1 0
    outer loop
      vertex 57.90294764190912 -26.040000003576278 23.110000000000003
      vertex 66.09705235809088 -26.040000003576278 22.810000000000002
      vertex 66.09705235809088 -26.040000003576278 23.110000000000003
    endloop
  endfacet
  facet normal 0 0 1
    outer loop
      vertex 57.90294764190912 -26.040000003576278 23.110000000000003
      vertex 66.09705235809088 -26.040000003576278 23.110000000000003
      vertex 66.80402638018131 -25.899670128524303 23.110000000000003
    endloop
  endfacet
  facet normal 0 0 1
    outer loop
      vertex 57.90294764190912 -26.040000003576278 23.110000000000003
      vertex 66.80402638018131 -25.899670128524303 23.110000000000003
      vertex 66.0852619111538 -25.800000001490115 23.110000000000003
    endloop
  endfacet
  facet normal 0.09801713620499436 -0.9951847270784312 0
    outer loop
      vertex 66.09705235809088 -26.040000003576278 22.810000000000002
      vertex 66.45890956372023 -26.004360181093215 22.810000000000002
      vertex 66.09705235809088 -26.040000003576278 23.110000000000003
    endloop
  endfacet
  facet normal 0.09801713620499436 -0.9951847270784312 0
    outer loop
      vertex 66.09705235809088 -26.040000003576278 23.110000000000003
      vertex 66.45890956372023 -26.004360181093215 22.810000000000002
      vertex 66.45890956372023 -26.004360181093215 23.110000000000003
    endloop
  endfacet
  facet normal 0.29028470477458396 -0.9569403273840708 0
    outer loop
      vertex 66.45890956372023 -26.004360181093215 22.810000000000002
      vertex 66.80402638018131 -25.899670128524303 22.810000000000002
      vertex 66.45890956372023 -26.004360181093215 23.110000000000003
    endloop
  endfacet
  facet normal 0 0 1
    outer loop
      vertex 66.09705235809088 -26.040000003576278 23.110000000000003
      vertex 66.45890956372023 -26.004360181093215 23.110000000000003
      vertex 66.80402638018131 -25.899670128524303 23.110000000000003
    endloop
  endfacet
  facet normal 0.29028470477458396 -0.9569403273840708 0
    outer loop
      vertex 66.45890956372023 -26.004360181093215 23.110000000000003
      vertex 66.80402638018131 -25.899670128524303 22.810000000000002
      vertex 66.80402638018131 -25.899670128524303 23.110000000000003
    endloop
  endfacet
  facet normal 0 0 1
    outer loop
      vertex 66.0852619111538 -25.800000001490115 23.110000000000003
      vertex 66.80402638018131 -25.899670128524303 23.110000000000003
      vertex 66.41186133027077 -25.76783276796341 23.110000000000003
    endloop
  endfacet
  facet normal 0 0 1
    outer loop
      vertex 66.41186133027077 -25.76783276796341 23.110000000000003
      vertex 66.80402638018131 -25.899670128524303 23.110000000000003
      vertex 66.71173796057701 -25.67686617821455 23.110000000000003
    endloop
  endfacet
  facet normal 0.47139674956500244 -0.881921257539215 0
    outer loop
      vertex 66.80402638018131 -25.899670128524303 22.810000000000002
      vertex 67.12208795547485 -25.729662668704986 22.810000000000002
      vertex 66.80402638018131 -25.899670128524303 23.110000000000003
    endloop
  endfacet
  facet normal 0.47139674956500244 -0.881921257539215 0
    outer loop
      vertex 67.12208795547485 -25.729662668704986 22.810000000000002
      vertex 67.12208795547485 -25.729662668704986 23.110000000000003
      vertex 66.80402638018131 -25.899670128524303 23.110000000000003
    endloop
  endfacet
  facet normal 0 0 1
    outer loop
      vertex 66.71173796057701 -25.67686617821455 23.110000000000003
      vertex 66.80402638018131 -25.899670128524303 23.110000000000003
      vertex 67.12208795547485 -25.729662668704986 23.110000000000003
    endloop
  endfacet
  facet normal 0 0 1
    outer loop
      vertex 66.71173796057701 -25.67686617821455 23.110000000000003
      vertex 67.12208795547485 -25.729662668704986 23.110000000000003
      vertex 66.98810594528913 -25.529144410789012 23.110000000000003
    endloop
  endfacet
  facet normal 0.6343932545486811 -0.7730104776671092 0
    outer loop
      vertex 67.12208795547485 -25.729662668704986 22.810000000000002
      vertex 67.4008711874485 -25.500871200859546 22.810000000000002
      vertex 67.12208795547485 -25.729662668704986 23.110000000000003
    endloop
  endfacet
  facet normal 0 0 1
    outer loop
      vertex 67.12208795547485 -25.729662668704986 23.110000000000003
      vertex 67.23034442961216 -25.330344435572623 23.110000000000003
      vertex 66.98810594528913 -25.529144410789012 23.110000000000003
    endloop
  endfacet
  facet normal 0.6343932545486811 -0.7730104776671092 0
    outer loop
      vertex 67.12208795547485 -25.729662668704986 23.110000000000003
      vertex 67.4008711874485 -25.500871200859546 22.810000000000002
      vertex 67.4008711874485 -25.500871200859546 23.110000000000003
    endloop
  endfacet
  facet normal 0 0 1
    outer loop
      vertex 67.12208795547485 -25.729662668704986 23.110000000000003
      vertex 67.4008711874485 -25.500871200859546 23.110000000000003
      vertex 67.23034442961216 -25.330344435572623 23.110000000000003
    endloop
  endfacet
  facet normal 0.773010460269277 -0.6343932757480021 0
    outer loop
      vertex 67.4008711874485 -25.500871200859546 22.810000000000002
      vertex 67.62966269254684 -25.222087939083575 22.810000000000002
      vertex 67.4008711874485 -25.500871200859546 23.110000000000003
    endloop
  endfacet
  facet normal 0.773010460269277 -0.6343932757480021 0
    outer loop
      vertex 67.4008711874485 -25.500871200859546 23.110000000000003
      vertex 67.62966269254684 -25.222087939083575 22.810000000000002
      vertex 67.62966269254684 -25.222087939083575 23.110000000000003
    endloop
  endfacet
  facet normal 0 0 1
    outer loop
      vertex 67.4008711874485 -25.500871200859546 23.110000000000003
      vertex 67.42914443463087 -25.088105921447276 23.110000000000003
      vertex 67.23034442961216 -25.330344435572623 23.110000000000003
    endloop
  endfacet
  facet normal 0 0 1
    outer loop
      vertex 67.4008711874485 -25.500871200859546 23.110000000000003
      vertex 67.62966269254684 -25.222087939083575 23.110000000000003
      vertex 67.42914443463087 -25.088105921447276 23.110000000000003
    endloop
  endfacet
  facet normal 0 0 1
    outer loop
      vertex 67.42914443463087 -25.088105921447276 23.110000000000003
      vertex 67.62966269254684 -25.222087939083575 23.110000000000003
      vertex 67.57686617225409 -24.811737996339797 23.110000000000003
    endloop
  endfacet
  facet normal 0.8819212597587118 -0.47139674541261606 0
    outer loop
      vertex 67.62966269254684 -25.222087939083575 22.810000000000002
      vertex 67.79967012256384 -24.9040264159441 22.810000000000002
      vertex 67.62966269254684 -25.222087939083575 23.110000000000003
    endloop
  endfacet
  facet normal 0.8819212597587118 -0.47139674541261606 0
    outer loop
      vertex 67.79967012256384 -24.9040264159441 22.810000000000002
      vertex 67.79967012256384 -24.9040264159441 23.110000000000003
      vertex 67.62966269254684 -25.222087939083575 23.110000000000003
    endloop
  endfacet
  facet normal 0 0 1
    outer loop
      vertex 67.62966269254684 -25.222087939083575 23.110000000000003
      vertex 67.79967012256384 -24.9040264159441 23.110000000000003
      vertex 67.57686617225409 -24.811737996339797 23.110000000000003
    endloop
  endfacet
  facet normal 0.9569403343474028 -0.2902846818195563 0
    outer loop
      vertex 67.79967012256384 -24.9040264159441 22.810000000000002
      vertex 67.90436017513275 -24.55890956968069 22.810000000000002
      vertex 67.79967012256384 -24.9040264159441 23.110000000000003
    endloop
  endfacet
  facet normal 0 0 1
    outer loop
      vertex 67.79967012256384 -24.9040264159441 23.110000000000003
      vertex 67.66783276200294 -24.51186134368181 23.110000000000003
      vertex 67.57686617225409 -24.811737996339797 23.110000000000003
    endloop
  endfacet
  facet normal 0.9569403343474028 -0.2902846818195563 0
    outer loop
      vertex 67.79967012256384 -24.9040264159441 23.110000000000003
      vertex 67.90436017513275 -24.55890956968069 22.810000000000002
      vertex 67.90436017513275 -24.55890956968069 23.110000000000003
    endloop
  endfacet
  facet normal 0 0 1
    outer loop
      vertex 67.79967012256384 -24.9040264159441 23.110000000000003
      vertex 67.90436017513275 -24.55890956968069 23.110000000000003
      vertex 67.66783276200294 -24.51186134368181 23.110000000000003
    endloop
  endfacet
  facet normal 0.9951847277640012 -0.09801712924428395 0
    outer loop
      vertex 67.90436017513275 -24.55890956968069 22.810000000000002
      vertex 67.93970967829227 -24.2 22.810000000000002
      vertex 67.90436017513275 -24.55890956968069 23.110000000000003
    endloop
  endfacet
  facet normal 0 0 1
    outer loop
      vertex 67.90436017513275 -24.55890956968069 23.110000000000003
      vertex 67.6985484212637 -24.2 23.110000000000003
      vertex 67.66783276200294 -24.51186134368181 23.110000000000003
    endloop
  endfacet
  facet normal 0.9951847277640012 -0.09801712924428395 0
    outer loop
      vertex 67.90436017513275 -24.55890956968069 23.110000000000003
      vertex 67.93970967829227 -24.2 22.810000000000002
      vertex 67.93970967829227 -24.2 23.110000000000003
    endloop
  endfacet
  facet normal 0 0 1
    outer loop
      vertex 67.90436017513275 -24.55890956968069 23.110000000000003
      vertex 67.93970967829227 -24.2 23.110000000000003
      vertex 67.6985484212637 -24.2 23.110000000000003
    endloop
  endfacet
  facet normal 0 0 1
    outer loop
      vertex 57.91473808884621 -22.599999998509883 23.110000000000003
      vertex 66.45890956372023 -22.395639818906783 23.110000000000003
      vertex 66.09705235809088 -22.35999999642372 23.110000000000003
    endloop
  endfacet
  facet normal 0 0 1
    outer loop
      vertex 57.91473808884621 -22.599999998509883 23.110000000000003
      vertex 66.0852619111538 -22.599999998509883 23.110000000000003
      vertex 66.80402638018131 -22.500329871475696 23.110000000000003
    endloop
  endfacet
  facet normal 0 0 1
    outer loop
      vertex 57.91473808884621 -22.599999998509883 23.110000000000003
      vertex 66.80402638018131 -22.500329871475696 23.110000000000003
      vertex 66.45890956372023 -22.395639818906783 23.110000000000003
    endloop
  endfacet
  facet normal 0 1 0
    outer loop
      vertex 57.90294764190912 -22.35999999642372 22.810000000000002
      vertex 66.09705235809088 -22.35999999642372 23.110000000000003
      vertex 66.09705235809088 -22.35999999642372 22.810000000000002
    endloop
  endfacet
  facet normal 0 0 1
    outer loop
      vertex 66.98810594528913 -22.870855589210986 23.110000000000003
      vertex 67.4008711874485 -22.899128799140453 23.110000000000003
      vertex 67.12208795547485 -22.670337331295013 23.110000000000003
    endloop
  endfacet
  facet normal 0.9951847277640012 0.09801712924428395 0
    outer loop
      vertex 67.93970967829227 -24.2 22.810000000000002
      vertex 67.90436017513275 -23.84109043031931 22.810000000000002
      vertex 67.93970967829227 -24.2 23.110000000000003
    endloop
  endfacet
  facet normal 0 0 1
    outer loop
      vertex 67.6985484212637 -24.2 23.110000000000003
      vertex 67.93970967829227 -24.2 23.110000000000003
      vertex 67.66783276200294 -23.888138656318187 23.110000000000003
    endloop
  endfacet
  facet normal 0.9951847277640012 0.09801712924428395 0
    outer loop
      vertex 67.93970967829227 -24.2 23.110000000000003
      vertex 67.90436017513275 -23.84109043031931 22.810000000000002
      vertex 67.90436017513275 -23.84109043031931 23.110000000000003
    endloop
  endfacet
  facet normal 0 0 1
    outer loop
      vertex 67.93970967829227 -24.2 23.110000000000003
      vertex 67.90436017513275 -23.84109043031931 23.110000000000003
      vertex 67.66783276200294 -23.888138656318187 23.110000000000003
    endloop
  endfacet
  facet normal 0.9569403343474028 0.2902846818195563 0
    outer loop
      vertex 67.90436017513275 -23.84109043031931 22.810000000000002
      vertex 67.79967012256384 -23.4959735840559 22.810000000000002
      vertex 67.90436017513275 -23.84109043031931 23.110000000000003
    endloop
  endfacet
  facet normal 0 0 1
    outer loop
      vertex 67.66783276200294 -23.888138656318187 23.110000000000003
      vertex 67.90436017513275 -23.84109043031931 23.110000000000003
      vertex 67.57686617225409 -23.5882620036602 23.110000000000003
    endloop
  endfacet
  facet normal 0.9569403343474028 0.2902846818195563 0
    outer loop
      vertex 67.90436017513275 -23.84109043031931 23.110000000000003
      vertex 67.79967012256384 -23.4959735840559 22.810000000000002
      vertex 67.79967012256384 -23.4959735840559 23.110000000000003
    endloop
  endfacet
  facet normal 0 0 1
    outer loop
      vertex 67.57686617225409 -23.5882620036602 23.110000000000003
      vertex 67.90436017513275 -23.84109043031931 23.110000000000003
      vertex 67.79967012256384 -23.4959735840559 23.110000000000003
    endloop
  endfacet
  facet normal 0 0 1
    outer loop
      vertex 67.57686617225409 -23.5882620036602 23.110000000000003
      vertex 67.79967012256384 -23.4959735840559 23.110000000000003
      vertex 67.42914443463087 -23.311894078552722 23.110000000000003
    endloop
  endfacet
  facet normal 0 0 1
    outer loop
      vertex 67.42914443463087 -23.311894078552722 23.110000000000003
      vertex 67.62966269254684 -23.177912060916423 23.110000000000003
      vertex 67.23034442961216 -23.069655564427375 23.110000000000003
    endloop
  endfacet
  facet normal 0.8819212597587118 0.47139674541261606 0
    outer loop
      vertex 67.79967012256384 -23.4959735840559 22.810000000000002
      vertex 67.62966269254684 -23.177912060916423 22.810000000000002
      vertex 67.79967012256384 -23.4959735840559 23.110000000000003
    endloop
  endfacet
  facet normal 0 0 1
    outer loop
      vertex 67.42914443463087 -23.311894078552722 23.110000000000003
      vertex 67.79967012256384 -23.4959735840559 23.110000000000003
      vertex 67.62966269254684 -23.177912060916423 23.110000000000003
    endloop
  endfacet
  facet normal 0.8819212597587118 0.47139674541261606 0
    outer loop
      vertex 67.62966269254684 -23.177912060916423 22.810000000000002
      vertex 67.62966269254684 -23.177912060916423 23.110000000000003
      vertex 67.79967012256384 -23.4959735840559 23.110000000000003
    endloop
  endfacet
  facet normal 0.773010460269277 0.6343932757480021 0
    outer loop
      vertex 67.62966269254684 -23.177912060916423 22.810000000000002
      vertex 67.4008711874485 -22.899128799140453 22.810000000000002
      vertex 67.62966269254684 -23.177912060916423 23.110000000000003
    endloop
  endfacet
  facet normal 0.773010460269277 0.6343932757480021 0
    outer loop
      vertex 67.62966269254684 -23.177912060916423 23.110000000000003
      vertex 67.4008711874485 -22.899128799140453 22.810000000000002
      vertex 67.4008711874485 -22.899128799140453 23.110000000000003
    endloop
  endfacet
  facet normal 0 0 1
    outer loop
      vertex 67.62966269254684 -23.177912060916423 23.110000000000003
      vertex 67.4008711874485 -22.899128799140453 23.110000000000003
      vertex 67.23034442961216 -23.069655564427375 23.110000000000003
    endloop
  endfacet
  facet normal 0.6343932545486811 0.7730104776671092 0
    outer loop
      vertex 67.4008711874485 -22.899128799140453 22.810000000000002
      vertex 67.12208795547485 -22.670337331295013 22.810000000000002
      vertex 67.4008711874485 -22.899128799140453 23.110000000000003
    endloop
  endfacet
  facet normal 0 0 1
    outer loop
      vertex 66.98810594528913 -22.870855589210986 23.110000000000003
      vertex 67.23034442961216 -23.069655564427375 23.110000000000003
      vertex 67.4008711874485 -22.899128799140453 23.110000000000003
    endloop
  endfacet
  facet normal 0.09801713620499436 0.9951847270784312 0
    outer loop
      vertex 66.09705235809088 -22.35999999642372 22.810000000000002
      vertex 66.09705235809088 -22.35999999642372 23.110000000000003
      vertex 66.45890956372023 -22.395639818906783 23.110000000000003
    endloop
  endfacet
  facet normal 0.29028470477458396 0.9569403273840708 0
    outer loop
      vertex 66.80402638018131 -22.500329871475696 22.810000000000002
      vertex 66.45890956372023 -22.395639818906783 22.810000000000002
      vertex 66.80402638018131 -22.500329871475696 23.110000000000003
    endloop
  endfacet
  facet normal 0 0 1
    outer loop
      vertex 66.0852619111538 -22.599999998509883 23.110000000000003
      vertex 66.41186133027077 -22.63216723203659 23.110000000000003
      vertex 66.80402638018131 -22.500329871475696 23.110000000000003
    endloop
  endfacet
  facet normal 0 0 1
    outer loop
      vertex 66.98810594528913 -22.870855589210986 23.110000000000003
      vertex 67.12208795547485 -22.670337331295013 23.110000000000003
      vertex 66.71173796057701 -22.72313382178545 23.110000000000003
    endloop
  endfacet
  facet normal 0 0 1
    outer loop
      vertex 66.41186133027077 -22.63216723203659 23.110000000000003
      vertex 66.71173796057701 -22.72313382178545 23.110000000000003
      vertex 67.12208795547485 -22.670337331295013 23.110000000000003
    endloop
  endfacet
  facet normal 0.47139674956500244 0.881921257539215 0
    outer loop
      vertex 66.80402638018131 -22.500329871475696 22.810000000000002
      vertex 66.80402638018131 -22.500329871475696 23.110000000000003
      vertex 67.12208795547485 -22.670337331295013 23.110000000000003
    endloop
  endfacet
  facet normal 0.47139674956500244 0.881921257539215 0
    outer loop
      vertex 67.12208795547485 -22.670337331295013 22.810000000000002
      vertex 66.80402638018131 -22.500329871475696 22.810000000000002
      vertex 67.12208795547485 -22.670337331295013 23.110000000000003
    endloop
  endfacet
  facet normal 0 0 1
    outer loop
      vertex 66.41186133027077 -22.63216723203659 23.110000000000003
      vertex 67.12208795547485 -22.670337331295013 23.110000000000003
      vertex 66.80402638018131 -22.500329871475696 23.110000000000003
    endloop
  endfacet
  facet normal 0.09801713620499436 0.9951847270784312 0
    outer loop
      vertex 66.09705235809088 -22.35999999642372 22.810000000000002
      vertex 66.45890956372023 -22.395639818906783 23.110000000000003
      vertex 66.45890956372023 -22.395639818906783 22.810000000000002
    endloop
  endfacet
  facet normal 0.29028470477458396 0.9569403273840708 0
    outer loop
      vertex 66.80402638018131 -22.500329871475696 23.110000000000003
      vertex 66.45890956372023 -22.395639818906783 22.810000000000002
      vertex 66.45890956372023 -22.395639818906783 23.110000000000003
    endloop
  endfacet
  facet normal 0.6343932545486811 0.7730104776671092 0
    outer loop
      vertex 67.4008711874485 -22.899128799140453 23.110000000000003
      vertex 67.12208795547485 -22.670337331295013 22.810000000000002
      vertex 67.12208795547485 -22.670337331295013 23.110000000000003
    endloop
  endfacet
  facet normal -0.4713967407085527 -0.8819212622730862 0
    outer loop
      vertex 56.34198398888111 -26.53173570036888 21.6
      vertex 56.8268199339509 -26.790885914862155 20.400000000000002
      vertex 56.8268199339509 -26.790885914862155 21.6
    endloop
  endfacet
  facet normal -0.4713967407085527 -0.8819212622730862 0
    outer loop
      vertex 56.34198398888111 -26.53173570036888 20.400000000000002
      vertex 56.8268199339509 -26.790885914862155 20.400000000000002
      vertex 56.34198398888111 -26.53173570036888 21.6
    endloop
  endfacet
  facet normal -0.6343932585180344 -0.7730104744095453 0
    outer loop
      vertex 56.34198398888111 -26.53173570036888 20.400000000000002
      vertex 56.34198398888111 -26.53173570036888 21.6
      vertex 55.91702177375555 -26.182978247106075 21.6
    endloop
  endfacet
  facet normal -0.773010462996239 -0.6343932724251892 0
    outer loop
      vertex 55.91702177375555 -26.182978247106075 20.400000000000002
      vertex 55.91702177375555 -26.182978247106075 21.6
      vertex 55.56826428323984 -25.75801600217819 21.6
    endloop
  endfacet
  facet normal -0.773010462996239 -0.6343932724251892 0
    outer loop
      vertex 55.91702177375555 -26.182978247106075 20.400000000000002
      vertex 55.56826428323984 -25.75801600217819 21.6
      vertex 55.56826428323984 -25.75801600217819 20.400000000000002
    endloop
  endfacet
  facet normal -0.6343932585180344 -0.7730104744095453 0
    outer loop
      vertex 56.34198398888111 -26.53173570036888 20.400000000000002
      vertex 55.91702177375555 -26.182978247106075 21.6
      vertex 55.91702177375555 -26.182978247106075 20.400000000000002
    endloop
  endfacet
  facet normal -0.29028471231040265 -0.9569403250981049 0
    outer loop
      vertex 56.8268199339509 -26.790885914862155 20.400000000000002
      vertex 57.3528975173831 -26.95046982616186 20.400000000000002
      vertex 56.8268199339509 -26.790885914862155 21.6
    endloop
  endfacet
  facet normal -0.09801713801619412 -0.9951847269000434 0
    outer loop
      vertex 57.3528975173831 -26.95046982616186 20.400000000000002
      vertex 57.85578586906195 -27.000000004470348 20.400000000000002
      vertex 57.3528975173831 -26.95046982616186 21.6
    endloop
  endfacet
  facet normal -0.29028471231040265 -0.9569403250981049 0
    outer loop
      vertex 57.3528975173831 -26.95046982616186 20.400000000000002
      vertex 57.3528975173831 -26.95046982616186 21.6
      vertex 56.8268199339509 -26.790885914862155 21.6
    endloop
  endfacet
  facet normal -0.09801713801619412 -0.9951847269000434 0
    outer loop
      vertex 57.85578586906195 -27.000000004470348 20.400000000000002
      vertex 57.85578586906195 -27.000000004470348 21.6
      vertex 57.3528975173831 -26.95046982616186 21.6
    endloop
  endfacet
  facet normal 0 0 -1
    outer loop
      vertex 55.91702177375555 -26.182978247106075 20.400000000000002
      vertex 55.56826428323984 -25.75801600217819 20.400000000000002
      vertex 61.11832212156129 -25.41352549156242 20.400000000000002
    endloop
  endfacet
  facet normal -0.8819212584836917 -0.4713967477980108 0
    outer loop
      vertex 55.56826428323984 -25.75801600217819 20.400000000000002
      vertex 55.30911408364773 -25.273180094361305 21.6
      vertex 55.30911408364773 -25.273180094361305 20.400000000000002
    endloop
  endfacet
  facet normal -0.8819212584836917 -0.4713967477980108 0
    outer loop
      vertex 55.56826428323984 -25.75801600217819 20.400000000000002
      vertex 55.56826428323984 -25.75801600217819 21.6
      vertex 55.30911408364773 -25.273180094361305 21.6
    endloop
  endfacet
  facet normal -0.9569403334309151 -0.29028468484081105 0
    outer loop
      vertex 55.30911408364773 -25.273180094361305 20.400000000000002
      vertex 55.1495301797986 -24.747102481126785 21.6
      vertex 55.1495301797986 -24.747102481126785 20.400000000000002
    endloop
  endfacet
  facet normal -0.9569403334309151 -0.29028468484081105 0
    outer loop
      vertex 55.30911408364773 -25.273180094361305 20.400000000000002
      vertex 55.30911408364773 -25.273180094361305 21.6
      vertex 55.1495301797986 -24.747102481126785 21.6
    endloop
  endfacet
  facet normal -0.9951847275489358 -0.09801713142788077 0
    outer loop
      vertex 55.1495301797986 -24.747102481126785 20.400000000000002
      vertex 55.1495301797986 -24.747102481126785 21.6
      vertex 55.09564529359341 -24.2 21.6
    endloop
  endfacet
  facet normal -0.9951847275489358 -0.09801713142788077 0
    outer loop
      vertex 55.1495301797986 -24.747102481126785 20.400000000000002
      vertex 55.09564529359341 -24.2 21.6
      vertex 55.09564529359341 -24.2 20.400000000000002
    endloop
  endfacet
  facet normal 0 0 -1
    outer loop
      vertex 55.56826428323984 -25.75801600217819 20.400000000000002
      vertex 55.30911408364773 -25.273180094361305 20.400000000000002
      vertex 60.78647450843758 -25.081677878438708 20.400000000000002
    endloop
  endfacet
  facet normal 0 0 -1
    outer loop
      vertex 55.30911408364773 -25.273180094361305 20.400000000000002
      vertex 55.1495301797986 -24.747102481126785 20.400000000000002
      vertex 60.57341522555727 -24.66352549156242 20.400000000000002
    endloop
  endfacet
  facet normal 0 0 -1
    outer loop
      vertex 55.1495301797986 -24.747102481126785 20.400000000000002
      vertex 55.09564529359341 -24.2 20.400000000000002
      vertex 60.5 -24.2 20.400000000000002
    endloop
  endfacet
  facet normal 0 0 -1
    outer loop
      vertex 55.91702177375555 -26.182978247106075 20.400000000000002
      vertex 61.53647450843758 -25.62658477444273 20.400000000000002
      vertex 62 -25.7 20.400000000000002
    endloop
  endfacet
  facet normal 0 0 -1
    outer loop
      vertex 55.91702177375555 -26.182978247106075 20.400000000000002
      vertex 61.11832212156129 -25.41352549156242 20.400000000000002
      vertex 61.53647450843758 -25.62658477444273 20.400000000000002
    endloop
  endfacet
  facet normal 0 0 -1
    outer loop
      vertex 57.3528975173831 -26.95046982616186 20.400000000000002
      vertex 67.65801601111889 -26.53173570036888 20.400000000000002
      vertex 57.85578586906195 -27.000000004470348 20.400000000000002
    endloop
  endfacet
  facet normal 0 0 -1
    outer loop
      vertex 56.34198398888111 -26.53173570036888 20.400000000000002
      vertex 68.43173571676016 -25.75801600217819 20.400000000000002
      vertex 56.8268199339509 -26.790885914862155 20.400000000000002
    endloop
  endfacet
  facet normal 0 0 -1
    outer loop
      vertex 56.8268199339509 -26.790885914862155 20.400000000000002
      vertex 68.08297822624445 -26.182978247106075 20.400000000000002
      vertex 57.3528975173831 -26.95046982616186 20.400000000000002
    endloop
  endfacet
  facet normal 0 -1 0
    outer loop
      vertex 57.85578586906195 -27.000000004470348 20.400000000000002
      vertex 66.14421413093805 -27.000000004470348 20.400000000000002
      vertex 57.85578586906195 -27.000000004470348 21.6
    endloop
  endfacet
  facet normal 0 0 -1
    outer loop
      vertex 56.34198398888111 -26.53173570036888 20.400000000000002
      vertex 55.91702177375555 -26.182978247106075 20.400000000000002
      vertex 68.69088591635227 -25.273180094361305 20.400000000000002
    endloop
  endfacet
  facet normal 0 0 -1
    outer loop
      vertex 55.56826428323984 -25.75801600217819 20.400000000000002
      vertex 60.78647450843758 -25.081677878438708 20.400000000000002
      vertex 61.11832212156129 -25.41352549156242 20.400000000000002
    endloop
  endfacet
  facet normal 0 0 -1
    outer loop
      vertex 55.30911408364773 -25.273180094361305 20.400000000000002
      vertex 60.57341522555727 -24.66352549156242 20.400000000000002
      vertex 60.78647450843758 -25.081677878438708 20.400000000000002
    endloop
  endfacet
  facet normal 0 0 -1
    outer loop
      vertex 55.1495301797986 -24.747102481126785 20.400000000000002
      vertex 60.5 -24.2 20.400000000000002
      vertex 60.57341522555727 -24.66352549156242 20.400000000000002
    endloop
  endfacet
  facet normal -0.9951847275489358 0.09801713142788077 0
    outer loop
      vertex 55.09564529359341 -24.2 20.400000000000002
      vertex 55.09564529359341 -24.2 21.6
      vertex 55.1495301797986 -23.652897518873214 21.6
    endloop
  endfacet
  facet normal -0.9951847275489358 0.09801713142788077 0
    outer loop
      vertex 55.09564529359341 -24.2 20.400000000000002
      vertex 55.1495301797986 -23.652897518873214 21.6
      vertex 55.1495301797986 -23.652897518873214 20.400000000000002
    endloop
  endfacet
  facet normal -0.9569403334309151 0.29028468484081105 0
    outer loop
      vertex 55.1495301797986 -23.652897518873214 20.400000000000002
      vertex 55.30911408364773 -23.126819905638694 21.6
      vertex 55.30911408364773 -23.126819905638694 20.400000000000002
    endloop
  endfacet
  facet normal -0.9569403334309151 0.29028468484081105 0
    outer loop
      vertex 55.1495301797986 -23.652897518873214 20.400000000000002
      vertex 55.1495301797986 -23.652897518873214 21.6
      vertex 55.30911408364773 -23.126819905638694 21.6
    endloop
  endfacet
  facet normal -0.8819212584836917 0.4713967477980108 0
    outer loop
      vertex 55.30911408364773 -23.126819905638694 20.400000000000002
      vertex 55.56826428323984 -22.641983997821807 21.6
      vertex 55.56826428323984 -22.641983997821807 20.400000000000002
    endloop
  endfacet
  facet normal -0.8819212584836917 0.4713967477980108 0
    outer loop
      vertex 55.30911408364773 -23.126819905638694 20.400000000000002
      vertex 55.30911408364773 -23.126819905638694 21.6
      vertex 55.56826428323984 -22.641983997821807 21.6
    endloop
  endfacet
  facet normal 0 0 -1
    outer loop
      vertex 55.09564529359341 -24.2 20.400000000000002
      vertex 55.1495301797986 -23.652897518873214 20.400000000000002
      vertex 60.57341522555727 -23.736474508437578 20.400000000000002
    endloop
  endfacet
  facet normal 0 0 -1
    outer loop
      vertex 55.1495301797986 -23.652897518873214 20.400000000000002
      vertex 55.30911408364773 -23.126819905638694 20.400000000000002
      vertex 60.78647450843758 -23.31832212156129 20.400000000000002
    endloop
  endfacet
  facet normal -0.773010462996239 0.6343932724251892 0
    outer loop
      vertex 55.56826428323984 -22.641983997821807 20.400000000000002
      vertex 55.56826428323984 -22.641983997821807 21.6
      vertex 55.91702177375555 -22.217021752893924 21.6
    endloop
  endfacet
  facet normal -0.773010462996239 0.6343932724251892 0
    outer loop
      vertex 55.56826428323984 -22.641983997821807 20.400000000000002
      vertex 55.91702177375555 -22.217021752893924 21.6
      vertex 55.91702177375555 -22.217021752893924 20.400000000000002
    endloop
  endfacet
  facet normal -0.6343932585180344 0.7730104744095453 0
    outer loop
      vertex 55.91702177375555 -22.217021752893924 20.400000000000002
      vertex 55.91702177375555 -22.217021752893924 21.6
      vertex 56.34198398888111 -21.868264299631118 21.6
    endloop
  endfacet
  facet normal -0.6343932585180344 0.7730104744095453 0
    outer loop
      vertex 55.91702177375555 -22.217021752893924 20.400000000000002
      vertex 56.34198398888111 -21.868264299631118 21.6
      vertex 56.34198398888111 -21.868264299631118 20.400000000000002
    endloop
  endfacet
  facet normal -0.4713967407085527 0.8819212622730862 0
    outer loop
      vertex 56.34198398888111 -21.868264299631118 20.400000000000002
      vertex 56.34198398888111 -21.868264299631118 21.6
      vertex 56.8268199339509 -21.609114085137843 21.6
    endloop
  endfacet
  facet normal -0.4713967407085527 0.8819212622730862 0
    outer loop
      vertex 56.34198398888111 -21.868264299631118 20.400000000000002
      vertex 56.8268199339509 -21.609114085137843 21.6
      vertex 56.8268199339509 -21.609114085137843 20.400000000000002
    endloop
  endfacet
  facet normal 0 0 -1
    outer loop
      vertex 56.8268199339509 -21.609114085137843 20.400000000000002
      vertex 57.3528975173831 -21.449530173838138 20.400000000000002
      vertex 57.85578586906195 -21.39999999552965 20.400000000000002
    endloop
  endfacet
  facet normal -0.29028471231040265 0.9569403250981049 0
    outer loop
      vertex 56.8268199339509 -21.609114085137843 20.400000000000002
      vertex 57.3528975173831 -21.449530173838138 21.6
      vertex 57.3528975173831 -21.449530173838138 20.400000000000002
    endloop
  endfacet
  facet normal -0.29028471231040265 0.9569403250981049 0
    outer loop
      vertex 56.8268199339509 -21.609114085137843 20.400000000000002
      vertex 56.8268199339509 -21.609114085137843 21.6
      vertex 57.3528975173831 -21.449530173838138 21.6
    endloop
  endfacet
  facet normal -0.09801713801619412 0.9951847269000434 0
    outer loop
      vertex 57.3528975173831 -21.449530173838138 20.400000000000002
      vertex 57.3528975173831 -21.449530173838138 21.6
      vertex 57.85578586906195 -21.39999999552965 21.6
    endloop
  endfacet
  facet normal -0.09801713801619412 0.9951847269000434 0
    outer loop
      vertex 57.3528975173831 -21.449530173838138 20.400000000000002
      vertex 57.85578586906195 -21.39999999552965 21.6
      vertex 57.85578586906195 -21.39999999552965 20.400000000000002
    endloop
  endfacet
  facet normal 0 0 -1
    outer loop
      vertex 55.09564529359341 -24.2 20.400000000000002
      vertex 60.57341522555727 -23.736474508437578 20.400000000000002
      vertex 60.5 -24.2 20.400000000000002
    endloop
  endfacet
  facet normal 0 0 -1
    outer loop
      vertex 55.1495301797986 -23.652897518873214 20.400000000000002
      vertex 60.78647450843758 -23.31832212156129 20.400000000000002
      vertex 60.57341522555727 -23.736474508437578 20.400000000000002
    endloop
  endfacet
  facet normal 0 0 -1
    outer loop
      vertex 55.30911408364773 -23.126819905638694 20.400000000000002
      vertex 61.11832212156129 -22.986474508437578 20.400000000000002
      vertex 60.78647450843758 -23.31832212156129 20.400000000000002
    endloop
  endfacet
  facet normal 0 0 -1
    outer loop
      vertex 55.30911408364773 -23.126819905638694 20.400000000000002
      vertex 61.53647450843758 -22.77341522555727 20.400000000000002
      vertex 61.11832212156129 -22.986474508437578 20.400000000000002
    endloop
  endfacet
  facet normal 0 0 -1
    outer loop
      vertex 55.30911408364773 -23.126819905638694 20.400000000000002
      vertex 62 -22.7 20.400000000000002
      vertex 61.53647450843758 -22.77341522555727 20.400000000000002
    endloop
  endfacet
  facet normal 0 0 -1
    outer loop
      vertex 55.30911408364773 -23.126819905638694 20.400000000000002
      vertex 55.56826428323984 -22.641983997821807 20.400000000000002
      vertex 67.65801601111889 -21.868264299631118 20.400000000000002
    endloop
  endfacet
  facet normal 0 0 -1
    outer loop
      vertex 55.56826428323984 -22.641983997821807 20.400000000000002
      vertex 55.91702177375555 -22.217021752893924 20.400000000000002
      vertex 67.1731800660491 -21.609114085137843 20.400000000000002
    endloop
  endfacet
  facet normal 0 0 -1
    outer loop
      vertex 55.91702177375555 -22.217021752893924 20.400000000000002
      vertex 56.34198398888111 -21.868264299631118 20.400000000000002
      vertex 66.6471024826169 -21.449530173838138 20.400000000000002
    endloop
  endfacet
  facet normal 0 0 -1
    outer loop
      vertex 56.34198398888111 -21.868264299631118 20.400000000000002
      vertex 56.8268199339509 -21.609114085137843 20.400000000000002
      vertex 66.14421413093805 -21.39999999552965 20.400000000000002
    endloop
  endfacet
  facet normal 0 0 -1
    outer loop
      vertex 55.30911408364773 -23.126819905638694 20.400000000000002
      vertex 68.08297822624445 -22.217021752893924 20.400000000000002
      vertex 62 -22.7 20.400000000000002
    endloop
  endfacet
  facet normal 0 0 -1
    outer loop
      vertex 56.8268199339509 -21.609114085137843 20.400000000000002
      vertex 57.85578586906195 -21.39999999552965 20.400000000000002
      vertex 66.14421413093805 -21.39999999552965 20.400000000000002
    endloop
  endfacet
  facet normal 0 1 0
    outer loop
      vertex 57.85578586906195 -21.39999999552965 20.400000000000002
      vertex 57.85578586906195 -21.39999999552965 21.6
      vertex 66.14421413093805 -21.39999999552965 21.6
    endloop
  endfacet
  facet normal 0 0 -1
    outer loop
      vertex 57.85578586906195 -27.000000004470348 20.400000000000002
      vertex 67.1731800660491 -26.790885914862155 20.400000000000002
      vertex 66.14421413093805 -27.000000004470348 20.400000000000002
    endloop
  endfacet
  facet normal 0 -1 0
    outer loop
      vertex 57.85578586906195 -27.000000004470348 21.6
      vertex 66.14421413093805 -27.000000004470348 20.400000000000002
      vertex 66.14421413093805 -27.000000004470348 21.6
    endloop
  endfacet
  facet normal 0 0 -1
    outer loop
      vertex 55.91702177375555 -26.182978247106075 20.400000000000002
      vertex 62 -25.7 20.400000000000002
      vertex 68.69088591635227 -25.273180094361305 20.400000000000002
    endloop
  endfacet
  facet normal 0 0 -1
    outer loop
      vertex 57.85578586906195 -27.000000004470348 20.400000000000002
      vertex 67.65801601111889 -26.53173570036888 20.400000000000002
      vertex 67.1731800660491 -26.790885914862155 20.400000000000002
    endloop
  endfacet
  facet normal 0 0 -1
    outer loop
      vertex 57.3528975173831 -26.95046982616186 20.400000000000002
      vertex 68.08297822624445 -26.182978247106075 20.400000000000002
      vertex 67.65801601111889 -26.53173570036888 20.400000000000002
    endloop
  endfacet
  facet normal 0 0 -1
    outer loop
      vertex 56.8268199339509 -26.790885914862155 20.400000000000002
      vertex 68.43173571676016 -25.75801600217819 20.400000000000002
      vertex 68.08297822624445 -26.182978247106075 20.400000000000002
    endloop
  endfacet
  facet normal 0 0 -1
    outer loop
      vertex 56.34198398888111 -26.53173570036888 20.400000000000002
      vertex 68.69088591635227 -25.273180094361305 20.400000000000002
      vertex 68.43173571676016 -25.75801600217819 20.400000000000002
    endloop
  endfacet
  facet normal 0 0 -1
    outer loop
      vertex 68.69088591635227 -25.273180094361305 20.400000000000002
      vertex 62 -25.7 20.400000000000002
      vertex 62.46352549156242 -25.62658477444273 20.400000000000002
    endloop
  endfacet
  facet normal 0 0 -1
    outer loop
      vertex 68.69088591635227 -25.273180094361305 20.400000000000002
      vertex 62.46352549156242 -25.62658477444273 20.400000000000002
      vertex 62.88167787843871 -25.41352549156242 20.400000000000002
    endloop
  endfacet
  facet normal 0 0 -1
    outer loop
      vertex 68.69088591635227 -25.273180094361305 20.400000000000002
      vertex 62.88167787843871 -25.41352549156242 20.400000000000002
      vertex 63.21352549156242 -25.081677878438708 20.400000000000002
    endloop
  endfacet
  facet normal 0 0 -1
    outer loop
      vertex 68.8504698202014 -24.747102481126785 20.400000000000002
      vertex 63.21352549156242 -25.081677878438708 20.400000000000002
      vertex 63.42658477444273 -24.66352549156242 20.400000000000002
    endloop
  endfacet
  facet normal 0 0 -1
    outer loop
      vertex 68.9043547064066 -24.2 20.400000000000002
      vertex 63.42658477444273 -24.66352549156242 20.400000000000002
      vertex 63.5 -24.2 20.400000000000002
    endloop
  endfacet
  facet normal 0 0 -1
    outer loop
      vertex 66.14421413093805 -27.000000004470348 20.400000000000002
      vertex 67.1731800660491 -26.790885914862155 20.400000000000002
      vertex 66.6471024826169 -26.95046982616186 20.400000000000002
    endloop
  endfacet
  facet normal 0.09801713801619412 -0.9951847269000434 0
    outer loop
      vertex 66.14421413093805 -27.000000004470348 20.400000000000002
      vertex 66.6471024826169 -26.95046982616186 20.400000000000002
      vertex 66.14421413093805 -27.000000004470348 21.6
    endloop
  endfacet
  facet normal 0.29028471231040265 -0.9569403250981049 0
    outer loop
      vertex 66.6471024826169 -26.95046982616186 20.400000000000002
      vertex 67.1731800660491 -26.790885914862155 20.400000000000002
      vertex 66.6471024826169 -26.95046982616186 21.6
    endloop
  endfacet
  facet normal 0.09801713801619412 -0.9951847269000434 0
    outer loop
      vertex 66.6471024826169 -26.95046982616186 20.400000000000002
      vertex 66.6471024826169 -26.95046982616186 21.6
      vertex 66.14421413093805 -27.000000004470348 21.6
    endloop
  endfacet
  facet normal 0.29028471231040265 -0.9569403250981049 0
    outer loop
      vertex 67.1731800660491 -26.790885914862155 20.400000000000002
      vertex 67.1731800660491 -26.790885914862155 21.6
      vertex 66.6471024826169 -26.95046982616186 21.6
    endloop
  endfacet
  facet normal 0.4713967407085527 -0.8819212622730862 0
    outer loop
      vertex 67.1731800660491 -26.790885914862155 20.400000000000002
      vertex 67.65801601111889 -26.53173570036888 20.400000000000002
      vertex 67.1731800660491 -26.790885914862155 21.6
    endloop
  endfacet
  facet normal 0.6343932585180344 -0.7730104744095453 0
    outer loop
      vertex 67.65801601111889 -26.53173570036888 20.400000000000002
      vertex 68.08297822624445 -26.182978247106075 20.400000000000002
      vertex 67.65801601111889 -26.53173570036888 21.6
    endloop
  endfacet
  facet normal 0.4713967407085527 -0.8819212622730862 0
    outer loop
      vertex 67.1731800660491 -26.790885914862155 21.6
      vertex 67.65801601111889 -26.53173570036888 20.400000000000002
      vertex 67.65801601111889 -26.53173570036888 21.6
    endloop
  endfacet
  facet normal 0.6343932585180344 -0.7730104744095453 0
    outer loop
      vertex 67.65801601111889 -26.53173570036888 21.6
      vertex 68.08297822624445 -26.182978247106075 20.400000000000002
      vertex 68.08297822624445 -26.182978247106075 21.6
    endloop
  endfacet
  facet normal 0.773010462996239 -0.6343932724251892 0
    outer loop
      vertex 68.08297822624445 -26.182978247106075 20.400000000000002
      vertex 68.43173571676016 -25.75801600217819 20.400000000000002
      vertex 68.08297822624445 -26.182978247106075 21.6
    endloop
  endfacet
  facet normal 0.773010462996239 -0.6343932724251892 0
    outer loop
      vertex 68.43173571676016 -25.75801600217819 20.400000000000002
      vertex 68.43173571676016 -25.75801600217819 21.6
      vertex 68.08297822624445 -26.182978247106075 21.6
    endloop
  endfacet
  facet normal 0 0 -1
    outer loop
      vertex 68.69088591635227 -25.273180094361305 20.400000000000002
      vertex 63.21352549156242 -25.081677878438708 20.400000000000002
      vertex 68.8504698202014 -24.747102481126785 20.400000000000002
    endloop
  endfacet
  facet normal 0 0 -1
    outer loop
      vertex 68.8504698202014 -24.747102481126785 20.400000000000002
      vertex 63.42658477444273 -24.66352549156242 20.400000000000002
      vertex 68.9043547064066 -24.2 20.400000000000002
    endloop
  endfacet
  facet normal 0.8819212584836917 -0.4713967477980108 0
    outer loop
      vertex 68.43173571676016 -25.75801600217819 20.400000000000002
      vertex 68.69088591635227 -25.273180094361305 20.400000000000002
      vertex 68.43173571676016 -25.75801600217819 21.6
    endloop
  endfacet
  facet normal 0.8819212584836917 -0.4713967477980108 0
    outer loop
      vertex 68.43173571676016 -25.75801600217819 21.6
      vertex 68.69088591635227 -25.273180094361305 20.400000000000002
      vertex 68.69088591635227 -25.273180094361305 21.6
    endloop
  endfacet
  facet normal 0.9569403334309151 -0.29028468484081105 0
    outer loop
      vertex 68.69088591635227 -25.273180094361305 20.400000000000002
      vertex 68.8504698202014 -24.747102481126785 20.400000000000002
      vertex 68.69088591635227 -25.273180094361305 21.6
    endloop
  endfacet
  facet normal 0.9569403334309151 -0.29028468484081105 0
    outer loop
      vertex 68.69088591635227 -25.273180094361305 21.6
      vertex 68.8504698202014 -24.747102481126785 20.400000000000002
      vertex 68.8504698202014 -24.747102481126785 21.6
    endloop
  endfacet
  facet normal 0.9951847275489358 -0.09801713142788077 0
    outer loop
      vertex 68.8504698202014 -24.747102481126785 20.400000000000002
      vertex 68.9043547064066 -24.2 20.400000000000002
      vertex 68.8504698202014 -24.747102481126785 21.6
    endloop
  endfacet
  facet normal 0.9951847275489358 -0.09801713142788077 0
    outer loop
      vertex 68.8504698202014 -24.747102481126785 21.6
      vertex 68.9043547064066 -24.2 20.400000000000002
      vertex 68.9043547064066 -24.2 21.6
    endloop
  endfacet
  facet normal 0 0 -1
    outer loop
      vertex 68.8504698202014 -23.652897518873214 20.400000000000002
      vertex 63.5 -24.2 20.400000000000002
      vertex 63.42658477444273 -23.736474508437578 20.400000000000002
    endloop
  endfacet
  facet normal 0 0 -1
    outer loop
      vertex 68.69088591635227 -23.126819905638694 20.400000000000002
      vertex 63.42658477444273 -23.736474508437578 20.400000000000002
      vertex 63.21352549156242 -23.31832212156129 20.400000000000002
    endloop
  endfacet
  facet normal 0 0 -1
    outer loop
      vertex 68.43173571676016 -22.641983997821807 20.400000000000002
      vertex 63.21352549156242 -23.31832212156129 20.400000000000002
      vertex 62.88167787843871 -22.986474508437578 20.400000000000002
    endloop
  endfacet
  facet normal 0 0 -1
    outer loop
      vertex 55.30911408364773 -23.126819905638694 20.400000000000002
      vertex 67.65801601111889 -21.868264299631118 20.400000000000002
      vertex 68.08297822624445 -22.217021752893924 20.400000000000002
    endloop
  endfacet
  facet normal 0 0 -1
    outer loop
      vertex 55.91702177375555 -22.217021752893924 20.400000000000002
      vertex 66.6471024826169 -21.449530173838138 20.400000000000002
      vertex 67.1731800660491 -21.609114085137843 20.400000000000002
    endloop
  endfacet
  facet normal 0 0 -1
    outer loop
      vertex 55.56826428323984 -22.641983997821807 20.400000000000002
      vertex 67.1731800660491 -21.609114085137843 20.400000000000002
      vertex 67.65801601111889 -21.868264299631118 20.400000000000002
    endloop
  endfacet
  facet normal 0 0 -1
    outer loop
      vertex 56.34198398888111 -21.868264299631118 20.400000000000002
      vertex 66.14421413093805 -21.39999999552965 20.400000000000002
      vertex 66.6471024826169 -21.449530173838138 20.400000000000002
    endloop
  endfacet
  facet normal 0 1 0
    outer loop
      vertex 57.85578586906195 -21.39999999552965 20.400000000000002
      vertex 66.14421413093805 -21.39999999552965 21.6
      vertex 66.14421413093805 -21.39999999552965 20.400000000000002
    endloop
  endfacet
  facet normal 0 0 -1
    outer loop
      vertex 68.08297822624445 -22.217021752893924 20.400000000000002
      vertex 62.88167787843871 -22.986474508437578 20.400000000000002
      vertex 62.46352549156242 -22.77341522555727 20.400000000000002
    endloop
  endfacet
  facet normal 0 0 -1
    outer loop
      vertex 68.08297822624445 -22.217021752893924 20.400000000000002
      vertex 62.46352549156242 -22.77341522555727 20.400000000000002
      vertex 62 -22.7 20.400000000000002
    endloop
  endfacet
  facet normal 0 0 -1
    outer loop
      vertex 68.9043547064066 -24.2 20.400000000000002
      vertex 63.5 -24.2 20.400000000000002
      vertex 68.8504698202014 -23.652897518873214 20.400000000000002
    endloop
  endfacet
  facet normal 0 0 -1
    outer loop
      vertex 68.8504698202014 -23.652897518873214 20.400000000000002
      vertex 63.42658477444273 -23.736474508437578 20.400000000000002
      vertex 68.69088591635227 -23.126819905638694 20.400000000000002
    endloop
  endfacet
  facet normal 0 0 -1
    outer loop
      vertex 68.69088591635227 -23.126819905638694 20.400000000000002
      vertex 63.21352549156242 -23.31832212156129 20.400000000000002
      vertex 68.43173571676016 -22.641983997821807 20.400000000000002
    endloop
  endfacet
  facet normal 0.9951847275489358 0.09801713142788077 0
    outer loop
      vertex 68.9043547064066 -24.2 20.400000000000002
      vertex 68.8504698202014 -23.652897518873214 20.400000000000002
      vertex 68.9043547064066 -24.2 21.6
    endloop
  endfacet
  facet normal 0.9951847275489358 0.09801713142788077 0
    outer loop
      vertex 68.8504698202014 -23.652897518873214 20.400000000000002
      vertex 68.8504698202014 -23.652897518873214 21.6
      vertex 68.9043547064066 -24.2 21.6
    endloop
  endfacet
  facet normal 0.9569403334309151 0.29028468484081105 0
    outer loop
      vertex 68.8504698202014 -23.652897518873214 20.400000000000002
      vertex 68.69088591635227 -23.126819905638694 20.400000000000002
      vertex 68.8504698202014 -23.652897518873214 21.6
    endloop
  endfacet
  facet normal 0.9569403334309151 0.29028468484081105 0
    outer loop
      vertex 68.8504698202014 -23.652897518873214 21.6
      vertex 68.69088591635227 -23.126819905638694 20.400000000000002
      vertex 68.69088591635227 -23.126819905638694 21.6
    endloop
  endfacet
  facet normal 0.8819212584836917 0.4713967477980108 0
    outer loop
      vertex 68.69088591635227 -23.126819905638694 20.400000000000002
      vertex 68.43173571676016 -22.641983997821807 20.400000000000002
      vertex 68.69088591635227 -23.126819905638694 21.6
    endloop
  endfacet
  facet normal 0.8819212584836917 0.4713967477980108 0
    outer loop
      vertex 68.69088591635227 -23.126819905638694 21.6
      vertex 68.43173571676016 -22.641983997821807 20.400000000000002
      vertex 68.43173571676016 -22.641983997821807 21.6
    endloop
  endfacet
  facet normal 0 0 -1
    outer loop
      vertex 68.43173571676016 -22.641983997821807 20.400000000000002
      vertex 62.88167787843871 -22.986474508437578 20.400000000000002
      vertex 68.08297822624445 -22.217021752893924 20.400000000000002
    endloop
  endfacet
  facet normal 0.09801713801619412 0.9951847269000434 0
    outer loop
      vertex 66.14421413093805 -21.39999999552965 20.400000000000002
      vertex 66.14421413093805 -21.39999999552965 21.6
      vertex 66.6471024826169 -21.449530173838138 21.6
    endloop
  endfacet
  facet normal 0.09801713801619412 0.9951847269000434 0
    outer loop
      vertex 66.14421413093805 -21.39999999552965 20.400000000000002
      vertex 66.6471024826169 -21.449530173838138 21.6
      vertex 66.6471024826169 -21.449530173838138 20.400000000000002
    endloop
  endfacet
  facet normal 0.29028471231040265 0.9569403250981049 0
    outer loop
      vertex 66.6471024826169 -21.449530173838138 20.400000000000002
      vertex 67.1731800660491 -21.609114085137843 21.6
      vertex 67.1731800660491 -21.609114085137843 20.400000000000002
    endloop
  endfacet
  facet normal 0.29028471231040265 0.9569403250981049 0
    outer loop
      vertex 66.6471024826169 -21.449530173838138 20.400000000000002
      vertex 66.6471024826169 -21.449530173838138 21.6
      vertex 67.1731800660491 -21.609114085137843 21.6
    endloop
  endfacet
  facet normal 0.6343932585180344 0.7730104744095453 0
    outer loop
      vertex 68.08297822624445 -22.217021752893924 20.400000000000002
      vertex 67.65801601111889 -21.868264299631118 20.400000000000002
      vertex 68.08297822624445 -22.217021752893924 21.6
    endloop
  endfacet
  facet normal 0.773010462996239 0.6343932724251892 0
    outer loop
      vertex 68.43173571676016 -22.641983997821807 20.400000000000002
      vertex 68.08297822624445 -22.217021752893924 20.400000000000002
      vertex 68.43173571676016 -22.641983997821807 21.6
    endloop
  endfacet
  facet normal 0.773010462996239 0.6343932724251892 0
    outer loop
      vertex 68.08297822624445 -22.217021752893924 20.400000000000002
      vertex 68.08297822624445 -22.217021752893924 21.6
      vertex 68.43173571676016 -22.641983997821807 21.6
    endloop
  endfacet
  facet normal 0.4713967407085527 0.8819212622730862 0
    outer loop
      vertex 67.1731800660491 -21.609114085137843 20.400000000000002
      vertex 67.65801601111889 -21.868264299631118 21.6
      vertex 67.65801601111889 -21.868264299631118 20.400000000000002
    endloop
  endfacet
  facet normal 0.6343932585180344 0.7730104744095453 0
    outer loop
      vertex 68.08297822624445 -22.217021752893924 21.6
      vertex 67.65801601111889 -21.868264299631118 20.400000000000002
      vertex 67.65801601111889 -21.868264299631118 21.6
    endloop
  endfacet
  facet normal 0.4713967407085527 0.8819212622730862 0
    outer loop
      vertex 67.1731800660491 -21.609114085137843 20.400000000000002
      vertex 67.1731800660491 -21.609114085137843 21.6
      vertex 67.65801601111889 -21.868264299631118 21.6
    endloop
  endfacet
  facet normal -0.15643446504023048 -0.9876883405951378 5.563315214756035e-18
    outer loop
      vertex 61.53647450843758 -25.62658477444273 19.3
      vertex 62 -25.7 19.3
      vertex 62 -25.7 20.400000000000002
    endloop
  endfacet
  facet normal -0.15643446504023048 -0.9876883405951378 0
    outer loop
      vertex 61.53647450843758 -25.62658477444273 19.3
      vertex 62 -25.7 20.400000000000002
      vertex 61.53647450843758 -25.62658477444273 20.400000000000002
    endloop
  endfacet
  facet normal -0.7071067811865476 -0.7071067811865476 -1.3573013215702122e-19
    outer loop
      vertex 60.78647450843758 -25.081677878438708 19.3
      vertex 61.11832212156129 -25.41352549156242 19.3
      vertex 61.11832212156129 -25.41352549156242 20.400000000000002
    endloop
  endfacet
  facet normal -0.8910065241883673 -0.4539904997395478 0
    outer loop
      vertex 60.78647450843758 -25.081677878438708 19.3
      vertex 60.78647450843758 -25.081677878438708 20.400000000000002
      vertex 60.57341522555727 -24.66352549156242 19.3
    endloop
  endfacet
  facet normal -0.7071067811865476 -0.7071067811865476 0
    outer loop
      vertex 60.78647450843758 -25.081677878438708 19.3
      vertex 61.11832212156129 -25.41352549156242 20.400000000000002
      vertex 60.78647450843758 -25.081677878438708 20.400000000000002
    endloop
  endfacet
  facet normal -0.4539904997395478 -0.8910065241883673 -1.6620616387832074e-18
    outer loop
      vertex 61.11832212156129 -25.41352549156242 19.3
      vertex 61.53647450843758 -25.62658477444273 19.3
      vertex 61.53647450843758 -25.62658477444273 20.400000000000002
    endloop
  endfacet
  facet normal -0.4539904997395478 -0.8910065241883673 0
    outer loop
      vertex 61.11832212156129 -25.41352549156242 19.3
      vertex 61.53647450843758 -25.62658477444273 20.400000000000002
      vertex 61.11832212156129 -25.41352549156242 20.400000000000002
    endloop
  endfacet
  facet normal -0.8910065241883673 -0.4539904997395478 0
    outer loop
      vertex 60.57341522555727 -24.66352549156242 19.3
      vertex 60.78647450843758 -25.081677878438708 20.400000000000002
      vertex 60.57341522555727 -24.66352549156242 20.400000000000002
    endloop
  endfacet
  facet normal -0.9876883405951378 -0.15643446504023048 0
    outer loop
      vertex 60.57341522555727 -24.66352549156242 19.3
      vertex 60.57341522555727 -24.66352549156242 20.400000000000002
      vertex 60.5 -24.2 19.3
    endloop
  endfacet
  facet normal 0 0 -1
    outer loop
      vertex 60.78647450843758 -25.081677878438708 19.3
      vertex 61.11832212156129 -22.986474508437578 19.3
      vertex 61.11832212156129 -25.41352549156242 19.3
    endloop
  endfacet
  facet normal 0 0 -1
    outer loop
      vertex 60.78647450843758 -25.081677878438708 19.3
      vertex 60.57341522555727 -24.66352549156242 19.3
      vertex 60.78647450843758 -23.31832212156129 19.3
    endloop
  endfacet
  facet normal -0.9876883405951378 -0.15643446504023048 0
    outer loop
      vertex 60.5 -24.2 19.3
      vertex 60.57341522555727 -24.66352549156242 20.400000000000002
      vertex 60.5 -24.2 20.400000000000002
    endloop
  endfacet
  facet normal 0 0 -1
    outer loop
      vertex 61.11832212156129 -25.41352549156242 19.3
      vertex 61.53647450843758 -22.77341522555727 19.3
      vertex 61.53647450843758 -25.62658477444273 19.3
    endloop
  endfacet
  facet normal 0 0 -1
    outer loop
      vertex 61.53647450843758 -25.62658477444273 19.3
      vertex 62 -22.7 19.3
      vertex 62 -25.7 19.3
    endloop
  endfacet
  facet normal 0 0 -1
    outer loop
      vertex 60.57341522555727 -24.66352549156242 19.3
      vertex 60.5 -24.2 19.3
      vertex 60.57341522555727 -23.736474508437578 19.3
    endloop
  endfacet
  facet normal -0.9876883405951378 0.15643446504023048 0
    outer loop
      vertex 60.5 -24.2 19.3
      vertex 60.5 -24.2 20.400000000000002
      vertex 60.57341522555727 -23.736474508437578 19.3
    endloop
  endfacet
  facet normal 0 0 -1
    outer loop
      vertex 60.57341522555727 -24.66352549156242 19.3
      vertex 60.57341522555727 -23.736474508437578 19.3
      vertex 60.78647450843758 -23.31832212156129 19.3
    endloop
  endfacet
  facet normal -0.9876883405951378 0.15643446504023048 0
    outer loop
      vertex 60.57341522555727 -23.736474508437578 19.3
      vertex 60.5 -24.2 20.400000000000002
      vertex 60.57341522555727 -23.736474508437578 20.400000000000002
    endloop
  endfacet
  facet normal -0.8910065241883673 0.4539904997395478 0
    outer loop
      vertex 60.57341522555727 -23.736474508437578 19.3
      vertex 60.57341522555727 -23.736474508437578 20.400000000000002
      vertex 60.78647450843758 -23.31832212156129 19.3
    endloop
  endfacet
  facet normal 0 0 -1
    outer loop
      vertex 60.78647450843758 -25.081677878438708 19.3
      vertex 60.78647450843758 -23.31832212156129 19.3
      vertex 61.11832212156129 -22.986474508437578 19.3
    endloop
  endfacet
  facet normal 0 0 -1
    outer loop
      vertex 61.11832212156129 -25.41352549156242 19.3
      vertex 61.11832212156129 -22.986474508437578 19.3
      vertex 61.53647450843758 -22.77341522555727 19.3
    endloop
  endfacet
  facet normal 0 0 -1
    outer loop
      vertex 61.53647450843758 -25.62658477444273 19.3
      vertex 61.53647450843758 -22.77341522555727 19.3
      vertex 62 -22.7 19.3
    endloop
  endfacet
  facet normal -0.7071067811865476 0.7071067811865476 0
    outer loop
      vertex 60.78647450843758 -23.31832212156129 19.3
      vertex 60.78647450843758 -23.31832212156129 20.400000000000002
      vertex 61.11832212156129 -22.986474508437578 19.3
    endloop
  endfacet
  facet normal -0.8910065241883673 0.4539904997395478 0
    outer loop
      vertex 60.78647450843758 -23.31832212156129 19.3
      vertex 60.57341522555727 -23.736474508437578 20.400000000000002
      vertex 60.78647450843758 -23.31832212156129 20.400000000000002
    endloop
  endfacet
  facet normal -0.7071067811865476 0.7071067811865476 0
    outer loop
      vertex 61.11832212156129 -22.986474508437578 19.3
      vertex 60.78647450843758 -23.31832212156129 20.400000000000002
      vertex 61.11832212156129 -22.986474508437578 20.400000000000002
    endloop
  endfacet
  facet normal -0.4539904997395478 0.8910065241883673 0
    outer loop
      vertex 61.11832212156129 -22.986474508437578 19.3
      vertex 61.11832212156129 -22.986474508437578 20.400000000000002
      vertex 61.53647450843758 -22.77341522555727 19.3
    endloop
  endfacet
  facet normal -0.4539904997395478 0.8910065241883673 0
    outer loop
      vertex 61.53647450843758 -22.77341522555727 19.3
      vertex 61.11832212156129 -22.986474508437578 20.400000000000002
      vertex 61.53647450843758 -22.77341522555727 20.400000000000002
    endloop
  endfacet
  facet normal -0.15643446504023048 0.9876883405951378 0
    outer loop
      vertex 61.53647450843758 -22.77341522555727 19.3
      vertex 61.53647450843758 -22.77341522555727 20.400000000000002
      vertex 62 -22.7 19.3
    endloop
  endfacet
  facet normal -0.15643446504023048 0.9876883405951378 0
    outer loop
      vertex 62 -22.7 19.3
      vertex 61.53647450843758 -22.77341522555727 20.400000000000002
      vertex 62 -22.7 20.400000000000002
    endloop
  endfacet
  facet normal 0.15643446504023048 -0.9876883405951378 -5.563315214756035e-18
    outer loop
      vertex 62 -25.7 19.3
      vertex 62.46352549156242 -25.62658477444273 19.3
      vertex 62.46352549156242 -25.62658477444273 20.400000000000002
    endloop
  endfacet
  facet normal 0.15643446504023048 -0.9876883405951378 0
    outer loop
      vertex 62 -25.7 19.3
      vertex 62.46352549156242 -25.62658477444273 20.400000000000002
      vertex 62 -25.7 20.400000000000002
    endloop
  endfacet
  facet normal 0.4539904997395478 -0.8910065241883673 1.6620616387832074e-18
    outer loop
      vertex 62.46352549156242 -25.62658477444273 19.3
      vertex 62.88167787843871 -25.41352549156242 19.3
      vertex 62.88167787843871 -25.41352549156242 20.400000000000002
    endloop
  endfacet
  facet normal 0.4539904997395478 -0.8910065241883673 0
    outer loop
      vertex 62.46352549156242 -25.62658477444273 19.3
      vertex 62.88167787843871 -25.41352549156242 20.400000000000002
      vertex 62.46352549156242 -25.62658477444273 20.400000000000002
    endloop
  endfacet
  facet normal 0.7071067811865476 -0.7071067811865476 0
    outer loop
      vertex 62.88167787843871 -25.41352549156242 19.3
      vertex 63.21352549156242 -25.081677878438708 20.400000000000002
      vertex 62.88167787843871 -25.41352549156242 20.400000000000002
    endloop
  endfacet
  facet normal 0.7071067811865476 -0.7071067811865476 1.3573013215702122e-19
    outer loop
      vertex 62.88167787843871 -25.41352549156242 19.3
      vertex 63.21352549156242 -25.081677878438708 19.3
      vertex 63.21352549156242 -25.081677878438708 20.400000000000002
    endloop
  endfacet
  facet normal 0.8910065241883673 -0.4539904997395478 0
    outer loop
      vertex 63.21352549156242 -25.081677878438708 19.3
      vertex 63.42658477444273 -24.66352549156242 20.400000000000002
      vertex 63.21352549156242 -25.081677878438708 20.400000000000002
    endloop
  endfacet
  facet normal 0 0 -1
    outer loop
      vertex 62 -25.7 19.3
      vertex 62.46352549156242 -22.77341522555727 19.3
      vertex 62.46352549156242 -25.62658477444273 19.3
    endloop
  endfacet
  facet normal 0 0 -1
    outer loop
      vertex 62.46352549156242 -25.62658477444273 19.3
      vertex 62.88167787843871 -22.986474508437578 19.3
      vertex 62.88167787843871 -25.41352549156242 19.3
    endloop
  endfacet
  facet normal 0 0 -1
    outer loop
      vertex 62.88167787843871 -25.41352549156242 19.3
      vertex 63.21352549156242 -23.31832212156129 19.3
      vertex 63.21352549156242 -25.081677878438708 19.3
    endloop
  endfacet
  facet normal 0.8910065241883673 -0.4539904997395478 1.6620616387832074e-18
    outer loop
      vertex 63.21352549156242 -25.081677878438708 19.3
      vertex 63.42658477444273 -24.66352549156242 19.3
      vertex 63.42658477444273 -24.66352549156242 20.400000000000002
    endloop
  endfacet
  facet normal 0 0 -1
    outer loop
      vertex 63.21352549156242 -25.081677878438708 19.3
      vertex 63.42658477444273 -23.736474508437578 19.3
      vertex 63.42658477444273 -24.66352549156242 19.3
    endloop
  endfacet
  facet normal 0.9876883405951378 -0.15643446504023048 -5.563315214756035e-18
    outer loop
      vertex 63.42658477444273 -24.66352549156242 19.3
      vertex 63.5 -24.2 19.3
      vertex 63.5 -24.2 20.400000000000002
    endloop
  endfacet
  facet normal 0.9876883405951378 -0.15643446504023048 0
    outer loop
      vertex 63.42658477444273 -24.66352549156242 19.3
      vertex 63.5 -24.2 20.400000000000002
      vertex 63.42658477444273 -24.66352549156242 20.400000000000002
    endloop
  endfacet
  facet normal 0 0 -1
    outer loop
      vertex 62 -25.7 19.3
      vertex 62 -22.7 19.3
      vertex 62.46352549156242 -22.77341522555727 19.3
    endloop
  endfacet
  facet normal 0 0 -1
    outer loop
      vertex 62.46352549156242 -25.62658477444273 19.3
      vertex 62.46352549156242 -22.77341522555727 19.3
      vertex 62.88167787843871 -22.986474508437578 19.3
    endloop
  endfacet
  facet normal 0 0 -1
    outer loop
      vertex 63.21352549156242 -25.081677878438708 19.3
      vertex 63.21352549156242 -23.31832212156129 19.3
      vertex 63.42658477444273 -23.736474508437578 19.3
    endloop
  endfacet
  facet normal 0 0 -1
    outer loop
      vertex 62.88167787843871 -25.41352549156242 19.3
      vertex 62.88167787843871 -22.986474508437578 19.3
      vertex 63.21352549156242 -23.31832212156129 19.3
    endloop
  endfacet
  facet normal 0 0 -1
    outer loop
      vertex 63.42658477444273 -24.66352549156242 19.3
      vertex 63.42658477444273 -23.736474508437578 19.3
      vertex 63.5 -24.2 19.3
    endloop
  endfacet
  facet normal 0.9876883405951378 0.15643446504023048 5.563315214756035e-18
    outer loop
      vertex 63.5 -24.2 19.3
      vertex 63.42658477444273 -23.736474508437578 19.3
      vertex 63.42658477444273 -23.736474508437578 20.400000000000002
    endloop
  endfacet
  facet normal 0.9876883405951378 0.15643446504023048 0
    outer loop
      vertex 63.5 -24.2 19.3
      vertex 63.42658477444273 -23.736474508437578 20.400000000000002
      vertex 63.5 -24.2 20.400000000000002
    endloop
  endfacet
  facet normal 0.8910065241883673 0.4539904997395478 0
    outer loop
      vertex 63.42658477444273 -23.736474508437578 19.3
      vertex 63.21352549156242 -23.31832212156129 20.400000000000002
      vertex 63.42658477444273 -23.736474508437578 20.400000000000002
    endloop
  endfacet
  facet normal 0.4539904997395478 0.8910065241883673 0
    outer loop
      vertex 62.46352549156242 -22.77341522555727 19.3
      vertex 62.46352549156242 -22.77341522555727 20.400000000000002
      vertex 62.88167787843871 -22.986474508437578 19.3
    endloop
  endfacet
  facet normal 0.4539904997395478 0.8910065241883673 0
    outer loop
      vertex 62.88167787843871 -22.986474508437578 19.3
      vertex 62.46352549156242 -22.77341522555727 20.400000000000002
      vertex 62.88167787843871 -22.986474508437578 20.400000000000002
    endloop
  endfacet
  facet normal 0.8910065241883673 0.4539904997395478 -1.6620616387832074e-18
    outer loop
      vertex 63.42658477444273 -23.736474508437578 19.3
      vertex 63.21352549156242 -23.31832212156129 19.3
      vertex 63.21352549156242 -23.31832212156129 20.400000000000002
    endloop
  endfacet
  facet normal 0.7071067811865476 0.7071067811865476 0
    outer loop
      vertex 63.21352549156242 -23.31832212156129 19.3
      vertex 62.88167787843871 -22.986474508437578 20.400000000000002
      vertex 63.21352549156242 -23.31832212156129 20.400000000000002
    endloop
  endfacet
  facet normal 0.7071067811865476 0.7071067811865476 0
    outer loop
      vertex 62.88167787843871 -22.986474508437578 19.3
      vertex 62.88167787843871 -22.986474508437578 20.400000000000002
      vertex 63.21352549156242 -23.31832212156129 19.3
    endloop
  endfacet
  facet normal 0.15643446504023048 0.9876883405951378 0
    outer loop
      vertex 62 -22.7 19.3
      vertex 62 -22.7 20.400000000000002
      vertex 62.46352549156242 -22.77341522555727 19.3
    endloop
  endfacet
  facet normal 0.15643446504023048 0.9876883405951378 0
    outer loop
      vertex 62.46352549156242 -22.77341522555727 19.3
      vertex 62 -22.7 20.400000000000002
      vertex 62.46352549156242 -22.77341522555727 20.400000000000002
    endloop
  endfacet
endsolid OpenSCAD_Model
