solid OpenSCAD_Model
  facet normal 0 0 1
    outer loop
      vertex -1.438520111143589 12.653341262042522 2.9660722576129004
      vertex -1.1987902224063873 12.615371777117252 2.9660722576129004
      vertex -1.4127737432718277 12.695355503261089 2.9660722576129004
    endloop
  endfacet
  facet normal 0 0 1
    outer loop
      vertex -1.4127737432718277 12.695355503261089 2.9660722576129004
      vertex -1.1987902224063873 12.615371777117252 2.9660722576129004
      vertex -1.1952073648571968 12.66089637428522 2.9660722576129004
    endloop
  endfacet
  facet normal -0.15643446772731498 -0.9876883401695453 0
    outer loop
      vertex -1.438520111143589 12.653341262042522 2.9660722576129004
      vertex -1.438520111143589 12.653341262042522 2.8100000000000023
      vertex -1.1987902224063873 12.615371777117252 2.9660722576129004
    endloop
  endfacet
  facet normal -0.15643446772731498 -0.9876883401695453 0
    outer loop
      vertex -1.438520111143589 12.653341262042522 2.8100000000000023
      vertex -1.1987902224063873 12.615371777117252 2.8100000000000023
      vertex -1.1987902224063873 12.615371777117252 2.9660722576129004
    endloop
  endfacet
  facet normal 0 0 1
    outer loop
      vertex -1.1987902224063873 12.615371777117252 2.9660722576129004
      vertex 1.1950054168701172 12.615371777117252 2.9660722576129004
      vertex -1.1952073648571968 12.66089637428522 2.9660722576129004
    endloop
  endfacet
  facet normal 0 -1 0
    outer loop
      vertex -1.1987902224063873 12.615371777117252 2.9660722576129004
      vertex -1.1987902224063873 12.615371777117252 2.8100000000000023
      vertex 1.1950054168701172 12.615371777117252 2.9660722576129004
    endloop
  endfacet
  facet normal 0 0 1
    outer loop
      vertex -1.9846282228827477 13.404994590580463 2.9660722576129004
      vertex -1.438520111143589 12.653341262042522 2.9660722576129004
      vertex -1.4127737432718277 12.695355503261089 2.9660722576129004
    endloop
  endfacet
  facet normal -0.8090169932286987 -0.5877852538701492 0
    outer loop
      vertex -1.9846282228827477 13.404994590580463 2.8100000000000023
      vertex -1.438520111143589 12.653341262042522 2.8100000000000023
      vertex -1.438520111143589 12.653341262042522 2.9660722576129004
    endloop
  endfacet
  facet normal 0 0 1
    outer loop
      vertex -1.9846282228827477 13.404994590580463 2.9660722576129004
      vertex -1.4127737432718277 12.695355503261089 2.9660722576129004
      vertex -1.939103625714779 13.419786436855793 2.9660722576129004
    endloop
  endfacet
  facet normal -0.8090169932286987 -0.5877852538701492 0
    outer loop
      vertex -1.9846282228827477 13.404994590580463 2.9660722576129004
      vertex -1.9846282228827477 13.404994590580463 2.8100000000000023
      vertex -1.438520111143589 12.653341262042522 2.9660722576129004
    endloop
  endfacet
  facet normal 0 0 1
    outer loop
      vertex -1.9846282228827477 13.404994590580463 2.9660722576129004
      vertex -1.939103625714779 13.419786436855793 2.9660722576129004
      vertex -1.939103625714779 14.795207364857196 2.9660722576129004
    endloop
  endfacet
  facet normal -1 0 0
    outer loop
      vertex -1.9846282228827477 13.404994590580463 2.9660722576129004
      vertex -1.9846282228827477 14.798790214955806 2.8100000000000023
      vertex -1.9846282228827477 13.404994590580463 2.8100000000000023
    endloop
  endfacet
  facet normal 0 0 1
    outer loop
      vertex -1.9846282228827477 13.404994590580463 2.9660722576129004
      vertex -1.939103625714779 14.795207364857196 2.9660722576129004
      vertex -1.9846282228827477 14.798790214955806 2.9660722576129004
    endloop
  endfacet
  facet normal -1 0 0
    outer loop
      vertex -1.9846282228827477 13.404994590580463 2.9660722576129004
      vertex -1.9846282228827477 14.798790214955806 2.9660722576129004
      vertex -1.9846282228827477 14.798790214955806 2.8100000000000023
    endloop
  endfacet
  facet normal 0 0 1
    outer loop
      vertex -1.9846282228827477 14.798790214955806 2.9660722576129004
      vertex -1.939103625714779 14.795207364857196 2.9660722576129004
      vertex -1.9046444967389107 15.012773743271827 2.9660722576129004
    endloop
  endfacet
  facet normal 0 0 1
    outer loop
      vertex -1.9846282228827477 14.798790214955806 2.9660722576129004
      vertex -1.9046444967389107 15.012773743271827 2.9660722576129004
      vertex -1.9466587379574776 15.038520111143589 2.9660722576129004
    endloop
  endfacet
  facet normal -0.9876883409207404 0.15643446298445585 0
    outer loop
      vertex -1.9846282228827477 14.798790214955806 2.9660722576129004
      vertex -1.9466587379574776 15.038520111143589 2.8100000000000023
      vertex -1.9846282228827477 14.798790214955806 2.8100000000000023
    endloop
  endfacet
  facet normal -0.9876883409207404 0.15643446298445585 0
    outer loop
      vertex -1.9846282228827477 14.798790214955806 2.9660722576129004
      vertex -1.9466587379574776 15.038520111143589 2.9660722576129004
      vertex -1.9466587379574776 15.038520111143589 2.8100000000000023
    endloop
  endfacet
  facet normal 0 0 1
    outer loop
      vertex -1.9466587379574776 15.038520111143589 2.9660722576129004
      vertex -1.9046444967389107 15.012773743271827 2.9660722576129004
      vertex -1.1802135705947876 15.539103625714779 2.9660722576129004
    endloop
  endfacet
  facet normal -0.5877852576834979 0.8090169904581388 0
    outer loop
      vertex -1.9466587379574776 15.038520111143589 2.9660722576129004
      vertex -1.1950054168701172 15.584628222882747 2.8100000000000023
      vertex -1.9466587379574776 15.038520111143589 2.8100000000000023
    endloop
  endfacet
  facet normal 0 0 1
    outer loop
      vertex -1.9466587379574776 15.038520111143589 2.9660722576129004
      vertex -1.1802135705947876 15.539103625714779 2.9660722576129004
      vertex -1.1950054168701172 15.584628222882747 2.9660722576129004
    endloop
  endfacet
  facet normal -0.5877852576834979 0.8090169904581388 0
    outer loop
      vertex -1.9466587379574776 15.038520111143589 2.9660722576129004
      vertex -1.1950054168701172 15.584628222882747 2.9660722576129004
      vertex -1.1950054168701172 15.584628222882747 2.8100000000000023
    endloop
  endfacet
  facet normal 0 0 1
    outer loop
      vertex -1.1802135705947876 15.539103625714779 2.9660722576129004
      vertex 1.1952073648571968 15.539103625714779 2.9660722576129004
      vertex -1.1950054168701172 15.584628222882747 2.9660722576129004
    endloop
  endfacet
  facet normal 0 1 0
    outer loop
      vertex -1.1950054168701172 15.584628222882747 2.9660722576129004
      vertex 1.1987902224063873 15.584628222882747 2.8100000000000023
      vertex -1.1950054168701172 15.584628222882747 2.8100000000000023
    endloop
  endfacet
  facet normal 0 0 1
    outer loop
      vertex -1.1952073648571968 12.66089637428522 2.9660722576129004
      vertex 1.1950054168701172 12.615371777117252 2.9660722576129004
      vertex 1.1802135705947876 12.66089637428522 2.9660722576129004
    endloop
  endfacet
  facet normal 0 -1 0
    outer loop
      vertex -1.1987902224063873 12.615371777117252 2.8100000000000023
      vertex 1.1950054168701172 12.615371777117252 2.8100000000000023
      vertex 1.1950054168701172 12.615371777117252 2.9660722576129004
    endloop
  endfacet
  facet normal 0 0 1
    outer loop
      vertex 1.1950054168701172 12.615371777117252 2.9660722576129004
      vertex 1.9466587379574776 13.16147988885641 2.9660722576129004
      vertex 1.1802135705947876 12.66089637428522 2.9660722576129004
    endloop
  endfacet
  facet normal 0.5877852576834979 -0.8090169904581388 0
    outer loop
      vertex 1.1950054168701172 12.615371777117252 2.9660722576129004
      vertex 1.1950054168701172 12.615371777117252 2.8100000000000023
      vertex 1.9466587379574776 13.16147988885641 2.9660722576129004
    endloop
  endfacet
  facet normal 0 0 1
    outer loop
      vertex 1.1802135705947876 12.66089637428522 2.9660722576129004
      vertex 1.9466587379574776 13.16147988885641 2.9660722576129004
      vertex 1.9046444967389107 13.187226256728172 2.9660722576129004
    endloop
  endfacet
  facet normal 0.5877852576834979 -0.8090169904581388 0
    outer loop
      vertex 1.1950054168701172 12.615371777117252 2.8100000000000023
      vertex 1.9466587379574776 13.16147988885641 2.8100000000000023
      vertex 1.9466587379574776 13.16147988885641 2.9660722576129004
    endloop
  endfacet
  facet normal 0 0 1
    outer loop
      vertex 1.9046444967389107 13.187226256728172 2.9660722576129004
      vertex 1.9466587379574776 13.16147988885641 2.9660722576129004
      vertex 1.9846282228827477 13.401209785044193 2.9660722576129004
    endloop
  endfacet
  facet normal 0 0 1
    outer loop
      vertex 1.9046444967389107 13.187226256728172 2.9660722576129004
      vertex 1.9846282228827477 13.401209785044193 2.9660722576129004
      vertex 1.939103625714779 13.404792635142803 2.9660722576129004
    endloop
  endfacet
  facet normal 0.9876883409207404 -0.15643446298445585 0
    outer loop
      vertex 1.9466587379574776 13.16147988885641 2.9660722576129004
      vertex 1.9466587379574776 13.16147988885641 2.8100000000000023
      vertex 1.9846282228827477 13.401209785044193 2.9660722576129004
    endloop
  endfacet
  facet normal 0.9876883409207404 -0.15643446298445585 0
    outer loop
      vertex 1.9466587379574776 13.16147988885641 2.8100000000000023
      vertex 1.9846282228827477 13.401209785044193 2.8100000000000023
      vertex 1.9846282228827477 13.401209785044193 2.9660722576129004
    endloop
  endfacet
  facet normal 0 0 1
    outer loop
      vertex 1.939103625714779 13.404792635142803 2.9660722576129004
      vertex 1.9846282228827477 13.401209785044193 2.9660722576129004
      vertex 1.9846282228827477 14.795005409419536 2.9660722576129004
    endloop
  endfacet
  facet normal 1 0 0
    outer loop
      vertex 1.9846282228827477 13.401209785044193 2.9660722576129004
      vertex 1.9846282228827477 13.401209785044193 2.8100000000000023
      vertex 1.9846282228827477 14.795005409419536 2.9660722576129004
    endloop
  endfacet
  facet normal 0 0 1
    outer loop
      vertex -1.1950054168701172 15.584628222882747 2.9660722576129004
      vertex 1.1952073648571968 15.539103625714779 2.9660722576129004
      vertex 1.1987902224063873 15.584628222882747 2.9660722576129004
    endloop
  endfacet
  facet normal 0 1 0
    outer loop
      vertex -1.1950054168701172 15.584628222882747 2.9660722576129004
      vertex 1.1987902224063873 15.584628222882747 2.9660722576129004
      vertex 1.1987902224063873 15.584628222882747 2.8100000000000023
    endloop
  endfacet
  facet normal 0 0 1
    outer loop
      vertex 1.939103625714779 14.780213563144207 2.9660722576129004
      vertex 1.9846282228827477 14.795005409419536 2.9660722576129004
      vertex 1.4127737432718277 15.50464449673891 2.9660722576129004
    endloop
  endfacet
  facet normal 0.8090169932286987 0.5877852538701492 0
    outer loop
      vertex 1.9846282228827477 14.795005409419536 2.9660722576129004
      vertex 1.9846282228827477 14.795005409419536 2.8100000000000023
      vertex 1.438520111143589 15.546658737957477 2.9660722576129004
    endloop
  endfacet
  facet normal 0 0 1
    outer loop
      vertex 1.939103625714779 13.404792635142803 2.9660722576129004
      vertex 1.9846282228827477 14.795005409419536 2.9660722576129004
      vertex 1.939103625714779 14.780213563144207 2.9660722576129004
    endloop
  endfacet
  facet normal 1 0 0
    outer loop
      vertex 1.9846282228827477 13.401209785044193 2.8100000000000023
      vertex 1.9846282228827477 14.795005409419536 2.8100000000000023
      vertex 1.9846282228827477 14.795005409419536 2.9660722576129004
    endloop
  endfacet
  facet normal 0 0 1
    outer loop
      vertex 1.9846282228827477 14.795005409419536 2.9660722576129004
      vertex 1.438520111143589 15.546658737957477 2.9660722576129004
      vertex 1.4127737432718277 15.50464449673891 2.9660722576129004
    endloop
  endfacet
  facet normal 0.8090169932286987 0.5877852538701492 0
    outer loop
      vertex 1.9846282228827477 14.795005409419536 2.8100000000000023
      vertex 1.438520111143589 15.546658737957477 2.8100000000000023
      vertex 1.438520111143589 15.546658737957477 2.9660722576129004
    endloop
  endfacet
  facet normal 0 0 1
    outer loop
      vertex 1.1952073648571968 15.539103625714779 2.9660722576129004
      vertex 1.4127737432718277 15.50464449673891 2.9660722576129004
      vertex 1.1987902224063873 15.584628222882747 2.9660722576129004
    endloop
  endfacet
  facet normal 0 0 1
    outer loop
      vertex 1.1987902224063873 15.584628222882747 2.9660722576129004
      vertex 1.4127737432718277 15.50464449673891 2.9660722576129004
      vertex 1.438520111143589 15.546658737957477 2.9660722576129004
    endloop
  endfacet
  facet normal 0.15643446772731498 0.9876883401695453 0
    outer loop
      vertex 1.1987902224063873 15.584628222882747 2.9660722576129004
      vertex 1.438520111143589 15.546658737957477 2.9660722576129004
      vertex 1.438520111143589 15.546658737957477 2.8100000000000023
    endloop
  endfacet
  facet normal 0.15643446772731498 0.9876883401695453 0
    outer loop
      vertex 1.1987902224063873 15.584628222882747 2.9660722576129004
      vertex 1.438520111143589 15.546658737957477 2.8100000000000023
      vertex 1.1987902224063873 15.584628222882747 2.8100000000000023
    endloop
  endfacet
  facet normal -0.15643446458510485 -0.9876883406672226 0
    outer loop
      vertex -1.4127737432718277 12.695355503261089 3.116146745892074
      vertex -1.4127737432718277 12.695355503261089 2.9660722576129004
      vertex -1.1952073648571968 12.66089637428522 3.116146745892074
    endloop
  endfacet
  facet normal 0 0 1
    outer loop
      vertex -1.4127737432718277 12.695355503261089 3.116146745892074
      vertex -1.189389131963253 12.734824313223362 3.116146745892074
      vertex -1.3709639236330986 12.763582935929298 3.116146745892074
    endloop
  endfacet
  facet normal -0.15643446458510485 -0.9876883406672226 0
    outer loop
      vertex -1.4127737432718277 12.695355503261089 2.9660722576129004
      vertex -1.1952073648571968 12.66089637428522 2.9660722576129004
      vertex -1.1952073648571968 12.66089637428522 3.116146745892074
    endloop
  endfacet
  facet normal 0 0 1
    outer loop
      vertex -1.4127737432718277 12.695355503261089 3.116146745892074
      vertex -1.1952073648571968 12.66089637428522 3.116146745892074
      vertex 1.1561929285526276 12.734824313223362 3.116146745892074
    endloop
  endfacet
  facet normal 0 0 1
    outer loop
      vertex -1.4127737432718277 12.695355503261089 3.116146745892074
      vertex 1.1561929285526276 12.734824313223362 3.116146745892074
      vertex -1.189389131963253 12.734824313223362 3.116146745892074
    endloop
  endfacet
  facet normal 0 -1 0
    outer loop
      vertex -1.1952073648571968 12.66089637428522 3.116146745892074
      vertex -1.1952073648571968 12.66089637428522 2.9660722576129004
      vertex 1.1802135705947876 12.66089637428522 3.116146745892074
    endloop
  endfacet
  facet normal -0.8090169940649344 -0.5877852527191693 0
    outer loop
      vertex -1.939103625714779 13.419786436855793 2.9660722576129004
      vertex -1.4127737432718277 12.695355503261089 2.9660722576129004
      vertex -1.4127737432718277 12.695355503261089 3.116146745892074
    endloop
  endfacet
  facet normal 0 0 1
    outer loop
      vertex -1.939103625714779 13.419786436855793 3.116146745892074
      vertex -1.4127737432718277 12.695355503261089 3.116146745892074
      vertex -1.3709639236330986 12.763582935929298 3.116146745892074
    endloop
  endfacet
  facet normal -0.8090169940649344 -0.5877852527191693 0
    outer loop
      vertex -1.939103625714779 13.419786436855793 3.116146745892074
      vertex -1.939103625714779 13.419786436855793 2.9660722576129004
      vertex -1.4127737432718277 12.695355503261089 3.116146745892074
    endloop
  endfacet
  facet normal 0 0 1
    outer loop
      vertex -1.939103625714779 13.419786436855793 3.116146745892074
      vertex -1.3709639236330986 12.763582935929298 3.116146745892074
      vertex -1.865175686776638 13.443807071447372 3.116146745892074
    endloop
  endfacet
  facet normal 0 0 1
    outer loop
      vertex -1.939103625714779 13.419786436855793 3.116146745892074
      vertex -1.865175686776638 13.443807071447372 3.116146745892074
      vertex -1.939103625714779 14.795207364857196 3.116146745892074
    endloop
  endfacet
  facet normal -1 0 0
    outer loop
      vertex -1.939103625714779 13.419786436855793 3.116146745892074
      vertex -1.939103625714779 14.795207364857196 2.9660722576129004
      vertex -1.939103625714779 13.419786436855793 2.9660722576129004
    endloop
  endfacet
  facet normal -1 0 0
    outer loop
      vertex -1.939103625714779 13.419786436855793 3.116146745892074
      vertex -1.939103625714779 14.795207364857196 3.116146745892074
      vertex -1.939103625714779 14.795207364857196 2.9660722576129004
    endloop
  endfacet
  facet normal 0 0 1
    outer loop
      vertex -1.865175686776638 13.443807071447372 3.116146745892074
      vertex -1.865175686776638 14.789389124512672 3.116146745892074
      vertex -1.939103625714779 14.795207364857196 3.116146745892074
    endloop
  endfacet
  facet normal 0 0 1
    outer loop
      vertex -1.939103625714779 14.795207364857196 3.116146745892074
      vertex -1.865175686776638 14.789389124512672 3.116146745892074
      vertex -1.8364170640707016 14.970963923633098 3.116146745892074
    endloop
  endfacet
  facet normal -0.9876883406672226 0.15643446458510485 0
    outer loop
      vertex -1.939103625714779 14.795207364857196 3.116146745892074
      vertex -1.9046444967389107 15.012773743271827 2.9660722576129004
      vertex -1.939103625714779 14.795207364857196 2.9660722576129004
    endloop
  endfacet
  facet normal 0 0 1
    outer loop
      vertex -1.939103625714779 14.795207364857196 3.116146745892074
      vertex -1.8364170640707016 14.970963923633098 3.116146745892074
      vertex -1.9046444967389107 15.012773743271827 3.116146745892074
    endloop
  endfacet
  facet normal -0.9876883406672226 0.15643446458510485 0
    outer loop
      vertex -1.939103625714779 14.795207364857196 3.116146745892074
      vertex -1.9046444967389107 15.012773743271827 3.116146745892074
      vertex -1.9046444967389107 15.012773743271827 2.9660722576129004
    endloop
  endfacet
  facet normal 0 0 1
    outer loop
      vertex -1.8364170640707016 14.970963923633098 3.116146745892074
      vertex -1.1802135705947876 15.539103625714779 3.116146745892074
      vertex -1.9046444967389107 15.012773743271827 3.116146745892074
    endloop
  endfacet
  facet normal -0.5877852566758145 0.8090169911902634 0
    outer loop
      vertex -1.9046444967389107 15.012773743271827 3.116146745892074
      vertex -1.1802135705947876 15.539103625714779 2.9660722576129004
      vertex -1.9046444967389107 15.012773743271827 2.9660722576129004
    endloop
  endfacet
  facet normal -0.5877852566758145 0.8090169911902634 0
    outer loop
      vertex -1.9046444967389107 15.012773743271827 3.116146745892074
      vertex -1.1802135705947876 15.539103625714779 3.116146745892074
      vertex -1.1802135705947876 15.539103625714779 2.9660722576129004
    endloop
  endfacet
  facet normal 0 0 1
    outer loop
      vertex -1.8364170640707016 14.970963923633098 3.116146745892074
      vertex -1.1561929285526276 15.465175686776638 3.116146745892074
      vertex -1.1802135705947876 15.539103625714779 3.116146745892074
    endloop
  endfacet
  facet normal 0 0 1
    outer loop
      vertex -1.1802135705947876 15.539103625714779 3.116146745892074
      vertex -1.1561929285526276 15.465175686776638 3.116146745892074
      vertex 1.1952073648571968 15.539103625714779 3.116146745892074
    endloop
  endfacet
  facet normal 0 1 0
    outer loop
      vertex -1.1802135705947876 15.539103625714779 3.116146745892074
      vertex 1.1952073648571968 15.539103625714779 2.9660722576129004
      vertex -1.1802135705947876 15.539103625714779 2.9660722576129004
    endloop
  endfacet
  facet normal 0 0 1
    outer loop
      vertex -1.1952073648571968 12.66089637428522 3.116146745892074
      vertex 1.1802135705947876 12.66089637428522 3.116146745892074
      vertex 1.1561929285526276 12.734824313223362 3.116146745892074
    endloop
  endfacet
  facet normal 0 -1 0
    outer loop
      vertex -1.1952073648571968 12.66089637428522 2.9660722576129004
      vertex 1.1802135705947876 12.66089637428522 2.9660722576129004
      vertex 1.1802135705947876 12.66089637428522 3.116146745892074
    endloop
  endfacet
  facet normal 0 0 1
    outer loop
      vertex 1.1561929285526276 12.734824313223362 3.116146745892074
      vertex 1.1802135705947876 12.66089637428522 3.116146745892074
      vertex 1.8364170640707016 13.229036076366901 3.116146745892074
    endloop
  endfacet
  facet normal 0.5877852566758145 -0.8090169911902634 0
    outer loop
      vertex 1.1802135705947876 12.66089637428522 3.116146745892074
      vertex 1.1802135705947876 12.66089637428522 2.9660722576129004
      vertex 1.9046444967389107 13.187226256728172 3.116146745892074
    endloop
  endfacet
  facet normal 0 0 1
    outer loop
      vertex 1.1802135705947876 12.66089637428522 3.116146745892074
      vertex 1.9046444967389107 13.187226256728172 3.116146745892074
      vertex 1.8364170640707016 13.229036076366901 3.116146745892074
    endloop
  endfacet
  facet normal 0.5877852566758145 -0.8090169911902634 0
    outer loop
      vertex 1.1802135705947876 12.66089637428522 2.9660722576129004
      vertex 1.9046444967389107 13.187226256728172 2.9660722576129004
      vertex 1.9046444967389107 13.187226256728172 3.116146745892074
    endloop
  endfacet
  facet normal 0 0 1
    outer loop
      vertex 1.9046444967389107 13.187226256728172 3.116146745892074
      vertex 1.939103625714779 13.404792635142803 3.116146745892074
      vertex 1.8364170640707016 13.229036076366901 3.116146745892074
    endloop
  endfacet
  facet normal 0.9876883406672226 -0.15643446458510485 0
    outer loop
      vertex 1.9046444967389107 13.187226256728172 3.116146745892074
      vertex 1.9046444967389107 13.187226256728172 2.9660722576129004
      vertex 1.939103625714779 13.404792635142803 3.116146745892074
    endloop
  endfacet
  facet normal 0 0 1
    outer loop
      vertex 1.8364170640707016 13.229036076366901 3.116146745892074
      vertex 1.939103625714779 13.404792635142803 3.116146745892074
      vertex 1.865175686776638 13.410610875487327 3.116146745892074
    endloop
  endfacet
  facet normal 0.9876883406672226 -0.15643446458510485 0
    outer loop
      vertex 1.9046444967389107 13.187226256728172 2.9660722576129004
      vertex 1.939103625714779 13.404792635142803 2.9660722576129004
      vertex 1.939103625714779 13.404792635142803 3.116146745892074
    endloop
  endfacet
  facet normal 0 0 1
    outer loop
      vertex 1.865175686776638 13.410610875487327 3.116146745892074
      vertex 1.939103625714779 13.404792635142803 3.116146745892074
      vertex 1.865175686776638 14.756192928552627 3.116146745892074
    endloop
  endfacet
  facet normal 1 0 0
    outer loop
      vertex 1.939103625714779 13.404792635142803 3.116146745892074
      vertex 1.939103625714779 13.404792635142803 2.9660722576129004
      vertex 1.939103625714779 14.780213563144207 3.116146745892074
    endloop
  endfacet
  facet normal 0 1 0
    outer loop
      vertex -1.1802135705947876 15.539103625714779 3.116146745892074
      vertex 1.1952073648571968 15.539103625714779 3.116146745892074
      vertex 1.1952073648571968 15.539103625714779 2.9660722576129004
    endloop
  endfacet
  facet normal 0 0 1
    outer loop
      vertex -1.1561929285526276 15.465175686776638 3.116146745892074
      vertex 1.189389131963253 15.465175686776638 3.116146745892074
      vertex 1.4127737432718277 15.50464449673891 3.116146745892074
    endloop
  endfacet
  facet normal 0 0 1
    outer loop
      vertex -1.1561929285526276 15.465175686776638 3.116146745892074
      vertex 1.4127737432718277 15.50464449673891 3.116146745892074
      vertex 1.1952073648571968 15.539103625714779 3.116146745892074
    endloop
  endfacet
  facet normal 0 0 1
    outer loop
      vertex 1.865175686776638 14.756192928552627 3.116146745892074
      vertex 1.939103625714779 14.780213563144207 3.116146745892074
      vertex 1.3709639236330986 15.436417064070701 3.116146745892074
    endloop
  endfacet
  facet normal 0.8090169940649344 0.5877852527191693 0
    outer loop
      vertex 1.939103625714779 14.780213563144207 3.116146745892074
      vertex 1.939103625714779 14.780213563144207 2.9660722576129004
      vertex 1.4127737432718277 15.50464449673891 3.116146745892074
    endloop
  endfacet
  facet normal 0 0 1
    outer loop
      vertex 1.939103625714779 13.404792635142803 3.116146745892074
      vertex 1.939103625714779 14.780213563144207 3.116146745892074
      vertex 1.865175686776638 14.756192928552627 3.116146745892074
    endloop
  endfacet
  facet normal 1 0 0
    outer loop
      vertex 1.939103625714779 13.404792635142803 2.9660722576129004
      vertex 1.939103625714779 14.780213563144207 2.9660722576129004
      vertex 1.939103625714779 14.780213563144207 3.116146745892074
    endloop
  endfacet
  facet normal 0 0 1
    outer loop
      vertex 1.939103625714779 14.780213563144207 3.116146745892074
      vertex 1.4127737432718277 15.50464449673891 3.116146745892074
      vertex 1.3709639236330986 15.436417064070701 3.116146745892074
    endloop
  endfacet
  facet normal 0.8090169940649344 0.5877852527191693 0
    outer loop
      vertex 1.939103625714779 14.780213563144207 2.9660722576129004
      vertex 1.4127737432718277 15.50464449673891 2.9660722576129004
      vertex 1.4127737432718277 15.50464449673891 3.116146745892074
    endloop
  endfacet
  facet normal 0 0 1
    outer loop
      vertex 1.189389131963253 15.465175686776638 3.116146745892074
      vertex 1.3709639236330986 15.436417064070701 3.116146745892074
      vertex 1.4127737432718277 15.50464449673891 3.116146745892074
    endloop
  endfacet
  facet normal 0.15643446458510485 0.9876883406672226 0
    outer loop
      vertex 1.1952073648571968 15.539103625714779 3.116146745892074
      vertex 1.4127737432718277 15.50464449673891 3.116146745892074
      vertex 1.4127737432718277 15.50464449673891 2.9660722576129004
    endloop
  endfacet
  facet normal 0.15643446458510485 0.9876883406672226 0
    outer loop
      vertex 1.1952073648571968 15.539103625714779 3.116146745892074
      vertex 1.4127737432718277 15.50464449673891 2.9660722576129004
      vertex 1.1952073648571968 15.539103625714779 2.9660722576129004
    endloop
  endfacet
  facet normal -0.15643447008275924 -0.9876883397964797 0
    outer loop
      vertex -1.3709639236330986 12.763582935929298 3.2544561864156805
      vertex -1.189389131963253 12.734824313223362 3.116146745892074
      vertex -1.189389131963253 12.734824313223362 3.2544561864156805
    endloop
  endfacet
  facet normal 0 -1 0
    outer loop
      vertex -1.189389131963253 12.734824313223362 3.2544561864156805
      vertex -1.189389131963253 12.734824313223362 3.116146745892074
      vertex 1.1561929285526276 12.734824313223362 3.116146745892074
    endloop
  endfacet
  facet normal 0 0 1
    outer loop
      vertex -1.3709639236330986 12.763582935929298 3.2544561864156805
      vertex -1.1815590262413025 12.834314575791359 3.2544561864156805
      vertex -1.3146973699331284 12.855401618778705 3.2544561864156805
    endloop
  endfacet
  facet normal 0 0 1
    outer loop
      vertex -1.865175686776638 13.443807071447372 3.2544561864156805
      vertex -1.3709639236330986 12.763582935929298 3.2544561864156805
      vertex -1.3146973699331284 12.855401618778705 3.2544561864156805
    endloop
  endfacet
  facet normal -0.8090169943104862 -0.5877852523811963 0
    outer loop
      vertex -1.865175686776638 13.443807071447372 3.2544561864156805
      vertex -1.3709639236330986 12.763582935929298 3.116146745892074
      vertex -1.3709639236330986 12.763582935929298 3.2544561864156805
    endloop
  endfacet
  facet normal 0 0 1
    outer loop
      vertex -1.865175686776638 13.443807071447372 3.2544561864156805
      vertex -1.3146973699331284 12.855401618778705 3.2544561864156805
      vertex -1.765685424208641 13.476133419573307 3.2544561864156805
    endloop
  endfacet
  facet normal -0.15643447008275924 -0.9876883397964797 0
    outer loop
      vertex -1.3709639236330986 12.763582935929298 3.2544561864156805
      vertex -1.3709639236330986 12.763582935929298 3.116146745892074
      vertex -1.189389131963253 12.734824313223362 3.116146745892074
    endloop
  endfacet
  facet normal -0.8090169943104862 -0.5877852523811963 0
    outer loop
      vertex -1.865175686776638 13.443807071447372 3.2544561864156805
      vertex -1.865175686776638 13.443807071447372 3.116146745892074
      vertex -1.3709639236330986 12.763582935929298 3.116146745892074
    endloop
  endfacet
  facet normal 0 0 1
    outer loop
      vertex -1.865175686776638 13.443807071447372 3.2544561864156805
      vertex -1.765685424208641 13.476133419573307 3.2544561864156805
      vertex -1.865175686776638 14.789389124512672 3.2544561864156805
    endloop
  endfacet
  facet normal -1 0 0
    outer loop
      vertex -1.865175686776638 13.443807071447372 3.2544561864156805
      vertex -1.865175686776638 14.789389124512672 3.2544561864156805
      vertex -1.865175686776638 13.443807071447372 3.116146745892074
    endloop
  endfacet
  facet normal 0 0 1
    outer loop
      vertex -1.3709639236330986 12.763582935929298 3.2544561864156805
      vertex -1.189389131963253 12.734824313223362 3.2544561864156805
      vertex 1.1238665878772736 12.834314575791359 3.2544561864156805
    endloop
  endfacet
  facet normal 0 0 1
    outer loop
      vertex -1.3709639236330986 12.763582935929298 3.2544561864156805
      vertex 1.1238665878772736 12.834314575791359 3.2544561864156805
      vertex -1.1815590262413025 12.834314575791359 3.2544561864156805
    endloop
  endfacet
  facet normal 0 0 1
    outer loop
      vertex -1.765685424208641 13.476133419573307 3.2544561864156805
      vertex -1.765685424208641 14.781559026241302 3.2544561864156805
      vertex -1.865175686776638 14.789389124512672 3.2544561864156805
    endloop
  endfacet
  facet normal -0.9876883407882688 0.15643446382084875 0
    outer loop
      vertex -1.865175686776638 14.789389124512672 3.2544561864156805
      vertex -1.8364170640707016 14.970963923633098 3.2544561864156805
      vertex -1.865175686776638 14.789389124512672 3.116146745892074
    endloop
  endfacet
  facet normal 0 0 1
    outer loop
      vertex -1.865175686776638 14.789389124512672 3.2544561864156805
      vertex -1.765685424208641 14.781559026241302 3.2544561864156805
      vertex -1.7445983812212944 14.914697369933128 3.2544561864156805
    endloop
  endfacet
  facet normal 0 0 1
    outer loop
      vertex -1.865175686776638 14.789389124512672 3.2544561864156805
      vertex -1.7445983812212944 14.914697369933128 3.2544561864156805
      vertex -1.8364170640707016 14.970963923633098 3.2544561864156805
    endloop
  endfacet
  facet normal -1 0 0
    outer loop
      vertex -1.865175686776638 13.443807071447372 3.116146745892074
      vertex -1.865175686776638 14.789389124512672 3.2544561864156805
      vertex -1.865175686776638 14.789389124512672 3.116146745892074
    endloop
  endfacet
  facet normal -0.9876883407882688 0.15643446382084875 0
    outer loop
      vertex -1.8364170640707016 14.970963923633098 3.2544561864156805
      vertex -1.8364170640707016 14.970963923633098 3.116146745892074
      vertex -1.865175686776638 14.789389124512672 3.116146745892074
    endloop
  endfacet
  facet normal 0 0 1
    outer loop
      vertex -1.8364170640707016 14.970963923633098 3.2544561864156805
      vertex -1.7445983812212944 14.914697369933128 3.2544561864156805
      vertex -1.1561929285526276 15.465175686776638 3.2544561864156805
    endloop
  endfacet
  facet normal -0.5877852523811963 0.8090169943104862 0
    outer loop
      vertex -1.8364170640707016 14.970963923633098 3.2544561864156805
      vertex -1.1561929285526276 15.465175686776638 3.2544561864156805
      vertex -1.8364170640707016 14.970963923633098 3.116146745892074
    endloop
  endfacet
  facet normal 0 0 1
    outer loop
      vertex -1.7445983812212944 14.914697369933128 3.2544561864156805
      vertex -1.1238665878772736 15.36568542420864 3.2544561864156805
      vertex -1.1561929285526276 15.465175686776638 3.2544561864156805
    endloop
  endfacet
  facet normal -0.5877852523811963 0.8090169943104862 0
    outer loop
      vertex -1.8364170640707016 14.970963923633098 3.116146745892074
      vertex -1.1561929285526276 15.465175686776638 3.2544561864156805
      vertex -1.1561929285526276 15.465175686776638 3.116146745892074
    endloop
  endfacet
  facet normal 0 0 1
    outer loop
      vertex -1.1238665878772736 15.36568542420864 3.2544561864156805
      vertex 1.189389131963253 15.465175686776638 3.2544561864156805
      vertex -1.1561929285526276 15.465175686776638 3.2544561864156805
    endloop
  endfacet
  facet normal 0 1 0
    outer loop
      vertex -1.1561929285526276 15.465175686776638 3.2544561864156805
      vertex 1.189389131963253 15.465175686776638 3.2544561864156805
      vertex -1.1561929285526276 15.465175686776638 3.116146745892074
    endloop
  endfacet
  facet normal 0 -1 0
    outer loop
      vertex -1.189389131963253 12.734824313223362 3.2544561864156805
      vertex 1.1561929285526276 12.734824313223362 3.116146745892074
      vertex 1.1561929285526276 12.734824313223362 3.2544561864156805
    endloop
  endfacet
  facet normal 0 0 1
    outer loop
      vertex -1.189389131963253 12.734824313223362 3.2544561864156805
      vertex 1.1561929285526276 12.734824313223362 3.2544561864156805
      vertex 1.1238665878772736 12.834314575791359 3.2544561864156805
    endloop
  endfacet
  facet normal 0 0 1
    outer loop
      vertex 1.1561929285526276 12.734824313223362 3.2544561864156805
      vertex 1.7445983812212944 13.285302630066871 3.2544561864156805
      vertex 1.1238665878772736 12.834314575791359 3.2544561864156805
    endloop
  endfacet
  facet normal 0 0 1
    outer loop
      vertex 1.1561929285526276 12.734824313223362 3.2544561864156805
      vertex 1.8364170640707016 13.229036076366901 3.2544561864156805
      vertex 1.7445983812212944 13.285302630066871 3.2544561864156805
    endloop
  endfacet
  facet normal 0.5877852523811963 -0.8090169943104862 0
    outer loop
      vertex 1.1561929285526276 12.734824313223362 3.2544561864156805
      vertex 1.8364170640707016 13.229036076366901 3.116146745892074
      vertex 1.8364170640707016 13.229036076366901 3.2544561864156805
    endloop
  endfacet
  facet normal 0 0 1
    outer loop
      vertex 1.7445983812212944 13.285302630066871 3.2544561864156805
      vertex 1.8364170640707016 13.229036076366901 3.2544561864156805
      vertex 1.865175686776638 13.410610875487327 3.2544561864156805
    endloop
  endfacet
  facet normal 0 0 1
    outer loop
      vertex 1.7445983812212944 13.285302630066871 3.2544561864156805
      vertex 1.865175686776638 13.410610875487327 3.2544561864156805
      vertex 1.765685424208641 13.418440973758697 3.2544561864156805
    endloop
  endfacet
  facet normal 0.9876883407882688 -0.15643446382084875 0
    outer loop
      vertex 1.8364170640707016 13.229036076366901 3.2544561864156805
      vertex 1.865175686776638 13.410610875487327 3.116146745892074
      vertex 1.865175686776638 13.410610875487327 3.2544561864156805
    endloop
  endfacet
  facet normal 0.5877852523811963 -0.8090169943104862 0
    outer loop
      vertex 1.1561929285526276 12.734824313223362 3.2544561864156805
      vertex 1.1561929285526276 12.734824313223362 3.116146745892074
      vertex 1.8364170640707016 13.229036076366901 3.116146745892074
    endloop
  endfacet
  facet normal 0.9876883407882688 -0.15643446382084875 0
    outer loop
      vertex 1.8364170640707016 13.229036076366901 3.2544561864156805
      vertex 1.8364170640707016 13.229036076366901 3.116146745892074
      vertex 1.865175686776638 13.410610875487327 3.116146745892074
    endloop
  endfacet
  facet normal 0 0 1
    outer loop
      vertex 1.765685424208641 13.418440973758697 3.2544561864156805
      vertex 1.865175686776638 13.410610875487327 3.2544561864156805
      vertex 1.765685424208641 14.723866580426693 3.2544561864156805
    endloop
  endfacet
  facet normal 0 0 1
    outer loop
      vertex 1.865175686776638 13.410610875487327 3.2544561864156805
      vertex 1.865175686776638 14.756192928552627 3.2544561864156805
      vertex 1.765685424208641 14.723866580426693 3.2544561864156805
    endloop
  endfacet
  facet normal 1 0 0
    outer loop
      vertex 1.865175686776638 13.410610875487327 3.2544561864156805
      vertex 1.865175686776638 13.410610875487327 3.116146745892074
      vertex 1.865175686776638 14.756192928552627 3.116146745892074
    endloop
  endfacet
  facet normal 0 0 1
    outer loop
      vertex -1.1238665878772736 15.36568542420864 3.2544561864156805
      vertex 1.1815590262413025 15.36568542420864 3.2544561864156805
      vertex 1.3709639236330986 15.436417064070701 3.2544561864156805
    endloop
  endfacet
  facet normal 0 0 1
    outer loop
      vertex -1.1238665878772736 15.36568542420864 3.2544561864156805
      vertex 1.3709639236330986 15.436417064070701 3.2544561864156805
      vertex 1.189389131963253 15.465175686776638 3.2544561864156805
    endloop
  endfacet
  facet normal 0 1 0
    outer loop
      vertex -1.1561929285526276 15.465175686776638 3.116146745892074
      vertex 1.189389131963253 15.465175686776638 3.2544561864156805
      vertex 1.189389131963253 15.465175686776638 3.116146745892074
    endloop
  endfacet
  facet normal 0.15643447008275924 0.9876883397964797 0
    outer loop
      vertex 1.189389131963253 15.465175686776638 3.2544561864156805
      vertex 1.3709639236330986 15.436417064070701 3.2544561864156805
      vertex 1.189389131963253 15.465175686776638 3.116146745892074
    endloop
  endfacet
  facet normal 1 0 0
    outer loop
      vertex 1.865175686776638 13.410610875487327 3.2544561864156805
      vertex 1.865175686776638 14.756192928552627 3.116146745892074
      vertex 1.865175686776638 14.756192928552627 3.2544561864156805
    endloop
  endfacet
  facet normal 0 0 1
    outer loop
      vertex 1.765685424208641 14.723866580426693 3.2544561864156805
      vertex 1.865175686776638 14.756192928552627 3.2544561864156805
      vertex 1.3146973699331284 15.344598381221294 3.2544561864156805
    endloop
  endfacet
  facet normal 0.8090169943104862 0.5877852523811963 0
    outer loop
      vertex 1.865175686776638 14.756192928552627 3.2544561864156805
      vertex 1.865175686776638 14.756192928552627 3.116146745892074
      vertex 1.3709639236330986 15.436417064070701 3.116146745892074
    endloop
  endfacet
  facet normal 0 0 1
    outer loop
      vertex 1.865175686776638 14.756192928552627 3.2544561864156805
      vertex 1.3709639236330986 15.436417064070701 3.2544561864156805
      vertex 1.3146973699331284 15.344598381221294 3.2544561864156805
    endloop
  endfacet
  facet normal 0.8090169943104862 0.5877852523811963 0
    outer loop
      vertex 1.865175686776638 14.756192928552627 3.2544561864156805
      vertex 1.3709639236330986 15.436417064070701 3.116146745892074
      vertex 1.3709639236330986 15.436417064070701 3.2544561864156805
    endloop
  endfacet
  facet normal 0 0 1
    outer loop
      vertex 1.1815590262413025 15.36568542420864 3.2544561864156805
      vertex 1.3146973699331284 15.344598381221294 3.2544561864156805
      vertex 1.3709639236330986 15.436417064070701 3.2544561864156805
    endloop
  endfacet
  facet normal 0.15643447008275924 0.9876883397964797 0
    outer loop
      vertex 1.3709639236330986 15.436417064070701 3.2544561864156805
      vertex 1.3709639236330986 15.436417064070701 3.116146745892074
      vertex 1.189389131963253 15.465175686776638 3.116146745892074
    endloop
  endfacet
  facet normal -0.15643447181389547 -0.9876883395222946 0
    outer loop
      vertex -1.3146973699331284 12.855401618778705 3.375685424949239
      vertex -1.3146973699331284 12.855401618778705 3.2544561864156805
      vertex -1.1815590262413025 12.834314575791359 3.2544561864156805
    endloop
  endfacet
  facet normal -0.80901699281754 -0.5877852544360604 0
    outer loop
      vertex -1.765685424208641 13.476133419573307 3.375685424949239
      vertex -1.3146973699331284 12.855401618778705 3.2544561864156805
      vertex -1.3146973699331284 12.855401618778705 3.375685424949239
    endloop
  endfacet
  facet normal 0 0 1
    outer loop
      vertex -1.3146973699331284 12.855401618778705 3.375685424949239
      vertex -1.246136374771595 12.96728299409151 3.375685424949239
      vertex -1.644456185400486 13.515523186326027 3.375685424949239
    endloop
  endfacet
  facet normal 0 0 1
    outer loop
      vertex -1.765685424208641 13.476133419573307 3.375685424949239
      vertex -1.3146973699331284 12.855401618778705 3.375685424949239
      vertex -1.644456185400486 13.515523186326027 3.375685424949239
    endloop
  endfacet
  facet normal -0.80901699281754 -0.5877852544360604 0
    outer loop
      vertex -1.765685424208641 13.476133419573307 3.375685424949239
      vertex -1.765685424208641 13.476133419573307 3.2544561864156805
      vertex -1.3146973699331284 12.855401618778705 3.2544561864156805
    endloop
  endfacet
  facet normal -1 0 0
    outer loop
      vertex -1.765685424208641 13.476133419573307 3.375685424949239
      vertex -1.765685424208641 14.781559026241302 3.375685424949239
      vertex -1.765685424208641 13.476133419573307 3.2544561864156805
    endloop
  endfacet
  facet normal 0 0 1
    outer loop
      vertex -1.765685424208641 13.476133419573307 3.375685424949239
      vertex -1.644456185400486 13.515523186326027 3.375685424949239
      vertex -1.644456185400486 14.772018110752105 3.375685424949239
    endloop
  endfacet
  facet normal -0.15643447181389547 -0.9876883395222946 0
    outer loop
      vertex -1.3146973699331284 12.855401618778705 3.375685424949239
      vertex -1.1815590262413025 12.834314575791359 3.2544561864156805
      vertex -1.1815590262413025 12.834314575791359 3.375685424949239
    endloop
  endfacet
  facet normal 0 0 1
    outer loop
      vertex -1.3146973699331284 12.855401618778705 3.375685424949239
      vertex -1.1815590262413025 12.834314575791359 3.375685424949239
      vertex -1.1720181107521057 12.955543814599514 3.375685424949239
    endloop
  endfacet
  facet normal 0 0 1
    outer loop
      vertex -1.3146973699331284 12.855401618778705 3.375685424949239
      vertex -1.1720181107521057 12.955543814599514 3.375685424949239
      vertex -1.246136374771595 12.96728299409151 3.375685424949239
    endloop
  endfacet
  facet normal 0 -1 0
    outer loop
      vertex -1.1815590262413025 12.834314575791359 3.375685424949239
      vertex -1.1815590262413025 12.834314575791359 3.2544561864156805
      vertex 1.1238665878772736 12.834314575791359 3.2544561864156805
    endloop
  endfacet
  facet normal 0 0 1
    outer loop
      vertex -1.1815590262413025 12.834314575791359 3.375685424949239
      vertex 1.1238665878772736 12.834314575791359 3.375685424949239
      vertex -1.1720181107521057 12.955543814599514 3.375685424949239
    endloop
  endfacet
  facet normal 0 0 1
    outer loop
      vertex -1.765685424208641 13.476133419573307 3.375685424949239
      vertex -1.644456185400486 14.772018110752105 3.375685424949239
      vertex -1.765685424208641 14.781559026241302 3.375685424949239
    endloop
  endfacet
  facet normal -1 0 0
    outer loop
      vertex -1.765685424208641 13.476133419573307 3.2544561864156805
      vertex -1.765685424208641 14.781559026241302 3.375685424949239
      vertex -1.765685424208641 14.781559026241302 3.2544561864156805
    endloop
  endfacet
  facet normal -0.9876883395222946 0.15643447181389547 0
    outer loop
      vertex -1.765685424208641 14.781559026241302 3.375685424949239
      vertex -1.7445983812212944 14.914697369933128 3.375685424949239
      vertex -1.765685424208641 14.781559026241302 3.2544561864156805
    endloop
  endfacet
  facet normal -0.9876883395222946 0.15643447181389547 0
    outer loop
      vertex -1.765685424208641 14.781559026241302 3.2544561864156805
      vertex -1.7445983812212944 14.914697369933128 3.375685424949239
      vertex -1.7445983812212944 14.914697369933128 3.2544561864156805
    endloop
  endfacet
  facet normal 0 0 1
    outer loop
      vertex -1.765685424208641 14.781559026241302 3.375685424949239
      vertex -1.644456185400486 14.772018110752105 3.375685424949239
      vertex -1.6327170059084892 14.846136374771595 3.375685424949239
    endloop
  endfacet
  facet normal 0 0 1
    outer loop
      vertex -1.765685424208641 14.781559026241302 3.375685424949239
      vertex -1.6327170059084892 14.846136374771595 3.375685424949239
      vertex -1.7445983812212944 14.914697369933128 3.375685424949239
    endloop
  endfacet
  facet normal 0 0 1
    outer loop
      vertex -1.7445983812212944 14.914697369933128 3.375685424949239
      vertex -1.6327170059084892 14.846136374771595 3.375685424949239
      vertex -1.0844768211245537 15.244456185400486 3.375685424949239
    endloop
  endfacet
  facet normal -0.5877852590537008 0.809016989462628 0
    outer loop
      vertex -1.7445983812212944 14.914697369933128 3.375685424949239
      vertex -1.1238665878772736 15.36568542420864 3.375685424949239
      vertex -1.7445983812212944 14.914697369933128 3.2544561864156805
    endloop
  endfacet
  facet normal -0.5877852590537008 0.809016989462628 0
    outer loop
      vertex -1.7445983812212944 14.914697369933128 3.2544561864156805
      vertex -1.1238665878772736 15.36568542420864 3.375685424949239
      vertex -1.1238665878772736 15.36568542420864 3.2544561864156805
    endloop
  endfacet
  facet normal 0 0 1
    outer loop
      vertex -1.7445983812212944 14.914697369933128 3.375685424949239
      vertex -1.0844768211245537 15.244456185400486 3.375685424949239
      vertex -1.1238665878772736 15.36568542420864 3.375685424949239
    endloop
  endfacet
  facet normal 0 0 1
    outer loop
      vertex -1.1238665878772736 15.36568542420864 3.375685424949239
      vertex -1.0844768211245537 15.244456185400486 3.375685424949239
      vertex 1.1720181107521057 15.244456185400486 3.375685424949239
    endloop
  endfacet
  facet normal 0 1 0
    outer loop
      vertex -1.1238665878772736 15.36568542420864 3.375685424949239
      vertex 1.1815590262413025 15.36568542420864 3.375685424949239
      vertex -1.1238665878772736 15.36568542420864 3.2544561864156805
    endloop
  endfacet
  facet normal 0 -1 0
    outer loop
      vertex -1.1815590262413025 12.834314575791359 3.375685424949239
      vertex 1.1238665878772736 12.834314575791359 3.2544561864156805
      vertex 1.1238665878772736 12.834314575791359 3.375685424949239
    endloop
  endfacet
  facet normal 0 0 1
    outer loop
      vertex -1.1720181107521057 12.955543814599514 3.375685424949239
      vertex 1.1238665878772736 12.834314575791359 3.375685424949239
      vertex 1.0844768211245537 12.955543814599514 3.375685424949239
    endloop
  endfacet
  facet normal 0 0 1
    outer loop
      vertex 1.0844768211245537 12.955543814599514 3.375685424949239
      vertex 1.1238665878772736 12.834314575791359 3.375685424949239
      vertex 1.7445983812212944 13.285302630066871 3.375685424949239
    endloop
  endfacet
  facet normal 0.5877852590537008 -0.809016989462628 0
    outer loop
      vertex 1.1238665878772736 12.834314575791359 3.375685424949239
      vertex 1.1238665878772736 12.834314575791359 3.2544561864156805
      vertex 1.7445983812212944 13.285302630066871 3.2544561864156805
    endloop
  endfacet
  facet normal 0.5877852590537008 -0.809016989462628 0
    outer loop
      vertex 1.1238665878772736 12.834314575791359 3.375685424949239
      vertex 1.7445983812212944 13.285302630066871 3.2544561864156805
      vertex 1.7445983812212944 13.285302630066871 3.375685424949239
    endloop
  endfacet
  facet normal 0 0 1
    outer loop
      vertex 1.0844768211245537 12.955543814599514 3.375685424949239
      vertex 1.7445983812212944 13.285302630066871 3.375685424949239
      vertex 1.6327170059084892 13.353863625228405 3.375685424949239
    endloop
  endfacet
  facet normal 0.9876883395222946 -0.15643447181389547 0
    outer loop
      vertex 1.7445983812212944 13.285302630066871 3.375685424949239
      vertex 1.7445983812212944 13.285302630066871 3.2544561864156805
      vertex 1.765685424208641 13.418440973758697 3.2544561864156805
    endloop
  endfacet
  facet normal 0 0 1
    outer loop
      vertex 1.6327170059084892 13.353863625228405 3.375685424949239
      vertex 1.7445983812212944 13.285302630066871 3.375685424949239
      vertex 1.765685424208641 13.418440973758697 3.375685424949239
    endloop
  endfacet
  facet normal 0 0 1
    outer loop
      vertex 1.6327170059084892 13.353863625228405 3.375685424949239
      vertex 1.765685424208641 13.418440973758697 3.375685424949239
      vertex 1.644456185400486 13.427981889247894 3.375685424949239
    endloop
  endfacet
  facet normal 0.9876883395222946 -0.15643447181389547 0
    outer loop
      vertex 1.7445983812212944 13.285302630066871 3.375685424949239
      vertex 1.765685424208641 13.418440973758697 3.2544561864156805
      vertex 1.765685424208641 13.418440973758697 3.375685424949239
    endloop
  endfacet
  facet normal 0 0 1
    outer loop
      vertex 1.644456185400486 13.427981889247894 3.375685424949239
      vertex 1.765685424208641 13.418440973758697 3.375685424949239
      vertex 1.765685424208641 14.723866580426693 3.375685424949239
    endloop
  endfacet
  facet normal 1 0 0
    outer loop
      vertex 1.765685424208641 13.418440973758697 3.375685424949239
      vertex 1.765685424208641 13.418440973758697 3.2544561864156805
      vertex 1.765685424208641 14.723866580426693 3.2544561864156805
    endloop
  endfacet
  facet normal 0 0 1
    outer loop
      vertex 1.644456185400486 13.427981889247894 3.375685424949239
      vertex 1.765685424208641 14.723866580426693 3.375685424949239
      vertex 1.644456185400486 14.684476813673973 3.375685424949239
    endloop
  endfacet
  facet normal 1 0 0
    outer loop
      vertex 1.765685424208641 13.418440973758697 3.375685424949239
      vertex 1.765685424208641 14.723866580426693 3.2544561864156805
      vertex 1.765685424208641 14.723866580426693 3.375685424949239
    endloop
  endfacet
  facet normal 0 0 1
    outer loop
      vertex -1.1238665878772736 15.36568542420864 3.375685424949239
      vertex 1.1720181107521057 15.244456185400486 3.375685424949239
      vertex 1.1815590262413025 15.36568542420864 3.375685424949239
    endloop
  endfacet
  facet normal 0 1 0
    outer loop
      vertex -1.1238665878772736 15.36568542420864 3.2544561864156805
      vertex 1.1815590262413025 15.36568542420864 3.375685424949239
      vertex 1.1815590262413025 15.36568542420864 3.2544561864156805
    endloop
  endfacet
  facet normal 0 0 1
    outer loop
      vertex 1.1720181107521057 15.244456185400486 3.375685424949239
      vertex 1.246136374771595 15.232717005908489 3.375685424949239
      vertex 1.3146973699331284 15.344598381221294 3.375685424949239
    endloop
  endfacet
  facet normal 0 0 1
    outer loop
      vertex 1.1720181107521057 15.244456185400486 3.375685424949239
      vertex 1.3146973699331284 15.344598381221294 3.375685424949239
      vertex 1.1815590262413025 15.36568542420864 3.375685424949239
    endloop
  endfacet
  facet normal 0.15643447181389547 0.9876883395222946 0
    outer loop
      vertex 1.1815590262413025 15.36568542420864 3.375685424949239
      vertex 1.3146973699331284 15.344598381221294 3.375685424949239
      vertex 1.1815590262413025 15.36568542420864 3.2544561864156805
    endloop
  endfacet
  facet normal 0 0 1
    outer loop
      vertex 1.644456185400486 14.684476813673973 3.375685424949239
      vertex 1.765685424208641 14.723866580426693 3.375685424949239
      vertex 1.3146973699331284 15.344598381221294 3.375685424949239
    endloop
  endfacet
  facet normal 0.80901699281754 0.5877852544360604 0
    outer loop
      vertex 1.765685424208641 14.723866580426693 3.375685424949239
      vertex 1.765685424208641 14.723866580426693 3.2544561864156805
      vertex 1.3146973699331284 15.344598381221294 3.2544561864156805
    endloop
  endfacet
  facet normal 0 0 1
    outer loop
      vertex 1.644456185400486 14.684476813673973 3.375685424949239
      vertex 1.3146973699331284 15.344598381221294 3.375685424949239
      vertex 1.246136374771595 15.232717005908489 3.375685424949239
    endloop
  endfacet
  facet normal 0.80901699281754 0.5877852544360604 0
    outer loop
      vertex 1.765685424208641 14.723866580426693 3.375685424949239
      vertex 1.3146973699331284 15.344598381221294 3.2544561864156805
      vertex 1.3146973699331284 15.344598381221294 3.375685424949239
    endloop
  endfacet
  facet normal 0.15643447181389547 0.9876883395222946 0
    outer loop
      vertex 1.1815590262413025 15.36568542420864 3.2544561864156805
      vertex 1.3146973699331284 15.344598381221294 3.375685424949239
      vertex 1.3146973699331284 15.344598381221294 3.2544561864156805
    endloop
  endfacet
  facet normal 0 0 1
    outer loop
      vertex -1.246136374771595 12.96728299409151 3.4751756898420396
      vertex -1.1679156944155693 13.094927547872066 3.4751756898420396
      vertex -1.644456185400486 13.515523186326027 3.4751756898420396
    endloop
  endfacet
  facet normal -0.8090169975967625 -0.5877852478580251 0
    outer loop
      vertex -1.246136374771595 12.96728299409151 3.4751756898420396
      vertex -1.644456185400486 13.515523186326027 3.375685424949239
      vertex -1.246136374771595 12.96728299409151 3.375685424949239
    endloop
  endfacet
  facet normal -0.8090169975967625 -0.5877852478580251 0
    outer loop
      vertex -1.246136374771595 12.96728299409151 3.4751756898420396
      vertex -1.644456185400486 13.515523186326027 3.4751756898420396
      vertex -1.644456185400486 13.515523186326027 3.375685424949239
    endloop
  endfacet
  facet normal 0 0 1
    outer loop
      vertex -1.1679156944155693 13.094927547872066 3.4751756898420396
      vertex -1.5061467438936234 13.560462644696235 3.4751756898420396
      vertex -1.644456185400486 13.515523186326027 3.4751756898420396
    endloop
  endfacet
  facet normal -1 0 0
    outer loop
      vertex -1.644456185400486 13.515523186326027 3.4751756898420396
      vertex -1.644456185400486 14.772018110752105 3.375685424949239
      vertex -1.644456185400486 13.515523186326027 3.375685424949239
    endloop
  endfacet
  facet normal 0 0 1
    outer loop
      vertex -1.644456185400486 13.515523186326027 3.4751756898420396
      vertex -1.5061467438936234 13.560462644696235 3.4751756898420396
      vertex -1.644456185400486 14.772018110752105 3.4751756898420396
    endloop
  endfacet
  facet normal -0.15643446149707135 -0.9876883411563191 0
    outer loop
      vertex -1.246136374771595 12.96728299409151 3.4751756898420396
      vertex -1.246136374771595 12.96728299409151 3.375685424949239
      vertex -1.1720181107521057 12.955543814599514 3.4751756898420396
    endloop
  endfacet
  facet normal -0.15643446149707135 -0.9876883411563191 0
    outer loop
      vertex -1.246136374771595 12.96728299409151 3.375685424949239
      vertex -1.1720181107521057 12.955543814599514 3.375685424949239
      vertex -1.1720181107521057 12.955543814599514 3.4751756898420396
    endloop
  endfacet
  facet normal 0 0 1
    outer loop
      vertex -1.246136374771595 12.96728299409151 3.4751756898420396
      vertex -1.1611329093575478 13.093853256106376 3.4751756898420396
      vertex -1.1679156944155693 13.094927547872066 3.4751756898420396
    endloop
  endfacet
  facet normal 0 0 1
    outer loop
      vertex -1.246136374771595 12.96728299409151 3.4751756898420396
      vertex -1.1720181107521057 12.955543814599514 3.4751756898420396
      vertex 1.0395373553037643 13.093853256106376 3.4751756898420396
    endloop
  endfacet
  facet normal 0 -1 0
    outer loop
      vertex -1.1720181107521057 12.955543814599514 3.4751756898420396
      vertex -1.1720181107521057 12.955543814599514 3.375685424949239
      vertex 1.0844768211245537 12.955543814599514 3.4751756898420396
    endloop
  endfacet
  facet normal 0 0 1
    outer loop
      vertex -1.246136374771595 12.96728299409151 3.4751756898420396
      vertex 1.0395373553037643 13.093853256106376 3.4751756898420396
      vertex -1.1611329093575478 13.093853256106376 3.4751756898420396
    endloop
  endfacet
  facet normal -1 0 0
    outer loop
      vertex -1.644456185400486 13.515523186326027 3.4751756898420396
      vertex -1.644456185400486 14.772018110752105 3.4751756898420396
      vertex -1.644456185400486 14.772018110752105 3.375685424949239
    endloop
  endfacet
  facet normal 0 0 1
    outer loop
      vertex -1.5061467438936234 13.560462644696235 3.4751756898420396
      vertex -1.5061467438936234 14.761132901906967 3.4751756898420396
      vertex -1.644456185400486 14.772018110752105 3.4751756898420396
    endloop
  endfacet
  facet normal 0 0 1
    outer loop
      vertex -1.644456185400486 14.772018110752105 3.4751756898420396
      vertex -1.5050724521279335 14.767915694415569 3.4751756898420396
      vertex -1.6327170059084892 14.846136374771595 3.4751756898420396
    endloop
  endfacet
  facet normal -0.9876883411563191 0.15643446149707135 0
    outer loop
      vertex -1.644456185400486 14.772018110752105 3.4751756898420396
      vertex -1.6327170059084892 14.846136374771595 3.4751756898420396
      vertex -1.6327170059084892 14.846136374771595 3.375685424949239
    endloop
  endfacet
  facet normal -0.9876883411563191 0.15643446149707135 0
    outer loop
      vertex -1.644456185400486 14.772018110752105 3.4751756898420396
      vertex -1.6327170059084892 14.846136374771595 3.375685424949239
      vertex -1.644456185400486 14.772018110752105 3.375685424949239
    endloop
  endfacet
  facet normal 0 0 1
    outer loop
      vertex -1.644456185400486 14.772018110752105 3.4751756898420396
      vertex -1.5061467438936234 14.761132901906967 3.4751756898420396
      vertex -1.5050724521279335 14.767915694415569 3.4751756898420396
    endloop
  endfacet
  facet normal 0 0 1
    outer loop
      vertex -1.6327170059084892 14.846136374771595 3.4751756898420396
      vertex -1.5050724521279335 14.767915694415569 3.4751756898420396
      vertex -1.0844768211245537 15.244456185400486 3.4751756898420396
    endloop
  endfacet
  facet normal -0.5877852530862375 0.8090169937982439 0
    outer loop
      vertex -1.6327170059084892 14.846136374771595 3.4751756898420396
      vertex -1.0844768211245537 15.244456185400486 3.375685424949239
      vertex -1.6327170059084892 14.846136374771595 3.375685424949239
    endloop
  endfacet
  facet normal -0.5877852530862375 0.8090169937982439 0
    outer loop
      vertex -1.6327170059084892 14.846136374771595 3.4751756898420396
      vertex -1.0844768211245537 15.244456185400486 3.4751756898420396
      vertex -1.0844768211245537 15.244456185400486 3.375685424949239
    endloop
  endfacet
  facet normal 0 0 1
    outer loop
      vertex -1.5050724521279335 14.767915694415569 3.4751756898420396
      vertex -1.0395373553037643 15.106146743893623 3.4751756898420396
      vertex -1.0844768211245537 15.244456185400486 3.4751756898420396
    endloop
  endfacet
  facet normal 0 0 1
    outer loop
      vertex -1.0395373553037643 15.106146743893623 3.4751756898420396
      vertex 1.1720181107521057 15.244456185400486 3.4751756898420396
      vertex -1.0844768211245537 15.244456185400486 3.4751756898420396
    endloop
  endfacet
  facet normal 0 1 0
    outer loop
      vertex -1.0844768211245537 15.244456185400486 3.4751756898420396
      vertex 1.1720181107521057 15.244456185400486 3.375685424949239
      vertex -1.0844768211245537 15.244456185400486 3.375685424949239
    endloop
  endfacet
  facet normal 0 0 1
    outer loop
      vertex -1.1720181107521057 12.955543814599514 3.4751756898420396
      vertex 1.0844768211245537 12.955543814599514 3.4751756898420396
      vertex 1.0395373553037643 13.093853256106376 3.4751756898420396
    endloop
  endfacet
  facet normal 0 -1 0
    outer loop
      vertex -1.1720181107521057 12.955543814599514 3.375685424949239
      vertex 1.0844768211245537 12.955543814599514 3.375685424949239
      vertex 1.0844768211245537 12.955543814599514 3.4751756898420396
    endloop
  endfacet
  facet normal 0 0 1
    outer loop
      vertex 1.0844768211245537 12.955543814599514 3.4751756898420396
      vertex 1.5050724521279335 13.43208430558443 3.4751756898420396
      vertex 1.0395373553037643 13.093853256106376 3.4751756898420396
    endloop
  endfacet
  facet normal 0.5877852530862375 -0.8090169937982439 0
    outer loop
      vertex 1.0844768211245537 12.955543814599514 3.4751756898420396
      vertex 1.0844768211245537 12.955543814599514 3.375685424949239
      vertex 1.6327170059084892 13.353863625228405 3.4751756898420396
    endloop
  endfacet
  facet normal 0.5877852530862375 -0.8090169937982439 0
    outer loop
      vertex 1.0844768211245537 12.955543814599514 3.375685424949239
      vertex 1.6327170059084892 13.353863625228405 3.375685424949239
      vertex 1.6327170059084892 13.353863625228405 3.4751756898420396
    endloop
  endfacet
  facet normal 0 0 1
    outer loop
      vertex 1.0844768211245537 12.955543814599514 3.4751756898420396
      vertex 1.6327170059084892 13.353863625228405 3.4751756898420396
      vertex 1.5050724521279335 13.43208430558443 3.4751756898420396
    endloop
  endfacet
  facet normal 0 0 1
    outer loop
      vertex 1.5050724521279335 13.43208430558443 3.4751756898420396
      vertex 1.644456185400486 13.427981889247894 3.4751756898420396
      vertex 1.5061467438936234 13.438867098093032 3.4751756898420396
    endloop
  endfacet
  facet normal 0 0 1
    outer loop
      vertex 1.5050724521279335 13.43208430558443 3.4751756898420396
      vertex 1.6327170059084892 13.353863625228405 3.4751756898420396
      vertex 1.644456185400486 13.427981889247894 3.4751756898420396
    endloop
  endfacet
  facet normal 0.9876883411563191 -0.15643446149707135 0
    outer loop
      vertex 1.6327170059084892 13.353863625228405 3.4751756898420396
      vertex 1.6327170059084892 13.353863625228405 3.375685424949239
      vertex 1.644456185400486 13.427981889247894 3.4751756898420396
    endloop
  endfacet
  facet normal 0.9876883411563191 -0.15643446149707135 0
    outer loop
      vertex 1.644456185400486 13.427981889247894 3.4751756898420396
      vertex 1.6327170059084892 13.353863625228405 3.375685424949239
      vertex 1.644456185400486 13.427981889247894 3.375685424949239
    endloop
  endfacet
  facet normal 0 0 1
    outer loop
      vertex 1.5061467438936234 13.438867098093032 3.4751756898420396
      vertex 1.644456185400486 13.427981889247894 3.4751756898420396
      vertex 1.5061467438936234 14.639537355303764 3.4751756898420396
    endloop
  endfacet
  facet normal 1 0 0
    outer loop
      vertex 1.644456185400486 13.427981889247894 3.4751756898420396
      vertex 1.644456185400486 13.427981889247894 3.375685424949239
      vertex 1.644456185400486 14.684476813673973 3.4751756898420396
    endloop
  endfacet
  facet normal 0 0 1
    outer loop
      vertex 1.644456185400486 13.427981889247894 3.4751756898420396
      vertex 1.644456185400486 14.684476813673973 3.4751756898420396
      vertex 1.5061467438936234 14.639537355303764 3.4751756898420396
    endloop
  endfacet
  facet normal 1 0 0
    outer loop
      vertex 1.644456185400486 13.427981889247894 3.375685424949239
      vertex 1.644456185400486 14.684476813673973 3.375685424949239
      vertex 1.644456185400486 14.684476813673973 3.4751756898420396
    endloop
  endfacet
  facet normal 0 0 1
    outer loop
      vertex -1.0395373553037643 15.106146743893623 3.4751756898420396
      vertex 1.1611329093575478 15.106146743893623 3.4751756898420396
      vertex 1.246136374771595 15.232717005908489 3.4751756898420396
    endloop
  endfacet
  facet normal 0 0 1
    outer loop
      vertex -1.0395373553037643 15.106146743893623 3.4751756898420396
      vertex 1.246136374771595 15.232717005908489 3.4751756898420396
      vertex 1.1720181107521057 15.244456185400486 3.4751756898420396
    endloop
  endfacet
  facet normal 0 1 0
    outer loop
      vertex -1.0844768211245537 15.244456185400486 3.4751756898420396
      vertex 1.1720181107521057 15.244456185400486 3.4751756898420396
      vertex 1.1720181107521057 15.244456185400486 3.375685424949239
    endloop
  endfacet
  facet normal 0 0 1
    outer loop
      vertex 1.1611329093575478 15.106146743893623 3.4751756898420396
      vertex 1.1679156944155693 15.105072452127933 3.4751756898420396
      vertex 1.246136374771595 15.232717005908489 3.4751756898420396
    endloop
  endfacet
  facet normal 0.15643446149707135 0.9876883411563191 0
    outer loop
      vertex 1.1720181107521057 15.244456185400486 3.4751756898420396
      vertex 1.246136374771595 15.232717005908489 3.375685424949239
      vertex 1.1720181107521057 15.244456185400486 3.375685424949239
    endloop
  endfacet
  facet normal 0.15643446149707135 0.9876883411563191 0
    outer loop
      vertex 1.1720181107521057 15.244456185400486 3.4751756898420396
      vertex 1.246136374771595 15.232717005908489 3.4751756898420396
      vertex 1.246136374771595 15.232717005908489 3.375685424949239
    endloop
  endfacet
  facet normal 0 0 1
    outer loop
      vertex 1.5061467438936234 14.639537355303764 3.4751756898420396
      vertex 1.644456185400486 14.684476813673973 3.4751756898420396
      vertex 1.1679156944155693 15.105072452127933 3.4751756898420396
    endloop
  endfacet
  facet normal 0.8090169975967625 0.5877852478580251 0
    outer loop
      vertex 1.644456185400486 14.684476813673973 3.4751756898420396
      vertex 1.644456185400486 14.684476813673973 3.375685424949239
      vertex 1.246136374771595 15.232717005908489 3.4751756898420396
    endloop
  endfacet
  facet normal 0 0 1
    outer loop
      vertex 1.644456185400486 14.684476813673973 3.4751756898420396
      vertex 1.246136374771595 15.232717005908489 3.4751756898420396
      vertex 1.1679156944155693 15.105072452127933 3.4751756898420396
    endloop
  endfacet
  facet normal 0.8090169975967625 0.5877852478580251 0
    outer loop
      vertex 1.644456185400486 14.684476813673973 3.375685424949239
      vertex 1.246136374771595 15.232717005908489 3.375685424949239
      vertex 1.246136374771595 15.232717005908489 3.4751756898420396
    endloop
  endfacet
  facet normal -0.8090169916014384 -0.5877852561098811 0
    outer loop
      vertex -1.1679156944155693 13.094927547872066 3.5491036260090283
      vertex -1.5061467438936234 13.560462644696235 3.5491036260090283
      vertex -1.1679156944155693 13.094927547872066 3.4751756898420396
    endloop
  endfacet
  facet normal 0 0 1
    outer loop
      vertex -1.1679156944155693 13.094927547872066 3.5491036260090283
      vertex -1.3560722544789314 13.60922480225563 3.5491036260090283
      vertex -1.5061467438936234 13.560462644696235 3.5491036260090283
    endloop
  endfacet
  facet normal -0.8090169916014384 -0.5877852561098811 0
    outer loop
      vertex -1.1679156944155693 13.094927547872066 3.4751756898420396
      vertex -1.5061467438936234 13.560462644696235 3.5491036260090283
      vertex -1.5061467438936234 13.560462644696235 3.4751756898420396
    endloop
  endfacet
  facet normal -1 0 0
    outer loop
      vertex -1.5061467438936234 13.560462644696235 3.5491036260090283
      vertex -1.5061467438936234 14.761132901906967 3.5491036260090283
      vertex -1.5061467438936234 13.560462644696235 3.4751756898420396
    endloop
  endfacet
  facet normal 0 0 1
    outer loop
      vertex -1.5061467438936234 13.560462644696235 3.5491036260090283
      vertex -1.3560722544789314 13.60922480225563 3.5491036260090283
      vertex -1.3560722544789314 14.69066841006279 3.5491036260090283
    endloop
  endfacet
  facet normal -0.15643505462346155 -0.9876882472141474 0
    outer loop
      vertex -1.1679156944155693 13.094927547872066 3.5491036260090283
      vertex -1.1611329093575478 13.093853256106376 3.4751756898420396
      vertex -1.1611329093575478 13.093853256106376 3.5491036260090283
    endloop
  endfacet
  facet normal -0.15643505462346155 -0.9876882472141474 0
    outer loop
      vertex -1.1679156944155693 13.094927547872066 3.5491036260090283
      vertex -1.1679156944155693 13.094927547872066 3.4751756898420396
      vertex -1.1611329093575478 13.093853256106376 3.4751756898420396
    endloop
  endfacet
  facet normal 0 0 1
    outer loop
      vertex -1.1679156944155693 13.094927547872066 3.5491036260090283
      vertex -1.1611329093575478 13.093853256106376 3.5491036260090283
      vertex -1.0906684175133705 13.243927745521068 3.5491036260090283
    endloop
  endfacet
  facet normal 0 0 1
    outer loop
      vertex -1.1679156944155693 13.094927547872066 3.5491036260090283
      vertex -1.0906684175133705 13.243927745521068 3.5491036260090283
      vertex -1.3560722544789314 13.60922480225563 3.5491036260090283
    endloop
  endfacet
  facet normal 0 -1 0
    outer loop
      vertex -1.1611329093575478 13.093853256106376 3.5491036260090283
      vertex -1.1611329093575478 13.093853256106376 3.4751756898420396
      vertex 1.0395373553037643 13.093853256106376 3.4751756898420396
    endloop
  endfacet
  facet normal 0 0 1
    outer loop
      vertex -1.1611329093575478 13.093853256106376 3.5491036260090283
      vertex 1.0395373553037643 13.093853256106376 3.5491036260090283
      vertex -1.0906684175133705 13.243927745521068 3.5491036260090283
    endloop
  endfacet
  facet normal 0 0 1
    outer loop
      vertex -1.5061467438936234 13.560462644696235 3.5491036260090283
      vertex -1.3560722544789314 14.69066841006279 3.5491036260090283
      vertex -1.5061467438936234 14.761132901906967 3.5491036260090283
    endloop
  endfacet
  facet normal -1 0 0
    outer loop
      vertex -1.5061467438936234 13.560462644696235 3.4751756898420396
      vertex -1.5061467438936234 14.761132901906967 3.5491036260090283
      vertex -1.5061467438936234 14.761132901906967 3.4751756898420396
    endloop
  endfacet
  facet normal -0.9876882737644458 0.15643488699203037 0
    outer loop
      vertex -1.5061467438936234 14.761132901906967 3.5491036260090283
      vertex -1.5050724521279335 14.767915694415569 3.5491036260090283
      vertex -1.5061467438936234 14.761132901906967 3.4751756898420396
    endloop
  endfacet
  facet normal -0.9876882737644458 0.15643488699203037 0
    outer loop
      vertex -1.5050724521279335 14.767915694415569 3.5491036260090283
      vertex -1.5050724521279335 14.767915694415569 3.4751756898420396
      vertex -1.5061467438936234 14.761132901906967 3.4751756898420396
    endloop
  endfacet
  facet normal 0 0 1
    outer loop
      vertex -1.5061467438936234 14.761132901906967 3.5491036260090283
      vertex -0.9907752051949501 14.956072254478931 3.5491036260090283
      vertex -1.5050724521279335 14.767915694415569 3.5491036260090283
    endloop
  endfacet
  facet normal -0.5877852561098811 0.8090169916014384 0
    outer loop
      vertex -1.5050724521279335 14.767915694415569 3.5491036260090283
      vertex -1.0395373553037643 15.106146743893623 3.5491036260090283
      vertex -1.5050724521279335 14.767915694415569 3.4751756898420396
    endloop
  endfacet
  facet normal 0 0 1
    outer loop
      vertex -1.5061467438936234 14.761132901906967 3.5491036260090283
      vertex -1.3560722544789314 14.69066841006279 3.5491036260090283
      vertex -0.9907752051949501 14.956072254478931 3.5491036260090283
    endloop
  endfacet
  facet normal 0 0 1
    outer loop
      vertex -1.5050724521279335 14.767915694415569 3.5491036260090283
      vertex -0.9907752051949501 14.956072254478931 3.5491036260090283
      vertex -1.0395373553037643 15.106146743893623 3.5491036260090283
    endloop
  endfacet
  facet normal -0.5877852561098811 0.8090169916014384 0
    outer loop
      vertex -1.5050724521279335 14.767915694415569 3.4751756898420396
      vertex -1.0395373553037643 15.106146743893623 3.5491036260090283
      vertex -1.0395373553037643 15.106146743893623 3.4751756898420396
    endloop
  endfacet
  facet normal 0 0 1
    outer loop
      vertex -0.9907752051949501 14.956072254478931 3.5491036260090283
      vertex 1.0906684175133705 14.956072254478931 3.5491036260090283
      vertex -1.0395373553037643 15.106146743893623 3.5491036260090283
    endloop
  endfacet
  facet normal 0 1 0
    outer loop
      vertex -1.0395373553037643 15.106146743893623 3.5491036260090283
      vertex 1.1611329093575478 15.106146743893623 3.5491036260090283
      vertex -1.0395373553037643 15.106146743893623 3.4751756898420396
    endloop
  endfacet
  facet normal 0 -1 0
    outer loop
      vertex -1.1611329093575478 13.093853256106376 3.5491036260090283
      vertex 1.0395373553037643 13.093853256106376 3.4751756898420396
      vertex 1.0395373553037643 13.093853256106376 3.5491036260090283
    endloop
  endfacet
  facet normal 0 0 1
    outer loop
      vertex -1.0906684175133705 13.243927745521068 3.5491036260090283
      vertex 1.0395373553037643 13.093853256106376 3.5491036260090283
      vertex 0.9907752051949501 13.243927745521068 3.5491036260090283
    endloop
  endfacet
  facet normal 0 0 1
    outer loop
      vertex 1.0395373553037643 13.093853256106376 3.5491036260090283
      vertex 1.5050724521279335 13.43208430558443 3.5491036260090283
      vertex 0.9907752051949501 13.243927745521068 3.5491036260090283
    endloop
  endfacet
  facet normal 0.5877852561098811 -0.8090169916014384 0
    outer loop
      vertex 1.0395373553037643 13.093853256106376 3.5491036260090283
      vertex 1.0395373553037643 13.093853256106376 3.4751756898420396
      vertex 1.5050724521279335 13.43208430558443 3.4751756898420396
    endloop
  endfacet
  facet normal 0.5877852561098811 -0.8090169916014384 0
    outer loop
      vertex 1.0395373553037643 13.093853256106376 3.5491036260090283
      vertex 1.5050724521279335 13.43208430558443 3.4751756898420396
      vertex 1.5050724521279335 13.43208430558443 3.5491036260090283
    endloop
  endfacet
  facet normal 0 0 1
    outer loop
      vertex 0.9907752051949501 13.243927745521068 3.5491036260090283
      vertex 1.5061467438936234 13.438867098093032 3.5491036260090283
      vertex 1.3560722544789314 13.50933158993721 3.5491036260090283
    endloop
  endfacet
  facet normal 0 0 1
    outer loop
      vertex 0.9907752051949501 13.243927745521068 3.5491036260090283
      vertex 1.5050724521279335 13.43208430558443 3.5491036260090283
      vertex 1.5061467438936234 13.438867098093032 3.5491036260090283
    endloop
  endfacet
  facet normal 0.9876882737644458 -0.15643488699203037 0
    outer loop
      vertex 1.5050724521279335 13.43208430558443 3.5491036260090283
      vertex 1.5061467438936234 13.438867098093032 3.4751756898420396
      vertex 1.5061467438936234 13.438867098093032 3.5491036260090283
    endloop
  endfacet
  facet normal 0.9876882737644458 -0.15643488699203037 0
    outer loop
      vertex 1.5050724521279335 13.43208430558443 3.5491036260090283
      vertex 1.5050724521279335 13.43208430558443 3.4751756898420396
      vertex 1.5061467438936234 13.438867098093032 3.4751756898420396
    endloop
  endfacet
  facet normal 0 0 1
    outer loop
      vertex 1.3560722544789314 13.50933158993721 3.5491036260090283
      vertex 1.5061467438936234 13.438867098093032 3.5491036260090283
      vertex 1.5061467438936234 14.639537355303764 3.5491036260090283
    endloop
  endfacet
  facet normal 1 0 0
    outer loop
      vertex 1.5061467438936234 13.438867098093032 3.5491036260090283
      vertex 1.5061467438936234 13.438867098093032 3.4751756898420396
      vertex 1.5061467438936234 14.639537355303764 3.4751756898420396
    endloop
  endfacet
  facet normal 0 0 1
    outer loop
      vertex 1.3560722544789314 13.50933158993721 3.5491036260090283
      vertex 1.5061467438936234 14.639537355303764 3.5491036260090283
      vertex 1.3560722544789314 14.59077519774437 3.5491036260090283
    endloop
  endfacet
  facet normal 1 0 0
    outer loop
      vertex 1.5061467438936234 13.438867098093032 3.5491036260090283
      vertex 1.5061467438936234 14.639537355303764 3.4751756898420396
      vertex 1.5061467438936234 14.639537355303764 3.5491036260090283
    endloop
  endfacet
  facet normal 0 0 1
    outer loop
      vertex -1.0395373553037643 15.106146743893623 3.5491036260090283
      vertex 1.0906684175133705 14.956072254478931 3.5491036260090283
      vertex 1.1611329093575478 15.106146743893623 3.5491036260090283
    endloop
  endfacet
  facet normal 0 0 1
    outer loop
      vertex 1.0906684175133705 14.956072254478931 3.5491036260090283
      vertex 1.3560722544789314 14.59077519774437 3.5491036260090283
      vertex 1.1679156944155693 15.105072452127933 3.5491036260090283
    endloop
  endfacet
  facet normal 0 0 1
    outer loop
      vertex 1.0906684175133705 14.956072254478931 3.5491036260090283
      vertex 1.1679156944155693 15.105072452127933 3.5491036260090283
      vertex 1.1611329093575478 15.106146743893623 3.5491036260090283
    endloop
  endfacet
  facet normal 0 1 0
    outer loop
      vertex -1.0395373553037643 15.106146743893623 3.4751756898420396
      vertex 1.1611329093575478 15.106146743893623 3.5491036260090283
      vertex 1.1611329093575478 15.106146743893623 3.4751756898420396
    endloop
  endfacet
  facet normal 0.15643505462346155 0.9876882472141474 0
    outer loop
      vertex 1.1611329093575478 15.106146743893623 3.5491036260090283
      vertex 1.1679156944155693 15.105072452127933 3.5491036260090283
      vertex 1.1611329093575478 15.106146743893623 3.4751756898420396
    endloop
  endfacet
  facet normal 0.15643505462346155 0.9876882472141474 0
    outer loop
      vertex 1.1679156944155693 15.105072452127933 3.5491036260090283
      vertex 1.1679156944155693 15.105072452127933 3.4751756898420396
      vertex 1.1611329093575478 15.106146743893623 3.4751756898420396
    endloop
  endfacet
  facet normal 0 0 1
    outer loop
      vertex 1.3560722544789314 14.59077519774437 3.5491036260090283
      vertex 1.5061467438936234 14.639537355303764 3.5491036260090283
      vertex 1.1679156944155693 15.105072452127933 3.5491036260090283
    endloop
  endfacet
  facet normal 0.8090169916014384 0.5877852561098811 0
    outer loop
      vertex 1.5061467438936234 14.639537355303764 3.5491036260090283
      vertex 1.5061467438936234 14.639537355303764 3.4751756898420396
      vertex 1.1679156944155693 15.105072452127933 3.4751756898420396
    endloop
  endfacet
  facet normal 0.8090169916014384 0.5877852561098811 0
    outer loop
      vertex 1.5061467438936234 14.639537355303764 3.5491036260090283
      vertex 1.1679156944155693 15.105072452127933 3.4751756898420396
      vertex 1.1679156944155693 15.105072452127933 3.5491036260090283
    endloop
  endfacet
  facet normal -0.8090170050193756 -0.5877852376416745 0
    outer loop
      vertex -1.3560722544789314 13.60922480225563 3.5946282243225838
      vertex -1.3560722544789314 13.60922480225563 3.5491036260090283
      vertex -1.0906684175133705 13.243927745521068 3.5946282243225838
    endloop
  endfacet
  facet normal -1 0 0
    outer loop
      vertex -1.3560722544789314 13.60922480225563 3.5946282243225838
      vertex -1.3560722544789314 14.69066841006279 3.5491036260090283
      vertex -1.3560722544789314 13.60922480225563 3.5491036260090283
    endloop
  endfacet
  facet normal 0 0 1
    outer loop
      vertex -1.3560722544789314 13.60922480225563 3.5946282243225838
      vertex -1.2000000029802322 13.659935756027698 3.5946282243225838
      vertex -1.3560722544789314 14.69066841006279 3.5946282243225838
    endloop
  endfacet
  facet normal -0.8090170050193756 -0.5877852376416745 0
    outer loop
      vertex -1.3560722544789314 13.60922480225563 3.5491036260090283
      vertex -1.0906684175133705 13.243927745521068 3.5491036260090283
      vertex -1.0906684175133705 13.243927745521068 3.5946282243225838
    endloop
  endfacet
  facet normal 0 0 1
    outer loop
      vertex -1.3560722544789314 13.60922480225563 3.5946282243225838
      vertex -1.0906684175133705 13.243927745521068 3.5946282243225838
      vertex -1.0111456215381622 13.399999997019767 3.5946282243225838
    endloop
  endfacet
  facet normal 0 -1 0
    outer loop
      vertex -1.0906684175133705 13.243927745521068 3.5946282243225838
      vertex -1.0906684175133705 13.243927745521068 3.5491036260090283
      vertex 0.9907752051949501 13.243927745521068 3.5946282243225838
    endloop
  endfacet
  facet normal 0 0 1
    outer loop
      vertex -1.0906684175133705 13.243927745521068 3.5946282243225838
      vertex 0.9400642439723015 13.399999997019767 3.5946282243225838
      vertex -1.0111456215381622 13.399999997019767 3.5946282243225838
    endloop
  endfacet
  facet normal 0 0 1
    outer loop
      vertex -1.3560722544789314 13.60922480225563 3.5946282243225838
      vertex -1.0111456215381622 13.399999997019767 3.5946282243225838
      vertex -1.2000000029802322 13.659935756027698 3.5946282243225838
    endloop
  endfacet
  facet normal -1 0 0
    outer loop
      vertex -1.3560722544789314 13.60922480225563 3.5946282243225838
      vertex -1.3560722544789314 14.69066841006279 3.5946282243225838
      vertex -1.3560722544789314 14.69066841006279 3.5491036260090283
    endloop
  endfacet
  facet normal 0 0 1
    outer loop
      vertex -1.2000000029802322 13.659935756027698 3.5946282243225838
      vertex -1.2000000029802322 14.611145621538162 3.5946282243225838
      vertex -1.3560722544789314 14.69066841006279 3.5946282243225838
    endloop
  endfacet
  facet normal -0.5877852562880388 0.809016991471999 0
    outer loop
      vertex -1.3560722544789314 14.69066841006279 3.5946282243225838
      vertex -0.9907752051949501 14.956072254478931 3.5491036260090283
      vertex -1.3560722544789314 14.69066841006279 3.5491036260090283
    endloop
  endfacet
  facet normal 0 0 1
    outer loop
      vertex -1.3560722544789314 14.69066841006279 3.5946282243225838
      vertex -1.2000000029802322 14.611145621538162 3.5946282243225838
      vertex -0.9907752051949501 14.956072254478931 3.5946282243225838
    endloop
  endfacet
  facet normal -0.5877852562880388 0.809016991471999 0
    outer loop
      vertex -1.3560722544789314 14.69066841006279 3.5946282243225838
      vertex -0.9907752051949501 14.956072254478931 3.5946282243225838
      vertex -0.9907752051949501 14.956072254478931 3.5491036260090283
    endloop
  endfacet
  facet normal 0 0 1
    outer loop
      vertex -1.2000000029802322 14.611145621538162 3.5946282243225838
      vertex -0.9400642439723015 14.800000002980232 3.5946282243225838
      vertex -0.9907752051949501 14.956072254478931 3.5946282243225838
    endloop
  endfacet
  facet normal 0 0 1
    outer loop
      vertex -0.9907752051949501 14.956072254478931 3.5946282243225838
      vertex -0.9400642439723015 14.800000002980232 3.5946282243225838
      vertex 1.0906684175133705 14.956072254478931 3.5946282243225838
    endloop
  endfacet
  facet normal 0 1 0
    outer loop
      vertex -0.9907752051949501 14.956072254478931 3.5946282243225838
      vertex 1.0906684175133705 14.956072254478931 3.5491036260090283
      vertex -0.9907752051949501 14.956072254478931 3.5491036260090283
    endloop
  endfacet
  facet normal 0 -1 0
    outer loop
      vertex -1.0906684175133705 13.243927745521068 3.5491036260090283
      vertex 0.9907752051949501 13.243927745521068 3.5491036260090283
      vertex 0.9907752051949501 13.243927745521068 3.5946282243225838
    endloop
  endfacet
  facet normal 0 0 1
    outer loop
      vertex -1.0906684175133705 13.243927745521068 3.5946282243225838
      vertex 0.9907752051949501 13.243927745521068 3.5946282243225838
      vertex 0.9400642439723015 13.399999997019767 3.5946282243225838
    endloop
  endfacet
  facet normal 0 0 1
    outer loop
      vertex 0.9400642439723015 13.399999997019767 3.5946282243225838
      vertex 0.9907752051949501 13.243927745521068 3.5946282243225838
      vertex 1.2000000029802322 13.588854378461837 3.5946282243225838
    endloop
  endfacet
  facet normal 0.5877852562880388 -0.809016991471999 0
    outer loop
      vertex 0.9907752051949501 13.243927745521068 3.5946282243225838
      vertex 0.9907752051949501 13.243927745521068 3.5491036260090283
      vertex 1.3560722544789314 13.50933158993721 3.5946282243225838
    endloop
  endfacet
  facet normal 0.5877852562880388 -0.809016991471999 0
    outer loop
      vertex 0.9907752051949501 13.243927745521068 3.5491036260090283
      vertex 1.3560722544789314 13.50933158993721 3.5491036260090283
      vertex 1.3560722544789314 13.50933158993721 3.5946282243225838
    endloop
  endfacet
  facet normal 0 0 1
    outer loop
      vertex 0.9907752051949501 13.243927745521068 3.5946282243225838
      vertex 1.3560722544789314 13.50933158993721 3.5946282243225838
      vertex 1.2000000029802322 13.588854378461837 3.5946282243225838
    endloop
  endfacet
  facet normal 0 0 1
    outer loop
      vertex 1.2000000029802322 13.588854378461837 3.5946282243225838
      vertex 1.3560722544789314 13.50933158993721 3.5946282243225838
      vertex 1.2000000029802322 14.540064243972301 3.5946282243225838
    endloop
  endfacet
  facet normal 1 0 0
    outer loop
      vertex 1.3560722544789314 13.50933158993721 3.5946282243225838
      vertex 1.3560722544789314 13.50933158993721 3.5491036260090283
      vertex 1.3560722544789314 14.59077519774437 3.5946282243225838
    endloop
  endfacet
  facet normal 0 0 1
    outer loop
      vertex 1.3560722544789314 13.50933158993721 3.5946282243225838
      vertex 1.3560722544789314 14.59077519774437 3.5946282243225838
      vertex 1.2000000029802322 14.540064243972301 3.5946282243225838
    endloop
  endfacet
  facet normal 1 0 0
    outer loop
      vertex 1.3560722544789314 13.50933158993721 3.5491036260090283
      vertex 1.3560722544789314 14.59077519774437 3.5491036260090283
      vertex 1.3560722544789314 14.59077519774437 3.5946282243225838
    endloop
  endfacet
  facet normal 0 0 1
    outer loop
      vertex -0.9400642439723015 14.800000002980232 3.5946282243225838
      vertex 1.0111456215381622 14.800000002980232 3.5946282243225838
      vertex 1.0906684175133705 14.956072254478931 3.5946282243225838
    endloop
  endfacet
  facet normal 0 1 0
    outer loop
      vertex -0.9907752051949501 14.956072254478931 3.5946282243225838
      vertex 1.0906684175133705 14.956072254478931 3.5946282243225838
      vertex 1.0906684175133705 14.956072254478931 3.5491036260090283
    endloop
  endfacet
  facet normal 0 0 1
    outer loop
      vertex 1.0111456215381622 14.800000002980232 3.5946282243225838
      vertex 1.2000000029802322 14.540064243972301 3.5946282243225838
      vertex 1.3560722544789314 14.59077519774437 3.5946282243225838
    endloop
  endfacet
  facet normal 0 0 1
    outer loop
      vertex 1.0111456215381622 14.800000002980232 3.5946282243225838
      vertex 1.3560722544789314 14.59077519774437 3.5946282243225838
      vertex 1.0906684175133705 14.956072254478931 3.5946282243225838
    endloop
  endfacet
  facet normal 0.8090170050193756 0.5877852376416745 0
    outer loop
      vertex 1.0906684175133705 14.956072254478931 3.5946282243225838
      vertex 1.3560722544789314 14.59077519774437 3.5491036260090283
      vertex 1.0906684175133705 14.956072254478931 3.5491036260090283
    endloop
  endfacet
  facet normal 0.8090170050193756 0.5877852376416745 0
    outer loop
      vertex 1.0906684175133705 14.956072254478931 3.5946282243225838
      vertex 1.3560722544789314 14.59077519774437 3.5946282243225838
      vertex 1.3560722544789314 14.59077519774437 3.5491036260090283
    endloop
  endfacet
  facet normal -0.809016997374276 -0.5877852481642516 0
    outer loop
      vertex -1.2000000029802322 13.659935756027698 3.6099999999999994
      vertex -1.0111456215381622 13.399999997019767 3.5946282243225838
      vertex -1.0111456215381622 13.399999997019767 3.6099999999999994
    endloop
  endfacet
  facet normal 0 -1 0
    outer loop
      vertex -1.0111456215381622 13.399999997019767 3.6099999999999994
      vertex -1.0111456215381622 13.399999997019767 3.5946282243225838
      vertex 0.9400642439723015 13.399999997019767 3.5946282243225838
    endloop
  endfacet
  facet normal -0.809016997374276 -0.5877852481642516 0
    outer loop
      vertex -1.2000000029802322 13.659935756027698 3.6099999999999994
      vertex -1.2000000029802322 13.659935756027698 3.5946282243225838
      vertex -1.0111456215381622 13.399999997019767 3.5946282243225838
    endloop
  endfacet
  facet normal -1 0 0
    outer loop
      vertex -1.2000000029802322 13.659935756027698 3.6099999999999994
      vertex -1.2000000029802322 14.611145621538162 3.6099999999999994
      vertex -1.2000000029802322 13.659935756027698 3.5946282243225838
    endloop
  endfacet
  facet normal -1 0 0
    outer loop
      vertex -1.2000000029802322 13.659935756027698 3.5946282243225838
      vertex -1.2000000029802322 14.611145621538162 3.6099999999999994
      vertex -1.2000000029802322 14.611145621538162 3.5946282243225838
    endloop
  endfacet
  facet normal 0 0 1
    outer loop
      vertex -1.2000000029802322 13.659935756027698 3.6099999999999994
      vertex -1.0111456215381622 13.399999997019767 3.6099999999999994
      vertex 1.2000000029802322 13.588854378461837 3.6099999999999994
    endloop
  endfacet
  facet normal 0 0 1
    outer loop
      vertex -1.2000000029802322 13.659935756027698 3.6099999999999994
      vertex 1.2000000029802322 14.540064243972301 3.6099999999999994
      vertex -1.2000000029802322 14.611145621538162 3.6099999999999994
    endloop
  endfacet
  facet normal -0.5877852481642516 0.809016997374276 0
    outer loop
      vertex -1.2000000029802322 14.611145621538162 3.6099999999999994
      vertex -0.9400642439723015 14.800000002980232 3.6099999999999994
      vertex -1.2000000029802322 14.611145621538162 3.5946282243225838
    endloop
  endfacet
  facet normal -0.5877852481642516 0.809016997374276 0
    outer loop
      vertex -1.2000000029802322 14.611145621538162 3.5946282243225838
      vertex -0.9400642439723015 14.800000002980232 3.6099999999999994
      vertex -0.9400642439723015 14.800000002980232 3.5946282243225838
    endloop
  endfacet
  facet normal 0 0 1
    outer loop
      vertex -1.2000000029802322 14.611145621538162 3.6099999999999994
      vertex 1.0111456215381622 14.800000002980232 3.6099999999999994
      vertex -0.9400642439723015 14.800000002980232 3.6099999999999994
    endloop
  endfacet
  facet normal 0 1 0
    outer loop
      vertex -0.9400642439723015 14.800000002980232 3.6099999999999994
      vertex 1.0111456215381622 14.800000002980232 3.6099999999999994
      vertex -0.9400642439723015 14.800000002980232 3.5946282243225838
    endloop
  endfacet
  facet normal 0 -1 0
    outer loop
      vertex -1.0111456215381622 13.399999997019767 3.6099999999999994
      vertex 0.9400642439723015 13.399999997019767 3.5946282243225838
      vertex 0.9400642439723015 13.399999997019767 3.6099999999999994
    endloop
  endfacet
  facet normal 0 0 1
    outer loop
      vertex -1.0111456215381622 13.399999997019767 3.6099999999999994
      vertex 0.9400642439723015 13.399999997019767 3.6099999999999994
      vertex 1.2000000029802322 13.588854378461837 3.6099999999999994
    endloop
  endfacet
  facet normal 0.5877852481642516 -0.809016997374276 0
    outer loop
      vertex 0.9400642439723015 13.399999997019767 3.6099999999999994
      vertex 0.9400642439723015 13.399999997019767 3.5946282243225838
      vertex 1.2000000029802322 13.588854378461837 3.5946282243225838
    endloop
  endfacet
  facet normal 0 0 1
    outer loop
      vertex -1.2000000029802322 13.659935756027698 3.6099999999999994
      vertex 1.2000000029802322 13.588854378461837 3.6099999999999994
      vertex 1.2000000029802322 14.540064243972301 3.6099999999999994
    endloop
  endfacet
  facet normal 0.5877852481642516 -0.809016997374276 0
    outer loop
      vertex 0.9400642439723015 13.399999997019767 3.6099999999999994
      vertex 1.2000000029802322 13.588854378461837 3.5946282243225838
      vertex 1.2000000029802322 13.588854378461837 3.6099999999999994
    endloop
  endfacet
  facet normal 1 0 0
    outer loop
      vertex 1.2000000029802322 13.588854378461837 3.6099999999999994
      vertex 1.2000000029802322 13.588854378461837 3.5946282243225838
      vertex 1.2000000029802322 14.540064243972301 3.5946282243225838
    endloop
  endfacet
  facet normal 1 0 0
    outer loop
      vertex 1.2000000029802322 13.588854378461837 3.6099999999999994
      vertex 1.2000000029802322 14.540064243972301 3.5946282243225838
      vertex 1.2000000029802322 14.540064243972301 3.6099999999999994
    endloop
  endfacet
  facet normal 0 0 1
    outer loop
      vertex -1.2000000029802322 14.611145621538162 3.6099999999999994
      vertex 1.2000000029802322 14.540064243972301 3.6099999999999994
      vertex 1.0111456215381622 14.800000002980232 3.6099999999999994
    endloop
  endfacet
  facet normal 0 1 0
    outer loop
      vertex -0.9400642439723015 14.800000002980232 3.5946282243225838
      vertex 1.0111456215381622 14.800000002980232 3.6099999999999994
      vertex 1.0111456215381622 14.800000002980232 3.5946282243225838
    endloop
  endfacet
  facet normal 0.809016997374276 0.5877852481642516 0
    outer loop
      vertex 1.0111456215381622 14.800000002980232 3.5946282243225838
      vertex 1.2000000029802322 14.540064243972301 3.6099999999999994
      vertex 1.2000000029802322 14.540064243972301 3.5946282243225838
    endloop
  endfacet
  facet normal 0.809016997374276 0.5877852481642516 0
    outer loop
      vertex 1.0111456215381622 14.800000002980232 3.6099999999999994
      vertex 1.2000000029802322 14.540064243972301 3.6099999999999994
      vertex 1.0111456215381622 14.800000002980232 3.5946282243225838
    endloop
  endfacet
  facet normal 0 0 1
    outer loop
      vertex -1.4472135975956917 12.639154782891273 2.8100000000000023
      vertex -1.2000000029802322 12.6 2.8100000000000023
      vertex -1.438520111143589 12.653341262042522 2.8100000000000023
    endloop
  endfacet
  facet normal 0 0 1
    outer loop
      vertex -1.438520111143589 12.653341262042522 2.8100000000000023
      vertex -1.2000000029802322 12.6 2.8100000000000023
      vertex -1.1987902224063873 12.615371777117252 2.8100000000000023
    endloop
  endfacet
  facet normal -0.15643444971321582 -0.9876883430226983 0
    outer loop
      vertex -1.4472135975956917 12.639154782891273 2.8100000000000023
      vertex -1.2000000029802322 12.6 0
      vertex -1.2000000029802322 12.6 2.8100000000000023
    endloop
  endfacet
  facet normal 0 0 1
    outer loop
      vertex -1.2000000029802322 12.6 2.8100000000000023
      vertex 1.1950054168701172 12.615371777117252 2.8100000000000023
      vertex -1.1987902224063873 12.615371777117252 2.8100000000000023
    endloop
  endfacet
  facet normal 0 0 1
    outer loop
      vertex -2 13.399999997019767 2.8100000000000023
      vertex -1.4472135975956917 12.639154782891273 2.8100000000000023
      vertex -1.438520111143589 12.653341262042522 2.8100000000000023
    endloop
  endfacet
  facet normal 0 0 1
    outer loop
      vertex -2 13.399999997019767 2.8100000000000023
      vertex -1.438520111143589 12.653341262042522 2.8100000000000023
      vertex -1.9846282228827477 13.404994590580463 2.8100000000000023
    endloop
  endfacet
  facet normal 0 0 1
    outer loop
      vertex -2 13.399999997019767 2.8100000000000023
      vertex -1.9846282228827477 13.404994590580463 2.8100000000000023
      vertex -1.9846282228827477 14.798790214955806 2.8100000000000023
    endloop
  endfacet
  facet normal -0.8090169958359249 -0.5877852502816101 0
    outer loop
      vertex -2 13.399999997019767 2.8100000000000023
      vertex -1.4472135975956917 12.639154782891273 0
      vertex -1.4472135975956917 12.639154782891273 2.8100000000000023
    endloop
  endfacet
  facet normal -1 0 0
    outer loop
      vertex -2 13.399999997019767 2.8100000000000023
      vertex -2 14.800000002980232 2.8100000000000023
      vertex -2 13.399999997019767 0
    endloop
  endfacet
  facet normal -0.15643444971321582 -0.9876883430226983 0
    outer loop
      vertex -1.4472135975956917 12.639154782891273 2.8100000000000023
      vertex -1.4472135975956917 12.639154782891273 0
      vertex -1.2000000029802322 12.6 0
    endloop
  endfacet
  facet normal 0 -1 0
    outer loop
      vertex -1.2000000029802322 12.6 2.8100000000000023
      vertex -1.2000000029802322 12.6 0
      vertex 1.2000000029802322 12.6 0
    endloop
  endfacet
  facet normal -0.8090169958359249 -0.5877852502816101 0
    outer loop
      vertex -2 13.399999997019767 2.8100000000000023
      vertex -2 13.399999997019767 0
      vertex -1.4472135975956917 12.639154782891273 0
    endloop
  endfacet
  facet normal 0 0 1
    outer loop
      vertex -2 13.399999997019767 2.8100000000000023
      vertex -1.9846282228827477 14.798790214955806 2.8100000000000023
      vertex -2 14.800000002980232 2.8100000000000023
    endloop
  endfacet
  facet normal 0 0 1
    outer loop
      vertex -2 14.800000002980232 2.8100000000000023
      vertex -1.9846282228827477 14.798790214955806 2.8100000000000023
      vertex -1.9466587379574776 15.038520111143589 2.8100000000000023
    endloop
  endfacet
  facet normal 0 0 1
    outer loop
      vertex -2 14.800000002980232 2.8100000000000023
      vertex -1.9466587379574776 15.038520111143589 2.8100000000000023
      vertex -1.9608452171087265 15.047213597595691 2.8100000000000023
    endloop
  endfacet
  facet normal 0 0 1
    outer loop
      vertex -1.9608452171087265 15.047213597595691 2.8100000000000023
      vertex -1.9466587379574776 15.038520111143589 2.8100000000000023
      vertex -1.1950054168701172 15.584628222882747 2.8100000000000023
    endloop
  endfacet
  facet normal 0 0 1
    outer loop
      vertex -1.9608452171087265 15.047213597595691 2.8100000000000023
      vertex -1.1950054168701172 15.584628222882747 2.8100000000000023
      vertex -1.2000000029802322 15.6 2.8100000000000023
    endloop
  endfacet
  facet normal -0.9876883430226983 0.15643444971321582 0
    outer loop
      vertex -2 14.800000002980232 2.8100000000000023
      vertex -1.9608452171087265 15.047213597595691 2.8100000000000023
      vertex -2 14.800000002980232 0
    endloop
  endfacet
  facet normal -0.5877852502816101 0.8090169958359249 0
    outer loop
      vertex -1.9608452171087265 15.047213597595691 2.8100000000000023
      vertex -1.2000000029802322 15.6 2.8100000000000023
      vertex -1.9608452171087265 15.047213597595691 0
    endloop
  endfacet
  facet normal 0 0 1
    outer loop
      vertex -1.1950054168701172 15.584628222882747 2.8100000000000023
      vertex 1.2000000029802322 15.6 2.8100000000000023
      vertex -1.2000000029802322 15.6 2.8100000000000023
    endloop
  endfacet
  facet normal 0 1 0
    outer loop
      vertex -1.2000000029802322 15.6 2.8100000000000023
      vertex 1.2000000029802322 15.6 2.8100000000000023
      vertex -1.2000000029802322 15.6 0
    endloop
  endfacet
  facet normal -1 0 0
    outer loop
      vertex -2 14.800000002980232 2.8100000000000023
      vertex -2 14.800000002980232 0
      vertex -2 13.399999997019767 0
    endloop
  endfacet
  facet normal -0.9876883430226983 0.15643444971321582 0
    outer loop
      vertex -1.9608452171087265 15.047213597595691 2.8100000000000023
      vertex -1.9608452171087265 15.047213597595691 0
      vertex -2 14.800000002980232 0
    endloop
  endfacet
  facet normal -0.5877852502816101 0.8090169958359249 0
    outer loop
      vertex -1.2000000029802322 15.6 2.8100000000000023
      vertex -1.2000000029802322 15.6 0
      vertex -1.9608452171087265 15.047213597595691 0
    endloop
  endfacet
  facet normal 0 0 1
    outer loop
      vertex -1.2000000029802322 12.6 2.8100000000000023
      vertex 1.2000000029802322 12.6 2.8100000000000023
      vertex 1.1950054168701172 12.615371777117252 2.8100000000000023
    endloop
  endfacet
  facet normal 0 -1 0
    outer loop
      vertex -1.2000000029802322 12.6 2.8100000000000023
      vertex 1.2000000029802322 12.6 0
      vertex 1.2000000029802322 12.6 2.8100000000000023
    endloop
  endfacet
  facet normal 0 0 1
    outer loop
      vertex 1.2000000029802322 12.6 2.8100000000000023
      vertex 1.9608452171087265 13.152786402404308 2.8100000000000023
      vertex 1.1950054168701172 12.615371777117252 2.8100000000000023
    endloop
  endfacet
  facet normal 0 0 1
    outer loop
      vertex 1.1950054168701172 12.615371777117252 2.8100000000000023
      vertex 1.9608452171087265 13.152786402404308 2.8100000000000023
      vertex 1.9466587379574776 13.16147988885641 2.8100000000000023
    endloop
  endfacet
  facet normal 0 0 1
    outer loop
      vertex 1.9466587379574776 13.16147988885641 2.8100000000000023
      vertex 1.9608452171087265 13.152786402404308 2.8100000000000023
      vertex 2 13.399999997019767 2.8100000000000023
    endloop
  endfacet
  facet normal 0 0 1
    outer loop
      vertex 1.9466587379574776 13.16147988885641 2.8100000000000023
      vertex 2 13.399999997019767 2.8100000000000023
      vertex 1.9846282228827477 13.401209785044193 2.8100000000000023
    endloop
  endfacet
  facet normal 0 0 1
    outer loop
      vertex 1.9846282228827477 13.401209785044193 2.8100000000000023
      vertex 2 13.399999997019767 2.8100000000000023
      vertex 2 14.800000002980232 2.8100000000000023
    endloop
  endfacet
  facet normal 0.5877852502816101 -0.8090169958359249 0
    outer loop
      vertex 1.2000000029802322 12.6 2.8100000000000023
      vertex 1.9608452171087265 13.152786402404308 0
      vertex 1.9608452171087265 13.152786402404308 2.8100000000000023
    endloop
  endfacet
  facet normal 0.9876883430226983 -0.15643444971321582 0
    outer loop
      vertex 1.9608452171087265 13.152786402404308 2.8100000000000023
      vertex 2 13.399999997019767 0
      vertex 2 13.399999997019767 2.8100000000000023
    endloop
  endfacet
  facet normal 0.5877852502816101 -0.8090169958359249 0
    outer loop
      vertex 1.2000000029802322 12.6 2.8100000000000023
      vertex 1.2000000029802322 12.6 0
      vertex 1.9608452171087265 13.152786402404308 0
    endloop
  endfacet
  facet normal 0.9876883430226983 -0.15643444971321582 0
    outer loop
      vertex 1.9608452171087265 13.152786402404308 2.8100000000000023
      vertex 1.9608452171087265 13.152786402404308 0
      vertex 2 13.399999997019767 0
    endloop
  endfacet
  facet normal 1 0 0
    outer loop
      vertex 2 13.399999997019767 2.8100000000000023
      vertex 2 13.399999997019767 0
      vertex 2 14.800000002980232 0
    endloop
  endfacet
  facet normal 0 0 1
    outer loop
      vertex -1.1950054168701172 15.584628222882747 2.8100000000000023
      vertex 1.1987902224063873 15.584628222882747 2.8100000000000023
      vertex 1.2000000029802322 15.6 2.8100000000000023
    endloop
  endfacet
  facet normal 0 0 1
    outer loop
      vertex 1.9846282228827477 14.795005409419536 2.8100000000000023
      vertex 2 14.800000002980232 2.8100000000000023
      vertex 1.438520111143589 15.546658737957477 2.8100000000000023
    endloop
  endfacet
  facet normal 0 0 1
    outer loop
      vertex 1.9846282228827477 13.401209785044193 2.8100000000000023
      vertex 2 14.800000002980232 2.8100000000000023
      vertex 1.9846282228827477 14.795005409419536 2.8100000000000023
    endloop
  endfacet
  facet normal 0 0 1
    outer loop
      vertex 2 14.800000002980232 2.8100000000000023
      vertex 1.4472135975956917 15.560845217108726 2.8100000000000023
      vertex 1.438520111143589 15.546658737957477 2.8100000000000023
    endloop
  endfacet
  facet normal 0 0 1
    outer loop
      vertex 1.1987902224063873 15.584628222882747 2.8100000000000023
      vertex 1.438520111143589 15.546658737957477 2.8100000000000023
      vertex 1.2000000029802322 15.6 2.8100000000000023
    endloop
  endfacet
  facet normal 0 0 1
    outer loop
      vertex 1.438520111143589 15.546658737957477 2.8100000000000023
      vertex 1.4472135975956917 15.560845217108726 2.8100000000000023
      vertex 1.2000000029802322 15.6 2.8100000000000023
    endloop
  endfacet
  facet normal 1 0 0
    outer loop
      vertex 2 13.399999997019767 2.8100000000000023
      vertex 2 14.800000002980232 0
      vertex 2 14.800000002980232 2.8100000000000023
    endloop
  endfacet
  facet normal 0.8090169958359249 0.5877852502816101 0
    outer loop
      vertex 2 14.800000002980232 2.8100000000000023
      vertex 1.4472135975956917 15.560845217108726 0
      vertex 1.4472135975956917 15.560845217108726 2.8100000000000023
    endloop
  endfacet
  facet normal 0.15643444971321582 0.9876883430226983 0
    outer loop
      vertex 1.4472135975956917 15.560845217108726 2.8100000000000023
      vertex 1.2000000029802322 15.6 0
      vertex 1.2000000029802322 15.6 2.8100000000000023
    endloop
  endfacet
  facet normal 0 1 0
    outer loop
      vertex 1.2000000029802322 15.6 2.8100000000000023
      vertex 1.2000000029802322 15.6 0
      vertex -1.2000000029802322 15.6 0
    endloop
  endfacet
  facet normal 0.8090169958359249 0.5877852502816101 0
    outer loop
      vertex 2 14.800000002980232 2.8100000000000023
      vertex 2 14.800000002980232 0
      vertex 1.4472135975956917 15.560845217108726 0
    endloop
  endfacet
  facet normal 0.15643444971321582 0.9876883430226983 0
    outer loop
      vertex 1.4472135975956917 15.560845217108726 2.8100000000000023
      vertex 1.4472135975956917 15.560845217108726 0
      vertex 1.2000000029802322 15.6 0
    endloop
  endfacet
  facet normal -1 0 0
    outer loop
      vertex -2.200000000000003 14.3 -3.3999999999999986
      vertex -2.200000000000003 14.3 -1.2000000000000028
      vertex -2.200000000000003 15.8 -1.2000000000000028
    endloop
  endfacet
  facet normal 0 -1 0
    outer loop
      vertex -1 14.3 -3.3999999999999986
      vertex -1 14.3 -1.2000000000000028
      vertex -2.200000000000003 14.3 -1.2000000000000028
    endloop
  endfacet
  facet normal 0 1 0
    outer loop
      vertex -2.200000000000003 15.8 -3.3999999999999986
      vertex -2.200000000000003 15.8 -1.2000000000000028
      vertex -1 15.8 -1.2000000000000028
    endloop
  endfacet
  facet normal 0 -1 0
    outer loop
      vertex -2.200000000000003 14.3 -3.3999999999999986
      vertex -1 14.3 -3.3999999999999986
      vertex -2.200000000000003 14.3 -1.2000000000000028
    endloop
  endfacet
  facet normal 0 0 -1
    outer loop
      vertex -2.200000000000003 14.3 -3.3999999999999986
      vertex -2.200000000000003 15.8 -3.3999999999999986
      vertex -1 14.3 -3.3999999999999986
    endloop
  endfacet
  facet normal -1 0 0
    outer loop
      vertex -2.200000000000003 14.3 -3.3999999999999986
      vertex -2.200000000000003 15.8 -1.2000000000000028
      vertex -2.200000000000003 15.8 -3.3999999999999986
    endloop
  endfacet
  facet normal 0 1 0
    outer loop
      vertex -2.200000000000003 15.8 -3.3999999999999986
      vertex -1 15.8 -1.2000000000000028
      vertex -1 15.8 -3.3999999999999986
    endloop
  endfacet
  facet normal 0 0 -1
    outer loop
      vertex -1 14.3 -3.3999999999999986
      vertex -2.200000000000003 15.8 -3.3999999999999986
      vertex -1 15.8 -3.3999999999999986
    endloop
  endfacet
  facet normal 1 0 0
    outer loop
      vertex -1 15.8 -3.3999999999999986
      vertex -1 15.8 -1.2000000000000028
      vertex -1 14.3 -1.2000000000000028
    endloop
  endfacet
  facet normal 1 0 0
    outer loop
      vertex -1 14.3 -3.3999999999999986
      vertex -1 15.8 -3.3999999999999986
      vertex -1 14.3 -1.2000000000000028
    endloop
  endfacet
  facet normal -1 0 0
    outer loop
      vertex 1 14.3 -3.3999999999999986
      vertex 1 14.3 -1.2000000000000028
      vertex 1 15.8 -1.2000000000000028
    endloop
  endfacet
  facet normal -1 0 0
    outer loop
      vertex 1 14.3 -3.3999999999999986
      vertex 1 15.8 -1.2000000000000028
      vertex 1 15.8 -3.3999999999999986
    endloop
  endfacet
  facet normal 0 -1 0
    outer loop
      vertex 2.200000000000003 14.3 -3.3999999999999986
      vertex 2.200000000000003 14.3 -1.2000000000000028
      vertex 1 14.3 -1.2000000000000028
    endloop
  endfacet
  facet normal 0 1 0
    outer loop
      vertex 1 15.8 -3.3999999999999986
      vertex 1 15.8 -1.2000000000000028
      vertex 2.200000000000003 15.8 -1.2000000000000028
    endloop
  endfacet
  facet normal 1 0 0
    outer loop
      vertex 2.200000000000003 15.8 -3.3999999999999986
      vertex 2.200000000000003 15.8 -1.2000000000000028
      vertex 2.200000000000003 14.3 -1.2000000000000028
    endloop
  endfacet
  facet normal 0 -1 0
    outer loop
      vertex 1 14.3 -3.3999999999999986
      vertex 2.200000000000003 14.3 -3.3999999999999986
      vertex 1 14.3 -1.2000000000000028
    endloop
  endfacet
  facet normal 0 0 -1
    outer loop
      vertex 1 14.3 -3.3999999999999986
      vertex 1 15.8 -3.3999999999999986
      vertex 2.200000000000003 14.3 -3.3999999999999986
    endloop
  endfacet
  facet normal 1 0 0
    outer loop
      vertex 2.200000000000003 14.3 -3.3999999999999986
      vertex 2.200000000000003 15.8 -3.3999999999999986
      vertex 2.200000000000003 14.3 -1.2000000000000028
    endloop
  endfacet
  facet normal 0 1 0
    outer loop
      vertex 1 15.8 -3.3999999999999986
      vertex 2.200000000000003 15.8 -1.2000000000000028
      vertex 2.200000000000003 15.8 -3.3999999999999986
    endloop
  endfacet
  facet normal 0 0 -1
    outer loop
      vertex 2.200000000000003 14.3 -3.3999999999999986
      vertex 1 15.8 -3.3999999999999986
      vertex 2.200000000000003 15.8 -3.3999999999999986
    endloop
  endfacet
  facet normal 0 0 1
    outer loop
      vertex -5 11.2 0
      vertex -1.2000000029802322 12.6 0
      vertex -1.4472135975956917 12.639154782891273 0
    endloop
  endfacet
  facet normal 0 0 1
    outer loop
      vertex -5 11.2 0
      vertex -1.4472135975956917 12.639154782891273 0
      vertex -2 13.399999997019767 0
    endloop
  endfacet
  facet normal 0 0 1
    outer loop
      vertex -5 11.2 0
      vertex -2 13.399999997019767 0
      vertex -5 16 0
    endloop
  endfacet
  facet normal -1 0 0
    outer loop
      vertex -5 11.2 0
      vertex -5 16 -1.2000000000000028
      vertex -5 11.2 -1.2000000000000028
    endloop
  endfacet
  facet normal 0 0 -1
    outer loop
      vertex -5 11.2 -1.2000000000000028
      vertex -2.200000000000003 15.8 -1.2000000000000028
      vertex -2.200000000000003 14.3 -1.2000000000000028
    endloop
  endfacet
  facet normal 0 -1 0
    outer loop
      vertex -5 11.2 0
      vertex -5 11.2 -1.2000000000000028
      vertex 5 11.2 -1.2000000000000028
    endloop
  endfacet
  facet normal 0 0 1
    outer loop
      vertex -5 11.2 0
      vertex 5 11.2 0
      vertex -1.2000000029802322 12.6 0
    endloop
  endfacet
  facet normal 0 0 -1
    outer loop
      vertex -5 11.2 -1.2000000000000028
      vertex -2.200000000000003 14.3 -1.2000000000000028
      vertex 5 11.2 -1.2000000000000028
    endloop
  endfacet
  facet normal -1 0 0
    outer loop
      vertex -5 11.2 0
      vertex -5 16 0
      vertex -5 16 -1.2000000000000028
    endloop
  endfacet
  facet normal 0 0 -1
    outer loop
      vertex -5 11.2 -1.2000000000000028
      vertex -5 16 -1.2000000000000028
      vertex -2.200000000000003 15.8 -1.2000000000000028
    endloop
  endfacet
  facet normal 0 0 1
    outer loop
      vertex -5 16 0
      vertex -2 13.399999997019767 0
      vertex -2 14.800000002980232 0
    endloop
  endfacet
  facet normal 0 0 1
    outer loop
      vertex -5 16 0
      vertex -2 14.800000002980232 0
      vertex -1.9608452171087265 15.047213597595691 0
    endloop
  endfacet
  facet normal 0 0 1
    outer loop
      vertex -5 16 0
      vertex -1.9608452171087265 15.047213597595691 0
      vertex -2 15.99 0
    endloop
  endfacet
  facet normal 0 1 0
    outer loop
      vertex -5 16 0
      vertex -2 16 0
      vertex -5 16 -1.2000000000000028
    endloop
  endfacet
  facet normal 0 0 1
    outer loop
      vertex -5 16 0
      vertex -2 15.99 0
      vertex -2 16 0
    endloop
  endfacet
  facet normal 0 1 0
    outer loop
      vertex -5 16 -1.2000000000000028
      vertex -2 16 0
      vertex -2 16 -1.1999999999999957
    endloop
  endfacet
  facet normal 2.3684757858670005e-15 3.315866100213809e-14 -1
    outer loop
      vertex -5 16 -1.2000000000000028
      vertex -2 16 -1.1999999999999957
      vertex -2.200000000000003 15.8 -1.2000000000000028
    endloop
  endfacet
  facet normal 0 0 1
    outer loop
      vertex -1.9608452171087265 15.047213597595691 0
      vertex -1.2000000029802322 15.6 0
      vertex -2 15.99 0
    endloop
  endfacet
  facet normal 0 0 -1
    outer loop
      vertex -1 14.3 -1.2000000000000028
      vertex -1 15.8 -1.2000000000000028
      vertex 1 15.8 -1.2000000000000028
    endloop
  endfacet
  facet normal 0 0 1
    outer loop
      vertex -1.2000000029802322 15.6 0
      vertex 2 15.99 0
      vertex -2 15.99 0
    endloop
  endfacet
  facet normal 0 3.5527136788005136e-14 -1
    outer loop
      vertex -2.200000000000003 15.8 -1.2000000000000028
      vertex -2 16 -1.1999999999999957
      vertex 2 16 -1.1999999999999957
    endloop
  endfacet
  facet normal 0 -1 0
    outer loop
      vertex -5 11.2 0
      vertex 5 11.2 -1.2000000000000028
      vertex 5 11.2 0
    endloop
  endfacet
  facet normal 0 0 1
    outer loop
      vertex 5 11.2 0
      vertex 1.2000000029802322 12.6 0
      vertex -1.2000000029802322 12.6 0
    endloop
  endfacet
  facet normal 0 0 -1
    outer loop
      vertex 5 11.2 -1.2000000000000028
      vertex -2.200000000000003 14.3 -1.2000000000000028
      vertex -1 14.3 -1.2000000000000028
    endloop
  endfacet
  facet normal 0 0 -1
    outer loop
      vertex 5 11.2 -1.2000000000000028
      vertex -1 14.3 -1.2000000000000028
      vertex 1 14.3 -1.2000000000000028
    endloop
  endfacet
  facet normal 0 0 1
    outer loop
      vertex 5 11.2 0
      vertex 1.9608452171087265 13.152786402404308 0
      vertex 1.2000000029802322 12.6 0
    endloop
  endfacet
  facet normal 0 0 1
    outer loop
      vertex 5 11.2 0
      vertex 2 13.399999997019767 0
      vertex 1.9608452171087265 13.152786402404308 0
    endloop
  endfacet
  facet normal 0 0 -1
    outer loop
      vertex 5 11.2 -1.2000000000000028
      vertex 1 14.3 -1.2000000000000028
      vertex 2.200000000000003 14.3 -1.2000000000000028
    endloop
  endfacet
  facet normal 1 0 0
    outer loop
      vertex 5 11.2 0
      vertex 5 11.2 -1.2000000000000028
      vertex 5 16 0
    endloop
  endfacet
  facet normal 0 0 1
    outer loop
      vertex 5 11.2 0
      vertex 5 16 0
      vertex 2 13.399999997019767 0
    endloop
  endfacet
  facet normal 0 0 -1
    outer loop
      vertex 5 11.2 -1.2000000000000028
      vertex 2.200000000000003 14.3 -1.2000000000000028
      vertex 5 16 -1.2000000000000028
    endloop
  endfacet
  facet normal 0 0 1
    outer loop
      vertex -1.2000000029802322 15.6 0
      vertex 1.2000000029802322 15.6 0
      vertex 2 15.99 0
    endloop
  endfacet
  facet normal 0 0 -1
    outer loop
      vertex -1 14.3 -1.2000000000000028
      vertex 1 15.8 -1.2000000000000028
      vertex 1 14.3 -1.2000000000000028
    endloop
  endfacet
  facet normal 0 0 1
    outer loop
      vertex 1.4472135975956917 15.560845217108726 0
      vertex 2 14.800000002980232 0
      vertex 2 15.99 0
    endloop
  endfacet
  facet normal 0 0 1
    outer loop
      vertex 2 15.99 0
      vertex 1.2000000029802322 15.6 0
      vertex 1.4472135975956917 15.560845217108726 0
    endloop
  endfacet
  facet normal 0 0 -1
    outer loop
      vertex 5 16 -1.2000000000000028
      vertex -1 15.8 -1.2000000000000028
      vertex -2.200000000000003 15.8 -1.2000000000000028
    endloop
  endfacet
  facet normal -2.3684757858670005e-15 8.526512829121236e-14 -1
    outer loop
      vertex 2 16 -1.1999999999999957
      vertex 5 16 -1.2000000000000028
      vertex -2.200000000000003 15.8 -1.2000000000000028
    endloop
  endfacet
  facet normal 0 0 -1
    outer loop
      vertex 5 16 -1.2000000000000028
      vertex 1 15.8 -1.2000000000000028
      vertex -1 15.8 -1.2000000000000028
    endloop
  endfacet
  facet normal 0 0 1
    outer loop
      vertex 5 16 0
      vertex 2 14.800000002980232 0
      vertex 2 13.399999997019767 0
    endloop
  endfacet
  facet normal 0 0 1
    outer loop
      vertex 5 16 0
      vertex 2 15.99 0
      vertex 2 14.800000002980232 0
    endloop
  endfacet
  facet normal 0 0 -1
    outer loop
      vertex 5 16 -1.2000000000000028
      vertex 2.200000000000003 14.3 -1.2000000000000028
      vertex 2.200000000000003 15.8 -1.2000000000000028
    endloop
  endfacet
  facet normal 1 0 0
    outer loop
      vertex 5 16 0
      vertex 5 11.2 -1.2000000000000028
      vertex 5 16 -1.2000000000000028
    endloop
  endfacet
  facet normal 0 0 1
    outer loop
      vertex 5 16 0
      vertex 2 16 0
      vertex 2 15.99 0
    endloop
  endfacet
  facet normal 0 1 0
    outer loop
      vertex 5 16 0
      vertex 2 16 -1.1999999999999957
      vertex 2 16 0
    endloop
  endfacet
  facet normal 0 0 -1
    outer loop
      vertex 5 16 -1.2000000000000028
      vertex 2.200000000000003 15.8 -1.2000000000000028
      vertex 1 15.8 -1.2000000000000028
    endloop
  endfacet
  facet normal 0 1 0
    outer loop
      vertex 5 16 0
      vertex 5 16 -1.2000000000000028
      vertex 2 16 -1.1999999999999957
    endloop
  endfacet
  facet normal -1 0 0
    outer loop
      vertex -2 15.99 1.1000000000000014
      vertex -2 16 0
      vertex -2 15.99 0
    endloop
  endfacet
  facet normal -1 0 0
    outer loop
      vertex -2 15.99 1.1000000000000014
      vertex -2 17.4 1.1000000000000014
      vertex -2 17.4 -1.1999999999999957
    endloop
  endfacet
  facet normal 0 0 1
    outer loop
      vertex -2 15.99 1.1000000000000014
      vertex 2 17.4 1.1000000000000014
      vertex -2 17.4 1.1000000000000014
    endloop
  endfacet
  facet normal 0 -1 0
    outer loop
      vertex -2 15.99 1.1000000000000014
      vertex -2 15.99 0
      vertex 2 15.99 0
    endloop
  endfacet
  facet normal 0 1 0
    outer loop
      vertex -2 17.4 1.1000000000000014
      vertex 2 17.4 1.1000000000000014
      vertex -2 17.4 -1.1999999999999957
    endloop
  endfacet
  facet normal -1 0 0
    outer loop
      vertex -2 15.99 1.1000000000000014
      vertex -2 17.4 -1.1999999999999957
      vertex -2 16 0
    endloop
  endfacet
  facet normal -1 0 0
    outer loop
      vertex -2 17.4 -1.1999999999999957
      vertex -2 16 -1.1999999999999957
      vertex -2 16 0
    endloop
  endfacet
  facet normal 0 0 -1
    outer loop
      vertex -2 17.4 -1.1999999999999957
      vertex 2 17.4 -1.1999999999999957
      vertex -2 16 -1.1999999999999957
    endloop
  endfacet
  facet normal 0 0 1
    outer loop
      vertex -2 15.99 1.1000000000000014
      vertex 2 15.99 1.1000000000000014
      vertex 2 17.4 1.1000000000000014
    endloop
  endfacet
  facet normal 0 -1 0
    outer loop
      vertex -2 15.99 1.1000000000000014
      vertex 2 15.99 0
      vertex 2 15.99 1.1000000000000014
    endloop
  endfacet
  facet normal 1 0 0
    outer loop
      vertex 2 15.99 1.1000000000000014
      vertex 2 16 0
      vertex 2 17.4 1.1000000000000014
    endloop
  endfacet
  facet normal 1 0 0
    outer loop
      vertex 2 15.99 1.1000000000000014
      vertex 2 15.99 0
      vertex 2 16 0
    endloop
  endfacet
  facet normal 0 1 0
    outer loop
      vertex -2 17.4 -1.1999999999999957
      vertex 2 17.4 1.1000000000000014
      vertex 2 17.4 -1.1999999999999957
    endloop
  endfacet
  facet normal 0 0 -1
    outer loop
      vertex 2 17.4 -1.1999999999999957
      vertex 2 16 -1.1999999999999957
      vertex -2 16 -1.1999999999999957
    endloop
  endfacet
  facet normal 1 0 0
    outer loop
      vertex 2 17.4 1.1000000000000014
      vertex 2 16 0
      vertex 2 16 -1.1999999999999957
    endloop
  endfacet
  facet normal 1 0 0
    outer loop
      vertex 2 17.4 1.1000000000000014
      vertex 2 16 -1.1999999999999957
      vertex 2 17.4 -1.1999999999999957
    endloop
  endfacet
endsolid OpenSCAD_Model
