#VRML V2.0 utf8
# 3D model generated by easyeda2kicad.py (https://github.com/uPesy/easyeda2kicad.py)

Shape{
    appearance Appearance {
        material  Material 	{
            diffuseColor 0.8509803921568627 0.8509803921568627 0.8509803921568627
            specularColor 0.4235294117647059 0.4235294117647059 0.4235294117647059
            ambientIntensity 0.851
            transparency 0.0
            shininess 0.5
        }
    }
    geometry IndexedFaceSet {
        ccw TRUE
        solid FALSE
        coord DEF co Coordinate {
            point [
                -1.2992 1.9933 0.0748, -1.2159 2.1932 0.0748, -1.2992 1.9933 -0.0197, -1.2159 2.1932 -0.0197, -1.3825 2.1932 -0.0197, -1.3825 2.1932 0.0748, -1.1024 2.1705 0.0748, -1.1024 2.1705 -0.0197, -1.1042 2.1851 -0.0197, -1.1042 2.1851 0.0748, -1.1096 2.1988 -0.0197, -1.1096 2.1988 0.0748, -1.1182 2.2107 -0.0197, -1.1182 2.2107 0.0748, -1.1295 2.2201 -0.0197, -1.1295 2.2201 0.0748, -1.1427 2.2265 -0.0197, -1.1427 2.2265 0.0748, -1.1571 2.2294 -0.0197, -1.1571 2.2294 0.0748, -1.1718 2.2286 -0.0197, -1.1718 2.2286 0.0748, -1.1859 2.2242 -0.0197, -1.1859 2.2242 0.0748, -1.1984 2.2165 -0.0197, -1.1984 2.2165 0.0748, -1.2086 2.2059 -0.0197, -1.2086 2.2059 0.0748, -1.4961 2.1705 -0.0197, -1.4961 2.1705 0.0748, -1.4942 2.1851 0.0748, -1.4942 2.1851 -0.0197, -1.4889 2.1988 0.0748, -1.4889 2.1988 -0.0197, -1.4803 2.2107 0.0748, -1.4803 2.2107 -0.0197, -1.469 2.2201 0.0748, -1.469 2.2201 -0.0197, -1.4557 2.2265 0.0748, -1.4557 2.2265 -0.0197, -1.4413 2.2294 0.0748, -1.4413 2.2294 -0.0197, -1.4266 2.2286 0.0748, -1.4266 2.2286 -0.0197, -1.4126 2.2242 0.0748, -1.4126 2.2242 -0.0197, -1.4 2.2165 0.0748, -1.4 2.2165 -0.0197, -1.3898 2.2059 0.0748, -1.3898 2.2059 -0.0197, -1.4961 1.698 0.0748, -1.1024 1.698 0.0748, -1.4961 1.6193 0.1535, -1.1024 1.6193 0.1535, -1.4961 1.622 0.1332, -1.1024 1.622 0.1332, -1.4961 1.6298 0.1142, -1.1024 1.6298 0.1142, -1.4961 1.6423 0.0979, -1.1024 1.6423 0.0979, -1.4961 1.6587 0.0854, -1.1024 1.6587 0.0854, -1.4961 1.6776 0.0775, -1.1024 1.6776 0.0775, -1.1024 1.698 -0.0197, -1.4961 1.698 -0.0197, -1.2291 1.1424 1.0232, -1.2339 1.1458 1.0159, -1.2374 1.1495 1.0081, -1.2373 1.1647 0.9754, -1.2337 1.1683 0.9677, -1.1227 1.1607 0.984, -1.1228 1.1531 1.0003, -1.2395 1.1533 0.9999, -1.122 1.157 0.992, -1.2402 1.157 0.992, -1.2394 1.1609 0.9836, -1.1249 1.1493 1.0085, -1.1285 1.1457 1.0163, -1.1333 1.1423 1.0234, -1.1543 1.1348 1.0396, -1.1629 1.1333 1.0429, -1.2231 1.1394 1.0296, -1.2158 1.1772 0.9487, -1.2079 1.1792 0.9443, -1.1994 1.1807 0.9411, -1.1393 1.1394 1.0298, -1.1464 1.1368 1.0353, -1.1719 1.1324 1.0448, -1.1811 1.132 1.0455, -1.1904 1.1324 1.0448, -1.1995 1.1333 1.0428, -1.1903 1.1817 0.9391, -1.1811 1.182 0.9384, -1.1718 1.1816 0.9391, -1.1627 1.1807 0.9411, -1.1541 1.1792 0.9443, -1.1462 1.1771 0.9488, -1.1391 1.1746 0.9543, -1.1331 1.1716 0.9607, -1.2081 1.1348 1.0396, -1.216 1.1369 1.0351, -1.2289 1.1717 0.9605, -1.2229 1.1746 0.9541, -1.1283 1.1682 0.968, -1.1248 1.1645 0.9758, -1.1231 1.2415 1.0436, -1.122 1.2462 1.0336, -1.2402 1.2462 1.0336, -1.1265 1.2558 1.0131, -1.132 1.2601 1.0038, -1.2391 1.2509 1.0235, -1.1585 1.2693 0.9841, -1.1696 1.2707 0.9811, -1.1811 1.2712 0.98, -1.1927 1.2707 0.9811, -1.1232 1.2511 1.0231, -1.1393 1.2639 0.9957, -1.1483 1.267 0.9891, -1.239 1.2413 1.044, -1.2357 1.2367 1.054, -1.2302 1.2323 1.0633, -1.2229 1.2286 1.0714, -1.2139 1.2255 1.0781, -1.2037 1.2231 1.083, -1.2231 1.2638 0.9959, -1.2141 1.2669 0.9892, -1.2038 1.2692 0.9842, -1.1481 1.2255 1.078, -1.1391 1.2286 1.0712, -1.1584 1.2232 1.083, -1.1695 1.2217 1.086, -1.1926 1.2217 1.0861, -1.1811 1.2212 1.0871, -1.1264 1.2368 1.0537, -1.1318 1.2325 1.063, -1.2304 1.2599 1.0041, -1.2358 1.2556 1.0134, -1.3695 1.2078 1.0157, -1.3693 1.2077 1.0156, -1.3673 1.1959 1.0409, -1.3477 1.19 1.0073, -1.3459 1.1796 1.0297, -1.3232 1.1757 1.0007, -1.3216 1.1668 1.0198, -1.269 1.1592 0.993, -1.2682 1.159 0.9929, -1.2672 1.1536 1.0046, -1.1811 1.1222 1.0718, -1.1948 1.1227 1.0708, -1.2082 1.124 1.0679, -1.2208 1.1263 1.0631, -1.2325 1.1293 1.0566, -1.2429 1.1331 1.0484, -1.2518 1.1376 1.0389, -1.2589 1.1425 1.0283, -1.2641 1.1479 1.0167, -1.2402 1.157 0.992, -1.2964 1.1653 0.9958, -1.2952 1.1581 1.0113, -1.3875 1.2284 1.0252, -1.2911 1.1506 1.0274, -1.2842 1.1435 1.0427, -1.2748 1.1369 1.0568, -1.263 1.131 1.0694, -1.2493 1.126 1.0802, -1.2338 1.122 1.0888, -1.217 1.119 1.0952, -1.1993 1.1172 1.0991, -1.1811 1.1166 1.1004, -1.3166 1.1576 1.0396, -1.3081 1.1488 1.0584, -1.2965 1.1407 1.0758, -1.2821 1.1335 1.0913, -1.2651 1.1273 1.1046, -1.246 1.1223 1.1153, -1.2253 1.1187 1.1231, -1.2035 1.1164 1.1279, -1.1811 1.1157 1.1295, -1.34 1.1687 1.0529, -1.3301 1.1584 1.075, -1.3165 1.1489 1.0954, -1.2995 1.1404 1.1136, -1.2796 1.1332 1.1292, -1.2572 1.1273 1.1417, -1.2329 1.1231 1.1509, -1.2073 1.1204 1.1565, -1.1811 1.1196 1.1584, -1.3606 1.1837 1.0671, -1.3494 1.172 1.092, -1.334 1.1613 1.1151, -1.3148 1.1517 1.1357, -1.2923 1.1435 1.1532, -1.267 1.1369 1.1674, -1.2396 1.1321 1.1778, -1.2107 1.1291 1.1841, -1.1811 1.1281 1.1862, -1.3852 1.2155 1.0529, -1.3778 1.202 1.0817, -1.3656 1.1893 1.109, -1.3487 1.1775 1.1343, -1.3277 1.167 1.1569, -1.303 1.158 1.1761, -1.2753 1.1508 1.1916, -1.2452 1.1455 1.203, -1.2136 1.1422 1.2099, -1.1811 1.1411 1.2123, -0.9929 1.2077 1.0156, -1.0142 1.1902 1.0074, -1.016 1.2006 0.985, -1.0385 1.176 1.0008, -1.0401 1.1849 0.9817, -1.0651 1.1655 0.9959, -1.0664 1.1728 0.9804, -1.0941 1.1591 0.9929, -1.122 1.157 0.992, -1.0932 1.1591 0.993, -1.0942 1.1646 0.9812, -0.9747 1.2284 1.0252, -0.9927 1.2078 1.0156, -0.9948 1.2196 0.9904, -1.0973 1.1704 0.9689, -1.1025 1.1758 0.9573, -1.1097 1.1808 0.9465, -1.1186 1.1853 0.9369, -1.1292 1.1891 0.9287, -1.141 1.1922 0.9221, -1.1538 1.1945 0.9172, -1.1673 1.1958 0.9143, -1.1811 1.1963 0.9133, -1.0705 1.1803 0.9642, -1.0774 1.1875 0.9488, -1.0869 1.1941 0.9346, -1.0987 1.2 0.9219, -1.1126 1.2051 0.9111, -1.1281 1.2091 0.9024, -1.145 1.2121 0.896, -1.1628 1.2139 0.8921, -1.1811 1.2145 0.8908, -1.0452 1.1941 0.9618, -1.0536 1.203 0.9429, -1.0653 1.2111 0.9254, -1.0798 1.2184 0.9099, -1.0969 1.2246 0.8966, -1.116 1.2296 0.8858, -1.1368 1.2332 0.878, -1.1587 1.2355 0.8732, -1.1811 1.2362 0.8716, -1.022 1.2115 0.9618, -1.0319 1.2218 0.9396, -1.0455 1.2313 0.9192, -1.0625 1.2398 0.901, -1.0825 1.2471 0.8854, -1.1049 1.2529 0.8728, -1.1292 1.2572 0.8637, -1.1548 1.2598 0.858, -1.1811 1.2607 0.8562, -1.0015 1.2318 0.9641, -1.0127 1.2435 0.9392, -1.0281 1.2542 0.9161, -1.0473 1.2638 0.8955, -1.0698 1.272 0.8779, -1.0951 1.2786 0.8638, -1.1226 1.2835 0.8534, -1.1515 1.2864 0.8471, -1.1811 1.2874 0.8449, -0.977 1.2413 0.9975, -0.9844 1.2547 0.9688, -0.9966 1.2674 0.9414, -1.0135 1.2792 0.9162, -1.0345 1.2897 0.8936, -1.0592 1.2987 0.8743, -1.0869 1.306 0.8588, -1.117 1.3113 0.8475, -1.1486 1.3145 0.8405, -1.1811 1.3156 0.8382, -1.2641 1.0121 1.4891, -1.2641 1.1013 1.5307, -1.2991 1.1032 1.5266, -1.2991 1.014 1.485, -1.3317 1.1088 1.5146, -1.3317 1.0196 1.473, -1.36 1.1177 1.4955, -1.36 1.0285 1.4539, -1.382 1.1293 1.4705, -1.382 1.0401 1.4289, -1.3962 1.143 1.4413, -1.3962 1.0538 1.3997, -1.4018 1.1577 1.4097, -1.4018 1.0685 1.3681, -0.9604 1.0685 1.3681, -0.9604 1.1577 1.4097, -0.966 1.143 1.4413, -0.966 1.0538 1.3997, -0.9802 1.1293 1.4705, -0.9802 1.0401 1.4289, -1.0022 1.1177 1.4955, -1.0022 1.0285 1.4539, -1.0305 1.1088 1.5146, -1.0305 1.0196 1.473, -1.0632 1.1032 1.5266, -1.0632 1.014 1.485, -1.0981 1.1013 1.5307, -1.0981 1.0121 1.4891, -1.3162 1.2991 1.0582, -1.3166 1.3016 1.0594, -1.3143 1.2904 1.0834, -1.3083 1.2819 1.0502, -1.3105 1.2866 1.0524, -1.3085 1.2757 1.0753, -1.2958 1.2671 1.0433, -1.301 1.2732 1.0461, -1.2992 1.2629 1.0673, -1.2795 1.2558 1.038, -1.2885 1.262 1.0409, -1.2868 1.2526 1.0598, -1.2605 1.2486 1.0347, -1.2736 1.2535 1.037, -1.2721 1.2454 1.0532, -1.2402 1.2462 1.0336, -1.257 1.2482 1.0345, -1.2556 1.2416 1.0478, -1.1811 1.2158 1.1032, -1.1959 1.2164 1.1018, -1.2102 1.2182 1.0979, -1.2233 1.2212 1.0916, -1.2348 1.2252 1.083, -1.2443 1.23 1.0726, -1.2513 1.2356 1.0607, -1.2668 1.2381 1.0689, -1.2582 1.2313 1.0835, -1.2467 1.2254 1.0962, -1.2326 1.2205 1.1066, -1.2166 1.2169 1.1144, -1.1992 1.2146 1.1192, -1.1811 1.2139 1.1208, -1.2807 1.2441 1.0781, -1.2707 1.2362 1.095, -1.2573 1.2293 1.1098, -1.241 1.2236 1.122, -1.2224 1.2194 1.131, -1.2021 1.2168 1.1365, -1.1811 1.216 1.1384, -1.2924 1.2534 1.0877, -1.2812 1.2446 1.1066, -1.2663 1.2369 1.1232, -1.248 1.2305 1.1367, -1.2272 1.2258 1.1468, -1.2046 1.2229 1.153, -1.1811 1.222 1.1551, -1.3011 1.2654 1.0974, -1.2891 1.2559 1.1177, -1.273 1.2476 1.1356, -1.2533 1.2408 1.1502, -1.2308 1.2357 1.1611, -1.2064 1.2326 1.1678, -1.1811 1.2315 1.17, -1.3066 1.2796 1.1065, -1.294 1.2697 1.1278, -1.2771 1.261 1.1464, -1.2565 1.2539 1.1617, -1.2331 1.2486 1.1731, -1.2076 1.2453 1.1801, -1.1811 1.2442 1.1825, -1.3189 1.3176 1.0668, -1.3163 1.3062 1.0912, -1.3084 1.2953 1.1146, -1.2957 1.2852 1.1362, -1.2785 1.2764 1.1551, -1.2577 1.2691 1.1707, -1.2338 1.2638 1.1822, -1.208 1.2605 1.1893, -1.1811 1.2593 1.1917, -1.0453 1.3016 1.0594, -1.0433 1.3176 1.0668, -1.046 1.3289 1.0425, -1.0512 1.2864 1.0523, -1.0462 1.2992 1.0583, -1.0486 1.3102 1.0343, -1.0607 1.2728 1.046, -1.0542 1.2821 1.0503, -1.0563 1.2924 1.0277, -1.0733 1.2615 1.0407, -1.0667 1.2674 1.0435, -1.0686 1.2766 1.023, -1.0884 1.2531 1.0368, -1.0829 1.2561 1.0382, -1.0846 1.2639 1.0206, -1.1051 1.2479 1.0343, -1.1018 1.2489 1.0348, -1.1032 1.2552 1.0206, -1.122 1.2462 1.0336, -1.1077 1.2615 1.0071, -1.1151 1.2673 0.9947, -1.1249 1.2724 0.9838, -1.137 1.2765 0.9748, -1.1507 1.2797 0.9682, -1.1656 1.2816 0.9641, -1.1811 1.2822 0.9627, -1.0902 1.2717 1.0039, -1.0993 1.2789 0.9885, -1.1115 1.2852 0.9749, -1.1264 1.2904 0.9638, -1.1434 1.2942 0.9556, -1.1619 1.2966 0.9505, -1.1811 1.2974 0.9488, -1.0751 1.2857 1.0035, -1.0857 1.294 0.9855, -1.1 1.3014 0.9698, -1.1174 1.3074 0.9568, -1.1372 1.3119 0.9472, -1.1587 1.3147 0.9413, -1.1811 1.3156 0.9393, -1.0635 1.3025 1.0061, -1.0753 1.3118 0.9861, -1.0911 1.3199 0.9686, -1.1104 1.3266 0.9543, -1.1324 1.3316 0.9436, -1.1563 1.3346 0.9371, -1.1811 1.3357 0.9349, -1.0563 1.3209 1.0114, -1.0688 1.3308 0.9902, -1.0856 1.3395 0.9716, -1.106 1.3466 0.9564, -1.1294 1.3519 0.9451, -1.1547 1.3551 0.9381, -1.1811 1.3562 0.9358, -1.0538 1.3399 1.019, -1.0665 1.3499 0.9975, -1.0837 1.3587 0.9785, -1.1045 1.366 0.963, -1.1284 1.3714 0.9515, -1.1542 1.3747 0.9443, -1.1811 1.3758 0.9419, -1.3778 1.202 1.0817, -1.3656 1.1893 1.109, -1.0592 1.2987 0.8743, -1.0869 1.306 0.8588, -0.9283 1.5024 0.4375, -1.117 1.3113 0.8475, -0.9844 1.2547 0.9688, -0.9966 1.2674 0.9414, -1.303 1.158 1.1761, -1.2753 1.1508 1.1916, -1.2452 1.1455 1.203, -1.0135 1.2792 0.9162, -1.0345 1.2897 0.8936, -1.3487 1.1775 1.1343, -1.3277 1.167 1.1569, -1.1486 1.3145 0.8405, -1.1811 1.3156 0.8382, -1.4339 1.5024 0.4375, -1.2134 1.3145 0.8405, -1.2449 1.3113 0.8474, -0.9972 1.1888 1.1101, -0.9848 1.2014 1.083, -1.2748 1.3061 0.8586, -1.3024 1.2989 0.8739, -1.327 1.29 0.893, -1.3481 1.2796 0.9153, -1.365 1.268 0.9403, -1.3774 1.2553 0.9674, -1.1173 1.1454 1.2031, -1.1488 1.1422 1.21, -1.1811 1.1412 1.2123, -1.2136 1.1422 1.2099, -1.0598 1.1578 1.1765, -1.0352 1.1667 1.1575, -1.0142 1.1771 1.1352, -0.9773 1.2147 1.0545, -0.9747 1.2284 1.0252, -0.977 1.2413 0.9975, -1.3849 1.242 0.996, -1.3875 1.2284 1.0252, -1.3852 1.2155 1.0529, -1.0874 1.1507 1.1919, -1.4339 1.5024 0.4375, -1.4339 1.5916 0.4791, -0.9283 1.5916 0.4791, -1.1541 1.2605 1.1893, -1.3088 1.3395 1.0199, -1.2961 1.3496 0.9981, -1.0534 1.2957 1.1138, -1.0661 1.2855 1.1356, -1.1281 1.2638 1.1821, -1.0832 1.2766 1.1547, -1.1041 1.2693 1.1704, -1.279 1.3586 0.9789, -1.2581 1.3659 0.9632, -1.2341 1.3713 0.9516, -1.3189 1.3176 1.0668, -1.3165 1.3285 1.0435, -1.2081 1.3747 0.9444, -1.0433 1.3176 1.0668, -1.0457 1.3067 1.0902, -0.9275 1.6035 0.4497, -0.9274 1.5106 0.4139, -0.9252 1.5209 0.3543, -0.9252 1.6193 0.3543, -0.9255 1.5207 0.363, -0.9262 1.6158 0.3966, -0.9263 1.5177 0.3842, -0.9263 1.6156 0.3994, -0.9268 1.5159 0.3969, -0.9264 1.6153 0.4027, -0.9269 1.5155 0.4002, -0.9273 1.6063 0.4386, -0.9274 1.6049 0.4441, -1.4342 1.5059 0.4296, -1.4348 1.5107 0.414, -1.4348 1.6046 0.444, -1.4349 1.6066 0.4386, -1.4355 1.5159 0.3969, -1.4351 1.6084 0.4336, -1.4356 1.5169 0.3937, -1.4359 1.615 0.3992, -1.4359 1.5178 0.3843, -1.437 1.6193 0.3543, -1.437 1.5209 0.3543, -1.4362 1.6176 0.386, -1.436 1.6156 0.3965, -1.4961 1.6586 -0.0152, -1.4961 1.6212 -0.0021, -1.4961 1.5876 0.019, -1.4961 1.5595 0.047, -1.4961 1.5384 0.0806, -1.4961 1.5253 0.1181, -1.4961 1.5209 0.1575, -1.4961 1.6193 0.1575, -1.1024 1.5209 0.1575, -1.1024 1.5253 0.1181, -1.1024 1.5384 0.0806, -1.1024 1.5595 0.047, -1.1024 1.5876 0.019, -1.1024 1.6212 -0.0021, -1.1024 1.6586 -0.0152, -1.5945 1.6193 0.1575, -1.5945 1.5209 0.1575, -1.624 1.6193 0.1612, -1.624 1.5209 0.1612, -0.6496 1.5209 1.5354, -0.6496 1.6193 1.5354, -0.6626 1.5209 1.5419, -0.6626 1.6193 1.5419, -0.6736 1.5209 1.5514, -0.6736 1.6193 1.5514, -0.682 1.5209 1.5632, -0.682 1.6193 1.5632, -0.6872 1.5209 1.5767, -0.6872 1.6193 1.5767, -0.689 1.5209 1.5911, -0.689 1.6193 1.5911, -0.6872 1.5209 1.6055, -0.6872 1.6193 1.6055, -0.682 1.5209 1.619, -0.682 1.6193 1.619, -0.6736 1.5209 1.6309, -0.6736 1.6193 1.6309, -0.6626 1.5209 1.6403, -0.6626 1.6193 1.6403, -0.6496 1.5209 1.6468, -0.6496 1.6193 1.6468, -0.6201 1.5209 1.5354, -0.6201 1.6193 1.5354, -1.2641 1.6193 1.6142, -1.0981 1.6193 1.6142, -1.2641 1.5209 1.6142, -1.0981 1.5209 1.6142, -1.2991 1.6193 1.6097, -1.2991 1.5209 1.6097, -1.3317 1.6193 1.5964, -1.3317 1.5209 1.5964, -1.36 1.6193 1.5753, -1.36 1.5209 1.5753, -1.382 1.6193 1.5477, -1.382 1.5209 1.5477, -1.3962 1.6193 1.5155, -1.3962 1.5209 1.5155, -1.4018 1.6193 1.4807, -1.4018 1.5209 1.4807, -1.437 1.6193 0.3543, -1.437 1.5209 0.3543, -1.437 1.5209 0.3543, -0.9252 1.5209 0.3543, -1.4342 1.5059 0.4296, -0.9269 1.5155 0.4002, -1.4356 1.5169 0.3937, -0.9255 1.5207 0.363, -0.9604 1.5209 1.4807, -0.9252 1.6193 0.3543, -0.9604 1.6193 1.4807, -0.966 1.6193 1.5155, -0.966 1.5209 1.5155, -0.9802 1.6193 1.5477, -0.9802 1.5209 1.5477, -1.0022 1.6193 1.5753, -1.0022 1.5209 1.5753, -1.0305 1.6193 1.5964, -1.0305 1.5209 1.5964, -1.0632 1.6193 1.6097, -1.0632 1.5209 1.6097, -1.1024 1.6193 0.1575, -0.6201 1.6193 1.378, -0.6201 1.5209 1.378, -0.6496 1.6193 1.2598, -0.6496 1.5209 1.2598, -0.7677 1.6193 0.1575, -0.7677 1.5209 0.1575, -0.6496 1.5209 1.7323, -0.6496 1.6193 1.7323, -0.7371 1.5209 0.1615, -1.624 1.5209 1.7323, -0.6654 1.5209 0.2165, -0.6536 1.5209 0.245, -0.6496 1.5209 0.2756, -0.7087 1.5209 0.1733, -0.6842 1.5209 0.1921, -1.624 1.6193 1.7323, -0.6496 1.6193 0.2756, -0.7371 1.6193 0.1615, -0.7087 1.6193 0.1733, -0.6842 1.6193 0.1921, -0.6654 1.6193 0.2165, -0.6536 1.6193 0.245, -1.4351 1.6084 0.4336, -0.9264 1.6153 0.4027, -1.4362 1.6176 0.386, -0.9252 1.6193 0.3543, -1.437 1.6193 0.3543, -1.1517 1.1291 1.1841, -1.155 1.1204 1.1565, -1.1589 1.1164 1.1279, -1.0672 1.1577 1.0122, -1.1631 1.1172 1.0991, -1.1675 1.1227 1.0708, -1.0951 1.1533 1.0052, -1.0983 1.1477 1.0173, -1.1035 1.1423 1.0287, -1.1107 1.1374 1.0393, -1.1195 1.133 1.0487, -1.1299 1.1293 1.0567, -1.1416 1.1262 1.0632, -1.1542 1.124 1.0679, -1.122 1.157 0.992, -1.1455 1.119 1.0953, -1.1287 1.1219 1.089, -1.1133 1.1259 1.0804, -1.0995 1.1309 1.0698, -1.0878 1.1367 1.0573, -1.0783 1.1432 1.0433, -1.0714 1.1503 1.0281, -1.1372 1.1186 1.1232, -1.1166 1.1222 1.1155, -1.0976 1.1272 1.1049, -1.0806 1.1333 1.0918, -1.0661 1.1404 1.0764, -1.0545 1.1485 1.0592, -1.0459 1.1572 1.0405, -1.0407 1.1663 1.0208, -1.1296 1.123 1.151, -1.1055 1.1272 1.1419, -1.0832 1.133 1.1295, -1.0633 1.1402 1.1141, -1.0463 1.1486 1.0961, -1.0326 1.158 1.0759, -1.0226 1.1682 1.054, -1.0165 1.179 1.031, -1.1229 1.132 1.1779, -1.0956 1.1368 1.1676, -1.0705 1.1433 1.1536, -1.048 1.1514 1.1362, -1.0288 1.1609 1.1159, -1.0134 1.1716 1.093, -1.0021 1.1831 1.0683, -0.9952 1.1952 1.0423, -1.1488 1.1422 1.21, -1.1173 1.1454 1.2031, -1.0874 1.1507 1.1919, -1.0598 1.1578 1.1765, -1.0352 1.1667 1.1575, -1.0142 1.1771 1.1352, -0.9972 1.1888 1.1101, -0.9848 1.2014 1.083, -0.9773 1.2147 1.0545, -1.2106 1.2864 0.847, -1.2072 1.2599 0.858, -1.2034 1.2355 0.8732, -1.1992 1.2139 0.8921, -1.2679 1.165 0.9805, -1.1949 1.1958 0.9143, -1.2402 1.157 0.992, -1.2083 1.1945 0.9172, -1.221 1.1923 0.922, -1.2328 1.1892 0.9285, -1.2433 1.1854 0.9366, -1.2522 1.181 0.9461, -1.2594 1.176 0.9568, -1.2647 1.1706 0.9683, -1.2169 1.2121 0.8959, -1.2338 1.2092 0.9023, -1.2493 1.2052 0.9109, -1.2631 1.2002 0.9216, -1.275 1.1943 0.9341, -1.2845 1.1878 0.9482, -1.2914 1.1807 0.9634, -1.2957 1.1732 0.9795, -1.2252 1.2333 0.8779, -1.2458 1.2296 0.8857, -1.2649 1.2247 0.8963, -1.2819 1.2186 0.9094, -1.2964 1.2114 0.9249, -1.3081 1.2033 0.9421, -1.3167 1.1946 0.9609, -1.3219 1.1854 0.9806, -1.2327 1.2573 0.8636, -1.2569 1.253 0.8727, -1.2792 1.2472 0.8851, -1.2991 1.2401 0.9005, -1.3161 1.2316 0.9185, -1.3298 1.2222 0.9388, -1.3398 1.212 0.9607, -1.346 1.2012 0.9838, -1.2393 1.2835 0.8533, -1.2666 1.2787 0.8635, -1.2918 1.2722 0.8775, -1.3143 1.2641 0.8949, -1.3335 1.2546 0.9153, -1.3489 1.2439 0.9381, -1.3602 1.2324 0.9629, -1.3671 1.2203 0.9889, -1.2134 1.3145 0.8405, -1.2449 1.3113 0.8474, -1.2748 1.3061 0.8586, -1.3024 1.2989 0.8739, -1.327 1.29 0.893, -1.3481 1.2796 0.9153, -1.365 1.268 0.9403, -1.3774 1.2553 0.9674, -1.3849 1.242 0.996, -1.1811 1.2212 1.0871, -1.1662 1.2164 1.1018, -1.0535 1.2762 1.0743, -1.0628 1.2633 1.0664, -1.0752 1.253 1.059, -1.09 1.2457 1.0525, -1.1065 1.2419 1.0472, -1.1107 1.2358 1.0602, -1.1177 1.2302 1.0722, -1.1271 1.2253 1.0828, -1.1387 1.2212 1.0914, -1.1519 1.2182 1.0979, -1.1629 1.2146 1.1192, -1.1454 1.2169 1.1143, -1.1293 1.2206 1.1065, -1.1152 1.2255 1.0959, -1.1037 1.2315 1.083, -1.0952 1.2383 1.0684, -1.1599 1.2169 1.1365, -1.1396 1.2195 1.1309, -1.1209 1.2237 1.1218, -1.1045 1.2295 1.1095, -1.0911 1.2364 1.0945, -1.0812 1.2444 1.0775, -1.1575 1.2229 1.153, -1.1348 1.2259 1.1467, -1.1138 1.2306 1.1365, -1.0956 1.237 1.1228, -1.0806 1.2448 1.1061, -1.0695 1.2537 1.087, -1.1556 1.2326 1.1678, -1.1311 1.2358 1.161, -1.1085 1.2409 1.15, -1.0888 1.2478 1.1352, -1.0727 1.2562 1.1171, -1.0607 1.2658 1.0966, -1.1545 1.2453 1.1801, -1.1288 1.2486 1.173, -1.1053 1.254 1.1615, -1.0846 1.2612 1.146, -1.0677 1.27 1.1272, -1.0553 1.28 1.1057, -1.0477 1.2909 1.0824, -1.3138 1.3098 1.0353, -1.3061 1.2919 1.0286, -1.2938 1.2762 1.0239, -1.2778 1.2635 1.0213, -1.2591 1.2549 1.0212, -1.1967 1.2816 0.9641, -1.2117 1.2796 0.9682, -1.2255 1.2765 0.975, -1.2375 1.2723 0.984, -1.2474 1.2671 0.995, -1.2547 1.2613 1.0076, -1.2004 1.2966 0.9505, -1.219 1.2942 0.9557, -1.2361 1.2903 0.964, -1.251 1.285 0.9752, -1.2633 1.2787 0.9889, -1.2723 1.2714 1.0045, -1.2036 1.3147 0.9413, -1.2253 1.3119 0.9473, -1.2452 1.3073 0.957, -1.2626 1.3012 0.9701, -1.2769 1.2938 0.986, -1.2874 1.2853 1.0042, -1.2061 1.3346 0.9371, -1.2301 1.3315 0.9438, -1.2522 1.3265 0.9545, -1.2715 1.3197 0.969, -1.2873 1.3115 0.9867, -1.299 1.3021 1.0068, -1.2076 1.3551 0.9381, -1.2331 1.3518 0.9452, -1.2566 1.3465 0.9566, -1.2771 1.3393 0.972, -1.2939 1.3305 0.9908, -1.3063 1.3206 1.0122, -1.2395 -0.0087 0.984, -1.1719 -0.0297 0.9391, -1.1811 -0.03 0.9384, -1.1227 -0.0013 0.9999, -1.2079 0.0172 1.0396, -1.1994 0.0187 1.0429, -1.1903 0.0196 1.0448, -1.1811 0.0199 1.0455, -1.1248 0.0025 1.0081, -1.1718 0.0196 1.0448, -1.1249 -0.0128 0.9754, -1.1285 -0.0164 0.9677, -1.1333 -0.0197 0.9605, -1.1393 -0.0227 0.9541, -1.1464 -0.0252 0.9487, -1.1543 -0.0273 0.9443, -1.1629 -0.0288 0.9411, -1.2394 -0.0011 1.0003, -1.2373 0.0027 1.0085, -1.2337 0.0063 1.0163, -1.2289 0.0096 1.0234, -1.1627 0.0187 1.0428, -1.1541 0.0172 1.0396, -1.1462 0.0151 1.0351, -1.1391 0.0125 1.0296, -1.1331 0.0095 1.0232, -1.1283 0.0061 1.0159, -1.2402 -0.005 0.992, -1.122 -0.005 0.992, -1.1228 -0.0089 0.9836, -1.1904 -0.0297 0.9391, -1.1995 -0.0288 0.9411, -1.2081 -0.0272 0.9443, -1.2229 0.0126 1.0298, -1.2158 0.0152 1.0353, -1.2231 -0.0226 0.9543, -1.2291 -0.0196 0.9607, -1.216 -0.0252 0.9488, -1.2339 -0.0162 0.968, -1.2374 -0.0126 0.9758, -1.239 -0.0991 1.0231, -1.1231 -0.0989 1.0235, -1.2402 -0.0942 1.0336, -1.122 -0.0942 1.0336, -1.2391 -0.0896 1.0436, -1.1232 -0.0894 1.044, -1.1265 -0.0847 1.054, -1.132 -0.0804 1.0633, -1.1393 -0.0766 1.0714, -1.1483 -0.0735 1.0781, -1.1585 -0.0712 1.083, -1.1696 -0.0698 1.0861, -1.1811 -0.0693 1.0871, -1.2357 -0.1038 1.0131, -1.2302 -0.1081 1.0038, -1.2229 -0.1119 0.9957, -1.2139 -0.115 0.9891, -1.2037 -0.1173 0.9841, -1.1926 -0.1187 0.9811, -1.1927 -0.0698 1.086, -1.2038 -0.0712 1.083, -1.2141 -0.0735 1.078, -1.1811 -0.1192 0.98, -1.1695 -0.1187 0.9811, -1.1264 -0.1036 1.0134, -1.1584 -0.1173 0.9842, -1.2231 -0.0767 1.0712, -1.2304 -0.0805 1.063, -1.2358 -0.0849 1.0537, -1.1481 -0.1149 0.9892, -1.1391 -0.1118 0.9959, -1.1318 -0.108 1.0041, -0.9928 -0.0559 1.0157, -0.9929 -0.0557 1.0156, -0.9949 -0.044 1.0409, -1.0145 -0.038 1.0073, -1.0163 -0.0276 1.0297, -1.039 -0.0238 1.0007, -1.0406 -0.0149 1.0198, -1.0932 -0.0072 0.993, -1.094 -0.0071 0.9929, -1.095 -0.0016 1.0046, -1.1811 0.0297 1.0718, -1.1674 0.0293 1.0708, -1.154 0.0279 1.0679, -1.1414 0.0257 1.0631, -1.1297 0.0226 1.0566, -1.1193 0.0188 1.0484, -1.1104 0.0144 1.0389, -1.1033 0.0094 1.0283, -1.0981 0.004 1.0167, -1.122 -0.005 0.992, -1.0658 -0.0134 0.9958, -1.067 -0.0061 1.0113, -0.9747 -0.0764 1.0252, -1.0711 0.0014 1.0274, -1.078 0.0085 1.0427, -1.0874 0.0151 1.0568, -1.0992 0.0209 1.0694, -1.113 0.026 1.0802, -1.1284 0.03 1.0888, -1.1453 0.033 1.0952, -1.163 0.0348 1.0991, -1.1811 0.0354 1.1004, -1.0456 -0.0057 1.0396, -1.0541 0.0031 1.0584, -1.0657 0.0112 1.0758, -1.0801 0.0185 1.0913, -1.0971 0.0247 1.1046, -1.1162 0.0297 1.1153, -1.1369 0.0333 1.1231, -1.1587 0.0355 1.1279, -1.1811 0.0363 1.1295, -1.0222 -0.0168 1.0529, -1.0321 -0.0065 1.075, -1.0457 0.003 1.0954, -1.0627 0.0115 1.1136, -1.0827 0.0188 1.1292, -1.105 0.0246 1.1417, -1.1293 0.0289 1.1509, -1.1549 0.0315 1.1565, -1.1811 0.0324 1.1584, -1.0016 -0.0317 1.0671, -1.0128 -0.0201 1.092, -1.0282 -0.0093 1.1151, -1.0474 0.0003 1.1357, -1.0699 0.0085 1.1532, -1.0952 0.0151 1.1674, -1.1226 0.0199 1.1778, -1.1515 0.0228 1.1841, -1.1811 0.0238 1.1862, -0.977 -0.0635 1.0529, -0.9844 -0.0501 1.0817, -0.9966 -0.0373 1.109, -1.0135 -0.0255 1.1343, -1.0345 -0.015 1.1569, -1.0592 -0.006 1.1761, -1.0869 0.0012 1.1916, -1.117 0.0065 1.203, -1.1486 0.0097 1.2099, -1.1811 0.0108 1.2123, -1.3693 -0.0557 1.0156, -1.348 -0.0382 1.0074, -1.3462 -0.0487 0.985, -1.3237 -0.024 1.0008, -1.3221 -0.0329 0.9817, -1.2971 -0.0136 0.9959, -1.2958 -0.0208 0.9804, -1.2682 -0.0071 0.9929, -1.2402 -0.005 0.992, -1.269 -0.0072 0.993, -1.268 -0.0127 0.9812, -1.3875 -0.0764 1.0252, -1.3695 -0.0558 1.0156, -1.3674 -0.0676 0.9904, -1.2649 -0.0184 0.9689, -1.2597 -0.0238 0.9573, -1.2525 -0.0289 0.9465, -1.2436 -0.0333 0.9369, -1.233 -0.0372 0.9287, -1.2212 -0.0402 0.9221, -1.2084 -0.0425 0.9172, -1.1949 -0.0439 0.9143, -1.1811 -0.0443 0.9133, -1.2917 -0.0284 0.9642, -1.2848 -0.0355 0.9488, -1.2753 -0.0422 0.9346, -1.2635 -0.0481 0.9219, -1.2496 -0.0531 0.9111, -1.2341 -0.0572 0.9024, -1.2172 -0.0602 0.896, -1.1994 -0.062 0.8921, -1.1811 -0.0626 0.8908, -1.317 -0.0422 0.9618, -1.3086 -0.051 0.9429, -1.2969 -0.0591 0.9254, -1.2824 -0.0664 0.9099, -1.2653 -0.0726 0.8966, -1.2462 -0.0776 0.8858, -1.2254 -0.0813 0.878, -1.2035 -0.0835 0.8732, -1.1811 -0.0843 0.8716, -1.3402 -0.0595 0.9618, -1.3303 -0.0698 0.9396, -1.3167 -0.0794 0.9192, -1.2997 -0.0879 0.901, -1.2797 -0.0951 0.8854, -1.2573 -0.101 0.8728, -1.233 -0.1053 0.8637, -1.2074 -0.1079 0.858, -1.1811 -0.1088 0.8562, -1.3607 -0.0799 0.9641, -1.3495 -0.0915 0.9392, -1.3341 -0.1023 0.9161, -1.3149 -0.1119 0.8955, -1.2924 -0.1201 0.8779, -1.2671 -0.1267 0.8638, -1.2396 -0.1315 0.8534, -1.2107 -0.1345 0.8471, -1.1811 -0.1355 0.8449, -1.3852 -0.0893 0.9975, -1.3778 -0.1027 0.9688, -1.3656 -0.1155 0.9414, -1.3487 -0.1273 0.9162, -1.3277 -0.1378 0.8936, -1.303 -0.1468 0.8743, -1.2753 -0.154 0.8588, -1.2452 -0.1593 0.8475, -1.2136 -0.1625 0.8405, -1.1811 -0.1636 0.8382, -1.0981 0.1399 1.4891, -1.0981 0.0507 1.5307, -1.0632 0.0488 1.5266, -1.0632 0.138 1.485, -1.0305 0.0432 1.5146, -1.0305 0.1324 1.473, -1.0022 0.0343 1.4955, -1.0022 0.1235 1.4539, -0.9802 0.0226 1.4705, -0.9802 0.1118 1.4289, -0.966 0.009 1.4413, -0.966 0.0982 1.3997, -0.9604 -0.0057 1.4097, -0.9604 0.0835 1.3681, -1.4018 0.0835 1.3681, -1.4018 -0.0057 1.4097, -1.3962 0.009 1.4413, -1.3962 0.0982 1.3997, -1.382 0.0226 1.4705, -1.382 0.1118 1.4289, -1.36 0.0343 1.4955, -1.36 0.1235 1.4539, -1.3317 0.0432 1.5146, -1.3317 0.1324 1.473, -1.2991 0.0488 1.5266, -1.2991 0.138 1.485, -1.2641 0.0507 1.5307, -1.2641 0.1399 1.4891, -1.046 -0.1471 1.0582, -1.0456 -0.1497 1.0594, -1.0479 -0.1384 1.0834, -1.0539 -0.1299 1.0502, -1.0517 -0.1347 1.0524, -1.0537 -0.1238 1.0753, -1.0664 -0.1151 1.0433, -1.0612 -0.1212 1.0461, -1.063 -0.111 1.0673, -1.0827 -0.1038 1.038, -1.0737 -0.1101 1.0409, -1.0754 -0.1007 1.0598, -1.1017 -0.0967 1.0347, -1.0886 -0.1016 1.037, -1.0901 -0.0935 1.0532, -1.122 -0.0942 1.0336, -1.1052 -0.0963 1.0345, -1.1066 -0.0896 1.0478, -1.1811 -0.0638 1.1032, -1.1663 -0.0644 1.1018, -1.152 -0.0663 1.0979, -1.1389 -0.0692 1.0916, -1.1274 -0.0732 1.083, -1.1179 -0.0781 1.0726, -1.1109 -0.0836 1.0607, -1.0954 -0.0861 1.0689, -1.104 -0.0793 1.0835, -1.1155 -0.0734 1.0962, -1.1296 -0.0685 1.1066, -1.1456 -0.0649 1.1144, -1.163 -0.0627 1.1192, -1.1811 -0.0619 1.1208, -1.0815 -0.0921 1.0781, -1.0915 -0.0843 1.095, -1.1049 -0.0774 1.1098, -1.1212 -0.0717 1.122, -1.1398 -0.0675 1.131, -1.1601 -0.0649 1.1365, -1.1811 -0.064 1.1384, -1.0699 -0.1014 1.0877, -1.081 -0.0926 1.1066, -1.096 -0.0849 1.1232, -1.1142 -0.0786 1.1367, -1.135 -0.0739 1.1468, -1.1576 -0.071 1.153, -1.1811 -0.07 1.1551, -1.0611 -0.1135 1.0974, -1.0731 -0.104 1.1177, -1.0892 -0.0957 1.1356, -1.1089 -0.0888 1.1502, -1.1314 -0.0837 1.1611, -1.1558 -0.0806 1.1678, -1.1811 -0.0796 1.17, -1.0556 -0.1277 1.1065, -1.0682 -0.1177 1.1278, -1.0851 -0.1091 1.1464, -1.1057 -0.1019 1.1617, -1.1291 -0.0966 1.1731, -1.1546 -0.0933 1.1801, -1.1811 -0.0922 1.1825, -1.0433 -0.1656 1.0668, -1.046 -0.1542 1.0912, -1.0538 -0.1433 1.1146, -1.0665 -0.1333 1.1362, -1.0837 -0.1244 1.1551, -1.1045 -0.1172 1.1707, -1.1284 -0.1118 1.1822, -1.1542 -0.1085 1.1893, -1.1811 -0.1074 1.1917, -1.3169 -0.1496 1.0594, -1.3189 -0.1656 1.0668, -1.3163 -0.177 1.0425, -1.311 -0.1345 1.0523, -1.316 -0.1472 1.0583, -1.3136 -0.1583 1.0343, -1.3015 -0.1209 1.046, -1.308 -0.1301 1.0503, -1.3059 -0.1404 1.0277, -1.2889 -0.1096 1.0407, -1.2955 -0.1155 1.0435, -1.2936 -0.1246 1.023, -1.2738 -0.1011 1.0368, -1.2793 -0.1042 1.0382, -1.2776 -0.1119 1.0206, -1.2571 -0.0959 1.0343, -1.2604 -0.097 1.0348, -1.259 -0.1032 1.0206, -1.2402 -0.0942 1.0336, -1.2545 -0.1095 1.0071, -1.2472 -0.1153 0.9947, -1.2373 -0.1204 0.9838, -1.2252 -0.1246 0.9748, -1.2115 -0.1277 0.9682, -1.1966 -0.1296 0.9641, -1.1811 -0.1302 0.9627, -1.272 -0.1197 1.0039, -1.2629 -0.1269 0.9885, -1.2507 -0.1332 0.9749, -1.2358 -0.1384 0.9638, -1.2188 -0.1422 0.9556, -1.2003 -0.1446 0.9505, -1.1811 -0.1454 0.9488, -1.2871 -0.1337 1.0035, -1.2765 -0.1421 0.9855, -1.2622 -0.1494 0.9698, -1.2448 -0.1555 0.9568, -1.225 -0.1599 0.9472, -1.2035 -0.1627 0.9413, -1.1811 -0.1636 0.9393, -1.2987 -0.1505 1.0061, -1.2869 -0.1598 0.9861, -1.2711 -0.168 0.9686, -1.2518 -0.1746 0.9543, -1.2298 -0.1796 0.9436, -1.2059 -0.1827 0.9371, -1.1811 -0.1837 0.9349, -1.3059 -0.169 1.0114, -1.2934 -0.1789 0.9902, -1.2766 -0.1875 0.9716, -1.2562 -0.1946 0.9564, -1.2328 -0.1999 0.9451, -1.2075 -0.2031 0.9381, -1.1811 -0.2042 0.9358, -1.3084 -0.1879 1.019, -1.2957 -0.198 0.9975, -1.2785 -0.2068 0.9785, -1.2577 -0.214 0.963, -1.2338 -0.2194 0.9515, -1.208 -0.2227 0.9443, -1.1811 -0.2238 0.9419, -0.9844 -0.0501 1.0817, -0.9966 -0.0373 1.109, -1.0135 -0.0255 1.1343, -1.0345 -0.015 1.1569, -1.0592 -0.006 1.1761, -1.0869 0.0012 1.1916, -1.117 0.0065 1.203, -1.3778 -0.1027 0.9688, -1.3656 -0.1155 0.9414, -1.4339 -0.3505 0.4375, -1.3487 -0.1273 0.9162, -1.3277 -0.1378 0.8936, -1.303 -0.1468 0.8743, -1.2753 -0.154 0.8588, -1.2452 -0.1593 0.8475, -1.3024 -0.0058 1.1765, -1.327 -0.0147 1.1575, -1.2449 0.0065 1.2031, -1.2134 0.0097 1.21, -1.1811 0.0108 1.2123, -1.1486 0.0097 1.2099, -1.3481 -0.0251 1.1352, -1.365 -0.0368 1.1101, -1.3774 -0.0495 1.083, -1.2748 0.0013 1.1919, -1.2136 -0.1625 0.8405, -1.1811 -0.1636 0.8382, -0.9283 -0.3505 0.4375, -1.1488 -0.1625 0.8405, -1.1173 -0.1593 0.8474, -1.0874 -0.1541 0.8586, -1.0598 -0.147 0.8739, -1.0352 -0.1381 0.893, -1.3849 -0.0628 1.0545, -1.3875 -0.0764 1.0252, -1.3852 -0.0893 0.9975, -1.0142 -0.1277 0.9153, -0.9972 -0.116 0.9403, -0.9848 -0.1034 0.9674, -0.9773 -0.09 0.996, -0.9747 -0.0764 1.0252, -0.977 -0.0635 1.0529, -0.9283 -0.3505 0.4375, -0.9283 -0.4397 0.4791, -1.4339 -0.4397 0.4791, -1.3088 -0.1437 1.1138, -1.2961 -0.1335 1.1356, -1.0534 -0.1875 1.0199, -1.0661 -0.1977 0.9981, -1.2081 -0.1085 1.1893, -1.2341 -0.1119 1.1821, -1.0832 -0.2066 0.9789, -1.1041 -0.2139 0.9632, -1.1281 -0.2194 0.9516, -1.279 -0.1246 1.1547, -1.2581 -0.1173 1.1704, -1.1541 -0.2227 0.9444, -1.3189 -0.1656 1.0668, -1.3165 -0.1547 1.0902, -1.0433 -0.1656 1.0668, -1.0457 -0.1765 1.0435, -1.4346 -0.4512 0.4505, -1.4348 -0.3585 0.4144, -1.437 -0.3689 0.3543, -1.437 -0.4673 0.3543, -1.4367 -0.3687 0.3623, -1.436 -0.4638 0.3966, -1.4359 -0.3657 0.3845, -1.4359 -0.4636 0.3998, -1.4354 -0.364 0.3969, -1.4358 -0.4633 0.4031, -1.4353 -0.3636 0.3998, -1.4349 -0.4543 0.4386, -1.4348 -0.4527 0.4449, -0.928 -0.3537 0.4302, -0.9274 -0.3585 0.4145, -0.9274 -0.4524 0.4447, -0.9273 -0.4546 0.4386, -0.9268 -0.364 0.3969, -0.9271 -0.4566 0.4332, -0.9266 -0.3649 0.394, -0.9263 -0.463 0.3996, -0.9263 -0.3658 0.3846, -0.9252 -0.4673 0.3543, -0.9252 -0.3689 0.3543, -0.9259 -0.4657 0.3852, -0.9262 -0.4636 0.3965, -0.8661 -0.4673 0.1575, -0.8661 -0.3689 0.1575, -0.7677 -0.4673 0.1575, -0.7677 -0.3689 0.1575, -0.6496 -0.3689 0.2756, -0.6496 -0.4673 0.2756, -0.6536 -0.4673 0.245, -0.6536 -0.3689 0.245, -0.6654 -0.4673 0.2165, -0.6654 -0.3689 0.2165, -0.6842 -0.4673 0.1921, -0.6842 -0.3689 0.1921, -0.7087 -0.4673 0.1733, -0.7087 -0.3689 0.1733, -0.7371 -0.4673 0.1615, -0.7371 -0.3689 0.1615, -0.6496 -0.4673 1.2598, -0.6496 -0.3689 1.2598, -0.6201 -0.3689 1.378, -0.6201 -0.4673 1.378, -0.6496 -0.4673 1.5354, -0.6201 -0.4673 1.5354, -0.6496 -0.3689 1.5354, -0.6201 -0.3689 1.5354, -0.6496 -0.3689 1.6468, -0.6496 -0.4673 1.6468, -0.6626 -0.3689 1.6403, -0.6626 -0.4673 1.6403, -0.6736 -0.3689 1.6309, -0.6736 -0.4673 1.6309, -0.682 -0.3689 1.619, -0.682 -0.4673 1.619, -0.6872 -0.3689 1.6055, -0.6872 -0.4673 1.6055, -0.689 -0.3689 1.5911, -0.689 -0.4673 1.5911, -0.6872 -0.3689 1.5767, -0.6872 -0.4673 1.5767, -0.682 -0.3689 1.5632, -0.682 -0.4673 1.5632, -0.6736 -0.3689 1.5514, -0.6736 -0.4673 1.5514, -0.6626 -0.3689 1.5419, -0.6626 -0.4673 1.5419, -1.0981 -0.4673 1.6142, -1.2641 -0.4673 1.6142, -1.0981 -0.3689 1.6142, -1.2641 -0.3689 1.6142, -1.0632 -0.4673 1.6097, -1.0632 -0.3689 1.6097, -1.0305 -0.4673 1.5964, -1.0305 -0.3689 1.5964, -1.0022 -0.4673 1.5753, -1.0022 -0.3689 1.5753, -0.9802 -0.4673 1.5477, -0.9802 -0.3689 1.5477, -0.966 -0.4673 1.5155, -0.966 -0.3689 1.5155, -0.9604 -0.4673 1.4807, -0.9604 -0.3689 1.4807, -0.9252 -0.4673 0.3543, -0.9252 -0.3689 0.3543, -0.9252 -0.3689 0.3543, -1.437 -0.3689 0.3543, -0.928 -0.3537 0.4302, -1.4353 -0.3636 0.3998, -0.9266 -0.3649 0.394, -1.4367 -0.3687 0.3623, -1.4018 -0.3689 1.4807, -1.437 -0.4673 0.3543, -1.4018 -0.4673 1.4807, -1.3962 -0.4673 1.5155, -1.3962 -0.3689 1.5155, -1.382 -0.4673 1.5477, -1.382 -0.3689 1.5477, -1.36 -0.4673 1.5753, -1.36 -0.3689 1.5753, -1.3317 -0.4673 1.5964, -1.3317 -0.3689 1.5964, -1.2991 -0.4673 1.6097, -1.2991 -0.3689 1.6097, -1.2598 -0.3689 0.1575, -0.6496 -0.3689 1.7323, -1.624 -0.3689 1.7323, -1.5945 -0.3689 0.1575, -1.624 -0.3689 0.1612, -0.6496 -0.4673 1.7323, -1.624 -0.4673 1.7323, -1.5945 -0.4673 0.1575, -1.624 -0.4673 0.1612, -1.2598 -0.4673 0.1575, -1.4346 -0.4512 0.4505, -0.9271 -0.4566 0.4332, -1.4358 -0.4633 0.4031, -0.9259 -0.4657 0.3852, -1.437 -0.4673 0.3543, -0.9252 -0.4673 0.3543, -1.063 -0.9201 0.0787, -1.1463 -1.12 0.0787, -1.063 -0.9201 -0.0197, -1.1463 -1.12 -0.0197, -0.9797 -1.12 -0.0197, -0.9797 -1.12 0.0787, -0.8661 -1.0972 -0.0197, -0.8661 -1.0972 0.0787, -0.868 -1.1118 0.0787, -0.868 -1.1118 -0.0197, -0.8734 -1.1255 0.0787, -0.8734 -1.1255 -0.0197, -0.882 -1.1375 0.0787, -0.882 -1.1375 -0.0197, -0.8932 -1.1469 0.0787, -0.8932 -1.1469 -0.0197, -0.9065 -1.1533 0.0787, -0.9065 -1.1533 -0.0197, -0.9209 -1.1561 0.0787, -0.9209 -1.1561 -0.0197, -0.9356 -1.1554 0.0787, -0.9356 -1.1554 -0.0197, -0.9496 -1.151 0.0787, -0.9496 -1.151 -0.0197, -0.9622 -1.1433 0.0787, -0.9622 -1.1433 -0.0197, -0.9724 -1.1327 0.0787, -0.9724 -1.1327 -0.0197, -0.8661 -0.5461 0.0787, -1.2598 -0.5461 0.0787, -1.2598 -1.0972 0.0787, -1.258 -1.1118 0.0787, -1.2526 -1.1255 0.0787, -1.244 -1.1375 0.0787, -1.1536 -1.1327 0.0787, -1.1904 -1.1554 0.0787, -1.1763 -1.151 0.0787, -1.1638 -1.1433 0.0787, -1.2051 -1.1561 0.0787, -1.2328 -1.1469 0.0787, -1.2195 -1.1533 0.0787, -1.1536 -1.1327 -0.0197, -1.1638 -1.1433 -0.0197, -1.1763 -1.151 -0.0197, -1.1904 -1.1554 -0.0197, -1.2051 -1.1561 -0.0197, -1.2195 -1.1533 -0.0197, -1.2328 -1.1469 -0.0197, -1.244 -1.1375 -0.0197, -1.2526 -1.1255 -0.0197, -1.258 -1.1118 -0.0197, -1.2598 -1.0972 -0.0197, -0.8661 -0.47 0.1371, -1.2598 -0.47 0.1371, -0.8661 -0.4779 0.1181, -1.2598 -0.4779 0.1181, -0.8661 -0.4904 0.1018, -1.2598 -0.4904 0.1018, -0.8661 -0.5067 0.0893, -1.2598 -0.5067 0.0893, -0.8661 -0.5257 0.0814, -1.2598 -0.5257 0.0814, -1.2598 -0.5461 -0.0197, -0.8661 -0.5461 -0.0197, -0.8661 -0.3733 0.1181, -0.8661 -0.3864 0.0806, -0.8661 -0.4076 0.047, -0.8661 -0.4356 0.019, -0.8661 -0.5066 -0.0152, -0.8661 -0.4692 -0.0021, -1.2598 -0.5066 -0.0152, -1.2598 -0.4692 -0.0021, -1.2598 -0.4356 0.019, -1.2598 -0.3733 0.1181, -1.2598 -0.3864 0.0806, -1.2598 -0.4076 0.047, -1.2106 0.0228 1.1841, -1.2072 0.0315 1.1565, -1.2033 0.0355 1.1279, -1.295 -0.0057 1.0122, -1.1991 0.0348 1.0991, -1.1947 0.0293 1.0708, -1.2671 -0.0013 1.0052, -1.2639 0.0043 1.0173, -1.2587 0.0096 1.0287, -1.2515 0.0146 1.0393, -1.2427 0.019 1.0487, -1.2323 0.0227 1.0567, -1.2206 0.0257 1.0632, -1.208 0.0279 1.0679, -1.2167 0.033 1.0953, -1.2335 0.0301 1.089, -1.2489 0.0261 1.0804, -1.2627 0.0211 1.0698, -1.2744 0.0153 1.0573, -1.2839 0.0088 1.0433, -1.2908 0.0017 1.0281, -1.225 0.0333 1.1232, -1.2456 0.0297 1.1155, -1.2646 0.0248 1.1049, -1.2816 0.0187 1.0918, -1.2961 0.0115 1.0764, -1.3077 0.0035 1.0592, -1.3163 -0.0052 1.0405, -1.3215 -0.0144 1.0208, -1.2326 0.0289 1.151, -1.2568 0.0247 1.1419, -1.279 0.0189 1.1295, -1.2989 0.0118 1.1141, -1.3159 0.0034 1.0961, -1.3296 -0.0061 1.0759, -1.3396 -0.0163 1.054, -1.3457 -0.027 1.031, -1.2393 0.0199 1.1779, -1.2666 0.0152 1.1676, -1.2917 0.0086 1.1536, -1.3142 0.0005 1.1362, -1.3334 -0.009 1.1159, -1.3488 -0.0196 1.093, -1.3601 -0.0311 1.0683, -1.367 -0.0433 1.0423, -1.2134 0.0097 1.21, -1.2449 0.0065 1.2031, -1.2748 0.0013 1.1919, -1.3024 -0.0058 1.1765, -1.327 -0.0147 1.1575, -1.3481 -0.0251 1.1352, -1.365 -0.0368 1.1101, -1.3774 -0.0495 1.083, -1.3849 -0.0628 1.0545, -1.1516 -0.1345 0.847, -1.155 -0.1079 0.858, -1.1588 -0.0835 0.8732, -1.163 -0.062 0.8921, -1.0943 -0.013 0.9805, -1.1673 -0.0439 0.9143, -1.122 -0.005 0.992, -1.1539 -0.0425 0.9172, -1.1412 -0.0403 0.922, -1.1294 -0.0372 0.9285, -1.1189 -0.0335 0.9366, -1.11 -0.029 0.9461, -1.1028 -0.0241 0.9568, -1.0975 -0.0187 0.9683, -1.1453 -0.0602 0.8959, -1.1284 -0.0572 0.9023, -1.1129 -0.0532 0.9109, -1.0991 -0.0482 0.9216, -1.0873 -0.0424 0.9341, -1.0777 -0.0358 0.9482, -1.0708 -0.0287 0.9634, -1.0665 -0.0212 0.9795, -1.137 -0.0813 0.8779, -1.1164 -0.0777 0.8857, -1.0973 -0.0727 0.8963, -1.0803 -0.0666 0.9094, -1.0658 -0.0594 0.9249, -1.0541 -0.0514 0.9421, -1.0455 -0.0426 0.9609, -1.0403 -0.0334 0.9806, -1.1295 -0.1053 0.8636, -1.1053 -0.1011 0.8727, -1.083 -0.0953 0.8851, -1.0631 -0.0881 0.9005, -1.0461 -0.0797 0.9185, -1.0324 -0.0702 0.9388, -1.0224 -0.06 0.9607, -1.0163 -0.0493 0.9838, -1.1229 -0.1316 0.8533, -1.0956 -0.1268 0.8635, -1.0704 -0.1202 0.8775, -1.0479 -0.1121 0.8949, -1.0287 -0.1026 0.9153, -1.0133 -0.092 0.9381, -1.002 -0.0804 0.9629, -0.9951 -0.0683 0.9889, -1.1488 -0.1625 0.8405, -1.1173 -0.1593 0.8474, -1.0874 -0.1541 0.8586, -1.0598 -0.147 0.8739, -1.0352 -0.1381 0.893, -1.0142 -0.1277 0.9153, -0.9972 -0.116 0.9403, -0.9848 -0.1034 0.9674, -0.9773 -0.09 0.996, -1.1811 -0.0693 1.0871, -1.196 -0.0644 1.1018, -1.3087 -0.1242 1.0743, -1.2994 -0.1114 1.0664, -1.287 -0.1011 1.059, -1.2722 -0.0938 1.0525, -1.2557 -0.0899 1.0472, -1.2515 -0.0838 1.0602, -1.2445 -0.0782 1.0722, -1.2351 -0.0733 1.0828, -1.2235 -0.0693 1.0914, -1.2103 -0.0663 1.0979, -1.1993 -0.0627 1.1192, -1.2168 -0.0649 1.1143, -1.2329 -0.0686 1.1065, -1.247 -0.0735 1.0959, -1.2585 -0.0795 1.083, -1.267 -0.0864 1.0684, -1.2023 -0.0649 1.1365, -1.2226 -0.0675 1.1309, -1.2413 -0.0718 1.1218, -1.2577 -0.0775 1.1095, -1.2711 -0.0845 1.0945, -1.281 -0.0924 1.0775, -1.2047 -0.071 1.153, -1.2274 -0.0739 1.1467, -1.2484 -0.0787 1.1365, -1.2667 -0.0851 1.1228, -1.2816 -0.0929 1.1061, -1.2927 -0.1017 1.087, -1.2066 -0.0806 1.1678, -1.2311 -0.0838 1.161, -1.2537 -0.0889 1.15, -1.2734 -0.0958 1.1352, -1.2895 -0.1042 1.1171, -1.3015 -0.1138 1.0966, -1.2078 -0.0934 1.1801, -1.2334 -0.0967 1.173, -1.2569 -0.102 1.1615, -1.2776 -0.1092 1.146, -1.2945 -0.118 1.1272, -1.3069 -0.128 1.1057, -1.3145 -0.1389 1.0824, -1.0484 -0.1578 1.0353, -1.0561 -0.14 1.0286, -1.0684 -0.1242 1.0239, -1.0844 -0.1116 1.0213, -1.1031 -0.103 1.0212, -1.1655 -0.1296 0.9641, -1.1505 -0.1277 0.9682, -1.1367 -0.1245 0.975, -1.1247 -0.1203 0.984, -1.1148 -0.1152 0.995, -1.1075 -0.1093 1.0076, -1.1618 -0.1446 0.9505, -1.1432 -0.1422 0.9557, -1.1261 -0.1383 0.964, -1.1112 -0.1331 0.9752, -1.0989 -0.1267 0.9889, -1.0899 -0.1195 1.0045, -1.1586 -0.1627 0.9413, -1.1369 -0.1599 0.9473, -1.117 -0.1554 0.957, -1.0996 -0.1493 0.9701, -1.0853 -0.1418 0.986, -1.0748 -0.1334 1.0042, -1.1561 -0.1827 0.9371, -1.1321 -0.1796 0.9438, -1.11 -0.1745 0.9545, -1.0907 -0.1678 0.969, -1.0749 -0.1595 0.9867, -1.0632 -0.1502 1.0068, -1.1546 -0.2031 0.9381, -1.1291 -0.1998 0.9452, -1.1056 -0.1945 0.9566, -1.0851 -0.1873 0.972, -1.0683 -0.1786 0.9908, -1.0559 -0.1686 1.0122
            ]
        }
        coordIndex [
            0,1,2,-1,2,1,3,-1,2,4,0,-1,0,4,5,-1,6,7,8,-1,6,8,9,-1,9,8,10,-1,9,10,11,-1,11,10,12,-1,11,12,13,-1,13,12,14,-1,13,14,15,-1,15,14,16,-1,15,16,17,-1,17,16,18,-1,17,18,19,-1,19,18,20,-1,19,20,21,-1,21,20,22,-1,21,22,23,-1,23,22,24,-1,23,24,25,-1,25,24,26,-1,25,26,27,-1,27,26,3,-1,27,3,1,-1,28,29,30,-1,28,30,31,-1,31,30,32,-1,31,32,33,-1,33,32,34,-1,33,34,35,-1,35,34,36,-1,35,36,37,-1,37,36,38,-1,37,38,39,-1,39,38,40,-1,39,40,41,-1,41,40,42,-1,41,42,43,-1,43,42,44,-1,43,44,45,-1,45,44,46,-1,45,46,47,-1,47,46,48,-1,47,48,49,-1,49,48,5,-1,49,5,4,-1,32,30,5,-1,5,30,29,-1,5,29,0,-1,44,42,40,-1,29,50,0,-1,0,50,51,-1,0,51,1,-1,1,51,6,-1,1,6,9,-1,15,17,1,-1,1,17,19,-1,1,19,21,-1,48,46,36,-1,36,46,44,-1,36,44,38,-1,38,44,40,-1,48,36,5,-1,5,36,34,-1,5,34,32,-1,9,11,1,-1,1,11,13,-1,1,13,15,-1,21,23,1,-1,1,23,25,-1,1,25,27,-1,52,53,54,-1,54,53,55,-1,54,55,56,-1,56,55,57,-1,56,57,58,-1,58,57,59,-1,58,59,60,-1,60,59,61,-1,60,61,62,-1,62,61,63,-1,62,63,50,-1,50,63,51,-1,2,3,7,-1,31,33,4,-1,3,20,18,-1,18,16,3,-1,3,16,14,-1,3,14,12,-1,7,64,2,-1,2,64,65,-1,2,65,4,-1,4,65,28,-1,4,28,31,-1,37,45,47,-1,26,24,3,-1,3,24,22,-1,3,22,20,-1,12,10,3,-1,3,10,8,-1,3,8,7,-1,37,39,45,-1,45,39,41,-1,45,41,43,-1,33,35,4,-1,4,35,37,-1,4,37,49,-1,49,37,47,-1,66,67,68,-1,69,70,71,-1,72,73,74,-1,74,73,75,-1,74,75,71,-1,71,75,76,-1,71,76,69,-1,72,77,73,-1,73,77,78,-1,73,78,79,-1,73,80,81,-1,66,68,82,-1,83,84,71,-1,71,84,85,-1,79,86,73,-1,73,86,87,-1,73,87,80,-1,81,88,73,-1,73,88,89,-1,73,89,68,-1,68,89,90,-1,68,90,91,-1,85,92,71,-1,71,92,93,-1,71,93,94,-1,94,95,71,-1,71,95,96,-1,71,96,97,-1,97,98,99,-1,91,100,68,-1,68,100,101,-1,68,101,82,-1,70,102,71,-1,71,102,103,-1,71,103,83,-1,99,104,97,-1,97,104,105,-1,97,105,71,-1,106,107,108,-1,109,110,111,-1,112,113,111,-1,111,113,114,-1,111,114,115,-1,108,107,111,-1,111,107,116,-1,111,116,109,-1,110,117,111,-1,111,117,118,-1,111,118,112,-1,108,119,106,-1,106,119,120,-1,106,120,121,-1,121,122,106,-1,106,122,123,-1,106,123,124,-1,125,115,126,-1,126,115,127,-1,128,129,130,-1,130,129,131,-1,124,132,106,-1,106,132,133,-1,106,133,134,-1,134,133,131,-1,134,131,135,-1,135,131,129,-1,125,136,115,-1,115,136,137,-1,115,137,111,-1,138,139,140,-1,139,141,142,-1,141,143,144,-1,145,146,147,-1,89,148,149,-1,89,149,90,-1,90,149,150,-1,90,150,91,-1,91,150,151,-1,91,151,100,-1,100,151,152,-1,100,152,101,-1,101,152,153,-1,101,153,82,-1,82,153,154,-1,82,154,66,-1,66,154,155,-1,66,155,67,-1,67,155,156,-1,67,156,68,-1,68,156,147,-1,68,147,73,-1,73,147,146,-1,73,146,157,-1,143,158,159,-1,159,158,145,-1,138,140,160,-1,145,147,159,-1,159,147,156,-1,159,156,161,-1,161,156,155,-1,161,155,162,-1,162,155,154,-1,162,154,163,-1,163,154,153,-1,163,153,164,-1,164,153,152,-1,164,152,165,-1,165,152,151,-1,165,151,166,-1,166,151,150,-1,166,150,167,-1,167,150,149,-1,167,149,168,-1,168,149,148,-1,168,148,169,-1,143,159,144,-1,144,159,161,-1,144,161,170,-1,170,161,162,-1,170,162,171,-1,171,162,163,-1,171,163,172,-1,172,163,164,-1,172,164,173,-1,173,164,165,-1,173,165,174,-1,174,165,166,-1,174,166,175,-1,175,166,167,-1,175,167,176,-1,176,167,168,-1,176,168,177,-1,177,168,169,-1,177,169,178,-1,141,144,142,-1,142,144,170,-1,142,170,179,-1,179,170,171,-1,179,171,180,-1,180,171,172,-1,180,172,181,-1,181,172,173,-1,181,173,182,-1,182,173,174,-1,182,174,183,-1,183,174,175,-1,183,175,184,-1,184,175,176,-1,184,176,185,-1,185,176,177,-1,185,177,186,-1,186,177,178,-1,186,178,187,-1,139,142,140,-1,140,142,179,-1,140,179,188,-1,188,179,180,-1,188,180,189,-1,189,180,181,-1,189,181,190,-1,190,181,182,-1,190,182,191,-1,191,182,183,-1,191,183,192,-1,192,183,184,-1,192,184,193,-1,193,184,185,-1,193,185,194,-1,194,185,186,-1,194,186,195,-1,195,186,187,-1,195,187,196,-1,160,140,197,-1,197,140,188,-1,197,188,198,-1,198,188,189,-1,198,189,199,-1,199,189,190,-1,199,190,200,-1,200,190,191,-1,200,191,201,-1,201,191,192,-1,201,192,202,-1,202,192,193,-1,202,193,203,-1,203,193,194,-1,203,194,204,-1,204,194,195,-1,204,195,205,-1,205,195,196,-1,205,196,206,-1,207,208,209,-1,208,210,211,-1,210,212,213,-1,214,215,71,-1,212,216,217,-1,217,216,214,-1,218,219,220,-1,220,219,207,-1,214,71,217,-1,217,71,105,-1,217,105,221,-1,221,105,104,-1,221,104,222,-1,222,104,99,-1,222,99,223,-1,223,99,98,-1,223,98,224,-1,224,98,97,-1,224,97,225,-1,225,97,96,-1,225,96,226,-1,226,96,95,-1,226,95,227,-1,227,95,94,-1,227,94,228,-1,228,94,93,-1,228,93,229,-1,212,217,213,-1,213,217,221,-1,213,221,230,-1,230,221,222,-1,230,222,231,-1,231,222,223,-1,231,223,232,-1,232,223,224,-1,232,224,233,-1,233,224,225,-1,233,225,234,-1,234,225,226,-1,234,226,235,-1,235,226,227,-1,235,227,236,-1,236,227,228,-1,236,228,237,-1,237,228,229,-1,237,229,238,-1,210,213,211,-1,211,213,230,-1,211,230,239,-1,239,230,231,-1,239,231,240,-1,240,231,232,-1,240,232,241,-1,241,232,233,-1,241,233,242,-1,242,233,234,-1,242,234,243,-1,243,234,235,-1,243,235,244,-1,244,235,236,-1,244,236,245,-1,245,236,237,-1,245,237,246,-1,246,237,238,-1,246,238,247,-1,208,211,209,-1,209,211,239,-1,209,239,248,-1,248,239,240,-1,248,240,249,-1,249,240,241,-1,249,241,250,-1,250,241,242,-1,250,242,251,-1,251,242,243,-1,251,243,252,-1,252,243,244,-1,252,244,253,-1,253,244,245,-1,253,245,254,-1,254,245,246,-1,254,246,255,-1,255,246,247,-1,255,247,256,-1,207,209,220,-1,220,209,248,-1,220,248,257,-1,257,248,249,-1,257,249,258,-1,258,249,250,-1,258,250,259,-1,259,250,251,-1,259,251,260,-1,260,251,252,-1,260,252,261,-1,261,252,253,-1,261,253,262,-1,262,253,254,-1,262,254,263,-1,263,254,255,-1,263,255,264,-1,264,255,256,-1,264,256,265,-1,218,220,266,-1,266,220,257,-1,266,257,267,-1,267,257,258,-1,267,258,268,-1,268,258,259,-1,268,259,269,-1,269,259,260,-1,269,260,270,-1,270,260,261,-1,270,261,271,-1,271,261,262,-1,271,262,272,-1,272,262,263,-1,272,263,273,-1,273,263,264,-1,273,264,274,-1,274,264,265,-1,274,265,275,-1,276,277,278,-1,276,278,279,-1,279,278,280,-1,279,280,281,-1,281,280,282,-1,281,282,283,-1,283,282,284,-1,283,284,285,-1,285,284,286,-1,285,286,287,-1,287,286,288,-1,287,288,289,-1,290,291,292,-1,290,292,293,-1,293,292,294,-1,293,294,295,-1,295,294,296,-1,295,296,297,-1,297,296,298,-1,297,298,299,-1,299,298,300,-1,299,300,301,-1,301,300,302,-1,301,302,303,-1,302,277,303,-1,303,277,276,-1,304,305,306,-1,307,308,309,-1,310,311,312,-1,313,314,315,-1,316,317,318,-1,319,320,321,-1,322,133,323,-1,323,133,132,-1,323,132,324,-1,324,132,124,-1,324,124,325,-1,325,124,123,-1,325,123,326,-1,326,123,122,-1,326,122,327,-1,327,122,121,-1,327,121,328,-1,328,121,120,-1,328,120,321,-1,321,120,119,-1,321,119,319,-1,320,316,321,-1,321,316,318,-1,321,318,328,-1,328,318,329,-1,328,329,327,-1,327,329,330,-1,327,330,326,-1,326,330,331,-1,326,331,325,-1,325,331,332,-1,325,332,324,-1,324,332,333,-1,324,333,323,-1,323,333,334,-1,323,334,322,-1,322,334,335,-1,317,313,318,-1,318,313,315,-1,318,315,329,-1,329,315,336,-1,329,336,330,-1,330,336,337,-1,330,337,331,-1,331,337,338,-1,331,338,332,-1,332,338,339,-1,332,339,333,-1,333,339,340,-1,333,340,334,-1,334,340,341,-1,334,341,335,-1,335,341,342,-1,314,310,315,-1,315,310,312,-1,315,312,336,-1,336,312,343,-1,336,343,337,-1,337,343,344,-1,337,344,338,-1,338,344,345,-1,338,345,339,-1,339,345,346,-1,339,346,340,-1,340,346,347,-1,340,347,341,-1,341,347,348,-1,341,348,342,-1,342,348,349,-1,311,307,312,-1,312,307,309,-1,312,309,343,-1,343,309,350,-1,343,350,344,-1,344,350,351,-1,344,351,345,-1,345,351,352,-1,345,352,346,-1,346,352,353,-1,346,353,347,-1,347,353,354,-1,347,354,348,-1,348,354,355,-1,348,355,349,-1,349,355,356,-1,308,304,309,-1,309,304,306,-1,309,306,350,-1,350,306,357,-1,350,357,351,-1,351,357,358,-1,351,358,352,-1,352,358,359,-1,352,359,353,-1,353,359,360,-1,353,360,354,-1,354,360,361,-1,354,361,355,-1,355,361,362,-1,355,362,356,-1,356,362,363,-1,305,364,306,-1,306,364,365,-1,306,365,357,-1,357,365,366,-1,357,366,358,-1,358,366,367,-1,358,367,359,-1,359,367,368,-1,359,368,360,-1,360,368,369,-1,360,369,361,-1,361,369,370,-1,361,370,362,-1,362,370,371,-1,362,371,363,-1,363,371,372,-1,373,374,375,-1,376,377,378,-1,379,380,381,-1,382,383,384,-1,385,386,387,-1,388,389,390,-1,391,388,116,-1,116,388,390,-1,116,390,109,-1,109,390,392,-1,109,392,110,-1,110,392,393,-1,110,393,117,-1,117,393,394,-1,117,394,118,-1,118,394,395,-1,118,395,112,-1,112,395,396,-1,112,396,113,-1,113,396,397,-1,113,397,114,-1,114,397,398,-1,389,385,390,-1,390,385,387,-1,390,387,392,-1,392,387,399,-1,392,399,393,-1,393,399,400,-1,393,400,394,-1,394,400,401,-1,394,401,395,-1,395,401,402,-1,395,402,396,-1,396,402,403,-1,396,403,397,-1,397,403,404,-1,397,404,398,-1,398,404,405,-1,386,382,387,-1,387,382,384,-1,387,384,399,-1,399,384,406,-1,399,406,400,-1,400,406,407,-1,400,407,401,-1,401,407,408,-1,401,408,402,-1,402,408,409,-1,402,409,403,-1,403,409,410,-1,403,410,404,-1,404,410,411,-1,404,411,405,-1,405,411,412,-1,383,379,384,-1,384,379,381,-1,384,381,406,-1,406,381,413,-1,406,413,407,-1,407,413,414,-1,407,414,408,-1,408,414,415,-1,408,415,409,-1,409,415,416,-1,409,416,410,-1,410,416,417,-1,410,417,411,-1,411,417,418,-1,411,418,412,-1,412,418,419,-1,380,376,381,-1,381,376,378,-1,381,378,413,-1,413,378,420,-1,413,420,414,-1,414,420,421,-1,414,421,415,-1,415,421,422,-1,415,422,416,-1,416,422,423,-1,416,423,417,-1,417,423,424,-1,417,424,418,-1,418,424,425,-1,418,425,419,-1,419,425,426,-1,377,373,378,-1,378,373,375,-1,378,375,420,-1,420,375,427,-1,420,427,421,-1,421,427,428,-1,421,428,422,-1,422,428,429,-1,422,429,423,-1,423,429,430,-1,423,430,424,-1,424,430,431,-1,424,431,425,-1,425,431,432,-1,425,432,426,-1,426,432,433,-1,434,435,289,-1,436,437,438,-1,438,437,439,-1,440,441,438,-1,289,442,287,-1,287,442,443,-1,287,443,285,-1,285,443,444,-1,285,444,283,-1,441,445,438,-1,438,445,446,-1,438,446,436,-1,435,447,289,-1,289,447,448,-1,289,448,442,-1,439,449,438,-1,438,449,450,-1,438,450,451,-1,451,450,452,-1,451,452,453,-1,454,455,290,-1,453,456,451,-1,451,456,457,-1,451,457,458,-1,458,459,451,-1,451,459,460,-1,451,460,461,-1,297,299,462,-1,462,299,301,-1,462,301,463,-1,463,301,303,-1,463,303,464,-1,464,303,276,-1,464,276,465,-1,465,276,279,-1,465,279,444,-1,444,279,281,-1,444,281,283,-1,466,467,290,-1,290,467,468,-1,290,468,454,-1,455,469,290,-1,290,469,470,-1,290,470,438,-1,438,470,471,-1,438,471,440,-1,461,472,451,-1,451,472,473,-1,451,473,289,-1,289,473,474,-1,289,474,434,-1,466,290,475,-1,475,290,293,-1,475,293,462,-1,462,293,295,-1,462,295,297,-1,476,289,477,-1,477,289,288,-1,478,291,438,-1,438,291,290,-1,298,296,479,-1,480,481,477,-1,291,482,483,-1,479,296,484,-1,483,485,291,-1,291,485,486,-1,291,486,292,-1,292,486,484,-1,292,484,294,-1,294,484,296,-1,481,487,477,-1,477,487,488,-1,477,488,489,-1,369,368,288,-1,288,368,367,-1,288,367,366,-1,284,282,370,-1,370,282,280,-1,370,280,371,-1,431,430,478,-1,280,278,371,-1,371,278,277,-1,371,277,372,-1,372,277,302,-1,372,302,479,-1,479,302,300,-1,479,300,298,-1,369,288,370,-1,370,288,286,-1,370,286,284,-1,366,365,288,-1,288,365,490,-1,288,490,477,-1,477,490,491,-1,477,491,480,-1,489,492,477,-1,477,492,433,-1,477,433,478,-1,478,433,432,-1,478,432,431,-1,430,429,478,-1,478,429,428,-1,478,428,427,-1,427,375,478,-1,478,375,493,-1,478,493,291,-1,291,493,494,-1,291,494,482,-1,478,438,495,-1,495,438,496,-1,497,498,499,-1,499,498,500,-1,499,500,501,-1,501,500,502,-1,501,502,503,-1,503,502,504,-1,503,504,505,-1,505,504,506,-1,505,506,496,-1,496,506,507,-1,496,507,495,-1,508,476,477,-1,508,477,509,-1,477,510,509,-1,509,510,511,-1,509,511,512,-1,512,511,513,-1,512,513,514,-1,514,513,515,-1,514,515,516,-1,517,518,519,-1,519,518,516,-1,519,516,520,-1,520,516,515,-1,29,28,50,-1,50,28,65,-1,50,65,62,-1,62,65,521,-1,62,521,60,-1,60,521,522,-1,60,522,58,-1,522,523,58,-1,58,523,524,-1,58,524,56,-1,56,524,525,-1,56,525,54,-1,54,525,526,-1,54,526,52,-1,52,526,527,-1,52,527,528,-1,529,527,526,-1,529,526,530,-1,530,526,525,-1,530,525,531,-1,531,525,524,-1,531,524,532,-1,532,524,523,-1,532,523,533,-1,533,523,522,-1,533,522,534,-1,534,522,521,-1,534,521,535,-1,535,521,65,-1,535,65,64,-1,528,527,536,-1,536,527,537,-1,538,536,539,-1,539,536,537,-1,540,541,542,-1,542,541,543,-1,542,543,544,-1,544,543,545,-1,544,545,546,-1,546,545,547,-1,546,547,548,-1,548,547,549,-1,548,549,550,-1,550,549,551,-1,550,551,552,-1,552,551,553,-1,552,553,554,-1,554,553,555,-1,554,555,556,-1,556,555,557,-1,556,557,558,-1,558,557,559,-1,558,559,560,-1,560,559,561,-1,562,563,540,-1,540,563,541,-1,564,565,566,-1,566,565,567,-1,564,566,568,-1,568,566,569,-1,568,569,570,-1,570,569,571,-1,570,571,572,-1,572,571,573,-1,572,573,574,-1,574,573,575,-1,574,575,576,-1,576,575,577,-1,576,577,578,-1,578,577,579,-1,580,578,581,-1,581,578,579,-1,516,582,583,-1,438,451,496,-1,496,451,584,-1,496,584,585,-1,584,509,585,-1,585,509,512,-1,585,512,503,-1,503,512,586,-1,503,586,501,-1,501,586,516,-1,501,516,587,-1,587,516,583,-1,583,588,589,-1,589,588,590,-1,590,588,591,-1,591,588,592,-1,591,592,593,-1,593,592,594,-1,593,594,595,-1,595,594,596,-1,595,596,597,-1,597,596,598,-1,597,598,599,-1,599,598,600,-1,599,600,565,-1,565,600,567,-1,7,6,64,-1,64,6,51,-1,64,51,535,-1,535,51,63,-1,535,63,534,-1,534,63,61,-1,534,61,533,-1,533,61,59,-1,533,59,532,-1,532,59,57,-1,532,57,531,-1,531,57,530,-1,530,57,55,-1,530,55,529,-1,529,55,53,-1,529,53,601,-1,602,603,604,-1,604,603,605,-1,606,607,601,-1,601,607,529,-1,608,560,609,-1,609,560,561,-1,607,610,583,-1,603,562,540,-1,539,537,582,-1,582,537,527,-1,582,527,583,-1,583,527,529,-1,583,529,607,-1,611,577,575,-1,612,613,583,-1,583,613,614,-1,583,614,605,-1,539,582,611,-1,611,582,579,-1,611,579,577,-1,544,546,588,-1,610,615,583,-1,583,615,616,-1,583,616,612,-1,594,608,596,-1,596,608,598,-1,588,546,592,-1,575,573,611,-1,611,573,571,-1,611,571,569,-1,546,548,592,-1,592,548,550,-1,592,550,594,-1,594,550,552,-1,552,554,594,-1,594,554,556,-1,594,556,608,-1,608,556,558,-1,608,558,560,-1,544,588,542,-1,542,588,583,-1,542,583,540,-1,540,583,605,-1,540,605,603,-1,569,566,611,-1,611,566,567,-1,611,567,608,-1,608,567,600,-1,608,600,598,-1,608,609,611,-1,611,609,617,-1,605,614,604,-1,604,614,618,-1,607,606,619,-1,607,619,610,-1,610,619,620,-1,610,620,615,-1,615,620,621,-1,615,621,616,-1,616,621,622,-1,616,622,612,-1,612,622,623,-1,612,623,613,-1,613,623,618,-1,613,618,614,-1,477,478,510,-1,510,478,495,-1,510,495,511,-1,495,507,511,-1,511,507,506,-1,511,506,624,-1,624,506,515,-1,515,506,625,-1,515,625,520,-1,625,502,520,-1,520,502,500,-1,520,500,626,-1,626,500,627,-1,626,627,628,-1,603,602,562,-1,562,602,563,-1,568,570,617,-1,617,570,572,-1,617,572,574,-1,593,595,609,-1,609,595,597,-1,618,627,604,-1,604,627,541,-1,604,541,602,-1,602,541,563,-1,528,536,628,-1,628,536,538,-1,628,538,578,-1,578,538,617,-1,578,617,576,-1,576,617,574,-1,627,606,628,-1,628,606,601,-1,628,601,528,-1,528,601,53,-1,528,53,52,-1,618,623,627,-1,627,623,622,-1,627,622,621,-1,591,551,549,-1,621,620,627,-1,627,620,619,-1,627,619,606,-1,597,599,609,-1,609,599,565,-1,609,565,617,-1,617,565,564,-1,617,564,568,-1,609,561,559,-1,591,549,590,-1,551,591,553,-1,553,591,593,-1,553,593,555,-1,549,547,590,-1,590,547,545,-1,590,545,627,-1,627,545,543,-1,627,543,541,-1,609,559,593,-1,593,559,557,-1,593,557,555,-1,611,617,539,-1,539,617,538,-1,206,196,629,-1,196,187,630,-1,187,178,631,-1,632,212,210,-1,178,169,633,-1,169,148,634,-1,72,635,636,-1,72,636,77,-1,77,636,637,-1,77,637,78,-1,78,637,638,-1,78,638,79,-1,79,638,639,-1,79,639,86,-1,86,639,640,-1,86,640,87,-1,87,640,641,-1,87,641,80,-1,80,641,642,-1,80,642,81,-1,81,642,634,-1,81,634,88,-1,88,634,148,-1,88,148,89,-1,72,643,635,-1,635,643,214,-1,635,214,216,-1,169,634,633,-1,633,634,642,-1,633,642,644,-1,644,642,641,-1,644,641,645,-1,645,641,640,-1,645,640,646,-1,646,640,639,-1,646,639,647,-1,647,639,638,-1,647,638,648,-1,648,638,637,-1,648,637,649,-1,649,637,636,-1,649,636,650,-1,650,636,635,-1,650,635,632,-1,632,635,216,-1,632,216,212,-1,178,633,631,-1,631,633,644,-1,631,644,651,-1,651,644,645,-1,651,645,652,-1,652,645,646,-1,652,646,653,-1,653,646,647,-1,653,647,654,-1,654,647,648,-1,654,648,655,-1,655,648,649,-1,655,649,656,-1,656,649,650,-1,656,650,657,-1,657,650,632,-1,657,632,658,-1,658,632,210,-1,658,210,208,-1,187,631,630,-1,630,631,651,-1,630,651,659,-1,659,651,652,-1,659,652,660,-1,660,652,653,-1,660,653,661,-1,661,653,654,-1,661,654,662,-1,662,654,655,-1,662,655,663,-1,663,655,656,-1,663,656,664,-1,664,656,657,-1,664,657,665,-1,665,657,658,-1,665,658,666,-1,666,658,208,-1,666,208,207,-1,196,630,629,-1,629,630,659,-1,629,659,667,-1,667,659,660,-1,667,660,668,-1,668,660,661,-1,668,661,669,-1,669,661,662,-1,669,662,670,-1,670,662,663,-1,670,663,671,-1,671,663,664,-1,671,664,672,-1,672,664,665,-1,672,665,673,-1,673,665,666,-1,673,666,674,-1,674,666,207,-1,674,207,219,-1,206,629,675,-1,675,629,667,-1,675,667,676,-1,676,667,668,-1,676,668,677,-1,677,668,669,-1,677,669,678,-1,678,669,670,-1,678,670,679,-1,679,670,671,-1,679,671,680,-1,680,671,672,-1,680,672,681,-1,681,672,673,-1,681,673,682,-1,682,673,674,-1,682,674,683,-1,683,674,219,-1,683,219,218,-1,275,265,684,-1,265,256,685,-1,256,247,686,-1,247,238,687,-1,688,145,158,-1,238,229,689,-1,229,93,92,-1,76,690,146,-1,229,92,689,-1,689,92,85,-1,689,85,691,-1,691,85,84,-1,691,84,692,-1,692,84,83,-1,692,83,693,-1,693,83,103,-1,693,103,694,-1,694,103,102,-1,694,102,695,-1,695,102,70,-1,695,70,696,-1,696,70,69,-1,696,69,697,-1,697,69,76,-1,697,76,688,-1,688,76,146,-1,688,146,145,-1,238,689,687,-1,687,689,691,-1,687,691,698,-1,698,691,692,-1,698,692,699,-1,699,692,693,-1,699,693,700,-1,700,693,694,-1,700,694,701,-1,701,694,695,-1,701,695,702,-1,702,695,696,-1,702,696,703,-1,703,696,697,-1,703,697,704,-1,704,697,688,-1,704,688,705,-1,705,688,158,-1,705,158,143,-1,247,687,686,-1,686,687,698,-1,686,698,706,-1,706,698,699,-1,706,699,707,-1,707,699,700,-1,707,700,708,-1,708,700,701,-1,708,701,709,-1,709,701,702,-1,709,702,710,-1,710,702,703,-1,710,703,711,-1,711,703,704,-1,711,704,712,-1,712,704,705,-1,712,705,713,-1,713,705,143,-1,713,143,141,-1,256,686,685,-1,685,686,706,-1,685,706,714,-1,714,706,707,-1,714,707,715,-1,715,707,708,-1,715,708,716,-1,716,708,709,-1,716,709,717,-1,717,709,710,-1,717,710,718,-1,718,710,711,-1,718,711,719,-1,719,711,712,-1,719,712,720,-1,720,712,713,-1,720,713,721,-1,721,713,141,-1,721,141,139,-1,265,685,684,-1,684,685,714,-1,684,714,722,-1,722,714,715,-1,722,715,723,-1,723,715,716,-1,723,716,724,-1,724,716,717,-1,724,717,725,-1,725,717,718,-1,725,718,726,-1,726,718,719,-1,726,719,727,-1,727,719,720,-1,727,720,728,-1,728,720,721,-1,728,721,729,-1,729,721,139,-1,729,139,138,-1,275,684,730,-1,730,684,722,-1,730,722,731,-1,731,722,723,-1,731,723,732,-1,732,723,724,-1,732,724,733,-1,733,724,725,-1,733,725,734,-1,734,725,726,-1,734,726,735,-1,735,726,727,-1,735,727,736,-1,736,727,728,-1,736,728,737,-1,737,728,729,-1,737,729,738,-1,738,729,138,-1,738,138,160,-1,739,322,740,-1,377,376,741,-1,380,379,742,-1,383,382,743,-1,386,385,744,-1,389,388,745,-1,388,391,745,-1,745,391,106,-1,745,106,746,-1,746,106,134,-1,746,134,747,-1,747,134,135,-1,747,135,748,-1,748,135,129,-1,748,129,749,-1,749,129,128,-1,749,128,750,-1,750,128,130,-1,750,130,740,-1,740,130,131,-1,740,131,739,-1,322,335,740,-1,740,335,751,-1,740,751,750,-1,750,751,752,-1,750,752,749,-1,749,752,753,-1,749,753,748,-1,748,753,754,-1,748,754,747,-1,747,754,755,-1,747,755,746,-1,746,755,756,-1,746,756,745,-1,745,756,744,-1,745,744,389,-1,389,744,385,-1,335,342,751,-1,751,342,757,-1,751,757,752,-1,752,757,758,-1,752,758,753,-1,753,758,759,-1,753,759,754,-1,754,759,760,-1,754,760,755,-1,755,760,761,-1,755,761,756,-1,756,761,762,-1,756,762,744,-1,744,762,743,-1,744,743,386,-1,386,743,382,-1,342,349,757,-1,757,349,763,-1,757,763,758,-1,758,763,764,-1,758,764,759,-1,759,764,765,-1,759,765,760,-1,760,765,766,-1,760,766,761,-1,761,766,767,-1,761,767,762,-1,762,767,768,-1,762,768,743,-1,743,768,742,-1,743,742,383,-1,383,742,379,-1,349,356,763,-1,763,356,769,-1,763,769,764,-1,764,769,770,-1,764,770,765,-1,765,770,771,-1,765,771,766,-1,766,771,772,-1,766,772,767,-1,767,772,773,-1,767,773,768,-1,768,773,774,-1,768,774,742,-1,742,774,741,-1,742,741,380,-1,380,741,376,-1,356,363,769,-1,769,363,775,-1,769,775,770,-1,770,775,776,-1,770,776,771,-1,771,776,777,-1,771,777,772,-1,772,777,778,-1,772,778,773,-1,773,778,779,-1,773,779,774,-1,774,779,780,-1,774,780,741,-1,741,780,781,-1,741,781,377,-1,377,781,373,-1,363,372,775,-1,775,372,479,-1,775,479,776,-1,776,479,484,-1,776,484,777,-1,777,484,486,-1,777,486,778,-1,778,486,485,-1,778,485,779,-1,779,485,483,-1,779,483,780,-1,780,483,482,-1,780,482,781,-1,781,482,494,-1,781,494,373,-1,373,494,374,-1,305,304,782,-1,308,307,783,-1,311,310,784,-1,314,313,785,-1,317,316,786,-1,320,319,111,-1,114,398,115,-1,115,398,787,-1,115,787,127,-1,127,787,788,-1,127,788,126,-1,126,788,789,-1,126,789,125,-1,125,789,790,-1,125,790,136,-1,136,790,791,-1,136,791,137,-1,137,791,792,-1,137,792,111,-1,111,792,786,-1,111,786,320,-1,320,786,316,-1,398,405,787,-1,787,405,793,-1,787,793,788,-1,788,793,794,-1,788,794,789,-1,789,794,795,-1,789,795,790,-1,790,795,796,-1,790,796,791,-1,791,796,797,-1,791,797,792,-1,792,797,798,-1,792,798,786,-1,786,798,785,-1,786,785,317,-1,317,785,313,-1,405,412,793,-1,793,412,799,-1,793,799,794,-1,794,799,800,-1,794,800,795,-1,795,800,801,-1,795,801,796,-1,796,801,802,-1,796,802,797,-1,797,802,803,-1,797,803,798,-1,798,803,804,-1,798,804,785,-1,785,804,784,-1,785,784,314,-1,314,784,310,-1,412,419,799,-1,799,419,805,-1,799,805,800,-1,800,805,806,-1,800,806,801,-1,801,806,807,-1,801,807,802,-1,802,807,808,-1,802,808,803,-1,803,808,809,-1,803,809,804,-1,804,809,810,-1,804,810,784,-1,784,810,783,-1,784,783,311,-1,311,783,307,-1,419,426,805,-1,805,426,811,-1,805,811,806,-1,806,811,812,-1,806,812,807,-1,807,812,813,-1,807,813,808,-1,808,813,814,-1,808,814,809,-1,809,814,815,-1,809,815,810,-1,810,815,816,-1,810,816,783,-1,783,816,782,-1,783,782,308,-1,308,782,304,-1,426,433,811,-1,811,433,492,-1,811,492,812,-1,812,492,489,-1,812,489,813,-1,813,489,488,-1,813,488,814,-1,814,488,487,-1,814,487,815,-1,815,487,481,-1,815,481,816,-1,816,481,480,-1,816,480,782,-1,782,480,491,-1,782,491,305,-1,305,491,364,-1,817,818,819,-1,820,821,822,-1,822,823,820,-1,820,823,824,-1,820,824,825,-1,825,824,826,-1,827,828,817,-1,828,829,817,-1,817,829,830,-1,817,830,831,-1,831,832,817,-1,817,832,833,-1,817,833,818,-1,834,835,820,-1,820,835,836,-1,820,836,837,-1,826,838,825,-1,825,838,839,-1,825,839,840,-1,840,841,825,-1,825,841,842,-1,825,842,843,-1,834,820,844,-1,844,820,845,-1,844,845,817,-1,817,845,846,-1,817,846,827,-1,819,847,817,-1,817,847,848,-1,817,848,849,-1,837,850,820,-1,820,850,851,-1,820,851,821,-1,852,853,854,-1,854,853,855,-1,854,855,849,-1,849,855,856,-1,849,856,817,-1,857,858,859,-1,859,858,860,-1,859,860,861,-1,861,860,862,-1,861,862,863,-1,863,864,861,-1,861,864,865,-1,861,865,866,-1,866,867,861,-1,861,867,868,-1,861,868,869,-1,857,870,858,-1,858,870,871,-1,858,871,872,-1,872,873,858,-1,858,873,874,-1,858,874,875,-1,876,877,878,-1,875,879,858,-1,858,879,880,-1,858,880,881,-1,881,880,882,-1,878,883,876,-1,876,883,884,-1,876,884,869,-1,869,884,885,-1,869,885,861,-1,882,886,881,-1,881,886,887,-1,881,887,888,-1,889,890,891,-1,890,892,893,-1,892,894,895,-1,896,897,898,-1,824,899,900,-1,824,900,826,-1,826,900,901,-1,826,901,838,-1,838,901,902,-1,838,902,839,-1,839,902,903,-1,839,903,840,-1,840,903,904,-1,840,904,841,-1,841,904,905,-1,841,905,842,-1,842,905,906,-1,842,906,843,-1,843,906,907,-1,843,907,825,-1,825,907,898,-1,825,898,820,-1,820,898,897,-1,820,897,908,-1,894,909,910,-1,910,909,896,-1,889,891,911,-1,896,898,910,-1,910,898,907,-1,910,907,912,-1,912,907,906,-1,912,906,913,-1,913,906,905,-1,913,905,914,-1,914,905,904,-1,914,904,915,-1,915,904,903,-1,915,903,916,-1,916,903,902,-1,916,902,917,-1,917,902,901,-1,917,901,918,-1,918,901,900,-1,918,900,919,-1,919,900,899,-1,919,899,920,-1,894,910,895,-1,895,910,912,-1,895,912,921,-1,921,912,913,-1,921,913,922,-1,922,913,914,-1,922,914,923,-1,923,914,915,-1,923,915,924,-1,924,915,916,-1,924,916,925,-1,925,916,917,-1,925,917,926,-1,926,917,918,-1,926,918,927,-1,927,918,919,-1,927,919,928,-1,928,919,920,-1,928,920,929,-1,892,895,893,-1,893,895,921,-1,893,921,930,-1,930,921,922,-1,930,922,931,-1,931,922,923,-1,931,923,932,-1,932,923,924,-1,932,924,933,-1,933,924,925,-1,933,925,934,-1,934,925,926,-1,934,926,935,-1,935,926,927,-1,935,927,936,-1,936,927,928,-1,936,928,937,-1,937,928,929,-1,937,929,938,-1,890,893,891,-1,891,893,930,-1,891,930,939,-1,939,930,931,-1,939,931,940,-1,940,931,932,-1,940,932,941,-1,941,932,933,-1,941,933,942,-1,942,933,934,-1,942,934,943,-1,943,934,935,-1,943,935,944,-1,944,935,936,-1,944,936,945,-1,945,936,937,-1,945,937,946,-1,946,937,938,-1,946,938,947,-1,911,891,948,-1,948,891,939,-1,948,939,949,-1,949,939,940,-1,949,940,950,-1,950,940,941,-1,950,941,951,-1,951,941,942,-1,951,942,952,-1,952,942,943,-1,952,943,953,-1,953,943,944,-1,953,944,954,-1,954,944,945,-1,954,945,955,-1,955,945,946,-1,955,946,956,-1,956,946,947,-1,956,947,957,-1,958,959,960,-1,959,961,962,-1,961,963,964,-1,965,966,817,-1,963,967,968,-1,968,967,965,-1,969,970,971,-1,971,970,958,-1,965,817,968,-1,968,817,856,-1,968,856,972,-1,972,856,855,-1,972,855,973,-1,973,855,853,-1,973,853,974,-1,974,853,852,-1,974,852,975,-1,975,852,854,-1,975,854,976,-1,976,854,849,-1,976,849,977,-1,977,849,848,-1,977,848,978,-1,978,848,847,-1,978,847,979,-1,979,847,819,-1,979,819,980,-1,963,968,964,-1,964,968,972,-1,964,972,981,-1,981,972,973,-1,981,973,982,-1,982,973,974,-1,982,974,983,-1,983,974,975,-1,983,975,984,-1,984,975,976,-1,984,976,985,-1,985,976,977,-1,985,977,986,-1,986,977,978,-1,986,978,987,-1,987,978,979,-1,987,979,988,-1,988,979,980,-1,988,980,989,-1,961,964,962,-1,962,964,981,-1,962,981,990,-1,990,981,982,-1,990,982,991,-1,991,982,983,-1,991,983,992,-1,992,983,984,-1,992,984,993,-1,993,984,985,-1,993,985,994,-1,994,985,986,-1,994,986,995,-1,995,986,987,-1,995,987,996,-1,996,987,988,-1,996,988,997,-1,997,988,989,-1,997,989,998,-1,959,962,960,-1,960,962,990,-1,960,990,999,-1,999,990,991,-1,999,991,1000,-1,1000,991,992,-1,1000,992,1001,-1,1001,992,993,-1,1001,993,1002,-1,1002,993,994,-1,1002,994,1003,-1,1003,994,995,-1,1003,995,1004,-1,1004,995,996,-1,1004,996,1005,-1,1005,996,997,-1,1005,997,1006,-1,1006,997,998,-1,1006,998,1007,-1,958,960,971,-1,971,960,999,-1,971,999,1008,-1,1008,999,1000,-1,1008,1000,1009,-1,1009,1000,1001,-1,1009,1001,1010,-1,1010,1001,1002,-1,1010,1002,1011,-1,1011,1002,1003,-1,1011,1003,1012,-1,1012,1003,1004,-1,1012,1004,1013,-1,1013,1004,1005,-1,1013,1005,1014,-1,1014,1005,1006,-1,1014,1006,1015,-1,1015,1006,1007,-1,1015,1007,1016,-1,969,971,1017,-1,1017,971,1008,-1,1017,1008,1018,-1,1018,1008,1009,-1,1018,1009,1019,-1,1019,1009,1010,-1,1019,1010,1020,-1,1020,1010,1011,-1,1020,1011,1021,-1,1021,1011,1012,-1,1021,1012,1022,-1,1022,1012,1013,-1,1022,1013,1023,-1,1023,1013,1014,-1,1023,1014,1024,-1,1024,1014,1015,-1,1024,1015,1025,-1,1025,1015,1016,-1,1025,1016,1026,-1,1027,1028,1029,-1,1027,1029,1030,-1,1030,1029,1031,-1,1030,1031,1032,-1,1032,1031,1033,-1,1032,1033,1034,-1,1034,1033,1035,-1,1034,1035,1036,-1,1036,1035,1037,-1,1036,1037,1038,-1,1038,1037,1039,-1,1038,1039,1040,-1,1041,1042,1043,-1,1041,1043,1044,-1,1044,1043,1045,-1,1044,1045,1046,-1,1046,1045,1047,-1,1046,1047,1048,-1,1048,1047,1049,-1,1048,1049,1050,-1,1050,1049,1051,-1,1050,1051,1052,-1,1052,1051,1053,-1,1052,1053,1054,-1,1053,1028,1054,-1,1054,1028,1027,-1,1055,1056,1057,-1,1058,1059,1060,-1,1061,1062,1063,-1,1064,1065,1066,-1,1067,1068,1069,-1,1070,1071,1072,-1,1073,869,1074,-1,1074,869,868,-1,1074,868,1075,-1,1075,868,867,-1,1075,867,1076,-1,1076,867,866,-1,1076,866,1077,-1,1077,866,865,-1,1077,865,1078,-1,1078,865,864,-1,1078,864,1079,-1,1079,864,863,-1,1079,863,1072,-1,1072,863,862,-1,1072,862,1070,-1,1071,1067,1072,-1,1072,1067,1069,-1,1072,1069,1079,-1,1079,1069,1080,-1,1079,1080,1078,-1,1078,1080,1081,-1,1078,1081,1077,-1,1077,1081,1082,-1,1077,1082,1076,-1,1076,1082,1083,-1,1076,1083,1075,-1,1075,1083,1084,-1,1075,1084,1074,-1,1074,1084,1085,-1,1074,1085,1073,-1,1073,1085,1086,-1,1068,1064,1069,-1,1069,1064,1066,-1,1069,1066,1080,-1,1080,1066,1087,-1,1080,1087,1081,-1,1081,1087,1088,-1,1081,1088,1082,-1,1082,1088,1089,-1,1082,1089,1083,-1,1083,1089,1090,-1,1083,1090,1084,-1,1084,1090,1091,-1,1084,1091,1085,-1,1085,1091,1092,-1,1085,1092,1086,-1,1086,1092,1093,-1,1065,1061,1066,-1,1066,1061,1063,-1,1066,1063,1087,-1,1087,1063,1094,-1,1087,1094,1088,-1,1088,1094,1095,-1,1088,1095,1089,-1,1089,1095,1096,-1,1089,1096,1090,-1,1090,1096,1097,-1,1090,1097,1091,-1,1091,1097,1098,-1,1091,1098,1092,-1,1092,1098,1099,-1,1092,1099,1093,-1,1093,1099,1100,-1,1062,1058,1063,-1,1063,1058,1060,-1,1063,1060,1094,-1,1094,1060,1101,-1,1094,1101,1095,-1,1095,1101,1102,-1,1095,1102,1096,-1,1096,1102,1103,-1,1096,1103,1097,-1,1097,1103,1104,-1,1097,1104,1098,-1,1098,1104,1105,-1,1098,1105,1099,-1,1099,1105,1106,-1,1099,1106,1100,-1,1100,1106,1107,-1,1059,1055,1060,-1,1060,1055,1057,-1,1060,1057,1101,-1,1101,1057,1108,-1,1101,1108,1102,-1,1102,1108,1109,-1,1102,1109,1103,-1,1103,1109,1110,-1,1103,1110,1104,-1,1104,1110,1111,-1,1104,1111,1105,-1,1105,1111,1112,-1,1105,1112,1106,-1,1106,1112,1113,-1,1106,1113,1107,-1,1107,1113,1114,-1,1056,1115,1057,-1,1057,1115,1116,-1,1057,1116,1108,-1,1108,1116,1117,-1,1108,1117,1109,-1,1109,1117,1118,-1,1109,1118,1110,-1,1110,1118,1119,-1,1110,1119,1111,-1,1111,1119,1120,-1,1111,1120,1112,-1,1112,1120,1121,-1,1112,1121,1113,-1,1113,1121,1122,-1,1113,1122,1114,-1,1114,1122,1123,-1,1124,1125,1126,-1,1127,1128,1129,-1,1130,1131,1132,-1,1133,1134,1135,-1,1136,1137,1138,-1,1139,1140,1141,-1,1142,1139,857,-1,857,1139,1141,-1,857,1141,870,-1,870,1141,1143,-1,870,1143,871,-1,871,1143,1144,-1,871,1144,872,-1,872,1144,1145,-1,872,1145,873,-1,873,1145,1146,-1,873,1146,874,-1,874,1146,1147,-1,874,1147,875,-1,875,1147,1148,-1,875,1148,879,-1,879,1148,1149,-1,1140,1136,1141,-1,1141,1136,1138,-1,1141,1138,1143,-1,1143,1138,1150,-1,1143,1150,1144,-1,1144,1150,1151,-1,1144,1151,1145,-1,1145,1151,1152,-1,1145,1152,1146,-1,1146,1152,1153,-1,1146,1153,1147,-1,1147,1153,1154,-1,1147,1154,1148,-1,1148,1154,1155,-1,1148,1155,1149,-1,1149,1155,1156,-1,1137,1133,1138,-1,1138,1133,1135,-1,1138,1135,1150,-1,1150,1135,1157,-1,1150,1157,1151,-1,1151,1157,1158,-1,1151,1158,1152,-1,1152,1158,1159,-1,1152,1159,1153,-1,1153,1159,1160,-1,1153,1160,1154,-1,1154,1160,1161,-1,1154,1161,1155,-1,1155,1161,1162,-1,1155,1162,1156,-1,1156,1162,1163,-1,1134,1130,1135,-1,1135,1130,1132,-1,1135,1132,1157,-1,1157,1132,1164,-1,1157,1164,1158,-1,1158,1164,1165,-1,1158,1165,1159,-1,1159,1165,1166,-1,1159,1166,1160,-1,1160,1166,1167,-1,1160,1167,1161,-1,1161,1167,1168,-1,1161,1168,1162,-1,1162,1168,1169,-1,1162,1169,1163,-1,1163,1169,1170,-1,1131,1127,1132,-1,1132,1127,1129,-1,1132,1129,1164,-1,1164,1129,1171,-1,1164,1171,1165,-1,1165,1171,1172,-1,1165,1172,1166,-1,1166,1172,1173,-1,1166,1173,1167,-1,1167,1173,1174,-1,1167,1174,1168,-1,1168,1174,1175,-1,1168,1175,1169,-1,1169,1175,1176,-1,1169,1176,1170,-1,1170,1176,1177,-1,1128,1124,1129,-1,1129,1124,1126,-1,1129,1126,1171,-1,1171,1126,1178,-1,1171,1178,1172,-1,1172,1178,1179,-1,1172,1179,1173,-1,1173,1179,1180,-1,1173,1180,1174,-1,1174,1180,1181,-1,1174,1181,1175,-1,1175,1181,1182,-1,1175,1182,1176,-1,1176,1182,1183,-1,1176,1183,1177,-1,1177,1183,1184,-1,1185,1186,1040,-1,1040,1186,1187,-1,1187,1188,1040,-1,1040,1188,1189,-1,1040,1189,1038,-1,1038,1189,1190,-1,1038,1190,1036,-1,1036,1190,1191,-1,1036,1191,1034,-1,1192,1193,1194,-1,1194,1193,1195,-1,1194,1195,1196,-1,1196,1197,1194,-1,1194,1197,1198,-1,1194,1198,1199,-1,1200,1201,1041,-1,1048,1050,1202,-1,1202,1050,1052,-1,1202,1052,1203,-1,1203,1052,1054,-1,1203,1054,1204,-1,1204,1054,1027,-1,1204,1027,1205,-1,1205,1027,1030,-1,1205,1030,1191,-1,1191,1030,1032,-1,1191,1032,1034,-1,1201,1206,1041,-1,1041,1206,1207,-1,1041,1207,1208,-1,1200,1041,1209,-1,1209,1041,1044,-1,1209,1044,1202,-1,1202,1044,1046,-1,1202,1046,1048,-1,1199,1210,1194,-1,1194,1210,1211,-1,1194,1211,1212,-1,1212,1211,1213,-1,1212,1213,1214,-1,1214,1215,1212,-1,1212,1215,1216,-1,1212,1216,1217,-1,1208,1218,1041,-1,1041,1218,1219,-1,1041,1219,1194,-1,1194,1219,1220,-1,1194,1220,1192,-1,1217,1221,1212,-1,1212,1221,1222,-1,1212,1222,1223,-1,1223,1224,1212,-1,1212,1224,1225,-1,1212,1225,1040,-1,1040,1225,1226,-1,1040,1226,1185,-1,1227,1040,1228,-1,1228,1040,1039,-1,1229,1042,1194,-1,1194,1042,1041,-1,1230,1231,1042,-1,1232,1233,1228,-1,1234,1049,1047,-1,1234,1047,1235,-1,1233,1236,1228,-1,1228,1236,1237,-1,1228,1237,1238,-1,1182,1181,1229,-1,1181,1180,1229,-1,1229,1180,1179,-1,1229,1179,1178,-1,1231,1239,1042,-1,1042,1239,1240,-1,1042,1240,1043,-1,1043,1240,1235,-1,1043,1235,1045,-1,1045,1235,1047,-1,1120,1119,1039,-1,1039,1119,1118,-1,1039,1118,1117,-1,1238,1241,1228,-1,1228,1241,1184,-1,1228,1184,1229,-1,1229,1184,1183,-1,1229,1183,1182,-1,1122,1028,1123,-1,1123,1028,1053,-1,1123,1053,1234,-1,1234,1053,1051,-1,1234,1051,1049,-1,1035,1033,1121,-1,1121,1033,1031,-1,1121,1031,1122,-1,1122,1031,1029,-1,1122,1029,1028,-1,1178,1126,1229,-1,1229,1126,1242,-1,1229,1242,1042,-1,1042,1242,1243,-1,1042,1243,1230,-1,1120,1039,1121,-1,1121,1039,1037,-1,1121,1037,1035,-1,1117,1116,1039,-1,1039,1116,1244,-1,1039,1244,1228,-1,1228,1244,1245,-1,1228,1245,1232,-1,1229,1194,1246,-1,1246,1194,1247,-1,1248,1249,1250,-1,1250,1249,1251,-1,1250,1251,1252,-1,1252,1251,1253,-1,1252,1253,1254,-1,1254,1253,1255,-1,1254,1255,1256,-1,1256,1255,1257,-1,1256,1257,1247,-1,1247,1257,1258,-1,1247,1258,1246,-1,1259,1227,1228,-1,1259,1228,1260,-1,1228,1261,1260,-1,1260,1261,1262,-1,1260,1262,1263,-1,1263,1262,1264,-1,1263,1264,1265,-1,1265,1264,1266,-1,1265,1266,1267,-1,1268,1269,1270,-1,1270,1269,1267,-1,1270,1267,1271,-1,1271,1267,1266,-1,1272,1273,1274,-1,1274,1273,1275,-1,1276,1277,1278,-1,1276,1278,1279,-1,1279,1278,1280,-1,1279,1280,1281,-1,1281,1280,1282,-1,1281,1282,1283,-1,1283,1282,1284,-1,1283,1284,1285,-1,1285,1284,1286,-1,1285,1286,1287,-1,1287,1286,1274,-1,1287,1274,1275,-1,1288,1277,1289,-1,1289,1277,1276,-1,1289,1290,1288,-1,1288,1290,1291,-1,1292,1293,1294,-1,1294,1293,1295,-1,1296,1297,1298,-1,1298,1297,1299,-1,1298,1299,1300,-1,1300,1299,1301,-1,1300,1301,1302,-1,1302,1301,1303,-1,1302,1303,1304,-1,1304,1303,1305,-1,1304,1305,1306,-1,1306,1305,1307,-1,1306,1307,1308,-1,1308,1307,1309,-1,1308,1309,1310,-1,1310,1309,1311,-1,1310,1311,1312,-1,1312,1311,1313,-1,1312,1313,1314,-1,1314,1313,1315,-1,1314,1315,1294,-1,1294,1315,1292,-1,1316,1317,1318,-1,1318,1317,1319,-1,1316,1318,1320,-1,1320,1318,1321,-1,1320,1321,1322,-1,1322,1321,1323,-1,1322,1323,1324,-1,1324,1323,1325,-1,1324,1325,1326,-1,1326,1325,1327,-1,1326,1327,1328,-1,1328,1327,1329,-1,1328,1329,1330,-1,1330,1329,1331,-1,1332,1330,1333,-1,1333,1330,1331,-1,1267,1334,1335,-1,1194,1212,1247,-1,1247,1212,1336,-1,1247,1336,1337,-1,1336,1260,1337,-1,1337,1260,1263,-1,1337,1263,1254,-1,1254,1263,1338,-1,1254,1338,1252,-1,1252,1338,1267,-1,1252,1267,1339,-1,1339,1267,1335,-1,1335,1340,1341,-1,1341,1340,1342,-1,1342,1340,1343,-1,1343,1340,1344,-1,1343,1344,1345,-1,1345,1344,1346,-1,1345,1346,1347,-1,1347,1346,1348,-1,1347,1348,1349,-1,1349,1348,1350,-1,1349,1350,1351,-1,1351,1350,1352,-1,1351,1352,1317,-1,1317,1352,1319,-1,1287,1275,1334,-1,1334,1275,1273,-1,1334,1273,1335,-1,1335,1273,1353,-1,1327,1325,1354,-1,1354,1325,1323,-1,1279,1281,1334,-1,1352,1350,1355,-1,1355,1350,1348,-1,1355,1348,1346,-1,1353,1356,1335,-1,1335,1356,1357,-1,1335,1357,1340,-1,1340,1357,1355,-1,1340,1355,1344,-1,1344,1355,1346,-1,1323,1321,1354,-1,1354,1321,1318,-1,1354,1318,1355,-1,1355,1318,1319,-1,1355,1319,1352,-1,1295,1290,1294,-1,1294,1290,1289,-1,1294,1289,1334,-1,1334,1289,1276,-1,1334,1276,1279,-1,1300,1302,1327,-1,1327,1302,1304,-1,1327,1304,1329,-1,1281,1283,1334,-1,1334,1283,1285,-1,1334,1285,1287,-1,1331,1312,1334,-1,1334,1312,1314,-1,1334,1314,1294,-1,1300,1327,1298,-1,1298,1327,1354,-1,1298,1354,1296,-1,1304,1306,1329,-1,1329,1306,1308,-1,1329,1308,1331,-1,1331,1308,1310,-1,1331,1310,1312,-1,1358,1297,1354,-1,1354,1297,1296,-1,1354,1355,1358,-1,1358,1355,1359,-1,1360,1361,1356,-1,1356,1361,1357,-1,1360,1356,1362,-1,1362,1356,1353,-1,1228,1229,1261,-1,1261,1229,1363,-1,1261,1363,1262,-1,1363,1258,1262,-1,1262,1258,1257,-1,1262,1257,1364,-1,1364,1257,1266,-1,1266,1257,1365,-1,1266,1365,1271,-1,1365,1253,1271,-1,1271,1253,1251,-1,1271,1251,1366,-1,1366,1251,1367,-1,1366,1367,1368,-1,1359,1355,1361,-1,1361,1355,1357,-1,1295,1293,1290,-1,1290,1293,1291,-1,1274,1286,1368,-1,1361,1360,1367,-1,1367,1360,1362,-1,1367,1362,1368,-1,1368,1362,1272,-1,1368,1272,1274,-1,1293,1292,1291,-1,1291,1292,1288,-1,1343,1345,1359,-1,1322,1324,1358,-1,1358,1324,1326,-1,1345,1347,1359,-1,1359,1347,1349,-1,1359,1349,1351,-1,1286,1284,1368,-1,1368,1284,1282,-1,1368,1282,1280,-1,1280,1278,1368,-1,1368,1278,1277,-1,1368,1277,1288,-1,1361,1367,1359,-1,1359,1367,1342,-1,1359,1342,1343,-1,1328,1307,1326,-1,1326,1307,1305,-1,1351,1317,1359,-1,1359,1317,1316,-1,1359,1316,1358,-1,1358,1316,1320,-1,1358,1320,1322,-1,1288,1292,1368,-1,1368,1292,1315,-1,1368,1315,1330,-1,1315,1313,1330,-1,1330,1313,1311,-1,1330,1311,1328,-1,1328,1311,1309,-1,1328,1309,1307,-1,1305,1303,1326,-1,1326,1303,1301,-1,1326,1301,1358,-1,1358,1301,1299,-1,1358,1299,1297,-1,1369,1370,1371,-1,1371,1370,1372,-1,1371,1373,1369,-1,1369,1373,1374,-1,1375,1376,1377,-1,1375,1377,1378,-1,1378,1377,1379,-1,1378,1379,1380,-1,1380,1379,1381,-1,1380,1381,1382,-1,1382,1381,1383,-1,1382,1383,1384,-1,1384,1383,1385,-1,1384,1385,1386,-1,1386,1385,1387,-1,1386,1387,1388,-1,1388,1387,1389,-1,1388,1389,1390,-1,1390,1389,1391,-1,1390,1391,1392,-1,1392,1391,1393,-1,1392,1393,1394,-1,1394,1393,1395,-1,1394,1395,1396,-1,1396,1395,1374,-1,1396,1374,1373,-1,1369,1397,1398,-1,1395,1393,1376,-1,1369,1398,1370,-1,1370,1398,1399,-1,1370,1399,1400,-1,1397,1369,1376,-1,1376,1369,1374,-1,1376,1374,1395,-1,1393,1391,1376,-1,1376,1391,1389,-1,1376,1389,1387,-1,1400,1401,1370,-1,1370,1401,1402,-1,1370,1402,1403,-1,1377,1376,1379,-1,1379,1376,1381,-1,1404,1405,1402,-1,1402,1405,1406,-1,1402,1406,1403,-1,1387,1385,1376,-1,1376,1385,1383,-1,1376,1383,1381,-1,1404,1402,1407,-1,1407,1402,1408,-1,1407,1408,1409,-1,1372,1370,1403,-1,1372,1403,1410,-1,1410,1403,1406,-1,1410,1406,1411,-1,1411,1406,1405,-1,1411,1405,1412,-1,1412,1405,1404,-1,1412,1404,1413,-1,1413,1404,1407,-1,1413,1407,1414,-1,1414,1407,1409,-1,1414,1409,1415,-1,1415,1409,1408,-1,1415,1408,1416,-1,1416,1408,1402,-1,1416,1402,1417,-1,1417,1402,1401,-1,1417,1401,1418,-1,1418,1401,1400,-1,1418,1400,1419,-1,1419,1400,1399,-1,1419,1399,1420,-1,1272,1362,1421,-1,1421,1362,1422,-1,1421,1422,1423,-1,1423,1422,1424,-1,1423,1424,1425,-1,1425,1424,1426,-1,1425,1426,1427,-1,1427,1426,1428,-1,1427,1428,1429,-1,1429,1428,1430,-1,1429,1430,1397,-1,1397,1430,1398,-1,1371,1372,1420,-1,1390,1392,1375,-1,1375,1392,1394,-1,1417,1418,1372,-1,1372,1418,1419,-1,1372,1419,1420,-1,1420,1431,1371,-1,1371,1431,1432,-1,1371,1432,1373,-1,1373,1432,1375,-1,1373,1375,1396,-1,1396,1375,1394,-1,1372,1410,1417,-1,1417,1410,1411,-1,1417,1411,1412,-1,1378,1380,1375,-1,1375,1380,1382,-1,1375,1382,1384,-1,1412,1413,1417,-1,1417,1413,1414,-1,1417,1414,1416,-1,1416,1414,1415,-1,1384,1386,1375,-1,1375,1386,1388,-1,1375,1388,1390,-1,1273,1272,1433,-1,1433,1272,1421,-1,1433,1421,1434,-1,1434,1421,1423,-1,1434,1423,1435,-1,1435,1423,1425,-1,1435,1425,1436,-1,1436,1425,1427,-1,1376,1375,1397,-1,1397,1375,1432,-1,1397,1432,1429,-1,1429,1432,1437,-1,1429,1437,1427,-1,1427,1437,1438,-1,1427,1438,1436,-1,1420,1399,1431,-1,1431,1399,1398,-1,1431,1398,1439,-1,1439,1398,1430,-1,1439,1430,1440,-1,1440,1430,1428,-1,1440,1428,1441,-1,1441,1428,1426,-1,1362,1353,1422,-1,1422,1353,1442,-1,1422,1442,1424,-1,1424,1442,1443,-1,1424,1443,1426,-1,1426,1443,1444,-1,1426,1444,1441,-1,1432,1431,1439,-1,1432,1439,1437,-1,1437,1439,1440,-1,1437,1440,1438,-1,1438,1440,1441,-1,1438,1441,1436,-1,1436,1441,1444,-1,1436,1444,1435,-1,1435,1444,1443,-1,1435,1443,1434,-1,1434,1443,1442,-1,1434,1442,1433,-1,1433,1442,1353,-1,1433,1353,1273,-1,957,947,1445,-1,947,938,1446,-1,938,929,1447,-1,1448,963,961,-1,929,920,1449,-1,920,899,1450,-1,834,1451,1452,-1,834,1452,835,-1,835,1452,1453,-1,835,1453,836,-1,836,1453,1454,-1,836,1454,837,-1,837,1454,1455,-1,837,1455,850,-1,850,1455,1456,-1,850,1456,851,-1,851,1456,1457,-1,851,1457,821,-1,821,1457,1458,-1,821,1458,822,-1,822,1458,1450,-1,822,1450,823,-1,823,1450,899,-1,823,899,824,-1,834,844,1451,-1,1451,844,965,-1,1451,965,967,-1,920,1450,1449,-1,1449,1450,1458,-1,1449,1458,1459,-1,1459,1458,1457,-1,1459,1457,1460,-1,1460,1457,1456,-1,1460,1456,1461,-1,1461,1456,1455,-1,1461,1455,1462,-1,1462,1455,1454,-1,1462,1454,1463,-1,1463,1454,1453,-1,1463,1453,1464,-1,1464,1453,1452,-1,1464,1452,1465,-1,1465,1452,1451,-1,1465,1451,1448,-1,1448,1451,967,-1,1448,967,963,-1,929,1449,1447,-1,1447,1449,1459,-1,1447,1459,1466,-1,1466,1459,1460,-1,1466,1460,1467,-1,1467,1460,1461,-1,1467,1461,1468,-1,1468,1461,1462,-1,1468,1462,1469,-1,1469,1462,1463,-1,1469,1463,1470,-1,1470,1463,1464,-1,1470,1464,1471,-1,1471,1464,1465,-1,1471,1465,1472,-1,1472,1465,1448,-1,1472,1448,1473,-1,1473,1448,961,-1,1473,961,959,-1,938,1447,1446,-1,1446,1447,1466,-1,1446,1466,1474,-1,1474,1466,1467,-1,1474,1467,1475,-1,1475,1467,1468,-1,1475,1468,1476,-1,1476,1468,1469,-1,1476,1469,1477,-1,1477,1469,1470,-1,1477,1470,1478,-1,1478,1470,1471,-1,1478,1471,1479,-1,1479,1471,1472,-1,1479,1472,1480,-1,1480,1472,1473,-1,1480,1473,1481,-1,1481,1473,959,-1,1481,959,958,-1,947,1446,1445,-1,1445,1446,1474,-1,1445,1474,1482,-1,1482,1474,1475,-1,1482,1475,1483,-1,1483,1475,1476,-1,1483,1476,1484,-1,1484,1476,1477,-1,1484,1477,1485,-1,1485,1477,1478,-1,1485,1478,1486,-1,1486,1478,1479,-1,1486,1479,1487,-1,1487,1479,1480,-1,1487,1480,1488,-1,1488,1480,1481,-1,1488,1481,1489,-1,1489,1481,958,-1,1489,958,970,-1,957,1445,1490,-1,1490,1445,1482,-1,1490,1482,1491,-1,1491,1482,1483,-1,1491,1483,1492,-1,1492,1483,1484,-1,1492,1484,1493,-1,1493,1484,1485,-1,1493,1485,1494,-1,1494,1485,1486,-1,1494,1486,1495,-1,1495,1486,1487,-1,1495,1487,1496,-1,1496,1487,1488,-1,1496,1488,1497,-1,1497,1488,1489,-1,1497,1489,1498,-1,1498,1489,970,-1,1498,970,969,-1,1026,1016,1499,-1,1016,1007,1500,-1,1007,998,1501,-1,998,989,1502,-1,1503,896,909,-1,989,980,1504,-1,980,819,818,-1,846,1505,897,-1,980,818,1504,-1,1504,818,833,-1,1504,833,1506,-1,1506,833,832,-1,1506,832,1507,-1,1507,832,831,-1,1507,831,1508,-1,1508,831,830,-1,1508,830,1509,-1,1509,830,829,-1,1509,829,1510,-1,1510,829,828,-1,1510,828,1511,-1,1511,828,827,-1,1511,827,1512,-1,1512,827,846,-1,1512,846,1503,-1,1503,846,897,-1,1503,897,896,-1,989,1504,1502,-1,1502,1504,1506,-1,1502,1506,1513,-1,1513,1506,1507,-1,1513,1507,1514,-1,1514,1507,1508,-1,1514,1508,1515,-1,1515,1508,1509,-1,1515,1509,1516,-1,1516,1509,1510,-1,1516,1510,1517,-1,1517,1510,1511,-1,1517,1511,1518,-1,1518,1511,1512,-1,1518,1512,1519,-1,1519,1512,1503,-1,1519,1503,1520,-1,1520,1503,909,-1,1520,909,894,-1,998,1502,1501,-1,1501,1502,1513,-1,1501,1513,1521,-1,1521,1513,1514,-1,1521,1514,1522,-1,1522,1514,1515,-1,1522,1515,1523,-1,1523,1515,1516,-1,1523,1516,1524,-1,1524,1516,1517,-1,1524,1517,1525,-1,1525,1517,1518,-1,1525,1518,1526,-1,1526,1518,1519,-1,1526,1519,1527,-1,1527,1519,1520,-1,1527,1520,1528,-1,1528,1520,894,-1,1528,894,892,-1,1007,1501,1500,-1,1500,1501,1521,-1,1500,1521,1529,-1,1529,1521,1522,-1,1529,1522,1530,-1,1530,1522,1523,-1,1530,1523,1531,-1,1531,1523,1524,-1,1531,1524,1532,-1,1532,1524,1525,-1,1532,1525,1533,-1,1533,1525,1526,-1,1533,1526,1534,-1,1534,1526,1527,-1,1534,1527,1535,-1,1535,1527,1528,-1,1535,1528,1536,-1,1536,1528,892,-1,1536,892,890,-1,1016,1500,1499,-1,1499,1500,1529,-1,1499,1529,1537,-1,1537,1529,1530,-1,1537,1530,1538,-1,1538,1530,1531,-1,1538,1531,1539,-1,1539,1531,1532,-1,1539,1532,1540,-1,1540,1532,1533,-1,1540,1533,1541,-1,1541,1533,1534,-1,1541,1534,1542,-1,1542,1534,1535,-1,1542,1535,1543,-1,1543,1535,1536,-1,1543,1536,1544,-1,1544,1536,890,-1,1544,890,889,-1,1026,1499,1545,-1,1545,1499,1537,-1,1545,1537,1546,-1,1546,1537,1538,-1,1546,1538,1547,-1,1547,1538,1539,-1,1547,1539,1548,-1,1548,1539,1540,-1,1548,1540,1549,-1,1549,1540,1541,-1,1549,1541,1550,-1,1550,1541,1542,-1,1550,1542,1551,-1,1551,1542,1543,-1,1551,1543,1552,-1,1552,1543,1544,-1,1552,1544,1553,-1,1553,1544,889,-1,1553,889,911,-1,1554,1073,1555,-1,1128,1127,1556,-1,1131,1130,1557,-1,1134,1133,1558,-1,1137,1136,1559,-1,1140,1139,1560,-1,1139,1142,1560,-1,1560,1142,861,-1,1560,861,1561,-1,1561,861,885,-1,1561,885,1562,-1,1562,885,884,-1,1562,884,1563,-1,1563,884,883,-1,1563,883,1564,-1,1564,883,878,-1,1564,878,1565,-1,1565,878,877,-1,1565,877,1555,-1,1555,877,876,-1,1555,876,1554,-1,1073,1086,1555,-1,1555,1086,1566,-1,1555,1566,1565,-1,1565,1566,1567,-1,1565,1567,1564,-1,1564,1567,1568,-1,1564,1568,1563,-1,1563,1568,1569,-1,1563,1569,1562,-1,1562,1569,1570,-1,1562,1570,1561,-1,1561,1570,1571,-1,1561,1571,1560,-1,1560,1571,1559,-1,1560,1559,1140,-1,1140,1559,1136,-1,1086,1093,1566,-1,1566,1093,1572,-1,1566,1572,1567,-1,1567,1572,1573,-1,1567,1573,1568,-1,1568,1573,1574,-1,1568,1574,1569,-1,1569,1574,1575,-1,1569,1575,1570,-1,1570,1575,1576,-1,1570,1576,1571,-1,1571,1576,1577,-1,1571,1577,1559,-1,1559,1577,1558,-1,1559,1558,1137,-1,1137,1558,1133,-1,1093,1100,1572,-1,1572,1100,1578,-1,1572,1578,1573,-1,1573,1578,1579,-1,1573,1579,1574,-1,1574,1579,1580,-1,1574,1580,1575,-1,1575,1580,1581,-1,1575,1581,1576,-1,1576,1581,1582,-1,1576,1582,1577,-1,1577,1582,1583,-1,1577,1583,1558,-1,1558,1583,1557,-1,1558,1557,1134,-1,1134,1557,1130,-1,1100,1107,1578,-1,1578,1107,1584,-1,1578,1584,1579,-1,1579,1584,1585,-1,1579,1585,1580,-1,1580,1585,1586,-1,1580,1586,1581,-1,1581,1586,1587,-1,1581,1587,1582,-1,1582,1587,1588,-1,1582,1588,1583,-1,1583,1588,1589,-1,1583,1589,1557,-1,1557,1589,1556,-1,1557,1556,1131,-1,1131,1556,1127,-1,1107,1114,1584,-1,1584,1114,1590,-1,1584,1590,1585,-1,1585,1590,1591,-1,1585,1591,1586,-1,1586,1591,1592,-1,1586,1592,1587,-1,1587,1592,1593,-1,1587,1593,1588,-1,1588,1593,1594,-1,1588,1594,1589,-1,1589,1594,1595,-1,1589,1595,1556,-1,1556,1595,1596,-1,1556,1596,1128,-1,1128,1596,1124,-1,1114,1123,1590,-1,1590,1123,1234,-1,1590,1234,1591,-1,1591,1234,1235,-1,1591,1235,1592,-1,1592,1235,1240,-1,1592,1240,1593,-1,1593,1240,1239,-1,1593,1239,1594,-1,1594,1239,1231,-1,1594,1231,1595,-1,1595,1231,1230,-1,1595,1230,1596,-1,1596,1230,1243,-1,1596,1243,1124,-1,1124,1243,1125,-1,1056,1055,1597,-1,1059,1058,1598,-1,1062,1061,1599,-1,1065,1064,1600,-1,1068,1067,1601,-1,1071,1070,858,-1,879,1149,880,-1,880,1149,1602,-1,880,1602,882,-1,882,1602,1603,-1,882,1603,886,-1,886,1603,1604,-1,886,1604,887,-1,887,1604,1605,-1,887,1605,888,-1,888,1605,1606,-1,888,1606,881,-1,881,1606,1607,-1,881,1607,858,-1,858,1607,1601,-1,858,1601,1071,-1,1071,1601,1067,-1,1149,1156,1602,-1,1602,1156,1608,-1,1602,1608,1603,-1,1603,1608,1609,-1,1603,1609,1604,-1,1604,1609,1610,-1,1604,1610,1605,-1,1605,1610,1611,-1,1605,1611,1606,-1,1606,1611,1612,-1,1606,1612,1607,-1,1607,1612,1613,-1,1607,1613,1601,-1,1601,1613,1600,-1,1601,1600,1068,-1,1068,1600,1064,-1,1156,1163,1608,-1,1608,1163,1614,-1,1608,1614,1609,-1,1609,1614,1615,-1,1609,1615,1610,-1,1610,1615,1616,-1,1610,1616,1611,-1,1611,1616,1617,-1,1611,1617,1612,-1,1612,1617,1618,-1,1612,1618,1613,-1,1613,1618,1619,-1,1613,1619,1600,-1,1600,1619,1599,-1,1600,1599,1065,-1,1065,1599,1061,-1,1163,1170,1614,-1,1614,1170,1620,-1,1614,1620,1615,-1,1615,1620,1621,-1,1615,1621,1616,-1,1616,1621,1622,-1,1616,1622,1617,-1,1617,1622,1623,-1,1617,1623,1618,-1,1618,1623,1624,-1,1618,1624,1619,-1,1619,1624,1625,-1,1619,1625,1599,-1,1599,1625,1598,-1,1599,1598,1062,-1,1062,1598,1058,-1,1170,1177,1620,-1,1620,1177,1626,-1,1620,1626,1621,-1,1621,1626,1627,-1,1621,1627,1622,-1,1622,1627,1628,-1,1622,1628,1623,-1,1623,1628,1629,-1,1623,1629,1624,-1,1624,1629,1630,-1,1624,1630,1625,-1,1625,1630,1631,-1,1625,1631,1598,-1,1598,1631,1597,-1,1598,1597,1059,-1,1059,1597,1055,-1,1177,1184,1626,-1,1626,1184,1241,-1,1626,1241,1627,-1,1627,1241,1238,-1,1627,1238,1628,-1,1628,1238,1237,-1,1628,1237,1629,-1,1629,1237,1236,-1,1629,1236,1630,-1,1630,1236,1233,-1,1630,1233,1631,-1,1631,1233,1232,-1,1631,1232,1597,-1,1597,1232,1245,-1,1597,1245,1056,-1,1056,1245,1115,-1,
        ]
    }
}
Shape{
    appearance Appearance {
        material  Material 	{
            diffuseColor 0.2235294117647059 0.2235294117647059 0.2235294117647059
            specularColor 0.11372549019607843 0.11372549019607843 0.11372549019607843
            ambientIntensity 0.2235
            transparency 0.0
            shininess 0.5
        }
    }
    geometry IndexedFaceSet {
        ccw TRUE
        solid FALSE
        coord DEF co Coordinate {
            point [
                -0.7874 -0.6051 0.0, 1.4961 -0.6051 0.0, -0.7874 -0.6051 1.7323, 1.4961 -0.6051 0.1181, 1.9685 -0.6051 1.7323, 1.9685 -0.6051 0.7677, 2.3622 -0.6051 0.7677, 2.7559 -0.6051 0.1181, 2.3622 -0.6051 1.7323, 2.7559 -0.6051 1.7323, 0.3937 -0.3492 1.2598, 2.7559 -0.3492 1.2598, 0.3937 -0.3492 1.3583, 2.7559 -0.3492 1.3583, 1.8858 -0.1524 1.3583, 2.7559 -0.1524 1.3583, 1.8858 -0.1524 1.2598, 2.7559 -0.1524 1.2598, 2.5264 -0.0343 0.2559, 2.6378 0.0771 0.2559, 2.5264 -0.0343 0.4724, 2.6378 0.0771 0.4724, 1.8858 -0.0343 0.2559, 1.8858 -0.0343 0.4724, 1.8858 -0.1524 0.2559, 1.8858 -0.1524 0.4724, -0.8563 1.1212 0.4134, -0.8563 1.1468 0.4134, -1.5059 1.1212 0.4134, -1.5059 1.1468 0.4134, 1.9685 -0.428 1.4567, 1.9685 -0.4673 1.4567, 2.3622 -0.428 1.4567, 2.3622 -0.4673 1.4567, 2.3622 -0.4673 1.3583, 1.9685 -0.4673 1.3583, -0.8563 1.0091 1.7323, -0.8563 1.0091 1.4271, -1.5059 1.0091 1.7323, -1.5059 1.0091 1.4271, 0.561 1.0091 1.7323, 0.561 1.0091 1.4271, -0.0886 1.0091 1.7323, -0.0886 1.0091 1.4271, 2.6378 0.1626 1.3583, 2.6378 0.1626 1.7323, 2.7559 0.1626 1.3583, 2.7559 0.1626 1.7323, 1.9685 -0.428 1.7323, 2.3622 -0.428 1.7323, -1.5059 0.1429 1.7323, -1.5059 0.1429 1.4271, -0.8563 0.1429 1.7323, -0.8563 0.1429 1.4271, -1.624 -0.4673 0.1378, -1.624 -0.4673 1.7323, -1.5748 -0.4673 0.1378, -1.5748 -0.4673 1.7323, -1.5748 -0.6051 0.0, -1.5748 -0.6051 1.7323, -1.9685 -0.6051 0.0, -1.9685 -0.6051 1.7323, -1.9685 0.1085 1.7323, -1.9685 1.0435 1.7323, -1.9685 0.2393 1.791, -1.9685 0.9126 1.791, -1.9685 0.7469 1.8354, -1.9685 0.576 1.8504, -1.9685 0.4051 1.8354, 2.6378 0.9894 1.7323, 2.6378 0.9894 1.4764, 2.7559 0.9894 1.7323, 2.7559 0.9894 1.4764, 2.7559 1.5405 1.4764, 1.5354 1.4224 1.4764, 1.5354 1.5405 1.4764, 2.5509 1.4224 1.4764, 2.6378 1.3355 1.4764, -0.2067 1.6193 1.7323, -0.1575 1.6193 1.7323, -0.1575 1.7571 1.7323, -0.0886 1.5012 1.7323, -0.2067 1.5012 1.7323, 2.7559 1.7571 1.7323, -1.5059 1.5012 1.7323, -1.624 1.5012 1.7323, -0.7874 1.7571 1.7323, -0.7874 1.6193 1.7323, -0.6201 1.6193 1.7323, -0.8563 1.5012 1.7323, -0.6201 1.5012 1.7323, 0.7972 1.5012 1.7323, 0.561 1.5012 1.7323, -1.624 -0.3492 1.7323, -1.5059 -0.3492 1.7323, 0.6299 1.7571 1.7323, 0.6299 1.6193 1.7323, 0.7972 1.6193 1.7323, -1.5748 1.6193 1.7323, -1.5748 1.7571 1.7323, -1.624 1.6193 1.7323, -1.9685 1.7571 1.7323, -0.8563 -0.3492 1.7323, -0.6201 -0.3492 1.7323, -0.7874 -0.4673 1.7323, -0.6201 -0.4673 1.7323, 1.8858 -0.0343 1.3583, 2.6378 0.0771 1.3583, 2.5264 -0.0343 1.3583, 2.5264 -0.0343 1.2598, 2.6378 0.0771 1.2598, 1.8858 -0.0343 1.2598, 2.7559 0.9894 0.0, 2.7559 0.9894 0.2559, 2.6378 0.9894 0.0, 2.6378 0.9894 0.2559, 1.5262 -0.3492 0.0787, 1.5262 -0.3492 0.0, 1.5262 0.1823 0.0787, 1.5262 0.1823 0.0, 2.0226 0.1823 0.0787, 2.0226 -0.3492 0.0787, 2.0226 0.1823 0.0, 2.0226 -0.3492 0.0, 2.6378 0.1626 0.0, 2.6378 0.1626 0.2559, 2.7559 0.1626 0.0, 2.7559 0.1626 0.2559, 2.7559 1.4224 0.0, 2.7559 1.4224 0.2559, 1.4173 0.576 0.0, 1.4173 0.576 -0.1968, 1.4227 0.5352 -0.1968, 1.4227 0.5352 0.0, 1.4384 0.4972 -0.1968, 1.4384 0.4972 0.0, 1.4634 0.4646 -0.1968, 1.4634 0.4646 0.0, 1.4961 0.4396 -0.1968, 1.4961 0.4396 0.0, 1.534 0.4239 -0.1968, 1.534 0.4239 0.0, 1.5748 0.4185 -0.1968, 1.5748 0.4185 0.0, 1.6156 0.4239 -0.1968, 1.6156 0.4239 0.0, 1.6535 0.4396 -0.1968, 1.6535 0.4396 0.0, 1.6862 0.4646 -0.1968, 1.6862 0.4646 0.0, 1.7112 0.4972 -0.1968, 1.7112 0.4972 0.0, 1.7269 0.5352 -0.1968, 1.7269 0.5352 0.0, 1.7323 0.576 -0.1968, 1.7323 0.576 0.0, 1.4193 0.576 -0.2144, 1.4246 0.5357 -0.2144, 1.4251 0.576 -0.231, 1.4302 0.5372 -0.231, 1.4345 0.576 -0.2459, 1.4393 0.5397 -0.2459, 1.447 0.576 -0.2584, 1.4513 0.5429 -0.2584, 1.4619 0.576 -0.2678, 1.4657 0.5468 -0.2678, 1.4785 0.576 -0.2736, 1.4818 0.5511 -0.2736, 1.4961 0.576 -0.2756, 1.4987 0.5556 -0.2756, 1.5066 0.5366 -0.2756, 1.4914 0.5278 -0.2736, 1.5191 0.5203 -0.2756, 1.5067 0.5079 -0.2736, 1.5354 0.5078 -0.2756, 1.5267 0.4926 -0.2736, 1.5544 0.4999 -0.2756, 1.5499 0.483 -0.2736, 1.5748 0.4972 -0.2756, 1.5748 0.4797 -0.2736, 1.5952 0.4999 -0.2756, 1.5997 0.483 -0.2736, 1.6142 0.5078 -0.2756, 1.6229 0.4926 -0.2736, 1.6305 0.5203 -0.2756, 1.6429 0.5079 -0.2736, 1.643 0.5366 -0.2756, 1.6582 0.5278 -0.2736, 1.6509 0.5556 -0.2756, 1.6678 0.5511 -0.2736, 1.6535 0.576 -0.2756, 1.6711 0.576 -0.2736, 1.477 0.5195 -0.2678, 1.495 0.4961 -0.2678, 1.5184 0.4782 -0.2678, 1.5456 0.4669 -0.2678, 1.5748 0.4631 -0.2678, 1.604 0.4669 -0.2678, 1.6313 0.4782 -0.2678, 1.6546 0.4961 -0.2678, 1.6726 0.5195 -0.2678, 1.6839 0.5468 -0.2678, 1.6877 0.576 -0.2678, 1.4641 0.5121 -0.2584, 1.4844 0.4856 -0.2584, 1.5109 0.4653 -0.2584, 1.5417 0.4525 -0.2584, 1.5748 0.4481 -0.2584, 1.6079 0.4525 -0.2584, 1.6387 0.4653 -0.2584, 1.6652 0.4856 -0.2584, 1.6855 0.5121 -0.2584, 1.6983 0.5429 -0.2584, 1.7026 0.576 -0.2584, 1.4533 0.5058 -0.2459, 1.4756 0.4768 -0.2459, 1.5047 0.4545 -0.2459, 1.5385 0.4405 -0.2459, 1.5748 0.4357 -0.2459, 1.6111 0.4405 -0.2459, 1.645 0.4545 -0.2459, 1.674 0.4768 -0.2459, 1.6963 0.5058 -0.2459, 1.7103 0.5397 -0.2459, 1.7151 0.576 -0.2459, 1.4452 0.5011 -0.231, 1.469 0.4701 -0.231, 1.5 0.4464 -0.231, 1.5361 0.4314 -0.231, 1.5748 0.4263 -0.231, 1.6135 0.4314 -0.231, 1.6496 0.4464 -0.231, 1.6806 0.4701 -0.231, 1.7044 0.5011 -0.231, 1.7194 0.5372 -0.231, 1.7245 0.576 -0.231, 1.4401 0.4982 -0.2144, 1.4648 0.466 -0.2144, 1.497 0.4413 -0.2144, 1.5346 0.4258 -0.2144, 1.5748 0.4205 -0.2144, 1.6151 0.4258 -0.2144, 1.6526 0.4413 -0.2144, 1.6848 0.466 -0.2144, 1.7095 0.4982 -0.2144, 1.725 0.5357 -0.2144, 1.7303 0.576 -0.2144, 1.5066 0.6154 -0.2756, 1.6509 0.5964 -0.2756, 1.4987 0.5964 -0.2756, 1.5354 0.6442 -0.2756, 1.6142 0.6442 -0.2756, 1.6305 0.6317 -0.2756, 1.5544 0.652 -0.2756, 1.5748 0.6547 -0.2756, 1.5952 0.652 -0.2756, 1.5191 0.6317 -0.2756, 1.643 0.6154 -0.2756, 0.7972 1.5012 0.1378, 0.7972 1.6193 0.1378, 0.6299 1.5012 0.1378, 0.6299 1.6193 0.1378, 0.6299 1.7571 0.0, 0.6299 1.5012 0.0, 2.1457 1.4224 0.0, 2.1457 1.7571 0.0, 2.1457 1.7571 0.1181, 2.1457 1.5405 0.2559, 2.1457 1.4224 0.2559, 2.1457 1.5405 0.1969, 2.1457 1.6193 0.1181, 2.7559 1.6193 0.1181, 2.7559 1.7571 0.1181, 2.7559 1.5405 0.1969, 1.5354 1.4224 0.2559, 1.5354 1.5405 0.2559, 0.3937 -0.3492 0.2559, 0.3937 -0.4673 0.2559, 1.4961 -0.3492 0.2559, 1.4961 -0.4673 0.2559, 2.6378 1.3355 0.2559, 2.5509 1.4224 0.2559, 2.7559 -0.1524 0.2559, 2.7559 -0.3492 0.4724, 0.3937 -0.3492 0.4724, 1.4961 -0.3492 0.0, 2.7559 -0.3492 0.0, 2.7559 -0.1524 0.4724, -1.5059 0.0308 0.4134, -1.5059 0.0051 0.4134, -0.8563 0.0308 0.4134, -0.8563 0.0051 0.4134, 0.0394 -0.4673 0.4724, 0.0394 -0.0133 0.4724, 0.0394 -0.0377 0.5118, 0.0394 -0.0133 1.2598, 0.0394 -0.4673 1.2598, 0.0394 -0.0377 1.2205, 0.0394 -0.098 1.0851, 0.0394 -0.098 0.6472, 0.0394 -0.1288 0.7921, 0.0394 -0.1288 0.9402, 0.3937 -0.4673 1.2598, 2.6378 0.1097 1.2598, 1.1811 -0.0133 1.2598, 1.2422 0.0491 1.2598, 1.2992 0.1097 1.2598, 1.2992 0.1097 0.4724, 2.6378 0.1097 0.4724, 0.3937 -0.4673 0.4724, 1.1811 -0.0133 0.4724, 1.2422 0.0491 0.4724, 0.3937 -0.4673 1.3583, -0.7113 0.5964 -0.2756, -0.7104 0.5892 -0.2756, -0.8661 0.576 -0.2756, -0.7087 0.576 -0.2756, -0.7109 0.5571 -0.2756, -0.8457 0.6282 -0.2756, -0.8431 0.6317 -0.2756, -0.8349 0.6379 -0.2756, -0.767 0.652 -0.2756, -0.7521 0.6459 -0.2756, -0.748 0.6442 -0.2756, -0.8268 0.6442 -0.2756, -0.8463 0.5238 -0.2756, -0.8571 0.5394 -0.2756, -0.8639 0.5571 -0.2756, -0.8227 0.6459 -0.2756, -0.8078 0.652 -0.2756, -0.7947 0.6538 -0.2756, -0.7874 0.6547 -0.2756, -0.7801 0.6538 -0.2756, -0.7399 0.6379 -0.2756, -0.7317 0.6317 -0.2756, -0.7291 0.6282 -0.2756, -0.7192 0.6154 -0.2756, -0.7142 0.6032 -0.2756, -0.8644 0.5892 -0.2756, -0.8635 0.5964 -0.2756, -0.8606 0.6032 -0.2756, -0.8556 0.6153 -0.2756, -0.7779 0.4978 -0.2756, -0.7969 0.4978 -0.2756, -0.8153 0.5024 -0.2756, -0.7177 0.5394 -0.2756, -0.7285 0.5238 -0.2756, -0.7427 0.5112 -0.2756, -0.7595 0.5024 -0.2756, -0.8321 0.5112 -0.2756, -0.8049 0.7312 -0.1968, -0.8019 0.7315 -0.1968, -0.802 0.7317 -0.21, -0.697 0.7034 -0.1968, -0.6924 0.6999 -0.1968, -0.6923 0.7001 -0.21, -0.691 0.576 -0.2736, -0.6955 0.576 -0.2741, -0.6968 0.5915 -0.2745, -0.6743 0.576 -0.2677, -0.6822 0.576 -0.2705, -0.6836 0.5938 -0.271, -0.6712 0.5959 -0.2652, -0.6697 0.576 -0.2648, -0.66 0.5978 -0.2572, -0.6593 0.576 -0.2582, -0.6468 0.576 -0.2456, -0.6485 0.576 -0.2472, -0.6503 0.5995 -0.2474, -0.6375 0.576 -0.2305, -0.6407 0.576 -0.2358, -0.6425 0.6008 -0.236, -0.6318 0.576 -0.2138, -0.635 0.576 -0.2233, -0.6367 0.6018 -0.2234, -0.6333 0.6024 -0.21, -0.6313 0.576 -0.21, -0.6299 0.576 -0.1968, -0.6334 0.6024 -0.1968, -0.6345 0.6109 -0.1968, -0.6529 0.6572 -0.1968, -0.651 0.6547 -0.1968, -0.6535 0.6568 -0.21, -0.6476 0.6466 -0.1968, -0.6409 0.6305 -0.21, -0.641 0.6304 -0.1968, -0.6353 0.6167 -0.1968, -0.6689 0.678 -0.1968, -0.6709 0.6803 -0.21, -0.6708 0.6805 -0.1968, -0.676 0.6873 -0.1968, -0.7087 0.7124 -0.1968, -0.717 0.7156 -0.21, -0.7168 0.7158 -0.1968, -0.7729 0.7315 -0.1968, -0.767 0.7308 -0.1968, -0.7728 0.7317 -0.21, -0.7466 0.7281 -0.1968, -0.7442 0.7263 -0.21, -0.744 0.727 -0.1968, -0.7304 0.7213 -0.1968, -0.7874 0.7335 -0.1968, -0.8282 0.7281 -0.1968, -0.8307 0.7263 -0.21, -0.8308 0.727 -0.1968, -0.8825 0.7001 -0.21, -0.8824 0.6999 -0.1968, -0.8754 0.7052 -0.1968, -0.8578 0.7156 -0.21, -0.8661 0.7124 -0.1968, -0.858 0.7157 -0.1968, -0.8417 0.7225 -0.1968, -0.8988 0.6873 -0.1968, -0.9039 0.6803 -0.21, -0.904 0.6805 -0.1968, -0.926 0.6493 -0.1968, -0.9238 0.6547 -0.1968, -0.9213 0.6568 -0.21, -0.9219 0.6572 -0.1968, -0.9041 0.6804 -0.1968, -0.9338 0.6304 -0.1968, -0.9339 0.6305 -0.21, -0.9395 0.6167 -0.1968, -0.9415 0.6024 -0.21, -0.9399 0.6138 -0.1968, -0.9414 0.6024 -0.1968, -0.9435 0.576 -0.21, -0.9449 0.576 -0.1968, -0.9381 0.6018 -0.2234, -0.9398 0.576 -0.2233, -0.943 0.576 -0.2138, -0.9323 0.6008 -0.236, -0.9341 0.576 -0.2358, -0.9373 0.576 -0.2305, -0.9036 0.5959 -0.2652, -0.9051 0.576 -0.2648, -0.9155 0.576 -0.2582, -0.8912 0.5938 -0.271, -0.8926 0.576 -0.2705, -0.9005 0.576 -0.2677, -0.878 0.5915 -0.2745, -0.8793 0.576 -0.2741, -0.8838 0.576 -0.2736, -0.8661 0.576 -0.2756, -0.8735 0.608 -0.2745, -0.8661 0.6235 -0.2745, -0.8559 0.6373 -0.2745, -0.796 0.6675 -0.2745, -0.8128 0.6643 -0.2745, -0.8288 0.658 -0.2745, -0.8433 0.6489 -0.2745, -0.7788 0.6675 -0.2745, -0.762 0.6643 -0.2745, -0.746 0.658 -0.2745, -0.7013 0.608 -0.2745, -0.7087 0.6235 -0.2745, -0.7189 0.6373 -0.2745, -0.7315 0.6489 -0.2745, -0.6441 0.6293 -0.2234, -0.6565 0.655 -0.2234, -0.6735 0.6779 -0.2234, -0.6944 0.6973 -0.2234, -0.7186 0.7125 -0.2234, -0.7451 0.7229 -0.2234, -0.7731 0.7282 -0.2234, -0.8017 0.7282 -0.2234, -0.8297 0.7229 -0.2234, -0.8562 0.7125 -0.2234, -0.8804 0.6973 -0.2234, -0.9013 0.6779 -0.2234, -0.9183 0.655 -0.2234, -0.9307 0.6293 -0.2234, -0.6496 0.6273 -0.236, -0.6615 0.652 -0.236, -0.6778 0.674 -0.236, -0.698 0.6927 -0.236, -0.7212 0.7073 -0.236, -0.7467 0.7173 -0.236, -0.7737 0.7224 -0.236, -0.8011 0.7224 -0.236, -0.8281 0.7173 -0.236, -0.8536 0.7073 -0.236, -0.8768 0.6927 -0.236, -0.897 0.674 -0.236, -0.9133 0.652 -0.236, -0.9252 0.6273 -0.236, -0.657 0.6245 -0.2474, -0.6683 0.6479 -0.2474, -0.6837 0.6688 -0.2474, -0.7028 0.6864 -0.2474, -0.7248 0.7002 -0.2474, -0.7489 0.7097 -0.2474, -0.7744 0.7145 -0.2474, -0.8004 0.7145 -0.2474, -0.8259 0.7097 -0.2474, -0.85 0.7002 -0.2474, -0.872 0.6864 -0.2474, -0.8911 0.6687 -0.2474, -0.9065 0.6479 -0.2474, -0.9178 0.6245 -0.2474, -0.9245 0.5995 -0.2474, -0.928 0.576 -0.2456, -0.6662 0.6211 -0.2572, -0.6767 0.6428 -0.2572, -0.6911 0.6622 -0.2572, -0.7088 0.6786 -0.2572, -0.7292 0.6914 -0.2572, -0.7516 0.7002 -0.2572, -0.7753 0.7047 -0.2572, -0.7995 0.7047 -0.2572, -0.8232 0.7002 -0.2572, -0.8456 0.6914 -0.2572, -0.8661 0.6786 -0.2572, -0.8837 0.6622 -0.2572, -0.8981 0.6428 -0.2572, -0.9086 0.6211 -0.2572, -0.9148 0.5978 -0.2572, -0.9263 0.576 -0.2472, -0.6769 0.6171 -0.2652, -0.6865 0.6369 -0.2652, -0.6995 0.6546 -0.2652, -0.7157 0.6696 -0.2652, -0.7343 0.6813 -0.2652, -0.7548 0.6893 -0.2652, -0.7764 0.6934 -0.2652, -0.7984 0.6934 -0.2652, -0.82 0.6893 -0.2652, -0.8405 0.6813 -0.2652, -0.8591 0.6696 -0.2652, -0.8753 0.6546 -0.2652, -0.8883 0.6369 -0.2652, -0.8979 0.6171 -0.2652, -0.6887 0.6127 -0.271, -0.6972 0.6304 -0.271, -0.7089 0.6462 -0.271, -0.7233 0.6596 -0.271, -0.74 0.67 -0.271, -0.7583 0.6772 -0.271, -0.7776 0.6808 -0.271, -0.7972 0.6808 -0.271, -0.8165 0.6772 -0.271, -0.8348 0.67 -0.271, -0.8515 0.6596 -0.271, -0.8659 0.6462 -0.271, -0.8776 0.6304 -0.271, -0.8861 0.6127 -0.271, -0.6938 0.5529 -0.2736, -0.9449 0.576 -0.1968, -0.9406 0.541 -0.1968, -0.9385 0.5387 -0.2138, -0.9403 0.5383 -0.1968, -0.9277 0.5051 -0.1968, -0.9252 0.5036 -0.2138, -0.9268 0.5028 -0.1968, -0.9066 0.4734 -0.1968, -0.9039 0.4728 -0.2138, -0.9053 0.4716 -0.1968, -0.8784 0.4477 -0.1968, -0.8758 0.4479 -0.2138, -0.8769 0.4464 -0.1968, -0.8449 0.4296 -0.1968, -0.8426 0.4304 -0.2138, -0.8432 0.4287 -0.1968, -0.8079 0.42 -0.1968, -0.8062 0.4215 -0.2138, -0.8064 0.4196 -0.1968, -0.7698 0.4196 -0.1968, -0.7686 0.4215 -0.2138, -0.7684 0.4196 -0.1968, -0.7327 0.4285 -0.1968, -0.7322 0.4304 -0.2138, -0.7316 0.4287 -0.1968, -0.6987 0.446 -0.1968, -0.699 0.4479 -0.2138, -0.6979 0.4464 -0.1968, -0.67 0.4711 -0.1968, -0.6709 0.4728 -0.2138, -0.6695 0.4716 -0.1968, -0.6482 0.5024 -0.1968, -0.6496 0.5037 -0.2138, -0.648 0.5028 -0.1968, -0.6346 0.5381 -0.1968, -0.6363 0.5387 -0.2138, -0.6345 0.5383 -0.1968, -0.6418 0.5401 -0.2305, -0.6547 0.5063 -0.2305, -0.6752 0.4766 -0.2305, -0.7022 0.4526 -0.2305, -0.7342 0.4358 -0.2305, -0.7693 0.4272 -0.2305, -0.8055 0.4272 -0.2305, -0.8406 0.4358 -0.2305, -0.8726 0.4526 -0.2305, -0.8996 0.4766 -0.2305, -0.9201 0.5063 -0.2305, -0.933 0.5401 -0.2305, -0.9239 0.5423 -0.2456, -0.9119 0.5107 -0.2456, -0.8926 0.4828 -0.2456, -0.8673 0.4603 -0.2456, -0.8372 0.4445 -0.2456, -0.8043 0.4364 -0.2456, -0.7705 0.4364 -0.2456, -0.7376 0.4445 -0.2456, -0.7076 0.4603 -0.2456, -0.6822 0.4828 -0.2456, -0.6629 0.5107 -0.2456, -0.6509 0.5423 -0.2456, -0.663 0.5453 -0.2582, -0.674 0.5165 -0.2582, -0.6915 0.491 -0.2582, -0.7146 0.4706 -0.2582, -0.742 0.4562 -0.2582, -0.772 0.4488 -0.2582, -0.8028 0.4488 -0.2582, -0.8328 0.4562 -0.2582, -0.8602 0.4706 -0.2582, -0.8833 0.491 -0.2582, -0.9008 0.5165 -0.2582, -0.9118 0.5453 -0.2582, -0.8972 0.5489 -0.2677, -0.8875 0.5234 -0.2677, -0.8721 0.501 -0.2677, -0.8516 0.4829 -0.2677, -0.8275 0.4702 -0.2677, -0.801 0.4637 -0.2677, -0.7738 0.4637 -0.2677, -0.7473 0.4702 -0.2677, -0.7232 0.4829 -0.2677, -0.7027 0.501 -0.2677, -0.6873 0.5234 -0.2677, -0.6776 0.5489 -0.2677, -0.7021 0.5312 -0.2736, -0.7153 0.5121 -0.2736, -0.7327 0.4967 -0.2736, -0.7532 0.4859 -0.2736, -0.7758 0.4803 -0.2736, -0.799 0.4803 -0.2736, -0.8216 0.4859 -0.2736, -0.8421 0.4967 -0.2736, -0.8595 0.5121 -0.2736, -0.8727 0.5312 -0.2736, -0.881 0.5529 -0.2736, -0.7087 0.576 -0.2756, -2.7559 0.7296 0.0939, -2.7559 0.576 0.0787, -2.6772 0.576 0.1575, -2.6772 0.7142 0.1711, -2.6772 0.7231 0.1738, -2.7559 0.8773 0.1387, -2.6772 0.8472 0.2114, -2.6772 0.8635 0.2201, -2.7559 1.0134 0.2114, -2.6772 0.9697 0.2769, -2.6772 0.9911 0.2945, -2.7559 1.1328 0.3094, -2.6772 1.0771 0.365, -2.6772 1.1006 0.3936, -2.7559 1.2307 0.4287, -2.6772 1.1652 0.4724, -2.6772 1.187 0.5132, -2.7559 1.3034 0.5648, -2.6772 1.2307 0.5949, -2.6772 1.2468 0.6481, -2.7559 1.3483 0.7125, -2.6772 1.271 0.7279, -2.6772 1.2774 0.7924, -2.7559 1.3634 0.8661, -2.6772 1.2846 0.8661, -2.7559 1.3483 1.0198, -2.6772 1.2774 0.9399, -2.6772 1.271 1.0044, -2.6772 1.2468 1.0842, -2.7559 1.3034 1.1675, -2.6772 1.2307 1.1373, -2.6772 1.187 1.219, -2.7559 1.2307 1.3036, -2.6772 1.1652 1.2599, -2.6772 1.1006 1.3386, -2.7559 1.1328 1.4229, -2.6772 1.0771 1.3672, -2.6772 0.9911 1.4378, -2.7559 1.0134 1.5208, -2.6772 0.9697 1.4554, -2.6772 0.8635 1.5121, -2.7559 0.8773 1.5936, -2.6772 0.576 1.5748, -2.7559 0.576 1.6535, -2.6772 0.7142 1.5612, -2.7559 0.7296 1.6384, -2.6772 0.7231 1.5585, -2.6772 0.8472 1.5209, -2.7559 0.576 -0.0394, -2.7532 0.576 -0.0597, -2.7532 0.4599 -0.0524, -2.7454 0.576 -0.0787, -2.7454 0.4576 -0.0713, -2.7328 0.576 -0.095, -2.7328 0.4555 -0.0875, -2.7165 0.576 -0.1076, -2.7165 0.4539 -0.0999, -2.6975 0.576 -0.1154, -2.6975 0.453 -0.1077, -2.6772 0.2398 -0.0575, -2.6975 0.2146 -0.0465, -2.6772 0.3312 -0.0872, -2.6975 0.3319 -0.0846, -2.6772 0.4054 -0.1013, -2.6772 0.4526 -0.1103, -2.6772 0.576 -0.1181, -2.6772 0.2137 -0.049, -2.6772 0.1018 0.0036, -2.6975 0.1031 0.006, -2.6772 0.0844 0.0147, -2.6975 -0.001 0.072, -2.6772 -0.0025 0.0699, -2.6975 -0.096 0.1506, -2.6772 -0.0555 0.1136, -2.6772 -0.0978 0.1487, -2.6772 -0.1777 0.2338, -2.6975 -0.1803 0.2405, -2.6772 -0.1824 0.2388, -2.6772 -0.2551 0.3388, -2.6975 -0.2528 0.3402, -2.6772 -0.2749 0.3748, -2.6975 -0.3122 0.4482, -2.6772 -0.3146 0.4471, -2.6975 -0.3575 0.5628, -2.6772 -0.3475 0.5301, -2.6772 -0.3601 0.562, -2.6772 -0.3908 0.6817, -2.6975 -0.3882 0.6822, -2.6772 -0.3926 0.6953, -2.6975 -0.4037 0.8045, -2.6772 -0.4063 0.8043, -2.6772 -0.4063 0.8661, -2.6975 -0.4037 0.9278, -2.6772 -0.4063 0.9279, -2.6975 -0.3882 1.0501, -2.6772 -0.3926 1.037, -2.6772 -0.3908 1.0506, -2.6772 -0.3601 1.1703, -2.6975 -0.3575 1.1695, -2.6772 -0.3475 1.2022, -2.6975 -0.3122 1.2841, -2.6772 -0.3146 1.2852, -2.6975 -0.2528 1.3921, -2.6772 -0.2749 1.3574, -2.6772 -0.2551 1.3935, -2.6772 -0.1824 1.4935, -2.6975 -0.1803 1.4918, -2.6772 -0.1777 1.4985, -2.6975 -0.096 1.5817, -2.6772 -0.0978 1.5836, -2.6772 -0.0555 1.6186, -2.6975 -0.001 1.6602, -2.6772 -0.0025 1.6624, -2.6975 0.1031 1.7263, -2.6772 0.0844 1.7176, -2.6772 0.1018 1.7286, -2.6772 0.2137 1.7813, -2.6975 0.2146 1.7788, -2.6772 0.2398 1.7898, -2.6975 0.3319 1.8169, -2.6772 0.3312 1.8195, -2.6975 0.453 1.84, -2.6772 0.4054 1.8336, -2.6772 0.4526 1.8426, -2.6772 0.576 1.8504, -2.6975 0.576 1.8477, -2.7165 0.3338 -0.077, -2.7165 0.2175 -0.0392, -2.7165 0.1069 0.0129, -2.7165 0.0037 0.0784, -2.7165 -0.0906 0.1563, -2.7165 -0.1743 0.2455, -2.7165 -0.2461 0.3444, -2.7165 -0.3051 0.4516, -2.7165 -0.3501 0.5653, -2.7165 -0.3805 0.6837, -2.7165 -0.3958 0.805, -2.7165 -0.3958 0.9273, -2.7165 -0.3805 1.0486, -2.7165 -0.3501 1.167, -2.7165 -0.3051 1.2807, -2.7165 -0.2461 1.3879, -2.7165 -0.1743 1.4868, -2.7165 -0.0906 1.5759, -2.7165 0.0037 1.6539, -2.7165 0.1069 1.7194, -2.7165 0.2175 1.7715, -2.7165 0.3338 1.8093, -2.7165 0.4539 1.8322, -2.7165 0.576 1.8398, -2.7328 0.3369 -0.0648, -2.7328 0.2221 -0.0275, -2.7328 0.1129 0.0238, -2.7328 0.011 0.0885, -2.7328 -0.082 0.1655, -2.7328 -0.1646 0.2535, -2.7328 -0.2356 0.3511, -2.7328 -0.2937 0.4569, -2.7328 -0.3382 0.5691, -2.7328 -0.3682 0.686, -2.7328 -0.3833 0.8058, -2.7328 -0.3833 0.9265, -2.7328 -0.3682 1.0463, -2.7328 -0.3382 1.1632, -2.7328 -0.2937 1.2754, -2.7328 -0.2356 1.3812, -2.7328 -0.1646 1.4788, -2.7328 -0.082 1.5668, -2.7328 0.011 1.6438, -2.7328 0.1129 1.7084, -2.7328 0.2221 1.7598, -2.7328 0.3369 1.7971, -2.7328 0.4555 1.8198, -2.7328 0.576 1.8273, -2.7454 0.341 -0.0491, -2.7454 0.2281 -0.0124, -2.7454 0.1208 0.0381, -2.7454 0.0206 0.1017, -2.7454 -0.0708 0.1774, -2.7454 -0.1521 0.2639, -2.7454 -0.2218 0.3598, -2.7454 -0.279 0.4638, -2.7454 -0.3227 0.5742, -2.7454 -0.3522 0.6891, -2.7454 -0.367 0.8068, -2.7454 -0.367 0.9255, -2.7454 -0.3522 1.0432, -2.7454 -0.3227 1.1581, -2.7454 -0.279 1.2685, -2.7454 -0.2218 1.3724, -2.7454 -0.1521 1.4684, -2.7454 -0.0708 1.5549, -2.7454 0.0206 1.6306, -2.7454 0.1208 1.6941, -2.7454 0.2281 1.7447, -2.7454 0.341 1.7813, -2.7454 0.4576 1.8036, -2.7454 0.576 1.811, -2.7532 0.3457 -0.0307, -2.7532 0.2351 0.0053, -2.7532 0.1299 0.0548, -2.7532 0.0318 0.1171, -2.7532 -0.0578 0.1912, -2.7532 -0.1374 0.276, -2.7532 -0.2058 0.37, -2.7532 -0.2618 0.4719, -2.7532 -0.3046 0.58, -2.7532 -0.3335 0.6926, -2.7532 -0.3481 0.808, -2.7532 -0.3481 0.9243, -2.7532 -0.3335 1.0396, -2.7532 -0.3046 1.1523, -2.7532 -0.2618 1.2604, -2.7532 -0.2058 1.3623, -2.7532 -0.1374 1.4563, -2.7532 -0.0578 1.5411, -2.7532 0.0318 1.6152, -2.7532 0.1299 1.6775, -2.7532 0.2351 1.727, -2.7532 0.3457 1.7629, -2.7532 0.4599 1.7847, -2.7532 0.576 1.792, -2.7559 0.4625 -0.0322, -2.7559 0.3508 -0.0109, -2.7559 0.2426 0.0242, -2.7559 0.1397 0.0726, -2.7559 0.0437 0.1336, -2.7559 -0.0439 0.2061, -2.7559 -0.1217 0.2889, -2.7559 -0.1886 0.3809, -2.7559 -0.2434 0.4806, -2.7559 -0.2852 0.5863, -2.7559 -0.3135 0.6965, -2.7559 -0.3277 0.8093, -2.7559 -0.3277 0.923, -2.7559 -0.3135 1.0358, -2.7559 -0.2852 1.146, -2.7559 -0.2434 1.2517, -2.7559 -0.1886 1.3513, -2.7559 -0.1217 1.4433, -2.7559 -0.0439 1.5262, -2.7559 0.0437 1.5987, -2.7559 0.1397 1.6596, -2.7559 0.2426 1.7081, -2.7559 0.3508 1.7432, -2.7559 0.4625 1.7645, -2.7559 0.576 1.7717, -0.2067 1.5012 0.1378, -0.2067 1.6193 0.1378, 0.3661 1.4854 0.0748, 0.3661 1.4421 0.0748, -0.0886 1.4854 0.0748, -0.126 1.4421 0.0748, -0.0886 1.5012 0.0748, -0.126 1.5012 0.0748, -0.0886 1.1897 0.5118, -0.0886 1.1212 0.4134, -0.0886 1.1468 0.4134, -0.0886 1.1026 1.3403, -0.0886 1.1897 1.2205, -0.0886 1.2808 0.7921, -0.0886 1.2808 0.9402, -0.0886 1.25 1.0851, -0.0886 1.25 0.6472, -0.1575 1.6193 0.1378, -0.1575 1.5012 0.1378, -0.7874 1.6193 0.1378, -0.6201 1.6193 0.1378, -0.8563 1.25 0.6472, -0.8563 1.5012 0.0591, -0.8563 1.1897 0.5118, -0.8563 1.2808 0.7921, -0.8563 1.2808 0.9402, -0.8563 1.25 1.0851, -0.8563 1.1026 1.3403, -0.8563 1.1897 1.2205, -1.5059 1.4854 0.0748, -1.0591 1.4854 0.0748, -1.0591 1.5012 0.0591, -0.6201 1.5012 0.1378, -0.7874 1.5012 0.1378, -1.624 1.5012 0.1378, -1.624 1.6193 0.1378, -1.0591 1.4421 0.0748, -1.5315 1.4421 0.0748, -1.5059 1.5012 0.0748, -1.5315 1.5012 0.0748, -1.5059 1.1897 0.5118, -1.5059 1.1026 1.3403, -1.5059 1.1897 1.2205, -1.5059 1.2808 0.7921, -1.5059 1.2808 0.9402, -1.5059 1.25 1.0851, -1.5059 1.25 0.6472, -1.5748 1.6193 0.1378, -1.5748 1.5012 0.1378, -1.9685 0.0839 1.7185, -1.9685 -0.0567 1.6201, -1.9685 -0.178 1.4988, -1.9685 -0.2764 1.3583, -1.9685 -0.3489 1.2028, -1.9685 -0.3933 1.0371, -1.9685 -0.4083 0.8661, -1.9685 -0.3933 0.6952, -1.9685 -0.3489 0.5295, -1.9685 -0.2764 0.374, -1.9685 -0.178 0.2335, -1.9685 -0.0567 0.1122, -1.9685 0.2393 -0.0588, -1.9685 0.1085 0.0, -1.9685 0.0839 0.0138, -1.9685 0.4051 -0.1032, -1.9685 0.576 -0.1181, 0.3661 1.4421 0.0, -0.126 1.4421 0.0, -0.126 1.5012 0.0, -0.1575 1.5012 0.0, -0.1575 1.7571 0.0, -0.7874 1.7571 0.0, -0.7874 1.5012 0.0, -1.0591 1.5012 0.0, -1.0591 1.4421 0.0, -1.5315 1.4421 0.0, -1.5315 1.5012 0.0, -1.5748 1.5012 0.0, -1.5748 1.7571 0.0, -1.9685 1.7571 0.0, -1.9685 1.2086 0.1122, -1.9685 1.0681 0.0138, -1.9685 1.0435 0.0, -1.9685 1.33 0.2335, -1.9685 1.4284 0.374, -1.9685 1.5009 0.5295, -1.9685 1.5453 1.0371, -1.9685 1.5602 0.8661, -1.9685 1.5453 0.6952, -1.9685 1.5009 1.2028, -1.9685 1.4284 1.3583, -1.9685 1.33 1.4988, -1.9685 1.2086 1.6201, -1.9685 1.0681 1.7185, -1.9685 0.9126 -0.0588, -1.9685 0.7469 -0.1032, -1.5307 0.1823 0.0787, -1.5307 0.1823 0.0, -0.8026 0.1823 0.0787, -0.8026 0.1823 0.0, -0.9409 0.541 0.0, -0.9449 0.576 0.0, -0.928 0.505 0.0, -0.9068 0.4733 0.0, -0.8785 0.4476 0.0, -0.8449 0.4294 0.0, -0.808 0.4198 0.0, -0.7698 0.4195 0.0, -0.7326 0.4283 0.0, -0.6987 0.4459 0.0, -0.67 0.471 0.0, -0.6482 0.5024 0.0, -0.6346 0.5381 0.0, -0.6299 0.576 0.0, -0.6299 0.576 -0.1968, -1.5059 -0.0377 0.5118, -1.5059 -0.3295 0.0787, -1.5059 -0.3492 0.0787, -1.5059 -0.098 0.6472, -1.5059 -0.1288 0.7921, -1.5059 -0.1288 0.9402, -1.5059 -0.098 1.0851, -1.5059 0.0493 1.3403, -1.5059 -0.0377 1.2205, -1.5307 -0.3492 0.0787, -1.5307 -0.3492 0.0, 0.3661 1.5012 0.0591, 0.3661 1.5012 0.0, -0.8026 -0.3492 0.0787, -0.8026 -0.3492 0.0, -0.6201 -0.4673 0.1378, -0.6201 -0.3492 0.1378, -0.7874 -0.4673 0.1378, -0.7874 -0.3492 0.1378, -0.8563 -0.3492 0.0787, -0.7874 -0.3492 0.0, -0.8563 -0.3295 0.0787, -0.8563 -0.0377 0.5118, -0.8563 -0.1288 0.7921, -0.8563 -0.1288 0.9402, -0.8563 -0.098 1.0851, -0.8563 -0.0377 1.2205, -0.8563 0.0493 1.3403, -0.8563 -0.098 0.6472, -1.5748 -0.3492 0.1378, -1.5748 -0.3492 0.0, -1.624 -0.3492 0.1378, -2.7559 0.4224 1.6384, -2.7559 0.1385 1.5208, -2.7559 0.2747 1.5936, -2.7559 -0.0787 1.3036, -2.7559 0.0192 1.4229, -2.7559 -0.1963 1.0198, -2.7559 -0.1515 1.1675, -2.7559 0.2747 0.1387, -2.7559 0.1385 0.2114, -2.7559 0.0192 0.3094, -2.7559 1.4797 0.8093, -2.7559 1.4372 1.146, -2.7559 1.4655 1.0358, -2.7559 1.4797 0.923, -2.7559 1.0122 1.6596, -2.7559 1.1082 1.5987, -2.7559 0.6895 1.7645, -2.7559 0.8012 1.7432, -2.7559 0.9093 1.7081, -2.7559 -0.1963 0.7125, -2.7559 -0.2114 0.8661, -2.7559 1.2737 0.2889, -2.7559 1.1958 0.2061, -2.7559 1.4655 0.6965, -2.7559 1.4372 0.5863, -2.7559 1.3953 0.4806, -2.7559 1.3405 0.3809, -2.7559 1.1958 1.5262, -2.7559 1.2737 1.4433, -2.7559 1.3405 1.3513, -2.7559 1.3953 1.2517, -2.7559 0.4224 0.0939, -2.7559 -0.1515 0.5648, -2.7559 -0.0787 0.4287, -2.7559 0.6895 -0.0322, -2.7559 1.1082 0.1336, -2.7559 1.0122 0.0726, -2.7559 0.9093 0.0242, -2.7559 0.8012 -0.0109, 0.561 1.1212 0.4134, 0.561 1.1468 0.4134, 2.6378 1.3355 1.1417, 2.5509 1.4224 1.1417, 1.1811 1.1026 0.392, 0.561 1.1897 0.5118, 1.1811 1.1897 0.5118, 0.561 1.25 0.6472, 1.1811 1.25 0.6472, 0.561 1.2808 0.7921, 1.1811 1.2808 0.7921, 0.561 1.2808 0.9402, 1.1811 1.2808 0.9402, 0.561 1.25 1.0851, 1.1811 1.25 1.0851, 0.561 1.1897 1.2205, 1.1811 1.1897 1.2205, 0.561 1.1026 1.3403, 1.1811 1.1026 1.3403, 1.1811 0.9925 1.4395, 1.1811 0.7233 0.173, 1.1811 0.576 0.1575, 1.1811 0.9925 0.2928, 1.1811 0.8642 0.2187, 1.1811 0.8642 1.5135, 1.1811 0.7233 1.5593, 1.1811 0.576 1.5748, 0.561 1.5012 0.0591, 1.2992 0.1424 1.2956, 1.2422 0.0491 1.2598, 1.2992 0.576 1.4764, 1.1811 0.4369 1.561, 1.2992 0.4562 1.4645, 1.1811 0.4289 1.5586, 1.2992 0.4447 1.461, 1.1811 0.3032 1.5202, 1.2992 0.3411 1.4294, 1.1811 0.2884 1.5122, 1.2992 0.3198 1.4179, 1.1811 0.1802 1.454, 1.2992 0.2352 1.3723, 1.1811 0.1607 1.4379, 1.2992 0.2072 1.3492, 1.1811 0.0725 1.3649, 1.1811 0.0512 1.3388, 2.6378 0.2056 1.3511, 2.6378 0.3189 1.4196, 2.6378 0.4444 1.462, 2.6378 0.576 1.4764, 2.6378 1.3043 1.1417, 2.6378 0.2056 0.3811, 2.6378 0.3189 0.3127, 2.6378 0.4444 0.2703, 2.6378 0.576 0.2559, 2.6378 0.7118 1.4611, 2.6378 1.1258 0.6014, 2.6378 1.0531 0.4857, 2.6378 1.3043 0.4724, 2.6378 1.3355 0.4724, 2.6378 0.8408 1.4159, 2.6378 0.9565 1.3432, 2.6378 1.0531 1.2466, 2.6378 1.1258 1.1309, 2.6378 0.9565 0.389, 2.6378 0.8408 0.3163, 2.6378 0.7118 0.2712, 2.6378 1.1709 1.0019, 2.6378 1.1862 0.8661, 2.6378 1.1709 0.7304, 2.5509 1.4224 0.4724, 1.5354 1.4224 0.4724, 1.5354 1.3043 0.4724, 1.5354 1.3043 1.1417, 1.5354 1.4224 1.1417, 2.7559 -0.5461 1.3583, 2.6772 -0.4673 1.3583, 2.7559 -0.5461 0.1181, 1.4961 -0.5461 0.1181, 1.4961 -0.4673 0.1969, 2.6772 -0.4673 0.1969, 1.9685 -0.4673 0.7677, 2.3622 -0.4673 0.7677, 1.9685 -0.4673 0.7769, 1.9685 -0.4673 0.7795, 1.9685 -0.4673 1.0709, 1.9685 -0.4673 1.0735, 1.9685 -0.4673 1.2493, -0.9403 0.6139 0.0, 1.534 0.7281 0.0, 1.4961 0.7124 0.0, 1.4634 0.6873 0.0, 1.6156 0.7281 0.0, 1.5748 0.7335 0.0, 1.4384 0.6547 0.0, 1.4227 0.6167 0.0, -0.805 0.7325 0.0, -0.8422 0.7236 0.0, -0.6468 0.6469 0.0, -0.668 0.6787 0.0, -0.6963 0.7044 0.0, -0.7299 0.7226 0.0, -0.7668 0.7321 0.0, 1.6535 0.7124 0.0, -0.8761 0.7061 0.0, -0.9048 0.6809 0.0, -0.9266 0.6496 0.0, 1.7269 0.6167 0.0, 1.7112 0.6547 0.0, -0.6299 0.576 0.0, -0.6339 0.611 0.0, 1.6862 0.6873 0.0, 1.9685 -0.4673 1.0735, 1.9685 -0.4673 1.0709, 1.9685 -0.4673 0.7795, 1.9685 -0.4673 0.7769, -2.6772 0.0514 0.3936, -2.6772 -0.0133 0.4724, 1.1811 0.0512 0.3935, -2.6772 0.0749 1.3672, -2.6772 0.1608 1.4378, -2.6772 -0.0351 0.5132, -2.6772 -0.0787 0.5949, -2.6772 -0.0949 0.6481, -2.6772 -0.1191 0.7279, -2.6772 -0.1254 0.7924, -2.6772 -0.1327 0.8661, -2.6772 -0.1254 0.9399, -2.6772 -0.1191 1.0044, -2.6772 -0.0949 1.0842, -2.6772 -0.0787 1.1373, -2.6772 -0.0351 1.219, -2.6772 -0.0133 1.2599, -2.6772 0.0514 1.3386, -2.6772 0.4377 1.5612, -2.6772 0.4289 1.5585, -2.6772 0.3048 1.5209, -2.6772 0.2885 1.5121, -2.6772 0.1823 1.4554, -2.6772 0.0749 0.365, 1.1811 0.0725 0.3674, -2.6772 0.1608 0.2945, 1.1811 0.1607 0.2944, -2.6772 0.1823 0.2769, 1.1811 0.1802 0.2783, -2.6772 0.2885 0.2201, 1.1811 0.2884 0.22, -2.6772 0.3048 0.2114, 1.1811 0.3032 0.2121, -2.6772 0.4289 0.1738, 1.1811 0.4289 0.1737, -2.6772 0.4377 0.1711, 1.1811 0.4369 0.1713, 1.2992 0.576 0.2559, 1.2992 0.7029 0.2692, 1.2992 0.7115 0.272, 1.2992 0.8242 0.3087, 1.2992 0.8399 0.3178, 1.2992 0.9347 0.3725, 1.2992 0.955 0.3907, 1.2992 1.0295 0.4578, 1.2992 1.0509 0.4873, 1.2992 1.1045 0.561, 1.2992 1.123 0.6026, 1.2992 1.1563 0.6776, 1.2992 1.1677 0.731, 1.2992 1.1829 0.8024, 1.2992 1.1829 0.8661, 1.2992 1.1829 0.9299, 1.2992 1.1677 1.0013, 1.2992 1.1563 1.0547, 1.2992 1.123 1.1297, 1.2992 1.1045 1.1713, 1.2992 1.0509 1.245, 1.2992 1.0295 1.2745, 1.2992 0.955 1.3416, 1.2992 0.9347 1.3598, 1.2992 0.8399 1.4145, 1.2992 0.8242 1.4236, 1.2992 0.7029 1.463, 1.2992 0.7115 1.4602, 1.2992 0.1424 0.4367, 1.2422 0.0491 0.4724, 1.2992 0.4562 0.2678, 1.2992 0.4447 0.2713, 1.2992 0.3411 0.3029, 1.2992 0.3198 0.3144, 1.2992 0.2352 0.36, 1.2992 0.2072 0.3831, -2.7532 0.692 1.7847, -2.7454 0.6944 1.8036, -2.7328 0.6964 1.8198, -2.7165 0.698 1.8322, -2.6975 0.699 1.84, -2.6772 0.9122 1.7898, -2.6975 0.9373 1.7788, -2.6772 0.8208 1.8195, -2.6975 0.8201 1.8169, -2.6772 0.7465 1.8336, -2.6772 0.6993 1.8426, -2.6772 0.9383 1.7813, -2.6772 1.0501 1.7286, -2.6975 1.0489 1.7263, -2.6772 1.0675 1.7176, -2.6975 1.1529 1.6602, -2.6772 1.1545 1.6624, -2.6975 1.2479 1.5817, -2.6772 1.2074 1.6186, -2.6772 1.2497 1.5836, -2.6772 1.3297 1.4985, -2.6975 1.3323 1.4918, -2.6772 1.3344 1.4935, -2.6772 1.407 1.3935, -2.6975 1.4047 1.3921, -2.6772 1.4269 1.3574, -2.6975 1.4641 1.2841, -2.6772 1.4666 1.2852, -2.6975 1.5095 1.1695, -2.6772 1.4994 1.2022, -2.6772 1.5121 1.1703, -2.6772 1.5428 1.0506, -2.6975 1.5402 1.0501, -2.6772 1.5445 1.037, -2.6975 1.5556 0.9278, -2.6772 1.5583 0.9279, -2.6975 1.5556 0.8045, -2.6772 1.5583 0.8661, -2.6772 1.5583 0.8043, -2.6975 1.5402 0.6822, -2.6772 1.5445 0.6953, -2.6772 1.5428 0.6817, -2.6772 1.5121 0.562, -2.6975 1.5095 0.5628, -2.6772 1.4994 0.5301, -2.6975 1.4641 0.4482, -2.6772 1.4666 0.4471, -2.6975 1.4047 0.3402, -2.6772 1.4269 0.3748, -2.6772 1.407 0.3388, -2.6772 1.3344 0.2388, -2.6975 1.3323 0.2405, -2.6772 1.3297 0.2338, -2.6975 1.2479 0.1506, -2.6772 1.2497 0.1487, -2.6772 1.2074 0.1136, -2.6975 1.1529 0.072, -2.6772 1.1545 0.0699, -2.6975 1.0489 0.006, -2.6772 1.0675 0.0147, -2.6772 1.0501 0.0036, -2.6772 0.9383 -0.049, -2.6975 0.9373 -0.0465, -2.6772 0.9122 -0.0575, -2.6975 0.8201 -0.0846, -2.6772 0.8208 -0.0872, -2.6975 0.699 -0.1077, -2.6772 0.7465 -0.1013, -2.6772 0.6993 -0.1103, -2.7165 0.8181 1.8093, -2.7165 0.9344 1.7715, -2.7165 1.0451 1.7194, -2.7165 1.1483 1.6539, -2.7165 1.2425 1.5759, -2.7165 1.3262 1.4868, -2.7165 1.3981 1.3879, -2.7165 1.457 1.2807, -2.7165 1.502 1.167, -2.7165 1.5324 1.0486, -2.7165 1.5478 0.9273, -2.7165 1.5478 0.805, -2.7165 1.5324 0.6837, -2.7165 1.502 0.5653, -2.7165 1.457 0.4516, -2.7165 1.3981 0.3444, -2.7165 1.3262 0.2455, -2.7165 1.2425 0.1563, -2.7165 1.1483 0.0784, -2.7165 1.0451 0.0129, -2.7165 0.9344 -0.0392, -2.7165 0.8181 -0.077, -2.7165 0.698 -0.0999, -2.7328 0.815 1.7971, -2.7328 0.9298 1.7598, -2.7328 1.039 1.7084, -2.7328 1.141 1.6438, -2.7328 1.234 1.5668, -2.7328 1.3166 1.4788, -2.7328 1.3875 1.3812, -2.7328 1.4457 1.2754, -2.7328 1.4901 1.1632, -2.7328 1.5201 1.0463, -2.7328 1.5353 0.9265, -2.7328 1.5353 0.8058, -2.7328 1.5201 0.686, -2.7328 1.4901 0.5691, -2.7328 1.4457 0.4569, -2.7328 1.3875 0.3511, -2.7328 1.3166 0.2535, -2.7328 1.234 0.1655, -2.7328 1.141 0.0885, -2.7328 1.039 0.0238, -2.7328 0.9298 -0.0275, -2.7328 0.815 -0.0648, -2.7328 0.6964 -0.0875, -2.7454 0.811 1.7813, -2.7454 0.9238 1.7447, -2.7454 1.0312 1.6941, -2.7454 1.1314 1.6306, -2.7454 1.2228 1.5549, -2.7454 1.304 1.4684, -2.7454 1.3738 1.3724, -2.7454 1.4309 1.2685, -2.7454 1.4746 1.1581, -2.7454 1.5041 1.0432, -2.7454 1.519 0.9255, -2.7454 1.519 0.8068, -2.7454 1.5041 0.6891, -2.7454 1.4746 0.5742, -2.7454 1.4309 0.4638, -2.7454 1.3738 0.3598, -2.7454 1.304 0.2639, -2.7454 1.2228 0.1774, -2.7454 1.1314 0.1017, -2.7454 1.0312 0.0381, -2.7454 0.9238 -0.0124, -2.7454 0.811 -0.0491, -2.7454 0.6944 -0.0713, -2.7532 0.8062 1.7629, -2.7532 0.9168 1.727, -2.7532 1.022 1.6775, -2.7532 1.1202 1.6152, -2.7532 1.2098 1.5411, -2.7532 1.2894 1.4563, -2.7532 1.3577 1.3623, -2.7532 1.4138 1.2604, -2.7532 1.4566 1.1523, -2.7532 1.4855 1.0396, -2.7532 1.5 0.9243, -2.7532 1.5 0.808, -2.7532 1.4855 0.6926, -2.7532 1.4566 0.58, -2.7532 1.4138 0.4719, -2.7532 1.3577 0.37, -2.7532 1.2894 0.276, -2.7532 1.2098 0.1912, -2.7532 1.1202 0.1171, -2.7532 1.022 0.0548, -2.7532 0.9168 0.0053, -2.7532 0.8062 -0.0307, -2.7532 0.692 -0.0524, -0.9449 0.576 -0.1968, 1.725 0.6162 -0.2144, 1.7194 0.6147 -0.231, 1.7103 0.6123 -0.2459, 1.6983 0.6091 -0.2584, 1.6839 0.6052 -0.2678, 1.6678 0.6009 -0.2736, 1.6582 0.6241 -0.2736, 1.6429 0.644 -0.2736, 1.6229 0.6593 -0.2736, 1.5997 0.669 -0.2736, 1.5748 0.6722 -0.2736, 1.5499 0.669 -0.2736, 1.5267 0.6593 -0.2736, 1.5067 0.644 -0.2736, 1.4914 0.6241 -0.2736, 1.4818 0.6009 -0.2736, 1.6726 0.6324 -0.2678, 1.6546 0.6558 -0.2678, 1.6313 0.6738 -0.2678, 1.604 0.685 -0.2678, 1.5748 0.6889 -0.2678, 1.5456 0.685 -0.2678, 1.5184 0.6738 -0.2678, 1.495 0.6558 -0.2678, 1.477 0.6324 -0.2678, 1.4657 0.6052 -0.2678, 1.6855 0.6399 -0.2584, 1.6652 0.6664 -0.2584, 1.6387 0.6867 -0.2584, 1.6079 0.6995 -0.2584, 1.5748 0.7038 -0.2584, 1.5417 0.6995 -0.2584, 1.5109 0.6867 -0.2584, 1.4844 0.6664 -0.2584, 1.4641 0.6399 -0.2584, 1.4513 0.6091 -0.2584, 1.6963 0.6461 -0.2459, 1.674 0.6752 -0.2459, 1.645 0.6975 -0.2459, 1.6111 0.7115 -0.2459, 1.5748 0.7163 -0.2459, 1.5385 0.7115 -0.2459, 1.5047 0.6975 -0.2459, 1.4756 0.6752 -0.2459, 1.4533 0.6461 -0.2459, 1.4393 0.6123 -0.2459, 1.7044 0.6508 -0.231, 1.6806 0.6818 -0.231, 1.6496 0.7056 -0.231, 1.6135 0.7206 -0.231, 1.5748 0.7257 -0.231, 1.5361 0.7206 -0.231, 1.5 0.7056 -0.231, 1.469 0.6818 -0.231, 1.4452 0.6508 -0.231, 1.4302 0.6147 -0.231, 1.7095 0.6537 -0.2144, 1.6848 0.6859 -0.2144, 1.6526 0.7107 -0.2144, 1.6151 0.7262 -0.2144, 1.5748 0.7315 -0.2144, 1.5346 0.7262 -0.2144, 1.497 0.7107 -0.2144, 1.4648 0.6859 -0.2144, 1.4401 0.6537 -0.2144, 1.4246 0.6162 -0.2144, 1.7269 0.6167 -0.1968, 1.7112 0.6547 -0.1968, 1.6862 0.6873 -0.1968, 1.6535 0.7124 -0.1968, 1.6156 0.7281 -0.1968, 1.5748 0.7335 -0.1968, 1.534 0.7281 -0.1968, 1.4961 0.7124 -0.1968, 1.4634 0.6873 -0.1968, 1.4384 0.6547 -0.1968, 1.4227 0.6167 -0.1968
            ]
        }
        coordIndex [
            0,1,2,-1,2,1,3,-1,4,2,5,-1,5,2,3,-1,5,3,6,-1,6,3,7,-1,6,7,8,-1,8,7,9,-1,10,11,12,-1,12,11,13,-1,14,15,16,-1,16,15,17,-1,18,19,20,-1,20,19,21,-1,22,18,23,-1,23,18,20,-1,24,22,25,-1,25,22,23,-1,26,27,28,-1,28,27,29,-1,30,31,32,-1,32,31,33,-1,34,33,35,-1,35,33,31,-1,36,37,38,-1,38,37,39,-1,40,41,42,-1,42,41,43,-1,44,45,46,-1,46,45,47,-1,48,30,49,-1,49,30,32,-1,50,51,52,-1,52,51,53,-1,54,55,56,-1,56,55,57,-1,58,59,60,-1,60,59,61,-1,62,63,64,-1,64,63,65,-1,65,66,64,-1,64,66,67,-1,64,67,68,-1,69,70,71,-1,71,70,72,-1,73,72,70,-1,74,75,76,-1,76,75,73,-1,76,73,77,-1,77,73,70,-1,78,79,80,-1,42,81,82,-1,69,71,83,-1,38,84,85,-1,86,87,88,-1,89,42,90,-1,90,42,82,-1,90,82,88,-1,88,82,78,-1,88,78,86,-1,86,78,80,-1,8,9,49,-1,49,9,47,-1,49,47,48,-1,48,47,45,-1,91,92,40,-1,59,57,61,-1,61,57,55,-1,61,55,62,-1,62,55,93,-1,62,93,94,-1,36,38,50,-1,95,96,97,-1,98,99,100,-1,100,99,101,-1,100,101,85,-1,85,101,63,-1,85,63,38,-1,38,63,62,-1,38,62,50,-1,50,62,94,-1,83,95,69,-1,69,95,97,-1,69,97,45,-1,45,97,91,-1,45,91,48,-1,48,91,40,-1,48,40,4,-1,4,40,42,-1,4,42,36,-1,36,42,89,-1,52,102,103,-1,104,2,105,-1,105,2,4,-1,105,4,103,-1,103,4,36,-1,103,36,52,-1,52,36,50,-1,15,14,106,-1,44,46,107,-1,107,46,15,-1,107,15,108,-1,108,15,106,-1,108,109,107,-1,107,109,110,-1,111,109,106,-1,106,109,108,-1,111,106,16,-1,16,106,14,-1,112,113,114,-1,114,113,115,-1,116,117,118,-1,118,117,119,-1,120,121,118,-1,118,121,116,-1,120,122,121,-1,121,122,123,-1,124,125,126,-1,126,125,127,-1,128,129,112,-1,112,129,113,-1,118,119,120,-1,120,119,122,-1,130,131,132,-1,130,132,133,-1,133,132,134,-1,133,134,135,-1,135,134,136,-1,135,136,137,-1,137,136,138,-1,137,138,139,-1,139,138,140,-1,139,140,141,-1,141,140,142,-1,141,142,143,-1,143,142,144,-1,143,144,145,-1,145,144,146,-1,145,146,147,-1,147,146,148,-1,147,148,149,-1,149,148,150,-1,149,150,151,-1,151,150,152,-1,151,152,153,-1,153,152,154,-1,153,154,155,-1,131,156,157,-1,156,158,159,-1,158,160,161,-1,160,162,163,-1,162,164,165,-1,164,166,167,-1,166,168,169,-1,166,169,167,-1,167,169,170,-1,167,170,171,-1,171,170,172,-1,171,172,173,-1,173,172,174,-1,173,174,175,-1,175,174,176,-1,175,176,177,-1,177,176,178,-1,177,178,179,-1,179,178,180,-1,179,180,181,-1,181,180,182,-1,181,182,183,-1,183,182,184,-1,183,184,185,-1,185,184,186,-1,185,186,187,-1,187,186,188,-1,187,188,189,-1,189,188,190,-1,189,190,191,-1,164,167,165,-1,165,167,171,-1,165,171,192,-1,192,171,173,-1,192,173,193,-1,193,173,175,-1,193,175,194,-1,194,175,177,-1,194,177,195,-1,195,177,179,-1,195,179,196,-1,196,179,181,-1,196,181,197,-1,197,181,183,-1,197,183,198,-1,198,183,185,-1,198,185,199,-1,199,185,187,-1,199,187,200,-1,200,187,189,-1,200,189,201,-1,201,189,191,-1,201,191,202,-1,162,165,163,-1,163,165,192,-1,163,192,203,-1,203,192,193,-1,203,193,204,-1,204,193,194,-1,204,194,205,-1,205,194,195,-1,205,195,206,-1,206,195,196,-1,206,196,207,-1,207,196,197,-1,207,197,208,-1,208,197,198,-1,208,198,209,-1,209,198,199,-1,209,199,210,-1,210,199,200,-1,210,200,211,-1,211,200,201,-1,211,201,212,-1,212,201,202,-1,212,202,213,-1,160,163,161,-1,161,163,203,-1,161,203,214,-1,214,203,204,-1,214,204,215,-1,215,204,205,-1,215,205,216,-1,216,205,206,-1,216,206,217,-1,217,206,207,-1,217,207,218,-1,218,207,208,-1,218,208,219,-1,219,208,209,-1,219,209,220,-1,220,209,210,-1,220,210,221,-1,221,210,211,-1,221,211,222,-1,222,211,212,-1,222,212,223,-1,223,212,213,-1,223,213,224,-1,158,161,159,-1,159,161,214,-1,159,214,225,-1,225,214,215,-1,225,215,226,-1,226,215,216,-1,226,216,227,-1,227,216,217,-1,227,217,228,-1,228,217,218,-1,228,218,229,-1,229,218,219,-1,229,219,230,-1,230,219,220,-1,230,220,231,-1,231,220,221,-1,231,221,232,-1,232,221,222,-1,232,222,233,-1,233,222,223,-1,233,223,234,-1,234,223,224,-1,234,224,235,-1,156,159,157,-1,157,159,225,-1,157,225,236,-1,236,225,226,-1,236,226,237,-1,237,226,227,-1,237,227,238,-1,238,227,228,-1,238,228,239,-1,239,228,229,-1,239,229,240,-1,240,229,230,-1,240,230,241,-1,241,230,231,-1,241,231,242,-1,242,231,232,-1,242,232,243,-1,243,232,233,-1,243,233,244,-1,244,233,234,-1,244,234,245,-1,245,234,235,-1,245,235,246,-1,131,157,132,-1,132,157,236,-1,132,236,134,-1,134,236,237,-1,134,237,136,-1,136,237,238,-1,136,238,138,-1,138,238,239,-1,138,239,140,-1,140,239,240,-1,140,240,142,-1,142,240,241,-1,142,241,144,-1,144,241,242,-1,144,242,146,-1,146,242,243,-1,146,243,148,-1,148,243,244,-1,148,244,150,-1,150,244,245,-1,150,245,152,-1,152,245,246,-1,152,246,154,-1,247,248,249,-1,249,248,190,-1,249,190,188,-1,250,251,252,-1,186,169,188,-1,188,169,168,-1,188,168,249,-1,182,180,178,-1,250,253,251,-1,251,253,254,-1,251,254,255,-1,247,256,248,-1,248,256,250,-1,248,250,257,-1,257,250,252,-1,178,176,182,-1,182,176,174,-1,182,174,172,-1,186,184,169,-1,169,184,182,-1,169,182,170,-1,170,182,172,-1,258,259,260,-1,260,259,261,-1,96,261,97,-1,97,261,259,-1,96,95,261,-1,261,95,262,-1,261,262,260,-1,260,262,263,-1,264,265,266,-1,267,268,269,-1,269,268,264,-1,269,264,270,-1,270,264,266,-1,270,266,271,-1,271,266,272,-1,269,270,273,-1,273,270,271,-1,274,268,275,-1,275,268,267,-1,265,262,266,-1,266,262,95,-1,266,95,272,-1,272,95,83,-1,73,273,271,-1,71,72,83,-1,83,72,73,-1,83,73,272,-1,272,73,271,-1,269,273,267,-1,267,273,73,-1,267,73,275,-1,275,73,75,-1,276,277,278,-1,278,277,279,-1,115,113,280,-1,280,113,129,-1,280,129,281,-1,282,127,125,-1,22,24,18,-1,18,24,282,-1,18,282,19,-1,19,282,125,-1,283,284,278,-1,278,284,276,-1,285,117,116,-1,123,286,121,-1,121,286,283,-1,121,283,116,-1,116,283,278,-1,116,278,285,-1,287,283,282,-1,282,283,286,-1,282,286,127,-1,127,286,126,-1,287,282,25,-1,25,282,24,-1,288,289,290,-1,290,289,291,-1,292,293,294,-1,295,296,297,-1,297,296,298,-1,294,299,292,-1,292,299,300,-1,292,300,296,-1,296,300,301,-1,296,301,298,-1,10,302,296,-1,17,11,16,-1,16,11,10,-1,110,109,303,-1,303,109,111,-1,296,295,10,-1,10,295,304,-1,10,304,16,-1,16,304,305,-1,16,305,111,-1,111,305,306,-1,111,306,303,-1,284,283,25,-1,25,283,287,-1,25,23,307,-1,20,21,23,-1,23,21,308,-1,23,308,307,-1,292,309,293,-1,293,309,284,-1,293,284,310,-1,310,284,25,-1,310,25,311,-1,311,25,307,-1,309,277,284,-1,284,277,276,-1,312,302,12,-1,12,302,10,-1,313,314,315,-1,315,314,316,-1,315,316,317,-1,318,319,320,-1,321,322,315,-1,315,322,323,-1,315,320,324,-1,325,326,317,-1,317,326,327,-1,317,327,315,-1,324,328,315,-1,315,328,329,-1,315,329,330,-1,330,331,315,-1,315,331,332,-1,315,332,321,-1,323,333,315,-1,315,333,334,-1,315,334,335,-1,335,336,315,-1,315,336,337,-1,315,337,313,-1,338,339,340,-1,315,338,320,-1,320,338,340,-1,320,340,318,-1,318,340,341,-1,342,343,344,-1,317,345,325,-1,325,345,346,-1,325,346,347,-1,347,348,325,-1,325,348,342,-1,325,342,349,-1,349,342,344,-1,350,351,352,-1,353,354,355,-1,356,357,358,-1,358,357,316,-1,359,360,361,-1,361,360,356,-1,362,363,359,-1,364,365,363,-1,366,367,368,-1,368,367,365,-1,369,370,371,-1,371,370,366,-1,372,373,374,-1,374,373,369,-1,375,376,372,-1,377,376,378,-1,378,376,375,-1,378,375,379,-1,380,381,382,-1,382,381,383,-1,382,383,384,-1,384,383,385,-1,384,385,375,-1,375,385,386,-1,375,386,379,-1,380,382,387,-1,387,382,388,-1,387,388,389,-1,355,354,388,-1,388,354,390,-1,388,390,389,-1,353,355,391,-1,391,355,392,-1,391,392,393,-1,394,395,396,-1,396,395,397,-1,396,397,398,-1,398,397,399,-1,398,399,392,-1,392,399,400,-1,392,400,393,-1,352,351,396,-1,396,351,401,-1,396,401,394,-1,350,352,402,-1,402,352,403,-1,402,403,404,-1,405,406,407,-1,405,407,408,-1,407,409,408,-1,408,409,410,-1,408,410,403,-1,403,410,411,-1,403,411,404,-1,406,405,412,-1,412,405,413,-1,412,413,414,-1,415,416,417,-1,417,416,418,-1,417,418,413,-1,413,418,419,-1,413,419,414,-1,415,417,420,-1,420,417,421,-1,420,421,422,-1,422,421,423,-1,422,423,424,-1,424,423,425,-1,425,423,426,-1,425,426,427,-1,428,429,430,-1,431,432,433,-1,434,435,436,-1,437,438,439,-1,440,441,442,-1,443,441,338,-1,338,441,440,-1,338,440,339,-1,339,440,340,-1,440,444,340,-1,340,444,445,-1,340,445,341,-1,341,445,446,-1,341,446,318,-1,447,329,448,-1,448,329,328,-1,448,328,449,-1,449,328,324,-1,449,324,450,-1,450,324,320,-1,450,320,446,-1,446,320,319,-1,446,319,318,-1,332,331,447,-1,447,331,330,-1,447,330,329,-1,447,451,332,-1,332,451,452,-1,332,452,321,-1,321,452,453,-1,321,453,322,-1,454,336,455,-1,455,336,335,-1,455,335,456,-1,456,335,334,-1,456,334,457,-1,457,334,333,-1,457,333,453,-1,453,333,323,-1,453,323,322,-1,316,314,358,-1,358,314,313,-1,358,313,454,-1,454,313,337,-1,454,337,336,-1,372,374,375,-1,375,374,458,-1,375,458,384,-1,384,458,459,-1,384,459,382,-1,382,459,460,-1,382,460,388,-1,388,460,461,-1,388,461,355,-1,355,461,462,-1,355,462,392,-1,392,462,463,-1,392,463,398,-1,398,463,464,-1,398,464,396,-1,396,464,465,-1,396,465,352,-1,352,465,466,-1,352,466,403,-1,403,466,467,-1,403,467,408,-1,408,467,468,-1,408,468,405,-1,405,468,469,-1,405,469,413,-1,413,469,470,-1,413,470,417,-1,417,470,471,-1,417,471,421,-1,421,471,428,-1,421,428,423,-1,423,428,430,-1,423,430,426,-1,369,371,374,-1,374,371,472,-1,374,472,458,-1,458,472,473,-1,458,473,459,-1,459,473,474,-1,459,474,460,-1,460,474,475,-1,460,475,461,-1,461,475,476,-1,461,476,462,-1,462,476,477,-1,462,477,463,-1,463,477,478,-1,463,478,464,-1,464,478,479,-1,464,479,465,-1,465,479,480,-1,465,480,466,-1,466,480,481,-1,466,481,467,-1,467,481,482,-1,467,482,468,-1,468,482,483,-1,468,483,469,-1,469,483,484,-1,469,484,470,-1,470,484,485,-1,470,485,471,-1,471,485,431,-1,471,431,428,-1,428,431,433,-1,428,433,429,-1,366,368,371,-1,371,368,486,-1,371,486,472,-1,472,486,487,-1,472,487,473,-1,473,487,488,-1,473,488,474,-1,474,488,489,-1,474,489,475,-1,475,489,490,-1,475,490,476,-1,476,490,491,-1,476,491,477,-1,477,491,492,-1,477,492,478,-1,478,492,493,-1,478,493,479,-1,479,493,494,-1,479,494,480,-1,480,494,495,-1,480,495,481,-1,481,495,496,-1,481,496,482,-1,482,496,497,-1,482,497,483,-1,483,497,498,-1,483,498,484,-1,484,498,499,-1,484,499,485,-1,485,499,500,-1,485,500,431,-1,431,500,501,-1,431,501,432,-1,365,364,368,-1,368,364,502,-1,368,502,486,-1,486,502,503,-1,486,503,487,-1,487,503,504,-1,487,504,488,-1,488,504,505,-1,488,505,489,-1,489,505,506,-1,489,506,490,-1,490,506,507,-1,490,507,491,-1,491,507,508,-1,491,508,492,-1,492,508,509,-1,492,509,493,-1,493,509,510,-1,493,510,494,-1,494,510,511,-1,494,511,495,-1,495,511,512,-1,495,512,496,-1,496,512,513,-1,496,513,497,-1,497,513,514,-1,497,514,498,-1,498,514,515,-1,498,515,499,-1,499,515,516,-1,499,516,500,-1,500,516,517,-1,500,517,501,-1,363,362,364,-1,364,362,518,-1,364,518,502,-1,502,518,519,-1,502,519,503,-1,503,519,520,-1,503,520,504,-1,504,520,521,-1,504,521,505,-1,505,521,522,-1,505,522,506,-1,506,522,523,-1,506,523,507,-1,507,523,524,-1,507,524,508,-1,508,524,525,-1,508,525,509,-1,509,525,526,-1,509,526,510,-1,510,526,527,-1,510,527,511,-1,511,527,528,-1,511,528,512,-1,512,528,529,-1,512,529,513,-1,513,529,530,-1,513,530,514,-1,514,530,531,-1,514,531,515,-1,515,531,434,-1,515,434,516,-1,516,434,436,-1,516,436,517,-1,359,361,362,-1,362,361,532,-1,362,532,518,-1,518,532,533,-1,518,533,519,-1,519,533,534,-1,519,534,520,-1,520,534,535,-1,520,535,521,-1,521,535,536,-1,521,536,522,-1,522,536,537,-1,522,537,523,-1,523,537,538,-1,523,538,524,-1,524,538,539,-1,524,539,525,-1,525,539,540,-1,525,540,526,-1,526,540,541,-1,526,541,527,-1,527,541,542,-1,527,542,528,-1,528,542,543,-1,528,543,529,-1,529,543,544,-1,529,544,530,-1,530,544,545,-1,530,545,531,-1,531,545,437,-1,531,437,434,-1,434,437,439,-1,434,439,435,-1,356,358,361,-1,361,358,454,-1,361,454,532,-1,532,454,455,-1,532,455,533,-1,533,455,456,-1,533,456,534,-1,534,456,457,-1,534,457,535,-1,535,457,453,-1,535,453,536,-1,536,453,452,-1,536,452,537,-1,537,452,451,-1,537,451,538,-1,538,451,447,-1,538,447,539,-1,539,447,448,-1,539,448,540,-1,540,448,449,-1,540,449,541,-1,541,449,450,-1,541,450,542,-1,542,450,446,-1,542,446,543,-1,543,446,445,-1,543,445,544,-1,544,445,444,-1,544,444,545,-1,545,444,440,-1,545,440,437,-1,437,440,442,-1,437,442,438,-1,357,356,546,-1,547,426,548,-1,548,426,549,-1,548,549,550,-1,550,549,551,-1,551,549,552,-1,551,552,553,-1,553,552,554,-1,554,552,555,-1,554,555,556,-1,556,555,557,-1,557,555,558,-1,557,558,559,-1,559,558,560,-1,560,558,561,-1,560,561,562,-1,562,561,563,-1,563,561,564,-1,563,564,565,-1,565,564,566,-1,566,564,567,-1,566,567,568,-1,568,567,569,-1,569,567,570,-1,569,570,571,-1,571,570,572,-1,572,570,573,-1,572,573,574,-1,574,573,575,-1,575,573,576,-1,575,576,577,-1,577,576,578,-1,578,576,579,-1,578,579,580,-1,580,579,581,-1,581,579,582,-1,581,582,583,-1,583,582,376,-1,583,376,377,-1,369,373,582,-1,582,373,372,-1,582,372,376,-1,369,582,584,-1,584,582,579,-1,584,579,585,-1,585,579,576,-1,585,576,586,-1,586,576,573,-1,586,573,587,-1,587,573,570,-1,587,570,588,-1,588,570,567,-1,588,567,589,-1,589,567,564,-1,589,564,590,-1,590,564,561,-1,590,561,591,-1,591,561,558,-1,591,558,592,-1,592,558,555,-1,592,555,593,-1,593,555,552,-1,593,552,594,-1,594,552,549,-1,594,549,595,-1,426,430,549,-1,549,430,429,-1,549,429,595,-1,595,429,433,-1,595,433,432,-1,432,596,595,-1,595,596,597,-1,595,597,594,-1,594,597,598,-1,594,598,593,-1,593,598,599,-1,593,599,592,-1,592,599,600,-1,592,600,591,-1,591,600,601,-1,591,601,590,-1,590,601,602,-1,590,602,589,-1,589,602,603,-1,589,603,588,-1,588,603,604,-1,588,604,587,-1,587,604,605,-1,587,605,586,-1,586,605,606,-1,586,606,585,-1,585,606,607,-1,585,607,584,-1,365,367,607,-1,607,367,366,-1,607,366,584,-1,584,366,370,-1,584,370,369,-1,365,607,608,-1,608,607,606,-1,608,606,609,-1,609,606,605,-1,609,605,610,-1,610,605,604,-1,610,604,611,-1,611,604,603,-1,611,603,612,-1,612,603,602,-1,612,602,613,-1,613,602,601,-1,613,601,614,-1,614,601,600,-1,614,600,615,-1,615,600,599,-1,615,599,616,-1,616,599,598,-1,616,598,617,-1,617,598,597,-1,617,597,618,-1,618,597,596,-1,618,596,619,-1,432,501,596,-1,596,501,517,-1,596,517,619,-1,619,517,436,-1,619,436,435,-1,435,620,619,-1,619,620,621,-1,619,621,618,-1,618,621,622,-1,618,622,617,-1,617,622,623,-1,617,623,616,-1,616,623,624,-1,616,624,615,-1,615,624,625,-1,615,625,614,-1,614,625,626,-1,614,626,613,-1,613,626,627,-1,613,627,612,-1,612,627,628,-1,612,628,611,-1,611,628,629,-1,611,629,610,-1,610,629,630,-1,610,630,609,-1,609,630,631,-1,609,631,608,-1,356,360,631,-1,631,360,359,-1,631,359,608,-1,608,359,363,-1,608,363,365,-1,356,631,546,-1,546,631,630,-1,546,630,632,-1,632,630,629,-1,632,629,633,-1,633,629,628,-1,633,628,634,-1,634,628,627,-1,634,627,635,-1,635,627,626,-1,635,626,636,-1,636,626,625,-1,636,625,637,-1,637,625,624,-1,637,624,638,-1,638,624,623,-1,638,623,639,-1,639,623,622,-1,639,622,640,-1,640,622,621,-1,640,621,641,-1,641,621,620,-1,641,620,642,-1,317,643,357,-1,435,439,620,-1,620,439,438,-1,620,438,642,-1,642,438,442,-1,642,442,441,-1,357,546,317,-1,317,546,632,-1,317,632,345,-1,345,632,633,-1,345,633,346,-1,346,633,634,-1,346,634,347,-1,347,634,635,-1,347,635,348,-1,348,635,636,-1,348,636,342,-1,342,636,637,-1,342,637,343,-1,343,637,638,-1,343,638,344,-1,344,638,639,-1,344,639,349,-1,349,639,640,-1,349,640,325,-1,325,640,641,-1,325,641,326,-1,326,641,642,-1,326,642,327,-1,327,642,441,-1,327,441,443,-1,644,645,646,-1,646,647,644,-1,644,647,648,-1,644,648,649,-1,648,650,649,-1,649,650,651,-1,649,651,652,-1,651,653,652,-1,652,653,654,-1,652,654,655,-1,654,656,655,-1,655,656,657,-1,655,657,658,-1,657,659,658,-1,658,659,660,-1,658,660,661,-1,660,662,661,-1,661,662,663,-1,661,663,664,-1,663,665,664,-1,664,665,666,-1,664,666,667,-1,667,666,668,-1,667,668,669,-1,669,668,670,-1,670,671,669,-1,669,671,672,-1,669,672,673,-1,672,674,673,-1,673,674,675,-1,673,675,676,-1,675,677,676,-1,676,677,678,-1,676,678,679,-1,678,680,679,-1,679,680,681,-1,679,681,682,-1,681,683,682,-1,682,683,684,-1,682,684,685,-1,686,687,688,-1,688,687,689,-1,688,689,690,-1,690,689,685,-1,690,685,691,-1,691,685,684,-1,692,693,694,-1,693,695,696,-1,695,697,698,-1,697,699,700,-1,699,701,702,-1,703,704,705,-1,705,704,706,-1,705,706,707,-1,707,706,702,-1,707,702,708,-1,708,702,701,-1,708,701,709,-1,703,710,704,-1,704,710,711,-1,704,711,712,-1,712,711,713,-1,712,713,714,-1,714,713,715,-1,714,715,716,-1,716,715,717,-1,717,718,716,-1,716,718,719,-1,716,719,720,-1,719,721,720,-1,720,721,722,-1,720,722,723,-1,723,722,724,-1,723,724,725,-1,725,724,726,-1,725,726,727,-1,727,726,728,-1,728,729,727,-1,727,729,730,-1,727,730,731,-1,731,730,732,-1,731,732,733,-1,732,734,733,-1,733,734,735,-1,733,735,736,-1,736,735,737,-1,736,737,738,-1,738,737,739,-1,739,740,738,-1,738,740,741,-1,738,741,742,-1,742,741,743,-1,742,743,744,-1,744,743,745,-1,744,745,746,-1,746,745,747,-1,747,748,746,-1,746,748,749,-1,746,749,750,-1,750,749,751,-1,750,751,752,-1,751,753,752,-1,752,753,754,-1,752,754,755,-1,755,754,756,-1,755,756,757,-1,757,756,758,-1,758,759,757,-1,757,759,760,-1,757,760,761,-1,761,760,762,-1,761,762,763,-1,763,762,764,-1,763,764,765,-1,765,764,766,-1,766,767,765,-1,765,767,768,-1,765,768,769,-1,699,702,700,-1,700,702,706,-1,700,706,770,-1,770,706,704,-1,770,704,771,-1,771,704,712,-1,771,712,772,-1,772,712,714,-1,772,714,773,-1,773,714,716,-1,773,716,774,-1,774,716,720,-1,774,720,775,-1,775,720,723,-1,775,723,776,-1,776,723,725,-1,776,725,777,-1,777,725,727,-1,777,727,778,-1,778,727,731,-1,778,731,779,-1,779,731,733,-1,779,733,780,-1,780,733,736,-1,780,736,781,-1,781,736,738,-1,781,738,782,-1,782,738,742,-1,782,742,783,-1,783,742,744,-1,783,744,784,-1,784,744,746,-1,784,746,785,-1,785,746,750,-1,785,750,786,-1,786,750,752,-1,786,752,787,-1,787,752,755,-1,787,755,788,-1,788,755,757,-1,788,757,789,-1,789,757,761,-1,789,761,790,-1,790,761,763,-1,790,763,791,-1,791,763,765,-1,791,765,792,-1,792,765,769,-1,792,769,793,-1,697,700,698,-1,698,700,770,-1,698,770,794,-1,794,770,771,-1,794,771,795,-1,795,771,772,-1,795,772,796,-1,796,772,773,-1,796,773,797,-1,797,773,774,-1,797,774,798,-1,798,774,775,-1,798,775,799,-1,799,775,776,-1,799,776,800,-1,800,776,777,-1,800,777,801,-1,801,777,778,-1,801,778,802,-1,802,778,779,-1,802,779,803,-1,803,779,780,-1,803,780,804,-1,804,780,781,-1,804,781,805,-1,805,781,782,-1,805,782,806,-1,806,782,783,-1,806,783,807,-1,807,783,784,-1,807,784,808,-1,808,784,785,-1,808,785,809,-1,809,785,786,-1,809,786,810,-1,810,786,787,-1,810,787,811,-1,811,787,788,-1,811,788,812,-1,812,788,789,-1,812,789,813,-1,813,789,790,-1,813,790,814,-1,814,790,791,-1,814,791,815,-1,815,791,792,-1,815,792,816,-1,816,792,793,-1,816,793,817,-1,695,698,696,-1,696,698,794,-1,696,794,818,-1,818,794,795,-1,818,795,819,-1,819,795,796,-1,819,796,820,-1,820,796,797,-1,820,797,821,-1,821,797,798,-1,821,798,822,-1,822,798,799,-1,822,799,823,-1,823,799,800,-1,823,800,824,-1,824,800,801,-1,824,801,825,-1,825,801,802,-1,825,802,826,-1,826,802,803,-1,826,803,827,-1,827,803,804,-1,827,804,828,-1,828,804,805,-1,828,805,829,-1,829,805,806,-1,829,806,830,-1,830,806,807,-1,830,807,831,-1,831,807,808,-1,831,808,832,-1,832,808,809,-1,832,809,833,-1,833,809,810,-1,833,810,834,-1,834,810,811,-1,834,811,835,-1,835,811,812,-1,835,812,836,-1,836,812,813,-1,836,813,837,-1,837,813,814,-1,837,814,838,-1,838,814,815,-1,838,815,839,-1,839,815,816,-1,839,816,840,-1,840,816,817,-1,840,817,841,-1,693,696,694,-1,694,696,818,-1,694,818,842,-1,842,818,819,-1,842,819,843,-1,843,819,820,-1,843,820,844,-1,844,820,821,-1,844,821,845,-1,845,821,822,-1,845,822,846,-1,846,822,823,-1,846,823,847,-1,847,823,824,-1,847,824,848,-1,848,824,825,-1,848,825,849,-1,849,825,826,-1,849,826,850,-1,850,826,827,-1,850,827,851,-1,851,827,828,-1,851,828,852,-1,852,828,829,-1,852,829,853,-1,853,829,830,-1,853,830,854,-1,854,830,831,-1,854,831,855,-1,855,831,832,-1,855,832,856,-1,856,832,833,-1,856,833,857,-1,857,833,834,-1,857,834,858,-1,858,834,835,-1,858,835,859,-1,859,835,836,-1,859,836,860,-1,860,836,837,-1,860,837,861,-1,861,837,838,-1,861,838,862,-1,862,838,839,-1,862,839,863,-1,863,839,840,-1,863,840,864,-1,864,840,841,-1,864,841,865,-1,692,694,866,-1,866,694,842,-1,866,842,867,-1,867,842,843,-1,867,843,868,-1,868,843,844,-1,868,844,869,-1,869,844,845,-1,869,845,870,-1,870,845,846,-1,870,846,871,-1,871,846,847,-1,871,847,872,-1,872,847,848,-1,872,848,873,-1,873,848,849,-1,873,849,874,-1,874,849,850,-1,874,850,875,-1,875,850,851,-1,875,851,876,-1,876,851,852,-1,876,852,877,-1,877,852,853,-1,877,853,878,-1,878,853,854,-1,878,854,879,-1,879,854,855,-1,879,855,880,-1,880,855,856,-1,880,856,881,-1,881,856,857,-1,881,857,882,-1,882,857,858,-1,882,858,883,-1,883,858,859,-1,883,859,884,-1,884,859,860,-1,884,860,885,-1,885,860,861,-1,885,861,886,-1,886,861,862,-1,886,862,887,-1,887,862,863,-1,887,863,888,-1,888,863,864,-1,888,864,889,-1,889,864,865,-1,889,865,890,-1,82,891,78,-1,78,891,892,-1,893,894,895,-1,895,894,896,-1,895,896,897,-1,897,896,898,-1,899,900,901,-1,42,43,81,-1,81,43,902,-1,81,902,903,-1,904,897,905,-1,905,897,81,-1,905,81,906,-1,906,81,903,-1,901,895,899,-1,899,895,897,-1,899,897,907,-1,907,897,904,-1,892,891,908,-1,908,891,909,-1,908,79,892,-1,892,79,78,-1,87,910,88,-1,88,910,911,-1,912,913,914,-1,914,913,27,-1,914,27,26,-1,912,915,913,-1,913,915,916,-1,913,916,89,-1,89,916,917,-1,37,36,918,-1,918,36,89,-1,918,89,919,-1,919,89,917,-1,920,29,921,-1,921,29,27,-1,921,27,922,-1,922,27,913,-1,923,911,924,-1,924,911,910,-1,88,911,90,-1,90,911,923,-1,85,925,100,-1,100,925,926,-1,921,927,920,-1,920,927,928,-1,920,928,929,-1,929,928,930,-1,931,28,29,-1,38,39,84,-1,84,39,932,-1,84,932,933,-1,934,929,935,-1,935,929,84,-1,935,84,936,-1,936,84,933,-1,29,920,931,-1,931,920,929,-1,931,929,937,-1,937,929,934,-1,926,925,938,-1,938,925,939,-1,926,938,100,-1,100,938,98,-1,768,767,67,-1,67,767,68,-1,767,766,68,-1,68,766,764,-1,68,764,64,-1,764,762,64,-1,64,762,760,-1,64,760,62,-1,62,760,759,-1,62,759,940,-1,759,758,940,-1,940,758,756,-1,940,756,941,-1,751,942,753,-1,753,942,941,-1,753,941,754,-1,754,941,756,-1,751,749,942,-1,942,749,748,-1,942,748,943,-1,743,944,745,-1,745,944,943,-1,745,943,747,-1,747,943,748,-1,743,741,944,-1,944,741,740,-1,944,740,945,-1,740,739,945,-1,945,739,737,-1,945,737,946,-1,732,947,734,-1,734,947,946,-1,734,946,735,-1,735,946,737,-1,732,730,947,-1,947,730,729,-1,947,729,948,-1,724,949,726,-1,726,949,948,-1,726,948,728,-1,728,948,729,-1,724,722,949,-1,949,722,721,-1,949,721,950,-1,721,719,950,-1,950,719,718,-1,950,718,951,-1,710,952,953,-1,718,717,951,-1,951,717,715,-1,951,715,954,-1,954,715,713,-1,954,713,953,-1,953,713,711,-1,953,711,710,-1,710,703,952,-1,952,703,705,-1,952,705,955,-1,709,956,708,-1,708,956,955,-1,708,955,707,-1,707,955,705,-1,894,957,896,-1,896,957,958,-1,896,958,898,-1,898,958,959,-1,81,897,82,-1,82,897,898,-1,959,960,898,-1,898,960,909,-1,898,909,82,-1,82,909,891,-1,909,960,908,-1,908,960,961,-1,908,961,79,-1,79,961,80,-1,80,961,86,-1,86,961,962,-1,87,86,910,-1,910,86,962,-1,910,962,924,-1,924,962,963,-1,964,922,963,-1,963,922,913,-1,963,913,924,-1,924,913,89,-1,924,89,923,-1,923,89,90,-1,922,964,921,-1,921,964,965,-1,921,965,927,-1,927,965,928,-1,928,965,966,-1,928,966,930,-1,930,966,967,-1,967,968,930,-1,930,968,939,-1,925,85,939,-1,939,85,84,-1,939,84,930,-1,930,84,929,-1,939,968,938,-1,938,968,969,-1,938,969,98,-1,98,969,99,-1,99,969,101,-1,101,969,970,-1,971,970,972,-1,972,970,973,-1,971,974,970,-1,970,974,975,-1,970,975,976,-1,977,101,978,-1,978,101,970,-1,978,970,979,-1,979,970,976,-1,977,980,101,-1,101,980,981,-1,101,981,982,-1,982,983,101,-1,101,983,984,-1,101,984,63,-1,952,955,956,-1,973,953,985,-1,985,953,952,-1,985,952,986,-1,986,952,956,-1,941,61,940,-1,940,61,62,-1,949,950,60,-1,949,60,948,-1,941,942,61,-1,61,942,943,-1,61,943,944,-1,944,945,61,-1,61,945,946,-1,61,946,60,-1,60,946,947,-1,60,947,948,-1,950,951,60,-1,60,951,954,-1,60,954,953,-1,987,988,989,-1,989,988,990,-1,991,992,427,-1,427,548,991,-1,991,548,550,-1,991,550,993,-1,550,551,993,-1,993,551,553,-1,993,553,994,-1,553,554,994,-1,994,554,556,-1,994,556,995,-1,556,557,995,-1,995,557,559,-1,995,559,996,-1,559,560,996,-1,996,560,562,-1,996,562,997,-1,562,563,997,-1,997,563,565,-1,997,565,998,-1,565,566,998,-1,998,566,568,-1,998,568,999,-1,568,569,999,-1,999,569,571,-1,999,571,1000,-1,1000,571,572,-1,1000,572,1001,-1,572,574,1001,-1,1001,574,575,-1,1001,575,1002,-1,575,577,1002,-1,1002,577,578,-1,1002,578,1003,-1,578,580,1003,-1,1003,580,581,-1,1003,581,1004,-1,1004,581,583,-1,1004,583,1005,-1,289,288,1006,-1,1007,289,1008,-1,1008,289,1006,-1,1008,1006,1009,-1,1009,1010,1008,-1,1008,1010,1011,-1,1008,1011,94,-1,94,1011,1012,-1,51,50,1013,-1,1013,50,94,-1,1013,94,1014,-1,1014,94,1012,-1,1015,1016,987,-1,987,1016,988,-1,1017,1018,893,-1,893,1018,957,-1,893,957,894,-1,989,990,1019,-1,1019,990,1020,-1,1021,1022,1023,-1,1023,1022,1024,-1,102,1025,103,-1,103,1025,1019,-1,1020,1026,1019,-1,1019,1026,1024,-1,1019,1024,103,-1,103,1024,1022,-1,103,1022,105,-1,105,1022,1021,-1,1019,1025,1027,-1,1008,1015,1007,-1,1007,1015,987,-1,1007,987,1027,-1,1027,987,989,-1,1027,989,1019,-1,289,1007,291,-1,291,1007,1027,-1,1028,290,291,-1,1029,1025,1030,-1,1030,1025,102,-1,1030,102,1031,-1,1031,102,1032,-1,52,53,102,-1,102,53,1033,-1,102,1033,1032,-1,291,1027,1028,-1,1028,1027,1025,-1,1028,1025,1034,-1,1034,1025,1029,-1,57,59,56,-1,56,59,58,-1,56,58,1035,-1,1035,58,1036,-1,56,1035,54,-1,54,1035,1037,-1,93,1037,94,-1,94,1037,1035,-1,1008,94,1015,-1,1015,94,1035,-1,1015,1035,1016,-1,1016,1035,1036,-1,55,54,93,-1,93,54,1037,-1,687,1038,889,-1,1039,886,1040,-1,1040,886,887,-1,1040,887,1038,-1,1038,887,888,-1,1038,888,889,-1,1041,883,1042,-1,1042,883,884,-1,1042,884,1039,-1,1039,884,885,-1,1039,885,886,-1,1043,880,1044,-1,1044,880,881,-1,1044,881,1041,-1,1041,881,882,-1,1041,882,883,-1,1045,869,1046,-1,1046,869,870,-1,1046,870,1047,-1,664,667,1048,-1,673,1049,669,-1,669,1049,1050,-1,669,1050,667,-1,667,1050,1051,-1,667,1051,1048,-1,685,1052,682,-1,682,1052,1053,-1,682,1053,679,-1,889,890,687,-1,687,890,1054,-1,687,1054,689,-1,689,1054,1055,-1,689,1055,685,-1,685,1055,1056,-1,685,1056,1052,-1,1057,877,1058,-1,1058,877,878,-1,1058,878,1043,-1,1043,878,879,-1,1043,879,880,-1,658,1059,655,-1,655,1059,1060,-1,655,1060,652,-1,1048,1061,664,-1,664,1061,1062,-1,664,1062,661,-1,661,1062,1063,-1,661,1063,658,-1,658,1063,1064,-1,658,1064,1059,-1,1053,1065,679,-1,679,1065,1066,-1,679,1066,676,-1,676,1066,1067,-1,676,1067,673,-1,673,1067,1068,-1,673,1068,1049,-1,645,866,1069,-1,1069,866,867,-1,1069,867,1045,-1,1045,867,868,-1,1045,868,869,-1,1070,875,1057,-1,1057,875,876,-1,1057,876,877,-1,870,871,1047,-1,1047,871,872,-1,1047,872,1071,-1,1071,872,873,-1,1071,873,1070,-1,1070,873,874,-1,1070,874,875,-1,644,1072,645,-1,645,1072,692,-1,645,692,866,-1,1060,1073,652,-1,652,1073,1074,-1,652,1074,649,-1,649,1074,1075,-1,649,1075,644,-1,644,1075,1076,-1,644,1076,1072,-1,900,1077,901,-1,901,1077,1078,-1,77,1079,76,-1,76,1079,1080,-1,37,681,39,-1,39,681,680,-1,39,680,932,-1,1081,1077,900,-1,1077,1081,1082,-1,1082,1081,1083,-1,1082,1083,1084,-1,1084,1083,1085,-1,1084,1085,1086,-1,1086,1085,1087,-1,1086,1087,1088,-1,1088,1087,1089,-1,1088,1089,1090,-1,1090,1089,1091,-1,1090,1091,1092,-1,1092,1091,1093,-1,1092,1093,1094,-1,1094,1093,1095,-1,1094,1095,41,-1,41,1095,1096,-1,41,1096,43,-1,680,678,932,-1,932,678,677,-1,932,677,933,-1,677,675,933,-1,933,675,674,-1,933,674,936,-1,674,672,936,-1,936,672,671,-1,936,671,935,-1,671,670,935,-1,935,670,668,-1,935,668,934,-1,668,666,934,-1,934,666,665,-1,934,665,937,-1,665,663,937,-1,937,663,662,-1,937,662,931,-1,1097,648,1098,-1,1098,648,647,-1,1098,647,646,-1,1099,653,1100,-1,1100,653,651,-1,1100,651,1097,-1,1097,651,650,-1,1097,650,648,-1,900,657,1081,-1,1081,657,656,-1,1081,656,1099,-1,1099,656,654,-1,1099,654,653,-1,662,660,931,-1,931,660,659,-1,931,659,28,-1,28,659,657,-1,28,657,26,-1,26,657,900,-1,26,900,914,-1,914,900,899,-1,914,899,912,-1,912,899,907,-1,912,907,915,-1,915,907,904,-1,915,904,916,-1,916,904,905,-1,916,905,917,-1,917,905,906,-1,917,906,919,-1,919,906,903,-1,919,903,918,-1,918,903,902,-1,918,902,37,-1,37,902,43,-1,37,43,681,-1,681,43,1096,-1,681,1096,683,-1,683,1096,1101,-1,683,1101,684,-1,684,1101,691,-1,691,1101,1102,-1,691,1102,690,-1,690,1102,688,-1,688,1102,1103,-1,688,1103,686,-1,1084,1104,1082,-1,1082,1104,1078,-1,1082,1078,1077,-1,1084,1086,1104,-1,1104,1086,1088,-1,1104,1088,92,-1,92,1088,1090,-1,41,40,1094,-1,1094,40,92,-1,1094,92,1092,-1,1092,92,1090,-1,895,901,893,-1,893,901,1078,-1,893,1078,1017,-1,1017,1078,1104,-1,1105,306,1106,-1,1103,1107,1108,-1,1108,1107,1109,-1,1108,1109,1110,-1,1110,1109,1111,-1,1110,1111,1112,-1,1112,1111,1113,-1,1112,1113,1114,-1,1114,1113,1115,-1,1114,1115,1116,-1,1116,1115,1117,-1,1116,1117,1118,-1,1118,1117,1119,-1,1118,1119,1120,-1,1120,1119,1105,-1,1120,1105,1121,-1,1121,1105,1106,-1,1121,1106,304,-1,303,306,1105,-1,303,1105,1122,-1,1105,1119,1122,-1,1122,1119,1117,-1,1122,1117,1123,-1,1117,1115,1123,-1,1123,1115,1113,-1,1123,1113,1124,-1,1107,1125,1109,-1,1109,1125,1124,-1,1109,1124,1111,-1,1111,1124,1113,-1,44,107,110,-1,1079,77,1126,-1,1126,77,70,-1,308,21,1127,-1,1127,21,19,-1,1127,19,1128,-1,1128,19,125,-1,1128,125,1129,-1,1129,125,1130,-1,1130,125,124,-1,1130,124,114,-1,70,69,1131,-1,1132,1133,1134,-1,1134,1133,115,-1,1134,115,1135,-1,1135,115,280,-1,45,1124,69,-1,69,1124,1125,-1,69,1125,1131,-1,1131,1136,70,-1,70,1136,1137,-1,70,1137,1126,-1,1126,1137,1138,-1,1126,1138,1139,-1,1133,1140,115,-1,115,1140,1141,-1,115,1141,114,-1,114,1141,1142,-1,114,1142,1130,-1,110,303,44,-1,44,303,1122,-1,44,1122,45,-1,45,1122,1123,-1,45,1123,1124,-1,1139,1143,1126,-1,1126,1143,1144,-1,1126,1144,1134,-1,1134,1144,1145,-1,1134,1145,1132,-1,280,281,1135,-1,1135,281,1146,-1,274,1147,268,-1,268,1147,1146,-1,268,1146,264,-1,264,1146,281,-1,264,281,128,-1,128,281,129,-1,1147,1148,1146,-1,1146,1148,1134,-1,1146,1134,1135,-1,1149,1126,1148,-1,1148,1126,1134,-1,1149,1150,1126,-1,1126,1150,1080,-1,1126,1080,1079,-1,76,1080,74,-1,74,1080,1150,-1,1018,1017,263,-1,263,1017,1104,-1,263,1104,260,-1,260,1104,92,-1,260,92,258,-1,258,92,91,-1,97,259,91,-1,91,259,258,-1,275,75,1150,-1,1150,75,74,-1,274,275,1147,-1,1147,275,1150,-1,1147,1150,1148,-1,1148,1150,1149,-1,13,1151,1152,-1,312,12,35,-1,35,12,13,-1,35,13,34,-1,34,13,1152,-1,1153,7,1154,-1,1154,7,3,-1,285,278,279,-1,3,1,1154,-1,1154,1,285,-1,1154,285,1155,-1,1155,285,279,-1,1156,1153,1155,-1,1155,1153,1154,-1,15,46,47,-1,7,1153,1151,-1,13,11,17,-1,17,15,13,-1,13,15,47,-1,13,47,1151,-1,1151,47,9,-1,1151,9,7,-1,1157,5,1158,-1,1158,5,6,-1,8,49,32,-1,1158,6,34,-1,34,6,8,-1,34,8,33,-1,33,8,32,-1,30,48,31,-1,31,48,4,-1,1157,1159,5,-1,5,1159,1160,-1,5,1160,1161,-1,1161,1162,5,-1,5,1162,1163,-1,5,1163,4,-1,4,1163,35,-1,4,35,31,-1,1152,1151,1156,-1,1156,1151,1153,-1,960,959,958,-1,973,970,969,-1,969,968,973,-1,973,968,967,-1,973,967,966,-1,991,993,988,-1,988,1016,1036,-1,965,964,963,-1,991,988,992,-1,1164,992,973,-1,973,992,988,-1,973,988,953,-1,953,988,1036,-1,953,1036,60,-1,60,1036,58,-1,1165,1166,965,-1,965,1166,1167,-1,1000,1001,130,-1,130,1001,1002,-1,990,997,998,-1,990,998,130,-1,130,998,999,-1,130,999,1000,-1,963,1168,965,-1,965,1168,1169,-1,965,1169,1165,-1,993,994,988,-1,988,994,995,-1,988,995,990,-1,990,995,996,-1,990,996,997,-1,1167,1170,965,-1,965,1170,1171,-1,965,1171,966,-1,966,1172,1173,-1,963,962,961,-1,1171,1174,1175,-1,1175,1176,1171,-1,1171,1176,1177,-1,1171,1177,966,-1,966,1177,1178,-1,966,1178,1172,-1,961,960,963,-1,963,960,958,-1,963,958,1168,-1,1168,958,957,-1,1168,957,1179,-1,1179,957,1018,-1,1179,1018,263,-1,128,112,264,-1,264,112,114,-1,1173,1180,966,-1,966,1180,1181,-1,966,1181,973,-1,973,1181,1182,-1,973,1182,1164,-1,126,286,124,-1,124,286,123,-1,124,123,114,-1,265,1183,1184,-1,1002,1003,130,-1,130,1003,1185,-1,130,1185,1171,-1,1171,1185,1186,-1,1171,1186,1174,-1,263,262,1179,-1,1179,262,265,-1,1179,265,1187,-1,1187,265,1184,-1,119,133,135,-1,119,117,133,-1,133,117,285,-1,133,285,130,-1,1,0,285,-1,285,0,1026,-1,285,1026,130,-1,130,1026,1020,-1,130,1020,990,-1,122,149,151,-1,135,137,119,-1,119,137,139,-1,119,139,141,-1,123,122,114,-1,114,122,151,-1,114,151,264,-1,264,151,153,-1,264,153,265,-1,265,153,155,-1,265,155,1183,-1,141,143,119,-1,119,143,145,-1,119,145,122,-1,122,145,147,-1,122,147,149,-1,1024,1026,1023,-1,1023,1026,0,-1,1023,0,104,-1,104,0,2,-1,1158,34,1152,-1,1156,1155,279,-1,312,35,302,-1,302,35,309,-1,302,309,296,-1,296,309,292,-1,35,1163,309,-1,309,1163,1188,-1,309,1188,1189,-1,1189,1190,309,-1,309,1190,1191,-1,309,1191,1157,-1,1152,1156,1158,-1,1158,1156,279,-1,1158,279,1157,-1,1157,279,277,-1,1157,277,309,-1,105,1021,104,-1,104,1021,1023,-1,1192,1193,288,-1,288,1193,1006,-1,310,1194,293,-1,293,1194,290,-1,293,290,294,-1,294,290,1028,-1,294,1028,299,-1,299,1028,1034,-1,299,1034,300,-1,300,1034,1029,-1,300,1029,301,-1,301,1029,1030,-1,301,1030,298,-1,298,1030,1031,-1,298,1031,297,-1,297,1031,1032,-1,297,1032,295,-1,295,1032,1033,-1,1013,1195,51,-1,51,1195,1196,-1,51,1196,53,-1,1193,1197,1006,-1,1006,1197,1198,-1,1006,1198,1009,-1,1198,1199,1009,-1,1009,1199,1200,-1,1009,1200,1010,-1,1200,1201,1010,-1,1010,1201,1202,-1,1010,1202,1011,-1,1202,1203,1011,-1,1011,1203,1204,-1,1011,1204,1012,-1,1204,1205,1012,-1,1012,1205,1206,-1,1012,1206,1014,-1,1206,1207,1014,-1,1014,1207,1208,-1,1014,1208,1013,-1,1013,1208,1209,-1,1013,1209,1195,-1,686,1103,1210,-1,1210,1103,1108,-1,1210,1108,1211,-1,1211,1108,1110,-1,1211,1110,1212,-1,1212,1110,1112,-1,1212,1112,1213,-1,1213,1112,1114,-1,1213,1114,1214,-1,1214,1114,1116,-1,1214,1116,1196,-1,1196,1116,1118,-1,1196,1118,53,-1,53,1118,1120,-1,53,1120,1033,-1,1033,1120,1121,-1,1033,1121,295,-1,295,1121,304,-1,288,290,1192,-1,1192,290,1194,-1,1192,1194,1215,-1,1215,1194,1216,-1,1215,1216,1217,-1,1217,1216,1218,-1,1217,1218,1219,-1,1219,1218,1220,-1,1219,1220,1221,-1,1221,1220,1222,-1,1221,1222,1223,-1,1223,1222,1224,-1,1223,1224,1225,-1,1225,1224,1226,-1,1225,1226,1227,-1,1227,1226,1228,-1,1227,1228,646,-1,646,1228,1098,-1,1097,1098,1229,-1,1229,1230,1097,-1,1097,1230,1231,-1,1097,1231,1100,-1,1231,1232,1100,-1,1100,1232,1233,-1,1100,1233,1099,-1,1233,1234,1099,-1,1099,1234,1235,-1,1099,1235,1081,-1,1235,1236,1081,-1,1081,1236,1237,-1,1081,1237,1083,-1,1237,1238,1083,-1,1083,1238,1239,-1,1083,1239,1085,-1,1239,1240,1085,-1,1085,1240,1241,-1,1085,1241,1087,-1,1241,1242,1087,-1,1087,1242,1243,-1,1087,1243,1089,-1,1243,1244,1089,-1,1089,1244,1245,-1,1089,1245,1091,-1,1245,1246,1091,-1,1091,1246,1247,-1,1091,1247,1093,-1,1247,1248,1093,-1,1093,1248,1249,-1,1093,1249,1095,-1,1249,1250,1095,-1,1095,1250,1251,-1,1095,1251,1096,-1,1096,1251,1252,-1,1096,1252,1101,-1,1252,1253,1101,-1,1101,1253,1254,-1,1101,1254,1102,-1,1107,1103,1255,-1,1255,1103,1102,-1,1255,1102,1256,-1,1256,1102,1254,-1,307,1257,1258,-1,1258,1257,1194,-1,1258,1194,310,-1,1229,1098,1259,-1,1259,1098,1228,-1,1259,1228,1260,-1,1260,1228,1226,-1,1260,1226,1261,-1,1261,1226,1224,-1,1261,1224,1262,-1,1262,1224,1222,-1,1262,1222,1263,-1,1263,1222,1220,-1,1263,1220,1264,-1,1264,1220,1218,-1,1264,1218,1257,-1,1257,1218,1216,-1,1257,1216,1194,-1,1107,1255,1125,-1,1125,1255,1131,-1,1255,1256,1131,-1,1131,1256,1254,-1,1131,1254,1136,-1,1254,1253,1136,-1,1136,1253,1252,-1,1136,1252,1137,-1,1252,1251,1137,-1,1137,1251,1250,-1,1137,1250,1138,-1,1250,1249,1138,-1,1138,1249,1248,-1,1138,1248,1139,-1,1248,1247,1139,-1,1139,1247,1246,-1,1139,1246,1143,-1,1246,1245,1143,-1,1143,1245,1244,-1,1143,1244,1144,-1,1244,1243,1144,-1,1144,1243,1242,-1,1144,1242,1145,-1,1242,1241,1145,-1,1145,1241,1240,-1,1145,1240,1132,-1,1240,1239,1132,-1,1132,1239,1238,-1,1132,1238,1133,-1,1238,1237,1133,-1,1133,1237,1236,-1,1133,1236,1140,-1,1236,1235,1140,-1,1140,1235,1234,-1,1140,1234,1141,-1,1234,1233,1141,-1,1141,1233,1232,-1,1141,1232,1142,-1,1229,1130,1230,-1,1230,1130,1142,-1,1230,1142,1231,-1,1231,1142,1232,-1,1229,1259,1130,-1,1130,1259,1129,-1,1259,1260,1129,-1,1129,1260,1261,-1,1129,1261,1128,-1,1261,1262,1128,-1,1128,1262,1263,-1,1128,1263,1127,-1,307,308,1257,-1,1257,308,1127,-1,1257,1127,1264,-1,1264,1127,1263,-1,1038,687,686,-1,686,1210,1038,-1,1038,1210,1211,-1,1038,1211,1040,-1,1211,1212,1040,-1,1040,1212,1213,-1,1040,1213,1039,-1,1213,1214,1039,-1,1039,1214,1196,-1,1039,1196,1042,-1,1196,1195,1042,-1,1042,1195,1209,-1,1042,1209,1041,-1,1209,1208,1041,-1,1041,1208,1207,-1,1041,1207,1044,-1,1207,1206,1044,-1,1044,1206,1205,-1,1044,1205,1043,-1,1205,1204,1043,-1,1043,1204,1203,-1,1043,1203,1058,-1,1058,1203,1202,-1,1058,1202,1057,-1,1057,1202,1201,-1,1201,1200,1057,-1,1057,1200,1199,-1,1057,1199,1070,-1,1199,1198,1070,-1,1070,1198,1197,-1,1070,1197,1071,-1,1197,1193,1071,-1,1071,1193,1192,-1,1071,1192,1047,-1,1192,1215,1047,-1,1047,1215,1217,-1,1047,1217,1046,-1,1217,1219,1046,-1,1046,1219,1221,-1,1046,1221,1045,-1,646,645,1227,-1,1227,645,1069,-1,1227,1069,1225,-1,1225,1069,1045,-1,1225,1045,1223,-1,1223,1045,1221,-1,890,865,1265,-1,865,841,1266,-1,841,817,1267,-1,817,793,1268,-1,793,769,1269,-1,1270,1271,1272,-1,1272,1271,1273,-1,1272,1273,1274,-1,1274,1273,1269,-1,1274,1269,1275,-1,1275,1269,769,-1,1275,769,768,-1,1270,1276,1271,-1,1271,1276,1277,-1,1271,1277,1278,-1,1278,1277,1279,-1,1278,1279,1280,-1,1280,1279,1281,-1,1280,1281,1282,-1,1282,1281,1283,-1,1283,1284,1282,-1,1282,1284,1285,-1,1282,1285,1286,-1,1285,1287,1286,-1,1286,1287,1288,-1,1286,1288,1289,-1,1289,1288,1290,-1,1289,1290,1291,-1,1291,1290,1292,-1,1291,1292,1293,-1,1293,1292,1294,-1,1294,1295,1293,-1,1293,1295,1296,-1,1293,1296,1297,-1,1297,1296,1298,-1,1297,1298,1299,-1,1299,1298,1300,-1,1299,1300,1301,-1,1300,1302,1301,-1,1301,1302,1303,-1,1301,1303,1304,-1,1304,1303,1305,-1,1305,1306,1304,-1,1304,1306,1307,-1,1304,1307,1308,-1,1308,1307,1309,-1,1308,1309,1310,-1,1310,1309,1311,-1,1310,1311,1312,-1,1312,1311,1313,-1,1313,1314,1312,-1,1312,1314,1315,-1,1312,1315,1316,-1,1316,1315,1317,-1,1316,1317,1318,-1,1317,1319,1318,-1,1318,1319,1320,-1,1318,1320,1321,-1,1321,1320,1322,-1,1321,1322,1323,-1,1323,1322,1324,-1,1324,1325,1323,-1,1323,1325,1326,-1,1323,1326,1327,-1,1327,1326,1328,-1,1327,1328,1329,-1,1329,1328,1330,-1,1329,1330,1331,-1,1331,1330,1332,-1,1332,1333,1331,-1,1331,1333,709,-1,1331,709,701,-1,793,1269,1268,-1,1268,1269,1273,-1,1268,1273,1334,-1,1334,1273,1271,-1,1334,1271,1335,-1,1335,1271,1278,-1,1335,1278,1336,-1,1336,1278,1280,-1,1336,1280,1337,-1,1337,1280,1282,-1,1337,1282,1338,-1,1338,1282,1286,-1,1338,1286,1339,-1,1339,1286,1289,-1,1339,1289,1340,-1,1340,1289,1291,-1,1340,1291,1341,-1,1341,1291,1293,-1,1341,1293,1342,-1,1342,1293,1297,-1,1342,1297,1343,-1,1343,1297,1299,-1,1343,1299,1344,-1,1344,1299,1301,-1,1344,1301,1345,-1,1345,1301,1304,-1,1345,1304,1346,-1,1346,1304,1308,-1,1346,1308,1347,-1,1347,1308,1310,-1,1347,1310,1348,-1,1348,1310,1312,-1,1348,1312,1349,-1,1349,1312,1316,-1,1349,1316,1350,-1,1350,1316,1318,-1,1350,1318,1351,-1,1351,1318,1321,-1,1351,1321,1352,-1,1352,1321,1323,-1,1352,1323,1353,-1,1353,1323,1327,-1,1353,1327,1354,-1,1354,1327,1329,-1,1354,1329,1355,-1,1355,1329,1331,-1,1355,1331,1356,-1,1356,1331,701,-1,1356,701,699,-1,817,1268,1267,-1,1267,1268,1334,-1,1267,1334,1357,-1,1357,1334,1335,-1,1357,1335,1358,-1,1358,1335,1336,-1,1358,1336,1359,-1,1359,1336,1337,-1,1359,1337,1360,-1,1360,1337,1338,-1,1360,1338,1361,-1,1361,1338,1339,-1,1361,1339,1362,-1,1362,1339,1340,-1,1362,1340,1363,-1,1363,1340,1341,-1,1363,1341,1364,-1,1364,1341,1342,-1,1364,1342,1365,-1,1365,1342,1343,-1,1365,1343,1366,-1,1366,1343,1344,-1,1366,1344,1367,-1,1367,1344,1345,-1,1367,1345,1368,-1,1368,1345,1346,-1,1368,1346,1369,-1,1369,1346,1347,-1,1369,1347,1370,-1,1370,1347,1348,-1,1370,1348,1371,-1,1371,1348,1349,-1,1371,1349,1372,-1,1372,1349,1350,-1,1372,1350,1373,-1,1373,1350,1351,-1,1373,1351,1374,-1,1374,1351,1352,-1,1374,1352,1375,-1,1375,1352,1353,-1,1375,1353,1376,-1,1376,1353,1354,-1,1376,1354,1377,-1,1377,1354,1355,-1,1377,1355,1378,-1,1378,1355,1356,-1,1378,1356,1379,-1,1379,1356,699,-1,1379,699,697,-1,841,1267,1266,-1,1266,1267,1357,-1,1266,1357,1380,-1,1380,1357,1358,-1,1380,1358,1381,-1,1381,1358,1359,-1,1381,1359,1382,-1,1382,1359,1360,-1,1382,1360,1383,-1,1383,1360,1361,-1,1383,1361,1384,-1,1384,1361,1362,-1,1384,1362,1385,-1,1385,1362,1363,-1,1385,1363,1386,-1,1386,1363,1364,-1,1386,1364,1387,-1,1387,1364,1365,-1,1387,1365,1388,-1,1388,1365,1366,-1,1388,1366,1389,-1,1389,1366,1367,-1,1389,1367,1390,-1,1390,1367,1368,-1,1390,1368,1391,-1,1391,1368,1369,-1,1391,1369,1392,-1,1392,1369,1370,-1,1392,1370,1393,-1,1393,1370,1371,-1,1393,1371,1394,-1,1394,1371,1372,-1,1394,1372,1395,-1,1395,1372,1373,-1,1395,1373,1396,-1,1396,1373,1374,-1,1396,1374,1397,-1,1397,1374,1375,-1,1397,1375,1398,-1,1398,1375,1376,-1,1398,1376,1399,-1,1399,1376,1377,-1,1399,1377,1400,-1,1400,1377,1378,-1,1400,1378,1401,-1,1401,1378,1379,-1,1401,1379,1402,-1,1402,1379,697,-1,1402,697,695,-1,865,1266,1265,-1,1265,1266,1380,-1,1265,1380,1403,-1,1403,1380,1381,-1,1403,1381,1404,-1,1404,1381,1382,-1,1404,1382,1405,-1,1405,1382,1383,-1,1405,1383,1406,-1,1406,1383,1384,-1,1406,1384,1407,-1,1407,1384,1385,-1,1407,1385,1408,-1,1408,1385,1386,-1,1408,1386,1409,-1,1409,1386,1387,-1,1409,1387,1410,-1,1410,1387,1388,-1,1410,1388,1411,-1,1411,1388,1389,-1,1411,1389,1412,-1,1412,1389,1390,-1,1412,1390,1413,-1,1413,1390,1391,-1,1413,1391,1414,-1,1414,1391,1392,-1,1414,1392,1415,-1,1415,1392,1393,-1,1415,1393,1416,-1,1416,1393,1394,-1,1416,1394,1417,-1,1417,1394,1395,-1,1417,1395,1418,-1,1418,1395,1396,-1,1418,1396,1419,-1,1419,1396,1397,-1,1419,1397,1420,-1,1420,1397,1398,-1,1420,1398,1421,-1,1421,1398,1399,-1,1421,1399,1422,-1,1422,1399,1400,-1,1422,1400,1423,-1,1423,1400,1401,-1,1423,1401,1424,-1,1424,1401,1402,-1,1424,1402,1425,-1,1425,1402,695,-1,1425,695,693,-1,890,1265,1054,-1,1054,1265,1403,-1,1054,1403,1055,-1,1055,1403,1404,-1,1055,1404,1056,-1,1056,1404,1405,-1,1056,1405,1052,-1,1052,1405,1406,-1,1052,1406,1053,-1,1053,1406,1407,-1,1053,1407,1065,-1,1065,1407,1408,-1,1065,1408,1066,-1,1066,1408,1409,-1,1066,1409,1067,-1,1067,1409,1410,-1,1067,1410,1068,-1,1068,1410,1411,-1,1068,1411,1049,-1,1049,1411,1412,-1,1049,1412,1050,-1,1050,1412,1413,-1,1050,1413,1051,-1,1051,1413,1414,-1,1051,1414,1048,-1,1048,1414,1415,-1,1048,1415,1061,-1,1061,1415,1416,-1,1061,1416,1062,-1,1062,1416,1417,-1,1062,1417,1063,-1,1063,1417,1418,-1,1063,1418,1064,-1,1064,1418,1419,-1,1064,1419,1059,-1,1059,1419,1420,-1,1059,1420,1060,-1,1060,1420,1421,-1,1060,1421,1073,-1,1073,1421,1422,-1,1073,1422,1074,-1,1074,1422,1423,-1,1074,1423,1075,-1,1075,1423,1424,-1,1075,1424,1076,-1,1076,1424,1425,-1,1076,1425,1072,-1,1072,1425,693,-1,1072,693,692,-1,709,1333,956,-1,956,1333,986,-1,1333,1332,986,-1,986,1332,1330,-1,986,1330,985,-1,1330,1328,985,-1,985,1328,1326,-1,985,1326,973,-1,973,1326,1325,-1,973,1325,972,-1,1325,1324,972,-1,972,1324,1322,-1,972,1322,971,-1,1317,974,1319,-1,1319,974,971,-1,1319,971,1320,-1,1320,971,1322,-1,1317,1315,974,-1,974,1315,1314,-1,974,1314,975,-1,1309,976,1311,-1,1311,976,975,-1,1311,975,1313,-1,1313,975,1314,-1,1309,1307,976,-1,976,1307,1306,-1,976,1306,979,-1,1306,1305,979,-1,979,1305,1303,-1,979,1303,978,-1,1298,977,1300,-1,1300,977,978,-1,1300,978,1302,-1,1302,978,1303,-1,1298,1296,977,-1,977,1296,1295,-1,977,1295,980,-1,1290,981,1292,-1,1292,981,980,-1,1292,980,1294,-1,1294,980,1295,-1,1290,1288,981,-1,981,1288,1287,-1,981,1287,982,-1,1287,1285,982,-1,982,1285,1284,-1,982,1284,983,-1,1276,65,63,-1,1284,1283,983,-1,983,1283,1281,-1,983,1281,984,-1,984,1281,1279,-1,984,1279,63,-1,63,1279,1277,-1,63,1277,1276,-1,1276,1270,65,-1,65,1270,1272,-1,65,1272,66,-1,768,67,1275,-1,1275,67,66,-1,1275,66,1274,-1,1274,66,1272,-1,379,1186,378,-1,378,1186,1185,-1,378,1185,1005,-1,383,1174,385,-1,385,1174,1186,-1,385,1186,386,-1,386,1186,379,-1,383,381,1174,-1,1174,381,380,-1,1174,380,1175,-1,1175,380,387,-1,1175,387,389,-1,353,1176,354,-1,354,1176,1175,-1,354,1175,390,-1,390,1175,389,-1,400,1177,393,-1,393,1177,1176,-1,393,1176,391,-1,391,1176,353,-1,400,399,1177,-1,1177,399,397,-1,1177,397,1178,-1,397,395,1178,-1,1178,395,394,-1,1178,394,1172,-1,1172,394,401,-1,1172,401,351,-1,351,350,1172,-1,1172,350,402,-1,1172,402,1173,-1,1173,402,404,-1,1173,404,411,-1,407,1180,409,-1,409,1180,1173,-1,409,1173,410,-1,410,1173,411,-1,407,406,1180,-1,1180,406,412,-1,1180,412,1181,-1,412,414,1181,-1,1181,414,419,-1,1181,419,1182,-1,1182,419,418,-1,418,416,1182,-1,1182,416,415,-1,1182,415,1164,-1,1164,415,420,-1,1164,420,422,-1,1426,992,425,-1,425,992,1164,-1,425,1164,424,-1,424,1164,422,-1,154,246,1427,-1,246,235,1428,-1,235,224,1429,-1,224,213,1430,-1,213,202,1431,-1,202,191,1432,-1,191,190,248,-1,191,248,1432,-1,1432,248,257,-1,1432,257,1433,-1,1433,257,252,-1,1433,252,1434,-1,1434,252,251,-1,1434,251,1435,-1,1435,251,255,-1,1435,255,1436,-1,1436,255,254,-1,1436,254,1437,-1,1437,254,253,-1,1437,253,1438,-1,1438,253,250,-1,1438,250,1439,-1,1439,250,256,-1,1439,256,1440,-1,1440,256,247,-1,1440,247,1441,-1,1441,247,249,-1,1441,249,1442,-1,1442,249,168,-1,1442,168,166,-1,202,1432,1431,-1,1431,1432,1433,-1,1431,1433,1443,-1,1443,1433,1434,-1,1443,1434,1444,-1,1444,1434,1435,-1,1444,1435,1445,-1,1445,1435,1436,-1,1445,1436,1446,-1,1446,1436,1437,-1,1446,1437,1447,-1,1447,1437,1438,-1,1447,1438,1448,-1,1448,1438,1439,-1,1448,1439,1449,-1,1449,1439,1440,-1,1449,1440,1450,-1,1450,1440,1441,-1,1450,1441,1451,-1,1451,1441,1442,-1,1451,1442,1452,-1,1452,1442,166,-1,1452,166,164,-1,213,1431,1430,-1,1430,1431,1443,-1,1430,1443,1453,-1,1453,1443,1444,-1,1453,1444,1454,-1,1454,1444,1445,-1,1454,1445,1455,-1,1455,1445,1446,-1,1455,1446,1456,-1,1456,1446,1447,-1,1456,1447,1457,-1,1457,1447,1448,-1,1457,1448,1458,-1,1458,1448,1449,-1,1458,1449,1459,-1,1459,1449,1450,-1,1459,1450,1460,-1,1460,1450,1451,-1,1460,1451,1461,-1,1461,1451,1452,-1,1461,1452,1462,-1,1462,1452,164,-1,1462,164,162,-1,224,1430,1429,-1,1429,1430,1453,-1,1429,1453,1463,-1,1463,1453,1454,-1,1463,1454,1464,-1,1464,1454,1455,-1,1464,1455,1465,-1,1465,1455,1456,-1,1465,1456,1466,-1,1466,1456,1457,-1,1466,1457,1467,-1,1467,1457,1458,-1,1467,1458,1468,-1,1468,1458,1459,-1,1468,1459,1469,-1,1469,1459,1460,-1,1469,1460,1470,-1,1470,1460,1461,-1,1470,1461,1471,-1,1471,1461,1462,-1,1471,1462,1472,-1,1472,1462,162,-1,1472,162,160,-1,235,1429,1428,-1,1428,1429,1463,-1,1428,1463,1473,-1,1473,1463,1464,-1,1473,1464,1474,-1,1474,1464,1465,-1,1474,1465,1475,-1,1475,1465,1466,-1,1475,1466,1476,-1,1476,1466,1467,-1,1476,1467,1477,-1,1477,1467,1468,-1,1477,1468,1478,-1,1478,1468,1469,-1,1478,1469,1479,-1,1479,1469,1470,-1,1479,1470,1480,-1,1480,1470,1471,-1,1480,1471,1481,-1,1481,1471,1472,-1,1481,1472,1482,-1,1482,1472,160,-1,1482,160,158,-1,246,1428,1427,-1,1427,1428,1473,-1,1427,1473,1483,-1,1483,1473,1474,-1,1483,1474,1484,-1,1484,1474,1475,-1,1484,1475,1485,-1,1485,1475,1476,-1,1485,1476,1486,-1,1486,1476,1477,-1,1486,1477,1487,-1,1487,1477,1478,-1,1487,1478,1488,-1,1488,1478,1479,-1,1488,1479,1489,-1,1489,1479,1480,-1,1489,1480,1490,-1,1490,1480,1481,-1,1490,1481,1491,-1,1491,1481,1482,-1,1491,1482,1492,-1,1492,1482,158,-1,1492,158,156,-1,154,1427,1493,-1,1493,1427,1483,-1,1493,1483,1494,-1,1494,1483,1484,-1,1494,1484,1495,-1,1495,1484,1485,-1,1495,1485,1496,-1,1496,1485,1486,-1,1496,1486,1497,-1,1497,1486,1487,-1,1497,1487,1498,-1,1498,1487,1488,-1,1498,1488,1499,-1,1499,1488,1489,-1,1499,1489,1500,-1,1500,1489,1490,-1,1500,1490,1501,-1,1501,1490,1491,-1,1501,1491,1502,-1,1502,1491,1492,-1,1502,1492,1503,-1,1503,1492,156,-1,1503,156,131,-1,155,154,1493,-1,155,1493,1183,-1,1183,1493,1494,-1,1183,1494,1184,-1,1184,1494,1495,-1,1184,1495,1187,-1,1187,1495,1496,-1,1187,1496,1179,-1,1179,1496,1497,-1,1179,1497,1168,-1,1168,1497,1498,-1,1168,1498,1169,-1,1169,1498,1499,-1,1169,1499,1165,-1,1165,1499,1500,-1,1165,1500,1166,-1,1166,1500,1501,-1,1166,1501,1167,-1,1167,1501,1502,-1,1167,1502,1170,-1,1170,1502,1503,-1,1170,1503,1171,-1,1171,1503,131,-1,1171,131,130,-1,
        ]
    }
}
Shape{
    appearance Appearance {
        material  Material 	{
            diffuseColor 0.8509803921568627 0.8509803921568627 0.8509803921568627
            specularColor 0.4235294117647059 0.4235294117647059 0.4235294117647059
            ambientIntensity 0.851
            transparency 0.0
            shininess 0.5
        }
    }
    geometry IndexedFaceSet {
        ccw TRUE
        solid FALSE
        coord DEF co Coordinate {
            point [
                0.1181 1.9933 0.0748, 0.2014 2.1932 0.0748, 0.1181 1.9933 -0.0197, 0.2014 2.1932 -0.0197, 0.0348 2.1932 -0.0197, 0.0348 2.1932 0.0748, 0.315 2.1705 0.0748, 0.315 2.1705 -0.0197, 0.3131 2.1851 -0.0197, 0.3131 2.1851 0.0748, 0.3077 2.1988 -0.0197, 0.3077 2.1988 0.0748, 0.2992 2.2107 -0.0197, 0.2992 2.2107 0.0748, 0.2879 2.2201 -0.0197, 0.2879 2.2201 0.0748, 0.2746 2.2265 -0.0197, 0.2746 2.2265 0.0748, 0.2602 2.2294 -0.0197, 0.2602 2.2294 0.0748, 0.2455 2.2286 -0.0197, 0.2455 2.2286 0.0748, 0.2315 2.2242 -0.0197, 0.2315 2.2242 0.0748, 0.2189 2.2165 -0.0197, 0.2189 2.2165 0.0748, 0.2087 2.2059 -0.0197, 0.2087 2.2059 0.0748, 0.0275 2.2059 -0.0197, 0.0275 2.2059 0.0748, 0.0173 2.2165 -0.0197, 0.0173 2.2165 0.0748, 0.0048 2.2242 -0.0197, 0.0048 2.2242 0.0748, -0.0093 2.2286 -0.0197, -0.0093 2.2286 0.0748, -0.024 2.2294 -0.0197, -0.024 2.2294 0.0748, -0.0384 2.2265 -0.0197, -0.0384 2.2265 0.0748, -0.0517 2.2201 -0.0197, -0.0517 2.2201 0.0748, -0.0629 2.2107 -0.0197, -0.0629 2.2107 0.0748, -0.0715 2.1988 -0.0197, -0.0715 2.1988 0.0748, -0.0769 2.1851 -0.0197, -0.0769 2.1851 0.0748, -0.0787 2.1705 -0.0197, -0.0787 2.1705 0.0748, 0.315 1.698 0.0748, -0.0787 1.698 0.0748, -0.0787 1.6193 0.1535, 0.315 1.6193 0.1535, -0.0787 1.622 0.1332, 0.315 1.622 0.1332, -0.0787 1.6298 0.1142, 0.315 1.6298 0.1142, -0.0787 1.6423 0.0979, 0.315 1.6423 0.0979, -0.0787 1.6587 0.0854, 0.315 1.6587 0.0854, -0.0787 1.6776 0.0775, 0.315 1.6776 0.0775, 0.315 1.698 -0.0197, -0.0787 1.698 -0.0197, 0.2946 1.1607 0.984, 0.2953 1.157 0.992, 0.1772 1.157 0.992, 0.1778 1.1533 0.9999, 0.1834 1.1458 1.0159, 0.1799 1.1495 1.0081, 0.2362 1.132 1.0455, 0.2455 1.1324 1.0448, 0.2945 1.1531 1.0003, 0.2924 1.1493 1.0085, 0.2888 1.1457 1.0163, 0.284 1.1423 1.0234, 0.278 1.1394 1.0298, 0.2709 1.1368 1.0353, 0.263 1.1348 1.0396, 0.2545 1.1333 1.0429, 0.1779 1.1609 0.9836, 0.1801 1.1647 0.9754, 0.1836 1.1683 0.9677, 0.2015 1.1772 0.9487, 0.2094 1.1792 0.9443, 0.218 1.1807 0.9411, 0.227 1.1817 0.9391, 0.2179 1.1333 1.0428, 0.2093 1.1348 1.0396, 0.1882 1.1424 1.0232, 0.2013 1.1369 1.0351, 0.1943 1.1394 1.0296, 0.2362 1.182 0.9384, 0.2455 1.1816 0.9391, 0.2546 1.1807 0.9411, 0.289 1.1682 0.968, 0.2711 1.1771 0.9488, 0.2842 1.1716 0.9607, 0.2782 1.1746 0.9543, 0.2632 1.1792 0.9443, 0.2925 1.1645 0.9758, 0.2269 1.1324 1.0448, 0.1884 1.1717 0.9605, 0.1945 1.1746 0.9541, 0.2942 1.2415 1.0436, 0.2953 1.2462 1.0336, 0.1772 1.2462 1.0336, 0.2908 1.2558 1.0131, 0.2853 1.2601 1.0038, 0.1782 1.2509 1.0235, 0.2941 1.2511 1.0231, 0.2588 1.2693 0.9841, 0.2477 1.2707 0.9811, 0.1783 1.2413 1.044, 0.1817 1.2367 1.054, 0.1871 1.2323 1.0633, 0.1945 1.2286 1.0714, 0.2034 1.2255 1.0781, 0.2136 1.2231 1.083, 0.2478 1.2217 1.086, 0.2589 1.2232 1.083, 0.2692 1.2255 1.078, 0.2247 1.2217 1.0861, 0.2362 1.2212 1.0871, 0.2909 1.2368 1.0537, 0.2855 1.2325 1.063, 0.2362 1.2712 0.98, 0.2246 1.2707 0.9811, 0.1815 1.2556 1.0134, 0.2782 1.2286 1.0712, 0.278 1.2639 0.9957, 0.269 1.267 0.9891, 0.2135 1.2692 0.9842, 0.2032 1.2669 0.9892, 0.1943 1.2638 0.9959, 0.1869 1.2599 1.0041, 0.0479 1.2078 1.0157, 0.048 1.2077 1.0156, 0.0501 1.1959 1.0409, 0.0696 1.19 1.0073, 0.0714 1.1796 1.0297, 0.0941 1.1757 1.0007, 0.0957 1.1668 1.0198, 0.1483 1.1592 0.993, 0.1492 1.159 0.9929, 0.1501 1.1536 1.0046, 0.2362 1.1222 1.0718, 0.2225 1.1227 1.0708, 0.2092 1.124 1.0679, 0.1965 1.1263 1.0631, 0.1848 1.1293 1.0566, 0.1744 1.1331 1.0484, 0.1655 1.1376 1.0389, 0.1584 1.1425 1.0283, 0.1532 1.1479 1.0167, 0.1772 1.157 0.992, 0.1209 1.1653 0.9958, 0.1221 1.1581 1.0113, 0.0299 1.2284 1.0252, 0.1263 1.1506 1.0274, 0.1331 1.1435 1.0427, 0.1425 1.1369 1.0568, 0.1543 1.131 1.0694, 0.1681 1.126 1.0802, 0.1836 1.122 1.0888, 0.2004 1.119 1.0952, 0.2181 1.1172 1.0991, 0.2362 1.1166 1.1004, 0.1007 1.1576 1.0396, 0.1092 1.1488 1.0584, 0.1208 1.1407 1.0758, 0.1353 1.1335 1.0913, 0.1523 1.1273 1.1046, 0.1713 1.1223 1.1153, 0.1921 1.1187 1.1231, 0.2139 1.1164 1.1279, 0.2362 1.1157 1.1295, 0.0774 1.1687 1.0529, 0.0873 1.1584 1.075, 0.1009 1.1489 1.0954, 0.1178 1.1404 1.1136, 0.1378 1.1332 1.1292, 0.1602 1.1273 1.1417, 0.1844 1.1231 1.1509, 0.21 1.1204 1.1565, 0.2362 1.1196 1.1584, 0.0568 1.1837 1.0671, 0.0679 1.172 1.092, 0.0833 1.1613 1.1151, 0.1025 1.1517 1.1357, 0.125 1.1435 1.1532, 0.1503 1.1369 1.1674, 0.1777 1.1321 1.1778, 0.2066 1.1291 1.1841, 0.2362 1.1281 1.1862, 0.0321 1.2155 1.0529, 0.0395 1.202 1.0817, 0.0517 1.1893 1.109, 0.0686 1.1775 1.1343, 0.0896 1.167 1.1569, 0.1143 1.158 1.1761, 0.142 1.1508 1.1916, 0.1721 1.1455 1.203, 0.2037 1.1422 1.2099, 0.2362 1.1411 1.2123, 0.4245 1.2077 1.0156, 0.4031 1.1902 1.0074, 0.4013 1.2006 0.985, 0.3788 1.176 1.0008, 0.3772 1.1849 0.9817, 0.3522 1.1655 0.9959, 0.3509 1.1728 0.9804, 0.3233 1.1591 0.9929, 0.3241 1.1591 0.993, 0.3232 1.1646 0.9812, 0.4426 1.2284 1.0252, 0.4246 1.2078 1.0156, 0.4225 1.2196 0.9904, 0.32 1.1704 0.9689, 0.3148 1.1758 0.9573, 0.3076 1.1808 0.9465, 0.2987 1.1853 0.9369, 0.2882 1.1891 0.9287, 0.2764 1.1922 0.9221, 0.2635 1.1945 0.9172, 0.2501 1.1958 0.9143, 0.2362 1.1963 0.9133, 0.3468 1.1803 0.9642, 0.3399 1.1875 0.9488, 0.3305 1.1941 0.9346, 0.3186 1.2 0.9219, 0.3048 1.2051 0.9111, 0.2892 1.2091 0.9024, 0.2723 1.2121 0.896, 0.2545 1.2139 0.8921, 0.2362 1.2145 0.8908, 0.3721 1.1941 0.9618, 0.3637 1.203 0.9429, 0.352 1.2111 0.9254, 0.3375 1.2184 0.9099, 0.3205 1.2246 0.8966, 0.3013 1.2296 0.8858, 0.2805 1.2332 0.878, 0.2587 1.2355 0.8732, 0.2362 1.2362 0.8716, 0.3953 1.2115 0.9618, 0.3854 1.2218 0.9396, 0.3718 1.2313 0.9192, 0.3548 1.2398 0.901, 0.3348 1.2471 0.8854, 0.3124 1.2529 0.8728, 0.2881 1.2572 0.8637, 0.2625 1.2598 0.858, 0.2362 1.2607 0.8562, 0.4158 1.2318 0.9641, 0.4046 1.2435 0.9392, 0.3892 1.2542 0.9161, 0.37 1.2638 0.8955, 0.3475 1.272 0.8779, 0.3222 1.2786 0.8638, 0.2948 1.2835 0.8534, 0.2659 1.2864 0.8471, 0.2362 1.2874 0.8449, 0.4403 1.2413 0.9975, 0.433 1.2547 0.9688, 0.4207 1.2674 0.9414, 0.4039 1.2792 0.9162, 0.3828 1.2897 0.8936, 0.3581 1.2987 0.8743, 0.3304 1.306 0.8588, 0.3004 1.3113 0.8475, 0.2687 1.3145 0.8405, 0.2362 1.3156 0.8382, 0.1532 1.0121 1.4891, 0.1532 1.1013 1.5307, 0.1183 1.1032 1.5266, 0.1183 1.014 1.485, 0.0856 1.1088 1.5146, 0.0856 1.0196 1.473, 0.0573 1.1177 1.4955, 0.0573 1.0285 1.4539, 0.0354 1.1293 1.4705, 0.0354 1.0401 1.4289, 0.0211 1.143 1.4413, 0.0211 1.0538 1.3997, 0.0155 1.1577 1.4097, 0.0155 1.0685 1.3681, 0.4569 1.0685 1.3681, 0.4569 1.1577 1.4097, 0.4513 1.143 1.4413, 0.4513 1.0538 1.3997, 0.4371 1.1293 1.4705, 0.4371 1.0401 1.4289, 0.4151 1.1177 1.4955, 0.4151 1.0285 1.4539, 0.3869 1.1088 1.5146, 0.3869 1.0196 1.473, 0.3542 1.1032 1.5266, 0.3542 1.014 1.485, 0.3192 1.1013 1.5307, 0.3192 1.0121 1.4891, 0.1011 1.2991 1.0582, 0.1007 1.3016 1.0594, 0.103 1.2904 1.0834, 0.109 1.2819 1.0502, 0.1068 1.2866 1.0524, 0.1088 1.2757 1.0753, 0.1215 1.2671 1.0433, 0.1163 1.2732 1.0461, 0.1181 1.2629 1.0673, 0.1378 1.2558 1.038, 0.1288 1.262 1.0409, 0.1305 1.2526 1.0598, 0.1568 1.2486 1.0347, 0.1437 1.2535 1.037, 0.1453 1.2454 1.0532, 0.1772 1.2462 1.0336, 0.1603 1.2482 1.0345, 0.1617 1.2416 1.0478, 0.2362 1.2158 1.1032, 0.2214 1.2164 1.1018, 0.2072 1.2182 1.0979, 0.194 1.2212 1.0916, 0.1825 1.2252 1.083, 0.1731 1.23 1.0726, 0.166 1.2356 1.0607, 0.1505 1.2381 1.0689, 0.1591 1.2313 1.0835, 0.1706 1.2254 1.0962, 0.1847 1.2205 1.1066, 0.2007 1.2169 1.1144, 0.2181 1.2146 1.1192, 0.2362 1.2139 1.1208, 0.1366 1.2441 1.0781, 0.1466 1.2362 1.095, 0.16 1.2293 1.1098, 0.1763 1.2236 1.122, 0.195 1.2194 1.131, 0.2152 1.2168 1.1365, 0.2362 1.216 1.1384, 0.125 1.2534 1.0877, 0.1361 1.2446 1.1066, 0.1511 1.2369 1.1232, 0.1693 1.2305 1.1367, 0.1901 1.2258 1.1468, 0.2127 1.2229 1.153, 0.2362 1.222 1.1551, 0.1162 1.2654 1.0974, 0.1282 1.2559 1.1177, 0.1444 1.2476 1.1356, 0.164 1.2408 1.1502, 0.1865 1.2357 1.1611, 0.2109 1.2326 1.1678, 0.2362 1.2315 1.17, 0.1108 1.2796 1.1065, 0.1233 1.2697 1.1278, 0.1402 1.261 1.1464, 0.1608 1.2539 1.1617, 0.1843 1.2486 1.1731, 0.2097 1.2453 1.1801, 0.2362 1.2442 1.1825, 0.0984 1.3176 1.0668, 0.1011 1.3062 1.0912, 0.1089 1.2953 1.1146, 0.1216 1.2852 1.1362, 0.1388 1.2764 1.1551, 0.1597 1.2691 1.1707, 0.1835 1.2638 1.1822, 0.2093 1.2605 1.1893, 0.2362 1.2593 1.1917, 0.372 1.3016 1.0594, 0.374 1.3176 1.0668, 0.3714 1.3289 1.0425, 0.3661 1.2864 1.0523, 0.3711 1.2992 1.0583, 0.3687 1.3102 1.0343, 0.3566 1.2728 1.046, 0.3631 1.2821 1.0503, 0.361 1.2924 1.0277, 0.344 1.2615 1.0407, 0.3506 1.2674 1.0435, 0.3487 1.2766 1.023, 0.329 1.2531 1.0368, 0.3344 1.2561 1.0382, 0.3328 1.2639 1.0206, 0.3122 1.2479 1.0343, 0.3156 1.2489 1.0348, 0.3141 1.2552 1.0206, 0.2953 1.2462 1.0336, 0.3096 1.2615 1.0071, 0.3023 1.2673 0.9947, 0.2924 1.2724 0.9838, 0.2804 1.2765 0.9748, 0.2666 1.2797 0.9682, 0.2517 1.2816 0.9641, 0.2362 1.2822 0.9627, 0.3272 1.2717 1.0039, 0.3181 1.2789 0.9885, 0.3058 1.2852 0.9749, 0.2909 1.2904 0.9638, 0.2739 1.2942 0.9556, 0.2554 1.2966 0.9505, 0.2362 1.2974 0.9488, 0.3422 1.2857 1.0035, 0.3316 1.294 0.9855, 0.3173 1.3014 0.9698, 0.3 1.3074 0.9568, 0.2801 1.3119 0.9472, 0.2586 1.3147 0.9413, 0.2362 1.3156 0.9393, 0.3538 1.3025 1.0061, 0.342 1.3118 0.9861, 0.3262 1.3199 0.9686, 0.3069 1.3266 0.9543, 0.2849 1.3316 0.9436, 0.261 1.3346 0.9371, 0.2362 1.3357 0.9349, 0.361 1.3209 1.0114, 0.3486 1.3308 0.9902, 0.3318 1.3395 0.9716, 0.3113 1.3466 0.9564, 0.2879 1.3519 0.9451, 0.2626 1.3551 0.9381, 0.2362 1.3562 0.9358, 0.3635 1.3399 1.019, 0.3508 1.3499 0.9975, 0.3337 1.3587 0.9785, 0.3128 1.366 0.963, 0.289 1.3714 0.9515, 0.2631 1.3747 0.9443, 0.2362 1.3758 0.9419, 0.3828 1.2897 0.8936, 0.3581 1.2987 0.8743, 0.489 1.5024 0.4375, 0.3304 1.306 0.8588, 0.3004 1.3113 0.8475, 0.0686 1.1775 1.1343, 0.0517 1.1893 1.109, 0.0395 1.202 1.0817, 0.433 1.2547 0.9688, 0.4207 1.2674 0.9414, 0.4039 1.2792 0.9162, 0.2687 1.3145 0.8405, 0.2362 1.3156 0.8382, -0.0166 1.5024 0.4375, 0.2039 1.3145 0.8405, 0.1725 1.3113 0.8474, 0.0903 1.29 0.893, 0.0693 1.2796 0.9153, 0.0523 1.268 0.9403, 0.04 1.2553 0.9674, 0.0896 1.167 1.1569, 0.1143 1.158 1.1761, 0.142 1.1508 1.1916, 0.1721 1.1455 1.203, 0.3 1.1454 1.2031, 0.2685 1.1422 1.21, 0.2362 1.1412 1.2123, 0.2037 1.1422 1.2099, 0.1425 1.3061 0.8586, 0.1149 1.2989 0.8739, 0.3821 1.1667 1.1575, 0.4032 1.1771 1.1352, 0.4201 1.1888 1.1101, 0.4325 1.2014 1.083, 0.3299 1.1507 1.1919, 0.3575 1.1578 1.1765, 0.44 1.2147 1.0545, 0.4426 1.2284 1.0252, 0.4403 1.2413 0.9975, 0.0324 1.242 0.996, 0.0299 1.2284 1.0252, 0.0321 1.2155 1.0529, -0.0166 1.5024 0.4375, -0.0166 1.5916 0.4791, 0.489 1.5916 0.4791, 0.1085 1.3395 1.0199, 0.1212 1.3496 0.9981, 0.3639 1.2957 1.1138, 0.3512 1.2855 1.1356, 0.1383 1.3586 0.9789, 0.1593 1.3659 0.9632, 0.1832 1.3713 0.9516, 0.3341 1.2766 1.1547, 0.3132 1.2693 1.1704, 0.2893 1.2638 1.1821, 0.2633 1.2605 1.1893, 0.0984 1.3176 1.0668, 0.1009 1.3285 1.0435, 0.2092 1.3747 0.9444, 0.374 1.3176 1.0668, 0.3716 1.3067 1.0902, 0.4898 1.6035 0.4497, 0.4899 1.5106 0.4139, 0.4921 1.5209 0.3543, 0.4921 1.6193 0.3543, 0.4918 1.5207 0.363, 0.4911 1.6158 0.3966, 0.491 1.5177 0.3842, 0.491 1.6156 0.3994, 0.4906 1.5159 0.3969, 0.491 1.6153 0.4027, 0.4904 1.5155 0.4002, 0.4901 1.6063 0.4386, 0.4899 1.6049 0.4441, -0.0169 1.5059 0.4296, -0.0175 1.5107 0.414, -0.0175 1.6046 0.444, -0.0176 1.6066 0.4386, -0.0181 1.5159 0.3969, -0.0177 1.6084 0.4336, -0.0183 1.5169 0.3937, -0.0186 1.615 0.3992, -0.0186 1.5178 0.3843, -0.0197 1.6193 0.3543, -0.0197 1.5209 0.3543, -0.0189 1.6176 0.386, -0.0187 1.6156 0.3965, -0.0787 1.6586 -0.0152, -0.0787 1.6212 -0.0021, -0.0787 1.5876 0.019, -0.0787 1.5595 0.047, -0.0787 1.5384 0.0806, -0.0787 1.5253 0.1181, -0.0787 1.5209 0.1575, -0.0787 1.6193 0.1575, 0.315 1.5209 0.1575, 0.315 1.5253 0.1181, 0.315 1.5384 0.0806, 0.315 1.5595 0.047, 0.315 1.5876 0.019, 0.315 1.6212 -0.0021, 0.315 1.6586 -0.0152, -0.1772 1.6193 0.1575, -0.1772 1.5209 0.1575, -0.2067 1.6193 0.1612, -0.2067 1.5209 0.1612, 0.7677 1.5209 1.7323, 0.7677 1.6193 1.7323, -0.2067 1.5209 1.7323, -0.2067 1.6193 1.7323, 0.7677 1.5209 1.6468, 0.7677 1.6193 1.6468, 0.7677 1.5209 1.5354, 0.7677 1.6193 1.5354, 0.7547 1.5209 1.5419, 0.7547 1.6193 1.5419, 0.7437 1.5209 1.5514, 0.7437 1.6193 1.5514, 0.7354 1.5209 1.5632, 0.7354 1.6193 1.5632, 0.7301 1.5209 1.5767, 0.7301 1.6193 1.5767, 0.7283 1.5209 1.5911, 0.7283 1.6193 1.5911, 0.7301 1.5209 1.6055, 0.7301 1.6193 1.6055, 0.7354 1.5209 1.619, 0.7354 1.6193 1.619, 0.7437 1.5209 1.6309, 0.7437 1.6193 1.6309, 0.7547 1.5209 1.6403, 0.7547 1.6193 1.6403, 0.7972 1.5209 1.5354, 0.7972 1.6193 1.5354, 0.1532 1.6193 1.6142, 0.3192 1.6193 1.6142, 0.1532 1.5209 1.6142, 0.3192 1.5209 1.6142, 0.1183 1.6193 1.6097, 0.1183 1.5209 1.6097, 0.0856 1.6193 1.5964, 0.0856 1.5209 1.5964, 0.0573 1.6193 1.5753, 0.0573 1.5209 1.5753, 0.0354 1.6193 1.5477, 0.0354 1.5209 1.5477, 0.0211 1.6193 1.5155, 0.0211 1.5209 1.5155, 0.0155 1.6193 1.4807, 0.0155 1.5209 1.4807, -0.0197 1.6193 0.3543, -0.0197 1.5209 0.3543, -0.0197 1.5209 0.3543, 0.4921 1.5209 0.3543, -0.0169 1.5059 0.4296, 0.4904 1.5155 0.4002, -0.0183 1.5169 0.3937, 0.4918 1.5207 0.363, 0.4569 1.5209 1.4807, 0.4921 1.6193 0.3543, 0.4569 1.6193 1.4807, 0.4513 1.6193 1.5155, 0.4513 1.5209 1.5155, 0.4371 1.6193 1.5477, 0.4371 1.5209 1.5477, 0.4151 1.6193 1.5753, 0.4151 1.5209 1.5753, 0.3869 1.6193 1.5964, 0.3869 1.5209 1.5964, 0.3542 1.6193 1.6097, 0.3542 1.5209 1.6097, 0.315 1.6193 0.1575, 0.7677 1.6193 1.2598, 0.7972 1.6193 1.378, 0.7677 1.5209 1.2598, 0.7972 1.5209 1.378, 0.6496 1.6193 0.1575, 0.6496 1.5209 0.1575, 0.7677 1.5209 0.2756, 0.7637 1.5209 0.245, 0.6802 1.5209 0.1615, 0.7087 1.5209 0.1733, 0.7331 1.5209 0.1921, 0.7519 1.5209 0.2165, 0.7677 1.6193 0.2756, 0.6802 1.6193 0.1615, 0.7087 1.6193 0.1733, 0.7331 1.6193 0.1921, 0.7519 1.6193 0.2165, 0.7637 1.6193 0.245, -0.0177 1.6084 0.4336, 0.491 1.6153 0.4027, -0.0189 1.6176 0.386, 0.4921 1.6193 0.3543, -0.0197 1.6193 0.3543, 0.2657 1.1291 1.1841, 0.2623 1.1204 1.1565, 0.2585 1.1164 1.1279, 0.3501 1.1577 1.0122, 0.2543 1.1172 1.0991, 0.2498 1.1227 1.0708, 0.3222 1.1533 1.0052, 0.319 1.1477 1.0173, 0.3138 1.1423 1.0287, 0.3067 1.1374 1.0393, 0.2978 1.133 1.0487, 0.2874 1.1293 1.0567, 0.2757 1.1262 1.0632, 0.2631 1.124 1.0679, 0.2953 1.157 0.992, 0.2719 1.119 1.0953, 0.2886 1.1219 1.089, 0.304 1.1259 1.0804, 0.3178 1.1309 1.0698, 0.3295 1.1367 1.0573, 0.339 1.1432 1.0433, 0.3459 1.1503 1.0281, 0.2801 1.1186 1.1232, 0.3007 1.1222 1.1155, 0.3198 1.1272 1.1049, 0.3367 1.1333 1.0918, 0.3512 1.1404 1.0764, 0.3628 1.1485 1.0592, 0.3714 1.1572 1.0405, 0.3766 1.1663 1.0208, 0.2877 1.123 1.151, 0.3119 1.1272 1.1419, 0.3342 1.133 1.1295, 0.354 1.1402 1.1141, 0.371 1.1486 1.0961, 0.3847 1.158 1.0759, 0.3947 1.1682 1.054, 0.4008 1.179 1.031, 0.2944 1.132 1.1779, 0.3217 1.1368 1.1676, 0.3469 1.1433 1.1536, 0.3693 1.1514 1.1362, 0.3885 1.1609 1.1159, 0.4039 1.1716 1.093, 0.4153 1.1831 1.0683, 0.4221 1.1952 1.0423, 0.2685 1.1422 1.21, 0.3 1.1454 1.2031, 0.3299 1.1507 1.1919, 0.3575 1.1578 1.1765, 0.3821 1.1667 1.1575, 0.4032 1.1771 1.1352, 0.4201 1.1888 1.1101, 0.4325 1.2014 1.083, 0.44 1.2147 1.0545, 0.2068 1.2864 0.847, 0.2101 1.2599 0.858, 0.2139 1.2355 0.8732, 0.2181 1.2139 0.8921, 0.1494 1.165 0.9805, 0.2225 1.1958 0.9143, 0.1772 1.157 0.992, 0.2091 1.1945 0.9172, 0.1963 1.1923 0.922, 0.1845 1.1892 0.9285, 0.1741 1.1854 0.9366, 0.1651 1.181 0.9461, 0.1579 1.176 0.9568, 0.1526 1.1706 0.9683, 0.2004 1.2121 0.8959, 0.1836 1.2092 0.9023, 0.168 1.2052 0.9109, 0.1542 1.2002 0.9216, 0.1424 1.1943 0.9341, 0.1329 1.1878 0.9482, 0.1259 1.1807 0.9634, 0.1216 1.1732 0.9795, 0.1922 1.2333 0.8779, 0.1715 1.2296 0.8857, 0.1524 1.2247 0.8963, 0.1354 1.2186 0.9094, 0.1209 1.2114 0.9249, 0.1092 1.2033 0.9421, 0.1006 1.1946 0.9609, 0.0954 1.1854 0.9806, 0.1846 1.2573 0.8636, 0.1604 1.253 0.8727, 0.1381 1.2472 0.8851, 0.1182 1.2401 0.9005, 0.1012 1.2316 0.9185, 0.0875 1.2222 0.9388, 0.0775 1.212 0.9607, 0.0714 1.2012 0.9838, 0.178 1.2835 0.8533, 0.1507 1.2787 0.8635, 0.1255 1.2722 0.8775, 0.103 1.2641 0.8949, 0.0838 1.2546 0.9153, 0.0684 1.2439 0.9381, 0.0571 1.2324 0.9629, 0.0502 1.2203 0.9889, 0.2039 1.3145 0.8405, 0.1725 1.3113 0.8474, 0.1425 1.3061 0.8586, 0.1149 1.2989 0.8739, 0.0903 1.29 0.893, 0.0693 1.2796 0.9153, 0.0523 1.268 0.9403, 0.04 1.2553 0.9674, 0.0324 1.242 0.996, 0.2362 1.2212 1.0871, 0.2511 1.2164 1.1018, 0.3638 1.2762 1.0743, 0.3545 1.2633 1.0664, 0.3421 1.253 1.059, 0.3273 1.2457 1.0525, 0.3108 1.2419 1.0472, 0.3066 1.2358 1.0602, 0.2996 1.2302 1.0722, 0.2902 1.2253 1.0828, 0.2786 1.2212 1.0914, 0.2655 1.2182 1.0979, 0.2544 1.2146 1.1192, 0.2719 1.2169 1.1143, 0.288 1.2206 1.1065, 0.3021 1.2255 1.0959, 0.3136 1.2315 1.083, 0.3222 1.2383 1.0684, 0.2574 1.2169 1.1365, 0.2777 1.2195 1.1309, 0.2964 1.2237 1.1218, 0.3128 1.2295 1.1095, 0.3262 1.2364 1.0945, 0.3361 1.2444 1.0775, 0.2599 1.2229 1.153, 0.2826 1.2259 1.1467, 0.3035 1.2306 1.1365, 0.3218 1.237 1.1228, 0.3367 1.2448 1.1061, 0.3478 1.2537 1.087, 0.2617 1.2326 1.1678, 0.2862 1.2358 1.161, 0.3088 1.2409 1.15, 0.3285 1.2478 1.1352, 0.3447 1.2562 1.1171, 0.3566 1.2658 1.0966, 0.2629 1.2453 1.1801, 0.2885 1.2486 1.173, 0.3121 1.254 1.1615, 0.3327 1.2612 1.146, 0.3496 1.27 1.1272, 0.362 1.28 1.1057, 0.3696 1.2909 1.0824, 0.1035 1.3098 1.0353, 0.1112 1.2919 1.0286, 0.1235 1.2762 1.0239, 0.1395 1.2635 1.0213, 0.1582 1.2549 1.0212, 0.2206 1.2816 0.9641, 0.2056 1.2796 0.9682, 0.1919 1.2765 0.975, 0.1798 1.2723 0.984, 0.1699 1.2671 0.995, 0.1626 1.2613 1.0076, 0.2169 1.2966 0.9505, 0.1983 1.2942 0.9557, 0.1812 1.2903 0.964, 0.1663 1.285 0.9752, 0.1541 1.2787 0.9889, 0.145 1.2714 1.0045, 0.2137 1.3147 0.9413, 0.1921 1.3119 0.9473, 0.1721 1.3073 0.957, 0.1547 1.3012 0.9701, 0.1404 1.2938 0.986, 0.1299 1.2853 1.0042, 0.2112 1.3346 0.9371, 0.1872 1.3315 0.9438, 0.1652 1.3265 0.9545, 0.1458 1.3197 0.969, 0.13 1.3115 0.9867, 0.1183 1.3021 1.0068, 0.2097 1.3551 0.9381, 0.1842 1.3518 0.9452, 0.1608 1.3465 0.9566, 0.1402 1.3393 0.972, 0.1234 1.3305 0.9908, 0.111 1.3206 1.0122, 2.0179 -0.3755 1.063, 2.0005 -0.3727 0.7854, 2.0005 -0.3727 1.065, 1.9839 -0.3701 0.7795, 1.9839 -0.3701 1.0709, 2.2707 -0.4155 1.063, 2.2707 -0.4155 0.7874, 2.0179 -0.3755 0.7874, 2.3315 -0.4252 0.817, 2.3407 -0.4266 0.832, 2.3465 -0.4275 0.8486, 2.3192 -0.4232 0.8046, 2.3044 -0.4209 0.7952, 2.288 -0.4183 0.7894, 2.3315 -0.4252 1.0333, 2.288 -0.4183 1.061, 2.3192 -0.4232 1.0458, 2.3044 -0.4209 1.0552, 2.3407 -0.4266 1.0184, 2.3465 -0.4275 1.0018, 2.3485 -0.4279 0.9843, 2.3485 -0.4279 0.8661, 1.9685 -0.4673 1.0724, 1.9685 -0.4673 1.0722, 1.9687 -0.4648 1.0722, 1.9762 -0.4187 1.0709, 1.9724 -0.4183 1.0722, 1.9714 -0.4307 1.0722, 1.9743 -0.431 1.0709, 1.9704 -0.4431 1.0722, 1.9723 -0.4433 1.0709, 1.9699 -0.4493 1.0722, 1.9713 -0.4495 1.0709, 1.9694 -0.4555 1.0722, 1.9704 -0.4556 1.0709, 1.9692 -0.4586 1.0722, 1.9699 -0.4587 1.0709, 1.969 -0.4617 1.0722, 1.9694 -0.4618 1.0709, 1.9689 -0.4648 1.0709, 1.9685 -0.4673 1.0709, 1.9685 -0.4648 1.0735, 1.9685 -0.4673 1.0735, 1.9763 -0.3692 1.0722, 1.9762 -0.3692 1.0722, 1.9685 -0.4617 1.0735, 1.9685 -0.4586 1.0735, 1.9685 -0.4555 1.0735, 1.9685 -0.4492 1.0735, 1.9685 -0.443 1.0735, 1.9685 -0.4306 1.0735, 1.9685 -0.4181 1.0735, 1.9685 -0.3689 1.0735, 1.9685 -0.4673 0.7774, 1.9685 -0.4673 0.7769, 1.9685 -0.4648 0.7769, 1.9762 -0.3692 0.7782, 1.9763 -0.3692 0.7782, 1.9724 -0.4183 0.7782, 1.9685 -0.4181 0.7769, 1.9685 -0.3689 0.7769, 1.9685 -0.4673 0.7778, 1.9685 -0.4673 0.7776, 1.9687 -0.4648 0.7782, 1.9685 -0.4673 0.7781, 1.9714 -0.4307 0.7782, 1.9685 -0.4306 0.7769, 1.9704 -0.4431 0.7782, 1.9685 -0.443 0.7769, 1.9699 -0.4493 0.7782, 1.9685 -0.4492 0.7769, 1.9694 -0.4555 0.7782, 1.9685 -0.4555 0.7769, 1.9692 -0.4586 0.7782, 1.9685 -0.4586 0.7769, 1.969 -0.4617 0.7782, 1.9685 -0.4617 0.7769, 1.9689 -0.4648 0.7795, 1.9685 -0.4673 0.7795, 1.9685 -0.4673 0.7782, 1.9762 -0.4187 0.7795, 1.9743 -0.431 0.7795, 1.9723 -0.4433 0.7795, 1.9713 -0.4495 0.7795, 1.9704 -0.4556 0.7795, 1.9699 -0.4587 0.7795, 1.9694 -0.4618 0.7795, 1.9762 -0.3692 1.0722, 1.9762 -0.3692 0.7782, 1.9571 -0.3689 1.0816, 1.9571 -0.4673 1.0816, 1.9291 -0.3689 1.1417, 1.9291 -0.4673 1.1417, 1.9304 -0.3689 1.1278, 1.9304 -0.4673 1.1278, 1.9356 -0.3689 1.1105, 1.9356 -0.4673 1.1105, 1.9447 -0.3689 1.0948, 1.9447 -0.4673 1.0948, 1.9291 -0.3689 1.1811, 1.9291 -0.4673 1.1811, 2.0079 -0.3689 1.2598, 2.0079 -0.4673 1.2598, 1.9875 -0.3689 1.2572, 1.9875 -0.4673 1.2572, 1.9685 -0.3689 1.2493, 1.9685 -0.4673 1.2493, 1.9522 -0.3689 1.2368, 1.9522 -0.4673 1.2368, 1.9397 -0.3689 1.2205, 1.9397 -0.4673 1.2205, 1.9318 -0.3689 1.2015, 1.9318 -0.4673 1.2015, 2.4409 -0.4673 1.2598, 2.4409 -0.3689 1.2598, 2.5197 -0.3689 1.1811, 2.5197 -0.4673 1.1811, 2.517 -0.3689 1.2015, 2.517 -0.4673 1.2015, 2.5091 -0.3689 1.2205, 2.5091 -0.4673 1.2205, 2.4966 -0.3689 1.2368, 2.4966 -0.4673 1.2368, 2.4803 -0.3689 1.2493, 2.4803 -0.4673 1.2493, 2.4613 -0.3689 1.2572, 2.4613 -0.4673 1.2572, 2.5197 -0.3689 0.6693, 2.5197 -0.4673 0.6693, 2.4409 -0.3689 0.5906, 2.4409 -0.4673 0.5906, 2.4613 -0.3689 0.5932, 2.4613 -0.4673 0.5932, 2.4803 -0.3689 0.6011, 2.4803 -0.4673 0.6011, 2.4966 -0.3689 0.6136, 2.4966 -0.4673 0.6136, 2.5091 -0.3689 0.6299, 2.5091 -0.4673 0.6299, 2.517 -0.3689 0.6489, 2.517 -0.4673 0.6489, 2.0079 -0.3689 0.5906, 2.0079 -0.4673 0.5906, 1.9291 -0.3689 0.6693, 1.9291 -0.4673 0.6693, 1.9318 -0.3689 0.6489, 1.9318 -0.4673 0.6489, 1.9397 -0.3689 0.6299, 1.9397 -0.4673 0.6299, 1.9522 -0.3689 0.6136, 1.9522 -0.4673 0.6136, 1.9685 -0.3689 0.6011, 1.9685 -0.4673 0.6011, 1.9875 -0.3689 0.5932, 1.9875 -0.4673 0.5932, 1.9291 -0.3689 0.7087, 1.9291 -0.4673 0.7087, 1.9571 -0.4673 0.7688, 1.9571 -0.3689 0.7688, 1.9447 -0.3689 0.7556, 1.9447 -0.4673 0.7556, 1.9356 -0.3689 0.7399, 1.9356 -0.4673 0.7399, 1.9304 -0.3689 0.7226, 1.9304 -0.4673 0.7226, 1.9291 -0.3689 0.2756, 2.6772 -0.3689 0.2756, 1.9291 -0.4673 0.2756, 2.6772 -0.4673 0.2756, 2.6975 -0.3689 0.2783, 2.6975 -0.4673 0.2783, 2.7165 -0.3689 0.2861, 2.7165 -0.4673 0.2861, 2.7328 -0.3689 0.2987, 2.7328 -0.4673 0.2987, 2.7454 -0.3689 0.315, 2.7454 -0.4673 0.315, 2.7532 -0.3689 0.334, 2.7532 -0.4673 0.334, 2.7559 -0.3689 0.3543, 2.7559 -0.4673 0.3543, 0.8661 -0.3689 0.2756, 0.9646 -0.3689 0.2559, 0.8661 -0.4673 0.2756, 0.9646 -0.4673 0.2559, 1.1417 -0.4673 0.2756, 1.1417 -0.4673 0.2559, 1.1417 -0.3689 0.2756, 1.1417 -0.3689 0.2559, 1.5354 -0.4673 0.2756, 1.5354 -0.3689 0.2756, 2.7559 -0.4673 1.3583, 2.7559 -0.3689 1.3583, 0.4724 -0.3689 0.2756, 0.4724 -0.4673 0.2756, 0.3937 -0.4673 0.3543, 0.3937 -0.3689 0.3543, 0.3964 -0.3689 0.334, 0.3964 -0.4673 0.334, 0.4042 -0.3689 0.315, 0.4042 -0.4673 0.315, 0.4168 -0.3689 0.2987, 0.4168 -0.4673 0.2987, 0.4331 -0.3689 0.2861, 0.4331 -0.4673 0.2861, 0.4521 -0.3689 0.2783, 0.4521 -0.4673 0.2783, 0.3937 -0.4673 1.3583, 0.3937 -0.3689 1.3583, 0.3937 -0.4673 1.2192, 0.3937 -0.3689 1.2192, 0.3937 -0.3689 0.5131, 0.3937 -0.4673 0.5131, 0.2559 -0.4673 1.1765, 0.3556 -0.4673 1.1798, 0.2559 -0.3689 1.1765, 0.3556 -0.3689 1.1798, 0.2529 -0.2905 1.1693, 0.2458 -0.2917 0.5626, 0.248 -0.291 0.5627, 0.2559 -0.2902 1.1691, 0.2528 -0.2905 0.563, 0.2559 -0.2902 0.5632, 0.2462 -0.2914 1.1697, 0.2457 -0.2916 1.1697, 0.2457 -0.2918 0.5626, 0.2387 -0.2943 1.1702, 0.2364 -0.2957 0.5619, 0.2456 -0.2916 1.1697, 0.2387 -0.2942 0.5621, 0.2389 -0.294 0.5621, 0.2292 -0.3007 1.1709, 0.2289 -0.3008 1.1709, 0.2326 -0.2981 0.5617, 0.2307 -0.2993 0.5615, 0.237 -0.295 1.1703, 0.2363 -0.2955 1.1703, 0.2326 -0.2982 1.1706, 0.2219 -0.3099 0.5607, 0.2245 -0.3063 0.561, 0.2256 -0.3044 1.1712, 0.2272 -0.3026 0.5613, 0.2281 -0.3017 1.171, 0.2281 -0.3017 0.5613, 0.2292 -0.3007 0.5614, 0.2179 -0.3194 0.5601, 0.2205 -0.3124 1.1717, 0.2204 -0.3126 1.1718, 0.222 -0.31 1.1716, 0.2179 -0.3194 0.5601, 0.2206 -0.3125 0.5605, 0.2244 -0.3062 1.1713, 0.2214 -0.3106 0.5607, 0.2181 -0.3194 1.1722, 0.2173 -0.3218 1.1723, 0.2169 -0.3265 0.5597, 0.2165 -0.3295 0.5595, 0.2181 -0.3194 1.1722, 0.2177 -0.3198 0.5601, 0.2165 -0.3295 1.1728, 0.217 -0.3336 1.1731, 0.2173 -0.3373 0.559, 0.2181 -0.3397 0.5589, 0.2168 -0.3265 1.1726, 0.2169 -0.3337 0.5592, 0.2177 -0.3392 1.1734, 0.2179 -0.3397 1.1734, 0.2185 -0.3408 0.5588, 0.2211 -0.3477 1.1739, 0.222 -0.3491 0.5582, 0.2184 -0.3408 1.1735, 0.2211 -0.3476 0.5583, 0.2204 -0.3464 0.5584, 0.2214 -0.3485 1.174, 0.2219 -0.3492 1.174, 0.225 -0.3538 0.5579, 0.2256 -0.3546 0.5578, 0.2363 -0.3635 0.557, 0.2352 -0.3628 0.5571, 0.2364 -0.3634 1.1753, 0.23 -0.359 0.5575, 0.2352 -0.3627 1.1752, 0.2251 -0.3536 1.1744, 0.2272 -0.3565 1.1746, 0.2281 -0.3573 0.5576, 0.2281 -0.3573 1.1747, 0.2289 -0.3582 0.5576, 0.23 -0.3591 1.1748, 0.2307 -0.3598 1.1749, 0.237 -0.364 0.557, 0.2389 -0.365 1.1755, 0.2418 -0.366 0.5566, 0.2418 -0.366 1.1756, 0.2458 -0.3674 1.1759, 0.2559 -0.3689 0.5558, 0.2487 -0.3682 1.1761, 0.2487 -0.368 0.5562, 0.248 -0.3681 1.176, 0.2462 -0.3677 0.5564, 0.2457 -0.3675 0.5564, 0.3556 -0.3689 0.5525, 0.2559 -0.4673 0.5558, 0.3556 -0.4673 0.5525, 0.3924 -0.3689 0.5231, 0.3924 -0.4673 0.5231, 0.3886 -0.3689 0.5324, 0.3886 -0.4673 0.5324, 0.3826 -0.3689 0.5405, 0.3826 -0.4673 0.5405, 0.3748 -0.3689 0.5468, 0.3748 -0.4673 0.5468, 0.3656 -0.3689 0.5508, 0.3656 -0.4673 0.5508, 0.3656 -0.3689 1.1815, 0.3656 -0.4673 1.1815, 0.3748 -0.3689 1.1855, 0.3748 -0.4673 1.1855, 0.3826 -0.3689 1.1918, 0.3826 -0.4673 1.1918, 0.3886 -0.3689 1.1999, 0.3886 -0.4673 1.1999, 0.3924 -0.3689 1.2092, 0.3924 -0.4673 1.2092, 0.2462 -0.2914 1.1697, 0.2452 -0.1931 1.1693, 0.2559 -0.1917 1.1691, 0.237 -0.295 1.1703, 0.1958 -0.2062 1.1702, 0.2199 -0.1968 1.1697, 0.2203 -0.1966 1.1697, 0.2221 -0.1959 1.1697, 0.2289 -0.3008 1.1709, 0.1623 -0.2284 1.1709, 0.1745 -0.2197 1.1706, 0.1872 -0.2105 1.1703, 0.1902 -0.2084 1.1703, 0.1587 -0.2323 1.171, 0.1487 -0.2429 1.1712, 0.1456 -0.248 1.1713, 0.1374 -0.2611 1.1716, 0.132 -0.2698 1.1717, 0.2204 -0.3126 1.1718, 0.1308 -0.2717 1.1718, 0.1237 -0.2941 1.1722, 0.1237 -0.2941 1.1722, 0.1205 -0.3042 1.1724, 0.1191 -0.3188 1.1726, 0.1181 -0.3295 1.1728, 0.1199 -0.3439 1.1731, 0.2177 -0.3392 1.1734, 0.2214 -0.3485 1.174, 0.1339 -0.3931 1.1739, 0.1245 -0.369 1.1735, 0.123 -0.3651 1.1734, 0.1223 -0.3633 1.1734, 0.1348 -0.3953 1.174, 0.1369 -0.3982 1.174, 0.1482 -0.4139 1.1744, 0.2272 -0.3565 1.1746, 0.1548 -0.4231 1.1746, 0.1587 -0.4268 1.1747, 0.1653 -0.4329 1.1748, 0.1693 -0.4367 1.1749, 0.1836 -0.4456 1.1752, 0.1875 -0.448 1.1753, 0.2389 -0.365 1.1755, 0.1981 -0.4546 1.1755, 0.2064 -0.4573 1.1756, 0.2205 -0.4618 1.1759, 0.248 -0.3681 1.176, 0.2306 -0.465 1.1761, 0.2307 -0.465 1.1761, 0.2559 -0.1917 0.5632, 0.2452 -0.1927 0.563, 0.2306 -0.1941 0.5627, 0.248 -0.291 0.5627, 0.2205 -0.1973 0.5626, 0.2201 -0.1974 0.5626, 0.1981 -0.2044 0.5622, 0.2389 -0.294 0.5621, 0.1958 -0.2059 0.5621, 0.1875 -0.211 0.5619, 0.1742 -0.2193 0.5617, 0.1693 -0.2223 0.5616, 0.2307 -0.2993 0.5615, 0.1625 -0.2287 0.5614, 0.1587 -0.2323 0.5613, 0.2272 -0.3026 0.5613, 0.1548 -0.2359 0.5612, 0.1459 -0.2483 0.561, 0.1369 -0.2609 0.5607, 0.2214 -0.3106 0.5607, 0.1348 -0.2638 0.5606, 0.1324 -0.2699 0.5605, 0.123 -0.2939 0.5601, 0.123 -0.2939 0.5601, 0.2177 -0.3198 0.5601, 0.1223 -0.2957 0.5601, 0.1194 -0.3189 0.5597, 0.1181 -0.3295 0.5595, 0.1195 -0.344 0.5592, 0.1205 -0.3548 0.559, 0.2173 -0.3373 0.559, 0.1237 -0.3649 0.5589, 0.125 -0.3689 0.5588, 0.1308 -0.3873 0.5585, 0.2204 -0.3464 0.5584, 0.1342 -0.3928 0.5583, 0.1374 -0.3979 0.5582, 0.1476 -0.4144 0.5579, 0.1487 -0.4161 0.5579, 0.1587 -0.4268 0.5576, 0.1623 -0.4306 0.5575, 0.2289 -0.3582 0.5576, 0.1653 -0.4328 0.5575, 0.1835 -0.4459 0.5571, 0.1872 -0.4485 0.557, 0.237 -0.364 0.557, 0.1902 -0.4506 0.5569, 0.2066 -0.457 0.5566, 0.2203 -0.4624 0.5564, 0.2462 -0.3677 0.5564, 0.2221 -0.4631 0.5564, 0.2308 -0.4642 0.5562, 0.2306 -0.1941 0.5627, 0.1981 -0.2044 0.5622, 0.1902 -0.2084 1.1703, 0.1693 -0.2223 0.5616, 0.1487 -0.2429 1.1712, 0.1348 -0.2638 0.5606, 0.1308 -0.2717 1.1718, 0.1205 -0.3042 1.1724, 0.1205 -0.3548 0.559, 0.1348 -0.3953 1.174, 0.1308 -0.3873 0.5585, 0.1487 -0.4161 0.5579, 0.1693 -0.4367 1.1749, 0.2306 -0.465 1.1761, 0.1981 -0.4546 1.1755, 0.1902 -0.4506 0.5569, 1.7323 -0.9201 -0.0197, 1.8156 -1.12 -0.0197, 1.7323 -0.9201 0.0787, 1.8156 -1.12 0.0787, 1.649 -1.12 0.0787, 1.649 -1.12 -0.0197, 1.6417 -1.1327 0.0787, 1.6417 -1.1327 -0.0197, 1.6315 -1.1433 0.0787, 1.6315 -1.1433 -0.0197, 1.6189 -1.151 0.0787, 1.6189 -1.151 -0.0197, 1.6049 -1.1554 0.0787, 1.6049 -1.1554 -0.0197, 1.5902 -1.1561 0.0787, 1.5902 -1.1561 -0.0197, 1.5758 -1.1533 0.0787, 1.5758 -1.1533 -0.0197, 1.5625 -1.1469 0.0787, 1.5625 -1.1469 -0.0197, 1.5512 -1.1375 0.0787, 1.5512 -1.1375 -0.0197, 1.5426 -1.1255 0.0787, 1.5426 -1.1255 -0.0197, 1.5373 -1.1118 0.0787, 1.5373 -1.1118 -0.0197, 1.5354 -1.0972 0.0787, 1.5354 -1.0972 -0.0197, 1.5354 -0.5461 -0.0197, 1.9291 -0.5461 -0.0197, 1.9291 -1.0972 -0.0197, 1.8229 -1.1327 -0.0197, 1.8331 -1.1433 -0.0197, 1.9273 -1.1118 -0.0197, 1.9219 -1.1255 -0.0197, 1.9133 -1.1375 -0.0197, 1.8456 -1.151 -0.0197, 1.8597 -1.1554 -0.0197, 1.8744 -1.1561 -0.0197, 1.902 -1.1469 -0.0197, 1.8888 -1.1533 -0.0197, 1.9291 -1.0972 0.0787, 1.9273 -1.1118 0.0787, 1.9219 -1.1255 0.0787, 1.9133 -1.1375 0.0787, 1.902 -1.1469 0.0787, 1.8888 -1.1533 0.0787, 1.8744 -1.1561 0.0787, 1.8597 -1.1554 0.0787, 1.8456 -1.151 0.0787, 1.8331 -1.1433 0.0787, 1.8229 -1.1327 0.0787, 1.9291 -0.5461 0.0787, 1.5354 -0.5461 0.0787, 1.9291 -0.4673 0.1575, 1.5354 -0.4673 0.1575, 1.9291 -0.47 0.1371, 1.5354 -0.47 0.1371, 1.9291 -0.4779 0.1181, 1.5354 -0.4779 0.1181, 1.9291 -0.4904 0.1018, 1.5354 -0.4904 0.1018, 1.9291 -0.5067 0.0893, 1.5354 -0.5067 0.0893, 1.9291 -0.5257 0.0814, 1.5354 -0.5257 0.0814, 1.5354 -0.5002 -0.0136, 1.9291 -0.5002 -0.0136, 1.5354 -0.4575 0.0041, 1.9291 -0.4575 0.0041, 1.5354 -0.4208 0.0322, 1.9291 -0.4208 0.0322, 1.5354 -0.3926 0.0689, 1.9291 -0.3926 0.0689, 1.5354 -0.3749 0.1116, 1.9291 -0.3749 0.1116, 1.5354 -0.3689 0.1575, 1.9291 -0.3689 0.1575, 1.9685 -0.4673 0.7774, 1.9685 -0.4673 0.7776, 1.9685 -0.4673 0.7778, 1.9685 -0.4673 1.0724, 1.9685 -0.4673 0.7781, 1.9851 -0.47 1.065, 2.0025 -0.4727 1.063, 2.2553 -0.5127 1.063, 2.3331 -0.5251 0.9843, 2.3311 -0.5248 1.0018, 2.3254 -0.5238 1.0184, 2.3161 -0.5224 1.0333, 2.3038 -0.5204 1.0458, 2.289 -0.5181 1.0552, 2.2726 -0.5155 1.061, 2.3331 -0.5251 0.8661, 2.2553 -0.5127 0.7874, 2.2726 -0.5155 0.7894, 2.289 -0.5181 0.7952, 2.3038 -0.5204 0.8046, 2.3161 -0.5224 0.817, 2.3254 -0.5238 0.832, 2.3311 -0.5248 0.8486, 2.0025 -0.4727 0.7874, 1.9851 -0.47 0.7854, 1.8591 0.1709 1.1149, 1.8694 0.1662 1.1146, 1.8704 0.1672 0.6177, 1.8889 0.1573 1.1142, 1.8978 0.1504 0.6183, 1.8976 0.1504 1.1139, 1.8984 0.1501 0.6184, 1.8982 0.15 1.1139, 1.9062 0.1453 0.6185, 1.9232 0.13 1.1133, 1.9223 0.129 0.619, 1.9232 0.13 1.1133, 1.9311 0.1201 0.6193, 1.9308 0.12 1.113, 1.937 0.1142 0.6195, 1.9433 0.1036 1.1126, 1.9432 0.1036 0.6197, 1.9498 0.0951 1.1124, 1.9554 0.0829 0.6202, 1.955 0.0829 1.1121, 1.9592 0.0763 0.6204, 1.9585 0.0748 1.1119, 1.9596 0.0753 0.6204, 1.9669 0.0549 1.1114, 1.9669 0.0549 0.6208, 1.8699 0.1673 0.6177, 1.8591 0.1707 0.6174, 1.8507 0.1748 1.115, 1.8385 0.1772 0.617, 1.8386 0.177 1.1153, 1.8286 0.1803 0.6168, 1.816 0.1813 1.1158, 1.816 0.181 0.6165, 1.8078 0.1829 1.116, 1.8061 0.1828 1.116, 1.806 0.1816 0.6163, 1.7732 0.1808 1.1167, 1.7847 0.1828 0.6159, 1.7734 0.1806 0.6156, 1.7716 0.1807 1.1167, 1.7718 0.1803 0.6156, 1.764 0.1802 1.1169, 1.7419 0.1746 0.6149, 1.7419 0.1746 1.1173, 0.8679 -0.1094 0.8169, 0.8716 -0.1206 0.8169, 0.8783 -0.106 0.8182, 0.882 -0.1172 0.8182, 0.8882 -0.1028 0.8218, 0.8919 -0.114 0.8218, 0.8971 -0.0999 0.8277, 0.9008 -0.1111 0.8277, 0.9045 -0.0975 0.8355, 0.9082 -0.1087 0.8355, 0.9101 -0.0957 0.8448, 0.9137 -0.1069 0.8448, 0.9136 -0.0946 0.8552, 0.9172 -0.1058 0.8552, 0.9147 -0.0942 0.8661, 0.9184 -0.1054 0.8661, 1.8723 0.0278 0.6208, 1.8686 0.0366 0.6204, 1.8153 0.0821 0.617, 1.8052 0.084 0.6165, 1.8206 0.0811 0.6172, 1.8244 0.0793 0.6174, 1.829 0.0772 0.6177, 1.8377 0.0733 0.6181, 1.8415 0.0702 0.6183, 1.8418 0.07 0.6184, 1.8529 0.0611 0.619, 1.8529 0.0611 0.619, 1.8563 0.0567 0.6193, 1.8618 0.0494 0.6197, 1.8647 0.0456 0.6199, 1.867 0.0402 0.6202, 1.7723 0.081 0.6149, 1.782 0.0834 0.6154, 1.7855 0.0837 0.6156, 1.7862 0.0837 0.6156, 1.8008 0.0846 0.6163, 1.8014 0.0847 0.6163, 1.8723 0.0278 1.1114, 1.8418 0.0701 1.1139, 1.8454 0.0679 1.1137, 1.8525 0.0607 1.1133, 1.8564 0.0567 1.113, 1.8591 0.054 1.1128, 1.8618 0.0494 1.1126, 1.8672 0.0402 1.1121, 1.869 0.0372 1.1119, 1.8691 0.0368 1.1119, 1.8416 0.0702 1.1139, 1.8294 0.0777 1.1146, 1.8292 0.0777 1.1146, 1.8244 0.0792 1.1149, 1.8153 0.0821 1.1153, 1.8108 0.0835 1.1155, 1.8053 0.0838 1.1158, 1.8008 0.0841 1.116, 1.7913 0.0846 1.1164, 1.7863 0.0837 1.1167, 1.7856 0.0835 1.1167, 1.7723 0.081 1.1173, 0.9149 -0.1146 0.8661, 0.9152 -0.1145 0.8661, 0.9141 -0.1148 0.8565, 0.8927 -0.1179 0.8228, 0.883 -0.1211 0.8192, 0.8832 -0.1227 0.8204, 0.9187 -0.1072 0.8661, 0.9176 -0.1078 0.8553, 0.9188 -0.1074 0.8661, 0.8826 -0.1192 0.8184, 0.8924 -0.116 0.822, 0.9012 -0.1131 0.8279, 0.8721 -0.1223 0.8172, 0.8722 -0.1226 0.8172, 0.9186 -0.1095 0.8661, 0.9174 -0.1099 0.8554, 0.9141 -0.111 0.8452, 0.8726 -0.1239 0.8178, 0.9179 -0.1114 0.8661, 0.9168 -0.1118 0.8557, 0.9135 -0.1129 0.8458, 0.9082 -0.1146 0.8369, 0.9167 -0.1131 0.8661, 0.9157 -0.1135 0.8561, 0.9125 -0.1145 0.8465, 0.9074 -0.1162 0.8379, 0.9005 -0.1184 0.8307, 0.9141 -0.1089 0.8449, 0.9086 -0.1107 0.8356, 0.9086 -0.1127 0.8361, 0.9014 -0.1151 0.8285, 0.9011 -0.1169 0.8295, 0.8927 -0.1196 0.8239, 0.8924 -0.121 0.8254, 0.8833 -0.124 0.822, 0.8831 -0.1249 0.8239, 0.8728 -0.1244 0.818, 0.8731 -0.1253 0.8187, 0.8733 -0.1259 0.8192, 0.8735 -0.1264 0.8199, 0.9111 -0.1158 0.8473, 0.9062 -0.1174 0.8391, 0.8997 -0.1195 0.8322, 0.8918 -0.122 0.8271, 0.9133 -0.1153 0.8661, 0.9123 -0.1157 0.8569, 0.9094 -0.1166 0.8482, 0.9048 -0.1181 0.8404, 0.8985 -0.1202 0.8338, 0.8911 -0.1226 0.8289, 0.8828 -0.1253 0.8258, 0.8737 -0.1271 0.8209, 0.8738 -0.1273 0.8214, 0.8739 -0.1279 0.8228, 0.8739 -0.1279 0.8231, 0.874 -0.1281 0.8248, 2.0212 -0.1343 1.1049, 2.0212 -0.1343 0.6274, 2.6209 -0.1914 0.7258, 2.6209 -0.2898 0.7258, 2.6183 -0.2898 0.7058, 2.6183 -0.1914 0.7058, 2.6107 -0.2898 0.6872, 2.6107 -0.1914 0.6872, 2.5987 -0.2898 0.671, 2.5987 -0.1914 0.671, 2.583 -0.2898 0.6585, 2.583 -0.1914 0.6585, 2.5646 -0.2898 0.6503, 2.5646 -0.1914 0.6503, 2.5447 -0.2898 0.6471, 2.5447 -0.1914 0.6471, 2.6209 -0.2898 1.0065, 2.6209 -0.1914 1.0065, 2.5447 -0.1914 1.0852, 2.5447 -0.2898 1.0852, 2.5646 -0.2898 1.082, 2.5646 -0.1914 1.082, 2.583 -0.2898 1.0738, 2.583 -0.1914 1.0738, 2.5987 -0.2898 1.0613, 2.5987 -0.1914 1.0613, 2.6107 -0.2898 1.0451, 2.6107 -0.1914 1.0451, 2.6183 -0.2898 1.0265, 2.6183 -0.1914 1.0265, 2.0969 -0.2898 1.1001, 2.0969 -0.2898 0.6321, 2.0969 -0.1914 1.1001, 2.0969 -0.1914 0.6321, 2.3819 -0.1914 0.9628, 2.2441 -0.1914 0.9628, 2.2441 -0.1914 0.8858, 2.4562 -0.1914 0.9057, 2.4485 -0.1914 0.9243, 2.4485 -0.1914 0.808, 2.4562 -0.1914 0.8265, 2.4588 -0.1914 0.8465, 2.4588 -0.1914 0.8858, 2.4363 -0.1914 0.9402, 2.4204 -0.1914 0.9524, 2.4018 -0.1914 0.9601, 2.4363 -0.1914 0.7921, 2.4204 -0.1914 0.7798, 2.4018 -0.1914 0.7722, 2.2441 -0.1914 0.8465, 2.2441 -0.1914 0.7695, 2.3819 -0.1914 0.7695, 2.3819 -0.1589 1.0032, 2.2441 -0.1589 1.0032, 2.2441 -0.1768 0.9843, 2.3819 -0.1768 0.9843, 2.4804 -0.1768 0.8858, 2.477 -0.1768 0.9113, 2.4993 -0.1589 0.8858, 2.4953 -0.1589 0.9162, 2.4835 -0.1589 0.9445, 2.4672 -0.1768 0.9351, 2.4649 -0.1589 0.9688, 2.4515 -0.1768 0.9555, 2.4406 -0.1589 0.9875, 2.4311 -0.1768 0.9711, 2.4123 -0.1589 0.9992, 2.4074 -0.1768 0.981, 2.3819 -0.1524 1.0179, 2.2441 -0.1524 1.0179, 2.3819 -0.1528 1.0138, 2.2441 -0.1528 1.0138, 2.3819 -0.1541 1.0098, 2.2441 -0.1541 1.0098, 2.3819 -0.1562 1.0063, 2.2441 -0.1562 1.0063, 2.4993 -0.1589 0.8465, 2.4804 -0.1768 0.8465, 2.5023 -0.1562 0.8858, 2.4982 -0.1562 0.917, 2.4862 -0.1562 0.946, 2.4671 -0.1562 0.971, 2.4421 -0.1562 0.9901, 2.4131 -0.1562 1.0022, 2.5059 -0.1541 0.8858, 2.5017 -0.1541 0.9179, 2.4893 -0.1541 0.9478, 2.4696 -0.1541 0.9735, 2.4439 -0.1541 0.9932, 2.414 -0.1541 1.0056, 2.5098 -0.1528 0.8858, 2.5055 -0.1528 0.9189, 2.4927 -0.1528 0.9498, 2.4724 -0.1528 0.9763, 2.4459 -0.1528 0.9966, 2.415 -0.1528 1.0094, 2.5139 -0.1524 0.8858, 2.5094 -0.1524 0.92, 2.4962 -0.1524 0.9519, 2.4753 -0.1524 0.9792, 2.4479 -0.1524 1.0002, 2.4161 -0.1524 1.0134, 2.3819 -0.1768 0.748, 2.4074 -0.1768 0.7513, 2.3819 -0.1589 0.7291, 2.4123 -0.1589 0.7331, 2.4406 -0.1589 0.7448, 2.4311 -0.1768 0.7612, 2.4649 -0.1589 0.7635, 2.4515 -0.1768 0.7768, 2.4835 -0.1589 0.7878, 2.4672 -0.1768 0.7972, 2.4953 -0.1589 0.8161, 2.477 -0.1768 0.821, 2.5139 -0.1524 0.8465, 2.5098 -0.1528 0.8465, 2.5059 -0.1541 0.8465, 2.5023 -0.1562 0.8465, 2.2441 -0.1589 0.7291, 2.2441 -0.1768 0.748, 2.3819 -0.1562 0.726, 2.4131 -0.1562 0.7301, 2.4421 -0.1562 0.7422, 2.4671 -0.1562 0.7613, 2.4862 -0.1562 0.7862, 2.4982 -0.1562 0.8153, 2.3819 -0.1541 0.7224, 2.414 -0.1541 0.7267, 2.4439 -0.1541 0.7391, 2.4696 -0.1541 0.7588, 2.4893 -0.1541 0.7844, 2.5017 -0.1541 0.8144, 2.3819 -0.1528 0.7185, 2.415 -0.1528 0.7229, 2.4459 -0.1528 0.7357, 2.4724 -0.1528 0.756, 2.4927 -0.1528 0.7825, 2.5055 -0.1528 0.8133, 2.3819 -0.1524 0.7144, 2.4161 -0.1524 0.7189, 2.4479 -0.1524 0.7321, 2.4753 -0.1524 0.7531, 2.4962 -0.1524 0.7804, 2.5094 -0.1524 0.8123, 2.2441 -0.1524 0.7144, 2.2441 -0.1528 0.7185, 2.2441 -0.1541 0.7224, 2.2441 -0.1562 0.726, 2.0667 -0.286 0.6315, 2.0856 -0.2894 1.1004, 2.0667 -0.2859 1.1008, 2.0649 -0.2858 0.6315, 2.065 -0.2856 1.1008, 2.0535 -0.2844 0.6312, 2.0444 -0.2818 1.1012, 2.0334 -0.2766 0.6308, 2.0334 -0.2768 1.1015, 2.0269 -0.274 0.6306, 2.027 -0.2739 1.1016, 2.0126 -0.2684 0.6303, 2.0045 -0.2638 1.1022, 2.0042 -0.2625 0.6301, 1.991 -0.2531 0.6298, 2.0037 -0.2632 1.1022, 1.9911 -0.2531 1.1025, 1.9778 -0.2437 0.6294, 1.9784 -0.243 1.1028, 1.9771 -0.2431 0.6294, 1.9704 -0.2366 1.1031, 1.9611 -0.2243 0.6289, 1.961 -0.2244 1.1034, 1.9563 -0.2186 0.6287, 1.9565 -0.2185 1.1035, 1.9487 -0.2097 0.6285, 1.9437 -0.2017 1.104, 1.9393 -0.1908 0.6281, 1.9391 -0.1909 1.1042, 1.9386 -0.1894 0.628, 1.9385 -0.1895 1.1043, 1.93 -0.1722 0.6276, 1.9266 -0.1614 1.1049, 1.9266 -0.1614 0.6274, 2.0227 -0.1391 1.1046, 2.0268 -0.1474 1.1042, 2.0295 -0.1528 1.1039, 2.0437 -0.1706 1.1029, 2.044 -0.1709 1.1028, 2.042 -0.1687 1.103, 2.0344 -0.1597 1.1035, 2.031 -0.1557 1.1038, 2.0557 -0.1792 1.1022, 2.0581 -0.1809 1.102, 2.0595 -0.1819 1.102, 2.0827 -0.1896 1.1008, 2.0687 -0.1855 1.1015, 2.0768 -0.1886 1.1011, 2.0777 -0.189 1.101, 2.0919 -0.1912 0.6319, 2.0827 -0.1895 0.6315, 2.0768 -0.1884 0.6312, 2.0558 -0.1798 0.6301, 2.0555 -0.1795 0.6301, 2.0581 -0.1808 0.6302, 2.0686 -0.1856 0.6308, 2.0736 -0.1878 0.631, 2.0442 -0.1706 0.6294, 2.0419 -0.1687 0.6293, 2.0406 -0.1677 0.6292, 2.0268 -0.1474 0.6281, 2.0345 -0.1597 0.6287, 2.0293 -0.1529 0.6283, 2.0288 -0.1521 0.6283, 2.0919 -0.1912 0.6319, 2.0777 -0.189 1.101, 2.0736 -0.1878 0.631, 2.0595 -0.1819 1.102, 2.0437 -0.1706 1.1029, 2.0558 -0.1798 0.6301, 2.0406 -0.1677 0.6292, 2.0227 -0.1391 1.1046, 2.0288 -0.1521 0.6283, 2.031 -0.1557 1.1038, 2.6575 0.9303 0.1181, 2.7559 0.9303 0.1181, 2.6575 0.2216 0.1181, 2.7559 0.2216 0.1181, 2.6575 0.2216 1.6142, 2.7559 0.2216 1.6142, 2.6575 0.9303 1.6142, 2.7559 0.9303 1.6142, 2.6575 0.9303 1.4567, 2.7559 0.9303 1.4567, 2.7559 1.3831 1.4567, 2.6575 1.3831 1.4567, 2.6575 0.2216 1.3583, 2.7559 0.2216 1.3583, 2.6555 1.3984 1.4567, 2.7505 1.4238 1.4567, 2.6496 1.4126 1.4567, 2.7348 1.4618 1.4567, 2.6402 1.4248 1.4567, 2.7098 1.4944 1.4567, 2.628 1.4342 1.4567, 2.6772 1.5194 1.4567, 2.6137 1.4401 1.4567, 2.6392 1.5352 1.4567, 2.5984 1.4421 1.4567, 2.5984 1.5405 1.4567, 1.6929 1.4421 1.4567, 1.6929 1.5405 1.4567, 2.5591 1.4421 0.1575, 2.1654 1.4421 0.1575, 2.1654 1.4482 0.1116, 2.5591 1.4482 0.1116, 2.1654 1.4659 0.0689, 2.5591 1.4659 0.0689, 2.1654 1.494 0.0322, 2.5591 1.494 0.0322, 2.1654 1.5307 0.0041, 2.5591 1.5307 0.0041, 2.1654 1.5734 -0.0136, 2.5591 1.5734 -0.0136, 2.1654 1.6193 -0.0197, 2.5591 1.6193 -0.0197, 2.1654 1.5405 0.1535, 2.5591 1.5405 0.1535, 2.1654 1.5432 0.1332, 2.5591 1.5432 0.1332, 2.1654 1.5511 0.1142, 2.5591 1.5511 0.1142, 2.1654 1.5636 0.0979, 2.5591 1.5636 0.0979, 2.1654 1.5799 0.0854, 2.5591 1.5799 0.0854, 2.1654 1.5989 0.0775, 2.5591 1.5989 0.0775, 2.1654 1.6193 0.0748, 2.5591 1.6193 0.0748, 2.3622 1.9933 0.0748, 2.2789 2.1932 0.0748, 2.1654 2.1705 0.0748, 2.5432 2.2107 0.0748, 2.5591 2.1705 0.0748, 2.5518 2.1988 0.0748, 2.5572 2.1851 0.0748, 2.4455 2.1932 0.0748, 2.4528 2.2059 0.0748, 2.463 2.2165 0.0748, 2.2716 2.2059 0.0748, 2.2614 2.2165 0.0748, 2.2489 2.2242 0.0748, 2.2057 2.2265 0.0748, 2.1924 2.2201 0.0748, 2.1812 2.2107 0.0748, 2.1726 2.1988 0.0748, 2.1672 2.1851 0.0748, 2.532 2.2201 0.0748, 2.5187 2.2265 0.0748, 2.5043 2.2294 0.0748, 2.4896 2.2286 0.0748, 2.4755 2.2242 0.0748, 2.2348 2.2286 0.0748, 2.2201 2.2294 0.0748, 2.1654 2.1705 -0.0197, 2.1672 2.1851 -0.0197, 2.1726 2.1988 -0.0197, 2.1812 2.2107 -0.0197, 2.1924 2.2201 -0.0197, 2.2057 2.2265 -0.0197, 2.2201 2.2294 -0.0197, 2.2348 2.2286 -0.0197, 2.2489 2.2242 -0.0197, 2.2614 2.2165 -0.0197, 2.2716 2.2059 -0.0197, 2.2789 2.1932 -0.0197, 2.5518 2.1988 -0.0197, 2.5572 2.1851 -0.0197, 2.5591 2.1705 -0.0197, 2.3622 1.9933 -0.0197, 2.4455 2.1932 -0.0197, 2.4528 2.2059 -0.0197, 2.463 2.2165 -0.0197, 2.4755 2.2242 -0.0197, 2.4896 2.2286 -0.0197, 2.5043 2.2294 -0.0197, 2.5187 2.2265 -0.0197, 2.532 2.2201 -0.0197, 2.5432 2.2107 -0.0197, 2.3819 -0.113 0.8465, 2.3819 -0.113 0.8858, 2.3942 -0.1117 0.8465, 2.3942 -0.1117 0.8858, 2.406 -0.1079 0.8465, 2.406 -0.1079 0.8858, 2.4167 -0.1016 0.8465, 2.4167 -0.1016 0.8858, 2.4259 -0.0933 0.8465, 2.4259 -0.0933 0.8858, 2.3906 -0.1117 0.8945, 2.3881 -0.1117 0.8965, 2.3939 -0.1079 0.9067, 2.3938 -0.1117 0.889, 2.3926 -0.1117 0.892, 2.4052 -0.1079 0.8921, 2.4028 -0.1079 0.8979, 2.3989 -0.1079 0.9029, 2.3909 -0.1016 0.9195, 2.3881 -0.1079 0.9091, 2.3851 -0.1117 0.8977, 2.4155 -0.1016 0.8948, 2.4121 -0.1016 0.9032, 2.4065 -0.1016 0.9105, 2.3993 -0.1016 0.916, 2.3819 -0.0933 0.9298, 2.3819 -0.1016 0.9207, 2.3819 -0.1079 0.9099, 2.3819 -0.1117 0.8982, 2.4244 -0.0933 0.8972, 2.42 -0.0933 0.9078, 2.413 -0.0933 0.917, 2.4039 -0.0933 0.9239, 2.3933 -0.0933 0.9283, 2.3906 -0.1117 0.8377, 2.3926 -0.1117 0.8403, 2.4028 -0.1079 0.8344, 2.3851 -0.1117 0.8346, 2.3819 -0.1117 0.8341, 2.3881 -0.1117 0.8358, 2.3819 -0.1079 0.8223, 2.3881 -0.1079 0.8232, 2.3939 -0.1079 0.8256, 2.3989 -0.1079 0.8294, 2.4155 -0.1016 0.8374, 2.4052 -0.1079 0.8402, 2.3938 -0.1117 0.8433, 2.3819 -0.1016 0.8116, 2.3909 -0.1016 0.8128, 2.3993 -0.1016 0.8163, 2.4065 -0.1016 0.8218, 2.4121 -0.1016 0.829, 2.3819 -0.0933 0.8024, 2.3933 -0.0933 0.8039, 2.4039 -0.0933 0.8083, 2.413 -0.0933 0.8153, 2.42 -0.0933 0.8244, 2.4244 -0.0933 0.8351, 2.7559 1.0484 0.8661, 2.6575 1.0484 0.8661, 2.7559 1.0381 0.7679, 2.6575 1.0381 0.7679, 2.7559 1.0076 0.674, 2.6575 1.0076 0.674, 2.7559 0.9582 0.5884, 2.6575 0.9582 0.5884, 2.7559 0.8921 0.5151, 2.6575 0.8921 0.5151, 2.7559 0.8122 0.457, 2.6575 0.8122 0.457, 2.7559 0.722 0.4168, 2.6575 0.722 0.4168, 2.7559 0.6254 0.3963, 2.6575 0.6254 0.3963, 2.7559 0.5266 0.3963, 2.6575 0.5266 0.3963, 2.7559 0.43 0.4168, 2.6575 0.43 0.4168, 2.7559 0.3398 0.457, 2.6575 0.3398 0.457, 2.7559 0.2599 0.5151, 2.6575 0.2599 0.5151, 2.7559 0.1938 0.5884, 2.6575 0.1938 0.5884, 2.7559 0.1444 0.674, 2.6575 0.1444 0.674, 2.7559 0.1139 0.7679, 2.6575 0.1139 0.7679, 2.7559 0.1035 0.8661, 2.6575 0.1035 0.8661, 2.7559 0.1126 0.9583, 2.6575 0.1126 0.9583, 2.7559 0.1395 1.0469, 2.6575 0.1395 1.0469, 2.7559 0.1832 1.1286, 2.6575 0.1832 1.1286, 2.7559 0.2419 1.2002, 2.6575 0.2419 1.2002, 2.7559 0.3135 1.259, 2.6575 0.3135 1.259, 2.7559 0.3952 1.3026, 2.6575 0.3952 1.3026, 2.7559 0.4838 1.3295, 2.6575 0.4838 1.3295, 2.7559 0.576 1.3386, 2.6575 0.576 1.3386, 2.7559 0.2216 0.2756, 2.6575 0.2216 0.2756, 2.6575 0.9303 0.2756, 2.7559 0.9303 0.2756, 2.3819 -0.0767 0.9482, 2.398 -0.0767 0.9461, 2.3819 -0.0642 0.9697, 2.4036 -0.0642 0.9668, 2.3819 -0.0565 0.9932, 2.4097 -0.0565 0.9896, 2.3819 -0.0539 1.0179, 2.4161 -0.0539 1.0134, 2.4479 -0.0539 1.0002, 2.4356 -0.0565 0.9788, 2.4753 -0.0539 0.9792, 2.4578 -0.0565 0.9618, 2.4962 -0.0539 0.9519, 2.4749 -0.0565 0.9395, 2.5094 -0.0539 0.92, 2.4856 -0.0565 0.9136, 2.5139 -0.0539 0.8858, 2.4893 -0.0565 0.8858, 2.4238 -0.0642 0.9584, 2.4412 -0.0642 0.9451, 2.4545 -0.0642 0.9277, 2.4629 -0.0642 0.9075, 2.4657 -0.0642 0.8858, 2.4131 -0.0767 0.9399, 2.426 -0.0767 0.9299, 2.4359 -0.0767 0.917, 2.4422 -0.0767 0.902, 2.4443 -0.0767 0.8858, 2.4443 -0.0767 0.8465, 2.4657 -0.0642 0.8465, 2.4893 -0.0565 0.8465, 2.5139 -0.0539 0.8465, 2.4422 -0.0767 0.8303, 2.4629 -0.0642 0.8248, 2.4856 -0.0565 0.8187, 2.5094 -0.0539 0.8123, 2.4962 -0.0539 0.7804, 2.4749 -0.0565 0.7928, 2.4753 -0.0539 0.7531, 2.4578 -0.0565 0.7705, 2.4479 -0.0539 0.7321, 2.4356 -0.0565 0.7534, 2.4161 -0.0539 0.7189, 2.4097 -0.0565 0.7427, 2.3819 -0.0539 0.7144, 2.3819 -0.0565 0.7391, 2.4545 -0.0642 0.8045, 2.4412 -0.0642 0.7872, 2.4238 -0.0642 0.7739, 2.4036 -0.0642 0.7655, 2.3819 -0.0642 0.7626, 2.4359 -0.0767 0.8153, 2.426 -0.0767 0.8023, 2.4131 -0.0767 0.7924, 2.398 -0.0767 0.7862, 2.3819 -0.0767 0.7841, 2.7559 0.0051 0.2756, 2.6575 0.0051 0.2756, 2.6575 1.3831 0.2756, 2.7559 1.3831 0.2756, 2.6575 0.0051 1.3583, 2.6555 -0.0102 1.3583, 2.6555 -0.0102 0.2756, 2.6496 -0.0244 1.3583, 2.6496 -0.0244 0.2756, 2.6402 -0.0366 1.3583, 2.6402 -0.0366 0.2756, 2.628 -0.046 1.3583, 2.628 -0.046 0.2756, 2.6137 -0.0519 1.3583, 2.6137 -0.0519 0.2756, 2.5984 -0.0539 1.3583, 2.5984 -0.0539 0.2756, 2.6575 0.7568 1.3026, 2.6575 0.6681 1.3295, 2.6575 1.0393 0.9583, 2.6575 1.0125 1.0469, 2.6575 0.9688 1.1286, 2.6575 0.91 1.2002, 2.6575 0.8385 1.259, 2.6555 1.3984 0.2756, 2.6496 1.4126 0.2756, 2.6402 1.4248 0.2756, 2.628 1.4342 0.2756, 2.6137 1.4401 0.2756, 2.5984 1.4421 0.2756, 2.2441 -0.113 0.8465, 2.2441 -0.113 0.8858, 2.2441 -0.1117 0.8982, 2.2441 -0.1079 0.9099, 2.2441 -0.1016 0.9207, 2.2441 -0.0933 0.9298, 2.2441 -0.1117 0.8341, 2.2441 -0.1079 0.8223, 2.2441 -0.1016 0.8116, 2.2441 -0.0933 0.8024, 2.2441 -0.0767 0.9482, 2.2441 -0.0642 0.9697, 2.2441 -0.0565 0.9932, 2.2441 -0.0539 1.0179, 2.2441 -0.0767 0.7841, 2.2441 -0.0642 0.7626, 2.2441 -0.0565 0.7391, 2.2441 -0.0539 0.7144, 2.2441 -0.1524 0.5906, 2.2441 -0.0539 0.5906, 2.2414 -0.1524 0.5702, 2.2414 -0.0539 0.5702, 2.2335 -0.1524 0.5512, 2.2335 -0.0539 0.5512, 2.221 -0.1524 0.5349, 2.221 -0.0539 0.5349, 2.2047 -0.1524 0.5224, 2.2047 -0.0539 0.5224, 2.1857 -0.1524 0.5145, 2.1857 -0.0539 0.5145, 2.1654 -0.1524 0.5118, 2.1654 -0.0539 0.5118, 1.9685 -0.1524 0.5118, 1.9685 -0.0539 0.5118, 1.8898 1.5405 0.2559, 1.8898 1.4421 0.2559, 1.8504 1.5405 0.2756, 1.8504 1.4421 0.2756, 1.6929 1.4421 0.2756, 1.6929 1.5405 0.2756, 1.5748 1.4421 0.3937, 1.5748 1.5405 0.3937, 1.5788 1.5405 0.3631, 1.5788 1.4421 0.3631, 1.5906 1.5405 0.3346, 1.5906 1.4421 0.3346, 1.6094 1.5405 0.3102, 1.6094 1.4421 0.3102, 1.6339 1.5405 0.2914, 1.6339 1.4421 0.2914, 1.6623 1.5405 0.2796, 1.6623 1.4421 0.2796, 1.5748 1.4421 0.4331, 1.5748 1.5405 0.4331, 1.6535 1.4421 0.5118, 1.6535 1.5405 0.5118, 1.6332 1.5405 0.5091, 1.6332 1.4421 0.5091, 1.6142 1.5405 0.5013, 1.6142 1.4421 0.5013, 1.5979 1.5405 0.4887, 1.5979 1.4421 0.4887, 1.5854 1.5405 0.4724, 1.5854 1.4421 0.4724, 1.5775 1.5405 0.4535, 1.5775 1.4421 0.4535, 1.811 1.4421 0.5118, 1.811 1.5405 0.5118, 1.8314 1.5405 0.5145, 1.8314 1.4421 0.5145, 1.8504 1.5405 0.5224, 1.8504 1.4421 0.5224, 1.8667 1.5405 0.5349, 1.8667 1.4421 0.5349, 1.8792 1.5405 0.5512, 1.8792 1.4421 0.5512, 1.8871 1.5405 0.5702, 1.8871 1.4421 0.5702, 1.8898 1.5405 0.5906, 1.8898 1.4421 0.5906, 1.8898 1.4421 1.1417, 1.8898 1.5405 1.1417, 1.8871 1.5405 1.1621, 1.8871 1.4421 1.1621, 1.8792 1.5405 1.1811, 1.8792 1.4421 1.1811, 1.8667 1.5405 1.1974, 1.8667 1.4421 1.1974, 1.8504 1.5405 1.2099, 1.8504 1.4421 1.2099, 1.8314 1.5405 1.2178, 1.8314 1.4421 1.2178, 1.811 1.5405 1.2205, 1.811 1.4421 1.2205, 1.6535 1.5405 1.2205, 1.6535 1.4421 1.2205, 1.6623 1.5405 1.4527, 1.6623 1.4421 1.4527, 1.6339 1.5405 1.4409, 1.6339 1.4421 1.4409, 1.6094 1.5405 1.4221, 1.6094 1.4421 1.4221, 1.5906 1.5405 1.3976, 1.5906 1.4421 1.3976, 1.5788 1.5405 1.3692, 1.5788 1.4421 1.3692, 1.5748 1.5405 1.3386, 1.5748 1.4421 1.3386, 2.5591 1.4421 0.2756, 2.5591 1.5405 0.2756, 2.5984 1.5405 0.2756, 2.6392 1.5352 0.2756, 2.6772 1.5194 0.2756, 2.7098 1.4944 0.2756, 2.7348 1.4618 0.2756, 2.7505 1.4238 0.2756, 2.7559 0.9688 1.1286, 2.7559 1.0125 1.0469, 2.7559 1.0393 0.9583, 2.7559 0.6681 1.3295, 2.7559 0.0051 1.3583, 2.7559 0.7568 1.3026, 2.7559 0.8385 1.259, 2.7559 0.91 1.2002, 2.2047 -0.0539 0.2559, 2.3622 -0.0539 0.2559, 2.2047 -0.1524 0.2559, 2.3622 -0.1524 0.2559, 2.7505 -0.0356 0.2756, 2.7348 -0.0736 0.2756, 2.7098 -0.1062 0.2756, 2.6772 -0.1313 0.2756, 2.6392 -0.147 0.2756, 2.5984 -0.1524 0.2756, 1.9685 -0.0539 1.2205, 2.1654 -0.0539 1.2205, 1.9685 -0.1524 1.2205, 2.1654 -0.1524 1.2205, 1.8898 -0.0539 0.4331, 1.8898 -0.1524 0.4331, 1.8924 -0.1524 0.4535, 1.8924 -0.0539 0.4535, 1.9003 -0.1524 0.4724, 1.9003 -0.0539 0.4724, 1.9128 -0.1524 0.4887, 1.9128 -0.0539 0.4887, 1.9291 -0.1524 0.5013, 1.9291 -0.0539 0.5013, 1.9481 -0.1524 0.5091, 1.9481 -0.0539 0.5091, 2.0079 -0.0539 0.2756, 2.0079 -0.1524 0.2756, 1.9794 -0.1524 0.2791, 1.9794 -0.0539 0.2791, 1.9527 -0.1524 0.2893, 1.9527 -0.0539 0.2893, 1.9291 -0.1524 0.3057, 1.9291 -0.0539 0.3057, 2.3622 -0.0539 0.2756, 1.8898 -0.0539 0.3057, 2.2414 -0.0539 1.1621, 2.2335 -0.0539 1.1811, 2.221 -0.0539 1.1974, 2.1654 -0.0539 0.2756, 2.2047 -0.0539 1.2099, 2.1857 -0.0539 1.2178, 1.8898 -0.0539 1.3583, 2.2441 -0.0539 1.1417, 1.9481 -0.0539 1.2232, 1.8924 -0.0539 1.2788, 1.8898 -0.0539 1.2992, 1.9291 -0.0539 1.231, 1.9128 -0.0539 1.2435, 1.9003 -0.0539 1.2598, 1.8898 -0.1524 0.3057, 1.8898 -0.1524 1.2992, 1.8898 -0.1524 1.3583, 1.9481 -0.1524 1.2232, 1.9291 -0.1524 1.231, 1.9128 -0.1524 1.2435, 1.9003 -0.1524 1.2598, 1.8924 -0.1524 1.2788, 2.3622 -0.1524 0.2756, 2.5984 -0.1524 1.3583, 2.6392 -0.147 1.3583, 2.6772 -0.1313 1.3583, 2.7098 -0.1062 1.3583, 2.7348 -0.0736 1.3583, 2.7505 -0.0356 1.3583, 2.0472 1.5405 0.2559, 2.0472 1.4421 0.2559, 2.0472 1.4421 0.2756, 2.0472 1.5405 0.2756, 2.1654 1.4421 0.2756, 1.6142 1.4421 1.231, 1.5775 1.4421 1.2788, 1.5979 1.4421 1.2435, 1.5854 1.4421 1.2598, 1.5748 1.4421 1.2992, 1.6332 1.4421 1.2232, 2.1654 1.5405 0.2756, 1.5748 1.5405 1.2992, 1.5775 1.5405 1.2788, 1.5854 1.5405 1.2598, 1.5979 1.5405 1.2435, 1.6142 1.5405 1.231, 1.6332 1.5405 1.2232, 2.1857 -0.1524 1.2178, 2.2047 -0.1524 1.2099, 2.221 -0.1524 1.1974, 2.2335 -0.1524 1.1811, 2.2414 -0.1524 1.1621, 2.2441 -0.1524 1.1417, 2.1654 -0.1524 0.2756, 0.4475 -0.3098 0.8954, 0.4409 -0.3098 0.8868, 0.466 -0.3098 0.8262, 0.456 -0.3098 0.9019, 0.4368 -0.3098 0.8768, 0.4354 -0.3098 0.8661, 0.4368 -0.3098 0.8554, 0.4409 -0.3098 0.8455, 0.4475 -0.3098 0.8369, 0.456 -0.3098 0.8303, 0.5709 -0.3098 0.8248, 0.5709 -0.3098 0.9075, 0.4767 -0.3098 0.8248, 0.4767 -0.3098 0.9075, 0.466 -0.3098 0.9061, 0.4767 -0.2114 0.8248, 0.4767 -0.2112 0.8228, 0.4668 -0.2114 0.826, 0.4663 -0.2112 0.824, 0.4575 -0.2114 0.8295, 0.4566 -0.2112 0.8277, 0.4493 -0.2114 0.8352, 0.4479 -0.2112 0.8337, 0.4427 -0.2114 0.8427, 0.441 -0.2112 0.8415, 0.4381 -0.2114 0.8515, 0.4362 -0.2112 0.8508, 0.4357 -0.2114 0.8612, 0.4336 -0.2112 0.8609, 0.4357 -0.2114 0.8711, 0.4336 -0.2112 0.8714, 0.4381 -0.2114 0.8808, 0.4362 -0.2112 0.8815, 0.4427 -0.2114 0.8896, 0.441 -0.2112 0.8908, 0.4493 -0.2114 0.8971, 0.4479 -0.2112 0.8986, 0.4575 -0.2114 0.9027, 0.4566 -0.2112 0.9046, 0.4668 -0.2114 0.9063, 0.4663 -0.2112 0.9083, 0.4767 -0.2114 0.9075, 0.4767 -0.2112 0.9095, 0.4767 -0.2104 0.8209, 0.4659 -0.2104 0.8222, 0.4557 -0.2104 0.8261, 0.4467 -0.2104 0.8323, 0.4394 -0.2104 0.8404, 0.4344 -0.2104 0.8501, 0.4318 -0.2104 0.8607, 0.4318 -0.2104 0.8716, 0.4344 -0.2104 0.8822, 0.4394 -0.2104 0.8919, 0.4467 -0.2104 0.9, 0.4557 -0.2104 0.9062, 0.4659 -0.2104 0.9101, 0.4767 -0.2104 0.9114, 0.4767 -0.2091 0.8192, 0.4655 -0.2091 0.8206, 0.4549 -0.2091 0.8246, 0.4456 -0.2091 0.831, 0.4381 -0.2091 0.8395, 0.4329 -0.2091 0.8495, 0.4301 -0.2091 0.8605, 0.4301 -0.2091 0.8718, 0.4329 -0.2091 0.8828, 0.4381 -0.2091 0.8928, 0.4456 -0.2091 0.9013, 0.4549 -0.2091 0.9077, 0.4655 -0.2091 0.9117, 0.4767 -0.2091 0.913, 0.4767 -0.2075 0.818, 0.4652 -0.2075 0.8194, 0.4543 -0.2075 0.8235, 0.4448 -0.2075 0.8301, 0.4371 -0.2075 0.8388, 0.4317 -0.2075 0.8491, 0.4289 -0.2075 0.8603, 0.4289 -0.2075 0.8719, 0.4317 -0.2075 0.8832, 0.4371 -0.2075 0.8935, 0.4448 -0.2075 0.9022, 0.4543 -0.2075 0.9088, 0.4652 -0.2075 0.9129, 0.4767 -0.2075 0.9143, 0.4767 -0.2056 0.8172, 0.465 -0.2056 0.8186, 0.454 -0.2056 0.8228, 0.4443 -0.2056 0.8295, 0.4364 -0.2056 0.8383, 0.4309 -0.2056 0.8488, 0.4281 -0.2056 0.8602, 0.4281 -0.2056 0.872, 0.4309 -0.2056 0.8835, 0.4364 -0.2056 0.8939, 0.4443 -0.2056 0.9028, 0.454 -0.2056 0.9095, 0.465 -0.2056 0.9137, 0.4767 -0.2056 0.9151, 0.4767 -0.2035 0.8169, 0.4649 -0.2035 0.8184, 0.4538 -0.2035 0.8226, 0.4441 -0.2035 0.8293, 0.4362 -0.2035 0.8382, 0.4307 -0.2035 0.8487, 0.4279 -0.2035 0.8602, 0.4279 -0.2035 0.8721, 0.4307 -0.2035 0.8836, 0.4362 -0.2035 0.8941, 0.4441 -0.2035 0.903, 0.4538 -0.2035 0.9097, 0.4649 -0.2035 0.9139, 0.4767 -0.2035 0.9154, 0.4767 -0.3076 0.8032, 0.5709 -0.3076 0.8032, 0.4767 -0.2902 0.7632, 0.5709 -0.2902 0.7632, 0.4767 -0.3008 0.782, 0.5709 -0.3009 0.7821, 0.4767 -0.3009 0.7821, 0.4767 -0.3076 0.8029, 0.5709 -0.3009 0.7822, 0.5709 -0.3076 0.803, 0.6925 -0.2906 0.8248, 0.6925 -0.2906 0.9075, 0.6325 -0.305 0.9075, 0.6325 -0.305 0.8248, 0.4767 -0.3009 0.9502, 0.5709 -0.3009 0.9502, 0.4767 -0.3008 0.9503, 0.5709 -0.2902 0.9691, 0.4767 -0.2902 0.9691, 0.4767 -0.3076 0.9291, 0.5709 -0.3076 0.9291, 0.4767 -0.3076 0.9294, 0.5709 -0.3076 0.9292, 0.5709 -0.3009 0.9501, 0.4603 -0.3076 0.9272, 0.4549 -0.3008 0.9474, 0.4346 -0.3008 0.939, 0.4549 -0.3008 0.7848, 0.4501 -0.2902 0.7667, 0.4346 -0.3008 0.7932, 0.4252 -0.2902 0.777, 0.4172 -0.3008 0.8066, 0.4039 -0.2902 0.7933, 0.4038 -0.3008 0.8241, 0.3875 -0.2902 0.8147, 0.3954 -0.3008 0.8444, 0.3773 -0.2902 0.8395, 0.3925 -0.3008 0.8661, 0.3737 -0.2902 0.8661, 0.3954 -0.3008 0.8879, 0.3773 -0.2902 0.8928, 0.4038 -0.3008 0.9082, 0.3875 -0.2902 0.9176, 0.4172 -0.3008 0.9257, 0.4039 -0.2902 0.9389, 0.4252 -0.2902 0.9553, 0.4501 -0.2902 0.9656, 0.4451 -0.3076 0.9209, 0.432 -0.3076 0.9108, 0.422 -0.3076 0.8978, 0.4156 -0.3076 0.8825, 0.4135 -0.3076 0.8661, 0.4156 -0.3076 0.8498, 0.422 -0.3076 0.8345, 0.432 -0.3076 0.8214, 0.4451 -0.3076 0.8114, 0.4603 -0.3076 0.8051, 0.4767 -0.1917 0.8169, 0.4649 -0.1917 0.8184, 0.4538 -0.1917 0.8226, 0.4441 -0.1917 0.8293, 0.4362 -0.1917 0.8382, 0.4307 -0.1917 0.8487, 0.4279 -0.1917 0.8602, 0.4279 -0.1917 0.8721, 0.4307 -0.1917 0.8836, 0.4362 -0.1917 0.8941, 0.4441 -0.1917 0.903, 0.4538 -0.1917 0.9097, 0.4649 -0.1917 0.9139, 0.4767 -0.1917 0.9154, 0.5709 -0.2114 0.9075, 0.5709 -0.2114 0.8248, 0.5709 -0.2112 0.8231, 0.5709 -0.2111 0.8228, 0.5709 -0.2106 0.8214, 0.5709 -0.2103 0.8209, 0.5709 -0.2097 0.8199, 0.5709 -0.2091 0.8193, 0.5709 -0.2085 0.8186, 0.5709 -0.2075 0.818, 0.5709 -0.207 0.8177, 0.5709 -0.2056 0.8172, 0.5709 -0.2053 0.8171, 0.5709 -0.2035 0.8169, 0.5709 -0.2112 0.9092, 0.5709 -0.2111 0.9095, 0.5709 -0.2106 0.9109, 0.5709 -0.2103 0.9114, 0.5709 -0.2097 0.9124, 0.5709 -0.2091 0.913, 0.5709 -0.2085 0.9136, 0.5709 -0.2075 0.9143, 0.5709 -0.207 0.9146, 0.5709 -0.2056 0.9151, 0.5709 -0.2053 0.9152, 0.5709 -0.2035 0.9154, 0.5709 -0.1917 0.8169, 0.5709 -0.1917 0.9154, 0.3875 -0.2902 0.9176, 0.4039 -0.2902 0.9389, 0.4501 -0.2902 0.7667, 0.5709 -0.2902 0.5737, 0.4252 -0.2902 0.777, 0.4039 -0.2902 0.7933, 0.3875 -0.2902 0.8147, 0.4252 -0.2902 0.9553, 0.4501 -0.2902 0.9656, 0.5709 -0.2902 1.1586, 0.3773 -0.2902 0.8395, 0.3737 -0.2902 0.8661, 0.3773 -0.2902 0.8928, 0.629 -0.2856 0.7632, 0.6294 -0.2856 0.7632, 0.6311 -0.2962 0.7822, 0.6864 -0.2719 0.7632, 0.6898 -0.282 0.7821, 0.6898 -0.2821 0.7822, 0.6321 -0.3028 0.803, 0.6918 -0.2884 0.803, 0.6918 -0.2885 0.8032, 0.9044 -0.2217 0.9075, 0.9044 -0.2217 0.8248, 0.9146 -0.2184 0.8262, 0.9424 -0.2094 0.8768, 0.9385 -0.2107 0.8868, 0.9385 -0.2107 0.8455, 0.9424 -0.2094 0.8554, 0.9437 -0.209 0.8661, 0.9322 -0.2127 0.8954, 0.9241 -0.2153 0.9019, 0.9146 -0.2184 0.9061, 0.9241 -0.2153 0.8303, 0.9322 -0.2127 0.8369, 0.6897 -0.282 0.9503, 0.6864 -0.2719 0.9691, 0.6294 -0.2856 0.9691, 0.629 -0.2856 0.9691, 0.6311 -0.2962 0.9501, 0.6898 -0.2821 0.9501, 0.6321 -0.3028 0.9292, 0.6918 -0.2884 0.9292, 0.6918 -0.2884 0.9294, 0.5709 -0.1917 1.1586, 0.5709 -0.1917 0.5737, 0.6171 -0.2078 0.8248, 0.6171 -0.2078 0.9075, 0.6621 -0.197 0.8248, 0.6621 -0.197 0.9075, 0.617 -0.2076 0.8231, 0.6169 -0.207 0.8214, 0.6168 -0.2061 0.8199, 0.6166 -0.2049 0.8186, 0.6597 -0.1895 0.8169, 0.6158 -0.2 0.8169, 0.6161 -0.2017 0.8171, 0.6602 -0.1911 0.8171, 0.6164 -0.2034 0.8177, 0.6607 -0.1927 0.8177, 0.6612 -0.1942 0.8186, 0.6616 -0.1953 0.8199, 0.6619 -0.1962 0.8214, 0.6621 -0.1968 0.8231, 0.617 -0.2076 0.9092, 0.6169 -0.207 0.9109, 0.6168 -0.2061 0.9124, 0.6166 -0.2049 0.9136, 0.6164 -0.2034 0.9146, 0.6621 -0.1968 0.9092, 0.6619 -0.1962 0.9109, 0.6616 -0.1953 0.9124, 0.6612 -0.1942 0.9136, 0.6607 -0.1927 0.9146, 0.6161 -0.2017 0.9152, 0.6602 -0.1911 0.9152, 0.6158 -0.2 0.9154, 0.6597 -0.1895 0.9154, 0.8911 -0.1226 0.9034, 0.8985 -0.1202 0.8985, 0.9123 -0.1157 0.8753, 0.874 -0.1281 0.9075, 0.8828 -0.1253 0.9064, 0.9048 -0.1181 0.8919, 0.9094 -0.1166 0.8841, 0.614 -0.1883 0.8169, 0.656 -0.1782 0.8169, 0.656 -0.1782 0.9154, 0.614 -0.1883 0.9154, 0.874 -0.1279 0.9092, 0.8738 -0.1274 0.9109, 0.8735 -0.1265 0.9124, 0.8731 -0.1253 0.9136, 0.8726 -0.1239 0.9146, 0.8721 -0.1223 0.9152, 0.8716 -0.1206 0.9154, 0.6864 -0.2719 0.5769, 0.6294 -0.2856 0.5753, 0.629 -0.2856 0.5753, 0.8983 -0.203 0.7632, 0.9017 -0.2132 0.7821, 0.9037 -0.2196 0.8032, 0.9223 -0.2066 0.9471, 0.9192 -0.2146 0.9268, 0.9336 -0.2099 0.9206, 0.9615 -0.2009 0.8824, 0.9555 -0.2028 0.8976, 0.946 -0.2059 0.9106, 0.9037 -0.2196 0.929, 0.9415 -0.2004 0.9387, 0.9581 -0.195 0.9254, 0.9707 -0.1909 0.908, 0.9787 -0.1883 0.8878, 0.8983 -0.203 0.9691, 0.9016 -0.2131 0.9503, 0.9017 -0.2133 0.95, 0.9037 -0.2195 0.9294, 0.9635 -0.2002 0.8661, 0.9636 -0.2001 0.8661, 0.9814 -0.1874 0.8661, 0.9816 -0.1872 0.8661, 0.9237 -0.1948 0.9656, 0.9473 -0.1871 0.9553, 0.9676 -0.1805 0.9389, 0.9831 -0.1755 0.9176, 0.9929 -0.1723 0.8928, 0.9963 -0.1712 0.8661, 0.629 -0.2856 1.157, 0.6294 -0.2856 1.157, 0.6864 -0.2719 1.1554, 0.614 -0.1883 0.5753, 0.656 -0.1782 0.5769, 0.6294 -0.2856 0.5753, 0.9237 -0.1948 0.9656, 0.9473 -0.1871 0.9553, 0.9676 -0.1805 0.9389, 0.9831 -0.1755 0.9176, 0.9831 -0.1755 0.8147, 0.9676 -0.1805 0.7933, 0.9929 -0.1723 0.8928, 0.9929 -0.1723 0.8395, 0.9473 -0.1871 0.777, 0.9237 -0.1948 0.7667, 0.614 -0.1883 0.5753, 0.8679 -0.1094 0.9154, 0.656 -0.1782 1.1554, 0.9136 -0.0946 0.8771, 0.9101 -0.0957 0.8875, 0.9045 -0.0975 0.8968, 0.8971 -0.0999 0.9046, 0.8882 -0.1028 0.9105, 0.8783 -0.106 0.9141, 0.6294 -0.2856 1.157, 0.614 -0.1883 1.157, 0.614 -0.1883 1.157, 0.9929 -0.1723 0.8395, 0.9789 -0.1881 0.8444, 0.9709 -0.1907 0.8241, 0.9192 -0.2146 0.8053, 0.9616 -0.2008 0.8498, 0.9337 -0.2099 0.8116, 0.9461 -0.2059 0.8216, 0.9556 -0.2028 0.8347, 0.9831 -0.1755 0.8147, 0.9582 -0.1948 0.8067, 0.9676 -0.1805 0.7933, 0.9416 -0.2002 0.7934, 0.9473 -0.1871 0.777, 0.9223 -0.2065 0.785, 0.9237 -0.1948 0.7667, 0.9139 -0.1149 0.8757, 0.9172 -0.1058 0.8771, 0.9176 -0.1075 0.877, 0.9137 -0.1069 0.8875, 0.9141 -0.1086 0.8874, 0.9082 -0.1087 0.8968, 0.9086 -0.1105 0.8967, 0.9008 -0.1111 0.9046, 0.9012 -0.1129 0.9045, 0.8919 -0.114 0.9105, 0.8923 -0.1157 0.9103, 0.882 -0.1172 0.9141, 0.8825 -0.1189 0.9139, 0.9175 -0.1093 0.8769, 0.9141 -0.1104 0.8872, 0.9086 -0.1122 0.8963, 0.9014 -0.1145 0.904, 0.8926 -0.1174 0.9098, 0.8829 -0.1205 0.9134, 0.9171 -0.111 0.8767, 0.9138 -0.1121 0.8867, 0.9084 -0.1138 0.8958, 0.9013 -0.1161 0.9033, 0.8927 -0.1189 0.9089, 0.8831 -0.122 0.9124, 0.9164 -0.1126 0.8764, 0.9131 -0.1136 0.8862, 0.9079 -0.1153 0.895, 0.9009 -0.1176 0.9023, 0.8926 -0.1203 0.9078, 0.8833 -0.1233 0.9112, 0.9153 -0.1139 0.8761, 0.9121 -0.1149 0.8856, 0.9071 -0.1166 0.894, 0.9003 -0.1188 0.9011, 0.8922 -0.1214 0.9065, 0.8832 -0.1243 0.9098, 0.9109 -0.1159 0.8848, 0.906 -0.1175 0.893, 0.8995 -0.1196 0.8998, 0.8917 -0.1222 0.905, 0.8831 -0.125 0.9082
            ]
        }
        coordIndex [
            0,1,2,-1,2,1,3,-1,2,4,0,-1,0,4,5,-1,6,7,8,-1,6,8,9,-1,9,8,10,-1,9,10,11,-1,11,10,12,-1,11,12,13,-1,13,12,14,-1,13,14,15,-1,15,14,16,-1,15,16,17,-1,17,16,18,-1,17,18,19,-1,19,18,20,-1,19,20,21,-1,21,20,22,-1,21,22,23,-1,23,22,24,-1,23,24,25,-1,25,24,26,-1,25,26,27,-1,27,26,3,-1,27,3,1,-1,5,4,28,-1,5,28,29,-1,29,28,30,-1,29,30,31,-1,31,30,32,-1,31,32,33,-1,33,32,34,-1,33,34,35,-1,35,34,36,-1,35,36,37,-1,37,36,38,-1,37,38,39,-1,39,38,40,-1,39,40,41,-1,41,40,42,-1,41,42,43,-1,43,42,44,-1,43,44,45,-1,45,44,46,-1,45,46,47,-1,47,46,48,-1,47,48,49,-1,6,1,50,-1,50,1,0,-1,50,0,51,-1,51,0,49,-1,6,9,1,-1,1,9,11,-1,1,11,13,-1,13,15,1,-1,1,15,17,-1,1,17,27,-1,17,19,21,-1,21,23,17,-1,17,23,25,-1,17,25,27,-1,0,5,49,-1,49,5,29,-1,49,29,47,-1,47,29,31,-1,37,39,35,-1,35,39,41,-1,35,41,43,-1,31,33,47,-1,47,33,35,-1,47,35,45,-1,45,35,43,-1,52,53,54,-1,54,53,55,-1,54,55,56,-1,56,55,57,-1,56,57,58,-1,58,57,59,-1,58,59,60,-1,60,59,61,-1,60,61,62,-1,62,61,63,-1,62,63,51,-1,51,63,50,-1,2,3,7,-1,14,12,3,-1,12,10,3,-1,3,10,8,-1,3,8,7,-1,48,32,30,-1,14,3,16,-1,16,3,26,-1,16,26,24,-1,44,42,34,-1,42,40,34,-1,34,40,38,-1,34,38,36,-1,7,64,2,-1,2,64,65,-1,2,65,4,-1,4,65,48,-1,4,48,28,-1,28,48,30,-1,24,22,16,-1,16,22,20,-1,16,20,18,-1,32,48,34,-1,34,48,46,-1,34,46,44,-1,66,67,68,-1,68,67,69,-1,70,71,72,-1,72,71,69,-1,72,69,73,-1,67,74,69,-1,69,74,75,-1,69,75,76,-1,76,77,69,-1,69,77,78,-1,69,78,79,-1,79,80,69,-1,69,80,81,-1,69,81,73,-1,68,82,66,-1,66,82,83,-1,66,83,84,-1,85,86,66,-1,66,86,87,-1,66,87,88,-1,89,90,91,-1,91,90,92,-1,91,92,93,-1,88,94,66,-1,66,94,95,-1,66,95,96,-1,97,98,99,-1,99,98,100,-1,96,101,66,-1,66,101,98,-1,66,98,102,-1,102,98,97,-1,70,72,91,-1,91,72,103,-1,91,103,89,-1,84,104,66,-1,66,104,105,-1,66,105,85,-1,106,107,108,-1,109,110,111,-1,108,107,111,-1,111,107,112,-1,111,112,109,-1,113,114,111,-1,108,115,106,-1,106,115,116,-1,106,116,117,-1,117,118,106,-1,106,118,119,-1,106,119,120,-1,121,122,123,-1,120,124,106,-1,106,124,125,-1,106,125,126,-1,126,125,127,-1,114,128,111,-1,111,128,129,-1,111,129,130,-1,121,123,125,-1,125,123,131,-1,125,131,127,-1,110,132,111,-1,111,132,133,-1,111,133,113,-1,134,135,136,-1,134,136,129,-1,129,136,137,-1,129,137,130,-1,138,139,140,-1,139,141,142,-1,141,143,144,-1,145,146,147,-1,72,148,149,-1,72,149,103,-1,103,149,150,-1,103,150,89,-1,89,150,151,-1,89,151,90,-1,90,151,152,-1,90,152,92,-1,92,152,153,-1,92,153,93,-1,93,153,154,-1,93,154,91,-1,91,154,155,-1,91,155,70,-1,70,155,156,-1,70,156,71,-1,71,156,147,-1,71,147,69,-1,69,147,146,-1,69,146,157,-1,143,158,159,-1,159,158,145,-1,138,140,160,-1,145,147,159,-1,159,147,156,-1,159,156,161,-1,161,156,155,-1,161,155,162,-1,162,155,154,-1,162,154,163,-1,163,154,153,-1,163,153,164,-1,164,153,152,-1,164,152,165,-1,165,152,151,-1,165,151,166,-1,166,151,150,-1,166,150,167,-1,167,150,149,-1,167,149,168,-1,168,149,148,-1,168,148,169,-1,143,159,144,-1,144,159,161,-1,144,161,170,-1,170,161,162,-1,170,162,171,-1,171,162,163,-1,171,163,172,-1,172,163,164,-1,172,164,173,-1,173,164,165,-1,173,165,174,-1,174,165,166,-1,174,166,175,-1,175,166,167,-1,175,167,176,-1,176,167,168,-1,176,168,177,-1,177,168,169,-1,177,169,178,-1,141,144,142,-1,142,144,170,-1,142,170,179,-1,179,170,171,-1,179,171,180,-1,180,171,172,-1,180,172,181,-1,181,172,173,-1,181,173,182,-1,182,173,174,-1,182,174,183,-1,183,174,175,-1,183,175,184,-1,184,175,176,-1,184,176,185,-1,185,176,177,-1,185,177,186,-1,186,177,178,-1,186,178,187,-1,139,142,140,-1,140,142,179,-1,140,179,188,-1,188,179,180,-1,188,180,189,-1,189,180,181,-1,189,181,190,-1,190,181,182,-1,190,182,191,-1,191,182,183,-1,191,183,192,-1,192,183,184,-1,192,184,193,-1,193,184,185,-1,193,185,194,-1,194,185,186,-1,194,186,195,-1,195,186,187,-1,195,187,196,-1,160,140,197,-1,197,140,188,-1,197,188,198,-1,198,188,189,-1,198,189,199,-1,199,189,190,-1,199,190,200,-1,200,190,191,-1,200,191,201,-1,201,191,192,-1,201,192,202,-1,202,192,193,-1,202,193,203,-1,203,193,194,-1,203,194,204,-1,204,194,195,-1,204,195,205,-1,205,195,196,-1,205,196,206,-1,207,208,209,-1,208,210,211,-1,210,212,213,-1,214,67,66,-1,212,215,216,-1,216,215,214,-1,217,218,219,-1,219,218,207,-1,214,66,216,-1,216,66,102,-1,216,102,220,-1,220,102,97,-1,220,97,221,-1,221,97,99,-1,221,99,222,-1,222,99,100,-1,222,100,223,-1,223,100,98,-1,223,98,224,-1,224,98,101,-1,224,101,225,-1,225,101,96,-1,225,96,226,-1,226,96,95,-1,226,95,227,-1,227,95,94,-1,227,94,228,-1,212,216,213,-1,213,216,220,-1,213,220,229,-1,229,220,221,-1,229,221,230,-1,230,221,222,-1,230,222,231,-1,231,222,223,-1,231,223,232,-1,232,223,224,-1,232,224,233,-1,233,224,225,-1,233,225,234,-1,234,225,226,-1,234,226,235,-1,235,226,227,-1,235,227,236,-1,236,227,228,-1,236,228,237,-1,210,213,211,-1,211,213,229,-1,211,229,238,-1,238,229,230,-1,238,230,239,-1,239,230,231,-1,239,231,240,-1,240,231,232,-1,240,232,241,-1,241,232,233,-1,241,233,242,-1,242,233,234,-1,242,234,243,-1,243,234,235,-1,243,235,244,-1,244,235,236,-1,244,236,245,-1,245,236,237,-1,245,237,246,-1,208,211,209,-1,209,211,238,-1,209,238,247,-1,247,238,239,-1,247,239,248,-1,248,239,240,-1,248,240,249,-1,249,240,241,-1,249,241,250,-1,250,241,242,-1,250,242,251,-1,251,242,243,-1,251,243,252,-1,252,243,244,-1,252,244,253,-1,253,244,245,-1,253,245,254,-1,254,245,246,-1,254,246,255,-1,207,209,219,-1,219,209,247,-1,219,247,256,-1,256,247,248,-1,256,248,257,-1,257,248,249,-1,257,249,258,-1,258,249,250,-1,258,250,259,-1,259,250,251,-1,259,251,260,-1,260,251,252,-1,260,252,261,-1,261,252,253,-1,261,253,262,-1,262,253,254,-1,262,254,263,-1,263,254,255,-1,263,255,264,-1,217,219,265,-1,265,219,256,-1,265,256,266,-1,266,256,257,-1,266,257,267,-1,267,257,258,-1,267,258,268,-1,268,258,259,-1,268,259,269,-1,269,259,260,-1,269,260,270,-1,270,260,261,-1,270,261,271,-1,271,261,262,-1,271,262,272,-1,272,262,263,-1,272,263,273,-1,273,263,264,-1,273,264,274,-1,275,276,277,-1,275,277,278,-1,278,277,279,-1,278,279,280,-1,280,279,281,-1,280,281,282,-1,282,281,283,-1,282,283,284,-1,284,283,285,-1,284,285,286,-1,286,285,287,-1,286,287,288,-1,289,290,291,-1,289,291,292,-1,292,291,293,-1,292,293,294,-1,294,293,295,-1,294,295,296,-1,296,295,297,-1,296,297,298,-1,298,297,299,-1,298,299,300,-1,300,299,301,-1,300,301,302,-1,301,276,302,-1,302,276,275,-1,303,304,305,-1,306,307,308,-1,309,310,311,-1,312,313,314,-1,315,316,317,-1,318,319,320,-1,321,125,322,-1,322,125,124,-1,322,124,323,-1,323,124,120,-1,323,120,324,-1,324,120,119,-1,324,119,325,-1,325,119,118,-1,325,118,326,-1,326,118,117,-1,326,117,327,-1,327,117,116,-1,327,116,320,-1,320,116,115,-1,320,115,318,-1,319,315,320,-1,320,315,317,-1,320,317,327,-1,327,317,328,-1,327,328,326,-1,326,328,329,-1,326,329,325,-1,325,329,330,-1,325,330,324,-1,324,330,331,-1,324,331,323,-1,323,331,332,-1,323,332,322,-1,322,332,333,-1,322,333,321,-1,321,333,334,-1,316,312,317,-1,317,312,314,-1,317,314,328,-1,328,314,335,-1,328,335,329,-1,329,335,336,-1,329,336,330,-1,330,336,337,-1,330,337,331,-1,331,337,338,-1,331,338,332,-1,332,338,339,-1,332,339,333,-1,333,339,340,-1,333,340,334,-1,334,340,341,-1,313,309,314,-1,314,309,311,-1,314,311,335,-1,335,311,342,-1,335,342,336,-1,336,342,343,-1,336,343,337,-1,337,343,344,-1,337,344,338,-1,338,344,345,-1,338,345,339,-1,339,345,346,-1,339,346,340,-1,340,346,347,-1,340,347,341,-1,341,347,348,-1,310,306,311,-1,311,306,308,-1,311,308,342,-1,342,308,349,-1,342,349,343,-1,343,349,350,-1,343,350,344,-1,344,350,351,-1,344,351,345,-1,345,351,352,-1,345,352,346,-1,346,352,353,-1,346,353,347,-1,347,353,354,-1,347,354,348,-1,348,354,355,-1,307,303,308,-1,308,303,305,-1,308,305,349,-1,349,305,356,-1,349,356,350,-1,350,356,357,-1,350,357,351,-1,351,357,358,-1,351,358,352,-1,352,358,359,-1,352,359,353,-1,353,359,360,-1,353,360,354,-1,354,360,361,-1,354,361,355,-1,355,361,362,-1,304,363,305,-1,305,363,364,-1,305,364,356,-1,356,364,365,-1,356,365,357,-1,357,365,366,-1,357,366,358,-1,358,366,367,-1,358,367,359,-1,359,367,368,-1,359,368,360,-1,360,368,369,-1,360,369,361,-1,361,369,370,-1,361,370,362,-1,362,370,371,-1,372,373,374,-1,375,376,377,-1,378,379,380,-1,381,382,383,-1,384,385,386,-1,387,388,389,-1,390,387,112,-1,112,387,389,-1,112,389,109,-1,109,389,391,-1,109,391,110,-1,110,391,392,-1,110,392,132,-1,132,392,393,-1,132,393,133,-1,133,393,394,-1,133,394,113,-1,113,394,395,-1,113,395,114,-1,114,395,396,-1,114,396,128,-1,128,396,397,-1,388,384,389,-1,389,384,386,-1,389,386,391,-1,391,386,398,-1,391,398,392,-1,392,398,399,-1,392,399,393,-1,393,399,400,-1,393,400,394,-1,394,400,401,-1,394,401,395,-1,395,401,402,-1,395,402,396,-1,396,402,403,-1,396,403,397,-1,397,403,404,-1,385,381,386,-1,386,381,383,-1,386,383,398,-1,398,383,405,-1,398,405,399,-1,399,405,406,-1,399,406,400,-1,400,406,407,-1,400,407,401,-1,401,407,408,-1,401,408,402,-1,402,408,409,-1,402,409,403,-1,403,409,410,-1,403,410,404,-1,404,410,411,-1,382,378,383,-1,383,378,380,-1,383,380,405,-1,405,380,412,-1,405,412,406,-1,406,412,413,-1,406,413,407,-1,407,413,414,-1,407,414,408,-1,408,414,415,-1,408,415,409,-1,409,415,416,-1,409,416,410,-1,410,416,417,-1,410,417,411,-1,411,417,418,-1,379,375,380,-1,380,375,377,-1,380,377,412,-1,412,377,419,-1,412,419,413,-1,413,419,420,-1,413,420,414,-1,414,420,421,-1,414,421,415,-1,415,421,422,-1,415,422,416,-1,416,422,423,-1,416,423,417,-1,417,423,424,-1,417,424,418,-1,418,424,425,-1,376,372,377,-1,377,372,374,-1,377,374,419,-1,419,374,426,-1,419,426,420,-1,420,426,427,-1,420,427,421,-1,421,427,428,-1,421,428,422,-1,422,428,429,-1,422,429,423,-1,423,429,430,-1,423,430,424,-1,424,430,431,-1,424,431,425,-1,425,431,432,-1,433,434,435,-1,435,434,436,-1,435,436,437,-1,438,288,439,-1,439,288,440,-1,441,442,435,-1,435,442,443,-1,435,443,433,-1,437,444,435,-1,435,444,445,-1,435,445,446,-1,446,445,447,-1,446,447,448,-1,449,450,446,-1,446,450,451,-1,446,451,452,-1,438,453,288,-1,288,453,454,-1,288,454,286,-1,286,454,455,-1,286,455,284,-1,284,455,456,-1,284,456,282,-1,457,300,458,-1,458,300,302,-1,458,302,459,-1,459,302,275,-1,459,275,460,-1,460,275,278,-1,460,278,456,-1,456,278,280,-1,456,280,282,-1,448,461,446,-1,446,461,462,-1,446,462,449,-1,294,296,457,-1,457,296,298,-1,457,298,300,-1,463,464,289,-1,289,464,465,-1,289,465,466,-1,294,457,292,-1,292,457,467,-1,292,467,289,-1,289,467,468,-1,289,468,463,-1,466,469,289,-1,289,469,470,-1,289,470,435,-1,435,470,471,-1,435,471,441,-1,452,472,446,-1,446,472,473,-1,446,473,288,-1,288,473,474,-1,288,474,440,-1,475,288,476,-1,476,288,287,-1,477,290,435,-1,435,290,289,-1,478,479,476,-1,290,480,481,-1,479,482,476,-1,476,482,483,-1,476,483,484,-1,481,485,290,-1,290,485,486,-1,290,486,291,-1,291,486,487,-1,291,487,293,-1,293,487,295,-1,295,487,488,-1,295,488,297,-1,370,276,371,-1,371,276,301,-1,371,301,488,-1,488,301,299,-1,488,299,297,-1,283,281,369,-1,369,281,279,-1,369,279,370,-1,370,279,277,-1,370,277,276,-1,365,364,287,-1,287,364,489,-1,287,489,476,-1,476,489,490,-1,476,490,478,-1,477,430,429,-1,368,367,287,-1,287,367,366,-1,287,366,365,-1,484,491,476,-1,476,491,432,-1,476,432,477,-1,477,432,431,-1,477,431,430,-1,429,428,477,-1,477,428,427,-1,477,427,426,-1,368,287,369,-1,369,287,285,-1,369,285,283,-1,426,374,477,-1,477,374,492,-1,477,492,290,-1,290,492,493,-1,290,493,480,-1,477,435,494,-1,494,435,495,-1,496,497,498,-1,498,497,499,-1,498,499,500,-1,500,499,501,-1,500,501,502,-1,502,501,503,-1,502,503,504,-1,504,503,505,-1,504,505,495,-1,495,505,506,-1,495,506,494,-1,507,475,476,-1,507,476,508,-1,476,509,508,-1,508,509,510,-1,508,510,511,-1,511,510,512,-1,511,512,513,-1,513,512,514,-1,513,514,515,-1,516,517,518,-1,518,517,515,-1,518,515,519,-1,519,515,514,-1,49,48,51,-1,51,48,65,-1,51,65,62,-1,62,65,520,-1,62,520,60,-1,60,520,521,-1,60,521,58,-1,521,522,58,-1,58,522,523,-1,58,523,56,-1,56,523,524,-1,56,524,54,-1,54,524,525,-1,54,525,52,-1,52,525,526,-1,52,526,527,-1,528,526,525,-1,528,525,529,-1,529,525,524,-1,529,524,530,-1,530,524,523,-1,530,523,531,-1,531,523,522,-1,531,522,532,-1,532,522,521,-1,532,521,533,-1,533,521,520,-1,533,520,534,-1,534,520,65,-1,534,65,64,-1,527,526,535,-1,535,526,536,-1,537,535,538,-1,538,535,536,-1,539,540,541,-1,541,540,542,-1,539,543,540,-1,540,543,544,-1,545,546,547,-1,547,546,548,-1,547,548,549,-1,549,548,550,-1,549,550,551,-1,551,550,552,-1,551,552,553,-1,553,552,554,-1,553,554,555,-1,555,554,556,-1,555,556,557,-1,557,556,558,-1,557,558,559,-1,559,558,560,-1,559,560,561,-1,561,560,562,-1,561,562,563,-1,563,562,564,-1,563,564,543,-1,543,564,544,-1,545,565,546,-1,546,565,566,-1,567,568,569,-1,569,568,570,-1,567,569,571,-1,571,569,572,-1,571,572,573,-1,573,572,574,-1,573,574,575,-1,575,574,576,-1,575,576,577,-1,577,576,578,-1,577,578,579,-1,579,578,580,-1,579,580,581,-1,581,580,582,-1,583,581,584,-1,584,581,582,-1,515,585,586,-1,435,446,495,-1,495,446,587,-1,495,587,588,-1,587,508,588,-1,588,508,511,-1,588,511,502,-1,502,511,589,-1,502,589,500,-1,500,589,515,-1,500,515,590,-1,590,515,586,-1,586,591,592,-1,592,591,593,-1,593,591,594,-1,594,591,595,-1,594,595,596,-1,596,595,597,-1,596,597,598,-1,598,597,599,-1,598,599,600,-1,600,599,601,-1,600,601,602,-1,602,601,603,-1,602,603,568,-1,568,603,570,-1,7,6,64,-1,64,6,50,-1,64,50,534,-1,534,50,63,-1,534,63,533,-1,533,63,61,-1,533,61,532,-1,532,61,59,-1,532,59,531,-1,531,59,57,-1,531,57,530,-1,530,57,529,-1,529,57,55,-1,529,55,528,-1,528,55,53,-1,528,53,604,-1,605,606,607,-1,607,606,608,-1,609,610,604,-1,604,610,528,-1,611,607,586,-1,538,536,585,-1,585,536,526,-1,585,526,586,-1,586,526,528,-1,611,586,612,-1,528,610,586,-1,586,610,613,-1,586,613,614,-1,565,545,608,-1,608,545,607,-1,580,578,541,-1,578,576,541,-1,541,576,574,-1,541,574,572,-1,597,539,599,-1,599,539,601,-1,614,615,586,-1,586,615,616,-1,586,616,612,-1,538,585,541,-1,541,585,582,-1,541,582,580,-1,572,569,541,-1,541,569,570,-1,541,570,539,-1,539,570,603,-1,539,603,601,-1,595,555,597,-1,597,555,557,-1,607,545,586,-1,586,545,547,-1,586,547,591,-1,547,549,591,-1,591,549,551,-1,591,551,595,-1,595,551,553,-1,595,553,555,-1,557,559,597,-1,597,559,561,-1,597,561,539,-1,539,561,563,-1,539,563,543,-1,607,611,605,-1,605,611,617,-1,610,609,618,-1,610,618,613,-1,613,618,619,-1,613,619,614,-1,614,619,620,-1,614,620,615,-1,615,620,621,-1,615,621,616,-1,616,621,622,-1,616,622,612,-1,612,622,617,-1,612,617,611,-1,476,477,509,-1,509,477,494,-1,509,494,510,-1,494,506,510,-1,510,506,505,-1,510,505,623,-1,623,505,514,-1,514,505,624,-1,514,624,519,-1,624,501,519,-1,519,501,499,-1,519,499,625,-1,625,499,626,-1,625,626,627,-1,565,608,566,-1,566,608,606,-1,541,542,538,-1,538,542,537,-1,571,573,542,-1,542,573,575,-1,542,575,577,-1,626,618,609,-1,566,606,546,-1,546,606,605,-1,546,605,626,-1,626,609,627,-1,627,609,604,-1,627,604,527,-1,527,604,53,-1,527,53,52,-1,596,598,540,-1,540,598,600,-1,605,617,626,-1,626,617,622,-1,626,622,621,-1,600,602,540,-1,540,602,568,-1,540,568,542,-1,542,568,567,-1,542,567,571,-1,527,535,627,-1,627,535,537,-1,627,537,581,-1,581,537,542,-1,581,542,579,-1,579,542,577,-1,562,560,596,-1,596,560,558,-1,596,558,594,-1,621,620,626,-1,626,620,619,-1,626,619,618,-1,593,550,626,-1,626,550,548,-1,626,548,546,-1,562,596,564,-1,564,596,540,-1,564,540,544,-1,558,556,594,-1,594,556,554,-1,594,554,593,-1,593,554,552,-1,593,552,550,-1,206,196,628,-1,196,187,629,-1,187,178,630,-1,631,212,210,-1,178,169,632,-1,169,148,633,-1,74,634,635,-1,74,635,75,-1,75,635,636,-1,75,636,76,-1,76,636,637,-1,76,637,77,-1,77,637,638,-1,77,638,78,-1,78,638,639,-1,78,639,79,-1,79,639,640,-1,79,640,80,-1,80,640,641,-1,80,641,81,-1,81,641,633,-1,81,633,73,-1,73,633,148,-1,73,148,72,-1,74,642,634,-1,634,642,214,-1,634,214,215,-1,169,633,632,-1,632,633,641,-1,632,641,643,-1,643,641,640,-1,643,640,644,-1,644,640,639,-1,644,639,645,-1,645,639,638,-1,645,638,646,-1,646,638,637,-1,646,637,647,-1,647,637,636,-1,647,636,648,-1,648,636,635,-1,648,635,649,-1,649,635,634,-1,649,634,631,-1,631,634,215,-1,631,215,212,-1,178,632,630,-1,630,632,643,-1,630,643,650,-1,650,643,644,-1,650,644,651,-1,651,644,645,-1,651,645,652,-1,652,645,646,-1,652,646,653,-1,653,646,647,-1,653,647,654,-1,654,647,648,-1,654,648,655,-1,655,648,649,-1,655,649,656,-1,656,649,631,-1,656,631,657,-1,657,631,210,-1,657,210,208,-1,187,630,629,-1,629,630,650,-1,629,650,658,-1,658,650,651,-1,658,651,659,-1,659,651,652,-1,659,652,660,-1,660,652,653,-1,660,653,661,-1,661,653,654,-1,661,654,662,-1,662,654,655,-1,662,655,663,-1,663,655,656,-1,663,656,664,-1,664,656,657,-1,664,657,665,-1,665,657,208,-1,665,208,207,-1,196,629,628,-1,628,629,658,-1,628,658,666,-1,666,658,659,-1,666,659,667,-1,667,659,660,-1,667,660,668,-1,668,660,661,-1,668,661,669,-1,669,661,662,-1,669,662,670,-1,670,662,663,-1,670,663,671,-1,671,663,664,-1,671,664,672,-1,672,664,665,-1,672,665,673,-1,673,665,207,-1,673,207,218,-1,206,628,674,-1,674,628,666,-1,674,666,675,-1,675,666,667,-1,675,667,676,-1,676,667,668,-1,676,668,677,-1,677,668,669,-1,677,669,678,-1,678,669,670,-1,678,670,679,-1,679,670,671,-1,679,671,680,-1,680,671,672,-1,680,672,681,-1,681,672,673,-1,681,673,682,-1,682,673,218,-1,682,218,217,-1,274,264,683,-1,264,255,684,-1,255,246,685,-1,246,237,686,-1,687,145,158,-1,237,228,688,-1,228,94,88,-1,82,689,146,-1,228,88,688,-1,688,88,87,-1,688,87,690,-1,690,87,86,-1,690,86,691,-1,691,86,85,-1,691,85,692,-1,692,85,105,-1,692,105,693,-1,693,105,104,-1,693,104,694,-1,694,104,84,-1,694,84,695,-1,695,84,83,-1,695,83,696,-1,696,83,82,-1,696,82,687,-1,687,82,146,-1,687,146,145,-1,237,688,686,-1,686,688,690,-1,686,690,697,-1,697,690,691,-1,697,691,698,-1,698,691,692,-1,698,692,699,-1,699,692,693,-1,699,693,700,-1,700,693,694,-1,700,694,701,-1,701,694,695,-1,701,695,702,-1,702,695,696,-1,702,696,703,-1,703,696,687,-1,703,687,704,-1,704,687,158,-1,704,158,143,-1,246,686,685,-1,685,686,697,-1,685,697,705,-1,705,697,698,-1,705,698,706,-1,706,698,699,-1,706,699,707,-1,707,699,700,-1,707,700,708,-1,708,700,701,-1,708,701,709,-1,709,701,702,-1,709,702,710,-1,710,702,703,-1,710,703,711,-1,711,703,704,-1,711,704,712,-1,712,704,143,-1,712,143,141,-1,255,685,684,-1,684,685,705,-1,684,705,713,-1,713,705,706,-1,713,706,714,-1,714,706,707,-1,714,707,715,-1,715,707,708,-1,715,708,716,-1,716,708,709,-1,716,709,717,-1,717,709,710,-1,717,710,718,-1,718,710,711,-1,718,711,719,-1,719,711,712,-1,719,712,720,-1,720,712,141,-1,720,141,139,-1,264,684,683,-1,683,684,713,-1,683,713,721,-1,721,713,714,-1,721,714,722,-1,722,714,715,-1,722,715,723,-1,723,715,716,-1,723,716,724,-1,724,716,717,-1,724,717,725,-1,725,717,718,-1,725,718,726,-1,726,718,719,-1,726,719,727,-1,727,719,720,-1,727,720,728,-1,728,720,139,-1,728,139,138,-1,274,683,729,-1,729,683,721,-1,729,721,730,-1,730,721,722,-1,730,722,731,-1,731,722,723,-1,731,723,732,-1,732,723,724,-1,732,724,733,-1,733,724,725,-1,733,725,734,-1,734,725,726,-1,734,726,735,-1,735,726,727,-1,735,727,736,-1,736,727,728,-1,736,728,737,-1,737,728,138,-1,737,138,160,-1,738,321,739,-1,376,375,740,-1,379,378,741,-1,382,381,742,-1,385,384,743,-1,388,387,744,-1,387,390,744,-1,744,390,106,-1,744,106,745,-1,745,106,126,-1,745,126,746,-1,746,126,127,-1,746,127,747,-1,747,127,131,-1,747,131,748,-1,748,131,123,-1,748,123,749,-1,749,123,122,-1,749,122,739,-1,739,122,121,-1,739,121,738,-1,321,334,739,-1,739,334,750,-1,739,750,749,-1,749,750,751,-1,749,751,748,-1,748,751,752,-1,748,752,747,-1,747,752,753,-1,747,753,746,-1,746,753,754,-1,746,754,745,-1,745,754,755,-1,745,755,744,-1,744,755,743,-1,744,743,388,-1,388,743,384,-1,334,341,750,-1,750,341,756,-1,750,756,751,-1,751,756,757,-1,751,757,752,-1,752,757,758,-1,752,758,753,-1,753,758,759,-1,753,759,754,-1,754,759,760,-1,754,760,755,-1,755,760,761,-1,755,761,743,-1,743,761,742,-1,743,742,385,-1,385,742,381,-1,341,348,756,-1,756,348,762,-1,756,762,757,-1,757,762,763,-1,757,763,758,-1,758,763,764,-1,758,764,759,-1,759,764,765,-1,759,765,760,-1,760,765,766,-1,760,766,761,-1,761,766,767,-1,761,767,742,-1,742,767,741,-1,742,741,382,-1,382,741,378,-1,348,355,762,-1,762,355,768,-1,762,768,763,-1,763,768,769,-1,763,769,764,-1,764,769,770,-1,764,770,765,-1,765,770,771,-1,765,771,766,-1,766,771,772,-1,766,772,767,-1,767,772,773,-1,767,773,741,-1,741,773,740,-1,741,740,379,-1,379,740,375,-1,355,362,768,-1,768,362,774,-1,768,774,769,-1,769,774,775,-1,769,775,770,-1,770,775,776,-1,770,776,771,-1,771,776,777,-1,771,777,772,-1,772,777,778,-1,772,778,773,-1,773,778,779,-1,773,779,740,-1,740,779,780,-1,740,780,376,-1,376,780,372,-1,362,371,774,-1,774,371,488,-1,774,488,775,-1,775,488,487,-1,775,487,776,-1,776,487,486,-1,776,486,777,-1,777,486,485,-1,777,485,778,-1,778,485,481,-1,778,481,779,-1,779,481,480,-1,779,480,780,-1,780,480,493,-1,780,493,372,-1,372,493,373,-1,304,303,781,-1,307,306,782,-1,310,309,783,-1,313,312,784,-1,316,315,785,-1,319,318,111,-1,128,397,129,-1,129,397,786,-1,129,786,134,-1,134,786,787,-1,134,787,135,-1,135,787,788,-1,135,788,136,-1,136,788,789,-1,136,789,137,-1,137,789,790,-1,137,790,130,-1,130,790,791,-1,130,791,111,-1,111,791,785,-1,111,785,319,-1,319,785,315,-1,397,404,786,-1,786,404,792,-1,786,792,787,-1,787,792,793,-1,787,793,788,-1,788,793,794,-1,788,794,789,-1,789,794,795,-1,789,795,790,-1,790,795,796,-1,790,796,791,-1,791,796,797,-1,791,797,785,-1,785,797,784,-1,785,784,316,-1,316,784,312,-1,404,411,792,-1,792,411,798,-1,792,798,793,-1,793,798,799,-1,793,799,794,-1,794,799,800,-1,794,800,795,-1,795,800,801,-1,795,801,796,-1,796,801,802,-1,796,802,797,-1,797,802,803,-1,797,803,784,-1,784,803,783,-1,784,783,313,-1,313,783,309,-1,411,418,798,-1,798,418,804,-1,798,804,799,-1,799,804,805,-1,799,805,800,-1,800,805,806,-1,800,806,801,-1,801,806,807,-1,801,807,802,-1,802,807,808,-1,802,808,803,-1,803,808,809,-1,803,809,783,-1,783,809,782,-1,783,782,310,-1,310,782,306,-1,418,425,804,-1,804,425,810,-1,804,810,805,-1,805,810,811,-1,805,811,806,-1,806,811,812,-1,806,812,807,-1,807,812,813,-1,807,813,808,-1,808,813,814,-1,808,814,809,-1,809,814,815,-1,809,815,782,-1,782,815,781,-1,782,781,307,-1,307,781,303,-1,425,432,810,-1,810,432,491,-1,810,491,811,-1,811,491,484,-1,811,484,812,-1,812,484,483,-1,812,483,813,-1,813,483,482,-1,813,482,814,-1,814,482,479,-1,814,479,815,-1,815,479,478,-1,815,478,781,-1,781,478,490,-1,781,490,304,-1,304,490,363,-1,816,817,818,-1,818,817,819,-1,818,819,820,-1,821,822,816,-1,816,822,823,-1,816,823,817,-1,824,822,825,-1,825,822,826,-1,824,827,822,-1,822,827,828,-1,822,828,829,-1,830,831,832,-1,832,831,833,-1,830,834,831,-1,831,834,835,-1,831,835,821,-1,821,835,836,-1,821,836,822,-1,822,836,837,-1,822,837,826,-1,838,839,840,-1,841,842,843,-1,841,843,844,-1,844,843,845,-1,844,845,846,-1,846,845,847,-1,846,847,848,-1,848,847,849,-1,848,849,850,-1,850,849,851,-1,850,851,852,-1,852,851,853,-1,852,853,854,-1,854,853,840,-1,854,840,855,-1,855,840,839,-1,855,839,856,-1,857,858,838,-1,841,820,842,-1,842,820,859,-1,842,859,860,-1,838,840,857,-1,857,840,853,-1,857,853,861,-1,861,853,851,-1,861,851,862,-1,862,851,849,-1,862,849,863,-1,863,849,847,-1,863,847,864,-1,864,847,845,-1,864,845,865,-1,865,845,843,-1,865,843,866,-1,866,843,842,-1,866,842,867,-1,867,842,860,-1,867,860,868,-1,869,870,871,-1,872,873,874,-1,874,873,819,-1,875,876,872,-1,877,878,879,-1,877,879,880,-1,872,874,875,-1,875,874,881,-1,875,881,882,-1,882,881,883,-1,882,883,884,-1,884,883,885,-1,884,885,886,-1,886,885,887,-1,886,887,888,-1,888,887,889,-1,888,889,890,-1,890,889,891,-1,890,891,892,-1,892,891,879,-1,892,879,871,-1,871,879,878,-1,871,878,869,-1,893,894,895,-1,819,896,874,-1,874,896,897,-1,874,897,881,-1,881,897,898,-1,881,898,883,-1,883,898,899,-1,883,899,885,-1,885,899,900,-1,885,900,887,-1,887,900,901,-1,887,901,889,-1,889,901,902,-1,889,902,891,-1,891,902,893,-1,891,893,879,-1,879,893,895,-1,879,895,880,-1,876,868,903,-1,820,819,859,-1,859,819,873,-1,859,873,903,-1,903,873,904,-1,903,904,876,-1,867,868,905,-1,906,858,857,-1,857,861,906,-1,906,861,862,-1,906,862,863,-1,863,864,906,-1,906,864,865,-1,906,865,866,-1,907,908,909,-1,909,908,910,-1,909,910,911,-1,911,910,912,-1,911,912,913,-1,913,912,914,-1,913,914,905,-1,905,914,906,-1,905,906,867,-1,867,906,866,-1,907,915,908,-1,908,915,916,-1,917,918,919,-1,919,918,920,-1,919,920,921,-1,921,920,922,-1,921,922,923,-1,923,922,924,-1,923,924,925,-1,925,924,926,-1,925,926,927,-1,927,926,928,-1,927,928,915,-1,915,928,916,-1,918,917,929,-1,929,917,930,-1,931,932,933,-1,933,932,934,-1,933,934,935,-1,935,934,936,-1,935,936,937,-1,937,936,938,-1,937,938,939,-1,939,938,940,-1,939,940,941,-1,941,940,942,-1,941,942,930,-1,930,942,929,-1,931,943,932,-1,932,943,944,-1,945,946,947,-1,947,946,948,-1,947,948,949,-1,949,948,950,-1,949,950,951,-1,951,950,952,-1,951,952,953,-1,953,952,954,-1,953,954,955,-1,955,954,956,-1,955,956,943,-1,943,956,944,-1,945,957,946,-1,946,957,958,-1,959,960,961,-1,961,960,962,-1,961,962,963,-1,963,962,964,-1,963,964,965,-1,965,964,966,-1,965,966,967,-1,967,966,968,-1,967,968,969,-1,969,968,970,-1,969,970,957,-1,957,970,958,-1,959,971,960,-1,960,971,972,-1,884,973,882,-1,882,973,875,-1,884,886,973,-1,973,886,888,-1,973,888,890,-1,890,892,973,-1,973,892,871,-1,973,871,870,-1,876,875,974,-1,974,875,973,-1,974,973,975,-1,975,973,976,-1,975,976,977,-1,977,976,978,-1,977,978,979,-1,979,978,980,-1,979,980,971,-1,971,980,972,-1,981,982,983,-1,983,982,984,-1,984,982,985,-1,984,985,986,-1,986,985,987,-1,986,987,988,-1,988,987,989,-1,988,989,990,-1,990,989,991,-1,990,991,992,-1,992,991,993,-1,992,993,994,-1,994,993,995,-1,994,995,996,-1,997,998,999,-1,999,998,1000,-1,1001,1002,1003,-1,1003,1002,1004,-1,1001,1003,1005,-1,1005,1003,1006,-1,996,995,1007,-1,1007,995,1008,-1,1009,997,1010,-1,1010,997,999,-1,1011,1012,1013,-1,1011,1013,1014,-1,1014,1013,1015,-1,1014,1015,1016,-1,1016,1015,1017,-1,1016,1017,1018,-1,1018,1017,1019,-1,1018,1019,1020,-1,1020,1019,1021,-1,1020,1021,1022,-1,1022,1021,1009,-1,1022,1009,1010,-1,1023,1007,1024,-1,1024,1007,1008,-1,1023,1024,1025,-1,1025,1024,1026,-1,1004,1002,998,-1,998,1002,1000,-1,1027,1012,1028,-1,1028,1012,1011,-1,1029,1030,1031,-1,1031,1030,1032,-1,1033,1034,1035,-1,1033,1035,1036,-1,1036,1035,1037,-1,1036,1037,1038,-1,1033,1039,1034,-1,1034,1039,1040,-1,1034,1040,1041,-1,1042,1043,1044,-1,1044,1043,1045,-1,1044,1045,1040,-1,1040,1045,1046,-1,1040,1046,1041,-1,1047,1048,1049,-1,1049,1048,1050,-1,1042,1051,1043,-1,1043,1051,1052,-1,1043,1052,1049,-1,1049,1052,1053,-1,1049,1053,1047,-1,1054,1055,1056,-1,1056,1055,1057,-1,1056,1057,1058,-1,1058,1057,1059,-1,1058,1059,1048,-1,1048,1059,1060,-1,1048,1060,1050,-1,1061,1062,1063,-1,1062,1061,1064,-1,1064,1061,1065,-1,1064,1065,1066,-1,1056,1067,1054,-1,1054,1067,1064,-1,1054,1064,1068,-1,1068,1064,1066,-1,1069,1070,1071,-1,1071,1070,1072,-1,1063,1073,1061,-1,1061,1073,1069,-1,1061,1069,1074,-1,1074,1069,1071,-1,1075,1076,1077,-1,1077,1076,1078,-1,1070,1079,1072,-1,1072,1079,1075,-1,1072,1075,1080,-1,1080,1075,1077,-1,1076,1081,1078,-1,1078,1081,1082,-1,1078,1082,1083,-1,1084,1085,1086,-1,1086,1085,1087,-1,1086,1087,1082,-1,1082,1087,1088,-1,1082,1088,1083,-1,1084,1089,1085,-1,1085,1089,1090,-1,1085,1090,1091,-1,1091,1090,1092,-1,1093,1094,1095,-1,1095,1094,1096,-1,1095,1096,1097,-1,1090,1098,1092,-1,1092,1098,1099,-1,1092,1099,1100,-1,1100,1099,1101,-1,1100,1101,1102,-1,1102,1101,1103,-1,1102,1103,1096,-1,1096,1103,1104,-1,1096,1104,1097,-1,1093,1095,1105,-1,1105,1095,1106,-1,1105,1106,1107,-1,1107,1106,1108,-1,1107,1108,1109,-1,1031,1110,1111,-1,1111,1110,1112,-1,1111,1112,1113,-1,1113,1112,1114,-1,1113,1114,1109,-1,1109,1114,1115,-1,1109,1115,1107,-1,1110,1116,1117,-1,1117,1116,1118,-1,1027,1028,1119,-1,1119,1028,1120,-1,1119,1120,1121,-1,1121,1120,1122,-1,1121,1122,1123,-1,1123,1122,1124,-1,1123,1124,1125,-1,1125,1124,1126,-1,1125,1126,1127,-1,1127,1126,1128,-1,1127,1128,1116,-1,1116,1128,1118,-1,1032,1030,1129,-1,1129,1030,1130,-1,1129,1130,1131,-1,1131,1130,1132,-1,1131,1132,1133,-1,1133,1132,1134,-1,1133,1134,1135,-1,1135,1134,1136,-1,1135,1136,1137,-1,1137,1136,1138,-1,1137,1138,1026,-1,1026,1138,1025,-1,1139,1033,1140,-1,1140,1033,1036,-1,1140,1036,1141,-1,1142,1042,1143,-1,1143,1042,1044,-1,1143,1044,1144,-1,1144,1044,1040,-1,1144,1040,1145,-1,1145,1040,1139,-1,1145,1139,1146,-1,1146,1139,1140,-1,1147,1047,1148,-1,1148,1047,1053,-1,1148,1053,1149,-1,1149,1053,1052,-1,1149,1052,1150,-1,1150,1052,1142,-1,1150,1142,1151,-1,1151,1142,1143,-1,1147,1148,1058,-1,1058,1148,1152,-1,1058,1152,1056,-1,1056,1152,1153,-1,1056,1153,1067,-1,1067,1153,1154,-1,1067,1154,1064,-1,1064,1154,1155,-1,1064,1155,1062,-1,1062,1155,1156,-1,1062,1156,1157,-1,1157,1156,1158,-1,1157,1158,1073,-1,1073,1158,1159,-1,1073,1159,1069,-1,1069,1159,1160,-1,1069,1160,1070,-1,1070,1160,1161,-1,1070,1161,1079,-1,1079,1161,1162,-1,1079,1162,1075,-1,1075,1162,1163,-1,1075,1163,1076,-1,1076,1163,1164,-1,1076,1164,1165,-1,1166,1084,1167,-1,1167,1084,1086,-1,1167,1086,1168,-1,1168,1086,1082,-1,1168,1082,1169,-1,1169,1082,1165,-1,1169,1165,1170,-1,1170,1165,1164,-1,1167,1171,1166,-1,1166,1171,1172,-1,1166,1172,1090,-1,1090,1172,1173,-1,1090,1173,1098,-1,1098,1173,1174,-1,1174,1173,1175,-1,1174,1175,1101,-1,1101,1175,1176,-1,1101,1176,1103,-1,1103,1176,1177,-1,1103,1177,1104,-1,1104,1177,1178,-1,1104,1178,1097,-1,1097,1178,1179,-1,1097,1179,1095,-1,1095,1179,1180,-1,1095,1180,1181,-1,1181,1180,1182,-1,1181,1182,1108,-1,1108,1182,1183,-1,1108,1183,1109,-1,1109,1183,1184,-1,1109,1184,1185,-1,1185,1184,1186,-1,1185,1186,1111,-1,1186,1187,1111,-1,1111,1187,1029,-1,1111,1029,1031,-1,1038,1037,1188,-1,1188,1037,1189,-1,1189,1037,1190,-1,1190,1037,1191,-1,1190,1191,1192,-1,1192,1191,1034,-1,1192,1034,1193,-1,1193,1034,1041,-1,1193,1041,1194,-1,1194,1041,1195,-1,1194,1195,1196,-1,1196,1195,1045,-1,1196,1045,1197,-1,1197,1045,1043,-1,1197,1043,1198,-1,1198,1043,1049,-1,1198,1049,1199,-1,1199,1049,1200,-1,1199,1200,1201,-1,1200,1060,1201,-1,1201,1060,1059,-1,1201,1059,1202,-1,1202,1059,1203,-1,1202,1203,1204,-1,1204,1203,1205,-1,1203,1055,1205,-1,1205,1055,1054,-1,1205,1054,1206,-1,1206,1054,1207,-1,1206,1207,1208,-1,1208,1207,1209,-1,1207,1066,1209,-1,1209,1066,1065,-1,1209,1065,1210,-1,1210,1065,1061,-1,1210,1061,1211,-1,1211,1061,1212,-1,1211,1212,1213,-1,1213,1212,1214,-1,1214,1212,1071,-1,1214,1071,1215,-1,1215,1071,1072,-1,1215,1072,1216,-1,1216,1072,1080,-1,1216,1080,1217,-1,1217,1080,1218,-1,1217,1218,1219,-1,1219,1218,1078,-1,1219,1078,1220,-1,1220,1078,1083,-1,1220,1083,1221,-1,1221,1083,1222,-1,1221,1222,1223,-1,1223,1222,1087,-1,1223,1087,1224,-1,1224,1087,1085,-1,1224,1085,1225,-1,1085,1091,1225,-1,1225,1091,1092,-1,1225,1092,1226,-1,1226,1092,1100,-1,1226,1100,1227,-1,1227,1100,1228,-1,1228,1100,1229,-1,1228,1229,1230,-1,1229,1096,1230,-1,1230,1096,1094,-1,1230,1094,1231,-1,1231,1094,1093,-1,1231,1093,1232,-1,1232,1093,1233,-1,1232,1233,1234,-1,1234,1233,1235,-1,1233,1107,1235,-1,1235,1107,1115,-1,1235,1115,1236,-1,1236,1115,1237,-1,1236,1237,1238,-1,1238,1237,1239,-1,1237,1112,1239,-1,1239,1112,1110,-1,1239,1110,1117,-1,1145,1146,1189,-1,1189,1146,1188,-1,1188,1146,1140,-1,1188,1140,1141,-1,1189,1240,1145,-1,1145,1240,1192,-1,1145,1192,1144,-1,1144,1192,1193,-1,1144,1193,1143,-1,1143,1193,1241,-1,1143,1241,1242,-1,1242,1241,1196,-1,1242,1196,1197,-1,1243,1148,1198,-1,1198,1148,1149,-1,1198,1149,1197,-1,1197,1149,1150,-1,1197,1150,1242,-1,1243,1201,1148,-1,1148,1201,1202,-1,1148,1202,1152,-1,1152,1202,1244,-1,1202,1204,1244,-1,1244,1204,1205,-1,1244,1205,1154,-1,1154,1205,1206,-1,1154,1206,1155,-1,1155,1206,1156,-1,1210,1160,1209,-1,1209,1160,1159,-1,1209,1159,1245,-1,1245,1159,1206,-1,1206,1159,1246,-1,1206,1246,1156,-1,1210,1211,1160,-1,1160,1211,1213,-1,1160,1213,1247,-1,1247,1213,1214,-1,1247,1214,1162,-1,1162,1214,1215,-1,1162,1215,1163,-1,1248,1169,1216,-1,1216,1169,1170,-1,1216,1170,1215,-1,1215,1170,1164,-1,1215,1164,1163,-1,1224,1172,1249,-1,1248,1219,1169,-1,1169,1219,1220,-1,1169,1220,1168,-1,1168,1220,1250,-1,1168,1250,1167,-1,1167,1250,1249,-1,1249,1250,1223,-1,1249,1223,1224,-1,1227,1176,1175,-1,1172,1224,1173,-1,1173,1224,1225,-1,1173,1225,1175,-1,1175,1225,1251,-1,1175,1251,1227,-1,1176,1227,1177,-1,1177,1227,1228,-1,1177,1228,1252,-1,1239,1117,1029,-1,1029,1187,1239,-1,1239,1187,1253,-1,1239,1253,1238,-1,1238,1253,1184,-1,1238,1184,1236,-1,1236,1184,1183,-1,1236,1183,1235,-1,1235,1183,1254,-1,1235,1254,1255,-1,1255,1254,1180,-1,1255,1180,1232,-1,1232,1180,1179,-1,1232,1179,1231,-1,1231,1179,1252,-1,1231,1252,1230,-1,1230,1252,1228,-1,1256,1257,1258,-1,1258,1257,1259,-1,1258,1260,1256,-1,1256,1260,1261,-1,1261,1260,1262,-1,1261,1262,1263,-1,1263,1262,1264,-1,1263,1264,1265,-1,1265,1264,1266,-1,1265,1266,1267,-1,1267,1266,1268,-1,1267,1268,1269,-1,1269,1268,1270,-1,1269,1270,1271,-1,1271,1270,1272,-1,1271,1272,1273,-1,1273,1272,1274,-1,1273,1274,1275,-1,1275,1274,1276,-1,1275,1276,1277,-1,1277,1276,1278,-1,1277,1278,1279,-1,1279,1278,1280,-1,1279,1280,1281,-1,1281,1280,1282,-1,1281,1282,1283,-1,1256,1261,1283,-1,1283,1261,1263,-1,1283,1263,1281,-1,1281,1263,1279,-1,1283,1284,1256,-1,1256,1284,1285,-1,1256,1285,1257,-1,1257,1285,1286,-1,1257,1286,1287,-1,1287,1286,1288,-1,1286,1289,1288,-1,1288,1289,1290,-1,1288,1290,1291,-1,1267,1269,1277,-1,1292,1288,1293,-1,1293,1288,1294,-1,1279,1263,1277,-1,1277,1263,1265,-1,1277,1265,1267,-1,1269,1271,1277,-1,1277,1271,1273,-1,1277,1273,1275,-1,1291,1295,1288,-1,1288,1295,1296,-1,1288,1296,1294,-1,1286,1297,1298,-1,1286,1298,1289,-1,1289,1298,1299,-1,1289,1299,1290,-1,1290,1299,1300,-1,1290,1300,1291,-1,1291,1300,1301,-1,1291,1301,1295,-1,1295,1301,1302,-1,1295,1302,1296,-1,1296,1302,1303,-1,1296,1303,1294,-1,1294,1303,1304,-1,1294,1304,1293,-1,1293,1304,1305,-1,1293,1305,1292,-1,1292,1305,1306,-1,1292,1306,1288,-1,1288,1306,1307,-1,1288,1307,1287,-1,1287,1307,1259,-1,1287,1259,1257,-1,1258,1259,1297,-1,1278,1276,1262,-1,1297,1308,1258,-1,1258,1308,1309,-1,1258,1309,1260,-1,1260,1309,1282,-1,1260,1282,1262,-1,1262,1282,1280,-1,1262,1280,1278,-1,1259,1307,1297,-1,1297,1307,1306,-1,1297,1306,1298,-1,1298,1306,1299,-1,1274,1272,1276,-1,1276,1272,1270,-1,1276,1270,1268,-1,1268,1266,1276,-1,1276,1266,1264,-1,1276,1264,1262,-1,1305,1304,1306,-1,1306,1304,1303,-1,1306,1303,1302,-1,1302,1301,1306,-1,1306,1301,1300,-1,1306,1300,1299,-1,1310,1311,1312,-1,1312,1311,1313,-1,1312,1313,1314,-1,1314,1313,1315,-1,1314,1315,1316,-1,1316,1315,1317,-1,1316,1317,1318,-1,1318,1317,1319,-1,1318,1319,1320,-1,1320,1319,1321,-1,1320,1321,1308,-1,1308,1321,1309,-1,1285,1284,1322,-1,1285,1322,1323,-1,1323,1322,1324,-1,1323,1324,1325,-1,1325,1324,1326,-1,1325,1326,1327,-1,1327,1326,1328,-1,1327,1328,1329,-1,1329,1328,1330,-1,1329,1330,1331,-1,1331,1330,1332,-1,1331,1332,1333,-1,1297,1286,1308,-1,1308,1286,1285,-1,1308,1285,1320,-1,1320,1285,1323,-1,1320,1323,1318,-1,1318,1323,1325,-1,1318,1325,1316,-1,1316,1325,1327,-1,1316,1327,1314,-1,1314,1327,1329,-1,1314,1329,1312,-1,1312,1329,1331,-1,1312,1331,1310,-1,1310,1331,1333,-1,1310,1333,983,-1,983,1333,981,-1,1005,1006,1311,-1,1311,1006,1332,-1,1311,1332,1313,-1,1313,1332,1330,-1,1313,1330,1315,-1,1315,1330,1328,-1,1315,1328,1317,-1,1317,1328,1326,-1,1317,1326,1319,-1,1319,1326,1324,-1,1319,1324,1321,-1,1321,1324,1322,-1,1321,1322,1309,-1,1309,1322,1284,-1,1309,1284,1282,-1,1282,1284,1283,-1,1116,1110,1031,-1,933,935,1008,-1,921,923,1024,-1,1123,1125,1031,-1,1031,1125,1127,-1,1031,1127,1116,-1,1003,961,1006,-1,1006,961,963,-1,1006,963,965,-1,935,937,1008,-1,1008,937,939,-1,1008,939,941,-1,1027,1119,997,-1,941,930,1008,-1,1008,930,917,-1,1008,917,1024,-1,1024,917,919,-1,1024,919,921,-1,1129,1003,1032,-1,1032,1003,1031,-1,997,1119,998,-1,965,967,1006,-1,1006,967,981,-1,1006,981,1332,-1,1332,981,1333,-1,993,949,995,-1,995,949,951,-1,995,951,953,-1,953,955,995,-1,995,955,943,-1,995,943,1008,-1,1008,943,931,-1,1008,931,933,-1,1123,1031,1121,-1,1121,1031,1003,-1,1121,1003,1119,-1,1119,1003,1004,-1,1119,1004,998,-1,967,969,981,-1,981,969,957,-1,981,957,982,-1,982,957,945,-1,1027,997,1012,-1,1012,997,1009,-1,1012,1009,1013,-1,993,991,949,-1,949,991,989,-1,949,989,987,-1,945,947,982,-1,982,947,949,-1,982,949,985,-1,985,949,987,-1,1137,876,974,-1,1129,1131,1003,-1,1003,1131,1133,-1,1003,1133,961,-1,961,1133,1135,-1,961,1135,959,-1,959,1135,971,-1,974,975,1137,-1,1137,975,977,-1,1137,977,1135,-1,1135,977,979,-1,1135,979,971,-1,909,911,1137,-1,1137,911,913,-1,1137,913,876,-1,876,913,905,-1,876,905,868,-1,1009,1021,1019,-1,923,925,1024,-1,1024,925,927,-1,1024,927,1026,-1,1026,927,915,-1,1026,915,1137,-1,1137,915,907,-1,1137,907,909,-1,1019,1017,1009,-1,1009,1017,1015,-1,1009,1015,1013,-1,948,946,984,-1,1010,999,1011,-1,1311,1310,1005,-1,1005,1310,983,-1,1128,1029,1118,-1,1118,1029,1117,-1,1029,1001,1030,-1,1030,1001,1130,-1,1002,1001,1000,-1,1000,1001,1120,-1,1000,1120,999,-1,999,1120,1028,-1,999,1028,1011,-1,942,940,1007,-1,1007,940,938,-1,1007,938,936,-1,1128,1126,1029,-1,1029,1126,1124,-1,1029,1124,1001,-1,1001,1124,1122,-1,1001,1122,1120,-1,983,1023,1025,-1,970,968,983,-1,983,968,966,-1,983,966,1023,-1,928,926,1023,-1,1023,926,924,-1,1023,924,922,-1,922,920,1023,-1,1023,920,918,-1,1023,918,1007,-1,1007,918,929,-1,1007,929,942,-1,1025,1138,983,-1,983,1138,1136,-1,983,1136,1005,-1,1005,1136,1134,-1,1005,1134,1001,-1,1001,1134,1132,-1,1001,1132,1130,-1,984,946,983,-1,983,946,958,-1,983,958,970,-1,906,914,1023,-1,1023,914,912,-1,1023,912,910,-1,936,934,1007,-1,1007,934,932,-1,1007,932,996,-1,996,932,944,-1,996,944,956,-1,956,954,996,-1,996,954,952,-1,996,952,994,-1,994,952,950,-1,1011,1014,1010,-1,1010,1014,1016,-1,1010,1016,1022,-1,1022,1016,1018,-1,1022,1018,1020,-1,910,908,1023,-1,1023,908,916,-1,1023,916,928,-1,948,984,950,-1,950,984,986,-1,950,986,988,-1,988,990,950,-1,950,990,992,-1,950,992,994,-1,966,964,1023,-1,1023,964,962,-1,1023,962,960,-1,960,972,1023,-1,1023,972,980,-1,1023,980,978,-1,978,976,1023,-1,1023,976,973,-1,1023,973,906,-1,906,973,894,-1,906,894,856,-1,870,1334,973,-1,973,1334,1335,-1,973,1335,1336,-1,856,839,906,-1,906,839,1337,-1,906,1337,858,-1,1336,1338,973,-1,973,1338,895,-1,973,895,894,-1,844,846,1339,-1,844,1339,841,-1,846,848,1339,-1,1339,848,850,-1,1339,850,852,-1,852,854,1339,-1,1339,854,855,-1,1339,855,856,-1,820,841,818,-1,818,841,1339,-1,818,1339,816,-1,816,1339,1340,-1,816,1340,821,-1,821,1340,1341,-1,1342,836,835,-1,1342,835,1343,-1,1343,835,834,-1,1343,834,1344,-1,1344,834,830,-1,1344,830,1345,-1,1345,830,832,-1,1345,832,1346,-1,1346,832,833,-1,1346,833,1347,-1,1347,833,831,-1,1347,831,1348,-1,1348,831,821,-1,1348,821,1341,-1,836,1342,837,-1,837,1342,1349,-1,1350,822,829,-1,1350,829,1351,-1,1351,829,828,-1,1351,828,1352,-1,1352,828,827,-1,1352,827,1353,-1,1353,827,824,-1,1353,824,1354,-1,1354,824,825,-1,1354,825,1355,-1,1355,825,826,-1,1355,826,1356,-1,1356,826,837,-1,1356,837,1349,-1,822,1350,823,-1,823,1350,1357,-1,823,1357,817,-1,817,1357,1358,-1,902,1358,893,-1,893,1358,894,-1,902,901,1358,-1,1358,901,900,-1,1358,900,899,-1,899,898,1358,-1,1358,898,897,-1,1358,897,817,-1,817,897,896,-1,817,896,819,-1,856,894,1339,-1,1339,894,1358,-1,1339,1358,1340,-1,1340,1358,1357,-1,1340,1357,1341,-1,1341,1357,1350,-1,1356,1349,1350,-1,1350,1349,1341,-1,1341,1349,1342,-1,1341,1342,1343,-1,1353,1350,1352,-1,1352,1350,1351,-1,1353,1354,1350,-1,1350,1354,1355,-1,1350,1355,1356,-1,1345,1346,1344,-1,1344,1346,1347,-1,1344,1347,1343,-1,1343,1347,1348,-1,1343,1348,1341,-1,1359,1360,1361,-1,1361,1360,1362,-1,1361,1362,1363,-1,1363,1362,1364,-1,1363,1364,1365,-1,1365,1364,1366,-1,1365,1366,1367,-1,1367,1366,1368,-1,1367,1368,1369,-1,1369,1368,1370,-1,1369,1370,1371,-1,1371,1370,1372,-1,1371,1372,1373,-1,1373,1372,1374,-1,1373,1374,1375,-1,1375,1374,1376,-1,1375,1376,1377,-1,1377,1376,1378,-1,1377,1378,1379,-1,1379,1378,1380,-1,1379,1380,1381,-1,1381,1380,1382,-1,1381,1382,1383,-1,1361,1384,1359,-1,1359,1384,1385,-1,1359,1385,1386,-1,1386,1385,1387,-1,1386,1387,1388,-1,1388,1387,1389,-1,1388,1389,1390,-1,1390,1389,1391,-1,1390,1391,1392,-1,1392,1391,1393,-1,1393,1391,1394,-1,1393,1394,1395,-1,1394,1396,1395,-1,1395,1396,1397,-1,1395,1397,1398,-1,1398,1397,1399,-1,1398,1399,1400,-1,1400,1399,1401,-1,1400,1401,1402,-1,1403,1404,1405,-1,1405,1404,1406,-1,1405,1406,1407,-1,1407,1406,1408,-1,1407,1408,1409,-1,1409,1408,1410,-1,1409,1410,1411,-1,1411,1410,1412,-1,1411,1412,1413,-1,1413,1412,1414,-1,1413,1414,1415,-1,1415,1414,1416,-1,1415,1416,1417,-1,1417,1416,1418,-1,1383,1419,1420,-1,1391,1421,1422,-1,1391,1422,1394,-1,1391,1389,1421,-1,1421,1389,1387,-1,1421,1387,1423,-1,1423,1387,1385,-1,1423,1385,1424,-1,1424,1385,1384,-1,1424,1384,1425,-1,1425,1384,1361,-1,1425,1361,1426,-1,1426,1361,1363,-1,1426,1363,1427,-1,1427,1363,1365,-1,1427,1365,1428,-1,1428,1365,1367,-1,1428,1367,1429,-1,1429,1367,1369,-1,1429,1369,1430,-1,1430,1369,1371,-1,1430,1371,1431,-1,1431,1371,1373,-1,1431,1373,1432,-1,1432,1373,1375,-1,1432,1375,1433,-1,1433,1375,1377,-1,1433,1377,1434,-1,1434,1377,1379,-1,1434,1379,1420,-1,1420,1379,1381,-1,1420,1381,1383,-1,1435,1401,1436,-1,1436,1401,1399,-1,1436,1399,1437,-1,1437,1399,1397,-1,1437,1397,1438,-1,1438,1397,1396,-1,1438,1396,1439,-1,1439,1396,1394,-1,1439,1394,1440,-1,1440,1394,1422,-1,1441,1382,1380,-1,1442,1443,1366,-1,1366,1443,1368,-1,1368,1443,1444,-1,1368,1444,1370,-1,1370,1444,1445,-1,1370,1445,1372,-1,1372,1445,1446,-1,1372,1446,1374,-1,1374,1446,1447,-1,1374,1447,1376,-1,1376,1447,1448,-1,1376,1448,1378,-1,1378,1448,1449,-1,1378,1449,1380,-1,1380,1449,1450,-1,1380,1450,1441,-1,1442,1366,1451,-1,1451,1366,1364,-1,1451,1364,1452,-1,1452,1364,1362,-1,1452,1362,1453,-1,1362,1360,1453,-1,1453,1360,1359,-1,1453,1359,1454,-1,1454,1359,1386,-1,1454,1386,1455,-1,1455,1386,1388,-1,1455,1388,1456,-1,1456,1388,1390,-1,1456,1390,1457,-1,1457,1390,1392,-1,1457,1392,1458,-1,1458,1392,1393,-1,1458,1393,1459,-1,1459,1393,1395,-1,1459,1395,1460,-1,1460,1395,1461,-1,1461,1395,1398,-1,1461,1398,1462,-1,1462,1398,1400,-1,1462,1400,1402,-1,1456,1457,1422,-1,1431,1432,1447,-1,1447,1432,1433,-1,1447,1433,1448,-1,1448,1433,1434,-1,1448,1434,1449,-1,1449,1434,1420,-1,1449,1420,1450,-1,1450,1420,1419,-1,1450,1419,1441,-1,1452,1424,1451,-1,1451,1424,1425,-1,1447,1446,1431,-1,1431,1446,1445,-1,1431,1445,1430,-1,1430,1445,1444,-1,1430,1444,1429,-1,1429,1444,1443,-1,1429,1443,1428,-1,1428,1443,1442,-1,1428,1442,1427,-1,1427,1442,1451,-1,1427,1451,1426,-1,1426,1451,1425,-1,1456,1422,1455,-1,1452,1453,1424,-1,1424,1453,1454,-1,1424,1454,1423,-1,1423,1454,1455,-1,1423,1455,1421,-1,1421,1455,1422,-1,1458,1459,1437,-1,1437,1438,1458,-1,1458,1438,1439,-1,1458,1439,1457,-1,1457,1439,1440,-1,1457,1440,1422,-1,1459,1460,1437,-1,1437,1460,1461,-1,1437,1461,1436,-1,1436,1461,1462,-1,1436,1462,1435,-1,1463,1464,1465,-1,1466,1467,1468,-1,1469,1418,1416,-1,1470,1471,1469,-1,1406,1472,1408,-1,1408,1472,1473,-1,1408,1473,1410,-1,1410,1473,1474,-1,1410,1474,1412,-1,1406,1404,1472,-1,1472,1404,1475,-1,1472,1475,1476,-1,1477,1471,1478,-1,1478,1471,1470,-1,1478,1470,1479,-1,1476,1480,1472,-1,1472,1480,1467,-1,1472,1467,1473,-1,1473,1467,1466,-1,1473,1466,1474,-1,1481,1477,1482,-1,1482,1477,1478,-1,1482,1478,1483,-1,1483,1478,1479,-1,1483,1479,1484,-1,1485,1481,1486,-1,1486,1481,1482,-1,1486,1482,1487,-1,1487,1482,1483,-1,1487,1483,1488,-1,1488,1483,1484,-1,1488,1484,1489,-1,1416,1414,1490,-1,1490,1414,1491,-1,1490,1491,1492,-1,1492,1491,1493,-1,1492,1493,1494,-1,1494,1493,1495,-1,1494,1495,1496,-1,1496,1495,1497,-1,1496,1497,1498,-1,1480,1499,1467,-1,1467,1499,1500,-1,1467,1500,1468,-1,1468,1500,1501,-1,1468,1501,1502,-1,1414,1412,1491,-1,1491,1412,1474,-1,1491,1474,1493,-1,1493,1474,1466,-1,1493,1466,1495,-1,1495,1466,1468,-1,1495,1468,1497,-1,1497,1468,1502,-1,1464,1485,1465,-1,1465,1485,1486,-1,1465,1486,1503,-1,1503,1486,1487,-1,1503,1487,1504,-1,1504,1487,1488,-1,1504,1488,1505,-1,1505,1488,1489,-1,1505,1489,1506,-1,1507,1463,1508,-1,1508,1463,1465,-1,1508,1465,1509,-1,1509,1465,1503,-1,1509,1503,1510,-1,1510,1503,1504,-1,1510,1504,1511,-1,1511,1504,1505,-1,1511,1505,1512,-1,1512,1505,1506,-1,1512,1506,1513,-1,1502,1514,1497,-1,1497,1514,1515,-1,1497,1515,1498,-1,1498,1515,1516,-1,1498,1516,1517,-1,1469,1416,1470,-1,1470,1416,1490,-1,1470,1490,1479,-1,1479,1490,1492,-1,1479,1492,1484,-1,1484,1492,1494,-1,1484,1494,1489,-1,1489,1494,1496,-1,1489,1496,1506,-1,1506,1496,1498,-1,1506,1498,1513,-1,1513,1498,1517,-1,1513,1517,1518,-1,1382,1519,1383,-1,1383,1519,1520,-1,1521,1522,1523,-1,1521,1523,1524,-1,1524,1523,1525,-1,1524,1525,1526,-1,1526,1525,1527,-1,1526,1527,1528,-1,1528,1527,1529,-1,1528,1529,1530,-1,1530,1529,1531,-1,1530,1531,1532,-1,1532,1531,1533,-1,1532,1533,1534,-1,1535,1522,1536,-1,1536,1522,1521,-1,1537,1538,1539,-1,1537,1539,1540,-1,1540,1539,1541,-1,1540,1541,1542,-1,1542,1541,1543,-1,1542,1543,1544,-1,1544,1543,1545,-1,1544,1545,1546,-1,1546,1545,1547,-1,1546,1547,1548,-1,1548,1547,1535,-1,1548,1535,1536,-1,1549,1550,1538,-1,1538,1550,1533,-1,1547,1545,1538,-1,1522,1533,1531,-1,1533,1522,1538,-1,1538,1522,1535,-1,1538,1535,1547,-1,1545,1543,1538,-1,1538,1543,1541,-1,1538,1541,1539,-1,1531,1529,1527,-1,1527,1525,1531,-1,1531,1525,1523,-1,1531,1523,1522,-1,1549,1538,1551,-1,1551,1538,1537,-1,1552,1534,1550,-1,1550,1534,1533,-1,1551,1537,1553,-1,1553,1554,1551,-1,1551,1554,1555,-1,1551,1555,1552,-1,1536,1556,1548,-1,1548,1556,1557,-1,1548,1557,1546,-1,1521,1524,1558,-1,1558,1559,1521,-1,1521,1559,1560,-1,1521,1560,1536,-1,1536,1560,1561,-1,1536,1561,1556,-1,1562,1563,1537,-1,1537,1563,1564,-1,1537,1564,1553,-1,1565,1532,1566,-1,1566,1532,1534,-1,1566,1534,1567,-1,1524,1526,1558,-1,1558,1526,1528,-1,1558,1528,1565,-1,1565,1528,1530,-1,1565,1530,1532,-1,1537,1540,1562,-1,1562,1540,1542,-1,1562,1542,1557,-1,1557,1542,1544,-1,1557,1544,1546,-1,1555,1568,1552,-1,1552,1568,1569,-1,1552,1569,1534,-1,1534,1569,1570,-1,1534,1570,1567,-1,1571,1572,1573,-1,1571,1573,1574,-1,1574,1573,1554,-1,1574,1554,1553,-1,1561,1575,1576,-1,1575,1577,1578,-1,1575,1578,1576,-1,1576,1578,1579,-1,1576,1579,1580,-1,1580,1579,1581,-1,1580,1581,1582,-1,1582,1581,1583,-1,1582,1583,1584,-1,1584,1583,1585,-1,1584,1585,1586,-1,1586,1585,1571,-1,1586,1571,1574,-1,1561,1576,1556,-1,1556,1576,1580,-1,1556,1580,1557,-1,1557,1580,1582,-1,1557,1582,1562,-1,1562,1582,1584,-1,1562,1584,1563,-1,1563,1584,1586,-1,1563,1586,1564,-1,1564,1586,1574,-1,1564,1574,1553,-1,1587,1588,1589,-1,1589,1588,1590,-1,1589,1590,1591,-1,1591,1590,1592,-1,1591,1592,1593,-1,1593,1592,1594,-1,1593,1594,1571,-1,1571,1594,1572,-1,1595,1577,1575,-1,1595,1575,1596,-1,1596,1575,1561,-1,1596,1561,1560,-1,1577,1597,1578,-1,1578,1597,1598,-1,1578,1598,1579,-1,1579,1598,1599,-1,1579,1599,1581,-1,1581,1599,1600,-1,1581,1600,1583,-1,1583,1600,1601,-1,1583,1601,1585,-1,1585,1601,1602,-1,1585,1602,1571,-1,1571,1602,1593,-1,1597,1603,1598,-1,1598,1603,1604,-1,1598,1604,1599,-1,1599,1604,1605,-1,1599,1605,1600,-1,1600,1605,1606,-1,1600,1606,1601,-1,1601,1606,1607,-1,1601,1607,1602,-1,1602,1607,1608,-1,1602,1608,1593,-1,1593,1608,1591,-1,1603,1609,1604,-1,1604,1609,1610,-1,1604,1610,1605,-1,1605,1610,1611,-1,1605,1611,1606,-1,1606,1611,1612,-1,1606,1612,1607,-1,1607,1612,1613,-1,1607,1613,1608,-1,1608,1613,1614,-1,1608,1614,1591,-1,1591,1614,1589,-1,1609,1615,1610,-1,1610,1615,1616,-1,1610,1616,1611,-1,1611,1616,1617,-1,1611,1617,1612,-1,1612,1617,1618,-1,1612,1618,1613,-1,1613,1618,1619,-1,1613,1619,1614,-1,1614,1619,1620,-1,1614,1620,1589,-1,1589,1620,1587,-1,1570,1621,1622,-1,1621,1623,1624,-1,1621,1624,1622,-1,1622,1624,1625,-1,1622,1625,1626,-1,1626,1625,1627,-1,1626,1627,1628,-1,1628,1627,1629,-1,1628,1629,1630,-1,1630,1629,1631,-1,1630,1631,1632,-1,1632,1631,1595,-1,1632,1595,1596,-1,1570,1622,1567,-1,1567,1622,1626,-1,1567,1626,1566,-1,1566,1626,1628,-1,1566,1628,1565,-1,1565,1628,1630,-1,1565,1630,1558,-1,1558,1630,1632,-1,1558,1632,1559,-1,1559,1632,1596,-1,1559,1596,1560,-1,1633,1615,1634,-1,1634,1615,1609,-1,1634,1609,1635,-1,1635,1609,1603,-1,1635,1603,1636,-1,1636,1603,1597,-1,1636,1597,1595,-1,1595,1597,1577,-1,1637,1623,1621,-1,1637,1621,1638,-1,1638,1621,1570,-1,1638,1570,1569,-1,1623,1639,1624,-1,1624,1639,1640,-1,1624,1640,1625,-1,1625,1640,1641,-1,1625,1641,1627,-1,1627,1641,1642,-1,1627,1642,1629,-1,1629,1642,1643,-1,1629,1643,1631,-1,1631,1643,1644,-1,1631,1644,1595,-1,1595,1644,1636,-1,1639,1645,1640,-1,1640,1645,1646,-1,1640,1646,1641,-1,1641,1646,1647,-1,1641,1647,1642,-1,1642,1647,1648,-1,1642,1648,1643,-1,1643,1648,1649,-1,1643,1649,1644,-1,1644,1649,1650,-1,1644,1650,1636,-1,1636,1650,1635,-1,1645,1651,1646,-1,1646,1651,1652,-1,1646,1652,1647,-1,1647,1652,1653,-1,1647,1653,1648,-1,1648,1653,1654,-1,1648,1654,1649,-1,1649,1654,1655,-1,1649,1655,1650,-1,1650,1655,1656,-1,1650,1656,1635,-1,1635,1656,1634,-1,1651,1657,1652,-1,1652,1657,1658,-1,1652,1658,1653,-1,1653,1658,1659,-1,1653,1659,1654,-1,1654,1659,1660,-1,1654,1660,1655,-1,1655,1660,1661,-1,1655,1661,1656,-1,1656,1661,1662,-1,1656,1662,1634,-1,1634,1662,1633,-1,1663,1657,1664,-1,1664,1657,1651,-1,1664,1651,1665,-1,1665,1651,1645,-1,1665,1645,1666,-1,1666,1645,1639,-1,1666,1639,1637,-1,1637,1639,1623,-1,1667,1550,1549,-1,1549,1668,1667,-1,1667,1668,1669,-1,1667,1669,1670,-1,1670,1669,1671,-1,1670,1671,1672,-1,1672,1671,1673,-1,1672,1673,1674,-1,1674,1673,1675,-1,1674,1675,1676,-1,1676,1675,1677,-1,1676,1677,1678,-1,1678,1677,1679,-1,1678,1679,1680,-1,1680,1679,1681,-1,1679,1682,1681,-1,1681,1682,1683,-1,1681,1683,1684,-1,1684,1683,1685,-1,1684,1685,1686,-1,1686,1685,1687,-1,1686,1687,1688,-1,1688,1687,1689,-1,1688,1689,1690,-1,1690,1689,1691,-1,1690,1691,1692,-1,1692,1691,1693,-1,1692,1693,1694,-1,1694,1693,1695,-1,1694,1695,1696,-1,1696,1695,1697,-1,1696,1697,1698,-1,1698,1697,1699,-1,1698,1699,1700,-1,1519,1699,1701,-1,1701,1699,1697,-1,1701,1697,1702,-1,1702,1697,1695,-1,1702,1695,1703,-1,1703,1695,1693,-1,1691,1689,1704,-1,1704,1689,1687,-1,1704,1687,1705,-1,1704,1706,1691,-1,1691,1706,1707,-1,1691,1707,1693,-1,1693,1707,1708,-1,1693,1708,1703,-1,1687,1685,1705,-1,1705,1685,1683,-1,1705,1683,1709,-1,1709,1683,1682,-1,1709,1682,1710,-1,1710,1682,1711,-1,1673,1671,1712,-1,1682,1679,1711,-1,1711,1679,1677,-1,1711,1677,1713,-1,1713,1677,1675,-1,1713,1675,1714,-1,1714,1675,1673,-1,1714,1673,1715,-1,1715,1673,1712,-1,1549,1551,1668,-1,1668,1551,1712,-1,1668,1712,1669,-1,1669,1712,1671,-1,1419,1700,1441,-1,1441,1700,1699,-1,1552,1550,1716,-1,1716,1550,1667,-1,1716,1667,1717,-1,1717,1667,1670,-1,1717,1670,1718,-1,1718,1670,1672,-1,1674,1676,1719,-1,1719,1676,1678,-1,1719,1678,1720,-1,1719,1721,1674,-1,1674,1721,1722,-1,1674,1722,1672,-1,1672,1722,1723,-1,1672,1723,1718,-1,1678,1680,1720,-1,1720,1680,1681,-1,1720,1681,1724,-1,1724,1681,1684,-1,1724,1684,1725,-1,1725,1684,1726,-1,1692,1694,1727,-1,1684,1686,1726,-1,1726,1686,1688,-1,1726,1688,1728,-1,1728,1688,1690,-1,1728,1690,1729,-1,1729,1690,1692,-1,1729,1692,1730,-1,1730,1692,1727,-1,1700,1520,1698,-1,1698,1520,1727,-1,1698,1727,1696,-1,1696,1727,1694,-1,1383,1520,1419,-1,1419,1520,1700,-1,1382,1441,1519,-1,1519,1441,1699,-1,1717,1718,1714,-1,1717,1714,1731,-1,1731,1714,1732,-1,1731,1732,1552,-1,1552,1732,1712,-1,1552,1712,1551,-1,1722,1710,1733,-1,1733,1710,1734,-1,1733,1734,1718,-1,1718,1734,1713,-1,1718,1713,1714,-1,1735,1705,1720,-1,1720,1705,1709,-1,1720,1709,1736,-1,1736,1709,1710,-1,1736,1710,1721,-1,1721,1710,1722,-1,1720,1724,1735,-1,1735,1724,1725,-1,1735,1725,1706,-1,1706,1725,1737,-1,1706,1737,1707,-1,1707,1737,1728,-1,1707,1728,1729,-1,1520,1519,1738,-1,1520,1738,1727,-1,1727,1738,1702,-1,1727,1702,1739,-1,1739,1702,1703,-1,1739,1703,1729,-1,1729,1703,1740,-1,1729,1740,1707,-1,1741,1742,1743,-1,1743,1742,1744,-1,1745,1746,1747,-1,1747,1746,1748,-1,1747,1748,1749,-1,1749,1748,1750,-1,1750,1751,1749,-1,1749,1751,1752,-1,1753,1754,1745,-1,1745,1754,1746,-1,1752,1751,1755,-1,1755,1751,1756,-1,1755,1756,1757,-1,1757,1756,1758,-1,1757,1758,1759,-1,1759,1758,1760,-1,1759,1760,1761,-1,1761,1760,1762,-1,1761,1762,1763,-1,1763,1762,1764,-1,1763,1764,1765,-1,1765,1764,1766,-1,1767,1765,1768,-1,1768,1765,1766,-1,1769,1770,1771,-1,1769,1771,1772,-1,1772,1771,1773,-1,1772,1773,1774,-1,1774,1773,1775,-1,1774,1775,1776,-1,1776,1775,1777,-1,1776,1777,1778,-1,1778,1777,1779,-1,1778,1779,1780,-1,1780,1779,1781,-1,1780,1781,1782,-1,1783,1784,1785,-1,1785,1784,1786,-1,1785,1786,1787,-1,1787,1786,1788,-1,1787,1788,1789,-1,1789,1788,1790,-1,1789,1790,1791,-1,1791,1790,1792,-1,1791,1792,1793,-1,1793,1792,1794,-1,1793,1794,1795,-1,1795,1794,1796,-1,1797,1798,1799,-1,1800,1801,1802,-1,1802,1801,1803,-1,1799,1795,1797,-1,1797,1795,1796,-1,1797,1796,1804,-1,1804,1796,1801,-1,1804,1801,1805,-1,1805,1801,1806,-1,1798,1807,1799,-1,1799,1807,1808,-1,1799,1808,1809,-1,1799,1810,1811,-1,1811,1812,1799,-1,1799,1812,1813,-1,1799,1813,1814,-1,1800,1815,1801,-1,1801,1815,1816,-1,1801,1816,1817,-1,1817,1818,1801,-1,1801,1818,1819,-1,1801,1819,1806,-1,1809,1820,1799,-1,1799,1820,1821,-1,1799,1821,1810,-1,1822,1799,1814,-1,1822,1814,1823,-1,1823,1814,1813,-1,1823,1813,1824,-1,1824,1813,1812,-1,1824,1812,1825,-1,1825,1812,1811,-1,1825,1811,1826,-1,1826,1811,1810,-1,1826,1810,1827,-1,1827,1810,1821,-1,1827,1821,1828,-1,1828,1821,1820,-1,1828,1820,1829,-1,1829,1820,1809,-1,1829,1809,1830,-1,1830,1809,1808,-1,1830,1808,1831,-1,1831,1808,1807,-1,1831,1807,1832,-1,1832,1807,1798,-1,1832,1798,1833,-1,1834,1835,1836,-1,1837,1781,1833,-1,1833,1781,1822,-1,1833,1822,1832,-1,1832,1822,1831,-1,1838,1836,1837,-1,1837,1836,1782,-1,1837,1782,1781,-1,1825,1822,1824,-1,1824,1822,1823,-1,1825,1826,1822,-1,1822,1826,1827,-1,1822,1827,1828,-1,1838,1839,1836,-1,1836,1839,1840,-1,1836,1840,1841,-1,1828,1829,1822,-1,1822,1829,1830,-1,1822,1830,1831,-1,1841,1842,1836,-1,1836,1842,1843,-1,1836,1843,1844,-1,1844,1845,1836,-1,1836,1845,1846,-1,1836,1846,1834,-1,1838,1804,1805,-1,1838,1805,1839,-1,1839,1805,1806,-1,1839,1806,1840,-1,1840,1806,1819,-1,1840,1819,1841,-1,1841,1819,1818,-1,1841,1818,1842,-1,1842,1818,1817,-1,1842,1817,1843,-1,1843,1817,1816,-1,1843,1816,1844,-1,1844,1816,1815,-1,1844,1815,1845,-1,1845,1815,1800,-1,1845,1800,1846,-1,1846,1800,1802,-1,1846,1802,1834,-1,1834,1802,1803,-1,1834,1803,1835,-1,1835,1803,1801,-1,1835,1801,1836,-1,1797,1804,1837,-1,1837,1804,1838,-1,1837,1833,1797,-1,1797,1833,1798,-1,1847,1848,1849,-1,1849,1848,1850,-1,1849,1850,1851,-1,1851,1850,1852,-1,1851,1852,1853,-1,1853,1852,1854,-1,1853,1854,1855,-1,1855,1854,1856,-1,1857,1858,1859,-1,1858,1857,1848,-1,1848,1860,1850,-1,1861,1860,1848,-1,1852,1850,1862,-1,1862,1850,1860,-1,1862,1860,1863,-1,1863,1860,1861,-1,1863,1861,1864,-1,1865,1859,1866,-1,1866,1859,1858,-1,1866,1858,1867,-1,1867,1858,1848,-1,1854,1852,1868,-1,1868,1852,1862,-1,1868,1862,1869,-1,1869,1862,1863,-1,1869,1863,1870,-1,1870,1863,1864,-1,1870,1864,1871,-1,1872,1865,1873,-1,1873,1865,1866,-1,1873,1866,1874,-1,1874,1866,1867,-1,1874,1867,1875,-1,1875,1867,1848,-1,1856,1854,1876,-1,1876,1854,1868,-1,1876,1868,1877,-1,1877,1868,1869,-1,1877,1869,1878,-1,1878,1869,1870,-1,1878,1870,1879,-1,1879,1870,1871,-1,1879,1871,1880,-1,1872,1880,1865,-1,1865,1880,1871,-1,1865,1871,1859,-1,1859,1871,1864,-1,1859,1864,1857,-1,1857,1864,1861,-1,1857,1861,1848,-1,1881,1882,1883,-1,1882,1881,1847,-1,1847,1884,1885,-1,1886,1884,1847,-1,1887,1885,1888,-1,1888,1885,1884,-1,1888,1884,1889,-1,1889,1884,1886,-1,1889,1886,1890,-1,1891,1883,1892,-1,1892,1883,1882,-1,1892,1882,1893,-1,1893,1882,1847,-1,1894,1887,1895,-1,1895,1887,1888,-1,1895,1888,1896,-1,1896,1888,1889,-1,1896,1889,1897,-1,1897,1889,1890,-1,1897,1890,1898,-1,1855,1891,1853,-1,1853,1891,1892,-1,1853,1892,1851,-1,1851,1892,1893,-1,1851,1893,1849,-1,1849,1893,1847,-1,1899,1894,1900,-1,1900,1894,1895,-1,1900,1895,1901,-1,1901,1895,1896,-1,1901,1896,1902,-1,1902,1896,1897,-1,1902,1897,1903,-1,1903,1897,1898,-1,1903,1898,1904,-1,1855,1904,1891,-1,1891,1904,1898,-1,1891,1898,1883,-1,1883,1898,1890,-1,1883,1890,1881,-1,1881,1890,1886,-1,1881,1886,1847,-1,1905,1906,1907,-1,1907,1906,1908,-1,1907,1908,1909,-1,1909,1908,1910,-1,1909,1910,1911,-1,1911,1910,1912,-1,1911,1912,1913,-1,1913,1912,1914,-1,1913,1914,1915,-1,1915,1914,1916,-1,1915,1916,1917,-1,1917,1916,1918,-1,1917,1918,1919,-1,1919,1918,1920,-1,1919,1920,1921,-1,1921,1920,1922,-1,1921,1922,1923,-1,1923,1922,1924,-1,1923,1924,1925,-1,1925,1924,1926,-1,1925,1926,1927,-1,1927,1926,1928,-1,1927,1928,1929,-1,1929,1928,1930,-1,1929,1930,1931,-1,1931,1930,1932,-1,1931,1932,1933,-1,1933,1932,1934,-1,1933,1934,1935,-1,1935,1934,1936,-1,1935,1936,1937,-1,1937,1936,1938,-1,1937,1938,1939,-1,1939,1938,1940,-1,1939,1940,1941,-1,1941,1940,1942,-1,1941,1942,1943,-1,1943,1942,1944,-1,1943,1944,1945,-1,1945,1944,1946,-1,1945,1946,1947,-1,1947,1946,1948,-1,1947,1948,1949,-1,1949,1948,1950,-1,1949,1950,1951,-1,1951,1950,1952,-1,1744,1953,1743,-1,1743,1953,1954,-1,1741,1955,1742,-1,1742,1955,1956,-1,1872,1957,1958,-1,1957,1959,1960,-1,1959,1961,1962,-1,1961,1963,1964,-1,1961,1964,1962,-1,1962,1964,1965,-1,1962,1965,1966,-1,1966,1965,1967,-1,1966,1967,1968,-1,1968,1967,1969,-1,1968,1969,1970,-1,1970,1969,1971,-1,1970,1971,1972,-1,1972,1971,1973,-1,1972,1973,1974,-1,1959,1962,1960,-1,1960,1962,1966,-1,1960,1966,1975,-1,1975,1966,1968,-1,1975,1968,1976,-1,1976,1968,1970,-1,1976,1970,1977,-1,1977,1970,1972,-1,1977,1972,1978,-1,1978,1972,1974,-1,1978,1974,1979,-1,1957,1960,1958,-1,1958,1960,1975,-1,1958,1975,1980,-1,1980,1975,1976,-1,1980,1976,1981,-1,1981,1976,1977,-1,1981,1977,1982,-1,1982,1977,1978,-1,1982,1978,1983,-1,1983,1978,1979,-1,1983,1979,1984,-1,1872,1958,1880,-1,1880,1958,1980,-1,1880,1980,1879,-1,1879,1980,1981,-1,1879,1981,1878,-1,1878,1981,1982,-1,1878,1982,1877,-1,1877,1982,1983,-1,1877,1983,1876,-1,1876,1983,1984,-1,1876,1984,1856,-1,1855,1856,1984,-1,1855,1984,1985,-1,1985,1984,1979,-1,1985,1979,1986,-1,1986,1979,1974,-1,1986,1974,1987,-1,1987,1974,1973,-1,1987,1973,1988,-1,1855,1985,1989,-1,1985,1986,1990,-1,1986,1987,1991,-1,1987,1988,1992,-1,1987,1992,1991,-1,1991,1992,1993,-1,1991,1993,1994,-1,1994,1993,1995,-1,1994,1995,1996,-1,1996,1995,1997,-1,1996,1997,1998,-1,1998,1997,1999,-1,1998,1999,2000,-1,2000,1999,2001,-1,2000,2001,2002,-1,1986,1991,1990,-1,1990,1991,1994,-1,1990,1994,2003,-1,2003,1994,1996,-1,2003,1996,2004,-1,2004,1996,1998,-1,2004,1998,2005,-1,2005,1998,2000,-1,2005,2000,2006,-1,2006,2000,2002,-1,2006,2002,2007,-1,1985,1990,1989,-1,1989,1990,2003,-1,1989,2003,2008,-1,2008,2003,2004,-1,2008,2004,2009,-1,2009,2004,2005,-1,2009,2005,2010,-1,2010,2005,2006,-1,2010,2006,2011,-1,2011,2006,2007,-1,2011,2007,2012,-1,1855,1989,1904,-1,1904,1989,2008,-1,1904,2008,1903,-1,1903,2008,2009,-1,1903,2009,1902,-1,1902,2009,2010,-1,1902,2010,1901,-1,1901,2010,2011,-1,1901,2011,1900,-1,1900,2011,2012,-1,1900,2012,1899,-1,1953,2013,1954,-1,1954,2013,2014,-1,1955,2015,1956,-1,1956,2015,2016,-1,2017,2014,2018,-1,2018,2014,2019,-1,2018,2019,2020,-1,2020,2019,2021,-1,2020,2021,2022,-1,2022,2021,2023,-1,2022,2023,2024,-1,2024,2023,2025,-1,2024,2025,2026,-1,2026,2025,2027,-1,2026,2027,2028,-1,2028,2027,2029,-1,1747,1749,2030,-1,2030,2031,1747,-1,1747,2031,1952,-1,1747,1952,1745,-1,1932,1930,2014,-1,2014,1930,1928,-1,2014,1928,1954,-1,1912,1910,2015,-1,1942,1940,2017,-1,1928,1926,1954,-1,1954,1926,1924,-1,1954,1924,1743,-1,1743,1924,1922,-1,1743,1922,1741,-1,1741,1922,1920,-1,1741,1920,1955,-1,1920,1918,1955,-1,1955,1918,1916,-1,1955,1916,2015,-1,2015,1916,1914,-1,2015,1914,1912,-1,1952,1950,1745,-1,1745,1950,1948,-1,1745,1948,1753,-1,1753,1948,1946,-1,1753,1946,2017,-1,2017,1946,1944,-1,2017,1944,1942,-1,1940,1938,2017,-1,2017,1938,1936,-1,2017,1936,2014,-1,2014,1936,1934,-1,2014,1934,1932,-1,1910,1908,2015,-1,2015,1908,1906,-1,2015,1906,1752,-1,1752,1906,2032,-1,1752,2032,2033,-1,2033,2034,1752,-1,1752,2034,2035,-1,1752,2035,1749,-1,1749,2035,2036,-1,1749,2036,2030,-1,2015,1752,2037,-1,2037,1752,1755,-1,2037,1755,2038,-1,2038,1755,1757,-1,2038,1757,2039,-1,2039,1757,1759,-1,2039,1759,2040,-1,2040,1759,1761,-1,2040,1761,2041,-1,2041,1761,1763,-1,2041,1763,2042,-1,2042,1763,1765,-1,1847,2043,1848,-1,1848,2043,2044,-1,1848,2044,1875,-1,1875,2044,2045,-1,1875,2045,1874,-1,1874,2045,2046,-1,1874,2046,1873,-1,1873,2046,2047,-1,1873,2047,1872,-1,1872,2047,2048,-1,2043,1847,2049,-1,2049,1847,1885,-1,2049,1885,2050,-1,2050,1885,1887,-1,2050,1887,2051,-1,2051,1887,1894,-1,2051,1894,2052,-1,2052,1894,1899,-1,1555,2044,1568,-1,1568,2044,2043,-1,1572,2048,1573,-1,1573,2048,2047,-1,1573,2047,1554,-1,1554,2047,2046,-1,1554,2046,1555,-1,1555,2046,2045,-1,1555,2045,2044,-1,1872,2048,2053,-1,1872,2053,1957,-1,1957,2053,2054,-1,1957,2054,1959,-1,1959,2054,2055,-1,1959,2055,1961,-1,1961,2055,2056,-1,1961,2056,1963,-1,2052,1899,2012,-1,2052,2012,2057,-1,2057,2012,2007,-1,2057,2007,2058,-1,2058,2007,2002,-1,2058,2002,2059,-1,2059,2002,2001,-1,2059,2001,2060,-1,2052,1637,2051,-1,2051,1637,1638,-1,2051,1638,2050,-1,2050,1638,1569,-1,2050,1569,2049,-1,2049,1569,1568,-1,2049,1568,2043,-1,1588,2056,1590,-1,1590,2056,2055,-1,1590,2055,1592,-1,1592,2055,2054,-1,1592,2054,1594,-1,1594,2054,2053,-1,1594,2053,1572,-1,1572,2053,2048,-1,1637,2052,1666,-1,1666,2052,2057,-1,1666,2057,1665,-1,1665,2057,2058,-1,1665,2058,1664,-1,1664,2058,2059,-1,1664,2059,1663,-1,1663,2059,2060,-1,2061,1663,2062,-1,2062,1663,2060,-1,2061,2062,2063,-1,2063,2062,2064,-1,2063,2064,2065,-1,2065,2064,2066,-1,2065,2066,2067,-1,2067,2066,2068,-1,2067,2068,2069,-1,2069,2068,2070,-1,2069,2070,2071,-1,2071,2070,2072,-1,2071,2072,2073,-1,2073,2072,2074,-1,2075,2073,2076,-1,2076,2073,2074,-1,2077,2078,2079,-1,2079,2078,2080,-1,2081,2082,2080,-1,2080,2082,2079,-1,2083,2084,2085,-1,2083,2085,2086,-1,2086,2085,2087,-1,2086,2087,2088,-1,2088,2087,2089,-1,2088,2089,2090,-1,2090,2089,2091,-1,2090,2091,2092,-1,2092,2091,2093,-1,2092,2093,2094,-1,2094,2093,2082,-1,2094,2082,2081,-1,2095,2096,2083,-1,2083,2096,2084,-1,2097,2098,2099,-1,2097,2099,2100,-1,2100,2099,2101,-1,2100,2101,2102,-1,2102,2101,2103,-1,2102,2103,2104,-1,2104,2103,2105,-1,2104,2105,2106,-1,2106,2105,2107,-1,2106,2107,2108,-1,2108,2107,2096,-1,2108,2096,2095,-1,2097,2109,2098,-1,2098,2109,2110,-1,2110,2109,2111,-1,2111,2109,2112,-1,2111,2112,2113,-1,2113,2112,2114,-1,2113,2114,2115,-1,2115,2114,2116,-1,2115,2116,2117,-1,2117,2116,2118,-1,2117,2118,2119,-1,2119,2118,2120,-1,2119,2120,2121,-1,2121,2120,2122,-1,2122,2123,2121,-1,2121,2123,2124,-1,2124,2123,2125,-1,2125,2123,2126,-1,2125,2126,2127,-1,2127,2126,2128,-1,2127,2128,2129,-1,2129,2128,2130,-1,2129,2130,2131,-1,2131,2130,2132,-1,2131,2132,2133,-1,2133,2132,2134,-1,2133,2134,2135,-1,2135,2134,2136,-1,2137,2135,2138,-1,2138,2135,2136,-1,1767,1768,2139,-1,1767,2139,2140,-1,2140,2139,2141,-1,2140,2141,2142,-1,2142,2141,2143,-1,2142,2143,2144,-1,2144,2143,2145,-1,2144,2145,2146,-1,2146,2145,2147,-1,2146,2147,2148,-1,2148,2147,2149,-1,2148,2149,2150,-1,2151,2152,2042,-1,2042,2152,2153,-1,2042,2153,2041,-1,2041,2153,2154,-1,2041,2154,2040,-1,2040,2154,2155,-1,2040,2155,2039,-1,2039,2155,2156,-1,2039,2156,2038,-1,2038,2156,2157,-1,2038,2157,2037,-1,2037,2157,2158,-1,2037,2158,2015,-1,2015,2158,2016,-1,1919,1742,1956,-1,1907,1956,2016,-1,1907,1909,1956,-1,1956,1909,1911,-1,1956,1911,1913,-1,1913,1915,1956,-1,1956,1915,1917,-1,1956,1917,1919,-1,1748,1746,1949,-1,1742,1919,1744,-1,1744,1919,1921,-1,1744,1921,1953,-1,2159,2160,1751,-1,1751,2160,2161,-1,1751,2161,2016,-1,2016,2161,1905,-1,2016,1905,1907,-1,1748,1949,1750,-1,1750,1949,1951,-1,1750,1951,2162,-1,1921,1923,1953,-1,1953,1923,1925,-1,1953,1925,2013,-1,1925,1927,2013,-1,2013,1927,1929,-1,2013,1929,1931,-1,1931,1933,2013,-1,2013,1933,1935,-1,2013,1935,2163,-1,2163,1935,1937,-1,2163,1937,1939,-1,2162,2164,1750,-1,1750,2164,2165,-1,1750,2165,1751,-1,1751,2165,2166,-1,1751,2166,2159,-1,1939,1941,2163,-1,2163,1941,1943,-1,2163,1943,1754,-1,1754,1943,1945,-1,1754,1945,1746,-1,1746,1945,1947,-1,1746,1947,1949,-1,2167,2168,2169,-1,2169,2168,2170,-1,2014,2013,2019,-1,2019,2013,2171,-1,2019,2171,2021,-1,2021,2171,2172,-1,2021,2172,2023,-1,2023,2172,2173,-1,2023,2173,2025,-1,2025,2173,2174,-1,2025,2174,2027,-1,2027,2174,2175,-1,2027,2175,2029,-1,2029,2175,2176,-1,2177,2178,2179,-1,2179,2178,2180,-1,2181,2182,2183,-1,2181,2183,2184,-1,2184,2183,2185,-1,2184,2185,2186,-1,2186,2185,2187,-1,2186,2187,2188,-1,2188,2187,2189,-1,2188,2189,2190,-1,2190,2189,2191,-1,2190,2191,2192,-1,2192,2191,2075,-1,2192,2075,2076,-1,2193,2194,2195,-1,2193,2195,2196,-1,2196,2195,2197,-1,2196,2197,2198,-1,2198,2197,2199,-1,2198,2199,2200,-1,2001,1999,2029,-1,2074,2201,2168,-1,2196,2198,2076,-1,2076,2198,2200,-1,2076,2200,2202,-1,1971,1969,2028,-1,2028,1969,1967,-1,2203,2204,2028,-1,2028,2204,2205,-1,2168,2167,2074,-1,2074,2167,2206,-1,2074,2206,2076,-1,2076,2206,2193,-1,2076,2193,2196,-1,2190,2184,2188,-1,2188,2184,2186,-1,2202,2181,2076,-1,2076,2181,2184,-1,2076,2184,2192,-1,2192,2184,2190,-1,2074,2072,2201,-1,2201,2072,2070,-1,2201,2070,2029,-1,2029,2070,2068,-1,2029,2068,2066,-1,1999,1997,2029,-1,2029,1997,1995,-1,2029,1995,1993,-1,1967,1965,2028,-1,2028,1965,1964,-1,2028,1964,1963,-1,2205,2207,2028,-1,2028,2207,2208,-1,2028,2208,2209,-1,2209,2208,2178,-1,2209,2178,2177,-1,2060,2001,2062,-1,2062,2001,2029,-1,2062,2029,2064,-1,2064,2029,2066,-1,1993,1992,2029,-1,2029,1992,1988,-1,2029,1988,2028,-1,2028,1988,1973,-1,2028,1973,1971,-1,1963,2056,2028,-1,2028,2056,2210,-1,2028,2210,2203,-1,2211,2212,2177,-1,2177,2212,2213,-1,2177,2213,2209,-1,2211,2214,2212,-1,2212,2214,2215,-1,2212,2215,2216,-1,2182,2181,2217,-1,2217,2181,2202,-1,2200,2199,2202,-1,2202,2199,2217,-1,2213,2218,2209,-1,2209,2218,2219,-1,2177,2179,2220,-1,2177,2220,2211,-1,2211,2220,2221,-1,2211,2221,2214,-1,2214,2221,2222,-1,2214,2222,2215,-1,2215,2222,2223,-1,2215,2223,2216,-1,2216,2223,2224,-1,2216,2224,2212,-1,2212,2224,2218,-1,2212,2218,2213,-1,2170,2168,2225,-1,2225,2168,2201,-1,2201,2029,2225,-1,2225,2029,2176,-1,2226,2176,2175,-1,2226,2175,2227,-1,2227,2175,2174,-1,2227,2174,2228,-1,2228,2174,2173,-1,2228,2173,2229,-1,2229,2173,2172,-1,2229,2172,2230,-1,2230,2172,2171,-1,2230,2171,2231,-1,2231,2171,2013,-1,2231,2013,2163,-1,2153,1766,1764,-1,2153,1764,2154,-1,2154,1764,1762,-1,2154,1762,2155,-1,2155,1762,1760,-1,2155,1760,2156,-1,2156,1760,1758,-1,2156,1758,2157,-1,2157,1758,1756,-1,2157,1756,2158,-1,2158,1756,1751,-1,2158,1751,2016,-1,2232,2233,2077,-1,2077,2233,2078,-1,2233,2232,2234,-1,2234,2232,2235,-1,2112,2109,2234,-1,1770,1769,2236,-1,2236,1769,2151,-1,2138,2136,2150,-1,2083,2109,2097,-1,2233,2234,2078,-1,2078,2234,2109,-1,2078,2109,2080,-1,2080,2109,2081,-1,2150,2136,2148,-1,2151,2042,2128,-1,2128,2042,1765,-1,2128,1765,2130,-1,2130,1765,2132,-1,2128,2126,2151,-1,2151,2126,2123,-1,2151,2123,2122,-1,2122,2120,2151,-1,2151,2120,2118,-1,2151,2118,2236,-1,2236,2118,2116,-1,2236,2116,2234,-1,2234,2116,2114,-1,2234,2114,2112,-1,2083,2086,2109,-1,2109,2086,2088,-1,2109,2088,2090,-1,2132,1765,2134,-1,2134,1765,1767,-1,2134,1767,2136,-1,2136,1767,2140,-1,2136,2140,2142,-1,2142,2144,2136,-1,2136,2144,2146,-1,2136,2146,2148,-1,2100,2108,2097,-1,2097,2108,2095,-1,2097,2095,2083,-1,2100,2102,2108,-1,2108,2102,2104,-1,2108,2104,2106,-1,2090,2092,2109,-1,2109,2092,2094,-1,2109,2094,2081,-1,2237,2238,2239,-1,2239,2238,2240,-1,2150,2241,2138,-1,2138,2241,2238,-1,2138,2238,2242,-1,2242,2238,2237,-1,1799,1822,1795,-1,1795,1822,1781,-1,1795,1781,1793,-1,1793,1781,1779,-1,1793,1779,1791,-1,1791,1779,1777,-1,1791,1777,1789,-1,1789,1777,1775,-1,1789,1775,1787,-1,1787,1775,1773,-1,1787,1773,1785,-1,1785,1773,1771,-1,1785,1771,1783,-1,1783,1771,1770,-1,1783,1770,2243,-1,2243,1770,2236,-1,2234,2235,2236,-1,2236,2235,2243,-1,2152,2151,1784,-1,1784,2151,1769,-1,1784,1769,1786,-1,1786,1769,1772,-1,1786,1772,1788,-1,1788,1772,1774,-1,1788,1774,1790,-1,1790,1774,1776,-1,1790,1776,1792,-1,1792,1776,1778,-1,1792,1778,1794,-1,1794,1778,1780,-1,1794,1780,1796,-1,1796,1780,1782,-1,1796,1782,1801,-1,1801,1782,1836,-1,2241,2244,2245,-1,2241,2245,2238,-1,2238,2245,2246,-1,2238,2246,2240,-1,2240,2246,2247,-1,2240,2247,2239,-1,2239,2247,2248,-1,2239,2248,2237,-1,2237,2248,2249,-1,2237,2249,2242,-1,2242,2249,2137,-1,2242,2137,2138,-1,2150,2149,2241,-1,2241,2149,2244,-1,2180,2178,2250,-1,2250,2178,2208,-1,2250,2208,2251,-1,2251,2208,2207,-1,2251,2207,2252,-1,2252,2207,2205,-1,2252,2205,2253,-1,2253,2205,2204,-1,2253,2204,2254,-1,2254,2204,2203,-1,2254,2203,2255,-1,2255,2203,2210,-1,2210,2056,2255,-1,2255,2056,1588,-1,2206,2256,2193,-1,2193,2256,2194,-1,2167,2169,2206,-1,2206,2169,2256,-1,1784,1783,2152,-1,2152,1783,2243,-1,1766,2153,2152,-1,2127,2129,1766,-1,1766,2129,2131,-1,1766,2131,1768,-1,1768,2131,2133,-1,1768,2133,2135,-1,2149,2135,2137,-1,2119,2121,2152,-1,2152,2121,2124,-1,2152,2124,1766,-1,1766,2124,2125,-1,1766,2125,2127,-1,2235,2232,2110,-1,2110,2232,2077,-1,2110,2111,2235,-1,2235,2111,2113,-1,2235,2113,2243,-1,2243,2113,2115,-1,2243,2115,2152,-1,2152,2115,2117,-1,2152,2117,2119,-1,2149,2147,2135,-1,2135,2147,2145,-1,2135,2145,2143,-1,2077,2079,2110,-1,2110,2079,2082,-1,2110,2082,2093,-1,2087,2085,2110,-1,2110,2085,2084,-1,2110,2084,2098,-1,2143,2141,2135,-1,2135,2141,2139,-1,2135,2139,1768,-1,2249,2245,2137,-1,2137,2245,2244,-1,2137,2244,2149,-1,2249,2248,2245,-1,2245,2248,2247,-1,2245,2247,2246,-1,2093,2091,2110,-1,2110,2091,2089,-1,2110,2089,2087,-1,2101,2107,2103,-1,2103,2107,2105,-1,2084,2096,2098,-1,2098,2096,2107,-1,2098,2107,2099,-1,2099,2107,2101,-1,2209,2219,2028,-1,2028,2219,2226,-1,2028,2226,2026,-1,2026,2226,2227,-1,2026,2227,2024,-1,2024,2227,2228,-1,2024,2228,2022,-1,2022,2228,2229,-1,2022,2229,2020,-1,2020,2229,2230,-1,2020,2230,2018,-1,2018,2230,2231,-1,2018,2231,2017,-1,2017,2231,2163,-1,2017,2163,1753,-1,1753,2163,1754,-1,1620,1619,2226,-1,1661,1660,2176,-1,2075,2199,2197,-1,2071,2073,2225,-1,2225,2073,2169,-1,2225,2169,2170,-1,1620,2226,1587,-1,2217,2199,2182,-1,2182,2199,2075,-1,2182,2075,2183,-1,2183,2075,2191,-1,2191,2189,2183,-1,2183,2189,2187,-1,2183,2187,2185,-1,2197,2195,2075,-1,2075,2195,2194,-1,2075,2194,2073,-1,2073,2194,2256,-1,2073,2256,2169,-1,2250,2251,2226,-1,2226,2251,2252,-1,2226,2252,2253,-1,1619,1618,2226,-1,2226,1618,1617,-1,2226,1617,1616,-1,2063,2065,2176,-1,2176,2065,2067,-1,2176,2067,2225,-1,2225,2067,2069,-1,2225,2069,2071,-1,2250,2226,2180,-1,2180,2226,2219,-1,2180,2219,2179,-1,1660,1659,2176,-1,2176,1659,1658,-1,2176,1658,1657,-1,1588,1587,2255,-1,2255,1587,2226,-1,2255,2226,2254,-1,2254,2226,2253,-1,1616,1615,2226,-1,2226,1615,1633,-1,2226,1633,2176,-1,2176,1633,1662,-1,2176,1662,1661,-1,1657,1663,2176,-1,2176,1663,2061,-1,2176,2061,2063,-1,2221,2224,2222,-1,2222,2224,2223,-1,2219,2218,2179,-1,2179,2218,2224,-1,2179,2224,2220,-1,2220,2224,2221,-1,2257,2258,2259,-1,2257,2259,2260,-1,2258,2261,2259,-1,2259,2261,2262,-1,2259,2262,2263,-1,2263,2264,2259,-1,2259,2264,2265,-1,2259,2265,2266,-1,2267,2268,2269,-1,2269,2268,2270,-1,2269,2270,2259,-1,2259,2270,2271,-1,2259,2271,2260,-1,2272,2273,2274,-1,2274,2273,2275,-1,2274,2275,2276,-1,2276,2275,2277,-1,2276,2277,2278,-1,2278,2277,2279,-1,2278,2279,2280,-1,2280,2279,2281,-1,2280,2281,2282,-1,2282,2281,2283,-1,2282,2283,2284,-1,2284,2283,2285,-1,2284,2285,2286,-1,2286,2285,2287,-1,2286,2287,2288,-1,2288,2287,2289,-1,2288,2289,2290,-1,2290,2289,2291,-1,2290,2291,2292,-1,2292,2291,2293,-1,2292,2293,2294,-1,2294,2293,2295,-1,2294,2295,2296,-1,2296,2295,2297,-1,2296,2297,2298,-1,2298,2297,2299,-1,2273,2300,2275,-1,2275,2300,2301,-1,2275,2301,2277,-1,2277,2301,2302,-1,2277,2302,2279,-1,2279,2302,2303,-1,2279,2303,2281,-1,2281,2303,2304,-1,2281,2304,2283,-1,2283,2304,2305,-1,2283,2305,2285,-1,2285,2305,2306,-1,2285,2306,2287,-1,2287,2306,2307,-1,2287,2307,2289,-1,2289,2307,2308,-1,2289,2308,2291,-1,2291,2308,2309,-1,2291,2309,2293,-1,2293,2309,2310,-1,2293,2310,2295,-1,2295,2310,2311,-1,2295,2311,2297,-1,2297,2311,2312,-1,2297,2312,2299,-1,2299,2312,2313,-1,2300,2314,2301,-1,2301,2314,2315,-1,2301,2315,2302,-1,2302,2315,2316,-1,2302,2316,2303,-1,2303,2316,2317,-1,2303,2317,2304,-1,2304,2317,2318,-1,2304,2318,2305,-1,2305,2318,2319,-1,2305,2319,2306,-1,2306,2319,2320,-1,2306,2320,2307,-1,2307,2320,2321,-1,2307,2321,2308,-1,2308,2321,2322,-1,2308,2322,2309,-1,2309,2322,2323,-1,2309,2323,2310,-1,2310,2323,2324,-1,2310,2324,2311,-1,2311,2324,2325,-1,2311,2325,2312,-1,2312,2325,2326,-1,2312,2326,2313,-1,2313,2326,2327,-1,2314,2328,2315,-1,2315,2328,2329,-1,2315,2329,2316,-1,2316,2329,2330,-1,2316,2330,2317,-1,2317,2330,2331,-1,2317,2331,2318,-1,2318,2331,2332,-1,2318,2332,2319,-1,2319,2332,2333,-1,2319,2333,2320,-1,2320,2333,2334,-1,2320,2334,2321,-1,2321,2334,2335,-1,2321,2335,2322,-1,2322,2335,2336,-1,2322,2336,2323,-1,2323,2336,2337,-1,2323,2337,2324,-1,2324,2337,2338,-1,2324,2338,2325,-1,2325,2338,2339,-1,2325,2339,2326,-1,2326,2339,2340,-1,2326,2340,2327,-1,2327,2340,2341,-1,2328,2342,2329,-1,2329,2342,2343,-1,2329,2343,2330,-1,2330,2343,2344,-1,2330,2344,2331,-1,2331,2344,2345,-1,2331,2345,2332,-1,2332,2345,2346,-1,2332,2346,2333,-1,2333,2346,2347,-1,2333,2347,2334,-1,2334,2347,2348,-1,2334,2348,2335,-1,2335,2348,2349,-1,2335,2349,2336,-1,2336,2349,2350,-1,2336,2350,2337,-1,2337,2350,2351,-1,2337,2351,2338,-1,2338,2351,2352,-1,2338,2352,2339,-1,2339,2352,2353,-1,2339,2353,2340,-1,2340,2353,2354,-1,2340,2354,2341,-1,2341,2354,2355,-1,2342,2356,2343,-1,2343,2356,2357,-1,2343,2357,2344,-1,2344,2357,2358,-1,2344,2358,2345,-1,2345,2358,2359,-1,2345,2359,2346,-1,2346,2359,2360,-1,2346,2360,2347,-1,2347,2360,2361,-1,2347,2361,2348,-1,2348,2361,2362,-1,2348,2362,2349,-1,2349,2362,2363,-1,2349,2363,2350,-1,2350,2363,2364,-1,2350,2364,2351,-1,2351,2364,2365,-1,2351,2365,2352,-1,2352,2365,2366,-1,2352,2366,2353,-1,2353,2366,2367,-1,2353,2367,2354,-1,2354,2367,2368,-1,2354,2368,2355,-1,2355,2368,2369,-1,2370,2371,2269,-1,2269,2371,2267,-1,2372,2373,2374,-1,2374,2373,2375,-1,2374,2375,2376,-1,2376,2375,2377,-1,2377,2375,2378,-1,2377,2378,2370,-1,2370,2378,2379,-1,2370,2379,2371,-1,2380,2381,2382,-1,2380,2382,2383,-1,2383,2382,2268,-1,2383,2268,2267,-1,2384,2385,2386,-1,2386,2385,2387,-1,2386,2387,2388,-1,2270,2268,2389,-1,2389,2268,2390,-1,2389,2390,2391,-1,2391,2390,2392,-1,2391,2392,2384,-1,2384,2392,2393,-1,2384,2393,2385,-1,2394,2395,2396,-1,2372,2397,2398,-1,2398,2397,2399,-1,2398,2399,2400,-1,2400,2399,2401,-1,2400,2401,2402,-1,2402,2401,2403,-1,2402,2403,2404,-1,2404,2403,2405,-1,2404,2405,2406,-1,2406,2405,2407,-1,2406,2407,2408,-1,2408,2407,2409,-1,2408,2409,2410,-1,2410,2409,2411,-1,2410,2411,2412,-1,2412,2411,2413,-1,2412,2413,2414,-1,2414,2413,2396,-1,2414,2396,2415,-1,2415,2396,2395,-1,2415,2395,2416,-1,2416,2395,2386,-1,2416,2386,2388,-1,2394,2396,2417,-1,2417,2396,2413,-1,2417,2413,2418,-1,2418,2413,2411,-1,2418,2411,2419,-1,2419,2411,2409,-1,2419,2409,2420,-1,2420,2409,2407,-1,2420,2407,2421,-1,2421,2407,2405,-1,2421,2405,2422,-1,2422,2405,2403,-1,2422,2403,2423,-1,2423,2403,2401,-1,2423,2401,2424,-1,2424,2401,2399,-1,2424,2399,2425,-1,2425,2399,2397,-1,2425,2397,2426,-1,2270,2389,2394,-1,2394,2389,2391,-1,2394,2391,2395,-1,2395,2391,2384,-1,2395,2384,2386,-1,2372,2374,2397,-1,2397,2374,2376,-1,2397,2376,2426,-1,2426,2376,2377,-1,2426,2377,2370,-1,2270,2394,2271,-1,2271,2394,2417,-1,2271,2417,2260,-1,2260,2417,2418,-1,2260,2418,2257,-1,2257,2418,2419,-1,2257,2419,2258,-1,2258,2419,2420,-1,2258,2420,2261,-1,2261,2420,2421,-1,2261,2421,2262,-1,2262,2421,2422,-1,2262,2422,2263,-1,2263,2422,2423,-1,2263,2423,2264,-1,2264,2423,2424,-1,2264,2424,2265,-1,2265,2424,2425,-1,2265,2425,2266,-1,2266,2425,2426,-1,2266,2426,2259,-1,2259,2426,2370,-1,2259,2370,2269,-1,2356,2427,2357,-1,2357,2427,2428,-1,2357,2428,2358,-1,2358,2428,2429,-1,2358,2429,2359,-1,2359,2429,2430,-1,2359,2430,2360,-1,2360,2430,2431,-1,2360,2431,2361,-1,2361,2431,2432,-1,2361,2432,2362,-1,2362,2432,2433,-1,2362,2433,2363,-1,2363,2433,2434,-1,2363,2434,2364,-1,2364,2434,2435,-1,2364,2435,2365,-1,2365,2435,2436,-1,2365,2436,2366,-1,2366,2436,2437,-1,2366,2437,2367,-1,2367,2437,2438,-1,2367,2438,2368,-1,2368,2438,2439,-1,2368,2439,2369,-1,2369,2439,2440,-1,2298,2441,2442,-1,2442,2272,2298,-1,2298,2272,2274,-1,2298,2274,2296,-1,2296,2274,2276,-1,2276,2278,2296,-1,2296,2278,2280,-1,2296,2280,2282,-1,2284,2286,2282,-1,2282,2286,2288,-1,2282,2288,2290,-1,2290,2292,2282,-1,2282,2292,2294,-1,2282,2294,2296,-1,2442,2443,2272,-1,2272,2443,2273,-1,2443,2444,2273,-1,2273,2444,2445,-1,2273,2445,2300,-1,2445,2446,2300,-1,2300,2446,2447,-1,2300,2447,2314,-1,2447,2448,2314,-1,2314,2448,2449,-1,2314,2449,2328,-1,2449,2450,2328,-1,2328,2450,2451,-1,2328,2451,2342,-1,2342,2451,2452,-1,2342,2452,2356,-1,2356,2452,2453,-1,2356,2453,2454,-1,2455,2441,2298,-1,2455,2298,2456,-1,2456,2298,2299,-1,2456,2299,2457,-1,2457,2299,2313,-1,2457,2313,2458,-1,2458,2313,2459,-1,2459,2313,2327,-1,2459,2327,2460,-1,2460,2327,2461,-1,2461,2327,2341,-1,2461,2341,2462,-1,2462,2341,2463,-1,2463,2341,2355,-1,2463,2355,2464,-1,2464,2355,2465,-1,2465,2355,2369,-1,2465,2369,2466,-1,2427,2356,2467,-1,2467,2356,2454,-1,2468,2466,2440,-1,2440,2466,2369,-1,2469,2470,1036,-1,2471,1038,2372,-1,2372,1038,2472,-1,2372,2472,2373,-1,2471,2473,1038,-1,1038,2473,2474,-1,1038,2474,2475,-1,2470,2476,1036,-1,1036,2476,2477,-1,1036,2477,2478,-1,2478,2477,2388,-1,2478,2388,2387,-1,2475,2479,1038,-1,1038,2479,2480,-1,1038,2480,1036,-1,1036,2480,2481,-1,1036,2481,2469,-1,2383,2267,2371,-1,2482,2483,2484,-1,2484,2483,2485,-1,2485,2486,2484,-1,2484,2486,2487,-1,2484,2487,2488,-1,2488,2487,2489,-1,2488,2489,2383,-1,2383,2489,2490,-1,2383,2490,2380,-1,2383,2371,2488,-1,2488,2371,2379,-1,2488,2379,2484,-1,2484,2379,2378,-1,2484,2378,2482,-1,2482,2378,2375,-1,2482,2375,2373,-1,2381,2380,2491,-1,2491,2380,2492,-1,2491,2492,2493,-1,2494,2495,2491,-1,2496,2497,2491,-1,2491,2497,2498,-1,2491,2498,2494,-1,2495,2499,2491,-1,2491,2499,2500,-1,2491,2500,2501,-1,2493,2502,2491,-1,2491,2502,2503,-1,2491,2503,2496,-1,2504,2505,2506,-1,2507,2508,2506,-1,2506,2508,2509,-1,2506,2509,2504,-1,2507,2387,2385,-1,2382,2381,2510,-1,2510,2381,2511,-1,2510,2511,2508,-1,2508,2511,2512,-1,2508,2512,2509,-1,2507,2385,2508,-1,2508,2385,2393,-1,2508,2393,2510,-1,2510,2393,2392,-1,2510,2392,2382,-1,2382,2392,2390,-1,2382,2390,2268,-1,1036,2478,1141,-1,1141,2478,2513,-1,1188,2514,1038,-1,1038,2514,2472,-1,2439,2438,1141,-1,2433,2432,1188,-1,1188,2432,2431,-1,1188,2431,2430,-1,2433,1188,2434,-1,2434,1188,1141,-1,2434,1141,2435,-1,2438,2437,1141,-1,1141,2437,2436,-1,1141,2436,2435,-1,2439,1141,2440,-1,2440,1141,2513,-1,2440,2513,2468,-1,2430,2429,1188,-1,1188,2429,2428,-1,1188,2428,2514,-1,2514,2428,2427,-1,2514,2427,2467,-1,2442,2441,2515,-1,2515,2441,2516,-1,2515,2516,2517,-1,2517,2516,2518,-1,2444,2443,2519,-1,2446,2445,2520,-1,2448,2447,2521,-1,2450,2449,2522,-1,2523,2524,2525,-1,2523,2525,2526,-1,2526,2525,2527,-1,2526,2527,2528,-1,2451,2527,2452,-1,2452,2527,2525,-1,2452,2525,2453,-1,2453,2525,2524,-1,2453,2524,2454,-1,2451,2450,2527,-1,2527,2450,2522,-1,2527,2522,2528,-1,2528,2522,2529,-1,2449,2448,2522,-1,2522,2448,2521,-1,2522,2521,2529,-1,2529,2521,2530,-1,2447,2446,2521,-1,2521,2446,2520,-1,2521,2520,2530,-1,2530,2520,2531,-1,2445,2444,2520,-1,2520,2444,2519,-1,2520,2519,2531,-1,2531,2519,2532,-1,2443,2442,2519,-1,2519,2442,2515,-1,2519,2515,2532,-1,2532,2515,2517,-1,2516,2441,2455,-1,2518,2516,2533,-1,2516,2455,2533,-1,2533,2455,2456,-1,2533,2456,2534,-1,2456,2457,2534,-1,2534,2457,2458,-1,2534,2458,2535,-1,2458,2459,2535,-1,2535,2459,2460,-1,2535,2460,2536,-1,2460,2461,2536,-1,2536,2461,2462,-1,2536,2462,2537,-1,2518,2533,2538,-1,2538,2533,2534,-1,2538,2534,2539,-1,2539,2534,2535,-1,2539,2535,2540,-1,2540,2535,2536,-1,2540,2536,2541,-1,2541,2536,2537,-1,2541,2537,2542,-1,2542,2537,2543,-1,2542,2543,2544,-1,2465,2543,2464,-1,2464,2543,2537,-1,2464,2537,2463,-1,2463,2537,2462,-1,2465,2466,2543,-1,2543,2466,2545,-1,2543,2545,2544,-1,2544,2545,2546,-1,2547,2548,1513,-1,1508,1513,1507,-1,1507,1513,2549,-1,2517,2518,1518,-1,1518,2518,2550,-1,1518,2550,1513,-1,1513,2550,2551,-1,1513,2551,2547,-1,2548,2552,1513,-1,1513,2552,2553,-1,1513,2553,2549,-1,1508,1509,1513,-1,1513,1509,1510,-1,1513,1510,1512,-1,1512,1510,1511,-1,2467,2454,2554,-1,2554,2454,2524,-1,2554,2524,2555,-1,2555,2524,2523,-1,2517,1518,2532,-1,2532,1518,1517,-1,2532,1517,2531,-1,1517,1516,2531,-1,2531,1516,1515,-1,2531,1515,2530,-1,1515,1514,2530,-1,2530,1514,1502,-1,2530,1502,2529,-1,2529,1502,1501,-1,1501,1500,2529,-1,2529,1500,1499,-1,2529,1499,2528,-1,1499,1480,2528,-1,2528,1480,1476,-1,2528,1476,2526,-1,2526,1476,1475,-1,2526,1475,2523,-1,2523,1475,1404,-1,2556,2546,2557,-1,2557,2546,2545,-1,2557,2545,2468,-1,2468,2545,2466,-1,2550,2518,2558,-1,2558,2518,2538,-1,2558,2538,2559,-1,2559,2538,2539,-1,2559,2539,2560,-1,2560,2539,2540,-1,2560,2540,2561,-1,2561,2540,2541,-1,2561,2541,2562,-1,2562,2541,2542,-1,2562,2542,2563,-1,2563,2542,2544,-1,2563,2544,2564,-1,2564,2544,2546,-1,2565,2485,2566,-1,2566,2485,2483,-1,2566,2483,2567,-1,2483,2482,2567,-1,2567,2482,2373,-1,2567,2373,2472,-1,2485,2568,2486,-1,2486,2568,2569,-1,2486,2569,2487,-1,2492,2380,2570,-1,2570,2380,2490,-1,2570,2490,2569,-1,2569,2490,2489,-1,2569,2489,2487,-1,2571,2572,2573,-1,2498,2574,2494,-1,2494,2574,2575,-1,2494,2575,2495,-1,2495,2575,2576,-1,2495,2576,2499,-1,2499,2576,2573,-1,2499,2573,2500,-1,2500,2573,2572,-1,2500,2572,2501,-1,2501,2572,2577,-1,2501,2577,2491,-1,2571,2573,2578,-1,2578,2573,2576,-1,2578,2576,2579,-1,2579,2576,2575,-1,2579,2575,2580,-1,2580,2575,2574,-1,2580,2574,2581,-1,2582,2583,2571,-1,2571,2583,2584,-1,2571,2584,2572,-1,2572,2584,2585,-1,2572,2585,2577,-1,2498,2586,2574,-1,2574,2586,2587,-1,2574,2587,2581,-1,2581,2587,2588,-1,2581,2588,2589,-1,2582,2571,2590,-1,2590,2571,2578,-1,2590,2578,2591,-1,2591,2578,2579,-1,2591,2579,2592,-1,2592,2579,2580,-1,2592,2580,2593,-1,2593,2580,2581,-1,2593,2581,2594,-1,2594,2581,2589,-1,2594,2589,2595,-1,2582,2505,2583,-1,2583,2505,2504,-1,2583,2504,2584,-1,2584,2504,2509,-1,2584,2509,2585,-1,2585,2509,2512,-1,2585,2512,2577,-1,2577,2512,2511,-1,2577,2511,2491,-1,2491,2511,2381,-1,2478,2387,2596,-1,2596,2387,2507,-1,2596,2507,2597,-1,2597,2507,2598,-1,2598,2507,2506,-1,2598,2506,2505,-1,2599,2600,2565,-1,2472,2514,2567,-1,2567,2514,2599,-1,2567,2599,2601,-1,2601,2599,2565,-1,2505,2582,2598,-1,2598,2582,2602,-1,2598,2602,1462,-1,2602,2603,1462,-1,1462,2603,2604,-1,1462,2604,2605,-1,2606,2607,1435,-1,2605,2608,1462,-1,1462,2608,2595,-1,1462,2595,1435,-1,1435,2595,2609,-1,1435,2609,2606,-1,2607,2610,1435,-1,1435,2610,2611,-1,1435,2611,2565,-1,2565,2611,2568,-1,2565,2568,2485,-1,2514,2467,2554,-1,2514,2554,2612,-1,2612,2554,2555,-1,2612,2555,2600,-1,1435,2565,1401,-1,1401,2565,2600,-1,1403,2555,1404,-1,1404,2555,2523,-1,2613,2556,2614,-1,1407,1401,1405,-1,1405,1401,2600,-1,1405,2600,1403,-1,1403,2600,2555,-1,1407,1409,1401,-1,1401,1409,1411,-1,1401,1411,1413,-1,1413,1415,1401,-1,1401,1415,1417,-1,1401,1417,1402,-1,1417,2615,1402,-1,1402,2615,2616,-1,1402,2616,2617,-1,2617,2618,1402,-1,1402,2618,2619,-1,1402,2619,2614,-1,2614,2619,2620,-1,2614,2620,2613,-1,2598,2614,2621,-1,2621,2614,2622,-1,2621,2622,2596,-1,2596,2622,2513,-1,2596,2513,2478,-1,2623,2614,2556,-1,2556,2557,2623,-1,2623,2557,2468,-1,2623,2468,2513,-1,2564,2546,2613,-1,2613,2546,2556,-1,1402,2614,1462,-1,1462,2614,2598,-1,2624,2625,2626,-1,2492,2570,2627,-1,2588,2587,2628,-1,2628,2587,2586,-1,2492,2627,2493,-1,2493,2627,2629,-1,2493,2629,2502,-1,2502,2629,2630,-1,2502,2630,2503,-1,2503,2630,2631,-1,2503,2631,2496,-1,2496,2631,2628,-1,2496,2628,2497,-1,2497,2628,2586,-1,2497,2586,2498,-1,2624,2626,2632,-1,2632,2626,2633,-1,2632,2633,2634,-1,2634,2633,2635,-1,2634,2635,2636,-1,2636,2635,2637,-1,2636,2637,2638,-1,2638,2637,2569,-1,2638,2569,2568,-1,2624,2595,2625,-1,2625,2595,2589,-1,2625,2589,2588,-1,2588,2628,2625,-1,2625,2628,2631,-1,2625,2631,2626,-1,2626,2631,2630,-1,2626,2630,2633,-1,2633,2630,2629,-1,2633,2629,2635,-1,2635,2629,2627,-1,2635,2627,2637,-1,2637,2627,2570,-1,2637,2570,2569,-1,1951,1952,2162,-1,2162,1952,2031,-1,2162,2031,2164,-1,2164,2031,2030,-1,2164,2030,2165,-1,2165,2030,2036,-1,2165,2036,2166,-1,2166,2036,2035,-1,2166,2035,2159,-1,2159,2035,2034,-1,2159,2034,2160,-1,2160,2034,2033,-1,2160,2033,2161,-1,2161,2033,2032,-1,2161,2032,1905,-1,1905,2032,1906,-1,1464,1463,2639,-1,1418,1469,2640,-1,2640,1469,2641,-1,2640,2641,2642,-1,2642,2641,2643,-1,2642,2643,2644,-1,2644,2643,2645,-1,2644,2645,2646,-1,2646,2645,2647,-1,2646,2647,2648,-1,2648,2647,2649,-1,2648,2649,2650,-1,2650,2649,2651,-1,2650,2651,2564,-1,2564,2651,2563,-1,1469,1471,2641,-1,2641,1471,2652,-1,2641,2652,2643,-1,2643,2652,2653,-1,2643,2653,2645,-1,2645,2653,2654,-1,2645,2654,2647,-1,2647,2654,2655,-1,2647,2655,2649,-1,2649,2655,2656,-1,2649,2656,2651,-1,2651,2656,2657,-1,2651,2657,2563,-1,2563,2657,2562,-1,2652,2658,2653,-1,2653,2658,2659,-1,2653,2659,2654,-1,2654,2659,2660,-1,2654,2660,2655,-1,2655,2660,2661,-1,2655,2661,2656,-1,2656,2661,2662,-1,2656,2662,2657,-1,2657,2662,2663,-1,2657,2663,2562,-1,2562,2663,2561,-1,1471,1477,2652,-1,2652,1477,1481,-1,2652,1481,2658,-1,2658,1481,2664,-1,2658,2664,2659,-1,2659,2664,2665,-1,2659,2665,2660,-1,2660,2665,2666,-1,2660,2666,2661,-1,2661,2666,2667,-1,2661,2667,2662,-1,2662,2667,2668,-1,2662,2668,2663,-1,2663,2668,2669,-1,2663,2669,2561,-1,2561,2669,2560,-1,1481,1485,2664,-1,2664,1485,2670,-1,2664,2670,2665,-1,2665,2670,2671,-1,2665,2671,2666,-1,2666,2671,2672,-1,2666,2672,2667,-1,2667,2672,2673,-1,2667,2673,2668,-1,2668,2673,2674,-1,2668,2674,2669,-1,2669,2674,2675,-1,2669,2675,2560,-1,2560,2675,2559,-1,1485,1464,2670,-1,2670,1464,2639,-1,2670,2639,2671,-1,2671,2639,2676,-1,2671,2676,2672,-1,2672,2676,2677,-1,2672,2677,2673,-1,2673,2677,2678,-1,2673,2678,2674,-1,2674,2678,2679,-1,2674,2679,2675,-1,2675,2679,2680,-1,2675,2680,2559,-1,2559,2680,2558,-1,1463,1507,2639,-1,2639,1507,2549,-1,2639,2549,2676,-1,2676,2549,2553,-1,2676,2553,2677,-1,2677,2553,2552,-1,2677,2552,2678,-1,2678,2552,2548,-1,2678,2548,2679,-1,2679,2548,2547,-1,2679,2547,2680,-1,2680,2547,2551,-1,2680,2551,2558,-1,2558,2551,2550,-1,1417,1418,2615,-1,2615,1418,2640,-1,2615,2640,2616,-1,2616,2640,2642,-1,2616,2642,2617,-1,2617,2642,2644,-1,2617,2644,2618,-1,2618,2644,2646,-1,2618,2646,2619,-1,2619,2646,2648,-1,2619,2648,2620,-1,2620,2648,2650,-1,2620,2650,2613,-1,2613,2650,2564,-1,
        ]
    }
}